mtllib model_31.mtl
o model_31
v 24.710363388061523 0.28190848231315613 -29.77048110961914 
v 24.68648910522461 0.28190848231315613 -29.764972686767578 
v 24.710363388061523 9.30176830291748 -29.77048110961914 
v 24.68648910522461 9.30176830291748 -29.764972686767578 
v 24.710363388061523 9.413641929626465 -29.77048110961914 
v 24.68648910522461 9.413641929626465 -29.764972686767578 
v 24.710363388061523 9.42534065246582 -29.77048110961914 
v 24.68648910522461 9.42534065246582 -29.764972686767578 
v 24.710363388061523 9.442456245422363 -29.77048110961914 
v 24.68648910522461 9.442456245422363 -29.764972686767578 
v 24.710363388061523 9.45931625366211 -29.77048110961914 
v 24.68648910522461 9.45931625366211 -29.764972686767578 
v 24.710363388061523 9.470257759094238 -29.77048110961914 
v 24.68648910522461 9.470257759094238 -29.764972686767578 
v 24.710363388061523 9.507246017456055 -29.77048110961914 
v 24.68648910522461 9.507246017456055 -29.764972686767578 
v 24.710363388061523 9.758390426635742 -29.77048110961914 
v 24.68648910522461 9.758390426635742 -29.764972686767578 
v 24.68648910522461 16.532424926757812 -29.764972686767578 
v 24.650054931640625 9.758390426635742 -29.74844741821289 
v 24.650054931640625 16.532424926757812 -29.74844741821289 
v 24.593185424804688 16.532424926757812 -29.72200584411621 
v 24.593185424804688 16.568174362182617 -29.72200584411621 
v 24.52623748779297 16.568174362182617 -29.69005584716797 
v 24.528636932373047 16.600223541259766 -29.685649871826172 
v 24.46125030517578 16.60022735595703 -29.65369987487793 
v 24.535837173461914 16.61090850830078 -29.670225143432617 
v 24.466489791870117 16.61090850830078 -29.637174606323242 
v 24.543434143066406 16.61090850830078 -29.65369987487793 
v 24.472047805786133 16.61090850830078 -29.620649337768555 
v 24.547033309936523 16.61090850830078 -29.64598846435547 
v 24.474687576293945 16.61090850830078 -29.611835479736328 
v 24.568750381469727 16.61090850830078 -29.599716186523438 
v 24.490564346313477 16.61090850830078 -29.562257766723633 
v 24.630659103393555 16.61090850830078 -29.46640968322754 
v 24.535797119140625 16.61090850830078 -29.422340393066406 
v 24.715482711791992 16.61090850830078 -29.28462791442871 
v 24.601703643798828 16.61090850830078 -29.23174476623535 
v 24.679489135742188 16.61090850830078 -29.03233528137207 
v 24.572229385375977 16.61090850830078 -28.981657028198242 
v 24.656694412231445 16.61090850830078 -28.77783966064453 
v 24.50284194946289 16.61090850830078 -28.94970703125 
v 24.584707260131836 16.61090850830078 -28.744789123535156 
v 24.465049743652344 16.60022735595703 -28.932079315185547 
v 24.545475006103516 16.60022735595703 -28.72606086730957 
v 24.53239631652832 16.568174362182617 -28.720552444458008 
v 24.638816833496094 16.568174362182617 -28.52665138244629 
v 24.52623748779297 16.532424926757812 -29.69005584716797 
v 24.459489822387695 16.568174362182617 -29.659208297729492 
v 24.404020309448242 16.600223541259766 -29.62725830078125 
v 24.40765953063965 16.61090850830078 -29.60963249206543 
v 24.41145896911621 16.61090850830078 -29.592004776000977 
v 24.413299560546875 16.61090850830078 -29.58319091796875 
v 24.424217224121094 16.61090850830078 -29.531410217285156 
v 24.455291748046875 16.61090850830078 -29.3848819732666 
v 24.5051212310791 16.61090850830078 -29.186574935913086 
v 24.44269371032715 16.61090850830078 -29.157930374145508 
v 24.408658981323242 16.600223541259766 -29.14140510559082 
v 24.452411651611328 16.568174362182617 -28.926570892333984 
v 24.403261184692383 16.61090850830078 -29.360645294189453 
v 24.38126564025879 16.61090850830078 -29.511579513549805 
v 24.373586654663086 16.61090850830078 -29.56446075439453 
v 24.37230682373047 16.61090850830078 -29.573274612426758 
v 24.369586944580078 16.61090850830078 -29.592004776000977 
v 24.367027282714844 16.600223541259766 -29.60963249206543 
v 24.366188049316406 16.568174362182617 -29.616241455078125 
v 24.402820587158203 16.568174362182617 -29.632766723632812 
v 24.366188049316406 16.532424926757812 -29.616241455078125 
v 24.402820587158203 16.532424926757812 -29.632766723632812 
v 24.402820587158203 9.758390426635742 -29.632766723632812 
v 24.459489822387695 16.532424926757812 -29.659208297729492 
v 24.459489822387695 9.758390426635742 -29.659208297729492 
v 24.52623748779297 9.758390426635742 -29.69005584716797 
v 24.459489822387695 9.507246017456055 -29.659208297729492 
v 24.52623748779297 9.507246017456055 -29.69005584716797 
v 24.459489822387695 9.470257759094238 -29.659208297729492 
v 24.52623748779297 9.470257759094238 -29.69005584716797 
v 24.459489822387695 9.45931625366211 -29.659208297729492 
v 24.52623748779297 9.45931625366211 -29.69005584716797 
v 24.459489822387695 9.442456245422363 -29.659208297729492 
v 24.52623748779297 9.442456245422363 -29.69005584716797 
v 24.459489822387695 9.42534065246582 -29.659208297729492 
v 24.52623748779297 9.42534065246582 -29.69005584716797 
v 24.459489822387695 9.413641929626465 -29.659208297729492 
v 24.52623748779297 9.413641929626465 -29.69005584716797 
v 24.459489822387695 9.30176830291748 -29.659208297729492 
v 24.52623748779297 9.30176830291748 -29.69005584716797 
v 24.459489822387695 0.28190848231315613 -29.659208297729492 
v 24.52623748779297 0.28190848231315613 -29.69005584716797 
v 24.402820587158203 0.28190848231315613 -29.632766723632812 
v 24.402820587158203 9.30176830291748 -29.632766723632812 
v 24.402820587158203 9.413641929626465 -29.632766723632812 
v 24.402820587158203 9.42534065246582 -29.632766723632812 
v 24.402820587158203 9.442456245422363 -29.632766723632812 
v 24.402820587158203 9.45931625366211 -29.632766723632812 
v 24.402820587158203 9.470257759094238 -29.632766723632812 
v 24.402820587158203 9.507246017456055 -29.632766723632812 
v 24.366188049316406 0.28190848231315613 -29.616241455078125 
v 24.366188049316406 9.30176830291748 -29.616241455078125 
v 24.366188049316406 9.413641929626465 -29.616241455078125 
v 24.366188049316406 9.42534065246582 -29.616241455078125 
v 24.366188049316406 9.442456245422363 -29.616241455078125 
v 24.366188049316406 9.45931625366211 -29.616241455078125 
v 24.366188049316406 9.470257759094238 -29.616241455078125 
v 24.366188049316406 9.507246017456055 -29.616241455078125 
v 24.366188049316406 9.758390426635742 -29.616241455078125 
v 24.346830368041992 9.758390426635742 -29.600818634033203 
v 24.346830368041992 16.532424926757812 -29.600818634033203 
v 24.341951370239258 16.532424926757812 -29.579885482788086 
v 24.346830368041992 16.568174362182617 -29.600818634033203 
v 24.341951370239258 16.568174362182617 -29.579885482788086 
v 24.352550506591797 16.591917037963867 -29.598613739013672 
v 24.3488712310791 16.60022735595703 -29.58319091796875 
v 24.346830368041992 9.507246017456055 -29.600818634033203 
v 24.346830368041992 9.470257759094238 -29.600818634033203 
v 24.346830368041992 9.45931625366211 -29.600818634033203 
v 24.346830368041992 9.442456245422363 -29.600818634033203 
v 24.346830368041992 9.42534065246582 -29.600818634033203 
v 24.346830368041992 9.413641929626465 -29.600818634033203 
v 24.346830368041992 9.30176830291748 -29.600818634033203 
v 24.341951370239258 9.30176830291748 -29.579885482788086 
v 24.341951370239258 9.413641929626465 -29.579885482788086 
v 24.341951370239258 9.42534065246582 -29.579885482788086 
v 24.341951370239258 9.442456245422363 -29.579885482788086 
v 24.341951370239258 9.45931625366211 -29.579885482788086 
v 24.341951370239258 9.470257759094238 -29.579885482788086 
v 24.341951370239258 9.507246017456055 -29.579885482788086 
v 24.341951370239258 9.758390426635742 -29.579885482788086 
v 24.34383201599121 9.758390426635742 -29.560054779052734 
v 24.34383201599121 16.532424926757812 -29.560054779052734 
v 24.344711303710938 16.532424926757812 -29.551240921020508 
v 24.34383201599121 16.568174362182617 -29.560054779052734 
v 24.344711303710938 16.568174362182617 -29.551240921020508 
v 24.350950241088867 16.60022735595703 -29.5633602142334 
v 24.351909637451172 16.60022735595703 -29.554546356201172 
v 24.34383201599121 9.507246017456055 -29.560054779052734 
v 24.34383201599121 9.470257759094238 -29.560054779052734 
v 24.34383201599121 9.45931625366211 -29.560054779052734 
v 24.34383201599121 9.442456245422363 -29.560054779052734 
v 24.34383201599121 9.42534065246582 -29.560054779052734 
v 24.34383201599121 9.413641929626465 -29.560054779052734 
v 24.34383201599121 9.30176830291748 -29.560054779052734 
v 24.34383201599121 0.28190848231315613 -29.560054779052734 
v 24.341951370239258 0.28190848231315613 -29.579885482788086 
v 24.344711303710938 0.28190848231315613 -29.551240921020508 
v 24.344711303710938 9.30176830291748 -29.551240921020508 
v 24.344711303710938 9.413641929626465 -29.551240921020508 
v 24.344711303710938 9.42534065246582 -29.551240921020508 
v 24.344711303710938 9.442456245422363 -29.551240921020508 
v 24.344711303710938 9.45931625366211 -29.551240921020508 
v 24.344711303710938 9.470257759094238 -29.551240921020508 
v 24.344711303710938 9.507246017456055 -29.551240921020508 
v 24.344711303710938 9.758390426635742 -29.551240921020508 
v 24.35007095336914 16.532424926757812 -29.497257232666016 
v 24.35007095336914 16.568174362182617 -29.497257232666016 
v 24.35787010192871 16.600223541259766 -29.50056266784668 
v 24.35007095336914 9.30176830291748 -29.497257232666016 
v 24.35007095336914 9.413641929626465 -29.497257232666016 
v 24.348711013793945 9.424365997314453 -29.51488494873047 
v 24.345670700073242 9.442456245422363 -29.54903793334961 
v 24.348711013793945 9.460380554199219 -29.51488494873047 
v 24.35007095336914 9.470257759094238 -29.497257232666016 
v 24.35007095336914 9.507246017456055 -29.497257232666016 
v 24.35007095336914 9.758390426635742 -29.497257232666016 
v 24.365386962890625 9.30176830291748 -29.343017578125 
v 24.365386962890625 9.413641929626465 -29.343017578125 
v 24.36606788635254 9.420382499694824 -29.343017578125 
v 24.35287094116211 9.427587509155273 -29.49615478515625 
v 24.368066787719727 9.42263412475586 -29.343017578125 
v 24.361907958984375 9.427587509155273 -29.497257232666016 
v 24.377025604248047 9.422629356384277 -29.344120025634766 
v 24.383625030517578 9.427587509155273 -29.50056266784668 
v 24.398582458496094 9.42263412475586 -29.34742546081543 
v 24.405620574951172 9.427587509155273 -29.502765655517578 
v 24.420377731323242 9.422629356384277 -29.35072898864746 
v 24.41541862487793 9.427587509155273 -29.503868103027344 
v 24.43013572692871 9.42263412475586 -29.352933883666992 
v 24.421297073364258 9.431442260742188 -29.46420669555664 
v 24.43289566040039 9.427587509155273 -29.352933883666992 
v 24.4182186126709 9.442456245422363 -29.503868103027344 
v 24.433855056762695 9.442456245422363 -29.352933883666992 
v 24.421297073364258 9.453465461730957 -29.46420669555664 
v 24.43289566040039 9.457320213317871 -29.352933883666992 
v 24.41541862487793 9.457320213317871 -29.503868103027344 
v 24.43013572692871 9.462278366088867 -29.352933883666992 
v 24.405620574951172 9.457320213317871 -29.502765655517578 
v 24.420377731323242 9.462278366088867 -29.35072898864746 
v 24.383625030517578 9.457320213317871 -29.50056266784668 
v 24.398582458496094 9.462278366088867 -29.34742546081543 
v 24.361907958984375 9.457320213317871 -29.497257232666016 
v 24.377025604248047 9.462278366088867 -29.344120025634766 
v 24.35287094116211 9.457320213317871 -29.49615478515625 
v 24.368066787719727 9.462278366088867 -29.343017578125 
v 24.36606788635254 9.464274406433105 -29.343017578125 
v 24.365386962890625 9.470257759094238 -29.343017578125 
v 24.365386962890625 9.507246017456055 -29.343017578125 
v 24.365386962890625 9.758390426635742 -29.343017578125 
v 24.365386962890625 0.28190848231315613 -29.343017578125 
v 24.397302627563477 9.30176830291748 -29.135896682739258 
v 24.397302627563477 9.413641929626465 -29.135896682739258 
v 24.39794158935547 9.42038631439209 -29.13699722290039 
v 24.39990234375 9.422629356384277 -29.13699722290039 
v 24.40873908996582 9.42263412475586 -29.139202117919922 
v 24.429895401000977 9.422629356384277 -29.14360809326172 
v 24.451332092285156 9.42263412475586 -29.14801597595215 
v 24.46088981628418 9.422629356384277 -29.150218963623047 
v 24.46364974975586 9.427587509155273 -29.15131950378418 
v 24.464529037475586 9.442456245422363 -29.15131950378418 
v 24.46364974975586 9.457320213317871 -29.15131950378418 
v 24.46088981628418 9.462278366088867 -29.150218963623047 
v 24.451332092285156 9.462278366088867 -29.14801597595215 
v 24.429895401000977 9.462278366088867 -29.14360809326172 
v 24.40873908996582 9.462278366088867 -29.139202117919922 
v 24.39990234375 9.462278366088867 -29.13699722290039 
v 24.39794158935547 9.464274406433105 -29.13699722290039 
v 24.397302627563477 9.470257759094238 -29.135896682739258 
v 24.397302627563477 9.507246017456055 -29.135896682739258 
v 24.397302627563477 9.758390426635742 -29.135896682739258 
v 24.452411651611328 9.30176830291748 -28.926570892333984 
v 24.452411651611328 9.413641929626465 -28.926570892333984 
v 24.453052520751953 9.420382499694824 -28.926570892333984 
v 24.454971313476562 9.42263412475586 -28.926570892333984 
v 24.463489532470703 9.422629356384277 -28.92987632751465 
v 24.483966827392578 9.42263412475586 -28.936487197875977 
v 24.504722595214844 9.422629356384277 -28.943096160888672 
v 24.513999938964844 9.42263412475586 -28.946401596069336 
v 24.516639709472656 9.427587509155273 -28.9475040435791 
v 24.517518997192383 9.442456245422363 -28.9475040435791 
v 24.516639709472656 9.457320213317871 -28.9475040435791 
v 24.513999938964844 9.462278366088867 -28.946401596069336 
v 24.504722595214844 9.462278366088867 -28.943096160888672 
v 24.483966827392578 9.462278366088867 -28.936487197875977 
v 24.463489532470703 9.462278366088867 -28.92987632751465 
v 24.454971313476562 9.462278366088867 -28.926570892333984 
v 24.453052520751953 9.464274406433105 -28.926570892333984 
v 24.452411651611328 9.470257759094238 -28.926570892333984 
v 24.452411651611328 9.507246017456055 -28.926570892333984 
v 24.452411651611328 9.758390426635742 -28.926570892333984 
v 24.452451705932617 0.28190848231315613 -28.926570892333984 
v 24.53239631652832 9.30176830291748 -28.720552444458008 
v 24.53239631652832 9.413641929626465 -28.720552444458008 
v 24.532997131347656 9.42038631439209 -28.720552444458008 
v 24.534835815429688 9.422629356384277 -28.72165298461914 
v 24.54295539855957 9.42263412475586 -28.724958419799805 
v 24.562471389770508 9.422629356384277 -28.73377227783203 
v 24.58226776123047 9.42263412475586 -28.74368667602539 
v 24.591106414794922 9.422629356384277 -28.746992111206055 
v 24.593626022338867 9.427587509155273 -28.749197006225586 
v 24.594465255737305 9.442456245422363 -28.749197006225586 
v 24.593626022338867 9.457320213317871 -28.749197006225586 
v 24.591106414794922 9.462278366088867 -28.746992111206055 
v 24.58226776123047 9.462278366088867 -28.74368667602539 
v 24.562471389770508 9.462278366088867 -28.73377227783203 
v 24.54295539855957 9.462278366088867 -28.724958419799805 
v 24.534835815429688 9.462278366088867 -28.72165298461914 
v 24.532997131347656 9.464274406433105 -28.720552444458008 
v 24.53239631652832 9.470257759094238 -28.720552444458008 
v 24.53239631652832 9.507246017456055 -28.720552444458008 
v 24.53239631652832 9.758390426635742 -28.720552444458008 
v 24.638816833496094 9.30176830291748 -28.52665138244629 
v 24.638816833496094 9.413641929626465 -28.52665138244629 
v 24.63937759399414 9.420382499694824 -28.52665138244629 
v 24.641096115112305 9.42263412475586 -28.527751922607422 
v 24.64869499206543 9.422629356384277 -28.53215980529785 
v 24.667051315307617 9.42263412475586 -28.54427719116211 
v 24.68564796447754 9.422629356384277 -28.555295944213867 
v 24.693927764892578 9.42263412475586 -28.56080436706543 
v 24.696327209472656 9.427587509155273 -28.561904907226562 
v 24.697086334228516 9.442456245422363 -28.563007354736328 
v 24.696327209472656 9.457320213317871 -28.561904907226562 
v 24.693927764892578 9.462278366088867 -28.56080436706543 
v 24.68564796447754 9.462278366088867 -28.555295944213867 
v 24.667051315307617 9.462278366088867 -28.54427719116211 
v 24.64869499206543 9.462278366088867 -28.53215980529785 
v 24.641096115112305 9.462278366088867 -28.527751922607422 
v 24.63937759399414 9.464274406433105 -28.52665138244629 
v 24.638816833496094 9.470257759094238 -28.52665138244629 
v 24.638816833496094 9.507246017456055 -28.52665138244629 
v 24.638816833496094 9.758390426635742 -28.52665138244629 
v 24.638816833496094 0.28190848231315613 -28.52665138244629 
v 24.76459312438965 9.30176830291748 -28.349275588989258 
v 24.76459312438965 9.413641929626465 -28.349275588989258 
v 24.765153884887695 9.42038631439209 -28.349275588989258 
v 24.766754150390625 9.422629356384277 -28.350378036499023 
v 24.77387237548828 9.42263412475586 -28.355886459350586 
v 24.791109085083008 9.422629356384277 -28.36910629272461 
v 24.80850601196289 9.42263412475586 -28.382326126098633 
v 24.816265106201172 9.422629356384277 -28.38893699645996 
v 24.818504333496094 9.427587509155273 -28.390039443969727 
v 24.819223403930664 9.442456245422363 -28.39113998413086 
v 24.818504333496094 9.457320213317871 -28.390039443969727 
v 24.816265106201172 9.462278366088867 -28.38893699645996 
v 24.80850601196289 9.462278366088867 -28.382326126098633 
v 24.791109085083008 9.462278366088867 -28.36910629272461 
v 24.77387237548828 9.462278366088867 -28.355886459350586 
v 24.766754150390625 9.462278366088867 -28.350378036499023 
v 24.765153884887695 9.464274406433105 -28.349275588989258 
v 24.76459312438965 9.470257759094238 -28.349275588989258 
v 24.76459312438965 9.507246017456055 -28.349275588989258 
v 24.76459312438965 9.758390426635742 -28.349275588989258 
v 24.902769088745117 9.30176830291748 -28.191730499267578 
v 24.902769088745117 9.413641929626465 -28.191730499267578 
v 24.903287887573242 9.420382499694824 -28.191730499267578 
v 24.904808044433594 9.42263412475586 -28.192832946777344 
v 24.91156768798828 9.422629356384277 -28.19944190979004 
v 24.92792320251465 9.42263412475586 -28.213764190673828 
v 24.944480895996094 9.422629356384277 -28.228086471557617 
v 24.951879501342773 9.42263412475586 -28.234697341918945 
v 24.953998565673828 9.427587509155273 -28.236900329589844 
v 24.954679489135742 9.442456245422363 -28.236900329589844 
v 24.953998565673828 9.457320213317871 -28.236900329589844 
v 24.951879501342773 9.462278366088867 -28.234697341918945 
v 24.944480895996094 9.462278366088867 -28.228086471557617 
v 24.92792320251465 9.462278366088867 -28.213764190673828 
v 24.91156768798828 9.462278366088867 -28.19944190979004 
v 24.904808044433594 9.462278366088867 -28.192832946777344 
v 24.903287887573242 9.464274406433105 -28.191730499267578 
v 24.902769088745117 9.470257759094238 -28.191730499267578 
v 24.902769088745117 9.507246017456055 -28.191730499267578 
v 24.902769088745117 9.758390426635742 -28.191730499267578 
v 24.902769088745117 0.28190848231315613 -28.191730499267578 
v 25.012067794799805 9.30176830291748 -28.079357147216797 
v 25.012067794799805 9.413641929626465 -28.079357147216797 
v 25.024986267089844 9.424365997314453 -28.067237854003906 
v 25.01298713684082 9.427587509155273 -28.082660675048828 
v 25.019546508789062 9.427587509155273 -28.088171005249023 
v 25.035383224487305 9.427587509155273 -28.103593826293945 
v 25.051380157470703 9.427587509155273 -28.1190185546875 
v 25.05854034423828 9.427587509155273 -28.125627517700195 
v 25.032424926757812 9.431442260742188 -28.15537452697754 
v 25.060619354248047 9.442456245422363 -28.127832412719727 
v 25.032424926757812 9.453465461730957 -28.15537452697754 
v 25.05854034423828 9.457320213317871 -28.125627517700195 
v 25.051380157470703 9.457320213317871 -28.1190185546875 
v 25.035383224487305 9.457320213317871 -28.103593826293945 
v 25.019546508789062 9.457320213317871 -28.088171005249023 
v 25.01298713684082 9.457320213317871 -28.082660675048828 
v 25.024986267089844 9.460380554199219 -28.067237854003906 
v 25.012067794799805 9.470257759094238 -28.079357147216797 
v 25.012067794799805 9.507246017456055 -28.079357147216797 
v 25.012067794799805 9.758390426635742 -28.079357147216797 
v 25.094093322753906 9.442456245422363 -28.089271545410156 
v 25.08701515197754 9.442456245422363 -28.082660675048828 
v 25.071176528930664 9.442456245422363 -28.067237854003906 
v 25.055540084838867 9.442456245422363 -28.05181312561035 
v 25.049020767211914 9.442456245422363 -28.045204162597656 
v 25.048662185668945 9.442456245422363 -28.042999267578125 
v 25.051340103149414 9.442456245422363 -28.039695739746094 
v 25.051340103149414 9.42534065246582 -28.039695739746094 
v 25.05821990966797 9.42534065246582 -28.031982421875 
v 25.05821990966797 9.413641929626465 -28.031982421875 
v 25.070337295532227 9.413641929626465 -28.019865036010742 
v 25.070337295532227 9.30176830291748 -28.019865036010742 
v 25.088054656982422 9.30176830291748 -28.011051177978516 
v 25.070337295532227 0.28190848231315613 -28.019865036010742 
v 25.088054656982422 0.28190848231315613 -28.011051177978516 
v 25.051340103149414 9.413641929626465 -28.039695739746094 
v 25.05821990966797 9.30176830291748 -28.031982421875 
v 25.051340103149414 9.30176830291748 -28.039695739746094 
v 25.05821990966797 0.28190848231315613 -28.031982421875 
v 25.051340103149414 0.28190848231315613 -28.039695739746094 
v 25.012067794799805 0.28190848231315613 -28.079357147216797 
v 24.365386962890625 16.568174362182617 -29.343017578125 
v 24.374866485595703 16.600223541259766 -29.34742546081543 
v 24.397302627563477 16.568174362182617 -29.135896682739258 
v 25.012067794799805 9.758390426635742 4.4585466384887695 
v 25.1763973236084 9.758390426635742 4.535666465759277 
v 25.012067794799805 16.532424926757812 4.4585466384887695 
v 25.1763973236084 16.532424926757812 4.535666465759277 
v 24.902769088745117 9.758390426635742 4.570920944213867 
v 25.067058563232422 9.758390426635742 4.646939277648926 
v 25.012067794799805 9.758390426635742 4.4585466384887695 
v 25.1763973236084 9.758390426635742 4.535666465759277 
v 24.76459312438965 9.758390426635742 4.728465557098389 
v 24.928922653198242 9.758390426635742 4.804483413696289 
v 24.902769088745117 9.758390426635742 4.570920944213867 
v 25.067058563232422 9.758390426635742 4.646939277648926 
v 24.593185424804688 0.28190848231315613 -29.72200584411621 
v 24.593185424804688 9.30176830291748 -29.72200584411621 
v 24.650054931640625 9.30176830291748 -29.74844741821289 
v 24.650054931640625 9.413641929626465 -29.74844741821289 
v 24.593185424804688 9.413641929626465 -29.72200584411621 
v 24.593185424804688 9.42534065246582 -29.72200584411621 
v 24.593185424804688 9.442456245422363 -29.72200584411621 
v 24.593185424804688 9.45931625366211 -29.72200584411621 
v 24.593185424804688 9.470257759094238 -29.72200584411621 
v 24.593185424804688 9.507246017456055 -29.72200584411621 
v 24.593185424804688 9.758390426635742 -29.72200584411621 
v 24.650054931640625 9.507246017456055 -29.74844741821289 
v 24.650054931640625 9.470257759094238 -29.74844741821289 
v 24.650054931640625 9.45931625366211 -29.74844741821289 
v 24.650054931640625 9.442456245422363 -29.74844741821289 
v 24.650054931640625 9.42534065246582 -29.74844741821289 
v 24.346830368041992 0.28190848231315613 -29.600818634033203 
v 24.650054931640625 0.28190848231315613 -29.74844741821289 
v 24.397302627563477 0.28190848231315613 -29.135896682739258 
v 24.53239631652832 0.28190848231315613 -28.720552444458008 
v 24.76459312438965 0.28190848231315613 -28.349275588989258 
v 24.410539627075195 9.442456245422363 -29.553443908691406 
v 24.40066146850586 9.442456245422363 -29.553443908691406 
v 24.378625869750977 9.442456245422363 -29.551240921020508 
v 24.356868743896484 9.442456245422363 -29.54903793334961 
v 24.34779167175293 9.442456245422363 -29.547935485839844 
v 24.696725845336914 9.758390426635742 5.175759792327881 
v 24.53239631652832 9.758390426635742 5.0997419357299805 
v 24.616741180419922 9.758390426635742 5.381779670715332 
v 24.452411651611328 9.758390426635742 5.305761814117432 
v 24.35007095336914 9.758390426635742 5.876447677612305 
v 24.514400482177734 9.758390426635742 5.953567028045654 
v 24.365386962890625 9.758390426635742 5.722208023071289 
v 24.52971839904785 9.758390426635742 5.7982258796691895 
v 24.365386962890625 9.758390426635742 5.722208023071289 
v 24.52971839904785 9.758390426635742 5.7982258796691895 
v 24.397302627563477 9.758390426635742 5.516188144683838 
v 24.56159210205078 9.758390426635742 5.5922064781188965 
v 25.451107025146484 0.28190848231315613 -28.180713653564453 
v 25.456106185913086 0.28190848231315613 -28.19944190979004 
v 25.451107025146484 9.30176830291748 -28.180713653564453 
v 25.456106185913086 9.30176830291748 -28.19944190979004 
v 25.456106185913086 9.413641929626465 -28.19944190979004 
v 25.454425811767578 9.413641929626465 -28.217069625854492 
v 25.454425811767578 9.42534065246582 -28.217069625854492 
v 25.453426361083984 9.413641929626465 -28.226985931396484 
v 25.453426361083984 9.42534065246582 -28.226985931396484 
v 25.447908401489258 9.413641929626465 -28.28207015991211 
v 25.447908401489258 9.42534065246582 -28.28207015991211 
v 25.432470321655273 9.413641929626465 -28.438514709472656 
v 25.432470321655273 9.42534065246582 -28.438514709472656 
v 25.400476455688477 9.413641929626465 -28.6456356048584 
v 25.400476455688477 9.42534065246582 -28.6456356048584 
v 25.345327377319336 9.413641929626465 -28.856061935424805 
v 25.345327377319336 9.42534065246582 -28.856061935424805 
v 25.265380859375 9.413641929626465 -29.062082290649414 
v 25.265380859375 9.42534065246582 -29.062082290649414 
v 25.158960342407227 9.413641929626465 -29.255983352661133 
v 25.158960342407227 9.42534065246582 -29.255983352661133 
v 25.03330421447754 9.413641929626465 -29.43335723876953 
v 25.03330421447754 9.42534065246582 -29.43335723876953 
v 24.895648956298828 9.413641929626465 -29.589801788330078 
v 24.895648956298828 9.42534065246582 -29.589801788330078 
v 24.787189483642578 9.413641929626465 -29.701072692871094 
v 24.787189483642578 9.42534065246582 -29.701072692871094 
v 24.749156951904297 9.42534065246582 -29.739633560180664 
v 24.749156951904297 9.442456245422363 -29.739633560180664 
v 24.74283790588379 9.442456245422363 -29.746244430541992 
v 24.74283790588379 9.45931625366211 -29.746244430541992 
v 24.729520797729492 9.442456245422363 -29.76056671142578 
v 24.729520797729492 9.45931625366211 -29.76056671142578 
v 24.710363388061523 9.442456245422363 -29.77048110961914 
v 24.710363388061523 9.45931625366211 -29.77048110961914 
v 24.729520797729492 9.470257759094238 -29.76056671142578 
v 24.74283790588379 9.470257759094238 -29.746244430541992 
v 24.749156951904297 9.45931625366211 -29.739633560180664 
v 24.787189483642578 9.442456245422363 -29.701072692871094 
v 24.895648956298828 9.442456245422363 -29.589801788330078 
v 25.03330421447754 9.442456245422363 -29.43335723876953 
v 25.158960342407227 9.442456245422363 -29.255983352661133 
v 25.265380859375 9.442456245422363 -29.062082290649414 
v 25.345327377319336 9.442456245422363 -28.856061935424805 
v 25.400476455688477 9.442456245422363 -28.6456356048584 
v 25.432470321655273 9.442456245422363 -28.438514709472656 
v 25.447908401489258 9.442456245422363 -28.28207015991211 
v 25.453426361083984 9.442456245422363 -28.226985931396484 
v 25.454425811767578 9.442456245422363 -28.217069625854492 
v 25.456106185913086 9.42534065246582 -28.19944190979004 
v 25.451107025146484 9.413641929626465 -28.180713653564453 
v 24.74283790588379 9.507246017456055 -29.746244430541992 
v 24.749156951904297 9.470257759094238 -29.739633560180664 
v 24.787189483642578 9.45931625366211 -29.701072692871094 
v 24.895648956298828 9.45931625366211 -29.589801788330078 
v 25.03330421447754 9.45931625366211 -29.43335723876953 
v 25.158960342407227 9.45931625366211 -29.255983352661133 
v 25.265380859375 9.45931625366211 -29.062082290649414 
v 25.345327377319336 9.45931625366211 -28.856061935424805 
v 25.400476455688477 9.45931625366211 -28.6456356048584 
v 25.432470321655273 9.45931625366211 -28.438514709472656 
v 25.447908401489258 9.45931625366211 -28.28207015991211 
v 25.453426361083984 9.45931625366211 -28.226985931396484 
v 25.454425811767578 9.45931625366211 -28.217069625854492 
v 25.456106185913086 9.442456245422363 -28.19944190979004 
v 25.451107025146484 9.42534065246582 -28.180713653564453 
v 24.749156951904297 9.507246017456055 -29.739633560180664 
v 24.787189483642578 9.470257759094238 -29.701072692871094 
v 24.895648956298828 9.470257759094238 -29.589801788330078 
v 25.03330421447754 9.470257759094238 -29.43335723876953 
v 25.158960342407227 9.470257759094238 -29.255983352661133 
v 25.265380859375 9.470257759094238 -29.062082290649414 
v 25.345327377319336 9.470257759094238 -28.856061935424805 
v 25.400476455688477 9.470257759094238 -28.6456356048584 
v 25.432470321655273 9.470257759094238 -28.438514709472656 
v 25.447908401489258 9.470257759094238 -28.28207015991211 
v 25.453426361083984 9.470257759094238 -28.226985931396484 
v 25.454425811767578 9.470257759094238 -28.217069625854492 
v 25.456106185913086 9.45931625366211 -28.19944190979004 
v 25.451107025146484 9.442456245422363 -28.180713653564453 
v 24.787189483642578 9.507246017456055 -29.701072692871094 
v 24.895648956298828 9.507246017456055 -29.589801788330078 
v 25.03330421447754 9.507246017456055 -29.43335723876953 
v 25.158960342407227 9.507246017456055 -29.255983352661133 
v 25.265380859375 9.507246017456055 -29.062082290649414 
v 25.345327377319336 9.507246017456055 -28.856061935424805 
v 25.400476455688477 9.507246017456055 -28.6456356048584 
v 25.432470321655273 9.507246017456055 -28.438514709472656 
v 25.447908401489258 9.507246017456055 -28.28207015991211 
v 25.453426361083984 9.507246017456055 -28.226985931396484 
v 25.454425811767578 9.507246017456055 -28.217069625854492 
v 25.456106185913086 9.470257759094238 -28.19944190979004 
v 25.451107025146484 9.45931625366211 -28.180713653564453 
v 24.895648956298828 9.758390426635742 -29.589801788330078 
v 25.03330421447754 9.758390426635742 -29.43335723876953 
v 25.158960342407227 9.758390426635742 -29.255983352661133 
v 25.265380859375 9.758390426635742 -29.062082290649414 
v 25.345327377319336 9.758390426635742 -28.856061935424805 
v 25.400476455688477 9.758390426635742 -28.6456356048584 
v 25.432470321655273 9.758390426635742 -28.438514709472656 
v 25.447908401489258 9.758390426635742 -28.28207015991211 
v 25.453426361083984 9.758390426635742 -28.226985931396484 
v 25.454425811767578 9.758390426635742 -28.217069625854492 
v 25.456106185913086 9.507246017456055 -28.19944190979004 
v 25.451107025146484 9.470257759094238 -28.180713653564453 
v 24.787189483642578 9.758390426635742 -29.701072692871094 
v 24.895648956298828 16.532424926757812 -29.589801788330078 
v 25.03330421447754 16.532424926757812 -29.43335723876953 
v 25.158960342407227 16.532424926757812 -29.255983352661133 
v 25.03330421447754 16.568174362182617 -29.43335723876953 
v 25.158960342407227 16.568174362182617 -29.255983352661133 
v 25.022146224975586 16.600223541259766 -29.42784881591797 
v 25.146522521972656 16.60022735595703 -29.249372482299805 
v 24.749156951904297 9.758390426635742 -29.739633560180664 
v 24.74283790588379 9.758390426635742 -29.746244430541992 
v 24.729520797729492 9.507246017456055 -29.76056671142578 
v 24.710363388061523 9.470257759094238 -29.77048110961914 
v 24.710363388061523 9.507246017456055 -29.77048110961914 
v 24.729520797729492 9.758390426635742 -29.76056671142578 
v 24.729520797729492 16.532424926757812 -29.76056671142578 
v 24.74283790588379 16.532424926757812 -29.746244430541992 
v 24.729520797729492 16.568174362182617 -29.76056671142578 
v 24.74283790588379 16.568174362182617 -29.746244430541992 
v 24.722721099853516 16.60022735595703 -29.757261276245117 
v 24.73583984375 16.600223541259766 -29.742938995361328 
v 24.749156951904297 16.532424926757812 -29.739633560180664 
v 24.749156951904297 16.568174362182617 -29.739633560180664 
v 24.787189483642578 16.532424926757812 -29.701072692871094 
v 24.787189483642578 16.568174362182617 -29.701072692871094 
v 24.895648956298828 16.568174362182617 -29.589801788330078 
v 24.74207878112793 16.600223541259766 -29.736328125 
v 24.779510498046875 16.60022735595703 -29.697769165039062 
v 24.88633155822754 16.600223541259766 -29.58539390563965 
v 24.708404541015625 16.591917037963867 -29.763870239257812 
v 24.710363388061523 16.568174362182617 -29.77048110961914 
v 24.710363388061523 16.532424926757812 -29.77048110961914 
v 24.710363388061523 9.758390426635742 -29.77048110961914 
v 24.710363388061523 9.42534065246582 -29.77048110961914 
v 24.729520797729492 9.42534065246582 -29.76056671142578 
v 24.710363388061523 9.413641929626465 -29.77048110961914 
v 24.729520797729492 9.413641929626465 -29.76056671142578 
v 24.710363388061523 9.30176830291748 -29.77048110961914 
v 24.729520797729492 9.30176830291748 -29.76056671142578 
v 24.729520797729492 0.28190848231315613 -29.76056671142578 
v 24.74283790588379 9.30176830291748 -29.746244430541992 
v 24.74283790588379 0.28190848231315613 -29.746244430541992 
v 24.749156951904297 0.28190848231315613 -29.739633560180664 
v 24.74283790588379 9.42534065246582 -29.746244430541992 
v 24.74283790588379 9.413641929626465 -29.746244430541992 
v 24.749156951904297 9.413641929626465 -29.739633560180664 
v 24.749156951904297 9.30176830291748 -29.739633560180664 
v 24.787189483642578 9.30176830291748 -29.701072692871094 
v 24.895648956298828 9.30176830291748 -29.589801788330078 
v 24.787189483642578 0.28190848231315613 -29.701072692871094 
v 24.895648956298828 0.28190848231315613 -29.589801788330078 
v 25.03330421447754 9.30176830291748 -29.43335723876953 
v 25.03330421447754 0.28190848231315613 -29.43335723876953 
v 25.158960342407227 0.28190848231315613 -29.255983352661133 
v 25.158960342407227 9.30176830291748 -29.255983352661133 
v 25.265380859375 9.30176830291748 -29.062082290649414 
v 25.345327377319336 9.30176830291748 -28.856061935424805 
v 25.400476455688477 9.30176830291748 -28.6456356048584 
v 25.432470321655273 9.30176830291748 -28.438514709472656 
v 25.447908401489258 9.30176830291748 -28.28207015991211 
v 25.453426361083984 9.30176830291748 -28.226985931396484 
v 25.454425811767578 9.30176830291748 -28.217069625854492 
v 25.454425811767578 0.28190848231315613 -28.217069625854492 
v 25.453426361083984 0.28190848231315613 -28.226985931396484 
v 25.447908401489258 0.28190848231315613 -28.28207015991211 
v 25.432470321655273 0.28190848231315613 -28.438514709472656 
v 25.400476455688477 0.28190848231315613 -28.6456356048584 
v 25.345327377319336 0.28190848231315613 -28.856061935424805 
v 25.26534080505371 0.28190848231315613 -29.062082290649414 
v 24.35007095336914 0.28190848231315613 -29.497257232666016 
v 25.451107025146484 0.28190848231315613 4.559904098510742 
v 25.451107025146484 9.30176830291748 4.559904098510742 
v 25.456106185913086 0.28190848231315613 4.5786333084106445 
v 25.456106185913086 9.30176830291748 4.5786333084106445 
v 25.454425811767578 9.30176830291748 4.5962605476379395 
v 25.454425811767578 9.413641929626465 4.5962605476379395 
v 25.453426361083984 9.30176830291748 4.606175899505615 
v 25.453426361083984 9.413641929626465 4.606175899505615 
v 25.447908401489258 9.30176830291748 4.662363052368164 
v 25.447908401489258 9.413641929626465 4.662363052368164 
v 25.432470321655273 9.30176830291748 4.817704200744629 
v 25.432470321655273 9.413641929626465 4.817704200744629 
v 25.400476455688477 9.30176830291748 5.024825572967529 
v 25.400476455688477 9.413641929626465 5.024825572967529 
v 25.345327377319336 9.30176830291748 5.235252380371094 
v 25.345327377319336 9.413641929626465 5.235252380371094 
v 25.265380859375 9.30176830291748 5.441271781921387 
v 25.265380859375 9.413641929626465 5.441271781921387 
v 25.158960342407227 9.30176830291748 5.6351728439331055 
v 25.158960342407227 9.413641929626465 5.6351728439331055 
v 25.03330421447754 9.30176830291748 5.8125481605529785 
v 25.03330421447754 9.413641929626465 5.8125481605529785 
v 24.895648956298828 9.30176830291748 5.968991279602051 
v 24.895648956298828 9.413641929626465 5.968991279602051 
v 24.787189483642578 9.30176830291748 6.080263614654541 
v 24.787189483642578 9.413641929626465 6.080263614654541 
v 24.749156951904297 9.413641929626465 6.118823528289795 
v 24.749156951904297 9.42534065246582 6.118823528289795 
v 24.74283790588379 9.42534065246582 6.125433921813965 
v 24.74283790588379 9.442456245422363 6.125433921813965 
v 24.729520797729492 9.42534065246582 6.139756202697754 
v 24.729520797729492 9.442456245422363 6.139756202697754 
v 24.710363388061523 9.42534065246582 6.14967155456543 
v 24.710363388061523 9.442456245422363 6.14967155456543 
v 25.456106185913086 9.413641929626465 4.5786333084106445 
v 25.454425811767578 9.42534065246582 4.5962605476379395 
v 25.453426361083984 9.42534065246582 4.606175899505615 
v 25.447908401489258 9.42534065246582 4.662363052368164 
v 25.432470321655273 9.42534065246582 4.817704200744629 
v 25.400476455688477 9.42534065246582 5.024825572967529 
v 25.345327377319336 9.42534065246582 5.235252380371094 
v 25.265380859375 9.42534065246582 5.441271781921387 
v 25.158960342407227 9.42534065246582 5.6351728439331055 
v 25.03330421447754 9.42534065246582 5.8125481605529785 
v 24.895648956298828 9.42534065246582 5.968991279602051 
v 24.787189483642578 9.42534065246582 6.080263614654541 
v 24.749156951904297 9.442456245422363 6.118823528289795 
v 24.74283790588379 9.45931625366211 6.125433921813965 
v 24.729520797729492 9.45931625366211 6.139756202697754 
v 24.710363388061523 9.45931625366211 6.14967155456543 
v 25.456106185913086 9.42534065246582 4.5786333084106445 
v 25.454425811767578 9.442456245422363 4.5962605476379395 
v 25.453426361083984 9.442456245422363 4.606175899505615 
v 25.447908401489258 9.442456245422363 4.662363052368164 
v 25.432470321655273 9.442456245422363 4.817704200744629 
v 25.400476455688477 9.442456245422363 5.024825572967529 
v 25.345327377319336 9.442456245422363 5.235252380371094 
v 25.265380859375 9.442456245422363 5.441271781921387 
v 25.158960342407227 9.442456245422363 5.6351728439331055 
v 25.03330421447754 9.442456245422363 5.8125481605529785 
v 24.895648956298828 9.442456245422363 5.968991279602051 
v 24.787189483642578 9.442456245422363 6.080263614654541 
v 24.749156951904297 9.45931625366211 6.118823528289795 
v 24.74283790588379 9.470257759094238 6.125433921813965 
v 24.729520797729492 9.470257759094238 6.139756202697754 
v 24.710363388061523 9.470257759094238 6.14967155456543 
v 25.456106185913086 9.442456245422363 4.5786333084106445 
v 25.454425811767578 9.45931625366211 4.5962605476379395 
v 25.453426361083984 9.45931625366211 4.606175899505615 
v 25.447908401489258 9.45931625366211 4.662363052368164 
v 25.432470321655273 9.45931625366211 4.817704200744629 
v 25.400476455688477 9.45931625366211 5.024825572967529 
v 25.345327377319336 9.45931625366211 5.235252380371094 
v 25.265380859375 9.45931625366211 5.441271781921387 
v 25.158960342407227 9.45931625366211 5.6351728439331055 
v 25.03330421447754 9.45931625366211 5.8125481605529785 
v 24.895648956298828 9.45931625366211 5.968991279602051 
v 24.787189483642578 9.45931625366211 6.080263614654541 
v 24.749156951904297 9.470257759094238 6.118823528289795 
v 24.74283790588379 9.507246017456055 6.125433921813965 
v 24.729520797729492 9.507246017456055 6.139756202697754 
v 24.710363388061523 9.507246017456055 6.14967155456543 
v 25.456106185913086 9.45931625366211 4.5786333084106445 
v 25.454425811767578 9.470257759094238 4.5962605476379395 
v 25.453426361083984 9.470257759094238 4.606175899505615 
v 25.447908401489258 9.470257759094238 4.662363052368164 
v 25.432470321655273 9.470257759094238 4.817704200744629 
v 25.400476455688477 9.470257759094238 5.024825572967529 
v 25.345327377319336 9.470257759094238 5.235252380371094 
v 25.265380859375 9.470257759094238 5.441271781921387 
v 25.158960342407227 9.470257759094238 5.6351728439331055 
v 25.03330421447754 9.470257759094238 5.8125481605529785 
v 24.895648956298828 9.470257759094238 5.968991279602051 
v 24.787189483642578 9.470257759094238 6.080263614654541 
v 24.749156951904297 9.507246017456055 6.118823528289795 
v 24.74283790588379 9.758390426635742 6.125433921813965 
v 24.729520797729492 9.758390426635742 6.139756202697754 
v 24.710363388061523 9.758390426635742 6.14967155456543 
v 25.456106185913086 9.470257759094238 4.5786333084106445 
v 25.454425811767578 9.507246017456055 4.5962605476379395 
v 25.453426361083984 9.507246017456055 4.606175899505615 
v 25.447908401489258 9.507246017456055 4.662363052368164 
v 25.432470321655273 9.507246017456055 4.817704200744629 
v 25.400476455688477 9.507246017456055 5.024825572967529 
v 25.345327377319336 9.507246017456055 5.235252380371094 
v 25.265380859375 9.507246017456055 5.441271781921387 
v 25.158960342407227 9.507246017456055 5.6351728439331055 
v 25.03330421447754 9.507246017456055 5.8125481605529785 
v 24.895648956298828 9.507246017456055 5.968991279602051 
v 24.787189483642578 9.507246017456055 6.080263614654541 
v 24.749156951904297 9.758390426635742 6.118823528289795 
v 24.749156951904297 16.532424926757812 6.118823528289795 
v 24.74283790588379 16.532424926757812 6.125433921813965 
v 24.74283790588379 16.568174362182617 6.125433921813965 
v 24.729520797729492 16.568174362182617 6.139756202697754 
v 24.722721099853516 16.60022735595703 6.136451244354248 
v 24.708404541015625 16.591917037963867 6.14306116104126 
v 24.787189483642578 9.758390426635742 6.080263614654541 
v 24.895648956298828 9.758390426635742 5.968991279602051 
v 25.03330421447754 9.758390426635742 5.8125481605529785 
v 25.158960342407227 9.758390426635742 5.6351728439331055 
v 25.265380859375 9.758390426635742 5.441271781921387 
v 25.345327377319336 9.758390426635742 5.235252380371094 
v 25.400476455688477 9.758390426635742 5.024825572967529 
v 25.432470321655273 9.758390426635742 4.817704200744629 
v 25.447908401489258 9.758390426635742 4.662363052368164 
v 25.453426361083984 9.758390426635742 4.606175899505615 
v 25.454425811767578 9.758390426635742 4.5962605476379395 
v 25.456106185913086 9.507246017456055 4.5786333084106445 
v 25.451107025146484 9.470257759094238 4.559904098510742 
v 25.451107025146484 9.45931625366211 4.559904098510742 
v 24.895648956298828 16.532424926757812 5.968991279602051 
v 24.787189483642578 16.532424926757812 6.080263614654541 
v 24.749156951904297 16.568174362182617 6.118823528289795 
v 24.73583984375 16.600223541259766 6.122128963470459 
v 25.03330421447754 16.532424926757812 5.8125481605529785 
v 24.895648956298828 16.568174362182617 5.968991279602051 
v 25.03330421447754 16.568174362182617 5.8125481605529785 
v 24.88633155822754 16.600223541259766 5.9645843505859375 
v 25.022146224975586 16.600223541259766 5.807039737701416 
v 25.158960342407227 16.568174362182617 5.6351728439331055 
v 25.158960342407227 16.532424926757812 5.6351728439331055 
v 25.26534080505371 16.532424926757812 5.441271781921387 
v 25.345327377319336 16.532424926757812 5.235252380371094 
v 24.710363388061523 9.413641929626465 6.14967155456543 
v 24.729520797729492 9.413641929626465 6.139756202697754 
v 24.74283790588379 9.413641929626465 6.125433921813965 
v 24.749156951904297 9.30176830291748 6.118823528289795 
v 24.749156951904297 0.28190848231315613 6.118823528289795 
v 24.787189483642578 0.28190848231315613 6.080263614654541 
v 24.710363388061523 9.30176830291748 6.14967155456543 
v 24.729520797729492 9.30176830291748 6.139756202697754 
v 24.74283790588379 9.30176830291748 6.125433921813965 
v 24.729520797729492 0.28190848231315613 6.139756202697754 
v 24.710363388061523 0.28190848231315613 6.14967155456543 
v 24.74283790588379 0.28190848231315613 6.125433921813965 
v 24.779510498046875 16.60022735595703 6.076958656311035 
v 24.787189483642578 16.568174362182617 6.080263614654541 
v 24.74207878112793 16.600223541259766 6.115518569946289 
v 24.895648956298828 0.28190848231315613 5.968991279602051 
v 25.03330421447754 0.28190848231315613 5.8125481605529785 
v 25.158960342407227 0.28190848231315613 5.6351728439331055 
v 25.26534080505371 0.28190848231315613 5.441271781921387 
v 25.345327377319336 0.28190848231315613 5.235252380371094 
v 25.400476455688477 0.28190848231315613 5.024825572967529 
v 25.432470321655273 0.28190848231315613 4.817704200744629 
v 25.447908401489258 0.28190848231315613 4.662363052368164 
v 25.453426361083984 0.28190848231315613 4.606175899505615 
v 25.454425811767578 0.28190848231315613 4.5962605476379395 
v 25.146522521972656 16.60022735595703 5.628562927246094 
v 25.26534080505371 16.568174362182617 5.441271781921387 
v 25.252504348754883 16.600223541259766 5.434661865234375 
v 25.345327377319336 16.568174362182617 5.235252380371094 
v 25.332929611206055 16.60022735595703 5.229743480682373 
v 25.400476455688477 16.568174362182617 5.024825572967529 
v 25.389318466186523 16.600223541259766 5.019317150115967 
v 25.432470321655273 16.568174362182617 4.817704200744629 
v 25.423152923583984 16.60022735595703 4.813297271728516 
v 25.447908401489258 16.568174362182617 4.662363052368164 
v 25.440229415893555 16.600223541259766 4.657956123352051 
v 25.453426361083984 16.568174362182617 4.606175899505615 
v 25.446388244628906 16.600223541259766 4.602870464324951 
v 25.454425811767578 16.568174362182617 4.5962605476379395 
v 25.447467803955078 16.600223541259766 4.592955112457275 
v 25.456106185913086 16.568174362182617 4.5786333084106445 
v 25.4493465423584 16.60022735595703 4.5753278732299805 
v 25.451107025146484 16.568174362182617 4.559904098510742 
v 25.44550895690918 16.591917037963867 4.562107563018799 
v 25.400476455688477 16.532424926757812 5.024825572967529 
v 25.432470321655273 16.532424926757812 4.817704200744629 
v 25.447908401489258 16.532424926757812 4.662363052368164 
v 25.453426361083984 16.532424926757812 4.606175899505615 
v 25.454425811767578 16.532424926757812 4.5962605476379395 
v 25.456106185913086 16.532424926757812 4.5786333084106445 
v 25.451107025146484 16.532424926757812 4.559904098510742 
v 24.710363388061523 16.568174362182617 6.14967155456543 
v 24.729520797729492 16.532424926757812 6.139756202697754 
v 24.710363388061523 16.532424926757812 6.14967155456543 
v 25.451107025146484 9.507246017456055 -28.180713653564453 
v 25.456106185913086 9.758390426635742 -28.19944190979004 
v 25.451107025146484 9.758390426635742 -28.180713653564453 
v 25.456106185913086 16.532424926757812 -28.19944190979004 
v 25.451107025146484 16.532424926757812 -28.180713653564453 
v 25.456106185913086 16.568174362182617 -28.19944190979004 
v 25.451107025146484 16.568174362182617 -28.180713653564453 
v 25.4493465423584 16.60022735595703 -28.196138381958008 
v 25.44550895690918 16.591917037963867 -28.18291664123535 
v 25.447467803955078 16.600223541259766 -28.213764190673828 
v 25.454425811767578 16.568174362182617 -28.217069625854492 
v 25.446388244628906 16.600223541259766 -28.22368049621582 
v 25.453426361083984 16.568174362182617 -28.226985931396484 
v 25.440229415893555 16.600223541259766 -28.278766632080078 
v 25.447908401489258 16.568174362182617 -28.28207015991211 
v 25.423152923583984 16.60022735595703 -28.434106826782227 
v 25.432470321655273 16.568174362182617 -28.438514709472656 
v 25.389318466186523 16.600223541259766 -28.640127182006836 
v 25.400476455688477 16.568174362182617 -28.6456356048584 
v 25.332929611206055 16.60022735595703 -28.850553512573242 
v 25.345327377319336 16.568174362182617 -28.856061935424805 
v 25.252504348754883 16.600223541259766 -29.055471420288086 
v 25.26534080505371 16.568174362182617 -29.062082290649414 
v 25.454425811767578 16.532424926757812 -28.217069625854492 
v 25.453426361083984 16.532424926757812 -28.226985931396484 
v 25.447908401489258 16.532424926757812 -28.28207015991211 
v 25.432470321655273 16.532424926757812 -28.438514709472656 
v 25.400476455688477 16.532424926757812 -28.6456356048584 
v 25.345327377319336 16.532424926757812 -28.856061935424805 
v 25.26534080505371 16.532424926757812 -29.062082290649414 
v 24.710363388061523 16.532424926757812 -29.77048110961914 
v 24.68648910522461 16.568174362182617 -29.764972686767578 
v 24.710363388061523 16.568174362182617 -29.77048110961914 
v 24.690446853637695 16.600223541259766 -29.76056671142578 
v 24.708404541015625 16.591917037963867 -29.763870239257812 
v 24.702285766601562 16.61090850830078 -29.747344970703125 
v 24.722721099853516 16.60022735595703 -29.757261276245117 
v 24.71480369567871 16.61090850830078 -29.733022689819336 
v 24.73583984375 16.600223541259766 -29.742938995361328 
v 24.74207878112793 16.600223541259766 -29.736328125 
v 24.650054931640625 16.568174362182617 -29.74844741821289 
v 24.653654098510742 16.60022735595703 -29.74403953552246 
v 24.664451599121094 16.61090850830078 -29.729717254638672 
v 24.67584991455078 16.61090850830078 -29.715394973754883 
v 24.720762252807617 16.61090850830078 -29.72641372680664 
v 24.779510498046875 16.60022735595703 -29.697769165039062 
v 24.59622573852539 16.600223541259766 -29.71649742126465 
v 24.605382919311523 16.61090850830078 -29.70217514038086 
v 24.615020751953125 16.61090850830078 -29.686750411987305 
v 24.681249618530273 16.61090850830078 -29.708786010742188 
v 24.756515502929688 16.61090850830078 -29.686750411987305 
v 24.88633155822754 16.600223541259766 -29.58539390563965 
v 24.61962127685547 16.61090850830078 -29.68014144897461 
v 24.713804244995117 16.61090850830078 -29.666919708251953 
v 24.858417510986328 16.61090850830078 -29.573274612426758 
v 25.022146224975586 16.600223541259766 -29.42784881591797 
v 24.647214889526367 16.61090850830078 -29.636072158813477 
v 24.806625366210938 16.61090850830078 -29.54903793334961 
v 24.988632202148438 16.61090850830078 -29.412425994873047 
v 25.109331130981445 16.61090850830078 -29.232847213745117 
v 25.146522521972656 16.60022735595703 -29.249372482299805 
v 25.213871002197266 16.61090850830078 -29.037843704223633 
v 25.252504348754883 16.600223541259766 -29.055471420288086 
v 25.295696258544922 16.61090850830078 -28.83292579650879 
v 25.332929611206055 16.60022735595703 -28.850553512573242 
v 25.355804443359375 16.61090850830078 -28.62470245361328 
v 25.389318466186523 16.600223541259766 -28.640127182006836 
v 25.39523696899414 16.61090850830078 -28.420886993408203 
v 25.423152923583984 16.60022735595703 -28.434106826782227 
v 25.417272567749023 16.61090850830078 -28.268850326538086 
v 25.440229415893555 16.600223541259766 -28.278766632080078 
v 25.446388244628906 16.600223541259766 -28.22368049621582 
v 24.725841522216797 16.61090850830078 -29.51047706604004 
v 24.926523208618164 16.61090850830078 -29.382678985595703 
v 25.040342330932617 16.61090850830078 -29.19979476928711 
v 25.142324447631836 16.61090850830078 -29.004793167114258 
v 25.226709365844727 16.61090850830078 -28.800975799560547 
v 25.29373550415039 16.61090850830078 -28.596057891845703 
v 25.34352684020996 16.61090850830078 -28.396648406982422 
v 25.37472152709961 16.61090850830078 -28.24791717529297 
v 25.42519187927246 16.61090850830078 -28.213764190673828 
v 25.447467803955078 16.600223541259766 -28.213764190673828 
v 24.829622268676758 16.61090850830078 -29.337509155273438 
v 24.932682037353516 16.61090850830078 -29.150218963623047 
v 25.030624389648438 16.61090850830078 -28.9519100189209 
v 25.119049072265625 16.61090850830078 -28.75029754638672 
v 25.196834564208984 16.61090850830078 -28.550888061523438 
v 25.262821197509766 16.61090850830078 -28.359189987182617 
v 25.308332443237305 16.61090850830078 -28.217069625854492 
v 25.38591957092285 16.61090850830078 -28.195035934448242 
v 25.426591873168945 16.61090850830078 -28.20384979248047 
v 25.4493465423584 16.60022735595703 -28.196138381958008 
v 24.805906295776367 16.61090850830078 -29.090726852416992 
v 24.899089813232422 16.61090850830078 -28.89131736755371 
v 24.992271423339844 16.61090850830078 -28.690805435180664 
v 25.082735061645508 16.61090850830078 -28.496904373168945 
v 25.16775894165039 16.61090850830078 -28.315122604370117 
v 25.2301082611084 16.61090850830078 -28.180713653564453 
v 25.324689865112305 16.61090850830078 -28.166391372680664 
v 25.38791847229004 16.61090850830078 -28.186222076416016 
v 25.429031372070312 16.61090850830078 -28.18732452392578 
v 25.44550895690918 16.591917037963867 -28.18291664123535 
v 24.767953872680664 16.61090850830078 -28.829620361328125 
v 24.865856170654297 16.61090850830078 -28.632415771484375 
v 24.968955993652344 16.61090850830078 -28.44402313232422 
v 25.07297706604004 16.61090850830078 -28.271053314208984 
v 25.152122497558594 16.61090850830078 -28.144357681274414 
v 25.180557250976562 16.61090850830078 -28.09918785095215 
v 25.252504348754883 16.61090850830078 -28.13334083557129 
v 25.185556411743164 16.61090850830078 -28.091474533081055 
v 25.25642204284668 16.61090850830078 -28.124526977539062 
v 25.19431495666504 16.61090850830078 -28.077152252197266 
v 25.263341903686523 16.61090850830078 -28.110204696655273 
v 25.202312469482422 16.600223541259766 -28.065034866333008 
v 25.269620895385742 16.60022735595703 -28.095882415771484 
v 25.204992294311523 16.568174362182617 -28.060626983642578 
v 25.271739959716797 16.568174362182617 -28.091474533081055 
v 25.204992294311523 16.532424926757812 -28.060626983642578 
v 25.271739959716797 16.532424926757812 -28.091474533081055 
v 25.271739959716797 9.758390426635742 -28.091474533081055 
v 25.338687896728516 16.532424926757812 -28.123424530029297 
v 25.338687896728516 9.758390426635742 -28.123424530029297 
v 25.395557403564453 9.758390426635742 -28.149866104125977 
v 25.395557403564453 9.507246017456055 -28.149866104125977 
v 25.431989669799805 9.507246017456055 -28.166391372680664 
v 25.431989669799805 9.470257759094238 -28.166391372680664 
v 25.451107025146484 9.470257759094238 -28.180713653564453 
v 25.451107025146484 9.45931625366211 -28.180713653564453 
v 24.758594512939453 16.61090850830078 -28.58283805847168 
v 24.872413635253906 16.61090850830078 -28.398853302001953 
v 24.992591857910156 16.61090850830078 -28.233596801757812 
v 25.085973739624023 16.61090850830078 -28.113510131835938 
v 25.11952781677246 16.61090850830078 -28.07054328918457 
v 25.125408172607422 16.61090850830078 -28.063932418823242 
v 25.135765075683594 16.61090850830078 -28.05071258544922 
v 25.14520263671875 16.60022735595703 -28.038593292236328 
v 25.14832305908203 16.568174362182617 -28.0341854095459 
v 25.14832305908203 16.532424926757812 -28.0341854095459 
v 25.14832305908203 9.758390426635742 -28.0341854095459 
v 25.204992294311523 9.758390426635742 -28.060626983642578 
v 25.204992294311523 9.507246017456055 -28.060626983642578 
v 25.271739959716797 9.507246017456055 -28.091474533081055 
v 25.271739959716797 9.470257759094238 -28.091474533081055 
v 25.338687896728516 9.470257759094238 -28.123424530029297 
v 25.338687896728516 9.45931625366211 -28.123424530029297 
v 25.395557403564453 9.45931625366211 -28.149866104125977 
v 25.395557403564453 9.442456245422363 -28.149866104125977 
v 25.431989669799805 9.442456245422363 -28.166391372680664 
v 25.431989669799805 9.42534065246582 -28.166391372680664 
v 25.451107025146484 9.42534065246582 -28.180713653564453 
v 25.451107025146484 9.413641929626465 -28.180713653564453 
v 24.689247131347656 16.61090850830078 -28.549787521362305 
v 24.809986114501953 16.61090850830078 -28.370208740234375 
v 24.940561294555664 16.61090850830078 -28.20935821533203 
v 25.043182373046875 16.61090850830078 -28.093679428100586 
v 25.080055236816406 16.61090850830078 -28.052915573120117 
v 25.08649444580078 16.61090850830078 -28.045204162597656 
v 25.09785270690918 16.61090850830078 -28.033084869384766 
v 25.10824966430664 16.600223541259766 -28.020965576171875 
v 25.111690521240234 16.568174362182617 -28.016559600830078 
v 25.111690521240234 16.532424926757812 -28.016559600830078 
v 25.111690521240234 9.758390426635742 -28.016559600830078 
v 25.14832305908203 9.507246017456055 -28.0341854095459 
v 25.111690521240234 9.507246017456055 -28.016559600830078 
v 25.14832305908203 9.470257759094238 -28.0341854095459 
v 25.111690521240234 9.470257759094238 -28.016559600830078 
v 25.14832305908203 9.45931625366211 -28.0341854095459 
v 25.111690521240234 9.45931625366211 -28.016559600830078 
v 25.14832305908203 9.442456245422363 -28.0341854095459 
v 25.111690521240234 9.442456245422363 -28.016559600830078 
v 25.14832305908203 9.42534065246582 -28.0341854095459 
v 25.111690521240234 9.42534065246582 -28.016559600830078 
v 25.14832305908203 9.413641929626465 -28.0341854095459 
v 25.111690521240234 9.413641929626465 -28.016559600830078 
v 25.14832305908203 9.30176830291748 -28.0341854095459 
v 25.111690521240234 9.30176830291748 -28.016559600830078 
v 25.14832305908203 0.28190848231315613 -28.0341854095459 
v 25.111690521240234 0.28190848231315613 -28.016559600830078 
v 24.65141487121582 16.60022735595703 -28.53215980529785 
v 24.775951385498047 16.60022735595703 -28.353681564331055 
v 24.912206649780273 16.60022735595703 -28.196138381958008 
v 25.019866943359375 16.60022735595703 -28.082660675048828 
v 25.05854034423828 16.600223541259766 -28.042999267578125 
v 25.065298080444336 16.60022735595703 -28.035287857055664 
v 25.07721710205078 16.60022735595703 -28.023168563842773 
v 25.0904541015625 16.591917037963867 -28.016559600830078 
v 25.088054656982422 16.568174362182617 -28.011051177978516 
v 25.088054656982422 16.532424926757812 -28.011051177978516 
v 25.088054656982422 9.758390426635742 -28.011051177978516 
v 25.088054656982422 9.507246017456055 -28.011051177978516 
v 25.088054656982422 9.470257759094238 -28.011051177978516 
v 25.088054656982422 9.45931625366211 -28.011051177978516 
v 25.088054656982422 9.442456245422363 -28.011051177978516 
v 25.088054656982422 9.42534065246582 -28.011051177978516 
v 25.088054656982422 9.413641929626465 -28.011051177978516 
v 24.76459312438965 16.568174362182617 -28.349275588989258 
v 24.902769088745117 16.568174362182617 -28.191730499267578 
v 25.012067794799805 16.568174362182617 -28.079357147216797 
v 25.051340103149414 16.568174362182617 -28.039695739746094 
v 25.05821990966797 16.568174362182617 -28.031982421875 
v 25.070337295532227 16.568174362182617 -28.019865036010742 
v 25.051340103149414 16.532424926757812 -28.039695739746094 
v 25.05821990966797 16.532424926757812 -28.031982421875 
v 25.070337295532227 16.532424926757812 -28.019865036010742 
v 25.012067794799805 16.532424926757812 -28.079357147216797 
v 25.051340103149414 9.758390426635742 -28.039695739746094 
v 25.051340103149414 9.507246017456055 -28.039695739746094 
v 25.05821990966797 9.507246017456055 -28.031982421875 
v 25.05821990966797 9.470257759094238 -28.031982421875 
v 25.070337295532227 9.470257759094238 -28.019865036010742 
v 25.070337295532227 9.45931625366211 -28.019865036010742 
v 25.051340103149414 9.470257759094238 -28.039695739746094 
v 25.05821990966797 9.45931625366211 -28.031982421875 
v 25.070337295532227 9.442456245422363 -28.019865036010742 
v 25.051340103149414 9.45931625366211 -28.039695739746094 
v 25.05821990966797 9.442456245422363 -28.031982421875 
v 25.070337295532227 9.42534065246582 -28.019865036010742 
v 25.451107025146484 9.507246017456055 -28.180713653564453 
v 25.431989669799805 9.758390426635742 -28.166391372680664 
v 25.431989669799805 16.532424926757812 -28.166391372680664 
v 25.395557403564453 16.532424926757812 -28.149866104125977 
v 25.431989669799805 16.568174362182617 -28.166391372680664 
v 25.395557403564453 16.568174362182617 -28.149866104125977 
v 25.431230545043945 16.600223541259766 -28.171899795532227 
v 25.39451789855957 16.60022735595703 -28.154272079467773 
v 25.391357421875 16.61090850830078 -28.169696807861328 
v 25.332569122314453 16.61090850830078 -28.142154693603516 
v 25.327529907226562 16.61090850830078 -28.157577514648438 
v 25.451107025146484 16.568174362182617 -28.180713653564453 
v 25.451107025146484 16.532424926757812 -28.180713653564453 
v 25.451107025146484 9.758390426635742 -28.180713653564453 
v 25.204992294311523 0.28190848231315613 -28.060626983642578 
v 25.204992294311523 9.30176830291748 -28.060626983642578 
v 25.204992294311523 9.413641929626465 -28.060626983642578 
v 25.204992294311523 9.42534065246582 -28.060626983642578 
v 25.204992294311523 9.442456245422363 -28.060626983642578 
v 25.204992294311523 9.45931625366211 -28.060626983642578 
v 25.204992294311523 9.470257759094238 -28.060626983642578 
v 25.271739959716797 9.30176830291748 -28.091474533081055 
v 25.271739959716797 9.413641929626465 -28.091474533081055 
v 25.271739959716797 9.42534065246582 -28.091474533081055 
v 25.271739959716797 9.442456245422363 -28.091474533081055 
v 25.271739959716797 9.45931625366211 -28.091474533081055 
v 25.338687896728516 9.30176830291748 -28.123424530029297 
v 25.338687896728516 9.413641929626465 -28.123424530029297 
v 25.338687896728516 9.42534065246582 -28.123424530029297 
v 25.338687896728516 9.442456245422363 -28.123424530029297 
v 25.395557403564453 9.30176830291748 -28.149866104125977 
v 25.395557403564453 9.413641929626465 -28.149866104125977 
v 25.395557403564453 9.42534065246582 -28.149866104125977 
v 25.431989669799805 9.30176830291748 -28.166391372680664 
v 25.431989669799805 9.413641929626465 -28.166391372680664 
v 25.451107025146484 9.30176830291748 -28.180713653564453 
v 25.451107025146484 0.28190848231315613 -28.180713653564453 
v 25.431989669799805 0.28190848231315613 -28.166391372680664 
v 25.395557403564453 0.28190848231315613 -28.149866104125977 
v 25.338687896728516 0.28190848231315613 -28.123424530029297 
v 25.271739959716797 0.28190848231315613 -28.091474533081055 
v 25.338687896728516 9.507246017456055 -28.123424530029297 
v 25.395557403564453 9.470257759094238 -28.149866104125977 
v 25.431989669799805 9.45931625366211 -28.166391372680664 
v 25.451107025146484 9.442456245422363 -28.180713653564453 
v 25.337167739868164 16.600223541259766 -28.127832412719727 
v 25.338687896728516 16.568174362182617 -28.123424530029297 
v 25.451107025146484 9.507246017456055 4.559904098510742 
v 25.456106185913086 9.758390426635742 4.5786333084106445 
v 25.451107025146484 9.758390426635742 4.559904098510742 
v 24.616741180419922 9.758390426635742 -29.00259017944336 
v 24.56159210205078 9.758390426635742 -29.213016510009766 
v 24.452411651611328 9.758390426635742 -28.926570892333984 
v 24.397302627563477 9.758390426635742 -29.135896682739258 
v 24.8031063079834 9.758390426635742 4.981858730316162 
v 24.638816833496094 9.758390426635742 4.905840873718262 
v 24.696725845336914 9.758390426635742 5.175759792327881 
v 24.53239631652832 9.758390426635742 5.0997419357299805 
v 24.638816833496094 9.758390426635742 4.905840873718262 
v 24.8031063079834 9.758390426635742 4.981858730316162 
v 24.76459312438965 9.758390426635742 4.728465557098389 
v 24.928922653198242 9.758390426635742 4.804483413696289 
v 24.452411651611328 9.758390426635742 -28.926570892333984 
v 24.53239631652832 9.758390426635742 -28.720552444458008 
v 24.616741180419922 9.758390426635742 -29.00259017944336 
v 24.696725845336914 9.758390426635742 -28.79656982421875 
v 24.8031063079834 9.758390426635742 -28.60266876220703 
v 24.696725845336914 9.758390426635742 -28.79656982421875 
v 24.638816833496094 9.758390426635742 -28.52665138244629 
v 24.53239631652832 9.758390426635742 -28.720552444458008 
v 25.067058563232422 16.568174362182617 4.646939277648926 
v 24.902769088745117 16.568174362182617 4.570920944213867 
v 25.1763973236084 16.568174362182617 4.535666465759277 
v 25.012067794799805 16.568174362182617 4.4585466384887695 
v 24.514400482177734 16.568174362182617 -29.574377059936523 
v 24.52971839904785 16.568174362182617 -29.419034957885742 
v 24.35007095336914 16.568174362182617 -29.497257232666016 
v 24.365386962890625 16.568174362182617 -29.343017578125 
v 24.514400482177734 16.532424926757812 5.953567028045654 
v 24.35007095336914 16.532424926757812 5.876447677612305 
v 24.514400482177734 16.568174362182617 5.953567028045654 
v 24.35007095336914 16.568174362182617 5.876447677612305 
v 25.1763973236084 16.568174362182617 4.535666465759277 
v 25.012067794799805 16.568174362182617 4.4585466384887695 
v 25.1763973236084 16.532424926757812 4.535666465759277 
v 25.012067794799805 16.532424926757812 4.4585466384887695 
v 25.067058563232422 9.758390426635742 -28.267749786376953 
v 24.928922653198242 9.758390426635742 -28.42529296875 
v 24.902769088745117 9.758390426635742 -28.191730499267578 
v 24.76459312438965 9.758390426635742 -28.349275588989258 
v 24.928922653198242 16.568174362182617 4.804483413696289 
v 24.76459312438965 16.568174362182617 4.728465557098389 
v 25.067058563232422 16.568174362182617 4.646939277648926 
v 24.902769088745117 16.568174362182617 4.570920944213867 
v 24.52971839904785 9.758390426635742 -29.419034957885742 
v 24.514400482177734 9.758390426635742 -29.574377059936523 
v 24.365386962890625 9.758390426635742 -29.343017578125 
v 24.35007095336914 9.758390426635742 -29.497257232666016 
v 25.1763973236084 16.568174362182617 -28.156476974487305 
v 25.1763973236084 16.532424926757812 -28.156476974487305 
v 25.012067794799805 16.568174362182617 -28.079357147216797 
v 25.012067794799805 16.532424926757812 -28.079357147216797 
v 25.451107025146484 9.442456245422363 4.559904098510742 
v 25.451107025146484 9.42534065246582 4.559904098510742 
v 25.451107025146484 9.413641929626465 4.559904098510742 
v 24.696725845336914 16.568174362182617 -28.79656982421875 
v 24.8031063079834 16.568174362182617 -28.60266876220703 
v 24.53239631652832 16.568174362182617 -28.720552444458008 
v 24.638816833496094 16.568174362182617 -28.52665138244629 
v 24.35007095336914 16.532424926757812 -29.497257232666016 
v 24.35007095336914 9.758390426635742 -29.497257232666016 
v 24.514400482177734 16.532424926757812 -29.574377059936523 
v 24.514400482177734 9.758390426635742 -29.574377059936523 
v 25.070337295532227 9.507246017456055 -28.019865036010742 
v 25.05821990966797 9.758390426635742 -28.031982421875 
v 25.070337295532227 9.758390426635742 -28.019865036010742 
v 25.012067794799805 16.568174362182617 -28.079357147216797 
v 24.902769088745117 16.568174362182617 -28.191730499267578 
v 25.1763973236084 16.568174362182617 -28.156476974487305 
v 25.067058563232422 16.568174362182617 -28.267749786376953 
v 24.928922653198242 16.568174362182617 -28.42529296875 
v 25.067058563232422 16.568174362182617 -28.267749786376953 
v 24.76459312438965 16.568174362182617 -28.349275588989258 
v 24.902769088745117 16.568174362182617 -28.191730499267578 
v 24.8031063079834 16.568174362182617 -28.60266876220703 
v 24.928922653198242 16.568174362182617 -28.42529296875 
v 24.638816833496094 16.568174362182617 -28.52665138244629 
v 24.76459312438965 16.568174362182617 -28.349275588989258 
v 25.1763973236084 16.532424926757812 -28.156476974487305 
v 25.1763973236084 9.758390426635742 -28.156476974487305 
v 25.012067794799805 16.532424926757812 -28.079357147216797 
v 25.012067794799805 9.758390426635742 -28.079357147216797 
v 24.53239631652832 16.568174362182617 -28.720552444458008 
v 24.452411651611328 16.568174362182617 -28.926570892333984 
v 24.696725845336914 16.568174362182617 -28.79656982421875 
v 24.616741180419922 16.568174362182617 -29.00259017944336 
v 24.452411651611328 16.568174362182617 -28.926570892333984 
v 24.397302627563477 16.568174362182617 -29.135896682739258 
v 24.616741180419922 16.568174362182617 -29.00259017944336 
v 24.56159210205078 16.568174362182617 -29.213016510009766 
v 24.638816833496094 16.568174362182617 4.905840873718262 
v 24.8031063079834 16.568174362182617 4.981858730316162 
v 24.53239631652832 16.568174362182617 5.0997419357299805 
v 24.696725845336914 16.568174362182617 5.175759792327881 
v 24.452411651611328 16.568174362182617 5.305761814117432 
v 24.616741180419922 16.568174362182617 5.381779670715332 
v 24.397302627563477 16.568174362182617 5.516188144683838 
v 24.56159210205078 16.568174362182617 5.5922064781188965 
v 24.365386962890625 16.568174362182617 5.722208023071289 
v 24.52971839904785 16.568174362182617 5.7982258796691895 
v 24.35007095336914 16.568174362182617 5.876447677612305 
v 24.514400482177734 16.568174362182617 5.953567028045654 
v 24.928922653198242 9.758390426635742 -28.42529296875 
v 24.8031063079834 9.758390426635742 -28.60266876220703 
v 24.76459312438965 9.758390426635742 -28.349275588989258 
v 24.638816833496094 9.758390426635742 -28.52665138244629 
v 25.1763973236084 9.758390426635742 -28.156476974487305 
v 25.067058563232422 9.758390426635742 -28.267749786376953 
v 25.012067794799805 9.758390426635742 -28.079357147216797 
v 24.902769088745117 9.758390426635742 -28.191730499267578 
v 24.52971839904785 16.568174362182617 -29.419034957885742 
v 24.56159210205078 16.568174362182617 -29.213016510009766 
v 24.365386962890625 16.568174362182617 -29.343017578125 
v 24.397302627563477 16.568174362182617 -29.135896682739258 
v 24.76459312438965 16.568174362182617 4.728465557098389 
v 24.928922653198242 16.568174362182617 4.804483413696289 
v 24.638816833496094 16.568174362182617 4.905840873718262 
v 24.8031063079834 16.568174362182617 4.981858730316162 
v 24.56159210205078 9.758390426635742 -29.213016510009766 
v 24.52971839904785 9.758390426635742 -29.419034957885742 
v 24.397302627563477 9.758390426635742 -29.135896682739258 
v 24.365386962890625 9.758390426635742 -29.343017578125 
v 24.397302627563477 9.758390426635742 5.516188144683838 
v 24.56159210205078 9.758390426635742 5.5922064781188965 
v 24.452411651611328 9.758390426635742 5.305761814117432 
v 24.616741180419922 9.758390426635742 5.381779670715332 
v 24.35007095336914 16.568174362182617 -29.497257232666016 
v 24.35007095336914 16.532424926757812 -29.497257232666016 
v 24.514400482177734 16.568174362182617 -29.574377059936523 
v 24.514400482177734 16.532424926757812 -29.574377059936523 
v 24.710363388061523 0.28190848231315613 6.14967155456543 
v 24.710363388061523 9.30176830291748 6.14967155456543 
v 24.68648910522461 0.28190848231315613 6.144163131713867 
v 24.68648910522461 9.30176830291748 6.144163131713867 
v 24.650054931640625 9.30176830291748 6.1276373863220215 
v 24.68648910522461 9.413641929626465 6.144163131713867 
v 24.650054931640625 9.413641929626465 6.1276373863220215 
v 24.68648910522461 9.42534065246582 6.144163131713867 
v 24.650054931640625 9.42534065246582 6.1276373863220215 
v 24.68648910522461 9.442456245422363 6.144163131713867 
v 24.650054931640625 9.442456245422363 6.1276373863220215 
v 24.68648910522461 9.45931625366211 6.144163131713867 
v 24.650054931640625 9.45931625366211 6.1276373863220215 
v 24.68648910522461 9.470257759094238 6.144163131713867 
v 24.650054931640625 9.470257759094238 6.1276373863220215 
v 24.68648910522461 9.507246017456055 6.144163131713867 
v 24.650054931640625 9.507246017456055 6.1276373863220215 
v 24.68648910522461 9.758390426635742 6.144163131713867 
v 24.650054931640625 9.758390426635742 6.1276373863220215 
v 24.68648910522461 16.532424926757812 6.144163131713867 
v 24.650054931640625 16.532424926757812 6.1276373863220215 
v 24.650054931640625 16.568174362182617 6.1276373863220215 
v 24.593185424804688 16.568174362182617 6.1011962890625 
v 24.59622573852539 16.600223541259766 6.0956878662109375 
v 24.528636932373047 16.600223541259766 6.064839839935303 
v 24.535837173461914 16.61090850830078 6.0494160652160645 
v 24.46125030517578 16.60022735595703 6.032890319824219 
v 24.466489791870117 16.61090850830078 6.016364574432373 
v 24.404020309448242 16.600223541259766 6.006449222564697 
v 24.40765953063965 16.61090850830078 5.988821983337402 
v 24.367027282714844 16.600223541259766 5.988821983337402 
v 24.369586944580078 16.61090850830078 5.971194744110107 
v 24.352550506591797 16.591917037963867 5.977804660797119 
v 24.3488712310791 16.60022735595703 5.962380886077881 
v 24.341951370239258 16.568174362182617 5.959075927734375 
v 24.34383201599121 16.568174362182617 5.939244747161865 
v 24.34383201599121 16.532424926757812 5.939244747161865 
v 24.344711303710938 16.532424926757812 5.930431365966797 
v 24.34383201599121 9.758390426635742 5.939244747161865 
v 24.344711303710938 9.758390426635742 5.930431365966797 
v 24.344711303710938 9.507246017456055 5.930431365966797 
v 24.35007095336914 9.507246017456055 5.876447677612305 
v 24.35007095336914 9.470257759094238 5.876447677612305 
v 24.365386962890625 9.470257759094238 5.722208023071289 
v 24.36606788635254 9.464274406433105 5.722208023071289 
v 24.39794158935547 9.464274406433105 5.516188144683838 
v 24.39990234375 9.462278366088867 5.516188144683838 
v 24.454971313476562 9.462278366088867 5.305761814117432 
v 24.463489532470703 9.462278366088867 5.3090667724609375 
v 24.54295539855957 9.462278366088867 5.104148864746094 
v 24.562471389770508 9.462278366088867 5.112962245941162 
v 24.667051315307617 9.462278366088867 4.923468112945557 
v 24.68564796447754 9.462278366088867 4.93448543548584 
v 24.80850601196289 9.462278366088867 4.76151704788208 
v 24.816265106201172 9.462278366088867 4.768126964569092 
v 24.951879501342773 9.462278366088867 4.613887786865234 
v 24.953998565673828 9.457320213317871 4.616091251373291 
v 25.032424926757812 9.453465461730957 4.53456449508667 
v 25.060619354248047 9.442456245422363 4.507021903991699 
v 25.05854034423828 9.457320213317871 4.504818439483643 
v 25.094093322753906 9.442456245422363 4.468461990356445 
v 25.051380157470703 9.457320213317871 4.498208045959473 
v 25.08701515197754 9.442456245422363 4.461851596832275 
v 25.035383224487305 9.457320213317871 4.482784271240234 
v 25.071176528930664 9.442456245422363 4.446427822113037 
v 25.019546508789062 9.457320213317871 4.467360496520996 
v 25.055540084838867 9.442456245422363 4.431004047393799 
v 25.01298713684082 9.457320213317871 4.461851596832275 
v 25.049020767211914 9.442456245422363 4.424393653869629 
v 25.024986267089844 9.460380554199219 4.446427822113037 
v 25.048662185668945 9.442456245422363 4.422190189361572 
v 25.051340103149414 9.442456245422363 4.418885231018066 
v 25.051340103149414 9.42534065246582 4.418885231018066 
v 25.05821990966797 9.42534065246582 4.411173343658447 
v 25.05821990966797 9.413641929626465 4.411173343658447 
v 25.070337295532227 9.413641929626465 4.399054527282715 
v 25.070337295532227 9.30176830291748 4.399054527282715 
v 25.088054656982422 9.30176830291748 4.3913421630859375 
v 25.070337295532227 0.28190848231315613 4.399054527282715 
v 25.088054656982422 0.28190848231315613 4.3913421630859375 
v 24.52623748779297 16.568174362182617 6.069246768951416 
v 24.459489822387695 16.568174362182617 6.038398742675781 
v 24.402820587158203 16.568174362182617 6.01195764541626 
v 24.366188049316406 16.568174362182617 5.995431900024414 
v 24.366188049316406 16.532424926757812 5.995431900024414 
v 24.346830368041992 16.532424926757812 5.980008125305176 
v 24.346830368041992 9.758390426635742 5.980008125305176 
v 24.341951370239258 16.532424926757812 5.959075927734375 
v 24.341951370239258 9.758390426635742 5.959075927734375 
v 24.34383201599121 9.507246017456055 5.939244747161865 
v 24.344711303710938 9.470257759094238 5.930431365966797 
v 24.348711013793945 9.460380554199219 5.895176410675049 
v 24.368066787719727 9.462278366088867 5.722208023071289 
v 24.40873908996582 9.462278366088867 5.5183916091918945 
v 24.483966827392578 9.462278366088867 5.315677165985107 
v 24.58226776123047 9.462278366088867 5.122877597808838 
v 24.693927764892578 9.462278366088867 4.939993858337402 
v 24.818504333496094 9.457320213317871 4.769228935241699 
v 24.954679489135742 9.442456245422363 4.616091251373291 
v 25.032424926757812 9.431442260742188 4.53456449508667 
v 25.05854034423828 9.427587509155273 4.504818439483643 
v 25.051380157470703 9.427587509155273 4.498208045959473 
v 25.035383224487305 9.427587509155273 4.482784271240234 
v 25.019546508789062 9.427587509155273 4.467360496520996 
v 25.01298713684082 9.427587509155273 4.461851596832275 
v 25.024986267089844 9.424365997314453 4.446427822113037 
v 25.051340103149414 9.413641929626465 4.418885231018066 
v 25.05821990966797 9.30176830291748 4.411173343658447 
v 24.953998565673828 9.427587509155273 4.616091251373291 
v 24.819223403930664 9.442456245422363 4.770330429077148 
v 24.696327209472656 9.457320213317871 4.94109582901001 
v 24.591106414794922 9.462278366088867 5.127284526824951 
v 24.504722595214844 9.462278366088867 5.322287082672119 
v 24.429895401000977 9.462278366088867 5.522798538208008 
v 24.377025604248047 9.462278366088867 5.724411487579346 
v 24.35287094116211 9.457320213317871 5.875345706939697 
v 24.345670700073242 9.442456245422363 5.92822790145874 
v 24.344711303710938 9.45931625366211 5.930431365966797 
v 24.344711303710938 9.442456245422363 5.930431365966797 
v 24.34383201599121 9.45931625366211 5.939244747161865 
v 24.34383201599121 9.442456245422363 5.939244747161865 
v 24.341951370239258 9.45931625366211 5.959075927734375 
v 24.341951370239258 9.442456245422363 5.959075927734375 
v 24.346830368041992 9.45931625366211 5.980008125305176 
v 24.346830368041992 9.442456245422363 5.980008125305176 
v 24.366188049316406 9.45931625366211 5.995431900024414 
v 24.366188049316406 9.442456245422363 5.995431900024414 
v 24.402820587158203 9.45931625366211 6.01195764541626 
v 24.402820587158203 9.442456245422363 6.01195764541626 
v 24.459489822387695 9.45931625366211 6.038398742675781 
v 24.459489822387695 9.442456245422363 6.038398742675781 
v 24.52623748779297 9.45931625366211 6.069246768951416 
v 24.52623748779297 9.442456245422363 6.069246768951416 
v 24.593185424804688 9.45931625366211 6.1011962890625 
v 24.593185424804688 9.442456245422363 6.1011962890625 
v 24.818504333496094 9.427587509155273 4.769228935241699 
v 24.697086334228516 9.442456245422363 4.942197322845459 
v 24.593626022338867 9.457320213317871 5.128386497497559 
v 24.513999938964844 9.462278366088867 5.325592517852783 
v 24.451332092285156 9.462278366088867 5.527205467224121 
v 24.398582458496094 9.462278366088867 5.727716445922852 
v 24.361907958984375 9.457320213317871 5.876447677612305 
v 24.34779167175293 9.442456245422363 5.927125930786133 
v 24.348711013793945 9.424365997314453 5.895176410675049 
v 24.344711303710938 9.42534065246582 5.930431365966797 
v 24.34383201599121 9.42534065246582 5.939244747161865 
v 24.341951370239258 9.42534065246582 5.959075927734375 
v 24.346830368041992 9.42534065246582 5.980008125305176 
v 24.366188049316406 9.42534065246582 5.995431900024414 
v 24.402820587158203 9.42534065246582 6.01195764541626 
v 24.459489822387695 9.42534065246582 6.038398742675781 
v 24.52623748779297 9.42534065246582 6.069246768951416 
v 24.593185424804688 9.42534065246582 6.1011962890625 
v 24.35007095336914 9.413641929626465 5.876447677612305 
v 24.344711303710938 9.413641929626465 5.930431365966797 
v 24.34383201599121 9.413641929626465 5.939244747161865 
v 24.341951370239258 9.413641929626465 5.959075927734375 
v 24.346830368041992 9.413641929626465 5.980008125305176 
v 24.366188049316406 9.413641929626465 5.995431900024414 
v 24.402820587158203 9.413641929626465 6.01195764541626 
v 24.459489822387695 9.413641929626465 6.038398742675781 
v 24.52623748779297 9.413641929626465 6.069246768951416 
v 24.593185424804688 9.413641929626465 6.1011962890625 
v 24.35007095336914 9.30176830291748 5.876447677612305 
v 24.344711303710938 9.30176830291748 5.930431365966797 
v 24.34383201599121 9.30176830291748 5.939244747161865 
v 24.341951370239258 9.30176830291748 5.959075927734375 
v 24.346830368041992 9.30176830291748 5.980008125305176 
v 24.366188049316406 9.30176830291748 5.995431900024414 
v 24.402820587158203 9.30176830291748 6.01195764541626 
v 24.459489822387695 9.30176830291748 6.038398742675781 
v 24.52623748779297 9.30176830291748 6.069246768951416 
v 24.593185424804688 9.30176830291748 6.1011962890625 
v 24.365386962890625 9.30176830291748 5.722208023071289 
v 24.365386962890625 9.413641929626465 5.722208023071289 
v 24.397302627563477 9.30176830291748 5.516188144683838 
v 24.397302627563477 9.413641929626465 5.516188144683838 
v 24.452411651611328 9.30176830291748 5.305761814117432 
v 24.452411651611328 9.413641929626465 5.305761814117432 
v 24.53239631652832 9.30176830291748 5.0997419357299805 
v 24.53239631652832 9.413641929626465 5.0997419357299805 
v 24.638816833496094 9.30176830291748 4.905840873718262 
v 24.638816833496094 9.413641929626465 4.905840873718262 
v 24.76459312438965 9.30176830291748 4.728465557098389 
v 24.76459312438965 9.413641929626465 4.728465557098389 
v 24.902769088745117 9.30176830291748 4.570920944213867 
v 24.902769088745117 9.413641929626465 4.570920944213867 
v 25.012067794799805 9.30176830291748 4.4585466384887695 
v 25.012067794799805 9.413641929626465 4.4585466384887695 
v 25.051340103149414 9.30176830291748 4.418885231018066 
v 24.36606788635254 9.420382499694824 5.722208023071289 
v 24.35287094116211 9.427587509155273 5.875345706939697 
v 24.356868743896484 9.442456245422363 5.92822790145874 
v 24.383625030517578 9.457320213317871 5.8797526359558105 
v 24.420377731323242 9.462278366088867 5.729919910430908 
v 24.46088981628418 9.462278366088867 5.529408931732178 
v 24.516639709472656 9.457320213317871 5.326694011688232 
v 24.594465255737305 9.442456245422363 5.128386497497559 
v 24.696327209472656 9.427587509155273 4.94109582901001 
v 24.816265106201172 9.422629356384277 4.768126964569092 
v 24.951879501342773 9.42263412475586 4.613887786865234 
v 24.944480895996094 9.422629356384277 4.6072773933410645 
v 24.92792320251465 9.42263412475586 4.592955112457275 
v 24.80850601196289 9.42263412475586 4.76151704788208 
v 24.693927764892578 9.42263412475586 4.939993858337402 
v 24.593626022338867 9.427587509155273 5.128386497497559 
v 24.517518997192383 9.442456245422363 5.326694011688232 
v 24.46364974975586 9.457320213317871 5.530510425567627 
v 24.43013572692871 9.462278366088867 5.732123374938965 
v 24.405620574951172 9.457320213317871 5.881956100463867 
v 24.378625869750977 9.442456245422363 5.930431365966797 
v 24.361907958984375 9.427587509155273 5.876447677612305 
v 24.368066787719727 9.42263412475586 5.722208023071289 
v 24.39794158935547 9.42038631439209 5.516188144683838 
v 24.791109085083008 9.422629356384277 4.74829626083374 
v 24.68564796447754 9.422629356384277 4.93448543548584 
v 24.591106414794922 9.422629356384277 5.127284526824951 
v 24.516639709472656 9.427587509155273 5.326694011688232 
v 24.464529037475586 9.442456245422363 5.530510425567627 
v 24.43289566040039 9.457320213317871 5.732123374938965 
v 24.41541862487793 9.457320213317871 5.883057594299316 
v 24.40066146850586 9.442456245422363 5.9326348304748535 
v 24.383625030517578 9.427587509155273 5.8797526359558105 
v 24.377025604248047 9.422629356384277 5.724411487579346 
v 24.39990234375 9.422629356384277 5.516188144683838 
v 24.453052520751953 9.420382499694824 5.305761814117432 
v 24.667051315307617 9.42263412475586 4.923468112945557 
v 24.58226776123047 9.42263412475586 5.122877597808838 
v 24.513999938964844 9.42263412475586 5.325592517852783 
v 24.46364974975586 9.427587509155273 5.530510425567627 
v 24.433855056762695 9.442456245422363 5.732123374938965 
v 24.421297073364258 9.453465461730957 5.8444976806640625 
v 24.410539627075195 9.442456245422363 5.933736324310303 
v 24.405620574951172 9.427587509155273 5.881956100463867 
v 24.398582458496094 9.42263412475586 5.726614952087402 
v 24.40873908996582 9.42263412475586 5.5183916091918945 
v 24.454971313476562 9.42263412475586 5.305761814117432 
v 24.532997131347656 9.42038631439209 5.0997419357299805 
v 24.4182186126709 9.442456245422363 5.883057594299316 
v 24.43289566040039 9.427587509155273 5.732123374938965 
v 24.46088981628418 9.422629356384277 5.529408931732178 
v 24.504722595214844 9.422629356384277 5.322287082672119 
v 24.562471389770508 9.422629356384277 5.112962245941162 
v 24.64869499206543 9.422629356384277 4.911349296569824 
v 24.77387237548828 9.42263412475586 4.735075950622559 
v 24.766754150390625 9.422629356384277 4.729567527770996 
v 24.904808044433594 9.42263412475586 4.572022914886475 
v 24.903287887573242 9.420382499694824 4.570920944213867 
v 24.765153884887695 9.42038631439209 4.728465557098389 
v 24.641096115112305 9.42263412475586 4.906942844390869 
v 24.54295539855957 9.42263412475586 5.104148864746094 
v 24.483966827392578 9.42263412475586 5.315677165985107 
v 24.451332092285156 9.42263412475586 5.527205467224121 
v 24.43013572692871 9.42263412475586 5.732123374938965 
v 24.421297073364258 9.431442260742188 5.8444976806640625 
v 24.41541862487793 9.427587509155273 5.883057594299316 
v 24.63937759399414 9.420382499694824 4.905840873718262 
v 24.534835815429688 9.422629356384277 5.10084342956543 
v 24.463489532470703 9.422629356384277 5.3090667724609375 
v 24.429895401000977 9.422629356384277 5.522798538208008 
v 24.420377731323242 9.422629356384277 5.729919910430908 
v 24.944480895996094 9.462278366088867 4.6072773933410645 
v 24.92792320251465 9.462278366088867 4.592955112457275 
v 24.91156768798828 9.462278366088867 4.5786333084106445 
v 24.904808044433594 9.462278366088867 4.572022914886475 
v 24.903287887573242 9.464274406433105 4.570920944213867 
v 24.902769088745117 9.470257759094238 4.570920944213867 
v 25.012067794799805 9.470257759094238 4.4585466384887695 
v 24.902769088745117 9.507246017456055 4.570920944213867 
v 25.012067794799805 9.507246017456055 4.4585466384887695 
v 24.902769088745117 9.758390426635742 4.570920944213867 
v 25.012067794799805 9.758390426635742 4.4585466384887695 
v 24.791109085083008 9.462278366088867 4.74829626083374 
v 24.77387237548828 9.462278366088867 4.735075950622559 
v 24.766754150390625 9.462278366088867 4.729567527770996 
v 24.765153884887695 9.464274406433105 4.728465557098389 
v 24.76459312438965 9.470257759094238 4.728465557098389 
v 24.76459312438965 9.507246017456055 4.728465557098389 
v 24.76459312438965 9.758390426635742 4.728465557098389 
v 24.64869499206543 9.462278366088867 4.911349296569824 
v 24.641096115112305 9.462278366088867 4.906942844390869 
v 24.63937759399414 9.464274406433105 4.905840873718262 
v 24.638816833496094 9.470257759094238 4.905840873718262 
v 24.638816833496094 9.507246017456055 4.905840873718262 
v 24.638816833496094 9.758390426635742 4.905840873718262 
v 24.534835815429688 9.462278366088867 5.10084342956543 
v 24.532997131347656 9.464274406433105 5.0997419357299805 
v 24.53239631652832 9.470257759094238 5.0997419357299805 
v 24.53239631652832 9.507246017456055 5.0997419357299805 
v 24.53239631652832 9.758390426635742 5.0997419357299805 
v 24.453052520751953 9.464274406433105 5.305761814117432 
v 24.452411651611328 9.470257759094238 5.305761814117432 
v 24.452411651611328 9.507246017456055 5.305761814117432 
v 24.452411651611328 9.758390426635742 5.305761814117432 
v 24.397302627563477 9.470257759094238 5.516188144683838 
v 24.397302627563477 9.507246017456055 5.516188144683838 
v 24.397302627563477 9.758390426635742 5.516188144683838 
v 24.365386962890625 9.507246017456055 5.722208023071289 
v 24.365386962890625 9.758390426635742 5.722208023071289 
v 24.35007095336914 9.758390426635742 5.876447677612305 
v 24.35007095336914 16.532424926757812 5.876447677612305 
v 24.344711303710938 16.568174362182617 5.930431365966797 
v 24.350950241088867 16.60022735595703 5.942550182342529 
v 24.37230682373047 16.61090850830078 5.953567028045654 
v 24.41145896911621 16.61090850830078 5.971194744110107 
v 24.472047805786133 16.61090850830078 5.999838829040527 
v 24.543434143066406 16.61090850830078 6.032890319824219 
v 24.605382919311523 16.61090850830078 6.081365585327148 
v 24.653654098510742 16.60022735595703 6.123230457305908 
v 24.68648910522461 16.568174362182617 6.144163131713867 
v 24.710363388061523 16.532424926757812 6.14967155456543 
v 24.710363388061523 9.758390426635742 6.14967155456543 
v 24.710363388061523 9.507246017456055 6.14967155456543 
v 24.710363388061523 9.470257759094238 6.14967155456543 
v 24.710363388061523 9.45931625366211 6.14967155456543 
v 24.710363388061523 9.442456245422363 6.14967155456543 
v 24.710363388061523 9.42534065246582 6.14967155456543 
v 24.710363388061523 9.413641929626465 6.14967155456543 
v 24.35007095336914 16.532424926757812 5.876447677612305 
v 24.514400482177734 16.532424926757812 5.953567028045654 
v 24.35007095336914 9.758390426635742 5.876447677612305 
v 24.514400482177734 9.758390426635742 5.953567028045654 
v 24.346830368041992 16.568174362182617 5.980008125305176 
v 25.05821990966797 0.28190848231315613 4.411173343658447 
v 25.051340103149414 0.28190848231315613 4.418885231018066 
v 25.012067794799805 0.28190848231315613 4.4585466384887695 
v 24.902769088745117 0.28190848231315613 4.570920944213867 
v 24.76459312438965 0.28190848231315613 4.728465557098389 
v 24.638816833496094 0.28190848231315613 4.905840873718262 
v 24.53239631652832 0.28190848231315613 5.0997419357299805 
v 24.452451705932617 0.28190848231315613 5.305761814117432 
v 24.397302627563477 0.28190848231315613 5.516188144683838 
v 24.365386962890625 0.28190848231315613 5.722208023071289 
v 24.35007095336914 0.28190848231315613 5.876447677612305 
v 24.344711303710938 0.28190848231315613 5.930431365966797 
v 24.34383201599121 0.28190848231315613 5.939244747161865 
v 24.341951370239258 0.28190848231315613 5.959075927734375 
v 24.346830368041992 0.28190848231315613 5.980008125305176 
v 24.366188049316406 0.28190848231315613 5.995431900024414 
v 24.402820587158203 0.28190848231315613 6.01195764541626 
v 24.459489822387695 0.28190848231315613 6.038398742675781 
v 24.52623748779297 0.28190848231315613 6.069246768951416 
v 24.593185424804688 0.28190848231315613 6.1011962890625 
v 24.650054931640625 0.28190848231315613 6.1276373863220215 
v 24.91156768798828 9.422629356384277 4.5786333084106445 
v 24.710363388061523 16.568174362182617 6.14967155456543 
v 24.690446853637695 16.600223541259766 6.139756202697754 
v 24.664451599121094 16.61090850830078 6.108908176422119 
v 24.615020751953125 16.61090850830078 6.065941333770752 
v 24.61962127685547 16.61090850830078 6.05933141708374 
v 24.547033309936523 16.61090850830078 6.0251784324646 
v 24.647214889526367 16.61090850830078 6.015263080596924 
v 24.568750381469727 16.61090850830078 5.978906631469727 
v 24.725841522216797 16.61090850830078 5.8907694816589355 
v 24.630659103393555 16.61090850830078 5.84559965133667 
v 24.829622268676758 16.61090850830078 5.717801094055176 
v 24.715482711791992 16.61090850830078 5.663817405700684 
v 24.805906295776367 16.61090850830078 5.469916343688965 
v 24.679489135742188 16.61090850830078 5.411525726318359 
v 24.767953872680664 16.61090850830078 5.208811283111572 
v 24.656694412231445 16.61090850830078 5.1570305824279785 
v 24.758594512939453 16.61090850830078 4.9620280265808105 
v 24.584707260131836 16.61090850830078 5.123979568481445 
v 24.689247131347656 16.61090850830078 4.928977012634277 
v 24.545475006103516 16.60022735595703 5.105250358581543 
v 24.65141487121582 16.60022735595703 4.911349296569824 
v 24.638816833496094 16.568174362182617 4.905840873718262 
v 24.76459312438965 16.568174362182617 4.728465557098389 
v 24.708404541015625 16.591917037963867 6.14306116104126 
v 24.702285766601562 16.61090850830078 6.126535415649414 
v 24.67584991455078 16.61090850830078 6.09458589553833 
v 24.681249618530273 16.61090850830078 6.087975978851318 
v 24.713804244995117 16.61090850830078 6.0461106300354 
v 24.806625366210938 16.61090850830078 5.92822790145874 
v 24.926523208618164 16.61090850830078 5.7629714012146 
v 24.932682037353516 16.61090850830078 5.529408931732178 
v 24.899089813232422 16.61090850830078 5.270506858825684 
v 24.865856170654297 16.61090850830078 5.011605262756348 
v 24.872413635253906 16.61090850830078 4.778042793273926 
v 24.809986114501953 16.61090850830078 4.749398231506348 
v 24.775951385498047 16.60022735595703 4.733973979949951 
v 24.902769088745117 16.568174362182617 4.570920944213867 
v 24.722721099853516 16.60022735595703 6.136451244354248 
v 24.71480369567871 16.61090850830078 6.112213611602783 
v 24.720762252807617 16.61090850830078 6.105603218078613 
v 24.756515502929688 16.61090850830078 6.065941333770752 
v 24.858417510986328 16.61090850830078 5.952465534210205 
v 24.988632202148438 16.61090850830078 5.791615962982178 
v 25.040342330932617 16.61090850830078 5.580087661743164 
v 25.030624389648438 16.61090850830078 5.332202911376953 
v 24.992271423339844 16.61090850830078 5.071097373962402 
v 24.968955993652344 16.61090850830078 4.823212623596191 
v 24.992591857910156 16.61090850830078 4.612786293029785 
v 24.940561294555664 16.61090850830078 4.58854866027832 
v 24.912206649780273 16.60022735595703 4.5753278732299805 
v 25.012067794799805 16.568174362182617 4.4585466384887695 
v 24.73583984375 16.600223541259766 6.122128963470459 
v 24.74207878112793 16.600223541259766 6.115518569946289 
v 24.779510498046875 16.60022735595703 6.076958656311035 
v 24.88633155822754 16.600223541259766 5.9645843505859375 
v 25.022146224975586 16.600223541259766 5.807039737701416 
v 25.109331130981445 16.61090850830078 5.612037181854248 
v 25.142324447631836 16.61090850830078 5.383983135223389 
v 25.119049072265625 16.61090850830078 5.129487991333008 
v 25.082735061645508 16.61090850830078 4.876094818115234 
v 25.07297706604004 16.61090850830078 4.650244235992432 
v 25.085973739624023 16.61090850830078 4.49269962310791 
v 25.043182373046875 16.61090850830078 4.472868919372559 
v 25.019866943359375 16.60022735595703 4.461851596832275 
v 25.051340103149414 16.568174362182617 4.418885231018066 
v 25.051340103149414 16.532424926757812 4.418885231018066 
v 25.05821990966797 16.532424926757812 4.411173343658447 
v 25.05821990966797 9.758390426635742 4.411173343658447 
v 25.070337295532227 16.532424926757812 4.399054527282715 
v 25.070337295532227 9.758390426635742 4.399054527282715 
v 25.088054656982422 16.532424926757812 4.3913421630859375 
v 25.088054656982422 9.758390426635742 4.3913421630859375 
v 25.111690521240234 9.758390426635742 4.396851062774658 
v 25.111690521240234 9.507246017456055 4.396851062774658 
v 25.14832305908203 9.507246017456055 4.413376808166504 
v 25.14832305908203 9.470257759094238 4.413376808166504 
v 25.204992294311523 9.470257759094238 4.439817428588867 
v 25.204992294311523 9.45931625366211 4.439817428588867 
v 25.271739959716797 9.45931625366211 4.470665454864502 
v 25.271739959716797 9.442456245422363 4.470665454864502 
v 25.338687896728516 9.442456245422363 4.502614974975586 
v 25.338687896728516 9.42534065246582 4.502614974975586 
v 25.395557403564453 9.42534065246582 4.529056072235107 
v 25.395557403564453 9.413641929626465 4.529056072235107 
v 25.431989669799805 9.413641929626465 4.545581817626953 
v 25.431989669799805 9.30176830291748 4.545581817626953 
v 25.451107025146484 9.30176830291748 4.559904098510742 
v 25.451107025146484 0.28190848231315613 4.559904098510742 
v 25.146522521972656 16.60022735595703 5.628562927246094 
v 25.213871002197266 16.61090850830078 5.417034149169922 
v 25.226709365844727 16.61090850830078 5.180166721343994 
v 25.196834564208984 16.61090850830078 4.930078506469727 
v 25.16775894165039 16.61090850830078 4.694312572479248 
v 25.152122497558594 16.61090850830078 4.523547649383545 
v 25.11952781677246 16.61090850830078 4.449732780456543 
v 25.080055236816406 16.61090850830078 4.432105541229248 
v 25.05854034423828 16.600223541259766 4.422190189361572 
v 25.05821990966797 16.568174362182617 4.411173343658447 
v 25.252504348754883 16.600223541259766 5.434661865234375 
v 25.295696258544922 16.61090850830078 5.212116241455078 
v 25.29373550415039 16.61090850830078 4.97524881362915 
v 25.262821197509766 16.61090850830078 4.7383809089660645 
v 25.2301082611084 16.61090850830078 4.559904098510742 
v 25.180557250976562 16.61090850830078 4.478377342224121 
v 25.125408172607422 16.61090850830078 4.443122863769531 
v 25.08649444580078 16.61090850830078 4.424393653869629 
v 25.065298080444336 16.60022735595703 4.414478302001953 
v 25.070337295532227 16.568174362182617 4.399054527282715 
v 25.252504348754883 16.61090850830078 4.512530326843262 
v 25.185556411743164 16.61090850830078 4.470665454864502 
v 25.135765075683594 16.61090850830078 4.429902076721191 
v 25.09785270690918 16.61090850830078 4.4122748374938965 
v 25.07721710205078 16.60022735595703 4.402359485626221 
v 25.088054656982422 16.568174362182617 4.3913421630859375 
v 25.111690521240234 16.532424926757812 4.396851062774658 
v 25.14832305908203 9.758390426635742 4.413376808166504 
v 25.204992294311523 9.507246017456055 4.439817428588867 
v 25.271739959716797 9.470257759094238 4.470665454864502 
v 25.338687896728516 9.45931625366211 4.502614974975586 
v 25.395557403564453 9.442456245422363 4.529056072235107 
v 25.431989669799805 9.42534065246582 4.545581817626953 
v 25.451107025146484 9.413641929626465 4.559904098510742 
v 25.25642204284668 16.61090850830078 4.503716945648193 
v 25.19431495666504 16.61090850830078 4.456343173980713 
v 25.14520263671875 16.60022735595703 4.417783260345459 
v 25.10824966430664 16.600223541259766 4.400156021118164 
v 25.0904541015625 16.591917037963867 4.395749092102051 
v 25.111690521240234 16.568174362182617 4.396851062774658 
v 25.14832305908203 16.532424926757812 4.413376808166504 
v 25.204992294311523 16.532424926757812 4.439817428588867 
v 25.204992294311523 9.758390426635742 4.439817428588867 
v 25.271739959716797 9.758390426635742 4.470665454864502 
v 25.271739959716797 9.507246017456055 4.470665454864502 
v 25.338687896728516 9.507246017456055 4.502614974975586 
v 25.338687896728516 9.470257759094238 4.502614974975586 
v 25.395557403564453 9.470257759094238 4.529056072235107 
v 25.395557403564453 9.45931625366211 4.529056072235107 
v 25.431989669799805 9.45931625366211 4.545581817626953 
v 25.431989669799805 9.442456245422363 4.545581817626953 
v 25.451107025146484 9.442456245422363 4.559904098510742 
v 25.451107025146484 9.42534065246582 4.559904098510742 
v 24.35007095336914 16.568174362182617 5.876447677612305 
v 24.351909637451172 16.60022735595703 5.933736324310303 
v 24.35787010192871 16.600223541259766 5.8797526359558105 
v 24.38126564025879 16.61090850830078 5.8907694816589355 
v 24.403261184692383 16.61090850830078 5.739835262298584 
v 24.455291748046875 16.61090850830078 5.764072895050049 
v 24.5051212310791 16.61090850830078 5.565765380859375 
v 24.601703643798828 16.61090850830078 5.610935211181641 
v 24.572229385375977 16.61090850830078 5.360846996307373 
v 24.535797119140625 16.61090850830078 5.8015313148498535 
v 24.490564346313477 16.61090850830078 5.942550182342529 
v 24.474687576293945 16.61090850830078 5.991025447845459 
v 24.413299560546875 16.61090850830078 5.962380886077881 
v 24.373586654663086 16.61090850830078 5.944753646850586 
v 24.424217224121094 16.61090850830078 5.910600662231445 
v 25.012067794799805 16.532424926757812 4.4585466384887695 
v 25.051340103149414 9.758390426635742 4.418885231018066 
v 25.051340103149414 9.507246017456055 4.418885231018066 
v 25.051340103149414 9.470257759094238 4.418885231018066 
v 25.051340103149414 9.45931625366211 4.418885231018066 
v 25.05821990966797 9.507246017456055 4.411173343658447 
v 25.05821990966797 9.470257759094238 4.411173343658447 
v 25.05821990966797 9.45931625366211 4.411173343658447 
v 25.05821990966797 9.442456245422363 4.411173343658447 
v 25.070337295532227 9.507246017456055 4.399054527282715 
v 25.070337295532227 9.470257759094238 4.399054527282715 
v 25.070337295532227 9.45931625366211 4.399054527282715 
v 25.070337295532227 9.442456245422363 4.399054527282715 
v 25.070337295532227 9.42534065246582 4.399054527282715 
v 25.088054656982422 9.470257759094238 4.3913421630859375 
v 25.088054656982422 9.45931625366211 4.3913421630859375 
v 25.088054656982422 9.442456245422363 4.3913421630859375 
v 25.088054656982422 9.42534065246582 4.3913421630859375 
v 25.088054656982422 9.413641929626465 4.3913421630859375 
v 25.111690521240234 9.45931625366211 4.396851062774658 
v 25.111690521240234 9.442456245422363 4.396851062774658 
v 25.111690521240234 9.42534065246582 4.396851062774658 
v 25.111690521240234 9.413641929626465 4.396851062774658 
v 25.111690521240234 9.30176830291748 4.396851062774658 
v 25.111690521240234 0.28190848231315613 4.396851062774658 
v 25.14832305908203 9.442456245422363 4.413376808166504 
v 25.14832305908203 9.42534065246582 4.413376808166504 
v 25.14832305908203 9.413641929626465 4.413376808166504 
v 25.14832305908203 9.30176830291748 4.413376808166504 
v 25.14832305908203 0.28190848231315613 4.413376808166504 
v 25.204992294311523 9.42534065246582 4.439817428588867 
v 25.204992294311523 9.413641929626465 4.439817428588867 
v 25.204992294311523 9.30176830291748 4.439817428588867 
v 25.204992294311523 0.28190848231315613 4.439817428588867 
v 25.271739959716797 9.30176830291748 4.470665454864502 
v 25.271739959716797 9.413641929626465 4.470665454864502 
v 25.271739959716797 9.42534065246582 4.470665454864502 
v 25.204992294311523 9.442456245422363 4.439817428588867 
v 25.338687896728516 9.413641929626465 4.502614974975586 
v 25.338687896728516 9.30176830291748 4.502614974975586 
v 25.338687896728516 0.28190848231315613 4.502614974975586 
v 25.271739959716797 0.28190848231315613 4.470665454864502 
v 25.395557403564453 9.30176830291748 4.529056072235107 
v 25.395557403564453 0.28190848231315613 4.529056072235107 
v 25.431989669799805 0.28190848231315613 4.545581817626953 
v 24.365386962890625 16.568174362182617 5.722208023071289 
v 24.374866485595703 16.600223541259766 5.726614952087402 
v 24.397302627563477 16.568174362182617 5.516188144683838 
v 24.408658981323242 16.600223541259766 5.520595073699951 
v 24.452411651611328 16.568174362182617 5.305761814117432 
v 24.465049743652344 16.60022735595703 5.311270236968994 
v 24.53239631652832 16.568174362182617 5.0997419357299805 
v 24.44269371032715 16.61090850830078 5.537120819091797 
v 24.50284194946289 16.61090850830078 5.328897476196289 
v 25.088054656982422 9.507246017456055 4.3913421630859375 
v 25.111690521240234 9.470257759094238 4.396851062774658 
v 25.14832305908203 9.45931625366211 4.413376808166504 
v 25.451107025146484 9.45931625366211 4.559904098510742 
v 25.431989669799805 9.470257759094238 4.545581817626953 
v 25.451107025146484 9.470257759094238 4.559904098510742 
v 25.431989669799805 9.507246017456055 4.545581817626953 
v 25.451107025146484 9.507246017456055 4.559904098510742 
v 25.431989669799805 9.758390426635742 4.545581817626953 
v 25.451107025146484 9.758390426635742 4.559904098510742 
v 25.431989669799805 16.532424926757812 4.545581817626953 
v 25.451107025146484 16.532424926757812 4.559904098510742 
v 25.451107025146484 16.568174362182617 4.559904098510742 
v 25.431989669799805 16.568174362182617 4.545581817626953 
v 25.395557403564453 16.532424926757812 4.529056072235107 
v 25.395557403564453 16.568174362182617 4.529056072235107 
v 25.338687896728516 16.532424926757812 4.502614974975586 
v 25.338687896728516 16.568174362182617 4.502614974975586 
v 25.271739959716797 16.532424926757812 4.470665454864502 
v 25.271739959716797 16.568174362182617 4.470665454864502 
v 25.204992294311523 16.568174362182617 4.439817428588867 
v 25.14832305908203 16.568174362182617 4.413376808166504 
v 25.202312469482422 16.600223541259766 4.4442243576049805 
v 25.269620895385742 16.60022735595703 4.475072383880615 
v 25.337167739868164 16.600223541259766 4.507021903991699 
v 25.39451789855957 16.60022735595703 4.533463001251221 
v 25.431230545043945 16.600223541259766 4.551090240478516 
v 25.44550895690918 16.591917037963867 4.562107563018799 
v 25.263341903686523 16.61090850830078 4.489394664764404 
v 25.332569122314453 16.61090850830078 4.521344184875488 
v 25.327529907226562 16.61090850830078 4.536767959594727 
v 25.324689865112305 16.61090850830078 4.545581817626953 
v 25.308332443237305 16.61090850830078 4.5962605476379395 
v 25.34352684020996 16.61090850830078 4.775839328765869 
v 25.355804443359375 16.61090850830078 5.00389289855957 
v 25.332929611206055 16.60022735595703 5.229743480682373 
v 25.389318466186523 16.600223541259766 5.019317150115967 
v 25.39523696899414 16.61090850830078 4.800076961517334 
v 25.37472152709961 16.61090850830078 4.628210067749023 
v 25.38591957092285 16.61090850830078 4.574226379394531 
v 25.38791847229004 16.61090850830078 4.565412521362305 
v 25.391357421875 16.61090850830078 4.548886775970459 
v 25.423152923583984 16.60022735595703 4.813297271728516 
v 25.417272567749023 16.61090850830078 4.648040771484375 
v 25.42519187927246 16.61090850830078 4.592955112457275 
v 25.426591873168945 16.61090850830078 4.5830397605896 
v 25.429031372070312 16.61090850830078 4.566514492034912 
v 25.440229415893555 16.600223541259766 4.657956123352051 
v 25.446388244628906 16.600223541259766 4.602870464324951 
v 25.447467803955078 16.600223541259766 4.592955112457275 
v 25.4493465423584 16.60022735595703 4.5753278732299805 
v 25.338687896728516 9.758390426635742 4.502614974975586 
v 25.395557403564453 9.758390426635742 4.529056072235107 
v 25.395557403564453 9.507246017456055 4.529056072235107 
v 24.34383201599121 9.470257759094238 5.939244747161865 
v 24.341951370239258 9.507246017456055 5.959075927734375 
v 24.341951370239258 9.470257759094238 5.959075927734375 
v 24.346830368041992 9.507246017456055 5.980008125305176 
v 24.366188049316406 9.758390426635742 5.995431900024414 
v 24.402820587158203 9.758390426635742 6.01195764541626 
v 24.402820587158203 16.532424926757812 6.01195764541626 
v 24.459489822387695 16.532424926757812 6.038398742675781 
v 24.346830368041992 9.470257759094238 5.980008125305176 
v 24.366188049316406 9.507246017456055 5.995431900024414 
v 24.366188049316406 9.470257759094238 5.995431900024414 
v 24.402820587158203 9.507246017456055 6.01195764541626 
v 24.459489822387695 9.758390426635742 6.038398742675781 
v 24.52623748779297 9.758390426635742 6.069246768951416 
v 24.52623748779297 16.532424926757812 6.069246768951416 
v 24.593185424804688 16.532424926757812 6.1011962890625 
v 24.402820587158203 9.470257759094238 6.01195764541626 
v 24.459489822387695 9.507246017456055 6.038398742675781 
v 24.459489822387695 9.470257759094238 6.038398742675781 
v 24.52623748779297 9.507246017456055 6.069246768951416 
v 24.593185424804688 9.758390426635742 6.1011962890625 
v 24.52623748779297 9.470257759094238 6.069246768951416 
v 24.593185424804688 9.507246017456055 6.1011962890625 
v 24.593185424804688 9.470257759094238 6.1011962890625 
v 25.274499893188477 0.15308931469917297 -29.003690719604492 
v 25.279298782348633 0.15308931469917297 -28.899028778076172 
v 26.96898651123047 0.15308931469917297 -29.303356170654297 
v 26.994421005249023 0.15308931469917297 -28.749197006225586 
v 27.001140594482422 0.15308931469917297 -29.30886459350586 
v 27.026935577392578 0.15308931469917297 -28.746992111206055 
v 27.04085350036621 0.1476975679397583 -29.315475463867188 
v 27.067167282104492 0.1476975679397583 -28.742586135864258 
v 27.05409049987793 0.13151803612709045 -29.317678451538086 
v 27.08056640625 0.13151803612709045 -28.741483688354492 
v 27.05409049987793 0.10131654143333435 -29.317678451538086 
v 27.08056640625 0.10131654143333435 -28.741483688354492 
v 27.05409049987793 -0.002233270090073347 -29.317678451538086 
v 27.08056640625 -0.002233270090073347 -28.741483688354492 
v 25.25642204284668 0.15308931469917297 -28.797672271728516 
v 26.87328338623047 0.15308931469917297 -28.20935821533203 
v 26.90391731262207 0.15308931469917297 -28.19723892211914 
v 26.941831588745117 0.1476975679397583 -28.184019088745117 
v 26.954469680786133 0.13151803612709045 -28.179611206054688 
v 26.954469680786133 0.10131654143333435 -28.179611206054688 
v 26.954469680786133 -0.002233270090073347 -28.179611206054688 
v 25.208271026611328 0.15308931469917297 -28.704025268554688 
v 26.61857032775879 0.15308931469917297 -27.716894149780273 
v 26.645326614379883 0.15308931469917297 -27.698163986206055 
v 26.678359985351562 0.1476975679397583 -27.675029754638672 
v 26.68939781188965 0.13151803612709045 -27.667316436767578 
v 26.68939781188965 0.10131654143333435 -27.667316436767578 
v 26.68939781188965 -0.002233270090073347 -27.667316436767578 
v 26.24332046508789 0.15308931469917297 -27.309261322021484 
v 26.26431655883789 0.15308931469917297 -27.28392219543457 
v 26.290231704711914 0.1476975679397583 -27.253074645996094 
v 26.298870086669922 0.13151803612709045 -27.2431583404541 
v 26.298870086669922 0.10131654143333435 -27.2431583404541 
v 26.298870086669922 -0.002233270090073347 -27.2431583404541 
v 25.81328010559082 0.10131654143333435 -26.932476043701172 
v 25.81328010559082 -0.002233270090073347 -26.932476043701172 
v 25.262981414794922 -0.002233270090073347 -26.75950813293457 
v 25.81328010559082 0.13151803612709045 -26.932476043701172 
v 25.807601928710938 0.1476975679397583 -26.944595336914062 
v 25.790523529052734 0.15308931469917297 -26.9809513092041 
v 25.77672576904297 0.15308931469917297 -27.010698318481445 
v 25.04914093017578 0.15308931469917297 -28.57071876525879 
v 25.137325286865234 0.15308931469917297 -28.62690544128418 
v 25.247943878173828 0.15308931469917297 -26.845441818237305 
v 25.253623962402344 0.15308931469917297 -26.812389373779297 
v 25.260622024536133 0.1476975679397583 -26.772727966308594 
v 25.262981414794922 0.13151803612709045 -26.75950813293457 
v 25.262981414794922 0.10131654143333435 -26.75950813293457 
v 24.686967849731445 0.10131654143333435 -26.73306655883789 
v 24.686967849731445 -0.002233270090073347 -26.73306655883789 
v 24.124313354492188 -0.002233270090073347 -26.859764099121094 
v 24.686967849731445 0.13151803612709045 -26.73306655883789 
v 24.688127517700195 0.1476975679397583 -26.74738883972168 
v 24.691646575927734 0.15308931469917297 -26.787050247192383 
v 24.694486618041992 0.15308931469917297 -26.82010269165039 
v 24.844539642333984 0.15308931469917297 -28.53436279296875 
v 24.949159622192383 0.15308931469917297 -28.539871215820312 
v 24.153867721557617 0.15308931469917297 -26.9412899017334 
v 24.142709732055664 0.15308931469917297 -26.910442352294922 
v 24.1289119720459 0.1476975679397583 -26.87188148498535 
v 24.124313354492188 0.13151803612709045 -26.859764099121094 
v 24.124313354492188 0.10131654143333435 -26.859764099121094 
v 23.612247467041016 0.10131654143333435 -27.124174118041992 
v 23.612247467041016 -0.002233270090073347 -27.124174118041992 
v 23.188005447387695 -0.002233270090073347 -27.515281677246094 
v 23.612247467041016 0.13151803612709045 -27.124174118041992 
v 23.619966506958008 0.1476975679397583 -27.135190963745117 
v 23.64312171936035 0.15308931469917297 -27.168241500854492 
v 23.66183853149414 0.15308931469917297 -27.195785522460938 
v 24.649335861206055 0.15308931469917297 -28.605974197387695 
v 24.74235725402832 0.15308931469917297 -28.557498931884766 
v 23.254234313964844 0.15308931469917297 -27.57036590576172 
v 23.229238510131836 0.15308931469917297 -27.549434661865234 
v 23.19832420349121 0.1476975679397583 -27.52409553527832 
v 23.188005447387695 0.13151803612709045 -27.515281677246094 
v 23.188005447387695 0.10131654143333435 -27.515281677246094 
v 22.877103805541992 0.10131654143333435 -28.001134872436523 
v 22.877103805541992 -0.002233270090073347 -28.001134872436523 
v 22.704975128173828 -0.002233270090073347 -28.550888061523438 
v 22.877103805541992 0.13151803612709045 -28.001134872436523 
v 22.889301300048828 0.1476975679397583 -28.006643295288086 
v 22.925853729248047 0.15308931469917297 -28.023168563842773 
v 22.955448150634766 0.15308931469917297 -28.037490844726562 
v 24.51580047607422 0.15308931469917297 -28.764619827270508 
v 24.572269439697266 0.15308931469917297 -28.676483154296875 
v 22.79007911682129 0.15308931469917297 -28.566312789916992 
v 22.757925033569336 0.15308931469917297 -28.56080436706543 
v 22.718212127685547 0.1476975679397583 -28.553091049194336 
v 22.704975128173828 0.13151803612709045 -28.550888061523438 
v 22.704975128173828 0.10131654143333435 -28.550888061523438 
v 22.678499221801758 0.10131654143333435 -29.12708282470703 
v 22.678499221801758 -0.002233270090073347 -29.12708282470703 
v 22.804595947265625 -0.002233270090073347 -29.69005584716797 
v 22.678499221801758 0.13151803612709045 -29.12708282470703 
v 22.691898345947266 0.1476975679397583 -29.125980377197266 
v 22.73208999633789 0.15308931469917297 -29.1226749420166 
v 22.764644622802734 0.15308931469917297 -29.11937141418457 
v 24.479726791381836 0.15308931469917297 -28.96953773498535 
v 24.48456573486328 0.15308931469917297 -28.86487579345703 
v 22.88578224182129 0.15308931469917297 -29.660310745239258 
v 22.8551082611084 0.15308931469917297 -29.671327590942383 
v 22.81723403930664 0.1476975679397583 -29.684547424316406 
v 22.804595947265625 0.13151803612709045 -29.69005584716797 
v 22.804595947265625 0.10131654143333435 -29.69005584716797 
v 23.06966781616211 0.10131654143333435 -30.201250076293945 
v 23.06966781616211 -0.002233270090073347 -30.201250076293945 
v 23.460195541381836 -0.002233270090073347 -30.626510620117188 
v 23.06966781616211 0.13151803612709045 -30.201250076293945 
v 23.080665588378906 0.1476975679397583 -30.193538665771484 
v 23.113739013671875 0.15308931469917297 -30.17040252685547 
v 23.14049530029297 0.15308931469917297 -30.15167236328125 
v 24.550792694091797 0.15308931469917297 -29.164541244506836 
v 24.502641677856445 0.15308931469917297 -29.071996688842773 
v 23.515745162963867 0.15308931469917297 -30.55930519104004 
v 23.494749069213867 0.15308931469917297 -30.584644317626953 
v 23.468833923339844 0.1476975679397583 -30.615493774414062 
v 23.460195541381836 0.13151803612709045 -30.626510620117188 
v 23.460195541381836 0.10131654143333435 -30.626510620117188 
v 23.945785522460938 0.10131654143333435 -30.937192916870117 
v 23.945785522460938 -0.002233270090073347 -30.937192916870117 
v 24.496084213256836 -0.002233270090073347 -31.109058380126953 
v 23.945785522460938 0.13151803612709045 -30.937192916870117 
v 23.95146369934082 0.1476975679397583 -30.925073623657227 
v 23.968542098999023 0.15308931469917297 -30.887615203857422 
v 23.982337951660156 0.15308931469917297 -30.858970642089844 
v 24.709924697875977 0.15308931469917297 -29.297847747802734 
v 24.621700286865234 0.15308931469917297 -29.241661071777344 
v 24.51112174987793 0.15308931469917297 -31.024227142333984 
v 24.505441665649414 0.15308931469917297 -31.056177139282227 
v 24.498443603515625 0.1476975679397583 -31.09583854675293 
v 24.496084213256836 0.13151803612709045 -31.109058380126953 
v 24.496084213256836 0.10131654143333435 -31.109058380126953 
v 25.072097778320312 0.10131654143333435 -31.135499954223633 
v 25.072097778320312 -0.002233270090073347 -31.135499954223633 
v 25.63475227355957 -0.002233270090073347 -31.009904861450195 
v 25.072097778320312 0.13151803612709045 -31.135499954223633 
v 25.070938110351562 0.1476975679397583 -31.12228012084961 
v 25.06741714477539 0.15308931469917297 -31.08151626586914 
v 25.064538955688477 0.15308931469917297 -31.0495662689209 
v 24.914485931396484 0.15308931469917297 -29.334203720092773 
v 24.809865951538086 0.15308931469917297 -29.329797744750977 
v 25.60519790649414 0.15308931469917297 -30.92837905883789 
v 25.616355895996094 0.15308931469917297 -30.959226608276367 
v 25.63015365600586 0.1476975679397583 -30.996685028076172 
v 25.63475227355957 0.13151803612709045 -31.009904861450195 
v 25.63475227355957 0.10131654143333435 -31.009904861450195 
v 26.146818161010742 0.10131654143333435 -30.74439239501953 
v 26.146818161010742 -0.002233270090073347 -30.74439239501953 
v 26.571020126342773 -0.002233270090073347 -30.353286743164062 
v 26.146818161010742 0.13151803612709045 -30.74439239501953 
v 26.13909912109375 0.1476975679397583 -30.733375549316406 
v 26.115943908691406 0.15308931469917297 -30.70032501220703 
v 26.097227096557617 0.15308931469917297 -30.67388343811035 
v 25.109729766845703 0.15308931469917297 -29.263694763183594 
v 25.016706466674805 0.15308931469917297 -29.311067581176758 
v 26.504831314086914 0.15308931469917297 -30.298200607299805 
v 26.529827117919922 0.15308931469917297 -30.319133758544922 
v 26.560741424560547 0.1476975679397583 -30.34557342529297 
v 26.571020126342773 0.13151803612709045 -30.353286743164062 
v 26.571020126342773 0.10131654143333435 -30.353286743164062 
v 26.881961822509766 0.10131654143333435 -29.868534088134766 
v 26.881961822509766 -0.002233270090073347 -29.868534088134766 
v 26.881961822509766 0.13151803612709045 -29.868534088134766 
v 26.86976432800293 0.1476975679397583 -29.863025665283203 
v 26.833171844482422 0.15308931469917297 -29.84539794921875 
v 26.803577423095703 0.15308931469917297 -29.832176208496094 
v 25.24326515197754 0.15308931469917297 -29.103946685791016 
v 25.186756134033203 0.15308931469917297 -29.19208335876465 
v 24.621700286865234 0.15308931469917297 5.620850563049316 
v 24.550792694091797 0.15308931469917297 5.543731212615967 
v 23.515745162963867 0.15308931469917297 6.9395976066589355 
v 23.14049530029297 0.15308931469917297 6.5319647789001465 
v 23.113739013671875 0.15308931469917297 6.550693988800049 
v 22.8551082611084 0.15308931469917297 6.050517559051514 
v 22.81723403930664 0.1476975679397583 6.064839839935303 
v 22.691898345947266 0.1476975679397583 5.505171298980713 
v 22.678499221801758 0.13151803612709045 5.506272792816162 
v 22.704975128173828 0.13151803612709045 4.930078506469727 
v 22.704975128173828 0.10131654143333435 4.930078506469727 
v 22.877103805541992 0.10131654143333435 4.3803253173828125 
v 22.704975128173828 -0.002233270090073347 4.930078506469727 
v 22.877103805541992 -0.002233270090073347 4.3803253173828125 
v 22.678499221801758 0.10131654143333435 5.506272792816162 
v 22.804595947265625 0.13151803612709045 6.069246768951416 
v 23.080665588378906 0.1476975679397583 6.573829650878906 
v 23.494749069213867 0.15308931469917297 6.9638352394104 
v 23.982337951660156 0.15308931469917297 7.238161087036133 
v 24.709924697875977 0.15308931469917297 5.677037715911865 
v 24.51112174987793 0.15308931469917297 7.403417587280273 
v 24.809865951538086 0.15308931469917297 5.708987712860107 
v 24.914485931396484 0.15308931469917297 5.7133941650390625 
v 23.968542098999023 0.15308931469917297 7.26790714263916 
v 23.468833923339844 0.1476975679397583 6.994683265686035 
v 23.06966781616211 0.13151803612709045 6.581542015075684 
v 22.804595947265625 0.10131654143333435 6.069246768951416 
v 22.804595947265625 -0.002233270090073347 6.069246768951416 
v 22.678499221801758 -0.002233270090073347 5.506272792816162 
v 23.06966781616211 0.10131654143333435 6.581542015075684 
v 23.460195541381836 0.13151803612709045 7.00570011138916 
v 23.95146369934082 0.1476975679397583 7.304263591766357 
v 24.505441665649414 0.15308931469917297 7.435367107391357 
v 25.064538955688477 0.15308931469917297 7.4287567138671875 
v 25.60519790649414 0.15308931469917297 7.307568550109863 
v 25.016706466674805 0.15308931469917297 5.690258502960205 
v 25.109729766845703 0.15308931469917297 5.642884731292725 
v 25.06741714477539 0.15308931469917297 7.4607062339782715 
v 24.498443603515625 0.1476975679397583 7.4750285148620605 
v 23.945785522460938 0.13151803612709045 7.31638240814209 
v 23.460195541381836 0.10131654143333435 7.00570011138916 
v 23.460195541381836 -0.002233270090073347 7.00570011138916 
v 23.06966781616211 -0.002233270090073347 6.581542015075684 
v 23.945785522460938 0.10131654143333435 7.31638240814209 
v 24.496084213256836 0.13151803612709045 7.4882493019104 
v 25.070938110351562 0.1476975679397583 7.501469612121582 
v 25.616355895996094 0.15308931469917297 7.338416576385498 
v 26.097227096557617 0.15308931469917297 7.053073883056641 
v 26.504831314086914 0.15308931469917297 6.6773905754089355 
v 25.186756134033203 0.15308931469917297 5.5712738037109375 
v 25.24326515197754 0.15308931469917297 5.483137130737305 
v 26.115943908691406 0.15308931469917297 7.079514980316162 
v 25.63015365600586 0.1476975679397583 7.375874996185303 
v 25.072097778320312 0.13151803612709045 7.514690399169922 
v 24.496084213256836 0.10131654143333435 7.4882493019104 
v 24.496084213256836 -0.002233270090073347 7.4882493019104 
v 23.945785522460938 -0.002233270090073347 7.31638240814209 
v 25.072097778320312 0.10131654143333435 7.514690399169922 
v 25.63475227355957 0.13151803612709045 7.389095306396484 
v 26.13909912109375 0.1476975679397583 7.112565994262695 
v 26.529827117919922 0.15308931469917297 6.6983232498168945 
v 26.803577423095703 0.15308931469917297 6.211367130279541 
v 26.96898651123047 0.15308931469917297 5.682546615600586 
v 25.274499893188477 0.15308931469917297 5.382881164550781 
v 25.279298782348633 0.15308931469917297 5.278218746185303 
v 26.833171844482422 0.15308931469917297 6.224587917327881 
v 26.560741424560547 0.1476975679397583 6.724764347076416 
v 26.146818161010742 0.13151803612709045 7.1235833168029785 
v 25.63475227355957 0.10131654143333435 7.389095306396484 
v 25.63475227355957 -0.002233270090073347 7.389095306396484 
v 25.072097778320312 -0.002233270090073347 7.514690399169922 
v 26.146818161010742 0.10131654143333435 7.1235833168029785 
v 26.571020126342773 0.13151803612709045 6.733577728271484 
v 26.86976432800293 0.1476975679397583 6.242215156555176 
v 27.001140594482422 0.15308931469917297 5.688055038452148 
v 26.994421005249023 0.15308931469917297 5.128386497497559 
v 25.25642204284668 0.15308931469917297 5.176861763000488 
v 26.571020126342773 0.10131654143333435 6.733577728271484 
v 26.881961822509766 0.13151803612709045 6.247723579406738 
v 27.04085350036621 0.1476975679397583 5.694665431976318 
v 27.026935577392578 0.15308931469917297 5.126183032989502 
v 26.87328338623047 0.15308931469917297 4.58854866027832 
v 25.208271026611328 0.15308931469917297 5.083216190338135 
v 26.571020126342773 -0.002233270090073347 6.733577728271484 
v 26.881961822509766 0.10131654143333435 6.247723579406738 
v 27.05409049987793 0.13151803612709045 5.696868896484375 
v 27.067167282104492 0.1476975679397583 5.122877597808838 
v 26.90391731262207 0.15308931469917297 4.576429843902588 
v 26.61857032775879 0.15308931469917297 4.096084117889404 
v 26.24332046508789 0.15308931469917297 3.6884512901306152 
v 25.137325286865234 0.15308931469917297 5.006096363067627 
v 25.04914093017578 0.15308931469917297 4.949909210205078 
v 26.645326614379883 0.15308931469917297 4.077354907989502 
v 26.941831588745117 0.1476975679397583 4.563209056854248 
v 27.08056640625 0.13151803612709045 5.1206746101379395 
v 27.05409049987793 0.10131654143333435 5.696868896484375 
v 27.05409049987793 -0.002233270090073347 5.696868896484375 
v 26.881961822509766 -0.002233270090073347 6.247723579406738 
v 27.08056640625 0.10131654143333435 5.1206746101379395 
v 26.954469680786133 0.13151803612709045 4.558802127838135 
v 26.678359985351562 0.1476975679397583 4.0542192459106445 
v 26.26431655883789 0.15308931469917297 3.663112163543701 
v 25.77672576904297 0.15308931469917297 3.389888048171997 
v 25.247943878173828 0.15308931469917297 3.2246315479278564 
v 24.949159622192383 0.15308931469917297 4.919061660766602 
v 24.844539642333984 0.15308931469917297 4.913552761077881 
v 25.790523529052734 0.15308931469917297 3.3601417541503906 
v 26.290231704711914 0.1476975679397583 3.6322641372680664 
v 26.68939781188965 0.13151803612709045 4.046507358551025 
v 26.954469680786133 0.10131654143333435 4.558802127838135 
v 27.08056640625 -0.002233270090073347 5.1206746101379395 
v 26.954469680786133 -0.002233270090073347 4.558802127838135 
v 26.68939781188965 0.10131654143333435 4.046507358551025 
v 26.298870086669922 0.13151803612709045 3.6223487854003906 
v 25.807601928710938 0.1476975679397583 3.3237853050231934 
v 25.253623962402344 0.15308931469917297 3.1926817893981934 
v 24.694486618041992 0.15308931469917297 3.1992921829223633 
v 24.153867721557617 0.15308931469917297 3.3204803466796875 
v 24.74235725402832 0.15308931469917297 4.9366888999938965 
v 24.649335861206055 0.15308931469917297 4.985164165496826 
v 24.691646575927734 0.15308931469917297 3.166240930557251 
v 25.260622024536133 0.1476975679397583 3.151918649673462 
v 25.81328010559082 0.13151803612709045 3.311666488647461 
v 26.298870086669922 0.10131654143333435 3.6223487854003906 
v 26.298870086669922 -0.002233270090073347 3.6223487854003906 
v 26.68939781188965 -0.002233270090073347 4.046507358551025 
v 25.81328010559082 0.10131654143333435 3.311666488647461 
v 25.262981414794922 0.13151803612709045 3.138698101043701 
v 24.688127517700195 0.1476975679397583 3.1265792846679688 
v 24.142709732055664 0.15308931469917297 3.2896323204040527 
v 23.66183853149414 0.15308931469917297 3.5749752521514893 
v 23.254234313964844 0.15308931469917297 3.949556589126587 
v 24.572269439697266 0.15308931469917297 5.055673599243164 
v 24.51580047607422 0.15308931469917297 5.143810272216797 
v 23.64312171936035 0.15308931469917297 3.5474324226379395 
v 24.1289119720459 0.1476975679397583 3.251072406768799 
v 24.686967849731445 0.13151803612709045 3.1122570037841797 
v 25.262981414794922 0.10131654143333435 3.138698101043701 
v 25.262981414794922 -0.002233270090073347 3.138698101043701 
v 25.81328010559082 -0.002233270090073347 3.311666488647461 
v 24.686967849731445 0.10131654143333435 3.1122570037841797 
v 24.124313354492188 0.13151803612709045 3.2389538288116455 
v 23.619966506958008 0.1476975679397583 3.514381170272827 
v 23.229238510131836 0.15308931469917297 3.928624153137207 
v 22.955448150634766 0.15308931469917297 4.41668176651001 
v 22.79007911682129 0.15308931469917297 4.945502281188965 
v 24.48456573486328 0.15308931469917297 5.244065761566162 
v 24.479726791381836 0.15308931469917297 5.348728179931641 
v 22.925853729248047 0.15308931469917297 4.402359485626221 
v 23.19832420349121 0.1476975679397583 3.903284788131714 
v 23.612247467041016 0.13151803612709045 3.503364086151123 
v 24.124313354492188 0.10131654143333435 3.2389538288116455 
v 24.124313354492188 -0.002233270090073347 3.2389538288116455 
v 24.686967849731445 -0.002233270090073347 3.1122570037841797 
v 23.612247467041016 0.10131654143333435 3.503364086151123 
v 23.188005447387695 0.13151803612709045 3.8944711685180664 
v 22.889301300048828 0.1476975679397583 4.385833740234375 
v 22.757925033569336 0.15308931469917297 4.939993858337402 
v 22.764644622802734 0.15308931469917297 5.498560905456543 
v 22.88578224182129 0.15308931469917297 6.039500713348389 
v 24.502641677856445 0.15308931469917297 5.451187610626221 
v 22.73208999633789 0.15308931469917297 5.501865863800049 
v 22.718212127685547 0.1476975679397583 4.932281970977783 
v 22.877103805541992 0.13151803612709045 4.3803253173828125 
v 23.188005447387695 0.10131654143333435 3.8944711685180664 
v 23.188005447387695 -0.002233270090073347 3.8944711685180664 
v 23.612247467041016 -0.002233270090073347 3.503364086151123 
v 26.146818161010742 -0.002233270090073347 7.1235833168029785 
v 24.710363388061523 0.28190848231315613 -29.77048110961914 
vn 0.1133599802851677 0 -0.9935539960861206 
vn -0.34245550632476807 0.003775085089728236 -0.9395264387130737 
vn 0.1133599802851677 0 -0.9935539960861206 
vn -0.34245550632476807 -0.003775085089728236 -0.9395264387130737 
vn 0.1133599802851677 0 -0.9935539960861206 
vn -0.34245550632476807 0.003775085089728236 -0.9395264387130737 
vn 0.1133599802851677 0 -0.9935539960861206 
vn -0.34245550632476807 -0.003775085089728236 -0.9395264387130737 
vn 0.1133599802851677 0 -0.9935539960861206 
vn -0.34245550632476807 -0.003775085089728236 -0.9395264387130737 
vn 0.1133599802851677 0 -0.9935539960861206 
vn -0.34245550632476807 -0.003775085089728236 -0.9395264387130737 
vn 0.1133599802851677 0 -0.9935539960861206 
vn -0.34245550632476807 -0.003775085089728236 -0.9395264387130737 
vn 0.1133599802851677 0 -0.9935539960861206 
vn -0.34245550632476807 -0.003775085089728236 -0.9395264387130737 
vn 0.1133599802851677 0 -0.9935539960861206 
vn -0.34245550632476807 -0.003775085089728236 -0.9395264387130737 
vn -0.34245550632476807 0.003775085089728236 -0.9395264387130737 
vn -0.4231681823730469 -8.752095998886683e-14 -0.9060511589050293 
vn -0.4231681823730469 -8.752095998886683e-14 -0.9060511589050293 
vn -0.4231681823730469 -8.752095998886683e-14 -0.9060511589050293 
vn -0.4230612814426422 0.0827057808637619 -0.9023185968399048 
vn -0.4230612814426422 0.0827057808637619 -0.9023185968399048 
vn -0.3701613247394562 0.47542139887809753 -0.7980946898460388 
vn -0.3701613247394562 0.47542139887809753 -0.7980946898460388 
vn -0.12240312248468399 0.957470715045929 -0.2612801790237427 
vn -0.12240312248468399 0.957470715045929 -0.2612801790237427 
vn -1.0341130485562108e-13 0.999997615814209 0.002184694167226553 
vn -1.0341130485562108e-13 0.999997615814209 0.002184694167226553 
vn -1.0341130485562108e-13 0.999997615814209 -0.002184694167226553 
vn -1.0341130485562108e-13 0.999997615814209 0.002184694167226553 
vn -1.0341130485562108e-13 0.999997615814209 -0.002184694167226553 
vn -1.0341130485562108e-13 0.999997615814209 0.002184694167226553 
vn -1.0341130485562108e-13 0.999997615814209 0.002184694167226553 
vn -1.0341130485562108e-13 0.999997615814209 0.002184694167226553 
vn -1.0341130485562108e-13 0.999997615814209 -0.002184694167226553 
vn -1.0341130485562108e-13 0.999997615814209 -0.002184694167226553 
vn -1.0341130485562108e-13 0.999997615814209 -0.002184694167226553 
vn -1.0341130485562108e-13 0.999997615814209 -0.002184694167226553 
vn -1.0341130485562108e-13 0.999997615814209 -0.002184694167226553 
vn -0.09046237915754318 0.9954949021339417 0.028397228568792343 
vn -0.08291822671890259 0.9958643913269043 0.03713129088282585 
vn -0.5967705249786377 0.7777265310287476 0.1975002884864807 
vn -0.5573012232780457 0.7895159721374512 0.25706008076667786 
vn -0.8309735059738159 0.40137284994125366 0.3852050006389618 
vn -0.783915102481842 0.3894757330417633 0.4835140109062195 
vn -0.4231681823730469 -8.752095998886683e-14 -0.9060511589050293 
vn -0.4230612814426422 0.0827057808637619 -0.9023185968399048 
vn -0.3719073235988617 0.4784739315509796 -0.7954543828964233 
vn -0.11863841116428375 0.960207998752594 -0.25283506512641907 
vn -1.0341130485562108e-13 0.999997615814209 0.002184694167226553 
vn -1.0341130485562108e-13 0.999997615814209 -0.002184694167226553 
vn -1.0341130485562108e-13 0.999997615814209 0.002184694167226553 
vn -1.0341130485562108e-13 0.999997615814209 -0.002184694167226553 
vn -1.0341130485562108e-13 0.999997615814209 -0.002184694167226553 
vn -0.10549934208393097 0.9941290020942688 0.024029340595006943 
vn -0.6503409743309021 0.7463419437408447 0.1415284425020218 
vn -0.8758642673492432 0.38830840587615967 0.2864931523799896 
vn -0.12051337957382202 0.9925169944763184 0.01966099627315998 
vn -0.12801504135131836 0.9916543364524841 0.0152922747656703 
vn -0.1355002075433731 0.9906592965126038 0.0152922747656703 
vn -0.18020299077033997 0.9833359122276306 0.024029340595006943 
vn -0.2591628432273865 0.9416901469230652 -0.21460255980491638 
vn -0.4527881443500519 0.4848177134990692 -0.7482877969741821 
vn -0.4981684386730194 0.0790935829281807 -0.8634653687477112 
vn -0.4230612814426422 0.0827057808637619 -0.9023185968399048 
vn -0.5006305575370789 -1.0354196476993274e-13 -0.865661084651947 
vn -0.4231681823730469 -8.752095998886683e-14 -0.9060511589050293 
vn -0.4231681823730469 -8.752095998886683e-14 -0.9060511589050293 
vn -0.4231681823730469 -8.752095998886683e-14 -0.9060511589050293 
vn -0.4231681823730469 -8.752095998886683e-14 -0.9060511589050293 
vn -0.4231681823730469 -8.752095998886683e-14 -0.9060511589050293 
vn -0.4231681823730469 -8.752095998886683e-14 -0.9060511589050293 
vn -0.4231681823730469 -8.752095998886683e-14 -0.9060511589050293 
vn -0.4231681823730469 -8.752095998886683e-14 -0.9060511589050293 
vn -0.4231681823730469 -8.752095998886683e-14 -0.9060511589050293 
vn -0.4231681823730469 -8.752095998886683e-14 -0.9060511589050293 
vn -0.4231681823730469 -8.752095998886683e-14 -0.9060511589050293 
vn -0.4231681823730469 -8.752095998886683e-14 -0.9060511589050293 
vn -0.4231681823730469 -8.752095998886683e-14 -0.9060511589050293 
vn -0.4231681823730469 -8.752095998886683e-14 -0.9060511589050293 
vn -0.4231681823730469 -8.752095998886683e-14 -0.9060511589050293 
vn -0.4231681823730469 -8.752095998886683e-14 -0.9060511589050293 
vn -0.4231681823730469 -8.752095998886683e-14 -0.9060511589050293 
vn -0.4231681823730469 -8.752095998886683e-14 -0.9060511589050293 
vn -0.4231681823730469 -8.752095998886683e-14 -0.9060511589050293 
vn -0.4231681823730469 -8.752095998886683e-14 -0.9060511589050293 
vn -0.4231681823730469 -8.752095998886683e-14 -0.9060511589050293 
vn -0.4231681823730469 -8.752095998886683e-14 -0.9060511589050293 
vn -0.4231681823730469 -8.752095998886683e-14 -0.9060511589050293 
vn -0.4231681823730469 -8.752095998886683e-14 -0.9060511589050293 
vn -0.4231681823730469 -8.752095998886683e-14 -0.9060511589050293 
vn -0.4231681823730469 -8.752095998886683e-14 -0.9060511589050293 
vn -0.4231681823730469 -8.752095998886683e-14 -0.9060511589050293 
vn -0.4231681823730469 -8.752095998886683e-14 -0.9060511589050293 
vn -0.4231681823730469 -8.752095998886683e-14 -0.9060511589050293 
vn -0.5006305575370789 -1.0354196476993274e-13 -0.865661084651947 
vn -0.5006305575370789 -1.0354196476993274e-13 -0.865661084651947 
vn -0.5006305575370789 -1.0354196476993274e-13 -0.865661084651947 
vn -0.5006305575370789 -1.0354196476993274e-13 -0.865661084651947 
vn -0.5006305575370789 -1.0354196476993274e-13 -0.865661084651947 
vn -0.5006305575370789 -1.0354196476993274e-13 -0.865661084651947 
vn -0.5006305575370789 -1.0354196476993274e-13 -0.865661084651947 
vn -0.5006305575370789 -1.0354196476993274e-13 -0.865661084651947 
vn -0.5006305575370789 -1.0354196476993274e-13 -0.865661084651947 
vn -0.8322274088859558 -1.721238575931247e-13 -0.5544344186782837 
vn -0.8322274088859558 -1.721238575931247e-13 -0.5544344186782837 
vn -0.997078001499176 -2.0621877686380352e-13 -0.0763898640871048 
vn -0.830506443977356 0.08298415690660477 -0.5507928133010864 
vn -0.99288010597229 0.0980273187160492 -0.06767380982637405 
vn -0.7811567783355713 0.33787211775779724 -0.5250110030174255 
vn -0.8287193179130554 0.5517473220825195 -0.09380380809307098 
vn -0.8322274088859558 -1.721238575931247e-13 -0.5544344186782837 
vn -0.8322274088859558 -1.721238575931247e-13 -0.5544344186782837 
vn -0.8322274088859558 -1.721238575931247e-13 -0.5544344186782837 
vn -0.8322274088859558 -1.721238575931247e-13 -0.5544344186782837 
vn -0.8322274088859558 -1.721238575931247e-13 -0.5544344186782837 
vn -0.8322274088859558 -1.721238575931247e-13 -0.5544344186782837 
vn -0.8322274088859558 -1.721238575931247e-13 -0.5544344186782837 
vn -0.997078001499176 -2.0621877686380352e-13 -0.0763898640871048 
vn -0.997078001499176 -2.0621877686380352e-13 -0.0763898640871048 
vn -0.997078001499176 -2.0621877686380352e-13 -0.0763898640871048 
vn -0.997078001499176 -2.0621877686380352e-13 -0.0763898640871048 
vn -0.997078001499176 -2.0621877686380352e-13 -0.0763898640871048 
vn -0.997078001499176 -2.0621877686380352e-13 -0.0763898640871048 
vn -0.997078001499176 -2.0621877686380352e-13 -0.0763898640871048 
vn -0.997078001499176 -2.0621877686380352e-13 -0.0763898640871048 
vn -0.995171308517456 -2.0582442542861623e-13 0.0981530249118805 
vn -0.995171308517456 -2.0582442542861623e-13 0.0981530249118805 
vn -0.995171308517456 -2.0582442542861623e-13 0.0981530249118805 
vn -0.9891247749328613 0.10547920316457748 0.10250037163496017 
vn -0.9882959127426147 0.11298195272684097 0.10250037163496017 
vn -0.8290525674819946 0.5519692301750183 0.08945280313491821 
vn -0.780506432056427 0.6193284392356873 0.08510008454322815 
vn -0.995171308517456 -2.0582442542861623e-13 0.0981530249118805 
vn -0.995171308517456 -2.0582442542861623e-13 0.0981530249118805 
vn -0.995171308517456 -2.0582442542861623e-13 0.0981530249118805 
vn -0.995171308517456 -2.0582442542861623e-13 0.0981530249118805 
vn -0.995171308517456 -2.0582442542861623e-13 0.0981530249118805 
vn -0.995171308517456 -2.0582442542861623e-13 0.0981530249118805 
vn -0.995171308517456 -2.0582442542861623e-13 0.0981530249118805 
vn -0.995171308517456 -2.0582442542861623e-13 0.0981530249118805 
vn -0.997078001499176 -2.0621877686380352e-13 -0.0763898640871048 
vn -0.995171308517456 -2.0582442542861623e-13 0.0981530249118805 
vn -0.995171308517456 -2.0582442542861623e-13 0.0981530249118805 
vn -0.995171308517456 -2.0582442542861623e-13 0.0981530249118805 
vn -0.993619978427887 0.01887499913573265 0.1111890971660614 
vn -0.9927896857261658 -2.0533184527660175e-13 0.11986933648586273 
vn -0.993619978427887 -0.01887499913573265 0.1111890971660614 
vn -0.9951426982879639 -0.007551673799753189 0.0981530249118805 
vn -0.995171308517456 -2.0582442542861623e-13 0.0981530249118805 
vn -0.995171308517456 -2.0582442542861623e-13 0.0981530249118805 
vn -0.995171308517456 -2.0582442542861623e-13 0.0981530249118805 
vn -0.9723634123802185 0.20976904034614563 0.10250037163496017 
vn -0.7515450119972229 0.6541697382926941 0.08510008454322815 
vn -0.995171308517456 -2.0582442542861623e-13 0.0981530249118805 
vn -0.9951426982879639 0.007551673799753189 0.0981530249118805 
vn -0.9823431968688965 0.13170717656612396 0.1328723281621933 
vn -0.9879940152168274 -2.043399900241577e-13 0.15449213981628418 
vn -0.9813116192817688 -0.13918480277061462 0.1328723281621933 
vn -0.9950567483901978 -0.015102912671864033 0.0981530249118805 
vn -0.995171308517456 -2.0582442542861623e-13 0.0981530249118805 
vn -0.995171308517456 -2.0582442542861623e-13 0.0981530249118805 
vn -0.9916970729827881 -0.0037763919681310654 0.12854042649269104 
vn -0.9916970729827881 0.0037763919681310654 0.12854042649269104 
vn -0.9592552781105042 0.25377580523490906 0.1242060661315918 
vn -0.3491455614566803 0.9304484724998474 0.1111890971660614 
vn -0.231776624917984 0.9718835353851318 0.04149730131030083 
vn 0.009432127699255943 0.9955460429191589 0.09380380809307098 
vn -1.0339945994688668e-13 0.9998830556869507 0.0152922747656703 
vn 0.007551673799753189 0.9951426982879639 0.0981530249118805 
vn -1.0339945994688668e-13 0.9998830556869507 0.0152922747656703 
vn 0.007551673799753189 0.9951426982879639 0.0981530249118805 
vn -1.0339945994688668e-13 0.9998830556869507 0.0152922747656703 
vn -0.46385902166366577 0.8738202452659607 0.1458524912595749 
vn -0.3420162796974182 0.9378429651260376 0.058952588587999344 
vn -0.9764373302459717 0.18749433755874634 0.10684575140476227 
vn -0.9739292860031128 0.18386581540107727 0.1328723281621933 
vn -0.9905359745025635 0.0037719702813774347 0.1372016966342926 
vn -0.9911260008811951 0.0037742170970886946 0.1328723281621933 
vn -0.9764373302459717 -0.18749433755874634 0.10684575140476227 
vn -0.9739292860031128 -0.18386581540107727 0.1328723281621933 
vn -0.46385902166366577 -0.8738202452659607 0.1458524912595749 
vn -0.3420162796974182 -0.9378429651260376 0.058952588587999344 
vn 0.007551673799753189 -0.9951426982879639 0.0981530249118805 
vn 3.09754338064655e-13 -0.9998830556869507 0.0152922747656703 
vn 0.007551673799753189 -0.9951426982879639 0.0981530249118805 
vn 3.09754338064655e-13 -0.9998830556869507 0.0152922747656703 
vn 0.009432127699255943 -0.9955460429191589 0.09380380809307098 
vn 3.09754338064655e-13 -0.9998830556869507 0.0152922747656703 
vn -0.32784926891326904 -0.9381640553474426 0.1111890971660614 
vn -0.2097003161907196 -0.9768847227096558 0.04149730131030083 
vn -0.9532147645950317 -0.27559831738471985 0.1242060661315918 
vn -0.9916395545005798 -0.011328957043588161 0.12854042649269104 
vn -0.9916970729827881 -0.0037763919681310654 0.12854042649269104 
vn -0.9916970729827881 -0.0037763919681310654 0.12854042649269104 
vn -0.9916970729827881 0.0037763919681310654 0.12854042649269104 
vn -0.9785322546958923 0.00377198145724833 0.2060592919588089 
vn -0.9785322546958923 0.00377198145724833 0.2060592919588089 
vn -0.938637375831604 0.28276053071022034 0.1975002884864807 
vn -0.20231705904006958 0.9784404635429382 0.04149730131030083 
vn -1.0341130485562108e-13 0.999997615814209 0.002184694167226553 
vn -1.0341130485562108e-13 0.999997615814209 -0.002184694167226553 
vn -1.0341130485562108e-13 0.999997615814209 -0.002184694167226553 
vn -0.34388938546180725 0.9362432360649109 0.07203252613544464 
vn -0.9621957540512085 0.1875445544719696 0.1975002884864807 
vn -0.9794232249259949 0.003775416174903512 0.2017817199230194 
vn -0.9621957540512085 -0.1875445544719696 0.1975002884864807 
vn -0.34388938546180725 -0.9362432360649109 0.07203252613544464 
vn 3.097898456858039e-13 -0.999997615814209 0.002184694167226553 
vn 3.097898456858039e-13 -0.999997615814209 -0.002184694167226553 
vn 3.097898456858039e-13 -0.999997615814209 0.002184694167226553 
vn -0.180130735039711 -0.9829416275024414 0.03713129088282585 
vn -0.9292128086090088 -0.3150102198123932 0.19321508705615997 
vn -0.9783577919006348 -0.018858786672353745 0.2060592919588089 
vn -0.9785322546958923 0.00377198145724833 0.2060592919588089 
vn -0.9785322546958923 0.00377198145724833 0.2060592919588089 
vn -0.95159512758255 -1.9681185934455891e-13 0.30735430121421814 
vn -0.9515652060508728 0.007549224887043238 0.30735430121421814 
vn -0.9128780961036682 0.28233733773231506 0.2948545813560486 
vn -0.19677995145320892 0.978401243686676 0.0633138045668602 
vn -1.0341130485562108e-13 0.999997615814209 0.002184694167226553 
vn -1.0341130485562108e-13 0.999997615814209 -0.002184694167226553 
vn -1.0341130485562108e-13 0.999997615814209 -0.002184694167226553 
vn -0.33296263217926025 0.9368670582771301 0.10684575140476227 
vn -0.9350306987762451 0.18382403254508972 0.30319350957870483 
vn -0.95159512758255 -1.9681185934455891e-13 0.30735430121421814 
vn -0.9350306987762451 -0.18382403254508972 0.30319350957870483 
vn -0.33296263217926025 -0.9368670582771301 0.10684575140476227 
vn 3.097898456858039e-13 -0.999997615814209 0.002184694167226553 
vn 3.097898456858039e-13 -0.999997615814209 0.002184694167226553 
vn 3.097898456858039e-13 -0.999997615814209 0.002184694167226553 
vn -0.18201135098934174 -0.9815276265144348 0.058952588587999344 
vn -0.9035100936889648 -0.311014860868454 0.2948545813560486 
vn -0.9514753818511963 -0.015097973868250847 0.30735430121421814 
vn -0.95159512758255 -1.9681185934455891e-13 0.30735430121421814 
vn -0.95159512758255 -1.9681185934455891e-13 0.30735430121421814 
vn -0.95159512758255 -1.9681185934455891e-13 0.30735430121421814 
vn -0.9069656133651733 -0.003773950971662998 0.42118772864341736 
vn -0.9069656133651733 0.003773950971662998 0.42118772864341736 
vn -0.8707258701324463 0.278550922870636 0.405272513628006 
vn -0.19315123558044434 0.9770827889442444 0.08945280313491821 
vn -1.0341130485562108e-13 0.999997615814209 -0.002184694167226553 
vn -1.0341130485562108e-13 0.999997615814209 -0.002184694167226553 
vn -1.0341130485562108e-13 0.999997615814209 -0.002184694167226553 
vn -0.32054755091667175 0.9352524280548096 0.15017375349998474 
vn -0.8911365866661072 0.18735907971858978 0.41324591636657715 
vn -0.9069656133651733 -0.003773950971662998 0.42118772864341736 
vn -0.8911365866661072 -0.18735907971858978 0.41324591636657715 
vn -0.32054755091667175 -0.9352524280548096 0.15017375349998474 
vn 3.097898456858039e-13 -0.999997615814209 -0.002184694167226553 
vn 3.097898456858039e-13 -0.999997615814209 -0.002184694167226553 
vn 3.097898456858039e-13 -0.999997615814209 0.002184694167226553 
vn -0.16895145177841187 -0.9823113083839417 0.08074574917554855 
vn -0.860431969165802 -0.31406348943710327 0.401274174451828 
vn -0.9067772030830383 -0.018868448212742805 0.42118772864341736 
vn -0.9069656133651733 0.003773950971662998 0.42118772864341736 
vn -0.9069656133651733 -0.003773950971662998 0.42118772864341736 
vn -0.8487849831581116 -0.003771646646782756 0.528724730014801 
vn -0.8487849831581116 0.003771646646782756 0.528724730014801 
vn -0.8127589821815491 0.2815406620502472 0.5100564956665039 
vn -0.18206438422203064 0.9769797921180725 0.1111890971660614 
vn -1.0341130485562108e-13 0.999997615814209 -0.002184694167226553 
vn -1.0341130485562108e-13 0.999997615814209 -0.002184694167226553 
vn -1.0341130485562108e-13 0.999997615814209 0.002184694167226553 
vn -0.29554054141044617 0.9364628791809082 0.18892620503902435 
vn -0.8334576487541199 0.18332476913928986 0.5212872624397278 
vn -0.8464666604995728 0.0037720154505223036 0.5324283838272095 
vn -0.8334576487541199 -0.18332476913928986 0.5212872624397278 
vn -0.29554054141044617 -0.9364628791809082 0.18892620503902435 
vn 3.097898456858039e-13 -0.999997615814209 0.002184694167226553 
vn 3.097898456858039e-13 -0.999997615814209 -0.002184694167226553 
vn 3.097898456858039e-13 -0.999997615814209 0.002184694167226553 
vn -0.15791632235050201 -0.9825621843338013 0.0981530249118805 
vn -0.8044067025184631 -0.3168642222881317 0.5025205612182617 
vn -0.8485838770866394 -0.018856743350625038 0.528724730014801 
vn -0.8487849831581116 0.003771646646782756 0.528724730014801 
vn -0.8487849831581116 0.003771646646782756 0.528724730014801 
vn -0.8487849831581116 0.003771646646782756 0.528724730014801 
vn -0.7860849499702454 0.003770347684621811 0.6181069612503052 
vn -0.7860849499702454 0.003770347684621811 0.6181069612503052 
vn -0.7540762424468994 0.2807067930698395 0.5937783122062683 
vn -0.16352322697639465 0.9781296253204346 0.12854042649269104 
vn -1.0341130485562108e-13 0.999997615814209 -0.002184694167226553 
vn -1.0341130485562108e-13 0.999997615814209 -0.002184694167226553 
vn -1.0341130485562108e-13 0.999997615814209 0.002184694167226553 
vn -0.27556031942367554 0.9360359311103821 0.21886809170246124 
vn -0.7699699401855469 0.1832043081521988 0.6112139225006104 
vn -0.7833766937255859 -0.0037688659504055977 0.6215357780456543 
vn -0.7699699401855469 -0.1832043081521988 0.6112139225006104 
vn -0.27556031942367554 -0.9360359311103821 0.21886809170246124 
vn 3.097898456858039e-13 -0.999997615814209 0.002184694167226553 
vn 3.097898456858039e-13 -0.999997615814209 0.002184694167226553 
vn 3.097898456858039e-13 -0.999997615814209 0.002184694167226553 
vn -0.14475643634796143 -0.9826995134353638 0.11553031951189041 
vn -0.7472408413887024 -0.3120669424533844 0.5867242813110352 
vn -0.7858679890632629 -0.01885000430047512 0.6181069612503052 
vn -0.7860849499702454 0.003770347684621811 0.6181069612503052 
vn -0.7860849499702454 0.003770347684621811 0.6181069612503052 
vn -0.7380461692810059 0.00377018004655838 0.67473965883255 
vn -0.7350909113883972 0.003767335321754217 0.677958071231842 
vn -0.7110679745674133 0.25523823499679565 0.6551609039306641 
vn -0.1819930374622345 0.9717645645141602 0.15017375349998474 
vn -0.007551383227109909 0.9999118447303772 -0.010923261754214764 
vn -0.007551383227109909 0.9999118447303772 -0.010923261754214764 
vn -0.007551383227109909 0.9999118447303772 -0.010923261754214764 
vn -0.2699073255062103 0.9356523752212524 0.22738653421401978 
vn -0.7252346277236938 0.19009940326213837 0.661737859249115 
vn -0.7409873604774475 -0.0037729344330728054 0.6715083718299866 
vn -0.7252346277236938 -0.19009940326213837 0.661737859249115 
vn -0.2699073255062103 -0.9356523752212524 0.22738653421401978 
vn -0.007551383227109909 -0.9999118447303772 -0.010923261754214764 
vn -0.007551383227109909 -0.9999118447303772 -0.010923261754214764 
vn -0.007551383227109909 -0.9999118447303772 -0.010923261754214764 
vn -0.1707676500082016 -0.9757121205329895 0.1372016966342926 
vn -0.7048689126968384 -0.2797260582447052 0.651853621006012 
vn -0.7350137233734131 -0.011301609687507153 0.677958071231842 
vn -0.7380461692810059 -0.00377018004655838 0.67473965883255 
vn -0.7380461692810059 -0.00377018004655838 0.67473965883255 
vn -0.7380461692810059 0.00377018004655838 0.67473965883255 
vn -0.7140142321586609 0.003770021256059408 0.7001210451126099 
vn -0.7140142321586609 0.003770021256059408 0.7001210451126099 
vn -0.7329111695289612 0.12753082811832428 0.6682642698287964 
vn -0.31153184175491333 0.9294845461845398 0.1975002884864807 
vn -0.06415406614542007 0.9956427812576294 -0.06767380982637405 
vn -0.06413444131612778 0.9953382015228271 -0.07203252613544464 
vn -0.06413444131612778 0.9953382015228271 -0.07203252613544464 
vn -0.4107719957828522 0.8722262382507324 0.26549527049064636 
vn -0.7101338505744934 0.18995477259159088 0.677958071231842 
vn -0.7409873604774475 0.0037729344330728054 0.6715083718299866 
vn -0.7101338505744934 -0.18995477259159088 0.677958071231842 
vn -0.4107719957828522 -0.8722262382507324 0.26549527049064636 
vn -0.06413444131612778 -0.9953382015228271 -0.07203252613544464 
vn -0.06413444131612778 -0.9953382015228271 -0.07203252613544464 
vn -0.06415406614542007 -0.9956427812576294 -0.06767380982637405 
vn -0.2917247414588928 -0.9393481612205505 0.18033768236637115 
vn -0.7345249056816101 -0.13504917919635773 0.6650074124336243 
vn -0.7169181108474731 -0.01506753358989954 0.6969945430755615 
vn -0.7140142321586609 0.003770021256059408 0.7001210451126099 
vn -0.7140142321586609 -0.003770021256059408 0.7001210451126099 
vn -0.9927896857261658 -2.0533184527660175e-13 -0.11986933648586273 
vn -0.6954262852668762 -1.4383021954434555e-13 -0.7185974717140198 
vn -0.6954262852668762 -1.4383021954434555e-13 -0.7185974717140198 
vn -0.6954262852668762 -1.4383021954434555e-13 -0.7185974717140198 
vn -0.9641047716140747 0.0037719053216278553 0.26549527049064636 
vn -0.7497258186340332 -0.0037685649003833532 0.661737859249115 
vn -0.7291480898857117 -1.5080466172698315e-13 0.6843559741973877 
vn -0.7228944897651672 0.018835438415408134 0.6907016038894653 
vn -0.7140142321586609 -0.003770021256059408 0.7001210451126099 
vn -0.7140142321586609 -0.003770021256059408 0.7001210451126099 
vn -0.5670837163925171 -0.0037665374111384153 0.8236515522003174 
vn -0.5670837163925171 0.0037665374111384153 0.8236515522003174 
vn -0.06549396365880966 -1.3545665342163098e-14 0.9978529810905457 
vn -0.5670837163925171 -0.0037665374111384153 0.8236515522003174 
vn -0.06549396365880966 -1.3545665342163098e-14 0.9978529810905457 
vn -0.7140142321586609 0.003770021256059408 0.7001210451126099 
vn -0.7140142321586609 0.003770021256059408 0.7001210451126099 
vn -0.7140142321586609 0.003770021256059408 0.7001210451126099 
vn -0.7140142321586609 0.003770021256059408 0.7001210451126099 
vn -0.7140142321586609 0.003770021256059408 0.7001210451126099 
vn -0.7140142321586609 0.003770021256059408 0.7001210451126099 
vn -0.9449018836021423 0.30106115341186523 0.12854042649269104 
vn -0.711342990398407 0.6953307390213013 0.10250037163496017 
vn -0.9141051769256592 0.3541262149810791 0.1975002884864807 
vn -0.423151433467865 -0.003766018431633711 0.9060511589050293 
vn -0.423151433467865 -0.003766018431633711 0.9060511589050293 
vn -0.423151433467865 -0.003766018431633711 0.9060511589050293 
vn -0.423151433467865 -0.003766018431633711 0.9060511589050293 
vn -1.0341130485562108e-13 0.999997615814209 0.002184694167226553 
vn -1.0341130485562108e-13 0.999997615814209 0.002184694167226553 
vn -1.0341130485562108e-13 0.999997615814209 0.002184694167226553 
vn -1.0341130485562108e-13 0.999997615814209 0.002184694167226553 
vn -1.0341130485562108e-13 0.999997615814209 -0.002184694167226553 
vn -1.0341130485562108e-13 0.999997615814209 -0.002184694167226553 
vn -1.0341130485562108e-13 0.999997615814209 -0.002184694167226553 
vn -1.0341130485562108e-13 0.999997615814209 -0.002184694167226553 
vn -0.4231681823730469 -8.752095998886683e-14 -0.9060511589050293 
vn -0.4231681823730469 -8.752095998886683e-14 -0.9060511589050293 
vn -0.4231681823730469 -8.752095998886683e-14 -0.9060511589050293 
vn -0.4231681823730469 -8.752095998886683e-14 -0.9060511589050293 
vn -0.4231681823730469 -8.752095998886683e-14 -0.9060511589050293 
vn -0.4231681823730469 -8.752095998886683e-14 -0.9060511589050293 
vn -0.4231681823730469 -8.752095998886683e-14 -0.9060511589050293 
vn -0.4231681823730469 -8.752095998886683e-14 -0.9060511589050293 
vn -0.4231681823730469 -8.752095998886683e-14 -0.9060511589050293 
vn -0.4231681823730469 -8.752095998886683e-14 -0.9060511589050293 
vn -0.4231681823730469 -8.752095998886683e-14 -0.9060511589050293 
vn -0.4231681823730469 -8.752095998886683e-14 -0.9060511589050293 
vn -0.4231681823730469 -8.752095998886683e-14 -0.9060511589050293 
vn -0.4231681823730469 -8.752095998886683e-14 -0.9060511589050293 
vn -0.4231681823730469 -8.752095998886683e-14 -0.9060511589050293 
vn -0.4231681823730469 -8.752095998886683e-14 -0.9060511589050293 
vn -0.8322274088859558 -1.721238575931247e-13 -0.5544344186782837 
vn -0.4231681823730469 -8.752095998886683e-14 -0.9060511589050293 
vn -0.9785322546958923 0.00377198145724833 0.2060592919588089 
vn -0.9069656133651733 0.003773950971662998 0.42118772864341736 
vn -0.7860849499702454 -0.003770347684621811 0.6181069612503052 
vn -0.5489680171012878 -1.1353927780594075e-13 0.8358433246612549 
vn 0.10467331111431122 0 0.9945066571235657 
vn 0.10467331111431122 0 0.9945066571235657 
vn 0.10467331111431122 0 0.9945066571235657 
vn -0.7994090914726257 -1.6533627765491499e-13 0.6007870435714722 
vn -1.0341130485562108e-13 0.999997615814209 0.002184694167226553 
vn -1.0341130485562108e-13 0.999997615814209 0.002184694167226553 
vn -1.0341130485562108e-13 0.999997615814209 0.002184694167226553 
vn -1.0341130485562108e-13 0.999997615814209 0.002184694167226553 
vn -1.0341130485562108e-13 0.999997615814209 -0.002184694167226553 
vn -1.0341130485562108e-13 0.999997615814209 -0.002184694167226553 
vn -1.0341130485562108e-13 0.999997615814209 -0.002184694167226553 
vn -1.0341130485562108e-13 0.999997615814209 -0.002184694167226553 
vn -1.0341130485562108e-13 0.999997615814209 0.002184694167226553 
vn -1.0341130485562108e-13 0.999997615814209 0.002184694167226553 
vn -1.0341130485562108e-13 0.999997615814209 0.002184694167226553 
vn -1.0341130485562108e-13 0.999997615814209 0.002184694167226553 
vn 0.8097867965698242 0 0.5867242813110352 
vn 0.995991051197052 0 0.08945280313491821 
vn 0.8097867965698242 0 0.5867242813110352 
vn 0.995991051197052 0 0.08945280313491821 
vn 0.995991051197052 0 0.08945280313491821 
vn 0.995171308517456 0 -0.0981530249118805 
vn 0.995171308517456 0 -0.0981530249118805 
vn 0.995171308517456 0 -0.0981530249118805 
vn 0.995171308517456 0 -0.0981530249118805 
vn 0.995171308517456 0 -0.0981530249118805 
vn 0.995171308517456 0 -0.0981530249118805 
vn 0.9917042851448059 0 -0.12854042649269104 
vn 0.9917042851448059 0 -0.12854042649269104 
vn 0.9785395264625549 0 -0.2060592919588089 
vn 0.9785395264625549 0 -0.2060592919588089 
vn 0.95159512758255 0 -0.30735430121421814 
vn 0.95159512758255 0 -0.30735430121421814 
vn 0.9069734811782837 0 -0.42118772864341736 
vn 0.9069734811782837 0 -0.42118772864341736 
vn 0.8487933278083801 0 -0.528724730014801 
vn 0.8487933278083801 0 -0.528724730014801 
vn 0.7860940098762512 0 -0.6181069612503052 
vn 0.7860940098762512 0 -0.6181069612503052 
vn 0.7380558252334595 0 -0.67473965883255 
vn 0.7380558252334595 0 -0.67473965883255 
vn 0.7140241861343384 0 -0.7001210451126099 
vn 0.7140241861343384 0 -0.7001210451126099 
vn 0.7140241861343384 0 -0.7001210451126099 
vn 0.7140241861343384 0 -0.7001210451126099 
vn 0.7140241861343384 0 -0.7001210451126099 
vn 0.7140241861343384 0 -0.7001210451126099 
vn 0.5849537253379822 0 -0.8110666871070862 
vn 0.5849537253379822 0 -0.8110666871070862 
vn 0.1133599802851677 0 -0.9935539960861206 
vn 0.1133599802851677 0 -0.9935539960861206 
vn 0.5849537253379822 0 -0.8110666871070862 
vn 0.7140241861343384 0 -0.7001210451126099 
vn 0.7140241861343384 0 -0.7001210451126099 
vn 0.7140241861343384 0 -0.7001210451126099 
vn 0.7380558252334595 0 -0.67473965883255 
vn 0.7860940098762512 0 -0.6181069612503052 
vn 0.8487933278083801 0 -0.528724730014801 
vn 0.9069734811782837 0 -0.42118772864341736 
vn 0.95159512758255 0 -0.30735430121421814 
vn 0.9785395264625549 0 -0.2060592919588089 
vn 0.9917042851448059 0 -0.12854042649269104 
vn 0.995171308517456 0 -0.0981530249118805 
vn 0.995171308517456 0 -0.0981530249118805 
vn 0.995171308517456 0 -0.0981530249118805 
vn 0.995991051197052 0 0.08945280313491821 
vn 0.8097867965698242 0 0.5867242813110352 
vn 0.7140241861343384 0 -0.7001210451126099 
vn 0.7140241861343384 0 -0.7001210451126099 
vn 0.7140241861343384 0 -0.7001210451126099 
vn 0.7380558252334595 0 -0.67473965883255 
vn 0.7860940098762512 0 -0.6181069612503052 
vn 0.8487933278083801 0 -0.528724730014801 
vn 0.9069734811782837 0 -0.42118772864341736 
vn 0.95159512758255 0 -0.30735430121421814 
vn 0.9785395264625549 0 -0.2060592919588089 
vn 0.9917042851448059 0 -0.12854042649269104 
vn 0.995171308517456 0 -0.0981530249118805 
vn 0.995171308517456 0 -0.0981530249118805 
vn 0.995171308517456 0 -0.0981530249118805 
vn 0.995991051197052 0 0.08945280313491821 
vn 0.8097867965698242 0 0.5867242813110352 
vn 0.7140241861343384 0 -0.7001210451126099 
vn 0.7140241861343384 0 -0.7001210451126099 
vn 0.7380558252334595 0 -0.67473965883255 
vn 0.7860940098762512 0 -0.6181069612503052 
vn 0.8487933278083801 0 -0.528724730014801 
vn 0.9069734811782837 0 -0.42118772864341736 
vn 0.95159512758255 0 -0.30735430121421814 
vn 0.9785395264625549 0 -0.2060592919588089 
vn 0.9917042851448059 0 -0.12854042649269104 
vn 0.995171308517456 0 -0.0981530249118805 
vn 0.995171308517456 0 -0.0981530249118805 
vn 0.995171308517456 0 -0.0981530249118805 
vn 0.995991051197052 0 0.08945280313491821 
vn 0.8097867965698242 0 0.5867242813110352 
vn 0.7140241861343384 0 -0.7001210451126099 
vn 0.7380558252334595 0 -0.67473965883255 
vn 0.7860940098762512 0 -0.6181069612503052 
vn 0.8487933278083801 0 -0.528724730014801 
vn 0.9069734811782837 0 -0.42118772864341736 
vn 0.95159512758255 0 -0.30735430121421814 
vn 0.9785395264625549 0 -0.2060592919588089 
vn 0.9917042851448059 0 -0.12854042649269104 
vn 0.995171308517456 0 -0.0981530249118805 
vn 0.995171308517456 0 -0.0981530249118805 
vn 0.995171308517456 0 -0.0981530249118805 
vn 0.995991051197052 0 0.08945280313491821 
vn 0.8097867965698242 0 0.5867242813110352 
vn 0.7380558252334595 0 -0.67473965883255 
vn 0.7860940098762512 0 -0.6181069612503052 
vn 0.8487933278083801 0 -0.528724730014801 
vn 0.9069734811782837 0 -0.42118772864341736 
vn 0.95159512758255 0 -0.30735430121421814 
vn 0.9785395264625549 0 -0.2060592919588089 
vn 0.9917042851448059 0 -0.12854042649269104 
vn 0.995171308517456 0 -0.0981530249118805 
vn 0.995171308517456 0 -0.0981530249118805 
vn 0.995171308517456 0 -0.0981530249118805 
vn 0.995991051197052 0 0.08945280313491821 
vn 0.8097867965698242 0 0.5867242813110352 
vn 0.7140241861343384 0 -0.7001210451126099 
vn 0.7380558252334595 0 -0.67473965883255 
vn 0.7860940098762512 0 -0.6181069612503052 
vn 0.8487933278083801 0 -0.528724730014801 
vn 0.7751678824424744 0.17249588668346405 -0.607749879360199 
vn 0.8332271575927734 0.19460438191890717 -0.5175535082817078 
vn 0.5334150195121765 0.7380353808403015 -0.41324591636657715 
vn 0.5343704223632812 0.7772361040115356 -0.33219319581985474 
vn 0.7140241861343384 0 -0.7001210451126099 
vn 0.7140241861343384 0 -0.7001210451126099 
vn 0.5849537253379822 0 -0.8110666871070862 
vn 0.1133599802851677 0 -0.9935539960861206 
vn 0.1133599802851677 0 -0.9935539960861206 
vn 0.5849537253379822 0 -0.8110666871070862 
vn 0.5849537253379822 0 -0.8110666871070862 
vn 0.7140241861343384 0 -0.7001210451126099 
vn 0.5874451994895935 0.09782557934522629 -0.8033295273780823 
vn 0.7123640775680542 0.10537093877792358 -0.6938546895980835 
vn 0.46541640162467957 0.5455145835876465 -0.6969945430755615 
vn 0.6060811877250671 0.5447017550468445 -0.5796254277229309 
vn 0.7140241861343384 0 -0.7001210451126099 
vn 0.7112196683883667 0.11283732205629349 -0.6938546895980835 
vn 0.7140241861343384 0 -0.7001210451126099 
vn 0.7117489576339722 0.12784621119499207 -0.6907016038894653 
vn 0.7315980195999146 0.15009836852550507 -0.6650074124336243 
vn 0.5731911063194275 0.6132565140724182 -0.5434780716896057 
vn 0.5489998459815979 0.6503557562828064 -0.5250110030174255 
vn 0.5398366451263428 0.689050555229187 -0.4835140109062195 
vn 0.10241694003343582 0.3396569788455963 -0.9349566102027893 
vn 0.1201290711760521 0.07884196937084198 -0.9896226525306702 
vn 0.1133599802851677 0 -0.9935539960861206 
vn 0.1133599802851677 0 -0.9935539960861206 
vn 0.1133599802851677 0 -0.9935539960861206 
vn 0.5849537253379822 0 -0.8110666871070862 
vn 0.1133599802851677 0 -0.9935539960861206 
vn 0.5849537253379822 0 -0.8110666871070862 
vn 0.1133599802851677 0 -0.9935539960861206 
vn 0.5849537253379822 0 -0.8110666871070862 
vn 0.5849537253379822 0 -0.8110666871070862 
vn 0.7140241861343384 0 -0.7001210451126099 
vn 0.7140241861343384 0 -0.7001210451126099 
vn 0.7140241861343384 0 -0.7001210451126099 
vn 0.7140241861343384 0 -0.7001210451126099 
vn 0.7140241861343384 0 -0.7001210451126099 
vn 0.7140241861343384 0 -0.7001210451126099 
vn 0.7140241861343384 0 -0.7001210451126099 
vn 0.7140241861343384 0 -0.7001210451126099 
vn 0.7380558252334595 0 -0.67473965883255 
vn 0.7140241861343384 0 -0.7001210451126099 
vn 0.7380558252334595 0 -0.67473965883255 
vn 0.7860940098762512 0 -0.6181069612503052 
vn 0.7860940098762512 0 -0.6181069612503052 
vn 0.8487933278083801 0 -0.528724730014801 
vn 0.8487933278083801 0 -0.528724730014801 
vn 0.9069734811782837 0 -0.42118772864341736 
vn 0.95159512758255 0 -0.30735430121421814 
vn 0.9785395264625549 0 -0.2060592919588089 
vn 0.9917042851448059 0 -0.12854042649269104 
vn 0.995171308517456 0 -0.0981530249118805 
vn 0.995171308517456 0 -0.0981530249118805 
vn 0.995171308517456 0 -0.0981530249118805 
vn 0.995171308517456 0 -0.0981530249118805 
vn 0.995171308517456 0 -0.0981530249118805 
vn 0.995171308517456 0 -0.0981530249118805 
vn 0.9917042851448059 0 -0.12854042649269104 
vn 0.9785395264625549 0 -0.2060592919588089 
vn 0.95159512758255 0 -0.30735430121421814 
vn 0.9069734811782837 0 -0.42118772864341736 
vn -0.995171308517456 -2.0582442542861623e-13 0.0981530249118805 
vn 0.8097867965698242 0 -0.5867242813110352 
vn 0.8097867965698242 0 -0.5867242813110352 
vn 0.995991051197052 0 -0.08945280313491821 
vn 0.995991051197052 0 -0.08945280313491821 
vn 0.995171308517456 0 0.0981530249118805 
vn 0.995171308517456 0 0.0981530249118805 
vn 0.995171308517456 0 0.0981530249118805 
vn 0.995171308517456 0 0.0981530249118805 
vn 0.995171308517456 0 0.0981530249118805 
vn 0.995171308517456 0 0.0981530249118805 
vn 0.9917042851448059 0 0.12854042649269104 
vn 0.9917042851448059 0 0.12854042649269104 
vn 0.9785395264625549 0 0.2060592919588089 
vn 0.9785395264625549 0 0.2060592919588089 
vn 0.95159512758255 0 0.30735430121421814 
vn 0.95159512758255 0 0.30735430121421814 
vn 0.9069734811782837 0 0.42118772864341736 
vn 0.9069734811782837 0 0.42118772864341736 
vn 0.8487933278083801 0 0.528724730014801 
vn 0.8487933278083801 0 0.528724730014801 
vn 0.7860940098762512 0 0.6181069612503052 
vn 0.7860940098762512 0 0.6181069612503052 
vn 0.7380558252334595 0 0.67473965883255 
vn 0.7380558252334595 0 0.67473965883255 
vn 0.7140241861343384 0 0.7001210451126099 
vn 0.7140241861343384 0 0.7001210451126099 
vn 0.7140241861343384 0 0.7001210451126099 
vn 0.7140241861343384 0 0.7001210451126099 
vn 0.7140241861343384 0 0.7001210451126099 
vn 0.7140241861343384 0 0.7001210451126099 
vn 0.5849537253379822 0 0.8110666871070862 
vn 0.5849537253379822 0 0.8110666871070862 
vn 0.1133599802851677 0 0.9935539960861206 
vn 0.1133599802851677 0 0.9935539960861206 
vn 0.995991051197052 0 -0.08945280313491821 
vn 0.995171308517456 0 0.0981530249118805 
vn 0.995171308517456 0 0.0981530249118805 
vn 0.995171308517456 0 0.0981530249118805 
vn 0.9917042851448059 0 0.12854042649269104 
vn 0.9785395264625549 0 0.2060592919588089 
vn 0.95159512758255 0 0.30735430121421814 
vn 0.9069734811782837 0 0.42118772864341736 
vn 0.8487933278083801 0 0.528724730014801 
vn 0.7860940098762512 0 0.6181069612503052 
vn 0.7380558252334595 0 0.67473965883255 
vn 0.7140241861343384 0 0.7001210451126099 
vn 0.7140241861343384 0 0.7001210451126099 
vn 0.7140241861343384 0 0.7001210451126099 
vn 0.5849537253379822 0 0.8110666871070862 
vn 0.1133599802851677 0 0.9935539960861206 
vn 0.995991051197052 0 -0.08945280313491821 
vn 0.995171308517456 0 0.0981530249118805 
vn 0.995171308517456 0 0.0981530249118805 
vn 0.995171308517456 0 0.0981530249118805 
vn 0.9917042851448059 0 0.12854042649269104 
vn 0.9785395264625549 0 0.2060592919588089 
vn 0.95159512758255 0 0.30735430121421814 
vn 0.9069734811782837 0 0.42118772864341736 
vn 0.8487933278083801 0 0.528724730014801 
vn 0.7860940098762512 0 0.6181069612503052 
vn 0.7380558252334595 0 0.67473965883255 
vn 0.7140241861343384 0 0.7001210451126099 
vn 0.7140241861343384 0 0.7001210451126099 
vn 0.7140241861343384 0 0.7001210451126099 
vn 0.5849537253379822 0 0.8110666871070862 
vn 0.1133599802851677 0 0.9935539960861206 
vn 0.995991051197052 0 -0.08945280313491821 
vn 0.995171308517456 0 0.0981530249118805 
vn 0.995171308517456 0 0.0981530249118805 
vn 0.995171308517456 0 0.0981530249118805 
vn 0.9917042851448059 0 0.12854042649269104 
vn 0.9785395264625549 0 0.2060592919588089 
vn 0.95159512758255 0 0.30735430121421814 
vn 0.9069734811782837 0 0.42118772864341736 
vn 0.8487933278083801 0 0.528724730014801 
vn 0.7860940098762512 0 0.6181069612503052 
vn 0.7380558252334595 0 0.67473965883255 
vn 0.7140241861343384 0 0.7001210451126099 
vn 0.7140241861343384 0 0.7001210451126099 
vn 0.7140241861343384 0 0.7001210451126099 
vn 0.5849537253379822 0 0.8110666871070862 
vn 0.1133599802851677 0 0.9935539960861206 
vn 0.995991051197052 0 -0.08945280313491821 
vn 0.995171308517456 0 0.0981530249118805 
vn 0.995171308517456 0 0.0981530249118805 
vn 0.995171308517456 0 0.0981530249118805 
vn 0.9917042851448059 0 0.12854042649269104 
vn 0.9785395264625549 0 0.2060592919588089 
vn 0.95159512758255 0 0.30735430121421814 
vn 0.9069734811782837 0 0.42118772864341736 
vn 0.8487933278083801 0 0.528724730014801 
vn 0.7860940098762512 0 0.6181069612503052 
vn 0.7380558252334595 0 0.67473965883255 
vn 0.7140241861343384 0 0.7001210451126099 
vn 0.7140241861343384 0 0.7001210451126099 
vn 0.7140241861343384 0 0.7001210451126099 
vn 0.5849537253379822 0 0.8110666871070862 
vn 0.1133599802851677 0 0.9935539960861206 
vn 0.995991051197052 0 -0.08945280313491821 
vn 0.995171308517456 0 0.0981530249118805 
vn 0.995171308517456 0 0.0981530249118805 
vn 0.995171308517456 0 0.0981530249118805 
vn 0.9917042851448059 0 0.12854042649269104 
vn 0.9785395264625549 0 0.2060592919588089 
vn 0.95159512758255 0 0.30735430121421814 
vn 0.9069734811782837 0 0.42118772864341736 
vn 0.8487933278083801 0 0.528724730014801 
vn 0.7860940098762512 0 0.6181069612503052 
vn 0.7380558252334595 0 0.67473965883255 
vn 0.7140241861343384 0 0.7001210451126099 
vn 0.7140241861343384 0 0.7001210451126099 
vn 0.7140241861343384 0 0.7001210451126099 
vn 0.7140241861343384 0 0.7001210451126099 
vn 0.7123898863792419 0.10519658029079437 0.6938546895980835 
vn 0.5875099897384644 0.09743547439575195 0.8033295273780823 
vn 0.4669916331768036 0.5441667437553406 0.6969945430755615 
vn 0.10388239473104477 0.339211642742157 0.9349566102027893 
vn 0.7140241861343384 0 0.7001210451126099 
vn 0.7380558252334595 0 0.67473965883255 
vn 0.7860940098762512 0 0.6181069612503052 
vn 0.8487933278083801 0 0.528724730014801 
vn 0.9069734811782837 0 0.42118772864341736 
vn 0.95159512758255 0 0.30735430121421814 
vn 0.9785395264625549 0 0.2060592919588089 
vn 0.9917042851448059 0 0.12854042649269104 
vn 0.995171308517456 0 0.0981530249118805 
vn 0.995171308517456 0 0.0981530249118805 
vn 0.995171308517456 0 0.0981530249118805 
vn 0.995991051197052 0 -0.08945280313491821 
vn 0.8097867965698242 0 -0.5867242813110352 
vn 0.8097867965698242 0 -0.5867242813110352 
vn 0.7380558252334595 0 0.67473965883255 
vn 0.7140241861343384 0 0.7001210451126099 
vn 0.7112492322921753 0.1126508116722107 0.6938546895980835 
vn 0.6066681146621704 0.5440479516983032 0.5796254277229309 
vn 0.7860940098762512 0 0.6181069612503052 
vn 0.7316467761993408 0.14986033737659454 0.6650074124336243 
vn 0.7752818465232849 0.17198306322097778 0.607749879360199 
vn 0.5347396731376648 0.6930134892463684 0.4835140109062195 
vn 0.5334150195121765 0.7380353808403015 0.41324591636657715 
vn 0.8332897424697876 0.19433623552322388 0.5175535082817078 
vn 0.8487933278083801 0 0.528724730014801 
vn 0.9069734811782837 0 0.42118772864341736 
vn 0.95159512758255 0 0.30735430121421814 
vn 0.1133599802851677 0 0.9935539960861206 
vn 0.5849537253379822 0 0.8110666871070862 
vn 0.7140241861343384 0 0.7001210451126099 
vn 0.7140241861343384 0 0.7001210451126099 
vn 0.7140241861343384 0 0.7001210451126099 
vn 0.7140241861343384 0 0.7001210451126099 
vn 0.1133599802851677 0 0.9935539960861206 
vn 0.5849537253379822 0 0.8110666871070862 
vn 0.7140241861343384 0 0.7001210451126099 
vn 0.5849537253379822 0 0.8110666871070862 
vn 0.1133599802851677 0 0.9935539960861206 
vn 0.7140241861343384 0 0.7001210451126099 
vn 0.5497972369194031 0.649681806564331 0.5250110030174255 
vn 0.7118242383003235 0.1274266242980957 0.6907016038894653 
vn 0.5683798789978027 0.6177182793617249 0.5434780716896057 
vn 0.7380558252334595 0 0.67473965883255 
vn 0.7860940098762512 0 0.6181069612503052 
vn 0.8487933278083801 0 0.528724730014801 
vn 0.9069734811782837 0 0.42118772864341736 
vn 0.95159512758255 0 0.30735430121421814 
vn 0.9785395264625549 0 0.2060592919588089 
vn 0.9917042851448059 0 0.12854042649269104 
vn 0.995171308517456 0 0.0981530249118805 
vn 0.995171308517456 0 0.0981530249118805 
vn 0.995171308517456 0 0.0981530249118805 
vn 0.5343704223632812 0.7772361040115356 0.33219319581985474 
vn 0.8879081606864929 0.20210622251033783 0.41324591636657715 
vn 0.5587896704673767 0.7870748043060303 0.2612801790237427 
vn 0.9327799677848816 0.19492359459400177 0.30319350957870483 
vn 0.6027413010597229 0.7731083631515503 0.1975002884864807 
vn 0.9631965160369873 0.1726037710905075 0.2060592919588089 
vn 0.6560130715370178 0.7413613200187683 0.1415284425020218 
vn 0.9796575903892517 0.15038594603538513 0.1328723281621933 
vn 0.7165989279747009 0.6899127960205078 0.10250037163496017 
vn 0.9864674210548401 0.12796750664710999 0.10250037163496017 
vn 0.758933424949646 0.64558345079422 0.08510008454322815 
vn 0.9882959127426147 0.11298195272684097 0.10250037163496017 
vn 0.7874968647956848 0.6104151010513306 0.08510008454322815 
vn 0.9891247749328613 0.10547920316457748 0.10250037163496017 
vn 0.8311383724212646 0.5488234758377075 0.08945280313491821 
vn 0.9915398359298706 0.09801384806632996 -0.08510008454322815 
vn 0.8326811194419861 0.5424749851226807 -0.1111890971660614 
vn 0.8088362812995911 0.07539576292037964 -0.5831804275512695 
vn 0.7672318816184998 0.30961960554122925 -0.5616858005523682 
vn 0.9785395264625549 0 0.2060592919588089 
vn 0.9917042851448059 0 0.12854042649269104 
vn 0.995171308517456 0 0.0981530249118805 
vn 0.995171308517456 0 0.0981530249118805 
vn 0.995171308517456 0 0.0981530249118805 
vn 0.995991051197052 0 -0.08945280313491821 
vn 0.8097867965698242 0 -0.5867242813110352 
vn 0.11668530851602554 0.0838545560836792 0.9896226525306702 
vn 0.5849537253379822 0 0.8110666871070862 
vn 0.1133599802851677 0 0.9935539960861206 
vn 0.8097867965698242 0 0.5867242813110352 
vn 0.995991051197052 0 0.08945280313491821 
vn 0.8097867965698242 0 0.5867242813110352 
vn 0.995991051197052 0 0.08945280313491821 
vn 0.8097867965698242 0 0.5867242813110352 
vn 0.9915398359298706 0.09801384806632996 0.08510008454322815 
vn 0.8088465929031372 0.07528471946716309 0.5831804275512695 
vn 0.8326811194419861 0.5424749851226807 0.1111890971660614 
vn 0.7674041390419006 0.3091924488544464 0.5616858005523682 
vn 0.8311383724212646 0.5488234758377075 -0.08945280313491821 
vn 0.9891247749328613 0.10547920316457748 -0.10250037163496017 
vn 0.7874968647956848 0.6104151010513306 -0.08510008454322815 
vn 0.9882959127426147 0.11298195272684097 -0.10250037163496017 
vn 0.758933424949646 0.64558345079422 -0.08510008454322815 
vn 0.9864674210548401 0.12796750664710999 -0.10250037163496017 
vn 0.7165989279747009 0.6899127960205078 -0.10250037163496017 
vn 0.9796575903892517 0.15038594603538513 -0.1328723281621933 
vn 0.6560130715370178 0.7413613200187683 -0.1415284425020218 
vn 0.963158905506134 0.17281357944011688 -0.2060592919588089 
vn 0.6027413010597229 0.7731083631515503 -0.1975002884864807 
vn 0.9327799677848816 0.19492359459400177 -0.30319350957870483 
vn 0.5640014410018921 0.7833486199378967 -0.2612801790237427 
vn 0.8879081606864929 0.20210622251033783 -0.41324591636657715 
vn 0.995171308517456 0 -0.0981530249118805 
vn 0.995171308517456 0 -0.0981530249118805 
vn 0.995171308517456 0 -0.0981530249118805 
vn 0.9917042851448059 0 -0.12854042649269104 
vn 0.9785395264625549 0 -0.2060592919588089 
vn 0.95159512758255 0 -0.30735430121421814 
vn 0.9069734811782837 0 -0.42118772864341736 
vn 0.1133599802851677 0 -0.9935539960861206 
vn -0.34169989824295044 0.07882288098335266 -0.9364978075027466 
vn 0.1201290711760521 0.07884196937084198 -0.9896226525306702 
vn -0.2799384593963623 0.484867662191391 -0.8285757899284363 
vn 0.10241694003343582 0.3396569788455963 -0.9349566102027893 
vn -9.738792481868777e-14 0.9417508840560913 -0.3363112509250641 
vn 0.46541640162467957 0.5455145835876465 -0.6969945430755615 
vn 0.13169775903224945 0.983477771282196 -0.1242060661315918 
vn 0.6060811877250671 0.5447017550468445 -0.5796254277229309 
vn 0.5731911063194275 0.6132565140724182 -0.5434780716896057 
vn -0.4230612814426422 0.0827057808637619 -0.9023185968399048 
vn -0.3719073235988617 0.4784739315509796 -0.7954543828964233 
vn -0.11863841116428375 0.960207998752594 -0.25283506512641907 
vn -1.0341130485562108e-13 0.999997615814209 -0.002184694167226553 
vn 0.09985422343015671 0.9909729361534119 -0.08945280313491821 
vn 0.5489998459815979 0.6503557562828064 -0.5250110030174255 
vn -0.3701613247394562 0.47542139887809753 -0.7980946898460388 
vn -0.12240312248468399 0.957470715045929 -0.2612801790237427 
vn -1.0341130485562108e-13 0.999997615814209 -0.002184694167226553 
vn -1.0341130485562108e-13 0.999997615814209 0.002184694167226553 
vn 0.09237596392631531 0.9920809864997864 -0.08510008454322815 
vn 0.5398366451263428 0.689050555229187 -0.4835140109062195 
vn -1.0341130485562108e-13 0.999997615814209 -0.002184694167226553 
vn -1.0341130485562108e-13 0.999997615814209 0.002184694167226553 
vn 0.09240955859422684 0.992441713809967 -0.08074574917554855 
vn 0.5334150195121765 0.7380353808403015 -0.41324591636657715 
vn -1.0341130485562108e-13 0.999997615814209 0.002184694167226553 
vn -1.0341130485562108e-13 0.999997615814209 0.002184694167226553 
vn 0.08854683488607407 0.9940577745437622 -0.0633138045668602 
vn 0.08108872920274734 0.9954405426979065 -0.05022686347365379 
vn 0.5343704223632812 0.7772361040115356 -0.33219319581985474 
vn 0.08290397375822067 0.9956932067871094 -0.04149730131030083 
vn 0.5640014410018921 0.7833486199378967 -0.2612801790237427 
vn 0.09046237915754318 0.9954949021339417 -0.028397228568792343 
vn 0.6027413010597229 0.7731083631515503 -0.1975002884864807 
vn 0.10549934208393097 0.9941290020942688 -0.024029340595006943 
vn 0.6560130715370178 0.7413613200187683 -0.1415284425020218 
vn 0.12051337957382202 0.9925169944763184 -0.01966099627315998 
vn 0.7165989279747009 0.6899127960205078 -0.10250037163496017 
vn 0.12801504135131836 0.9916543364524841 -0.0152922747656703 
vn 0.758933424949646 0.64558345079422 -0.08510008454322815 
vn 0.7874968647956848 0.6104151010513306 -0.08510008454322815 
vn -1.0341130485562108e-13 0.999997615814209 0.002184694167226553 
vn -1.0341130485562108e-13 0.999997615814209 0.002184694167226553 
vn -1.0341130485562108e-13 0.999997615814209 0.002184694167226553 
vn -1.0341130485562108e-13 0.999997615814209 0.002184694167226553 
vn -1.0341130485562108e-13 0.999997615814209 -0.002184694167226553 
vn -1.0341130485562108e-13 0.999997615814209 -0.002184694167226553 
vn -1.0341130485562108e-13 0.999997615814209 0.002184694167226553 
vn -1.0341130485562108e-13 0.999997615814209 0.002184694167226553 
vn 0.1355002075433731 0.9906592965126038 -0.0152922747656703 
vn 0.8311383724212646 0.5488234758377075 -0.08945280313491821 
vn -1.0341130485562108e-13 0.999997615814209 -0.002184694167226553 
vn -1.0341130485562108e-13 0.999997615814209 -0.002184694167226553 
vn -1.0341130485562108e-13 0.999997615814209 0.002184694167226553 
vn -1.0341130485562108e-13 0.999997615814209 -0.002184694167226553 
vn -1.0341130485562108e-13 0.999997615814209 -0.002184694167226553 
vn -1.0341130485562108e-13 0.999997615814209 0.002184694167226553 
vn -1.0341130485562108e-13 0.999997615814209 0.002184694167226553 
vn -1.0341130485562108e-13 0.999997615814209 0.002184694167226553 
vn 0.18020299077033997 0.9833359122276306 -0.024029340595006943 
vn 0.8326811194419861 0.5424749851226807 0.1111890971660614 
vn -1.0341130485562108e-13 0.999997615814209 -0.002184694167226553 
vn -1.0341130485562108e-13 0.999997615814209 -0.002184694167226553 
vn -1.0341130485562108e-13 0.999997615814209 -0.002184694167226553 
vn -1.0341130485562108e-13 0.999997615814209 0.002184694167226553 
vn -1.0341130485562108e-13 0.999997615814209 -0.002184694167226553 
vn -1.0341130485562108e-13 0.999997615814209 0.002184694167226553 
vn -1.0341130485562108e-13 0.999997615814209 0.002184694167226553 
vn -1.0341130485562108e-13 0.999997615814209 0.002184694167226553 
vn 0.2682172358036041 0.9329503774642944 0.2401314377784729 
vn 0.7674041390419006 0.3091924488544464 0.5616858005523682 
vn -1.0341130485562108e-13 0.999997615814209 0.002184694167226553 
vn -1.0341130485562108e-13 0.999997615814209 -0.002184694167226553 
vn -1.0341130485562108e-13 0.999997615814209 0.002184694167226553 
vn -1.0341130485562108e-13 0.999997615814209 -0.002184694167226553 
vn -1.0341130485562108e-13 0.999997615814209 0.002184694167226553 
vn -1.0341130485562108e-13 0.999997615814209 0.002184694167226553 
vn -1.0341130485562108e-13 0.999997615814209 0.002184694167226553 
vn -1.0341130485562108e-13 0.999997615814209 0.002184694167226553 
vn -1.0341130485562108e-13 0.999997615814209 -0.002184694167226553 
vn 0.13159601390361786 0.949001669883728 0.2864931523799896 
vn 0.13718794286251068 0.9469353556632996 0.29067665338516235 
vn 0.37887078523635864 0.42678284645080566 0.8211658596992493 
vn 0.3844711184501648 0.4217447340488434 0.8211658596992493 
vn 0.42052483558654785 0.0747859850525856 0.9041935205459595 
vn 0.42052483558654785 0.0747859850525856 0.9041935205459595 
vn 0.4231681823730469 0 0.9060511589050293 
vn 0.4231681823730469 0 0.9060511589050293 
vn 0.4231681823730469 0 0.9060511589050293 
vn 0.4231681823730469 0 0.9060511589050293 
vn 0.4231681823730469 0 0.9060511589050293 
vn 0.4231681823730469 0 0.9060511589050293 
vn 0.4231681823730469 0 0.9060511589050293 
vn 0.49304670095443726 0 0.8700028657913208 
vn 0.49304670095443726 0 0.8700028657913208 
vn 0.8097867965698242 0 0.5867242813110352 
vn 0.8097867965698242 0 0.5867242813110352 
vn -1.0341130485562108e-13 0.999997615814209 -0.002184694167226553 
vn -1.0341130485562108e-13 0.999997615814209 -0.002184694167226553 
vn -1.0341130485562108e-13 0.999997615814209 0.002184694167226553 
vn -1.0341130485562108e-13 0.999997615814209 -0.002184694167226553 
vn -1.0341130485562108e-13 0.999997615814209 -0.002184694167226553 
vn -1.0341130485562108e-13 0.999997615814209 0.002184694167226553 
vn 0.13347072899341583 0.949994683265686 0.28230419754981995 
vn 0.3835161030292511 0.4274388253688812 0.8186644315719604 
vn 0.42052483558654785 0.0747859850525856 0.9041935205459595 
vn 0.4231681823730469 0 0.9060511589050293 
vn 0.4231681823730469 0 0.9060511589050293 
vn 0.4231681823730469 0 0.9060511589050293 
vn 0.4231681823730469 0 0.9060511589050293 
vn 0.4231681823730469 0 0.9060511589050293 
vn 0.4231681823730469 0 0.9060511589050293 
vn 0.4231681823730469 0 0.9060511589050293 
vn 0.4231681823730469 0 0.9060511589050293 
vn 0.4231681823730469 0 0.9060511589050293 
vn 0.4231681823730469 0 0.9060511589050293 
vn 0.49304670095443726 0 0.8700028657913208 
vn 0.49304670095443726 0 0.8700028657913208 
vn 0.8097867965698242 0 0.5867242813110352 
vn 0.8097867965698242 0 0.5867242813110352 
vn -0.08485140651464462 0.9951269030570984 0.05022686347365379 
vn -0.08478818088769913 0.9943854212760925 0.0633138045668602 
vn -0.08666235953569412 0.9929600954055786 0.08074574917554855 
vn -0.09613490104675293 0.9917237758636475 0.08510008454322815 
vn -0.09609810262918472 0.9913442134857178 0.08945280313491821 
vn -0.13176853954792023 0.9840062856674194 0.11986933648586273 
vn 0.01696751080453396 0.9324570894241333 0.36088213324546814 
vn 0.2961405813694 0.4402426779270172 0.8476362228393555 
vn 0.35100221633911133 0.07460781931877136 0.933397650718689 
vn 0.3506734371185303 0 0.9364978075027466 
vn 0.3506734371185303 0 0.9364978075027466 
vn 0.4231681823730469 0 0.9060511589050293 
vn 0.3506734371185303 0 0.9364978075027466 
vn 0.4231681823730469 0 0.9060511589050293 
vn 0.3506734371185303 0 0.9364978075027466 
vn 0.4231681823730469 0 0.9060511589050293 
vn 0.3506734371185303 0 0.9364978075027466 
vn 0.4231681823730469 0 0.9060511589050293 
vn 0.3506734371185303 0 0.9364978075027466 
vn 0.4231681823730469 0 0.9060511589050293 
vn 0.3506734371185303 0 0.9364978075027466 
vn 0.4231681823730469 0 0.9060511589050293 
vn 0.3506734371185303 0 0.9364978075027466 
vn 0.4231681823730469 0 0.9060511589050293 
vn 0.3506734371185303 0 0.9364978075027466 
vn 0.4231681823730469 0 0.9060511589050293 
vn 0.3506734371185303 0 0.9364978075027466 
vn -0.533995509147644 0.779242992401123 0.3280687630176544 
vn -0.5301840305328369 0.7425689101219177 0.40926313400268555 
vn -0.5347752571105957 0.6956421732902527 0.4796847105026245 
vn -0.5499858260154724 0.6525145173072815 0.5212872624397278 
vn -0.5655978322029114 0.6202665567398071 0.5434780716896057 
vn -0.6021252870559692 0.5528116822242737 0.5760593414306641 
vn -0.44738465547561646 0.5445823669433594 0.7094202041625977 
vn -0.057947658002376556 0.3166111707687378 0.946783721446991 
vn -0.06854644417762756 0.07910680770874023 0.9945066571235657 
vn -0.06549396365880966 -1.3545665342163098e-14 0.9978529810905457 
vn -0.06549396365880966 -1.3545665342163098e-14 0.9978529810905457 
vn -0.06549396365880966 -1.3545665342163098e-14 0.9978529810905457 
vn -0.06549396365880966 -1.3545665342163098e-14 0.9978529810905457 
vn -0.06549396365880966 -1.3545665342163098e-14 0.9978529810905457 
vn -0.06549396365880966 -1.3545665342163098e-14 0.9978529810905457 
vn -0.06549396365880966 -1.3545665342163098e-14 0.9978529810905457 
vn -0.06549396365880966 -1.3545665342163098e-14 0.9978529810905457 
vn -0.7396522760391235 0.353805810213089 0.5724822878837585 
vn -0.7068168520927429 0.3045106828212738 0.6385006904602051 
vn -0.7018926739692688 0.20823778212070465 0.681163489818573 
vn -0.7137288451194763 0.11628583818674088 0.6907016038894653 
vn -0.7123898863792419 0.10519658029079437 0.6938546895980835 
vn -0.5737976431846619 0.09374035149812698 0.8136147856712341 
vn -0.7140142321586609 0.003770021256059408 0.7001210451126099 
vn -0.7140142321586609 -0.003770021256059408 0.7001210451126099 
vn -0.5670837163925171 -0.0037665374111384153 0.8236515522003174 
vn -0.7140142321586609 -0.003770021256059408 0.7001210451126099 
vn -0.7140142321586609 -0.003770021256059408 0.7001210451126099 
vn -0.7140142321586609 -0.003770021256059408 0.7001210451126099 
vn -0.7140142321586609 -0.003770021256059408 0.7001210451126099 
vn -0.7140142321586609 -0.003770021256059408 0.7001210451126099 
vn -0.5670837163925171 -0.0037665374111384153 0.8236515522003174 
vn -0.5670837163925171 -0.0037665374111384153 0.8236515522003174 
vn -0.7170368432998657 -0.007534182630479336 0.6969945430755615 
vn -0.7140142321586609 -0.003770021256059408 0.7001210451126099 
vn -0.5670837163925171 0.0037665374111384153 0.8236515522003174 
vn -0.7228944897651672 -0.018835438415408134 0.6907016038894653 
vn -0.7140142321586609 -0.003770021256059408 0.7001210451126099 
vn -0.5670837163925171 -0.0037665374111384153 0.8236515522003174 
vn 0.8097867965698242 0 0.5867242813110352 
vn 0.49304670095443726 0 0.8700028657913208 
vn 0.49304670095443726 0 0.8700028657913208 
vn 0.4231681823730469 0 0.9060511589050293 
vn 0.4872964322566986 0.07508153468370438 0.8700028657913208 
vn 0.42052483558654785 0.0747859850525856 0.9041935205459595 
vn 0.45844414830207825 0.43712562322616577 0.7737894654273987 
vn 0.3835161030292511 0.4274388253688812 0.8186644315719604 
vn 0.13347072899341583 0.949994683265686 0.28230419754981995 
vn 0.13159601390361786 0.949001669883728 0.2864931523799896 
vn -1.0341130485562108e-13 0.999997615814209 0.002184694167226553 
vn 0.8088465929031372 0.07528471946716309 0.5831804275512695 
vn 0.8097867965698242 0 0.5867242813110352 
vn 0.8097867965698242 0 0.5867242813110352 
vn 0.4231681823730469 0 0.9060511589050293 
vn 0.4231681823730469 0 0.9060511589050293 
vn 0.4231681823730469 0 0.9060511589050293 
vn 0.4231681823730469 0 0.9060511589050293 
vn 0.4231681823730469 0 0.9060511589050293 
vn 0.4231681823730469 0 0.9060511589050293 
vn 0.4231681823730469 0 0.9060511589050293 
vn 0.4231681823730469 0 0.9060511589050293 
vn 0.4231681823730469 0 0.9060511589050293 
vn 0.4231681823730469 0 0.9060511589050293 
vn 0.4231681823730469 0 0.9060511589050293 
vn 0.4231681823730469 0 0.9060511589050293 
vn 0.4231681823730469 0 0.9060511589050293 
vn 0.4231681823730469 0 0.9060511589050293 
vn 0.4231681823730469 0 0.9060511589050293 
vn 0.4231681823730469 0 0.9060511589050293 
vn 0.4231681823730469 0 0.9060511589050293 
vn 0.4231681823730469 0 0.9060511589050293 
vn 0.4231681823730469 0 0.9060511589050293 
vn 0.49304670095443726 0 0.8700028657913208 
vn 0.49304670095443726 0 0.8700028657913208 
vn 0.8097867965698242 0 0.5867242813110352 
vn 0.8097867965698242 0 0.5867242813110352 
vn 0.49304670095443726 0 0.8700028657913208 
vn 0.4231681823730469 0 0.9060511589050293 
vn 0.4231681823730469 0 0.9060511589050293 
vn 0.4231681823730469 0 0.9060511589050293 
vn 0.4231681823730469 0 0.9060511589050293 
vn 0.4231681823730469 0 0.9060511589050293 
vn 0.49304670095443726 0 0.8700028657913208 
vn 0.8097867965698242 0 0.5867242813110352 
vn 0.37887078523635864 0.42678284645080566 0.8211658596992493 
vn 0.42052483558654785 0.0747859850525856 0.9041935205459595 
vn 0.8097867965698242 0 -0.5867242813110352 
vn 0.995991051197052 0 -0.08945280313491821 
vn 0.8097867965698242 0 -0.5867242813110352 
vn -1.0341130485562108e-13 0.999997615814209 0.002184694167226553 
vn -1.0341130485562108e-13 0.999997615814209 0.002184694167226553 
vn -1.0341130485562108e-13 0.999997615814209 0.002184694167226553 
vn -1.0341130485562108e-13 0.999997615814209 0.002184694167226553 
vn -1.0341130485562108e-13 0.999997615814209 -0.002184694167226553 
vn -1.0341130485562108e-13 0.999997615814209 -0.002184694167226553 
vn -1.0341130485562108e-13 0.999997615814209 -0.002184694167226553 
vn -1.0341130485562108e-13 0.999997615814209 -0.002184694167226553 
vn -1.0341130485562108e-13 0.999997615814209 0.002184694167226553 
vn -1.0341130485562108e-13 0.999997615814209 0.002184694167226553 
vn -1.0341130485562108e-13 0.999997615814209 0.002184694167226553 
vn -1.0341130485562108e-13 0.999997615814209 0.002184694167226553 
vn -1.0341130485562108e-13 0.999997615814209 -0.002184694167226553 
vn -1.0341130485562108e-13 0.999997615814209 -0.002184694167226553 
vn -1.0341130485562108e-13 0.999997615814209 -0.002184694167226553 
vn -1.0341130485562108e-13 0.999997615814209 -0.002184694167226553 
vn -1.0341130485562108e-13 0.999997615814209 0.002184694167226553 
vn -1.0341130485562108e-13 0.999997615814209 0.002184694167226553 
vn -1.0341130485562108e-13 0.999997615814209 0.002184694167226553 
vn -1.0341130485562108e-13 0.999997615814209 0.002184694167226553 
vn 3.097898456858039e-13 -0.999997615814209 0.002184694167226553 
vn 3.097898456858039e-13 -0.999997615814209 0.002184694167226553 
vn 3.097898456858039e-13 -0.999997615814209 0.002184694167226553 
vn 3.097898456858039e-13 -0.999997615814209 0.002184694167226553 
vn 3.097898456858039e-13 -0.999997615814209 -0.002184694167226553 
vn 3.097898456858039e-13 -0.999997615814209 -0.002184694167226553 
vn 3.097898456858039e-13 -0.999997615814209 -0.002184694167226553 
vn 3.097898456858039e-13 -0.999997615814209 -0.002184694167226553 
vn 0.4231681823730469 0 -0.9060511589050293 
vn 0.4231681823730469 0 -0.9060511589050293 
vn 0.4231681823730469 0 -0.9060511589050293 
vn 0.4231681823730469 0 -0.9060511589050293 
vn -0.423151433467865 0.003766018431633711 0.9060511589050293 
vn -0.423151433467865 0.003766018431633711 0.9060511589050293 
vn -0.423151433467865 0.003766018431633711 0.9060511589050293 
vn -0.423151433467865 0.003766018431633711 0.9060511589050293 
vn -1.0341130485562108e-13 0.999997615814209 0.002184694167226553 
vn -1.0341130485562108e-13 0.999997615814209 0.002184694167226553 
vn -1.0341130485562108e-13 0.999997615814209 0.002184694167226553 
vn -1.0341130485562108e-13 0.999997615814209 0.002184694167226553 
vn 3.097898456858039e-13 -0.999997615814209 -0.002184694167226553 
vn 3.097898456858039e-13 -0.999997615814209 -0.002184694167226553 
vn 3.097898456858039e-13 -0.999997615814209 -0.002184694167226553 
vn 3.097898456858039e-13 -0.999997615814209 -0.002184694167226553 
vn -1.0341130485562108e-13 0.999997615814209 0.002184694167226553 
vn -1.0341130485562108e-13 0.999997615814209 0.002184694167226553 
vn -1.0341130485562108e-13 0.999997615814209 0.002184694167226553 
vn -1.0341130485562108e-13 0.999997615814209 0.002184694167226553 
vn -0.4231681823730469 -8.752095998886683e-14 -0.9060511589050293 
vn -0.4231681823730469 -8.752095998886683e-14 -0.9060511589050293 
vn -0.4231681823730469 -8.752095998886683e-14 -0.9060511589050293 
vn -0.4231681823730469 -8.752095998886683e-14 -0.9060511589050293 
vn 0.8097867965698242 0 -0.5867242813110352 
vn 0.8097867965698242 0 -0.5867242813110352 
vn 0.8097867965698242 0 -0.5867242813110352 
vn 3.097898456858039e-13 -0.999997615814209 0.002184694167226553 
vn 3.097898456858039e-13 -0.999997615814209 0.002184694167226553 
vn 3.097898456858039e-13 -0.999997615814209 0.002184694167226553 
vn 3.097898456858039e-13 -0.999997615814209 0.002184694167226553 
vn 0.4231681823730469 0 0.9060511589050293 
vn 0.4231681823730469 0 0.9060511589050293 
vn 0.4231681823730469 0 0.9060511589050293 
vn 0.4231681823730469 0 0.9060511589050293 
vn -0.5670837163925171 -0.0037665374111384153 0.8236515522003174 
vn -0.7140142321586609 -0.003770021256059408 0.7001210451126099 
vn -0.5670837163925171 -0.0037665374111384153 0.8236515522003174 
vn 3.097898456858039e-13 -0.999997615814209 -0.002184694167226553 
vn 3.097898456858039e-13 -0.999997615814209 -0.002184694167226553 
vn 3.097898456858039e-13 -0.999997615814209 -0.002184694167226553 
vn 3.097898456858039e-13 -0.999997615814209 -0.002184694167226553 
vn 3.097898456858039e-13 -0.999997615814209 0.002184694167226553 
vn 3.097898456858039e-13 -0.999997615814209 0.002184694167226553 
vn 3.097898456858039e-13 -0.999997615814209 0.002184694167226553 
vn 3.097898456858039e-13 -0.999997615814209 0.002184694167226553 
vn 3.097898456858039e-13 -0.999997615814209 -0.002184694167226553 
vn 3.097898456858039e-13 -0.999997615814209 -0.002184694167226553 
vn 3.097898456858039e-13 -0.999997615814209 -0.002184694167226553 
vn 3.097898456858039e-13 -0.999997615814209 -0.002184694167226553 
vn -0.4231681823730469 -8.752095998886683e-14 -0.9060511589050293 
vn -0.4231681823730469 -8.752095998886683e-14 -0.9060511589050293 
vn -0.4231681823730469 -8.752095998886683e-14 -0.9060511589050293 
vn -0.4231681823730469 -8.752095998886683e-14 -0.9060511589050293 
vn 3.097898456858039e-13 -0.999997615814209 -0.002184694167226553 
vn 3.097898456858039e-13 -0.999997615814209 -0.002184694167226553 
vn 3.097898456858039e-13 -0.999997615814209 -0.002184694167226553 
vn 3.097898456858039e-13 -0.999997615814209 -0.002184694167226553 
vn 3.097898456858039e-13 -0.999997615814209 -0.002184694167226553 
vn 3.097898456858039e-13 -0.999997615814209 -0.002184694167226553 
vn 3.097898456858039e-13 -0.999997615814209 -0.002184694167226553 
vn 3.097898456858039e-13 -0.999997615814209 -0.002184694167226553 
vn 3.097898456858039e-13 -0.999997615814209 0.002184694167226553 
vn 3.097898456858039e-13 -0.999997615814209 0.002184694167226553 
vn 3.097898456858039e-13 -0.999997615814209 0.002184694167226553 
vn 3.097898456858039e-13 -0.999997615814209 0.002184694167226553 
vn 3.097898456858039e-13 -0.999997615814209 0.002184694167226553 
vn 3.097898456858039e-13 -0.999997615814209 0.002184694167226553 
vn 3.097898456858039e-13 -0.999997615814209 0.002184694167226553 
vn 3.097898456858039e-13 -0.999997615814209 0.002184694167226553 
vn 3.097898456858039e-13 -0.999997615814209 0.002184694167226553 
vn 3.097898456858039e-13 -0.999997615814209 0.002184694167226553 
vn 3.097898456858039e-13 -0.999997615814209 0.002184694167226553 
vn 3.097898456858039e-13 -0.999997615814209 0.002184694167226553 
vn -1.0341130485562108e-13 0.999997615814209 -0.002184694167226553 
vn -1.0341130485562108e-13 0.999997615814209 -0.002184694167226553 
vn -1.0341130485562108e-13 0.999997615814209 -0.002184694167226553 
vn -1.0341130485562108e-13 0.999997615814209 -0.002184694167226553 
vn -1.0341130485562108e-13 0.999997615814209 -0.002184694167226553 
vn -1.0341130485562108e-13 0.999997615814209 -0.002184694167226553 
vn -1.0341130485562108e-13 0.999997615814209 -0.002184694167226553 
vn -1.0341130485562108e-13 0.999997615814209 -0.002184694167226553 
vn 3.097898456858039e-13 -0.999997615814209 0.002184694167226553 
vn 3.097898456858039e-13 -0.999997615814209 0.002184694167226553 
vn 3.097898456858039e-13 -0.999997615814209 0.002184694167226553 
vn 3.097898456858039e-13 -0.999997615814209 0.002184694167226553 
vn 3.097898456858039e-13 -0.999997615814209 -0.002184694167226553 
vn 3.097898456858039e-13 -0.999997615814209 -0.002184694167226553 
vn 3.097898456858039e-13 -0.999997615814209 -0.002184694167226553 
vn 3.097898456858039e-13 -0.999997615814209 -0.002184694167226553 
vn -1.0341130485562108e-13 0.999997615814209 -0.002184694167226553 
vn -1.0341130485562108e-13 0.999997615814209 -0.002184694167226553 
vn -1.0341130485562108e-13 0.999997615814209 -0.002184694167226553 
vn -1.0341130485562108e-13 0.999997615814209 -0.002184694167226553 
vn -1.0341130485562108e-13 0.999997615814209 -0.002184694167226553 
vn -1.0341130485562108e-13 0.999997615814209 -0.002184694167226553 
vn -1.0341130485562108e-13 0.999997615814209 -0.002184694167226553 
vn -1.0341130485562108e-13 0.999997615814209 -0.002184694167226553 
vn 0.4231681823730469 0 0.9060511589050293 
vn 0.4231681823730469 0 0.9060511589050293 
vn 0.4231681823730469 0 0.9060511589050293 
vn 0.4231681823730469 0 0.9060511589050293 
vn 0.1133599802851677 0 0.9935539960861206 
vn 0.1133599802851677 0 0.9935539960861206 
vn -0.3424763083457947 -7.083201213065049e-14 0.9395264387130737 
vn -0.3424763083457947 -7.083201213065049e-14 0.9395264387130737 
vn -0.423151433467865 -0.003766018431633711 0.9060511589050293 
vn -0.3424763083457947 -7.083201213065049e-14 0.9395264387130737 
vn -0.423151433467865 -0.003766018431633711 0.9060511589050293 
vn -0.3424763083457947 -7.083201213065049e-14 0.9395264387130737 
vn -0.423151433467865 -0.003766018431633711 0.9060511589050293 
vn -0.3424763083457947 -7.083201213065049e-14 0.9395264387130737 
vn -0.423151433467865 0.003766018431633711 0.9060511589050293 
vn -0.3424763083457947 -7.083201213065049e-14 0.9395264387130737 
vn -0.423151433467865 0.003766018431633711 0.9060511589050293 
vn -0.3424763083457947 -7.083201213065049e-14 0.9395264387130737 
vn -0.423151433467865 0.003766018431633711 0.9060511589050293 
vn -0.3424763083457947 -7.083201213065049e-14 0.9395264387130737 
vn -0.423151433467865 0.003766018431633711 0.9060511589050293 
vn -0.3424763083457947 -7.083201213065049e-14 0.9395264387130737 
vn -0.423151433467865 0.003766018431633711 0.9060511589050293 
vn -0.3424763083457947 -7.083201213065049e-14 0.9395264387130737 
vn -0.423151433467865 0.003766018431633711 0.9060511589050293 
vn -0.4231497347354889 0.08225198090076447 0.9023185968399048 
vn -0.4231497347354889 0.08225198090076447 0.9023185968399048 
vn -0.3739855885505676 0.47241896390914917 0.7980946898460388 
vn -0.3739855885505676 0.47241896390914917 0.7980946898460388 
vn -0.12038079649209976 0.9577270746231079 0.2612801790237427 
vn -0.3739855885505676 0.47241896390914917 0.7980946898460388 
vn -0.12038079649209976 0.9577270746231079 0.2612801790237427 
vn -0.36978939175605774 0.4801126718521118 0.7954543828964233 
vn -0.11863841116428375 0.960207998752594 0.25283506512641907 
vn -0.45074841380119324 0.4867146909236908 0.7482877969741821 
vn -0.2591628432273865 0.9416901469230652 0.21460255980491638 
vn -0.7798483967781067 0.3408811390399933 0.5250110030174255 
vn -0.8287193179130554 0.5517473220825195 0.09380380809307098 
vn -0.99288010597229 0.0980273187160492 0.06767380982637405 
vn -0.9891247749328613 0.10547920316457748 -0.10250037163496017 
vn -0.995171308517456 -2.0582442542861623e-13 -0.0981530249118805 
vn -0.995171308517456 -2.0582442542861623e-13 -0.0981530249118805 
vn -0.995171308517456 -2.0582442542861623e-13 -0.0981530249118805 
vn -0.995171308517456 -2.0582442542861623e-13 -0.0981530249118805 
vn -0.995171308517456 -2.0582442542861623e-13 -0.0981530249118805 
vn -0.995171308517456 -2.0582442542861623e-13 -0.0981530249118805 
vn -0.9950567483901978 -0.015102912671864033 -0.0981530249118805 
vn -0.9916395545005798 -0.011328957043588161 -0.12854042649269104 
vn -0.9532147645950317 -0.27559831738471985 -0.1242060661315918 
vn -0.9302939176559448 -0.31180310249328613 -0.19321508705615997 
vn -0.180130735039711 -0.9829416275024414 -0.03713129088282585 
vn -0.18201135098934174 -0.9815276265144348 -0.058952588587999344 
vn 3.097898456858039e-13 -0.999997615814209 -0.002184694167226553 
vn 3.097898456858039e-13 -0.999997615814209 -0.002184694167226553 
vn 3.097898456858039e-13 -0.999997615814209 0.002184694167226553 
vn 3.097898456858039e-13 -0.999997615814209 0.002184694167226553 
vn 3.097898456858039e-13 -0.999997615814209 0.002184694167226553 
vn 3.097898456858039e-13 -0.999997615814209 -0.002184694167226553 
vn -0.27556031942367554 -0.9360359311103821 -0.21886809170246124 
vn -0.2647843062877655 -0.9371150732040405 -0.22738653421401978 
vn -0.7261058688163757 -0.1867440640926361 -0.661737859249115 
vn -0.7099710702896118 -0.19056226313114166 -0.677958071231842 
vn -0.7409969568252563 -1.532552974499793e-13 -0.6715083718299866 
vn -0.41295772790908813 -0.871193528175354 -0.26549527049064636 
vn -0.9927896857261658 -2.0533184527660175e-13 0.11986933648586273 
vn -0.06413444131612778 -0.9953382015228271 0.07203252613544464 
vn -0.6954262852668762 -1.4383021954434555e-13 0.7185974717140198 
vn -0.06413444131612778 -0.9953382015228271 0.07203252613544464 
vn -0.6954262852668762 -1.4383021954434555e-13 0.7185974717140198 
vn -0.06415406614542007 -0.9956427812576294 0.06767380982637405 
vn -0.6954262852668762 -1.4383021954434555e-13 0.7185974717140198 
vn -0.2938735783100128 -0.9386781454086304 -0.18033768236637115 
vn -0.9641121625900269 -1.9940067663443833e-13 -0.26549527049064636 
vn -0.7337916493415833 -0.13897819817066193 -0.6650074124336243 
vn -0.7497352957725525 -1.550625811563497e-13 -0.661737859249115 
vn -0.7291480898857117 -1.5080466172698315e-13 -0.6843559741973877 
vn -0.7228928804397583 0.01889810524880886 -0.6907016038894653 
vn -0.7140241861343384 -1.47676697801781e-13 -0.7001210451126099 
vn -0.7140241861343384 -1.47676697801781e-13 -0.7001210451126099 
vn -0.5670835971832275 -0.003782531013712287 -0.8236515522003174 
vn -0.5670835971832275 0.003782531013712287 -0.8236515522003174 
vn -0.06549396365880966 -1.351657992482028e-14 -0.9978529810905457 
vn -0.5670835971832275 -0.003782531013712287 -0.8236515522003174 
vn -0.06549396365880966 -1.351657992482028e-14 -0.9978529810905457 
vn -0.4231497347354889 0.08225198090076447 0.9023185968399048 
vn -0.4231497347354889 0.08225198090076447 0.9023185968399048 
vn -0.4231497347354889 0.08225198090076447 0.9023185968399048 
vn -0.49822744727134705 0.07872093468904495 0.8634653687477112 
vn -0.5006305575370789 -1.0354196476993274e-13 0.865661084651947 
vn -0.8322188854217529 -0.0037727425806224346 0.5544344186782837 
vn -0.8322188854217529 -0.0037727425806224346 0.5544344186782837 
vn -0.997078001499176 -2.0621877686380352e-13 0.0763898640871048 
vn -0.997078001499176 -2.0621877686380352e-13 0.0763898640871048 
vn -0.995171308517456 -2.0582442542861623e-13 -0.0981530249118805 
vn -0.9951426982879639 -0.007551673799753189 -0.0981530249118805 
vn -0.9813116192817688 -0.13918480277061462 -0.1328723281621933 
vn -0.2097003161907196 -0.9768847227096558 -0.04149730131030083 
vn 3.097898456858039e-13 -0.999997615814209 0.002184694167226553 
vn 3.097898456858039e-13 -0.999997615814209 -0.002184694167226553 
vn 3.097898456858039e-13 -0.999997615814209 0.002184694167226553 
vn -0.29554054141044617 -0.9364628791809082 -0.18892620503902435 
vn -0.7690200805664062 -0.18715140223503113 -0.6112139225006104 
vn -0.7409969568252563 -1.532552974499793e-13 -0.6715083718299866 
vn -0.7099710702896118 0.19056226313114166 -0.677958071231842 
vn -0.41295772790908813 0.871193528175354 -0.26549527049064636 
vn -0.06413444131612778 0.9953382015228271 0.07203252613544464 
vn -0.06413444131612778 0.9953382015228271 0.07203252613544464 
vn -0.06415406614542007 0.9956427812576294 0.06767380982637405 
vn -0.31153184175491333 0.9294845461845398 -0.1975002884864807 
vn -0.7322179079055786 0.13145267963409424 -0.6682642698287964 
vn -0.7140241861343384 -1.47676697801781e-13 -0.7001210451126099 
vn -0.7140241861343384 -1.47676697801781e-13 -0.7001210451126099 
vn -0.7261058688163757 0.1867440640926361 -0.661737859249115 
vn -0.7833857536315918 -1.6202227818944148e-13 -0.6215357780456543 
vn -0.8325812220573425 -0.18726472556591034 -0.5212872624397278 
vn -0.32054755091667175 -0.9352524280548096 -0.15017375349998474 
vn 3.097898456858039e-13 -0.999997615814209 -0.002184694167226553 
vn 3.097898456858039e-13 -0.999997615814209 0.002184694167226553 
vn 3.09754338064655e-13 -0.9998830556869507 -0.0152922747656703 
vn -0.32784926891326904 -0.9381640553474426 -0.1111890971660614 
vn -0.9879940152168274 -2.043399900241577e-13 -0.15449213981628418 
vn -0.993619978427887 -0.01887499913573265 -0.1111890971660614 
vn -0.9927896857261658 -2.0533184527660175e-13 -0.11986933648586273 
vn -0.995171308517456 -2.0582442542861623e-13 -0.0981530249118805 
vn -0.995171308517456 -2.0582442542861623e-13 -0.0981530249118805 
vn -0.997078001499176 -2.0621877686380352e-13 0.0763898640871048 
vn -0.997078001499176 -2.0621877686380352e-13 0.0763898640871048 
vn -0.8322188854217529 0.0037727425806224346 0.5544344186782837 
vn -0.8322188854217529 -0.0037727425806224346 0.5544344186782837 
vn -0.5006305575370789 -1.0354196476993274e-13 0.865661084651947 
vn -0.5006305575370789 -1.0354196476993274e-13 0.865661084651947 
vn -0.423151433467865 -0.003766018431633711 0.9060511589050293 
vn -0.423151433467865 -0.003766018431633711 0.9060511589050293 
vn -0.423151433467865 0.003766018431633711 0.9060511589050293 
vn -0.423151433467865 0.003766018431633711 0.9060511589050293 
vn -0.423151433467865 0.003766018431633711 0.9060511589050293 
vn -0.423151433467865 -0.003766018431633711 0.9060511589050293 
vn -0.423151433467865 0.003766018431633711 0.9060511589050293 
vn -0.423151433467865 0.003766018431633711 0.9060511589050293 
vn -0.7690200805664062 0.18715140223503113 -0.6112139225006104 
vn -0.8464750647544861 -1.750705971251959e-13 -0.5324283838272095 
vn -0.8911365866661072 -0.18735907971858978 -0.41324591636657715 
vn -0.3351280689239502 -0.9360946416854858 -0.10684575140476227 
vn 3.097898456858039e-13 -0.999997615814209 -0.002184694167226553 
vn 3.09754338064655e-13 -0.9998830556869507 -0.0152922747656703 
vn 0.009432127699255943 -0.9955460429191589 -0.09380380809307098 
vn -0.7994002103805542 0.0037765540182590485 -0.6007870435714722 
vn -0.9823431968688965 0.13170717656612396 -0.1328723281621933 
vn -0.993619978427887 0.01887499913573265 -0.1111890971660614 
vn -0.995171308517456 -2.0582442542861623e-13 -0.0981530249118805 
vn -0.997078001499176 -2.0621877686380352e-13 0.0763898640871048 
vn -0.8322188854217529 -0.0037727425806224346 0.5544344186782837 
vn -0.5006305575370789 -1.0354196476993274e-13 0.865661084651947 
vn -0.423151433467865 0.003766018431633711 0.9060511589050293 
vn -0.423151433467865 -0.003766018431633711 0.9060511589050293 
vn -0.423151433467865 -0.003766018431633711 0.9060511589050293 
vn -0.423151433467865 0.003766018431633711 0.9060511589050293 
vn -0.9951426982879639 0.007551673799753189 -0.0981530249118805 
vn -0.995171308517456 -2.0582442542861623e-13 -0.0981530249118805 
vn -0.995171308517456 -2.0582442542861623e-13 -0.0981530249118805 
vn -0.997078001499176 -2.0621877686380352e-13 0.0763898640871048 
vn -0.8322188854217529 0.0037727425806224346 0.5544344186782837 
vn -0.5006305575370789 -1.0354196476993274e-13 0.865661084651947 
vn -0.423151433467865 -0.003766018431633711 0.9060511589050293 
vn -0.423151433467865 0.003766018431633711 0.9060511589050293 
vn -0.423151433467865 0.003766018431633711 0.9060511589050293 
vn -0.423151433467865 0.003766018431633711 0.9060511589050293 
vn -0.995171308517456 -2.0582442542861623e-13 -0.0981530249118805 
vn -0.995171308517456 -2.0582442542861623e-13 -0.0981530249118805 
vn -0.995171308517456 -2.0582442542861623e-13 -0.0981530249118805 
vn -0.997078001499176 -2.0621877686380352e-13 0.0763898640871048 
vn -0.8322188854217529 -0.0037727425806224346 0.5544344186782837 
vn -0.5006305575370789 -1.0354196476993274e-13 0.865661084651947 
vn -0.423151433467865 0.003766018431633711 0.9060511589050293 
vn -0.423151433467865 0.003766018431633711 0.9060511589050293 
vn -0.423151433467865 -0.003766018431633711 0.9060511589050293 
vn -0.423151433467865 -0.003766018431633711 0.9060511589050293 
vn -0.9916970729827881 -0.0037763919681310654 -0.12854042649269104 
vn -0.9916970729827881 0.0037763919681310654 -0.12854042649269104 
vn -0.9785395264625549 -2.0238457719597147e-13 -0.2060592919588089 
vn -0.9785103797912598 0.007553174626082182 -0.2060592919588089 
vn -0.95159512758255 -1.9681185934455891e-13 -0.30735430121421814 
vn -0.9515652060508728 0.007549224887043238 -0.30735430121421814 
vn -0.9069656133651733 -0.003773950971662998 -0.42118772864341736 
vn -0.9069656133651733 0.003773950971662998 -0.42118772864341736 
vn -0.8487933278083801 -1.7555007198345046e-13 -0.528724730014801 
vn -0.8487597107887268 0.007553902920335531 -0.528724730014801 
vn -0.7860940098762512 -1.6223330458978863e-13 -0.6181069612503052 
vn -0.786057710647583 0.007552138064056635 -0.6181069612503052 
vn -0.7380558252334595 -1.5264699226857914e-13 -0.67473965883255 
vn -0.7350908517837524 0.003779666731134057 -0.677958071231842 
vn -0.7140241861343384 -1.47676697801781e-13 -0.7001210451126099 
vn -0.7139841914176941 0.007552630268037319 -0.7001210451126099 
vn -0.7140241861343384 -1.47676697801781e-13 -0.7001210451126099 
vn -0.9592552781105042 0.25377580523490906 -0.1242060661315918 
vn -0.3491455614566803 0.9304484724998474 -0.1111890971660614 
vn 0.10467331111431122 0 -0.9945066571235657 
vn 0.007551673799753189 -0.9951426982879639 -0.0981530249118805 
vn 3.09754338064655e-13 -0.9998830556869507 -0.0152922747656703 
vn -0.34388938546180725 -0.9362432360649109 -0.07203252613544464 
vn -0.9350306987762451 -0.18382403254508972 -0.30319350957870483 
vn -0.9069656133651733 -0.003773950971662998 -0.42118772864341736 
vn -0.8325812220573425 0.18726472556591034 -0.5212872624397278 
vn -0.27556031942367554 0.9360359311103821 -0.21886809170246124 
vn -0.2647843062877655 0.9371150732040405 -0.22738653421401978 
vn -0.007551383227109909 0.9999118447303772 0.010923261754214764 
vn -0.007551383227109909 0.9999118447303772 0.010923261754214764 
vn -1.0341130485562108e-13 0.999997615814209 -0.002184694167226553 
vn -0.29554054141044617 0.9364628791809082 -0.18892620503902435 
vn -0.8911365866661072 0.18735907971858978 -0.41324591636657715 
vn -0.95159512758255 -1.9681185934455891e-13 -0.30735430121421814 
vn -0.9621957540512085 -0.1875445544719696 -0.1975002884864807 
vn -0.3420162796974182 -0.9378429651260376 -0.058952588587999344 
vn 0.007551673799753189 -0.9951426982879639 -0.0981530249118805 
vn 0.10467331111431122 0 -0.9945066571235657 
vn 0.009432127699255943 0.9955460429191589 -0.09380380809307098 
vn -0.231776624917984 0.9718835353851318 -0.04149730131030083 
vn -0.938637375831604 0.28276053071022034 -0.1975002884864807 
vn -1.0341130485562108e-13 0.999997615814209 0.002184694167226553 
vn -1.0341130485562108e-13 0.999997615814209 0.002184694167226553 
vn -0.32054755091667175 0.9352524280548096 -0.15017375349998474 
vn -0.9350306987762451 0.18382403254508972 -0.30319350957870483 
vn -0.9794232249259949 -0.003775416174903512 -0.2017817199230194 
vn -0.9739292860031128 -0.18386581540107727 -0.1328723281621933 
vn -0.46604353189468384 -0.8726571202278137 -0.1458524912595749 
vn 0.10467331111431122 0 -0.9945066571235657 
vn 0.007551673799753189 0.9951426982879639 -0.0981530249118805 
vn -1.0339945994688668e-13 0.9998830556869507 -0.0152922747656703 
vn -0.20231705904006958 0.9784404635429382 -0.04149730131030083 
vn -0.9138814210891724 0.2790725529193878 -0.2948545813560486 
vn -1.0341130485562108e-13 0.999997615814209 0.002184694167226553 
vn -1.0341130485562108e-13 0.999997615814209 0.002184694167226553 
vn -0.3351280689239502 0.9360946416854858 -0.10684575140476227 
vn -0.9621957540512085 0.1875445544719696 -0.1975002884864807 
vn -0.9911260008811951 -0.0037742170970886946 -0.1328723281621933 
vn -0.9756741523742676 -0.19142606854438782 -0.10684575140476227 
vn -0.5489680171012878 -1.1353927780594075e-13 -0.8358433246612549 
vn 0.007551673799753189 0.9951426982879639 -0.0981530249118805 
vn -1.0339945994688668e-13 0.9998830556869507 -0.0152922747656703 
vn -1.0341130485562108e-13 0.999997615814209 0.002184694167226553 
vn -0.19677995145320892 0.978401243686676 -0.0633138045668602 
vn -0.8707258701324463 0.278550922870636 -0.405272513628006 
vn -0.9905431270599365 -2.048672104355831e-13 -0.1372016966342926 
vn -0.9739292860031128 0.18386581540107727 -0.1328723281621933 
vn -0.34388938546180725 0.9362432360649109 -0.07203252613544464 
vn -1.0341130485562108e-13 0.999997615814209 0.002184694167226553 
vn -1.0341130485562108e-13 0.999997615814209 0.002184694167226553 
vn -1.0341130485562108e-13 0.999997615814209 0.002184694167226553 
vn -1.0341130485562108e-13 0.999997615814209 0.002184694167226553 
vn -0.16352322697639465 0.9781296253204346 -0.12854042649269104 
vn -0.1819930374622345 0.9717645645141602 -0.15017375349998474 
vn -0.7121976613998413 0.25206878781318665 -0.6551609039306641 
vn -0.752598226070404 0.2846457362174988 -0.5937783122062683 
vn -0.18206438422203064 0.9769797921180725 -0.1111890971660614 
vn -1.0341130485562108e-13 0.999997615814209 0.002184694167226553 
vn -1.0341130485562108e-13 0.999997615814209 0.002184694167226553 
vn -1.0341130485562108e-13 0.999997615814209 -0.002184694167226553 
vn -0.3420162796974182 0.9378429651260376 -0.058952588587999344 
vn -0.9756741523742676 0.19142606854438782 -0.10684575140476227 
vn -0.46604353189468384 0.8726571202278137 -0.1458524912595749 
vn -0.8138584494590759 0.278346449136734 -0.5100564956665039 
vn -0.19315123558044434 0.9770827889442444 -0.08945280313491821 
vn -1.0341130485562108e-13 0.999997615814209 -0.002184694167226553 
vn -1.0341130485562108e-13 0.999997615814209 0.002184694167226553 
vn -1.0339945994688668e-13 0.9998830556869507 -0.0152922747656703 
vn -0.007551383227109909 -0.9999118447303772 0.010923261754214764 
vn -0.007551383227109909 -0.9999118447303772 0.010923261754214764 
vn -0.007551383227109909 -0.9999118447303772 0.010923261754214764 
vn -0.1653902232646942 -0.9766380190849304 -0.1372016966342926 
vn -0.7060873508453369 -0.2766360342502594 -0.651853621006012 
vn -0.7350131273269653 -0.011338600888848305 -0.677958071231842 
vn -0.7169170379638672 -0.015118088573217392 -0.6969945430755615 
vn -0.7380558252334595 -1.5264699226857914e-13 -0.67473965883255 
vn -0.7140241861343384 -1.47676697801781e-13 -0.7001210451126099 
vn -0.7380558252334595 -1.5264699226857914e-13 -0.67473965883255 
vn -0.7140241861343384 -1.47676697801781e-13 -0.7001210451126099 
vn 3.097898456858039e-13 -0.999997615814209 0.002184694167226553 
vn 3.097898456858039e-13 -0.999997615814209 -0.002184694167226553 
vn -0.14475643634796143 -0.9826995134353638 -0.11553031951189041 
vn -0.7455927729606628 -0.31598418951034546 -0.5867242813110352 
vn -0.7859489321708679 -0.015103579498827457 -0.6181069612503052 
vn -0.7860940098762512 -1.6223330458978863e-13 -0.6181069612503052 
vn -0.7860940098762512 -1.6223330458978863e-13 -0.6181069612503052 
vn 3.097898456858039e-13 -0.999997615814209 -0.002184694167226553 
vn -0.15791632235050201 -0.9825621843338013 -0.0981530249118805 
vn -0.8056198954582214 -0.3137669563293457 -0.5025205612182617 
vn -0.8486588597297668 -0.015107207000255585 -0.528724730014801 
vn -0.8487933278083801 -1.7555007198345046e-13 -0.528724730014801 
vn -0.8487933278083801 -1.7555007198345046e-13 -0.528724730014801 
vn -0.171014204621315 -0.9819543361663818 -0.08074574917554855 
vn -0.8615767359733582 -0.3109091818332672 -0.401274174451828 
vn -0.9067772030830383 -0.018868448212742805 -0.42118772864341736 
vn -0.9069656133651733 0.003773950971662998 -0.42118772864341736 
vn -0.9069656133651733 -0.003773950971662998 -0.42118772864341736 
vn -0.9021427631378174 -0.31495901942253113 -0.2948545813560486 
vn -0.9514753818511963 -0.015097973868250847 -0.30735430121421814 
vn -0.95159512758255 -1.9681185934455891e-13 -0.30735430121421814 
vn -0.95159512758255 -1.9681185934455891e-13 -0.30735430121421814 
vn -0.9784228801727295 -0.01510589849203825 -0.2060592919588089 
vn -0.9785395264625549 -2.0238457719597147e-13 -0.2060592919588089 
vn -0.9785395264625549 -2.0238457719597147e-13 -0.2060592919588089 
vn -0.9916970729827881 -0.0037763919681310654 -0.12854042649269104 
vn -0.9916970729827881 -0.0037763919681310654 -0.12854042649269104 
vn -0.995171308517456 -2.0582442542861623e-13 -0.0981530249118805 
vn -0.995171308517456 -2.0582442542861623e-13 -0.0981530249118805 
vn -0.9882959127426147 0.11298195272684097 -0.10250037163496017 
vn -0.8290525674819946 0.5519692301750183 -0.08945280313491821 
vn -0.18020299077033997 0.9833359122276306 -0.024029340595006943 
vn -1.0341130485562108e-13 0.999997615814209 0.002184694167226553 
vn -1.0341130485562108e-13 0.999997615814209 -0.002184694167226553 
vn -1.0341130485562108e-13 0.999997615814209 -0.002184694167226553 
vn -0.12038079649209976 0.9577270746231079 0.2612801790237427 
vn -0.36978939175605774 0.4801126718521118 0.7954543828964233 
vn -0.34182146191596985 0.07829399406909943 0.9364978075027466 
vn 0.1133599802851677 0 0.9935539960861206 
vn 0.1133599802851677 0 0.9935539960861206 
vn 0.1133599802851677 0 0.9935539960861206 
vn 0.1133599802851677 0 0.9935539960861206 
vn 0.1133599802851677 0 0.9935539960861206 
vn 0.1133599802851677 0 0.9935539960861206 
vn 0.1133599802851677 0 0.9935539960861206 
vn 0.1133599802851677 0 0.9935539960861206 
vn 0.4231681823730469 0 -0.9060511589050293 
vn 0.4231681823730469 0 -0.9060511589050293 
vn 0.4231681823730469 0 -0.9060511589050293 
vn 0.4231681823730469 0 -0.9060511589050293 
vn -0.8308843970298767 0.07911014556884766 0.5507928133010864 
vn -0.7140241861343384 -1.47676697801781e-13 -0.7001210451126099 
vn -0.7140241861343384 -1.47676697801781e-13 -0.7001210451126099 
vn -0.7140241861343384 -1.47676697801781e-13 -0.7001210451126099 
vn -0.7380558252334595 -1.5264699226857914e-13 -0.67473965883255 
vn -0.7860940098762512 -1.6223330458978863e-13 -0.6181069612503052 
vn -0.8487933278083801 -1.7555007198345046e-13 -0.528724730014801 
vn -0.9069656133651733 0.003773950971662998 -0.42118772864341736 
vn -0.95159512758255 -1.9681185934455891e-13 -0.30735430121421814 
vn -0.9785395264625549 -2.0238457719597147e-13 -0.2060592919588089 
vn -0.9916970729827881 0.0037763919681310654 -0.12854042649269104 
vn -0.995171308517456 -2.0582442542861623e-13 -0.0981530249118805 
vn -0.995171308517456 -2.0582442542861623e-13 -0.0981530249118805 
vn -0.995171308517456 -2.0582442542861623e-13 -0.0981530249118805 
vn -0.997078001499176 -2.0621877686380352e-13 0.0763898640871048 
vn -0.8322188854217529 -0.0037727425806224346 0.5544344186782837 
vn -0.5006305575370789 -1.0354196476993274e-13 0.865661084651947 
vn -0.423151433467865 0.003766018431633711 0.9060511589050293 
vn -0.423151433467865 -0.003766018431633711 0.9060511589050293 
vn -0.423151433467865 -0.003766018431633711 0.9060511589050293 
vn -0.423151433467865 -0.003766018431633711 0.9060511589050293 
vn -0.423151433467865 -0.003766018431633711 0.9060511589050293 
vn -0.007551383227109909 0.9999118447303772 0.010923261754214764 
vn 0.11668530851602554 0.0838545560836792 0.9896226525306702 
vn -0.28211018443107605 0.48360732197761536 0.8285757899284363 
vn -0.11863841116428375 0.960207998752594 0.25283506512641907 
vn -1.0341130485562108e-13 0.999997615814209 0.002184694167226553 
vn -1.0341130485562108e-13 0.999997615814209 0.002184694167226553 
vn -1.0341130485562108e-13 0.999997615814209 0.002184694167226553 
vn -1.0341130485562108e-13 0.999997615814209 0.002184694167226553 
vn -1.0341130485562108e-13 0.999997615814209 0.002184694167226553 
vn -1.0341130485562108e-13 0.999997615814209 0.002184694167226553 
vn -1.0341130485562108e-13 0.999997615814209 -0.002184694167226553 
vn -1.0341130485562108e-13 0.999997615814209 0.002184694167226553 
vn -1.0341130485562108e-13 0.999997615814209 -0.002184694167226553 
vn -1.0341130485562108e-13 0.999997615814209 0.002184694167226553 
vn -1.0341130485562108e-13 0.999997615814209 0.002184694167226553 
vn -1.0341130485562108e-13 0.999997615814209 0.002184694167226553 
vn -1.0341130485562108e-13 0.999997615814209 -0.002184694167226553 
vn -1.0341130485562108e-13 0.999997615814209 0.002184694167226553 
vn -0.08291822671890259 0.9958643913269043 -0.03713129088282585 
vn -0.08485140651464462 0.9951269030570984 -0.05022686347365379 
vn -0.5532701015472412 0.7923460602760315 -0.25706008076667786 
vn -0.529911994934082 0.7820256948471069 -0.3280687630176544 
vn -0.7819780707359314 0.39335036277770996 -0.4835140109062195 
vn -0.741044819355011 0.3508797883987427 -0.5724822878837585 
vn 0.10388239473104477 0.339211642742157 0.9349566102027893 
vn -9.738792481868777e-14 0.9417508840560913 0.3363112509250641 
vn -1.0341130485562108e-13 0.999997615814209 0.002184694167226553 
vn -1.0341130485562108e-13 0.999997615814209 -0.002184694167226553 
vn -1.0341130485562108e-13 0.999997615814209 0.002184694167226553 
vn -1.0341130485562108e-13 0.999997615814209 0.002184694167226553 
vn -1.0341130485562108e-13 0.999997615814209 -0.002184694167226553 
vn -1.0341130485562108e-13 0.999997615814209 0.002184694167226553 
vn -1.0341130485562108e-13 0.999997615814209 0.002184694167226553 
vn -1.0341130485562108e-13 0.999997615814209 0.002184694167226553 
vn -1.0341130485562108e-13 0.999997615814209 -0.002184694167226553 
vn -0.08478818088769913 0.9943854212760925 -0.0633138045668602 
vn -0.5261725783348083 0.7454167604446411 -0.40926313400268555 
vn -0.7081116437911987 0.30148759484291077 -0.6385006904602051 
vn 0.4669916331768036 0.5441667437553406 0.6969945430755615 
vn 0.13169775903224945 0.983477771282196 0.1242060661315918 
vn 0.09985422343015671 0.9909729361534119 0.08945280313491821 
vn 0.09237596392631531 0.9920809864997864 0.08510008454322815 
vn 0.09417661279439926 0.992275595664978 0.08074574917554855 
vn 0.08854683488607407 0.9940577745437622 0.0633138045668602 
vn -1.0341130485562108e-13 0.999997615814209 -0.002184694167226553 
vn -1.0341130485562108e-13 0.999997615814209 0.002184694167226553 
vn -1.0341130485562108e-13 0.999997615814209 0.002184694167226553 
vn -1.0341130485562108e-13 0.999997615814209 -0.002184694167226553 
vn -1.0341130485562108e-13 0.999997615814209 -0.002184694167226553 
vn -0.08864792436361313 0.9927847981452942 -0.08074574917554855 
vn -0.5309009552001953 0.6986034512519836 -0.4796847105026245 
vn -0.7028605341911316 0.20494712889194489 -0.681163489818573 
vn 0.6066681146621704 0.5440479516983032 0.5796254277229309 
vn 0.5683798789978027 0.6177182793617249 0.5434780716896057 
vn 0.5497972369194031 0.649681806564331 0.5250110030174255 
vn 0.5347396731376648 0.6930134892463684 0.4835140109062195 
vn 0.5334150195121765 0.7380353808403015 0.41324591636657715 
vn 0.08108872920274734 0.9954405426979065 0.05022686347365379 
vn -1.0341130485562108e-13 0.999997615814209 0.002184694167226553 
vn -1.0341130485562108e-13 0.999997615814209 0.002184694167226553 
vn -1.0341130485562108e-13 0.999997615814209 -0.002184694167226553 
vn -1.0341130485562108e-13 0.999997615814209 0.002184694167226553 
vn -1.0341130485562108e-13 0.999997615814209 -0.002184694167226553 
vn -0.09613490104675293 0.9917237758636475 -0.08510008454322815 
vn -0.54628986120224 0.6556119322776794 -0.5212872624397278 
vn -0.7136662602424622 0.1166694238781929 -0.6907016038894653 
vn -0.7140241861343384 -1.47676697801781e-13 -0.7001210451126099 
vn -0.7140241861343384 -1.47676697801781e-13 -0.7001210451126099 
vn -0.7140241861343384 -1.47676697801781e-13 -0.7001210451126099 
vn -0.5670835971832275 -0.003782531013712287 -0.8236515522003174 
vn -0.5670835971832275 -0.003782531013712287 -0.8236515522003174 
vn -0.06549396365880966 -1.351657992482028e-14 -0.9978529810905457 
vn -0.06549396365880966 -1.351657992482028e-14 -0.9978529810905457 
vn 0.3506734371185303 0 -0.9364978075027466 
vn 0.3506734371185303 0 -0.9364978075027466 
vn 0.4231681823730469 0 -0.9060511589050293 
vn 0.4231681823730469 0 -0.9060511589050293 
vn 0.4231681823730469 0 -0.9060511589050293 
vn 0.4231681823730469 0 -0.9060511589050293 
vn 0.4231681823730469 0 -0.9060511589050293 
vn 0.4231681823730469 0 -0.9060511589050293 
vn 0.4231681823730469 0 -0.9060511589050293 
vn 0.4231681823730469 0 -0.9060511589050293 
vn 0.4231681823730469 0 -0.9060511589050293 
vn 0.4231681823730469 0 -0.9060511589050293 
vn 0.49304670095443726 0 -0.8700028657913208 
vn 0.49304670095443726 0 -0.8700028657913208 
vn 0.8097867965698242 0 -0.5867242813110352 
vn 0.8097867965698242 0 -0.5867242813110352 
vn 0.5343704223632812 0.7772361040115356 0.33219319581985474 
vn 0.08290397375822067 0.9956932067871094 0.04149730131030083 
vn -1.0341130485562108e-13 0.999997615814209 0.002184694167226553 
vn -1.0341130485562108e-13 0.999997615814209 0.002184694167226553 
vn -1.0341130485562108e-13 0.999997615814209 0.002184694167226553 
vn -1.0341130485562108e-13 0.999997615814209 0.002184694167226553 
vn -1.0341130485562108e-13 0.999997615814209 -0.002184694167226553 
vn -0.09609810262918472 0.9913442134857178 -0.08945280313491821 
vn -0.5676476359367371 0.6183912754058838 -0.5434780716896057 
vn -0.7118016481399536 0.10910563170909882 -0.6938546895980835 
vn 0.5587896704673767 0.7870748043060303 0.2612801790237427 
vn 0.09046237915754318 0.9954949021339417 0.028397228568792343 
vn -1.0341130485562108e-13 0.999997615814209 0.002184694167226553 
vn -1.0341130485562108e-13 0.999997615814209 -0.002184694167226553 
vn -1.0341130485562108e-13 0.999997615814209 -0.002184694167226553 
vn -1.0341130485562108e-13 0.999997615814209 -0.002184694167226553 
vn -1.0341130485562108e-13 0.999997615814209 -0.002184694167226553 
vn -0.13176853954792023 0.9840062856674194 -0.11986933648586273 
vn -0.5989576578140259 0.5562421679496765 -0.5760593414306641 
vn -0.5737346410751343 0.09412509202957153 -0.8136147856712341 
vn -1.0341130485562108e-13 0.999997615814209 0.002184694167226553 
vn -1.0341130485562108e-13 0.999997615814209 -0.002184694167226553 
vn 0.1317666918039322 0.9502325654029846 -0.28230419754981995 
vn 0.01510184071958065 0.9324891567230225 -0.36088213324546814 
vn -0.44948020577430725 0.5428540706634521 -0.7094202041625977 
vn -0.07060007005929947 0.07727957516908646 -0.9945066571235657 
vn 0.3506734371185303 0 -0.9364978075027466 
vn 0.4231681823730469 0 -0.9060511589050293 
vn 0.4231681823730469 0 -0.9060511589050293 
vn 0.4231681823730469 0 -0.9060511589050293 
vn 0.4231681823730469 0 -0.9060511589050293 
vn 0.4231681823730469 0 -0.9060511589050293 
vn 0.49304670095443726 0 -0.8700028657913208 
vn 0.8097867965698242 0 -0.5867242813110352 
vn -1.0341130485562108e-13 0.999997615814209 0.002184694167226553 
vn 0.13736872375011444 0.9481832385063171 -0.2864931523799896 
vn 0.3820091784000397 0.42878612875938416 -0.8186644315719604 
vn 0.30044472217559814 0.4373166263103485 -0.8476362228393555 
vn -0.05464855954051018 0.3171972632408142 -0.946783721446991 
vn 0.3508969843387604 0.07510112971067429 -0.933397650718689 
vn 0.4231681823730469 0 -0.9060511589050293 
vn 0.4231681823730469 0 -0.9060511589050293 
vn 0.4231681823730469 0 -0.9060511589050293 
vn 0.4231681823730469 0 -0.9060511589050293 
vn 0.4231681823730469 0 -0.9060511589050293 
vn 0.4231681823730469 0 -0.9060511589050293 
vn 0.4231681823730469 0 -0.9060511589050293 
vn 0.4231681823730469 0 -0.9060511589050293 
vn 0.4231681823730469 0 -0.9060511589050293 
vn 0.49304670095443726 0 -0.8700028657913208 
vn 0.49304670095443726 0 -0.8700028657913208 
vn 0.8097867965698242 0 -0.5867242813110352 
vn 0.8097867965698242 0 -0.5867242813110352 
vn -0.9723634123802185 0.20976904034614563 -0.10250037163496017 
vn -0.780506432056427 0.6193284392356873 -0.08510008454322815 
vn -0.7515450119972229 0.6541697382926941 -0.08510008454322815 
vn -0.12801504135131836 0.9916543364524841 -0.0152922747656703 
vn -0.12051337957382202 0.9925169944763184 -0.01966099627315998 
vn -1.0341130485562108e-13 0.999997615814209 -0.002184694167226553 
vn -1.0341130485562108e-13 0.999997615814209 0.002184694167226553 
vn -1.0341130485562108e-13 0.999997615814209 -0.002184694167226553 
vn -1.0341130485562108e-13 0.999997615814209 -0.002184694167226553 
vn -1.0341130485562108e-13 0.999997615814209 -0.002184694167226553 
vn -1.0341130485562108e-13 0.999997615814209 0.002184694167226553 
vn -1.0341130485562108e-13 0.999997615814209 0.002184694167226553 
vn -1.0341130485562108e-13 0.999997615814209 0.002184694167226553 
vn -0.1355002075433731 0.9906592965126038 -0.0152922747656703 
vn -1.0341130485562108e-13 0.999997615814209 0.002184694167226553 
vn -0.7140241861343384 -1.47676697801781e-13 -0.7001210451126099 
vn -0.7140241861343384 -1.47676697801781e-13 -0.7001210451126099 
vn -0.7140241861343384 -1.47676697801781e-13 -0.7001210451126099 
vn -0.7170366048812866 -0.0075594643130898476 -0.6969945430755615 
vn -0.7228928804397583 -0.01889810524880886 -0.6907016038894653 
vn -0.7140241861343384 -1.47676697801781e-13 -0.7001210451126099 
vn -0.7140241861343384 -1.47676697801781e-13 -0.7001210451126099 
vn -0.7140241861343384 -1.47676697801781e-13 -0.7001210451126099 
vn -0.7140241861343384 -1.47676697801781e-13 -0.7001210451126099 
vn -0.5670835971832275 -0.003782531013712287 -0.8236515522003174 
vn -0.5670835971832275 -0.003782531013712287 -0.8236515522003174 
vn -0.5670835971832275 0.003782531013712287 -0.8236515522003174 
vn -0.5670835971832275 0.003782531013712287 -0.8236515522003174 
vn -0.5670835971832275 -0.003782531013712287 -0.8236515522003174 
vn -0.06549396365880966 -1.351657992482028e-14 -0.9978529810905457 
vn -0.06549396365880966 -1.351657992482028e-14 -0.9978529810905457 
vn -0.06549396365880966 -1.351657992482028e-14 -0.9978529810905457 
vn -0.06549396365880966 -1.351657992482028e-14 -0.9978529810905457 
vn -0.06549396365880966 -1.351657992482028e-14 -0.9978529810905457 
vn 0.3506734371185303 0 -0.9364978075027466 
vn 0.3506734371185303 0 -0.9364978075027466 
vn 0.3506734371185303 0 -0.9364978075027466 
vn 0.3506734371185303 0 -0.9364978075027466 
vn 0.3506734371185303 0 -0.9364978075027466 
vn 0.3506734371185303 0 -0.9364978075027466 
vn 0.4231681823730469 0 -0.9060511589050293 
vn 0.4231681823730469 0 -0.9060511589050293 
vn 0.4231681823730469 0 -0.9060511589050293 
vn 0.4231681823730469 0 -0.9060511589050293 
vn 0.4231681823730469 0 -0.9060511589050293 
vn 0.4231681823730469 0 -0.9060511589050293 
vn 0.4231681823730469 0 -0.9060511589050293 
vn 0.4231681823730469 0 -0.9060511589050293 
vn 0.4231681823730469 0 -0.9060511589050293 
vn 0.4231681823730469 0 -0.9060511589050293 
vn 0.4231681823730469 0 -0.9060511589050293 
vn 0.4231681823730469 0 -0.9060511589050293 
vn 0.4231681823730469 0 -0.9060511589050293 
vn 0.4231681823730469 0 -0.9060511589050293 
vn 0.4231681823730469 0 -0.9060511589050293 
vn 0.4231681823730469 0 -0.9060511589050293 
vn 0.4231681823730469 0 -0.9060511589050293 
vn 0.4231681823730469 0 -0.9060511589050293 
vn 0.4231681823730469 0 -0.9060511589050293 
vn 0.49304670095443726 0 -0.8700028657913208 
vn -0.9449018836021423 0.30106115341186523 -0.12854042649269104 
vn -0.711342990398407 0.6953307390213013 -0.10250037163496017 
vn -0.9141051769256592 0.3541262149810791 -0.1975002884864807 
vn -0.6503409743309021 0.7463419437408447 -0.1415284425020218 
vn -0.8741216063499451 0.3922155797481537 -0.2864931523799896 
vn -0.5967705249786377 0.7777265310287476 -0.1975002884864807 
vn -0.8309735059738159 0.40137284994125366 -0.3852050006389618 
vn -0.10549934208393097 0.9941290020942688 -0.024029340595006943 
vn -0.09046237915754318 0.9954949021339417 -0.028397228568792343 
vn -0.06549396365880966 -1.351657992482028e-14 -0.9978529810905457 
vn 0.3506734371185303 0 -0.9364978075027466 
vn 0.4231681823730469 0 -0.9060511589050293 
vn 0.8097867965698242 0 -0.5867242813110352 
vn 0.49304670095443726 0 -0.8700028657913208 
vn 0.8097867965698242 0 -0.5867242813110352 
vn 0.49304670095443726 0 -0.8700028657913208 
vn 0.8097867965698242 0 -0.5867242813110352 
vn 0.49304670095443726 0 -0.8700028657913208 
vn 0.8097867965698242 0 -0.5867242813110352 
vn 0.49304670095443726 0 -0.8700028657913208 
vn 0.8097867965698242 0 -0.5867242813110352 
vn 0.8088362812995911 0.07539576292037964 -0.5831804275512695 
vn 0.4872683882713318 0.07526322454214096 -0.8700028657913208 
vn 0.4231681823730469 0 -0.9060511589050293 
vn 0.42045047879219055 0.07520291954278946 -0.9041935205459595 
vn 0.4231681823730469 0 -0.9060511589050293 
vn 0.42045047879219055 0.07520291954278946 -0.9041935205459595 
vn 0.4231681823730469 0 -0.9060511589050293 
vn 0.42045047879219055 0.07520291954278946 -0.9041935205459595 
vn 0.42045047879219055 0.07520291954278946 -0.9041935205459595 
vn 0.42045047879219055 0.07520291954278946 -0.9041935205459595 
vn 0.38298892974853516 0.42309120297431946 -0.8211658596992493 
vn 0.38298892974853516 0.42309120297431946 -0.8211658596992493 
vn 0.38298892974853516 0.42309120297431946 -0.8211658596992493 
vn 0.3820091784000397 0.42878612875938416 -0.8186644315719604 
vn 0.45781195163726807 0.4377876818180084 -0.7737894654273987 
vn 0.7672318816184998 0.30961960554122925 -0.5616858005523682 
vn 0.13549022376537323 0.9471797347068787 -0.29067665338516235 
vn 0.13736872375011444 0.9481832385063171 -0.2864931523799896 
vn -1.0341130485562108e-13 0.999997615814209 -0.002184694167226553 
vn -1.0341130485562108e-13 0.999997615814209 -0.002184694167226553 
vn -1.0341130485562108e-13 0.999997615814209 -0.002184694167226553 
vn -1.0341130485562108e-13 0.999997615814209 0.002184694167226553 
vn 0.10549934208393097 0.9941290020942688 0.024029340595006943 
vn 0.6027413010597229 0.7731083631515503 0.1975002884864807 
vn 0.6560130715370178 0.7413613200187683 0.1415284425020218 
vn 0.12051337957382202 0.9925169944763184 0.01966099627315998 
vn -1.0341130485562108e-13 0.999997615814209 -0.002184694167226553 
vn -1.0341130485562108e-13 0.999997615814209 -0.002184694167226553 
vn -1.0341130485562108e-13 0.999997615814209 -0.002184694167226553 
vn 0.1317666918039322 0.9502325654029846 -0.28230419754981995 
vn 0.7165989279747009 0.6899127960205078 0.10250037163496017 
vn 0.12801504135131836 0.9916543364524841 0.0152922747656703 
vn 0.1355002075433731 0.9906592965126038 0.0152922747656703 
vn 0.18020299077033997 0.9833359122276306 0.024029340595006943 
vn 0.2682172358036041 0.9329503774642944 -0.2401314377784729 
vn 0.758933424949646 0.64558345079422 0.08510008454322815 
vn 0.7874968647956848 0.6104151010513306 0.08510008454322815 
vn 0.8311383724212646 0.5488234758377075 0.08945280313491821 
vn 0.8326811194419861 0.5424749851226807 -0.1111890971660614 
vn 0.4231681823730469 0 -0.9060511589050293 
vn 0.4231681823730469 0 -0.9060511589050293 
vn 0.4231681823730469 0 -0.9060511589050293 
vn -0.995171308517456 -2.0582442542861623e-13 -0.0981530249118805 
vn -0.997078001499176 -2.0621877686380352e-13 0.0763898640871048 
vn -0.997078001499176 -2.0621877686380352e-13 0.0763898640871048 
vn -0.8322188854217529 -0.0037727425806224346 0.5544344186782837 
vn -0.5006305575370789 -1.0354196476993274e-13 0.865661084651947 
vn -0.423151433467865 -0.003766018431633711 0.9060511589050293 
vn -0.423151433467865 0.003766018431633711 0.9060511589050293 
vn -0.423151433467865 0.003766018431633711 0.9060511589050293 
vn -0.8322188854217529 -0.0037727425806224346 0.5544344186782837 
vn -0.5006305575370789 -1.0354196476993274e-13 0.865661084651947 
vn -0.5006305575370789 -1.0354196476993274e-13 0.865661084651947 
vn -0.423151433467865 0.003766018431633711 0.9060511589050293 
vn -0.423151433467865 0.003766018431633711 0.9060511589050293 
vn -0.423151433467865 0.003766018431633711 0.9060511589050293 
vn -0.423151433467865 -0.003766018431633711 0.9060511589050293 
vn -0.423151433467865 0.003766018431633711 0.9060511589050293 
vn -0.423151433467865 0.003766018431633711 0.9060511589050293 
vn -0.423151433467865 -0.003766018431633711 0.9060511589050293 
vn -0.423151433467865 -0.003766018431633711 0.9060511589050293 
vn -0.423151433467865 -0.003766018431633711 0.9060511589050293 
vn -0.423151433467865 0.003766018431633711 0.9060511589050293 
vn -0.423151433467865 -0.003766018431633711 0.9060511589050293 
vn -0.423151433467865 -0.003766018431633711 0.9060511589050293 
vn -0.423151433467865 -0.003766018431633711 0.9060511589050293 
vn -1.0341130485562108e-13 0.999997615814209 -0.002184694167226553 
vn -1.0341130485562108e-13 0.999997615814209 -0.002184694167226553 
vn -1.0341130485562108e-13 0.999997615814209 -0.002184694167226553 
vn -1.0341130485562108e-13 0.999997615814209 -0.002184694167226553 
vn 0.0754384696483612 0.9970331788063049 -0.0152922747656703 
vn 0.0829736664891243 0.9965301752090454 0.006554040592163801 
vn 0.39311593770980835 0.9169951677322388 -0.06767380982637405 
vn 0.3963804244995117 0.9175015091896057 0.03276457265019417 
vn 0.9486125707626343 0.26851752400398254 -0.16742929816246033 
vn 0.9595127701759338 0.268501877784729 0.08510008454322815 
vn 0.9851431250572205 0 -0.17173540592193604 
vn 0.996372401714325 0 0.08510008454322815 
vn 0.9851431250572205 0 -0.17173540592193604 
vn 0.996372401714325 0 0.08510008454322815 
vn -1.0341130485562108e-13 0.999997615814209 0.002184694167226553 
vn -1.0341130485562108e-13 0.999997615814209 0.002184694167226553 
vn 0.07541686296463013 0.9967476725578308 0.028397228568792343 
vn 0.36989790201187134 0.9188858866691589 0.1372016966342926 
vn 0.9059043526649475 0.2677839398384094 0.3280687630176544 
vn 0.9402724504470825 0 0.34042292833328247 
vn 0.9402724504470825 0 0.34042292833328247 
vn -1.0341130485562108e-13 0.999997615814209 -0.002184694167226553 
vn -1.0341130485562108e-13 0.999997615814209 -0.002184694167226553 
vn 0.06604087352752686 0.9967623949050903 0.04586252197623253 
vn 0.3237881362438202 0.918398916721344 0.22738653421401978 
vn 0.7908264398574829 0.2668723165988922 0.5507928133010864 
vn 0.8199170827865601 0 0.5724822878837585 
vn 0.8199170827865601 0 0.5724822878837585 
vn -1.0341130485562108e-13 0.999997615814209 -0.002184694167226553 
vn 0.05092582479119301 0.9969609379768372 0.058952588587999344 
vn 0.2554372251033783 0.9180552959442139 0.30319350957870483 
vn 0.6197019219398499 0.27096036076545715 0.736579954624176 
vn 0.6435311436653137 0 0.7654199600219727 
vn 0.6435311436653137 0 0.7654199600219727 
vn 0.4231681823730469 0 0.9060511589050293 
vn 0.4231681823730469 0 0.9060511589050293 
vn 0.1738872230052948 0 0.9847655892372131 
vn 0.40783214569091797 0.27023938298225403 0.872148871421814 
vn 0.16689521074295044 0.9175565838813782 0.36088213324546814 
vn 0.03397040069103241 0.9968236088752747 0.07203252613544464 
vn -1.0341130485562108e-13 0.999997615814209 -0.002184694167226553 
vn -1.0341130485562108e-13 0.999997615814209 0.002184694167226553 
vn -1.0341130485562108e-13 0.999997615814209 -0.002184694167226553 
vn -1.0341130485562108e-13 0.999997615814209 0.002184694167226553 
vn 0.011321731843054295 0.9970137476921082 0.0763898640871048 
vn 0.06596989929676056 0.9187737703323364 0.3892335295677185 
vn 0.1674511879682541 0.2700236439704895 0.9481810927391052 
vn 0.1738872230052948 0 0.9847655892372131 
vn -0.0872766524553299 -1.805082775960254e-14 0.9961841106414795 
vn -0.0872766524553299 -1.805082775960254e-14 0.9961841106414795 
vn -0.3424763083457947 -7.083201213065049e-14 0.9395264387130737 
vn -0.08515655994415283 0.2669545114040375 0.9599394202232361 
vn -0.03772559016942978 0.9169268012046814 0.3972681760787964 
vn -0.003772683208808303 0.9967275857925415 0.08074574917554855 
vn -1.0341130485562108e-13 0.999997615814209 -0.002184694167226553 
vn -1.0341130485562108e-13 0.999997615814209 0.002184694167226553 
vn -1.0341130485562108e-13 0.999997615814209 0.002184694167226553 
vn -1.0341130485562108e-13 0.999997615814209 -0.002184694167226553 
vn -0.02641485072672367 0.9967280626296997 0.0763898640871048 
vn -0.1333969086408615 0.9181610941886902 0.37307560443878174 
vn -0.3327632546424866 0.2677735984325409 0.9041935205459595 
vn -0.3424763083457947 -7.083201213065049e-14 0.9395264387130737 
vn -0.5742598176002502 0.0037664223928004503 0.8186644315719604 
vn -0.5742598176002502 0.0037664223928004503 0.8186644315719604 
vn -0.7668147683143616 0.0037700142711400986 0.641857385635376 
vn -0.5522412657737732 0.2659453749656677 0.790128231048584 
vn -0.23147863149642944 0.9173231720924377 0.3239381015300751 
vn -0.0471438430249691 0.996879518032074 0.0633138045668602 
vn -1.0341130485562108e-13 0.999997615814209 0.002184694167226553 
vn -1.0341130485562108e-13 0.999997615814209 -0.002184694167226553 
vn -1.0341130485562108e-13 0.999997615814209 -0.002184694167226553 
vn -1.0341130485562108e-13 0.999997615814209 -0.002184694167226553 
vn -0.062259066849946976 0.9967954158782959 0.05022686347365379 
vn -0.3025655746459961 0.9189823269844055 0.25283506512641907 
vn -0.7383997440338135 0.26964715123176575 0.6181069612503052 
vn -0.7668147683143616 0.0037700142711400986 0.641857385635376 
vn -0.9069656133651733 0.003773950971662998 0.42118772864341736 
vn -0.9069656133651733 0.003773950971662998 0.42118772864341736 
vn -0.9851431250572205 -2.0375036022517862e-13 0.17173540592193604 
vn -0.8729960322380066 0.2713523805141449 0.405272513628006 
vn -0.3593476116657257 0.918061375617981 0.16742929816246033 
vn -0.07540678232908249 0.996614396572113 0.03276457265019417 
vn -1.0341130485562108e-13 0.999997615814209 -0.002184694167226553 
vn -1.0341130485562108e-13 0.999997615814209 -0.002184694167226553 
vn -1.0341130485562108e-13 0.999997615814209 -0.002184694167226553 
vn -1.0341130485562108e-13 0.999997615814209 -0.002184694167226553 
vn -0.0754384696483612 0.9970331788063049 0.0152922747656703 
vn -0.39311593770980835 0.9169951677322388 0.06767380982637405 
vn -0.947669506072998 0.2718270719051361 0.16742929816246033 
vn -0.9851431250572205 -2.0375036022517862e-13 0.17173540592193604 
vn -0.9963652491569519 0.003775860881432891 -0.08510008454322815 
vn -0.9963652491569519 0.003775860881432891 -0.08510008454322815 
vn -0.9402724504470825 -1.9447006396715316e-13 -0.34042292833328247 
vn -0.9584883451461792 0.2721361219882965 -0.08510008454322815 
vn -0.3963804244995117 0.9175015091896057 -0.03276457265019417 
vn -0.0829736664891243 0.9965301752090454 -0.006554040592163801 
vn -1.0341130485562108e-13 0.999997615814209 -0.002184694167226553 
vn -1.0341130485562108e-13 0.999997615814209 -0.002184694167226553 
vn -1.0341130485562108e-13 0.999997615814209 -0.002184694167226553 
vn -1.0341130485562108e-13 0.999997615814209 0.002184694167226553 
vn -0.07541686296463013 0.9967476725578308 -0.028397228568792343 
vn -0.3755726218223572 0.9165810942649841 -0.1372016966342926 
vn -0.9058063626289368 0.26811516284942627 -0.3280687630176544 
vn -0.9402724504470825 -1.9447006396715316e-13 -0.34042292833328247 
vn -0.8199170827865601 -1.6957779852642269e-13 -0.5724822878837585 
vn -0.8199170827865601 -1.6957779852642269e-13 -0.5724822878837585 
vn -0.6435199975967407 0.003778880462050438 -0.7654199600219727 
vn -0.7907012104988098 0.2672431468963623 -0.5507928133010864 
vn -0.3223910629749298 0.9188902974128723 -0.22738653421401978 
vn -0.06227215379476547 0.9970049262046814 -0.04586252197623253 
vn -1.0341130485562108e-13 0.999997615814209 0.002184694167226553 
vn -1.0341130485562108e-13 0.999997615814209 0.002184694167226553 
vn -1.0341130485562108e-13 0.999997615814209 0.002184694167226553 
vn -1.0341130485562108e-13 0.999997615814209 -0.002184694167226553 
vn -0.05469445884227753 0.9967613220214844 -0.058952588587999344 
vn -0.25179821252822876 0.9190600514411926 -0.30319350957870483 
vn -0.6193037629127502 0.27186909317970276 -0.736579954624176 
vn -0.6435199975967407 0.003778880462050438 -0.7654199600219727 
vn -0.4231681823730469 -8.752095998886683e-14 -0.9060511589050293 
vn -0.4231681823730469 -8.752095998886683e-14 -0.9060511589050293 
vn -0.1738872230052948 -3.596389746879543e-14 -0.9847655892372131 
vn -0.4095214903354645 0.26767244935035706 -0.872148871421814 
vn -0.16525034606456757 0.9178542494773865 -0.36088213324546814 
vn -0.03397040069103241 0.9968236088752747 -0.07203252613544464 
vn -1.0341130485562108e-13 0.999997615814209 0.002184694167226553 
vn -1.0341130485562108e-13 0.999997615814209 0.002184694167226553 
vn -1.0341130485562108e-13 0.999997615814209 -0.002184694167226553 
vn -1.0341130485562108e-13 0.999997615814209 0.002184694167226553 
vn -0.011321731843054295 0.9970137476921082 -0.0763898640871048 
vn -0.07170679420232773 0.9183438420295715 -0.3892335295677185 
vn -0.16536849737167358 0.2713041305541992 -0.9481810927391052 
vn -0.1738872230052948 -3.596389746879543e-14 -0.9847655892372131 
vn 0.0872766524553299 0 -0.9961841106414795 
vn 0.0872766524553299 0 -0.9961841106414795 
vn 0.3424763083457947 0 -0.9395264387130737 
vn 0.08370940387248993 0.26741182804107666 -0.9599394202232361 
vn 0.03588724508881569 0.9170005917549133 -0.3972681760787964 
vn 0.009442966431379318 0.9966899752616882 -0.08074574917554855 
vn -1.0341130485562108e-13 0.999997615814209 0.002184694167226553 
vn -1.0341130485562108e-13 0.999997615814209 -0.002184694167226553 
vn -1.0341130485562108e-13 0.999997615814209 0.002184694167226553 
vn -1.0341130485562108e-13 0.999997615814209 0.002184694167226553 
vn 0.02641485072672367 0.9967280626296997 -0.0763898640871048 
vn 0.13543637096881866 0.9178624749183655 -0.37307560443878174 
vn 0.3293447494506836 0.2719671130180359 -0.9041935205459595 
vn 0.3424763083457947 0 -0.9395264387130737 
vn 0.5742721557617188 0 -0.8186644315719604 
vn 0.5742721557617188 0 -0.8186644315719604 
vn 0.7668240666389465 0 -0.641857385635376 
vn 0.5503553748130798 0.2698265314102173 -0.790128231048584 
vn 0.22993551194667816 0.9177111387252808 -0.3239381015300751 
vn 0.043374817818403244 0.9970506429672241 -0.0633138045668602 
vn -1.0341130485562108e-13 0.999997615814209 0.002184694167226553 
vn -1.0341130485562108e-13 0.999997615814209 0.002184694167226553 
vn -1.0341130485562108e-13 0.999997615814209 -0.002184694167226553 
vn -1.0341130485562108e-13 0.999997615814209 0.002184694167226553 
vn 0.05849025025963783 0.9970236420631409 -0.05022686347365379 
vn 0.3061496615409851 0.9177945256233215 -0.25283506512641907 
vn 0.7395439743995667 0.266493022441864 -0.6181069612503052 
vn 0.7668240666389465 0 -0.641857385635376 
vn 0.9069734811782837 0 -0.42118772864341736 
vn 0.9069734811782837 0 -0.42118772864341736 
vn 0.8741087913513184 0.2677461504936218 -0.405272513628006 
vn 0.36152297258377075 0.9172069430351257 -0.16742929816246033 
vn 0.07540678232908249 0.996614396572113 -0.03276457265019417 
vn -1.0341130485562108e-13 0.999997615814209 0.002184694167226553 
vn -1.0341130485562108e-13 0.999997615814209 0.002184694167226553 
vn -1.0341130485562108e-13 0.999997615814209 0.002184694167226553 
vn -1.0341130485562108e-13 0.999997615814209 -0.002184694167226553 
vn -1.0341130485562108e-13 0.999997615814209 -0.002184694167226553 
vn -1.0341130485562108e-13 0.999997615814209 -0.002184694167226553 
vn -1.0341130485562108e-13 0.999997615814209 -0.002184694167226553 
vn -0.06227215379476547 0.9970049262046814 0.04586252197623253 
vn -0.07541686296463013 0.9967476725578308 0.028397228568792343 
vn -0.37339434027671814 0.9174706339836121 0.1372016966342926 
vn -0.3963804244995117 0.9175015091896057 0.03276457265019417 
vn -0.9584883451461792 0.2721361219882965 0.08510008454322815 
vn -0.9486125707626343 0.26851752400398254 -0.16742929816246033 
vn -0.9851431250572205 -2.0375036022517862e-13 -0.17173540592193604 
vn -0.9069656133651733 0.003773950971662998 -0.42118772864341736 
vn -0.9851431250572205 -2.0375036022517862e-13 -0.17173540592193604 
vn -0.9069656133651733 0.003773950971662998 -0.42118772864341736 
vn -0.9963652491569519 0.003775860881432891 0.08510008454322815 
vn -0.9048281311988831 0.27139803767204285 0.3280687630176544 
vn -0.3273433446884155 0.9171378016471863 0.22738653421401978 
vn -0.05469445884227753 0.9967613220214844 0.058952588587999344 
vn -1.0341130485562108e-13 0.999997615814209 0.002184694167226553 
vn -1.0341130485562108e-13 0.999997615814209 -0.002184694167226553 
vn -1.0341130485562108e-13 0.999997615814209 0.002184694167226553 
vn -1.0341130485562108e-13 0.999997615814209 0.002184694167226553 
vn -1.0341130485562108e-13 0.999997615814209 0.002184694167226553 
vn -0.03397040069103241 0.9968236088752747 0.07203252613544464 
vn -0.25179821252822876 0.9190600514411926 0.30319350957870483 
vn -0.7896120548248291 0.2704443335533142 0.5507928133010864 
vn -0.940264880657196 0.0037725989241153 0.34042292833328247 
vn -0.940264880657196 0.0037725989241153 0.34042292833328247 
vn -0.9963652491569519 0.003775860881432891 0.08510008454322815 
vn -0.8199084401130676 0.0037713563069701195 0.5724822878837585 
vn -0.6197019219398499 0.27096036076545715 0.736579954624176 
vn -0.17060372233390808 0.9168742895126343 0.36088213324546814 
vn -0.011321731843054295 0.9970137476921082 0.0763898640871048 
vn -1.0341130485562108e-13 0.999997615814209 0.002184694167226553 
vn -1.0341130485562108e-13 0.999997615814209 -0.002184694167226553 
vn -1.0341130485562108e-13 0.999997615814209 0.002184694167226553 
vn -1.0341130485562108e-13 0.999997615814209 0.002184694167226553 
vn 0.003772683208808303 0.9967275857925415 0.08074574917554855 
vn -0.06973258405923843 0.9184958338737488 0.3892335295677185 
vn -0.40783214569091797 0.27023938298225403 0.872148871421814 
vn -0.6435311436653137 -1.3309710592771667e-13 0.7654199600219727 
vn -0.6435311436653137 -1.3309710592771667e-13 0.7654199600219727 
vn -0.8199084401130676 0.0037713563069701195 0.5724822878837585 
vn -0.423151433467865 0.003766018431633711 0.9060511589050293 
vn -0.1674511879682541 0.2700236439704895 0.9481810927391052 
vn 0.03772559016942978 0.9169268012046814 0.3972681760787964 
vn 0.02641485072672367 0.9967280626296997 0.0763898640871048 
vn -1.0341130485562108e-13 0.999997615814209 -0.002184694167226553 
vn -1.0341130485562108e-13 0.999997615814209 -0.002184694167226553 
vn -1.0341130485562108e-13 0.999997615814209 0.002184694167226553 
vn -1.0341130485562108e-13 0.999997615814209 -0.002184694167226553 
vn 0.043374817818403244 0.9970506429672241 0.0633138045668602 
vn 0.1371273547410965 0.9176114201545715 0.37307560443878174 
vn 0.08515655994415283 0.2669545114040375 0.9599394202232361 
vn -0.1738872230052948 -3.596389746879543e-14 0.9847655892372131 
vn -0.1738872230052948 -3.596389746879543e-14 0.9847655892372131 
vn -0.423151433467865 0.003766018431633711 0.9060511589050293 
vn 0.0872766524553299 0 0.9961841106414795 
vn 0.3303939998149872 0.27069148421287537 0.9041935205459595 
vn 0.23147863149642944 0.9173231720924377 0.3239381015300751 
vn 0.05849025025963783 0.9970236420631409 0.05022686347365379 
vn -1.0341130485562108e-13 0.999997615814209 -0.002184694167226553 
vn -1.0341130485562108e-13 0.999997615814209 0.002184694167226553 
vn -1.0341130485562108e-13 0.999997615814209 0.002184694167226553 
vn -1.0341130485562108e-13 0.999997615814209 0.002184694167226553 
vn 0.07540678232908249 0.996614396572113 0.03276457265019417 
vn 0.3061496615409851 0.9177945256233215 0.25283506512641907 
vn 0.5505958199501038 0.26933547854423523 0.790128231048584 
vn 0.3424763083457947 0 0.9395264387130737 
vn 0.3424763083457947 0 0.9395264387130737 
vn 0.0872766524553299 0 0.9961841106414795 
vn 0.5742721557617188 0 0.8186644315719604 
vn 0.7396845817565918 0.26610246300697327 0.6181069612503052 
vn 0.36285799741744995 0.9166796207427979 0.16742929816246033 
vn 0.0754384696483612 0.9970331788063049 0.0152922747656703 
vn -1.0341130485562108e-13 0.999997615814209 0.002184694167226553 
vn -1.0341130485562108e-13 0.999997615814209 0.002184694167226553 
vn 0.7668240666389465 0 0.641857385635376 
vn 0.8741087913513184 0.2677461504936218 0.405272513628006 
vn 0.39311593770980835 0.9169951677322388 0.06767380982637405 
vn 0.0829736664891243 0.9965301752090454 -0.006554040592163801 
vn -1.0341130485562108e-13 0.999997615814209 0.002184694167226553 
vn -1.0341130485562108e-13 0.999997615814209 0.002184694167226553 
vn 0.7668240666389465 0 0.641857385635376 
vn 0.9069734811782837 0 0.42118772864341736 
vn 0.9487026929855347 0.26819878816604614 0.16742929816246033 
vn 0.3963804244995117 0.9175015091896057 -0.03276457265019417 
vn 0.07541686296463013 0.9967476725578308 -0.028397228568792343 
vn -1.0341130485562108e-13 0.999997615814209 0.002184694167226553 
vn -1.0341130485562108e-13 0.999997615814209 -0.002184694167226553 
vn -1.0341130485562108e-13 0.999997615814209 -0.002184694167226553 
vn -1.0341130485562108e-13 0.999997615814209 -0.002184694167226553 
vn 0.06604087352752686 0.9967623949050903 -0.04586252197623253 
vn 0.3755726218223572 0.9165810942649841 -0.1372016966342926 
vn 0.9595127701759338 0.268501877784729 -0.08510008454322815 
vn 0.9851431250572205 0 0.17173540592193604 
vn 0.9851431250572205 0 0.17173540592193604 
vn 0.9069734811782837 0 0.42118772864341736 
vn 0.996372401714325 0 -0.08510008454322815 
vn 0.9058063626289368 0.26811516284942627 -0.3280687630176544 
vn 0.3223910629749298 0.9188902974128723 -0.22738653421401978 
vn 0.05092582479119301 0.9969609379768372 -0.058952588587999344 
vn -1.0341130485562108e-13 0.999997615814209 0.002184694167226553 
vn -1.0341130485562108e-13 0.999997615814209 -0.002184694167226553 
vn -1.0341130485562108e-13 0.999997615814209 -0.002184694167226553 
vn -1.0341130485562108e-13 0.999997615814209 -0.002184694167226553 
vn 0.03397040069103241 0.9968236088752747 -0.07203252613544464 
vn 0.2554372251033783 0.9180552959442139 -0.30319350957870483 
vn 0.7907012104988098 0.2672431468963623 -0.5507928133010864 
vn 0.9402724504470825 0 -0.34042292833328247 
vn 0.996372401714325 0 -0.08510008454322815 
vn 0.9402724504470825 0 -0.34042292833328247 
vn 0.8199170827865601 0 -0.5724822878837585 
vn 0.6193037629127502 0.27186909317970276 -0.736579954624176 
vn 0.16525034606456757 0.9178542494773865 -0.36088213324546814 
vn 0.011321731843054295 0.9970137476921082 -0.0763898640871048 
vn -1.0341130485562108e-13 0.999997615814209 -0.002184694167226553 
vn -1.0341130485562108e-13 0.999997615814209 0.002184694167226553 
vn -1.0341130485562108e-13 0.999997615814209 0.002184694167226553 
vn -1.0341130485562108e-13 0.999997615814209 0.002184694167226553 
vn -0.0056658340618014336 0.9967186450958252 -0.08074574917554855 
vn 0.07170679420232773 0.9183438420295715 -0.3892335295677185 
vn 0.40744316577911377 0.27082550525665283 -0.872148871421814 
vn 0.6435311436653137 0 -0.7654199600219727 
vn 0.6435311436653137 0 -0.7654199600219727 
vn 0.8199170827865601 0 -0.5724822878837585 
vn 0.4231681823730469 0 -0.9060511589050293 
vn 0.16536849737167358 0.2713041305541992 -0.9481810927391052 
vn -0.0321112759411335 0.9171406030654907 -0.3972681760787964 
vn -0.02641485072672367 0.9967280626296997 -0.0763898640871048 
vn -1.0341130485562108e-13 0.999997615814209 -0.002184694167226553 
vn -1.0341130485562108e-13 0.999997615814209 -0.002184694167226553 
vn -1.0341130485562108e-13 0.999997615814209 0.002184694167226553 
vn -1.0341130485562108e-13 0.999997615814209 -0.002184694167226553 
vn -0.0471438430249691 0.996879518032074 -0.0633138045668602 
vn -0.13543637096881866 0.9178624749183655 -0.37307560443878174 
vn -0.08009632676839828 0.2685161530971527 -0.9599394202232361 
vn 0.1738872230052948 0 -0.9847655892372131 
vn 0.1738872230052948 0 -0.9847655892372131 
vn 0.4231681823730469 0 -0.9060511589050293 
vn -0.0872766524553299 -1.805082775960254e-14 -0.9961841106414795 
vn -0.3317386209964752 0.2690419554710388 -0.9041935205459595 
vn -0.22627031803131104 0.9186217188835144 -0.3239381015300751 
vn -0.062259066849946976 0.9967954158782959 -0.05022686347365379 
vn -1.0341130485562108e-13 0.999997615814209 -0.002184694167226553 
vn -1.0341130485562108e-13 0.999997615814209 0.002184694167226553 
vn -1.0341130485562108e-13 0.999997615814209 0.002184694167226553 
vn -1.0341130485562108e-13 0.999997615814209 0.002184694167226553 
vn -0.07540678232908249 0.996614396572113 -0.03276457265019417 
vn -0.3025655746459961 0.9189823269844055 -0.25283506512641907 
vn -0.5503553748130798 0.2698265314102173 -0.790128231048584 
vn -0.34245550632476807 0.003775085089728236 -0.9395264387130737 
vn -0.34245550632476807 0.003775085089728236 -0.9395264387130737 
vn -0.0872766524553299 -1.805082775960254e-14 -0.9961841106414795 
vn -0.5742597579956055 0.0037822143640369177 -0.8186644315719604 
vn -0.7395439743995667 0.266493022441864 -0.6181069612503052 
vn -0.36152297258377075 0.9172069430351257 -0.16742929816246033 
vn -0.0754384696483612 0.9970331788063049 -0.0152922747656703 
vn -1.0341130485562108e-13 0.999997615814209 0.002184694167226553 
vn -1.0341130485562108e-13 0.999997615814209 -0.002184694167226553 
vn -1.0341130485562108e-13 0.999997615814209 -0.002184694167226553 
vn -0.0829736664891243 0.9965301752090454 0.006554040592163801 
vn -0.39311593770980835 0.9169951677322388 -0.06767380982637405 
vn -0.8729960322380066 0.2713523805141449 -0.405272513628006 
vn -0.7668240666389465 -1.5859693116085372e-13 -0.641857385635376 
vn -0.7668240666389465 -1.5859693116085372e-13 -0.641857385635376 
vn -0.5742597579956055 0.0037822143640369177 -0.8186644315719604 
vn 0.5742721557617188 0 0.8186644315719604 
vn 0.1133599802851677 0 -0.9935539960861206 
s on 
f 1//1 2//2 3//3 
f 2//2 4//4 3//3 
f 3//3 4//4 5//5 
f 4//4 6//6 5//5 
f 5//5 6//6 7//7 
f 6//6 8//8 7//7 
f 7//7 8//8 9//9 
f 8//8 10//10 9//9 
f 9//9 10//10 11//11 
f 10//10 12//12 11//11 
f 11//11 12//12 13//13 
f 12//12 14//14 13//13 
f 13//13 14//14 15//15 
f 14//14 16//16 15//15 
f 15//15 16//16 17//17 
f 16//16 18//18 17//17 
f 17//17 18//18 19//19 
f 18//18 20//20 19//19 
f 19//19 20//20 21//21 
f 20//20 22//22 21//21 
f 21//21 22//22 23//23 
f 22//22 24//24 23//23 
f 23//23 24//24 25//25 
f 24//24 26//26 25//25 
f 25//25 26//26 27//27 
f 26//26 28//28 27//27 
f 27//27 28//28 29//29 
f 28//28 30//30 29//29 
f 29//29 30//30 31//31 
f 30//30 32//32 31//31 
f 31//31 32//32 33//33 
f 32//32 34//34 33//33 
f 33//33 34//34 35//35 
f 34//34 36//36 35//35 
f 35//35 36//36 37//37 
f 36//36 38//38 37//37 
f 37//37 38//38 39//39 
f 38//38 40//40 39//39 
f 39//39 40//40 41//41 
f 40//40 42//42 41//41 
f 41//41 42//42 43//43 
f 42//42 44//44 43//43 
f 43//43 44//44 45//45 
f 44//44 46//46 45//45 
f 45//45 46//46 47//47 
f 46//46 47//47 47//47 
f 47//47 47//47 22//22 
f 47//47 22//22 22//22 
f 22//22 22//22 22//22 
f 22//22 48//48 22//22 
f 22//22 48//48 24//24 
f 48//48 49//49 24//24 
f 24//24 49//49 26//26 
f 49//49 50//50 26//26 
f 26//26 50//50 28//28 
f 50//50 51//51 28//28 
f 28//28 51//51 30//30 
f 51//51 52//52 30//30 
f 30//30 52//52 32//32 
f 52//52 53//53 32//32 
f 32//32 53//53 34//34 
f 53//53 54//54 34//34 
f 34//34 54//54 36//36 
f 54//54 55//55 36//36 
f 36//36 55//55 38//38 
f 55//55 56//56 38//38 
f 38//38 56//56 40//40 
f 56//56 57//57 40//40 
f 40//40 57//57 42//42 
f 57//57 58//58 42//42 
f 42//42 58//58 44//44 
f 58//58 59//59 44//44 
f 44//44 59//59 46//46 
f 59//59 46//46 46//46 
f 46//46 46//46 57//57 
f 46//46 57//57 57//57 
f 57//57 57//57 57//57 
f 57//57 56//56 57//57 
f 57//57 56//56 60//60 
f 56//56 55//55 60//60 
f 60//60 55//55 61//61 
f 55//55 54//54 61//61 
f 61//61 54//54 62//62 
f 54//54 53//53 62//62 
f 62//62 53//53 63//63 
f 53//53 52//52 63//63 
f 63//63 52//52 64//64 
f 52//52 51//51 64//64 
f 64//64 51//51 65//65 
f 51//51 50//50 65//65 
f 65//65 50//50 66//66 
f 50//50 67//67 66//66 
f 66//66 67//67 68//68 
f 67//67 69//69 68//68 
f 68//68 69//69 70//70 
f 69//69 71//71 70//70 
f 70//70 71//71 72//72 
f 71//71 73//73 72//72 
f 72//72 73//73 74//74 
f 73//73 75//75 74//74 
f 74//74 75//75 76//76 
f 75//75 77//77 76//76 
f 76//76 77//77 78//78 
f 77//77 79//79 78//78 
f 78//78 79//79 80//80 
f 79//79 81//81 80//80 
f 80//80 81//81 82//82 
f 81//81 83//83 82//82 
f 82//82 83//83 84//84 
f 83//83 85//85 84//84 
f 84//84 85//85 86//86 
f 85//85 87//87 86//86 
f 86//86 87//87 88//88 
f 87//87 89//89 88//88 
f 88//88 89//89 89//89 
f 89//89 88//88 89//89 
f 89//89 88//88 88//88 
f 88//88 90//90 88//88 
f 88//88 90//90 86//86 
f 90//90 91//91 86//86 
f 86//86 91//91 84//84 
f 91//91 92//92 84//84 
f 84//84 92//92 82//82 
f 92//92 93//93 82//82 
f 82//82 93//93 80//80 
f 93//93 94//94 80//80 
f 80//80 94//94 78//78 
f 94//94 95//95 78//78 
f 78//78 95//95 76//76 
f 95//95 96//96 76//76 
f 76//76 96//96 74//74 
f 96//96 97//97 74//74 
f 74//74 97//97 72//72 
f 97//97 70//70 72//72 
f 72//72 70//70 70//70 
f 70//70 90//90 70//70 
f 70//70 90//90 90//90 
f 90//90 98//98 90//90 
f 90//90 98//98 91//91 
f 98//98 99//99 91//91 
f 91//91 99//99 92//92 
f 99//99 100//100 92//92 
f 92//92 100//100 93//93 
f 100//100 101//101 93//93 
f 93//93 101//101 94//94 
f 101//101 102//102 94//94 
f 94//94 102//102 95//95 
f 102//102 103//103 95//95 
f 95//95 103//103 96//96 
f 103//103 104//104 96//96 
f 96//96 104//104 97//97 
f 104//104 105//105 97//97 
f 97//97 105//105 70//70 
f 105//105 106//106 70//70 
f 70//70 106//106 68//68 
f 106//106 107//107 68//68 
f 68//68 107//107 108//108 
f 107//107 109//109 108//108 
f 108//108 109//109 110//110 
f 109//109 111//111 110//110 
f 110//110 111//111 112//112 
f 111//111 113//113 112//112 
f 112//112 113//113 64//64 
f 113//113 63//63 64//64 
f 64//64 63//63 63//63 
f 63//63 107//107 63//63 
f 63//63 107//107 107//107 
f 107//107 106//106 107//107 
f 107//107 106//106 114//114 
f 106//106 105//105 114//114 
f 114//114 105//105 115//115 
f 105//105 104//104 115//115 
f 115//115 104//104 116//116 
f 104//104 103//103 116//116 
f 116//116 103//103 117//117 
f 103//103 102//102 117//117 
f 117//117 102//102 118//118 
f 102//102 101//101 118//118 
f 118//118 101//101 119//119 
f 101//101 100//100 119//119 
f 119//119 100//100 120//120 
f 100//100 99//99 120//120 
f 120//120 99//99 98//98 
f 99//99 98//98 98//98 
f 98//98 98//98 120//120 
f 98//98 120//120 120//120 
f 120//120 120//120 120//120 
f 120//120 121//121 120//120 
f 120//120 121//121 119//119 
f 121//121 122//122 119//119 
f 119//119 122//122 118//118 
f 122//122 123//123 118//118 
f 118//118 123//123 117//117 
f 123//123 124//124 117//117 
f 117//117 124//124 116//116 
f 124//124 125//125 116//116 
f 116//116 125//125 115//115 
f 125//125 126//126 115//115 
f 115//115 126//126 114//114 
f 126//126 127//127 114//114 
f 114//114 127//127 107//107 
f 127//127 128//128 107//107 
f 107//107 128//128 109//109 
f 128//128 129//129 109//109 
f 109//109 129//129 130//130 
f 129//129 131//131 130//130 
f 130//130 131//131 132//132 
f 131//131 133//133 132//132 
f 132//132 133//133 134//134 
f 133//133 135//135 134//134 
f 134//134 135//135 62//62 
f 135//135 61//61 62//62 
f 62//62 61//61 61//61 
f 61//61 129//129 61//61 
f 61//61 129//129 129//129 
f 129//129 128//128 129//129 
f 129//129 128//128 136//136 
f 128//128 127//127 136//136 
f 136//136 127//127 137//137 
f 127//127 126//126 137//137 
f 137//137 126//126 138//138 
f 126//126 125//125 138//138 
f 138//138 125//125 139//139 
f 125//125 124//124 139//139 
f 139//139 124//124 140//140 
f 124//124 123//123 140//140 
f 140//140 123//123 141//141 
f 123//123 122//122 141//141 
f 141//141 122//122 142//142 
f 122//122 121//121 142//142 
f 142//142 121//121 143//143 
f 121//121 144//144 143//143 
f 143//143 144//144 144//144 
f 144//144 143//143 144//144 
f 144//144 143//143 143//143 
f 143//143 145//145 143//143 
f 143//143 145//145 142//142 
f 145//145 146//146 142//142 
f 142//142 146//146 141//141 
f 146//146 147//147 141//141 
f 141//141 147//147 140//140 
f 147//147 148//148 140//140 
f 140//140 148//148 139//139 
f 148//148 149//149 139//139 
f 139//139 149//149 138//138 
f 149//149 150//150 138//138 
f 138//138 150//150 137//137 
f 150//150 151//151 137//137 
f 137//137 151//151 136//136 
f 151//151 152//152 136//136 
f 136//136 152//152 129//129 
f 152//152 153//153 129//129 
f 129//129 153//153 131//131 
f 153//153 154//154 131//131 
f 131//131 154//154 133//133 
f 154//154 155//155 133//133 
f 133//133 155//155 135//135 
f 155//155 156//156 135//135 
f 135//135 156//156 61//61 
f 156//156 60//60 61//61 
f 61//61 60//60 60//60 
f 60//60 146//146 60//60 
f 60//60 146//146 146//146 
f 146//146 157//157 146//146 
f 146//146 157//157 147//147 
f 157//157 158//158 147//147 
f 147//147 158//158 148//148 
f 158//158 159//159 148//148 
f 148//148 159//159 149//149 
f 159//159 160//160 149//149 
f 149//149 160//160 150//150 
f 160//160 161//161 150//150 
f 150//150 161//161 151//151 
f 161//161 162//162 151//151 
f 151//151 162//162 152//152 
f 162//162 163//163 152//152 
f 152//152 163//163 153//153 
f 163//163 164//164 153//153 
f 153//153 164//164 154//154 
f 164//164 154//154 154//154 
f 154//154 154//154 157//157 
f 154//154 157//157 157//157 
f 157//157 157//157 157//157 
f 157//157 165//165 157//157 
f 157//157 165//165 158//158 
f 165//165 166//166 158//158 
f 158//158 166//166 159//159 
f 166//166 167//167 159//159 
f 159//159 167//167 168//168 
f 167//167 169//169 168//168 
f 168//168 169//169 170//170 
f 169//169 171//171 170//170 
f 170//170 171//171 172//172 
f 171//171 173//173 172//172 
f 172//172 173//173 174//174 
f 173//173 175//175 174//174 
f 174//174 175//175 176//176 
f 175//175 177//177 176//176 
f 176//176 177//177 178//178 
f 177//177 179//179 178//178 
f 178//178 179//179 180//180 
f 179//179 181//181 180//180 
f 180//180 181//181 182//182 
f 181//181 183//183 182//182 
f 182//182 183//183 184//184 
f 183//183 185//185 184//184 
f 184//184 185//185 186//186 
f 185//185 187//187 186//186 
f 186//186 187//187 188//188 
f 187//187 189//189 188//188 
f 188//188 189//189 190//190 
f 189//189 191//191 190//190 
f 190//190 191//191 192//192 
f 191//191 193//193 192//192 
f 192//192 193//193 161//161 
f 193//193 194//194 161//161 
f 161//161 194//194 162//162 
f 194//194 195//195 162//162 
f 162//162 195//195 163//163 
f 195//195 196//196 163//163 
f 163//163 196//196 164//164 
f 196//196 197//197 164//164 
f 164//164 197//197 197//197 
f 197//197 157//157 197//197 
f 197//197 157//157 157//157 
f 157//157 198//198 157//157 
f 157//157 198//198 165//165 
f 198//198 199//199 165//165 
f 165//165 199//199 166//166 
f 199//199 200//200 166//166 
f 166//166 200//200 167//167 
f 200//200 201//201 167//167 
f 167//167 201//201 169//169 
f 201//201 202//202 169//169 
f 169//169 202//202 171//171 
f 202//202 203//203 171//171 
f 171//171 203//203 173//173 
f 203//203 204//204 173//173 
f 173//173 204//204 175//175 
f 204//204 205//205 175//175 
f 175//175 205//205 177//177 
f 205//205 206//206 177//177 
f 177//177 206//206 179//179 
f 206//206 207//207 179//179 
f 179//179 207//207 181//181 
f 207//207 208//208 181//181 
f 181//181 208//208 183//183 
f 208//208 209//209 183//183 
f 183//183 209//209 185//185 
f 209//209 210//210 185//185 
f 185//185 210//210 187//187 
f 210//210 211//211 187//187 
f 187//187 211//211 189//189 
f 211//211 212//212 189//189 
f 189//189 212//212 191//191 
f 212//212 213//213 191//191 
f 191//191 213//213 193//193 
f 213//213 214//214 193//193 
f 193//193 214//214 194//194 
f 214//214 215//215 194//194 
f 194//194 215//215 195//195 
f 215//215 216//216 195//195 
f 195//195 216//216 196//196 
f 216//216 217//217 196//196 
f 196//196 217//217 197//197 
f 217//217 218//218 197//197 
f 197//197 218//218 218//218 
f 218//218 199//199 218//218 
f 218//218 199//199 199//199 
f 199//199 219//219 199//199 
f 199//199 219//219 200//200 
f 219//219 220//220 200//200 
f 200//200 220//220 201//201 
f 220//220 221//221 201//201 
f 201//201 221//221 202//202 
f 221//221 222//222 202//202 
f 202//202 222//222 203//203 
f 222//222 223//223 203//203 
f 203//203 223//223 204//204 
f 223//223 224//224 204//204 
f 204//204 224//224 205//205 
f 224//224 225//225 205//205 
f 205//205 225//225 206//206 
f 225//225 226//226 206//206 
f 206//206 226//226 207//207 
f 226//226 227//227 207//207 
f 207//207 227//227 208//208 
f 227//227 228//228 208//208 
f 208//208 228//228 209//209 
f 228//228 229//229 209//209 
f 209//209 229//229 210//210 
f 229//229 230//230 210//210 
f 210//210 230//230 211//211 
f 230//230 231//231 211//211 
f 211//211 231//231 212//212 
f 231//231 232//232 212//212 
f 212//212 232//232 213//213 
f 232//232 233//233 213//213 
f 213//213 233//233 214//214 
f 233//233 234//234 214//214 
f 214//214 234//234 215//215 
f 234//234 235//235 215//215 
f 215//215 235//235 216//216 
f 235//235 236//236 216//216 
f 216//216 236//236 217//217 
f 236//236 237//237 217//217 
f 217//217 237//237 218//218 
f 237//237 238//238 218//218 
f 218//218 238//238 238//238 
f 238//238 199//199 238//238 
f 238//238 199//199 199//199 
f 199//199 239//239 199//199 
f 199//199 239//239 219//219 
f 239//239 240//240 219//219 
f 219//219 240//240 220//220 
f 240//240 241//241 220//220 
f 220//220 241//241 221//221 
f 241//241 242//242 221//221 
f 221//221 242//242 222//222 
f 242//242 243//243 222//222 
f 222//222 243//243 223//223 
f 243//243 244//244 223//223 
f 223//223 244//244 224//224 
f 244//244 245//245 224//224 
f 224//224 245//245 225//225 
f 245//245 246//246 225//225 
f 225//225 246//246 226//226 
f 246//246 247//247 226//226 
f 226//226 247//247 227//227 
f 247//247 248//248 227//227 
f 227//227 248//248 228//228 
f 248//248 249//249 228//228 
f 228//228 249//249 229//229 
f 249//249 250//250 229//229 
f 229//229 250//250 230//230 
f 250//250 251//251 230//230 
f 230//230 251//251 231//231 
f 251//251 252//252 231//231 
f 231//231 252//252 232//232 
f 252//252 253//253 232//232 
f 232//232 253//253 233//233 
f 253//253 254//254 233//233 
f 233//233 254//254 234//234 
f 254//254 255//255 234//234 
f 234//234 255//255 235//235 
f 255//255 256//256 235//235 
f 235//235 256//256 236//236 
f 256//256 257//257 236//236 
f 236//236 257//257 237//237 
f 257//257 258//258 237//237 
f 237//237 258//258 238//238 
f 258//258 259//259 238//238 
f 238//238 259//259 259//259 
f 259//259 240//240 259//259 
f 259//259 240//240 240//240 
f 240//240 260//260 240//240 
f 240//240 260//260 241//241 
f 260//260 261//261 241//241 
f 241//241 261//261 242//242 
f 261//261 262//262 242//242 
f 242//242 262//262 243//243 
f 262//262 263//263 243//243 
f 243//243 263//263 244//244 
f 263//263 264//264 244//244 
f 244//244 264//264 245//245 
f 264//264 265//265 245//245 
f 245//245 265//265 246//246 
f 265//265 266//266 246//246 
f 246//246 266//266 247//247 
f 266//266 267//267 247//247 
f 247//247 267//267 248//248 
f 267//267 268//268 248//248 
f 248//248 268//268 249//249 
f 268//268 269//269 249//249 
f 249//249 269//269 250//250 
f 269//269 270//270 250//250 
f 250//250 270//270 251//251 
f 270//270 271//271 251//251 
f 251//251 271//271 252//252 
f 271//271 272//272 252//252 
f 252//252 272//272 253//253 
f 272//272 273//273 253//253 
f 253//253 273//273 254//254 
f 273//273 274//274 254//254 
f 254//254 274//274 255//255 
f 274//274 275//275 255//255 
f 255//255 275//275 256//256 
f 275//275 276//276 256//256 
f 256//256 276//276 257//257 
f 276//276 277//277 257//257 
f 257//257 277//277 258//258 
f 277//277 278//278 258//258 
f 258//258 278//278 259//259 
f 278//278 279//279 259//259 
f 259//259 279//279 279//279 
f 279//279 240//240 279//279 
f 279//279 240//240 240//240 
f 240//240 280//280 240//240 
f 240//240 280//280 260//260 
f 280//280 281//281 260//260 
f 260//260 281//281 261//261 
f 281//281 282//282 261//261 
f 261//261 282//282 262//262 
f 282//282 283//283 262//262 
f 262//262 283//283 263//263 
f 283//283 284//284 263//263 
f 263//263 284//284 264//264 
f 284//284 285//285 264//264 
f 264//264 285//285 265//265 
f 285//285 286//286 265//265 
f 265//265 286//286 266//266 
f 286//286 287//287 266//266 
f 266//266 287//287 267//267 
f 287//287 288//288 267//267 
f 267//267 288//288 268//268 
f 288//288 289//289 268//268 
f 268//268 289//289 269//269 
f 289//289 290//290 269//269 
f 269//269 290//290 270//270 
f 290//290 291//291 270//270 
f 270//270 291//291 271//271 
f 291//291 292//292 271//271 
f 271//271 292//292 272//272 
f 292//292 293//293 272//272 
f 272//272 293//293 273//273 
f 293//293 294//294 273//273 
f 273//273 294//294 274//274 
f 294//294 295//295 274//274 
f 274//274 295//295 275//275 
f 295//295 296//296 275//275 
f 275//275 296//296 276//276 
f 296//296 297//297 276//276 
f 276//276 297//297 277//277 
f 297//297 298//298 277//277 
f 277//277 298//298 278//278 
f 298//298 299//299 278//278 
f 278//278 299//299 279//279 
f 299//299 300//300 279//279 
f 279//279 300//300 300//300 
f 300//300 281//281 300//300 
f 300//300 281//281 281//281 
f 281//281 301//301 281//281 
f 281//281 301//301 282//282 
f 301//301 302//302 282//282 
f 282//282 302//302 283//283 
f 302//302 303//303 283//283 
f 283//283 303//303 284//284 
f 303//303 304//304 284//284 
f 284//284 304//304 285//285 
f 304//304 305//305 285//285 
f 285//285 305//305 286//286 
f 305//305 306//306 286//286 
f 286//286 306//306 287//287 
f 306//306 307//307 287//287 
f 287//287 307//307 288//288 
f 307//307 308//308 288//288 
f 288//288 308//308 289//289 
f 308//308 309//309 289//289 
f 289//289 309//309 290//290 
f 309//309 310//310 290//290 
f 290//290 310//310 291//291 
f 310//310 311//311 291//291 
f 291//291 311//311 292//292 
f 311//311 312//312 292//292 
f 292//292 312//312 293//293 
f 312//312 313//313 293//293 
f 293//293 313//313 294//294 
f 313//313 314//314 294//294 
f 294//294 314//314 295//295 
f 314//314 315//315 295//295 
f 295//295 315//315 296//296 
f 315//315 316//316 296//296 
f 296//296 316//316 297//297 
f 316//316 317//317 297//297 
f 297//297 317//317 298//298 
f 317//317 318//318 298//298 
f 298//298 318//318 299//299 
f 318//318 319//319 299//299 
f 299//299 319//319 300//300 
f 319//319 320//320 300//300 
f 300//300 320//320 320//320 
f 320//320 281//281 320//320 
f 320//320 281//281 281//281 
f 281//281 321//321 281//281 
f 281//281 321//321 301//301 
f 321//321 322//322 301//301 
f 301//301 322//322 302//302 
f 322//322 323//323 302//302 
f 302//302 323//323 303//303 
f 323//323 324//324 303//303 
f 303//303 324//324 304//304 
f 324//324 325//325 304//304 
f 304//304 325//325 305//305 
f 325//325 326//326 305//305 
f 305//305 326//326 306//306 
f 326//326 327//327 306//306 
f 306//306 327//327 307//307 
f 327//327 328//328 307//307 
f 307//307 328//328 308//308 
f 328//328 329//329 308//308 
f 308//308 329//329 309//309 
f 329//329 330//330 309//309 
f 309//309 330//330 310//310 
f 330//330 331//331 310//310 
f 310//310 331//331 311//311 
f 331//331 332//332 311//311 
f 311//311 332//332 312//312 
f 332//332 333//333 312//312 
f 312//312 333//333 313//313 
f 333//333 334//334 313//313 
f 313//313 334//334 314//314 
f 334//334 335//335 314//314 
f 314//314 335//335 315//315 
f 335//335 336//336 315//315 
f 315//315 336//336 316//316 
f 336//336 337//337 316//316 
f 316//316 337//337 317//317 
f 337//337 338//338 317//317 
f 317//317 338//338 318//318 
f 338//338 339//339 318//318 
f 318//318 339//339 319//319 
f 339//339 340//340 319//319 
f 319//319 340//340 320//320 
f 340//340 341//341 320//320 
f 320//320 341//341 341//341 
f 341//341 332//332 341//341 
f 341//341 332//332 332//332 
f 332//332 331//331 332//332 
f 332//332 331//331 333//333 
f 331//331 342//342 333//333 
f 333//333 342//342 334//334 
f 342//342 343//343 334//334 
f 334//334 343//343 335//335 
f 343//343 344//344 335//335 
f 335//335 344//344 336//336 
f 344//344 345//345 336//336 
f 336//336 345//345 337//337 
f 345//345 346//346 337//337 
f 337//337 346//346 338//338 
f 346//346 347//347 338//338 
f 338//338 347//347 348//348 
f 347//347 349//349 348//348 
f 348//348 349//349 350//350 
f 349//349 351//351 350//350 
f 350//350 351//351 352//352 
f 351//351 353//353 352//352 
f 352//352 353//353 354//354 
f 353//353 355//355 354//354 
f 354//354 355//355 356//356 
f 355//355 356//356 356//356 
f 356//356 356//356 331//331 
f 356//356 331//331 331//331 
f 331//331 331//331 331//331 
f 331//331 330//330 331//331 
f 331//331 330//330 342//342 
f 330//330 329//329 342//342 
f 342//342 329//329 343//343 
f 329//329 328//328 343//343 
f 343//343 328//328 344//344 
f 328//328 327//327 344//344 
f 344//344 327//327 345//345 
f 327//327 326//326 345//345 
f 345//345 326//326 346//346 
f 326//326 325//325 346//346 
f 346//346 325//325 347//347 
f 325//325 324//324 347//347 
f 347//347 324//324 349//349 
f 324//324 357//357 349//349 
f 349//349 357//357 351//351 
f 357//357 358//358 351//351 
f 351//351 358//358 353//353 
f 358//358 355//355 353//353 
f 353//353 355//355 355//355 
f 355//355 324//324 355//355 
f 355//355 324//324 324//324 
f 324//324 323//323 324//324 
f 324//324 323//323 357//357 
f 323//323 359//359 357//357 
f 357//357 359//359 358//358 
f 359//359 360//360 358//358 
f 358//358 360//360 355//355 
f 360//360 355//355 355//355 
f 355//355 355//355 360//360 
f 355//355 360//360 360//360 
f 360//360 360//360 360//360 
f 360//360 359//359 360//360 
f 360//360 359//359 361//361 
f 359//359 322//322 361//361 
f 361//361 322//322 362//362 
f 322//322 321//321 362//362 
f 362//362 321//321 321//321 
f 321//321 155//155 321//321 
f 321//321 155//155 155//155 
f 155//155 363//363 155//155 
f 155//155 363//363 156//156 
f 363//363 364//364 156//156 
f 156//156 364//364 60//60 
f 364//364 57//57 60//60 
f 60//60 57//57 57//57 
f 57//57 364//364 57//57 
f 57//57 364//364 58//58 
f 364//364 365//365 58//58 
f 58//58 365//365 59//59 
f 365//365 59//59 59//59 
f 59//59 59//59 366//366 
f 59//59 366//366 366//366 
f 366//366 366//366 366//366 
f 366//366 367//367 366//366 
f 366//366 367//367 368//368 
f 367//367 369//369 368//368 
f 368//368 369//369 369//369 
f 369//369 370//370 369//369 
f 369//369 370//370 370//370 
f 370//370 371//371 370//370 
f 370//370 371//371 372//372 
f 371//371 373//373 372//372 
f 372//372 373//373 373//373 
f 373//373 374//374 373//373 
f 373//373 374//374 374//374 
f 374//374 375//375 374//374 
f 374//374 375//375 376//376 
f 375//375 377//377 376//376 
f 376//376 377//377 377//377 
f 377//377 89//89 377//377 
f 377//377 89//89 89//89 
f 89//89 87//87 89//89 
f 89//89 87//87 378//378 
f 87//87 379//379 378//378 
f 378//378 379//379 380//380 
f 379//379 381//381 380//380 
f 380//380 381//381 6//6 
f 381//381 8//8 6//6 
f 6//6 8//8 8//8 
f 8//8 379//379 8//8 
f 8//8 379//379 379//379 
f 379//379 87//87 379//379 
f 379//379 87//87 382//382 
f 87//87 85//85 382//382 
f 382//382 85//85 383//383 
f 85//85 83//83 383//383 
f 383//383 83//83 384//384 
f 83//83 81//81 384//384 
f 384//384 81//81 385//385 
f 81//81 79//79 385//385 
f 385//385 79//79 386//386 
f 79//79 77//77 386//386 
f 386//386 77//77 387//387 
f 77//77 75//75 387//387 
f 387//387 75//75 388//388 
f 75//75 73//73 388//388 
f 388//388 73//73 22//22 
f 73//73 48//48 22//22 
f 22//22 48//48 48//48 
f 48//48 388//388 48//48 
f 48//48 388//388 388//388 
f 388//388 20//20 388//388 
f 388//388 20//20 387//387 
f 20//20 389//389 387//387 
f 387//387 389//389 386//386 
f 389//389 390//390 386//386 
f 386//386 390//390 385//385 
f 390//390 391//391 385//385 
f 385//385 391//391 384//384 
f 391//391 392//392 384//384 
f 384//384 392//392 383//383 
f 392//392 393//393 383//383 
f 383//383 393//393 382//382 
f 393//393 381//381 382//382 
f 382//382 381//381 379//379 
f 381//381 379//379 379//379 
f 379//379 379//379 20//20 
f 379//379 20//20 20//20 
f 20//20 20//20 20//20 
f 20//20 18//18 20//20 
f 20//20 18//18 389//389 
f 18//18 16//16 389//389 
f 389//389 16//16 390//390 
f 16//16 14//14 390//390 
f 390//390 14//14 391//391 
f 14//14 12//12 391//391 
f 391//391 12//12 392//392 
f 12//12 10//10 392//392 
f 392//392 10//10 393//393 
f 10//10 8//8 393//393 
f 393//393 8//8 381//381 
f 8//8 381//381 381//381 
f 381//381 381//381 121//121 
f 381//381 121//121 121//121 
f 121//121 121//121 121//121 
f 121//121 120//120 121//121 
f 121//121 120//120 144//144 
f 120//120 394//394 144//144 
f 144//144 394//394 394//394 
f 394//394 378//378 394//394 
f 394//394 378//378 378//378 
f 378//378 380//380 378//378 
f 378//378 380//380 395//395 
f 380//380 2//2 395//395 
f 395//395 2//2 2//2 
f 2//2 380//380 2//2 
f 2//2 380//380 4//4 
f 380//380 6//6 4//4 
f 4//4 6//6 6//6 
f 6//6 239//239 6//6 
f 6//6 239//239 239//239 
f 239//239 199//199 239//239 
f 239//239 199//199 396//396 
f 199//199 198//198 396//396 
f 396//396 198//198 198//198 
f 198//198 239//239 198//198 
f 198//198 239//239 239//239 
f 239//239 397//397 239//239 
f 239//239 397//397 240//240 
f 397//397 280//280 240//240 
f 240//240 280//280 280//280 
f 280//280 321//321 280//280 
f 280//280 321//321 321//321 
f 321//321 281//281 321//321 
f 321//321 281//281 398//398 
f 281//281 280//280 398//398 
f 398//398 280//280 280//280 
f 280//280 178//178 280//280 
f 280//280 178//178 178//178 
f 178//178 180//180 178//178 
f 178//178 180//180 176//176 
f 180//180 399//399 176//176 
f 176//176 399//399 174//174 
f 399//399 400//400 174//174 
f 174//174 400//400 172//172 
f 400//400 401//401 172//172 
f 172//172 401//401 170//170 
f 401//401 402//402 170//170 
f 170//170 402//402 168//168 
f 402//402 403//403 168//168 
f 168//168 403//403 159//159 
f 403//403 160//160 159//159 
f 159//159 160//160 160//160 
f 160//160 180//180 160//160 
f 160//160 180//180 180//180 
f 180//180 182//182 180//180 
f 180//180 182//182 399//399 
f 182//182 184//184 399//399 
f 399//399 184//184 400//400 
f 184//184 186//186 400//400 
f 400//400 186//186 401//401 
f 186//186 188//188 401//401 
f 401//401 188//188 402//402 
f 188//188 190//190 402//402 
f 402//402 190//190 403//403 
f 190//190 192//192 403//403 
f 403//403 192//192 160//160 
f 192//192 161//161 160//160 
f 160//160 161//161 161//161 
f 161//161 404//404 161//161 
f 161//161 404//404 404//404 
f 404//404 405//405 404//404 
f 404//404 405//405 406//406 
f 405//405 407//407 406//406 
f 406//406 407//407 407//407 
f 407//407 408//408 407//407 
f 407//407 408//408 408//408 
f 408//408 409//409 408//408 
f 408//408 409//409 410//410 
f 409//409 411//411 410//410 
f 410//410 411//411 411//411 
f 411//411 64//64 411//411 
f 411//411 64//64 64//64 
f 64//64 65//65 64//64 
f 64//64 65//65 112//112 
f 65//65 110//110 112//112 
f 112//112 110//110 110//110 
f 110//110 65//65 110//110 
f 110//110 65//65 65//65 
f 65//65 66//66 65//65 
f 65//65 66//66 110//110 
f 66//66 108//108 110//110 
f 110//110 108//108 108//108 
f 108//108 412//412 108//108 
f 108//108 412//412 412//412 
f 412//412 413//413 412//412 
f 412//412 413//413 414//414 
f 413//413 415//415 414//414 
f 414//414 415//415 415//415 
f 415//415 416//416 415//415 
f 415//415 416//416 416//416 
f 416//416 417//417 416//416 
f 416//416 417//417 418//418 
f 417//417 419//419 418//418 
f 418//418 419//419 420//420 
f 419//419 421//421 420//420 
f 420//420 421//421 422//422 
f 421//421 423//423 422//422 
f 422//422 423//423 424//424 
f 423//423 425//425 424//424 
f 424//424 425//425 426//426 
f 425//425 427//427 426//426 
f 426//426 427//427 428//428 
f 427//427 429//429 428//428 
f 428//428 429//429 430//430 
f 429//429 431//431 430//430 
f 430//430 431//431 432//432 
f 431//431 433//433 432//432 
f 432//432 433//433 434//434 
f 433//433 435//435 434//434 
f 434//434 435//435 436//436 
f 435//435 437//437 436//436 
f 436//436 437//437 438//438 
f 437//437 439//439 438//438 
f 438//438 439//439 440//440 
f 439//439 441//441 440//440 
f 440//440 441//441 442//442 
f 441//441 443//443 442//442 
f 442//442 443//443 444//444 
f 443//443 445//445 444//444 
f 444//444 445//445 446//446 
f 445//445 447//447 446//446 
f 446//446 447//447 448//448 
f 447//447 449//449 448//448 
f 448//448 449//449 450//450 
f 449//449 450//450 450//450 
f 450//450 450//450 450//450 
f 450//450 451//451 450//450 
f 450//450 451//451 448//448 
f 451//451 452//452 448//448 
f 448//448 452//452 446//446 
f 452//452 453//453 446//446 
f 446//446 453//453 444//444 
f 453//453 454//454 444//444 
f 444//444 454//454 442//442 
f 454//454 455//455 442//442 
f 442//442 455//455 440//440 
f 455//455 456//456 440//440 
f 440//440 456//456 438//438 
f 456//456 457//457 438//438 
f 438//438 457//457 436//436 
f 457//457 458//458 436//436 
f 436//436 458//458 434//434 
f 458//458 459//459 434//434 
f 434//434 459//459 432//432 
f 459//459 460//460 432//432 
f 432//432 460//460 430//430 
f 460//460 461//461 430//430 
f 430//430 461//461 428//428 
f 461//461 462//462 428//428 
f 428//428 462//462 426//426 
f 462//462 463//463 426//426 
f 426//426 463//463 424//424 
f 463//463 464//464 424//424 
f 424//424 464//464 422//422 
f 464//464 465//465 422//422 
f 422//422 465//465 420//420 
f 465//465 466//466 420//420 
f 420//420 466//466 418//418 
f 466//466 418//418 418//418 
f 418//418 418//418 451//451 
f 418//418 451//451 451//451 
f 451//451 451//451 451//451 
f 451//451 467//467 451//451 
f 451//451 467//467 452//452 
f 467//467 468//468 452//452 
f 452//452 468//468 453//453 
f 468//468 469//469 453//453 
f 453//453 469//469 454//454 
f 469//469 470//470 454//454 
f 454//454 470//470 455//455 
f 470//470 471//471 455//455 
f 455//455 471//471 456//456 
f 471//471 472//472 456//456 
f 456//456 472//472 457//457 
f 472//472 473//473 457//457 
f 457//457 473//473 458//458 
f 473//473 474//474 458//458 
f 458//458 474//474 459//459 
f 474//474 475//475 459//459 
f 459//459 475//475 460//460 
f 475//475 476//476 460//460 
f 460//460 476//476 461//461 
f 476//476 477//477 461//461 
f 461//461 477//477 462//462 
f 477//477 478//478 462//462 
f 462//462 478//478 463//463 
f 478//478 479//479 463//463 
f 463//463 479//479 464//464 
f 479//479 480//480 464//464 
f 464//464 480//480 465//465 
f 480//480 481//481 465//465 
f 465//465 481//481 466//466 
f 481//481 466//466 466//466 
f 466//466 466//466 467//467 
f 466//466 467//467 467//467 
f 467//467 467//467 467//467 
f 467//467 482//482 467//467 
f 467//467 482//482 468//468 
f 482//482 483//483 468//468 
f 468//468 483//483 469//469 
f 483//483 484//484 469//469 
f 469//469 484//484 470//470 
f 484//484 485//485 470//470 
f 470//470 485//485 471//471 
f 485//485 486//486 471//471 
f 471//471 486//486 472//472 
f 486//486 487//487 472//472 
f 472//472 487//487 473//473 
f 487//487 488//488 473//473 
f 473//473 488//488 474//474 
f 488//488 489//489 474//474 
f 474//474 489//489 475//475 
f 489//489 490//490 475//475 
f 475//475 490//490 476//476 
f 490//490 491//491 476//476 
f 476//476 491//491 477//477 
f 491//491 492//492 477//477 
f 477//477 492//492 478//478 
f 492//492 493//493 478//478 
f 478//478 493//493 479//479 
f 493//493 494//494 479//479 
f 479//479 494//494 480//480 
f 494//494 495//495 480//480 
f 480//480 495//495 481//481 
f 495//495 481//481 481//481 
f 481//481 481//481 482//482 
f 481//481 482//482 482//482 
f 482//482 482//482 482//482 
f 482//482 496//496 482//482 
f 482//482 496//496 483//483 
f 496//496 497//497 483//483 
f 483//483 497//497 484//484 
f 497//497 498//498 484//484 
f 484//484 498//498 485//485 
f 498//498 499//499 485//485 
f 485//485 499//499 486//486 
f 499//499 500//500 486//486 
f 486//486 500//500 487//487 
f 500//500 501//501 487//487 
f 487//487 501//501 488//488 
f 501//501 502//502 488//488 
f 488//488 502//502 489//489 
f 502//502 503//503 489//489 
f 489//489 503//503 490//490 
f 503//503 504//504 490//490 
f 490//490 504//504 491//491 
f 504//504 505//505 491//491 
f 491//491 505//505 492//492 
f 505//505 506//506 492//492 
f 492//492 506//506 493//493 
f 506//506 507//507 493//493 
f 493//493 507//507 494//494 
f 507//507 508//508 494//494 
f 494//494 508//508 495//495 
f 508//508 495//495 495//495 
f 495//495 495//495 496//496 
f 495//495 496//496 496//496 
f 496//496 496//496 496//496 
f 496//496 509//509 496//496 
f 496//496 509//509 497//497 
f 509//509 510//510 497//497 
f 497//497 510//510 498//498 
f 510//510 511//511 498//498 
f 498//498 511//511 499//499 
f 511//511 512//512 499//499 
f 499//499 512//512 500//500 
f 512//512 513//513 500//500 
f 500//500 513//513 501//501 
f 513//513 514//514 501//501 
f 501//501 514//514 502//502 
f 514//514 515//515 502//502 
f 502//502 515//515 503//503 
f 515//515 516//516 503//503 
f 503//503 516//516 504//504 
f 516//516 517//517 504//504 
f 504//504 517//517 505//505 
f 517//517 518//518 505//505 
f 505//505 518//518 506//506 
f 518//518 519//519 506//506 
f 506//506 519//519 507//507 
f 519//519 520//520 507//507 
f 507//507 520//520 508//508 
f 520//520 508//508 508//508 
f 508//508 508//508 496//496 
f 508//508 496//496 496//496 
f 496//496 496//496 496//496 
f 496//496 521//521 496//496 
f 496//496 521//521 509//509 
f 521//521 522//522 509//509 
f 509//509 522//522 510//510 
f 522//522 523//523 510//510 
f 510//510 523//523 524//524 
f 523//523 525//525 524//524 
f 524//524 525//525 526//526 
f 525//525 527//527 526//526 
f 526//526 527//527 528//528 
f 527//527 528//528 528//528 
f 528//528 528//528 521//521 
f 528//528 521//521 521//521 
f 521//521 521//521 521//521 
f 521//521 496//496 521//521 
f 521//521 496//496 529//529 
f 496//496 482//482 529//529 
f 529//529 482//482 530//530 
f 482//482 467//467 530//530 
f 530//530 467//467 531//531 
f 467//467 451//451 531//531 
f 531//531 451//451 532//532 
f 451//451 450//450 532//532 
f 532//532 450//450 450//450 
f 450//450 532//532 450//450 
f 450//450 532//532 532//532 
f 532//532 533//533 532//532 
f 532//532 533//533 531//531 
f 533//533 534//534 531//531 
f 531//531 534//534 530//530 
f 534//534 535//535 530//530 
f 530//530 535//535 536//536 
f 535//535 537//537 536//536 
f 536//536 537//537 538//538 
f 537//537 539//539 538//538 
f 538//538 539//539 540//540 
f 539//539 540//540 540//540 
f 540//540 540//540 536//536 
f 540//540 536//536 536//536 
f 536//536 536//536 536//536 
f 536//536 538//538 536//536 
f 536//536 538//538 541//541 
f 538//538 542//542 541//541 
f 541//541 542//542 543//543 
f 542//542 544//544 543//543 
f 543//543 544//544 522//522 
f 544//544 545//545 522//522 
f 522//522 545//545 523//523 
f 545//545 525//525 523//523 
f 523//523 525//525 525//525 
f 525//525 538//538 525//525 
f 525//525 538//538 538//538 
f 538//538 540//540 538//538 
f 538//538 540//540 542//542 
f 540//540 546//546 542//542 
f 542//542 546//546 544//544 
f 546//546 547//547 544//544 
f 544//544 547//547 545//545 
f 547//547 548//548 545//545 
f 545//545 548//548 525//525 
f 548//548 527//527 525//525 
f 525//525 527//527 527//527 
f 527//527 539//539 527//527 
f 527//527 539//539 539//539 
f 539//539 537//537 539//539 
f 539//539 537//537 549//549 
f 537//537 550//550 549//549 
f 549//549 550//550 550//550 
f 550//550 537//537 550//550 
f 550//550 537//537 537//537 
f 537//537 535//535 537//537 
f 537//537 535//535 550//550 
f 535//535 551//551 550//550 
f 550//550 551//551 551//551 
f 551//551 535//535 551//551 
f 551//551 535//535 552//552 
f 535//535 534//534 552//552 
f 552//552 534//534 533//533 
f 534//534 533//533 533//533 
f 533//533 533//533 536//536 
f 533//533 536//536 536//536 
f 536//536 536//536 536//536 
f 536//536 541//541 536//536 
f 536//536 541//541 530//530 
f 541//541 529//529 530//530 
f 530//530 529//529 529//529 
f 529//529 541//541 529//529 
f 529//529 541//541 521//521 
f 541//541 543//543 521//521 
f 521//521 543//543 522//522 
f 543//543 522//522 522//522 
f 522//522 522//522 449//449 
f 522//522 449//449 449//449 
f 449//449 449//449 449//449 
f 449//449 447//447 449//449 
f 449//449 447//447 553//553 
f 447//447 554//554 553//553 
f 553//553 554//554 555//555 
f 554//554 556//556 555//555 
f 555//555 556//556 557//557 
f 556//556 558//558 557//557 
f 557//557 558//558 559//559 
f 558//558 560//560 559//559 
f 559//559 560//560 561//561 
f 560//560 562//562 561//561 
f 561//561 562//562 562//562 
f 562//562 447//447 562//562 
f 562//562 447//447 447//447 
f 447//447 445//445 447//447 
f 447//447 445//445 554//554 
f 445//445 563//563 554//554 
f 554//554 563//563 556//556 
f 563//563 564//564 556//556 
f 556//556 564//564 558//558 
f 564//564 560//560 558//558 
f 558//558 560//560 560//560 
f 560//560 445//445 560//560 
f 560//560 445//445 445//445 
f 445//445 443//443 445//445 
f 445//445 443//443 563//563 
f 443//443 565//565 563//563 
f 563//563 565//565 564//564 
f 565//565 566//566 564//564 
f 564//564 566//566 560//560 
f 566//566 562//562 560//560 
f 560//560 562//562 562//562 
f 562//562 443//443 562//562 
f 562//562 443//443 443//443 
f 443//443 441//441 443//443 
f 443//443 441//441 565//565 
f 441//441 567//567 565//565 
f 565//565 567//567 566//566 
f 567//567 562//562 566//566 
f 566//566 562//562 562//562 
f 562//562 441//441 562//562 
f 562//562 441//441 441//441 
f 441//441 439//439 441//441 
f 441//441 439//439 567//567 
f 439//439 568//568 567//567 
f 567//567 568//568 569//569 
f 568//568 570//570 569//569 
f 569//569 570//570 570//570 
f 570//570 439//439 570//570 
f 570//570 439//439 439//439 
f 439//439 437//437 439//439 
f 439//439 437//437 568//568 
f 437//437 571//571 568//568 
f 568//568 571//571 570//570 
f 571//571 572//572 570//570 
f 570//570 572//572 572//572 
f 572//572 571//571 572//572 
f 572//572 571//571 573//573 
f 571//571 574//574 573//573 
f 573//573 574//574 575//575 
f 574//574 433//433 575//575 
f 575//575 433//433 431//431 
f 433//433 431//431 431//431 
f 431//431 431//431 575//575 
f 431//431 575//575 575//575 
f 575//575 575//575 575//575 
f 575//575 431//431 575//575 
f 575//575 431//431 576//576 
f 431//431 429//429 576//576 
f 576//576 429//429 577//577 
f 429//429 427//427 577//577 
f 577//577 427//427 578//578 
f 427//427 425//425 578//578 
f 578//578 425//425 579//579 
f 425//425 423//423 579//579 
f 579//579 423//423 580//580 
f 423//423 421//421 580//580 
f 580//580 421//421 581//581 
f 421//421 419//419 581//581 
f 581//581 419//419 417//417 
f 419//419 417//417 417//417 
f 417//417 417//417 417//417 
f 417//417 582//582 417//417 
f 417//417 582//582 581//581 
f 582//582 583//583 581//581 
f 581//581 583//583 580//580 
f 583//583 579//579 580//580 
f 580//580 579//579 579//579 
f 579//579 583//583 579//579 
f 579//579 583//583 583//583 
f 583//583 584//584 583//583 
f 583//583 584//584 579//579 
f 584//584 585//585 579//579 
f 579//579 585//585 578//578 
f 585//585 577//577 578//578 
f 578//578 577//577 577//577 
f 577//577 585//585 577//577 
f 577//577 585//585 585//585 
f 585//585 586//586 585//585 
f 585//585 586//586 577//577 
f 586//586 587//587 577//577 
f 577//577 587//587 576//576 
f 587//587 575//575 576//576 
f 576//576 575//575 575//575 
f 575//575 587//587 575//575 
f 575//575 587//587 587//587 
f 587//587 588//588 587//587 
f 587//587 588//588 575//575 
f 588//588 573//573 575//575 
f 575//575 573//573 573//573 
f 573//573 437//437 573//573 
f 573//573 437//437 437//437 
f 437//437 435//435 437//437 
f 437//437 435//435 571//571 
f 435//435 574//574 571//571 
f 571//571 574//574 574//574 
f 574//574 62//62 574//574 
f 574//574 62//62 62//62 
f 62//62 63//63 62//62 
f 62//62 63//63 134//134 
f 63//63 113//113 134//134 
f 134//134 113//113 132//132 
f 113//113 111//111 132//132 
f 132//132 111//111 130//130 
f 111//111 109//109 130//130 
f 130//130 109//109 109//109 
f 109//109 146//146 109//109 
f 109//109 146//146 146//146 
f 146//146 145//145 146//146 
f 146//146 145//145 157//157 
f 145//145 589//589 157//157 
f 157//157 589//589 198//198 
f 589//589 198//198 198//198 
f 198//198 198//198 590//590 
f 198//198 590//590 590//590 
f 590//590 590//590 590//590 
f 590//590 591//591 590//590 
f 590//590 591//591 592//592 
f 591//591 593//593 592//592 
f 592//592 593//593 594//594 
f 593//593 595//595 594//594 
f 594//594 595//595 596//596 
f 595//595 597//597 596//596 
f 596//596 597//597 598//598 
f 597//597 599//599 598//598 
f 598//598 599//599 600//600 
f 599//599 601//601 600//600 
f 600//600 601//601 602//602 
f 601//601 603//603 602//602 
f 602//602 603//603 604//604 
f 603//603 605//605 604//604 
f 604//604 605//605 606//606 
f 605//605 607//607 606//606 
f 606//606 607//607 608//608 
f 607//607 609//609 608//608 
f 608//608 609//609 610//610 
f 609//609 611//611 610//610 
f 610//610 611//611 612//612 
f 611//611 613//613 612//612 
f 612//612 613//613 614//614 
f 613//613 615//615 614//614 
f 614//614 615//615 616//616 
f 615//615 617//617 616//616 
f 616//616 617//617 618//618 
f 617//617 619//619 618//618 
f 618//618 619//619 620//620 
f 619//619 621//621 620//620 
f 620//620 621//621 622//622 
f 621//621 623//623 622//622 
f 622//622 623//623 623//623 
f 623//623 593//593 623//623 
f 623//623 593//593 593//593 
f 593//593 624//624 593//593 
f 593//593 624//624 595//595 
f 624//624 625//625 595//595 
f 595//595 625//625 597//597 
f 625//625 626//626 597//597 
f 597//597 626//626 599//599 
f 626//626 627//627 599//599 
f 599//599 627//627 601//601 
f 627//627 628//628 601//601 
f 601//601 628//628 603//603 
f 628//628 629//629 603//603 
f 603//603 629//629 605//605 
f 629//629 630//630 605//605 
f 605//605 630//630 607//607 
f 630//630 631//631 607//607 
f 607//607 631//631 609//609 
f 631//631 632//632 609//609 
f 609//609 632//632 611//611 
f 632//632 633//633 611//611 
f 611//611 633//633 613//613 
f 633//633 634//634 613//613 
f 613//613 634//634 615//615 
f 634//634 635//635 615//615 
f 615//615 635//635 617//617 
f 635//635 636//636 617//617 
f 617//617 636//636 619//619 
f 636//636 637//637 619//619 
f 619//619 637//637 621//621 
f 637//637 638//638 621//621 
f 621//621 638//638 623//623 
f 638//638 639//639 623//623 
f 623//623 639//639 639//639 
f 639//639 624//624 639//639 
f 639//639 624//624 624//624 
f 624//624 640//640 624//624 
f 624//624 640//640 625//625 
f 640//640 641//641 625//625 
f 625//625 641//641 626//626 
f 641//641 642//642 626//626 
f 626//626 642//642 627//627 
f 642//642 643//643 627//627 
f 627//627 643//643 628//628 
f 643//643 644//644 628//628 
f 628//628 644//644 629//629 
f 644//644 645//645 629//629 
f 629//629 645//645 630//630 
f 645//645 646//646 630//630 
f 630//630 646//646 631//631 
f 646//646 647//647 631//631 
f 631//631 647//647 632//632 
f 647//647 648//648 632//632 
f 632//632 648//648 633//633 
f 648//648 649//649 633//633 
f 633//633 649//649 634//634 
f 649//649 650//650 634//634 
f 634//634 650//650 635//635 
f 650//650 651//651 635//635 
f 635//635 651//651 636//636 
f 651//651 652//652 636//636 
f 636//636 652//652 637//637 
f 652//652 653//653 637//637 
f 637//637 653//653 638//638 
f 653//653 654//654 638//638 
f 638//638 654//654 639//639 
f 654//654 655//655 639//639 
f 639//639 655//655 655//655 
f 655//655 640//640 655//655 
f 655//655 640//640 640//640 
f 640//640 656//656 640//640 
f 640//640 656//656 641//641 
f 656//656 657//657 641//641 
f 641//641 657//657 642//642 
f 657//657 658//658 642//642 
f 642//642 658//658 643//643 
f 658//658 659//659 643//643 
f 643//643 659//659 644//644 
f 659//659 660//660 644//644 
f 644//644 660//660 645//645 
f 660//660 661//661 645//645 
f 645//645 661//661 646//646 
f 661//661 662//662 646//646 
f 646//646 662//662 647//647 
f 662//662 663//663 647//647 
f 647//647 663//663 648//648 
f 663//663 664//664 648//648 
f 648//648 664//664 649//649 
f 664//664 665//665 649//649 
f 649//649 665//665 650//650 
f 665//665 666//666 650//650 
f 650//650 666//666 651//651 
f 666//666 667//667 651//651 
f 651//651 667//667 652//652 
f 667//667 668//668 652//652 
f 652//652 668//668 653//653 
f 668//668 669//669 653//653 
f 653//653 669//669 654//654 
f 669//669 670//670 654//654 
f 654//654 670//670 655//655 
f 670//670 671//671 655//655 
f 655//655 671//671 671//671 
f 671//671 656//656 671//671 
f 671//671 656//656 656//656 
f 656//656 672//672 656//656 
f 656//656 672//672 657//657 
f 672//672 673//673 657//657 
f 657//657 673//673 658//658 
f 673//673 674//674 658//658 
f 658//658 674//674 659//659 
f 674//674 675//675 659//659 
f 659//659 675//675 660//660 
f 675//675 676//676 660//660 
f 660//660 676//676 661//661 
f 676//676 677//677 661//661 
f 661//661 677//677 662//662 
f 677//677 678//678 662//662 
f 662//662 678//678 663//663 
f 678//678 679//679 663//663 
f 663//663 679//679 664//664 
f 679//679 680//680 664//664 
f 664//664 680//680 665//665 
f 680//680 681//681 665//665 
f 665//665 681//681 666//666 
f 681//681 682//682 666//666 
f 666//666 682//682 667//667 
f 682//682 683//683 667//667 
f 667//667 683//683 668//668 
f 683//683 684//684 668//668 
f 668//668 684//684 669//669 
f 684//684 685//685 669//669 
f 669//669 685//685 670//670 
f 685//685 686//686 670//670 
f 670//670 686//686 671//671 
f 686//686 687//687 671//671 
f 671//671 687//687 687//687 
f 687//687 672//672 687//687 
f 687//687 672//672 672//672 
f 672//672 688//688 672//672 
f 672//672 688//688 673//673 
f 688//688 689//689 673//673 
f 673//673 689//689 674//674 
f 689//689 690//690 674//674 
f 674//674 690//690 675//675 
f 690//690 691//691 675//675 
f 675//675 691//691 676//676 
f 691//691 692//692 676//676 
f 676//676 692//692 677//677 
f 692//692 693//693 677//677 
f 677//677 693//693 678//678 
f 693//693 694//694 678//678 
f 678//678 694//694 679//679 
f 694//694 695//695 679//679 
f 679//679 695//695 680//680 
f 695//695 696//696 680//680 
f 680//680 696//696 681//681 
f 696//696 697//697 681//681 
f 681//681 697//697 682//682 
f 697//697 698//698 682//682 
f 682//682 698//698 683//683 
f 698//698 699//699 683//683 
f 683//683 699//699 684//684 
f 699//699 700//700 684//684 
f 684//684 700//700 685//685 
f 700//700 701//701 685//685 
f 685//685 701//701 702//702 
f 701//701 703//703 702//702 
f 702//702 703//703 704//704 
f 703//703 705//705 704//704 
f 704//704 705//705 706//706 
f 705//705 706//706 706//706 
f 706//706 706//706 701//701 
f 706//706 701//701 701//701 
f 701//701 701//701 701//701 
f 701//701 700//700 701//701 
f 701//701 700//700 707//707 
f 700//700 699//699 707//707 
f 707//707 699//699 708//708 
f 699//699 698//698 708//708 
f 708//708 698//698 709//709 
f 698//698 697//697 709//709 
f 709//709 697//697 710//710 
f 697//697 696//696 710//710 
f 710//710 696//696 711//711 
f 696//696 695//695 711//711 
f 711//711 695//695 712//712 
f 695//695 694//694 712//712 
f 712//712 694//694 713//713 
f 694//694 693//693 713//713 
f 713//713 693//693 714//714 
f 693//693 692//692 714//714 
f 714//714 692//692 715//715 
f 692//692 691//691 715//715 
f 715//715 691//691 716//716 
f 691//691 690//690 716//716 
f 716//716 690//690 717//717 
f 690//690 689//689 717//717 
f 717//717 689//689 718//718 
f 689//689 688//688 718//718 
f 718//718 688//688 719//719 
f 688//688 720//720 719//719 
f 719//719 720//720 720//720 
f 720//720 708//708 720//720 
f 720//720 708//708 708//708 
f 708//708 721//721 708//708 
f 708//708 721//721 707//707 
f 721//721 722//722 707//707 
f 707//707 722//722 701//701 
f 722//722 723//723 701//701 
f 701//701 723//723 703//703 
f 723//723 724//724 703//703 
f 703//703 724//724 705//705 
f 724//724 705//705 705//705 
f 705//705 705//705 708//708 
f 705//705 708//708 708//708 
f 708//708 708//708 708//708 
f 708//708 709//709 708//708 
f 708//708 709//709 721//721 
f 709//709 725//725 721//721 
f 721//721 725//725 726//726 
f 725//725 727//727 726//726 
f 726//726 727//727 728//728 
f 727//727 729//729 728//728 
f 728//728 729//729 729//729 
f 729//729 727//727 729//729 
f 729//729 727//727 730//730 
f 727//727 731//731 730//730 
f 730//730 731//731 732//732 
f 731//731 711//711 732//732 
f 732//732 711//711 733//733 
f 711//711 712//712 733//733 
f 733//733 712//712 713//713 
f 712//712 713//713 713//713 
f 713//713 713//713 727//727 
f 713//713 727//727 727//727 
f 727//727 727//727 727//727 
f 727//727 725//725 727//727 
f 727//727 725//725 731//731 
f 725//725 709//709 731//731 
f 731//731 709//709 710//710 
f 709//709 710//710 710//710 
f 710//710 710//710 622//622 
f 710//710 622//622 622//622 
f 622//622 622//622 622//622 
f 622//622 734//734 622//622 
f 622//622 734//734 620//620 
f 734//734 735//735 620//620 
f 620//620 735//735 618//618 
f 735//735 736//736 618//618 
f 618//618 736//736 616//616 
f 736//736 737//737 616//616 
f 616//616 737//737 614//614 
f 737//737 738//738 614//614 
f 614//614 738//738 739//739 
f 738//738 739//739 739//739 
f 739//739 739//739 734//734 
f 739//739 734//734 734//734 
f 734//734 734//734 734//734 
f 734//734 740//740 734//734 
f 734//734 740//740 735//735 
f 740//740 741//741 735//735 
f 735//735 741//741 736//736 
f 741//741 742//742 736//736 
f 736//736 742//742 737//737 
f 742//742 738//738 737//737 
f 737//737 738//738 738//738 
f 738//738 742//742 738//738 
f 738//738 742//742 742//742 
f 742//742 741//741 742//742 
f 742//742 741//741 743//743 
f 741//741 740//740 743//743 
f 743//743 740//740 744//744 
f 740//740 744//744 744//744 
f 744//744 744//744 743//743 
f 744//744 743//743 743//743 
f 743//743 743//743 743//743 
f 743//743 745//745 743//743 
f 743//743 745//745 742//742 
f 745//745 738//738 742//742 
f 742//742 738//738 738//738 
f 738//738 728//728 738//738 
f 738//738 728//728 728//728 
f 728//728 746//746 728//728 
f 728//728 746//746 726//726 
f 746//746 747//747 726//726 
f 726//726 747//747 721//721 
f 747//747 722//722 721//721 
f 721//721 722//722 722//722 
f 722//722 747//747 722//722 
f 722//722 747//747 723//723 
f 747//747 748//748 723//723 
f 723//723 748//748 724//724 
f 748//748 724//724 724//724 
f 724//724 724//724 614//614 
f 724//724 614//614 614//614 
f 614//614 614//614 614//614 
f 614//614 739//739 614//614 
f 614//614 739//739 612//612 
f 739//739 749//749 612//612 
f 612//612 749//749 610//610 
f 749//749 750//750 610//610 
f 610//610 750//750 751//751 
f 750//750 751//751 751//751 
f 751//751 751//751 610//610 
f 751//751 610//610 610//610 
f 610//610 610//610 610//610 
f 610//610 751//751 610//610 
f 610//610 751//751 608//608 
f 751//751 606//606 608//608 
f 608//608 606//606 606//606 
f 606//606 751//751 606//606 
f 606//606 751//751 751//751 
f 751//751 752//752 751//751 
f 751//751 752//752 606//606 
f 752//752 753//753 606//606 
f 606//606 753//753 604//604 
f 753//753 602//602 604//604 
f 604//604 602//602 602//602 
f 602//602 753//753 602//602 
f 602//602 753//753 753//753 
f 753//753 754//754 753//753 
f 753//753 754//754 602//602 
f 754//754 755//755 602//602 
f 602//602 755//755 600//600 
f 755//755 598//598 600//600 
f 600//600 598//598 598//598 
f 598//598 755//755 598//598 
f 598//598 755//755 755//755 
f 755//755 756//756 755//755 
f 755//755 756//756 598//598 
f 756//756 757//757 598//598 
f 598//598 757//757 596//596 
f 757//757 594//594 596//596 
f 596//596 594//594 594//594 
f 594//594 757//757 594//594 
f 594//594 757//757 757//757 
f 757//757 758//758 757//757 
f 757//757 758//758 594//594 
f 758//758 592//592 594//594 
f 594//594 592//592 592//592 
f 592//592 729//729 592//592 
f 592//592 729//729 729//729 
f 729//729 730//730 729//729 
f 729//729 730//730 759//759 
f 730//730 760//760 759//759 
f 759//759 760//760 761//761 
f 760//760 762//762 761//761 
f 761//761 762//762 763//763 
f 762//762 764//764 763//763 
f 763//763 764//764 765//765 
f 764//764 766//766 765//765 
f 765//765 766//766 767//767 
f 766//766 768//768 767//767 
f 767//767 768//768 769//769 
f 768//768 770//770 769//769 
f 769//769 770//770 771//771 
f 770//770 772//772 771//771 
f 771//771 772//772 773//773 
f 772//772 774//774 773//773 
f 773//773 774//774 775//775 
f 774//774 776//776 775//775 
f 775//775 776//776 777//777 
f 776//776 777//777 777//777 
f 777//777 777//777 730//730 
f 777//777 730//730 730//730 
f 730//730 730//730 730//730 
f 730//730 732//732 730//730 
f 730//730 732//732 760//760 
f 732//732 733//733 760//760 
f 760//760 733//733 762//762 
f 733//733 778//778 762//762 
f 762//762 778//778 764//764 
f 778//778 779//779 764//764 
f 764//764 779//779 766//766 
f 779//779 780//780 766//766 
f 766//766 780//780 768//768 
f 780//780 781//781 768//768 
f 768//768 781//781 770//770 
f 781//781 782//782 770//770 
f 770//770 782//782 772//772 
f 782//782 783//783 772//772 
f 772//772 783//783 774//774 
f 783//783 784//784 774//774 
f 774//774 784//784 776//776 
f 784//784 776//776 776//776 
f 776//776 776//776 783//783 
f 776//776 783//783 783//783 
f 783//783 783//783 783//783 
f 783//783 782//782 783//783 
f 783//783 782//782 717//717 
f 782//782 781//781 717//717 
f 717//717 781//781 716//716 
f 781//781 715//715 716//716 
f 716//716 715//715 715//715 
f 715//715 781//781 715//715 
f 715//715 781//781 781//781 
f 781//781 780//780 781//781 
f 781//781 780//780 715//715 
f 780//780 779//779 715//715 
f 715//715 779//779 714//714 
f 779//779 713//713 714//714 
f 714//714 713//713 713//713 
f 713//713 779//779 713//713 
f 713//713 779//779 779//779 
f 779//779 778//778 779//779 
f 779//779 778//778 713//713 
f 778//778 733//733 713//713 
f 713//713 733//733 733//733 
f 733//733 706//706 733//733 
f 733//733 706//706 706//706 
f 706//706 785//785 706//706 
f 706//706 785//785 704//704 
f 785//785 786//786 704//704 
f 704//704 786//786 702//702 
f 786//786 685//685 702//702 
f 702//702 685//685 685//685 
f 685//685 785//785 685//685 
f 685//685 785//785 785//785 
f 785//785 787//787 785//785 
f 785//785 787//787 786//786 
f 787//787 687//687 786//786 
f 786//786 687//687 686//686 
f 687//687 686//686 686//686 
f 686//686 686//686 520//520 
f 686//686 520//520 520//520 
f 520//520 520//520 520//520 
f 520//520 519//519 520//520 
f 520//520 519//519 788//788 
f 519//519 789//789 788//788 
f 788//788 789//789 790//790 
f 789//789 791//791 790//790 
f 790//790 791//791 792//792 
f 791//791 793//793 792//792 
f 792//792 793//793 794//794 
f 793//793 795//795 794//794 
f 794//794 795//795 796//796 
f 795//795 796//796 796//796 
f 796//796 796//796 795//795 
f 796//796 795//795 795//795 
f 795//795 795//795 795//795 
f 795//795 793//793 795//795 
f 795//795 793//793 797//797 
f 793//793 798//798 797//797 
f 797//797 798//798 799//799 
f 798//798 800//800 799//799 
f 799//799 800//800 801//801 
f 800//800 802//802 801//801 
f 801//801 802//802 803//803 
f 802//802 804//804 803//803 
f 803//803 804//804 805//805 
f 804//804 806//806 805//805 
f 805//805 806//806 807//807 
f 806//806 808//808 807//807 
f 807//807 808//808 809//809 
f 808//808 810//810 809//809 
f 809//809 810//810 528//528 
f 810//810 526//526 528//528 
f 528//528 526//526 526//526 
f 526//526 793//793 526//526 
f 526//526 793//793 793//793 
f 793//793 791//791 793//793 
f 793//793 791//791 798//798 
f 791//791 811//811 798//798 
f 798//798 811//811 800//800 
f 811//811 812//812 800//800 
f 800//800 812//812 802//802 
f 812//812 813//813 802//802 
f 802//802 813//813 804//804 
f 813//813 814//814 804//804 
f 804//804 814//814 806//806 
f 814//814 815//815 806//806 
f 806//806 815//815 808//808 
f 815//815 816//816 808//808 
f 808//808 816//816 810//810 
f 816//816 817//817 810//810 
f 810//810 817//817 526//526 
f 817//817 524//524 526//526 
f 526//526 524//524 524//524 
f 524//524 817//817 524//524 
f 524//524 817//817 512//512 
f 817//817 816//816 512//512 
f 512//512 816//816 513//513 
f 816//816 514//514 513//513 
f 513//513 514//514 514//514 
f 514//514 816//816 514//514 
f 514//514 816//816 816//816 
f 816//816 815//815 816//816 
f 816//816 815//815 514//514 
f 815//815 814//814 514//514 
f 514//514 814//814 515//515 
f 814//814 516//516 515//515 
f 515//515 516//516 516//516 
f 516//516 814//814 516//516 
f 516//516 814//814 814//814 
f 814//814 813//813 814//814 
f 814//814 813//813 516//516 
f 813//813 812//812 516//516 
f 516//516 812//812 517//517 
f 812//812 518//518 517//517 
f 517//517 518//518 518//518 
f 518//518 812//812 518//518 
f 518//518 812//812 812//812 
f 812//812 811//811 812//812 
f 812//812 811//811 518//518 
f 811//811 791//791 518//518 
f 518//518 791//791 789//789 
f 791//791 789//789 789//789 
f 789//789 789//789 73//73 
f 789//789 73//73 73//73 
f 73//73 73//73 73//73 
f 73//73 71//71 73//73 
f 73//73 71//71 48//48 
f 71//71 49//49 48//48 
f 48//48 49//49 49//49 
f 49//49 71//71 49//49 
f 49//49 71//71 67//67 
f 71//71 69//69 67//67 
f 67//67 69//69 69//69 
f 69//69 17//17 69//69 
f 69//69 17//17 17//17 
f 17//17 19//19 17//17 
f 17//17 19//19 818//818 
f 19//19 819//819 818//818 
f 818//818 819//819 820//820 
f 819//819 821//821 820//820 
f 820//820 821//821 822//822 
f 821//821 823//823 822//822 
f 822//822 823//823 824//824 
f 823//823 825//825 824//824 
f 824//824 825//825 826//826 
f 825//825 827//827 826//826 
f 826//826 827//827 827//827 
f 827//827 19//19 827//827 
f 827//827 19//19 19//19 
f 19//19 828//828 19//19 
f 19//19 828//828 819//819 
f 828//828 829//829 819//819 
f 819//819 829//829 821//821 
f 829//829 830//830 821//821 
f 821//821 830//830 823//823 
f 830//830 831//831 823//823 
f 823//823 831//831 825//825 
f 831//831 832//832 825//825 
f 825//825 832//832 827//827 
f 832//832 833//833 827//827 
f 827//827 833//833 833//833 
f 833//833 828//828 833//833 
f 833//833 828//828 828//828 
f 828//828 834//834 828//828 
f 828//828 834//834 829//829 
f 834//834 835//835 829//829 
f 829//829 835//835 830//830 
f 835//835 836//836 830//830 
f 830//830 836//836 831//831 
f 836//836 837//837 831//831 
f 831//831 837//837 832//832 
f 837//837 838//838 832//832 
f 832//832 838//838 833//833 
f 838//838 839//839 833//833 
f 833//833 839//839 839//839 
f 839//839 834//834 839//839 
f 839//839 834//834 834//834 
f 834//834 27//27 834//834 
f 834//834 27//27 835//835 
f 27//27 29//29 835//835 
f 835//835 29//29 836//836 
f 29//29 840//840 836//836 
f 836//836 840//840 837//837 
f 840//840 841//841 837//837 
f 837//837 841//841 838//838 
f 841//841 842//842 838//838 
f 838//838 842//842 839//839 
f 842//842 843//843 839//839 
f 839//839 843//843 843//843 
f 843//843 29//29 843//843 
f 843//843 29//29 29//29 
f 29//29 31//31 29//29 
f 29//29 31//31 840//840 
f 31//31 844//844 840//840 
f 840//840 844//844 841//841 
f 844//844 845//845 841//841 
f 841//841 845//845 842//842 
f 845//845 846//846 842//842 
f 842//842 846//846 843//843 
f 846//846 847//847 843//843 
f 843//843 847//847 848//848 
f 847//847 849//849 848//848 
f 848//848 849//849 850//850 
f 849//849 851//851 850//850 
f 850//850 851//851 852//852 
f 851//851 853//853 852//852 
f 852//852 853//853 854//854 
f 853//853 855//855 854//854 
f 854//854 855//855 856//856 
f 855//855 857//857 856//856 
f 856//856 857//857 858//858 
f 857//857 859//859 858//858 
f 858//858 859//859 859//859 
f 859//859 31//31 859//859 
f 859//859 31//31 31//31 
f 31//31 33//33 31//31 
f 31//31 33//33 844//844 
f 33//33 860//860 844//844 
f 844//844 860//860 845//845 
f 860//860 861//861 845//845 
f 845//845 861//861 846//846 
f 861//861 862//862 846//846 
f 846//846 862//862 847//847 
f 862//862 863//863 847//847 
f 847//847 863//863 849//849 
f 863//863 864//864 849//849 
f 849//849 864//864 851//851 
f 864//864 865//865 851//851 
f 851//851 865//865 853//853 
f 865//865 866//866 853//853 
f 853//853 866//866 855//855 
f 866//866 867//867 855//855 
f 855//855 867//867 857//857 
f 867//867 868//868 857//857 
f 857//857 868//868 859//859 
f 868//868 869//869 859//859 
f 859//859 869//869 869//869 
f 869//869 33//33 869//869 
f 869//869 33//33 33//33 
f 33//33 35//35 33//33 
f 33//33 35//35 860//860 
f 35//35 870//870 860//860 
f 860//860 870//870 861//861 
f 870//870 871//871 861//861 
f 861//861 871//871 862//862 
f 871//871 872//872 862//862 
f 862//862 872//872 863//863 
f 872//872 873//873 863//863 
f 863//863 873//873 864//864 
f 873//873 874//874 864//864 
f 864//864 874//874 865//865 
f 874//874 875//875 865//865 
f 865//865 875//875 866//866 
f 875//875 876//876 866//866 
f 866//866 876//876 867//867 
f 876//876 877//877 867//867 
f 867//867 877//877 868//868 
f 877//877 878//878 868//868 
f 868//868 878//878 869//869 
f 878//878 879//879 869//869 
f 869//869 879//879 879//879 
f 879//879 35//35 879//879 
f 879//879 35//35 35//35 
f 35//35 37//37 35//35 
f 35//35 37//37 870//870 
f 37//37 880//880 870//870 
f 870//870 880//880 871//871 
f 880//880 881//881 871//871 
f 871//871 881//881 872//872 
f 881//881 882//882 872//872 
f 872//872 882//882 873//873 
f 882//882 883//883 873//873 
f 873//873 883//883 874//874 
f 883//883 884//884 874//874 
f 874//874 884//884 875//875 
f 884//884 885//885 875//875 
f 875//875 885//885 876//876 
f 885//885 886//886 876//876 
f 876//876 886//886 877//877 
f 886//886 887//887 877//877 
f 877//877 887//887 878//878 
f 887//887 888//888 878//878 
f 878//878 888//888 879//879 
f 888//888 889//889 879//879 
f 879//879 889//889 889//889 
f 889//889 37//37 889//889 
f 889//889 37//37 37//37 
f 37//37 39//39 37//37 
f 37//37 39//39 880//880 
f 39//39 890//890 880//880 
f 880//880 890//890 881//881 
f 890//890 891//891 881//881 
f 881//881 891//891 882//882 
f 891//891 892//892 882//882 
f 882//882 892//892 883//883 
f 892//892 893//893 883//883 
f 883//883 893//893 884//884 
f 893//893 894//894 884//884 
f 884//884 894//894 885//885 
f 894//894 895//895 885//885 
f 885//885 895//895 896//896 
f 895//895 897//897 896//896 
f 896//896 897//897 898//898 
f 897//897 899//899 898//898 
f 898//898 899//899 900//900 
f 899//899 901//901 900//900 
f 900//900 901//901 902//902 
f 901//901 903//903 902//902 
f 902//902 903//903 904//904 
f 903//903 905//905 904//904 
f 904//904 905//905 906//906 
f 905//905 907//907 906//906 
f 906//906 907//907 908//908 
f 907//907 909//909 908//908 
f 908//908 909//909 910//910 
f 909//909 911//911 910//910 
f 910//910 911//911 912//912 
f 911//911 913//913 912//912 
f 912//912 913//913 914//914 
f 913//913 915//915 914//914 
f 914//914 915//915 915//915 
f 915//915 39//39 915//915 
f 915//915 39//39 39//39 
f 39//39 41//41 39//39 
f 39//39 41//41 890//890 
f 41//41 916//916 890//890 
f 890//890 916//916 891//891 
f 916//916 917//917 891//891 
f 891//891 917//917 892//892 
f 917//917 918//918 892//892 
f 892//892 918//918 893//893 
f 918//918 919//919 893//893 
f 893//893 919//919 894//894 
f 919//919 920//920 894//894 
f 894//894 920//920 895//895 
f 920//920 921//921 895//895 
f 895//895 921//921 897//897 
f 921//921 922//922 897//897 
f 897//897 922//922 899//899 
f 922//922 923//923 899//899 
f 899//899 923//923 901//901 
f 923//923 924//924 901//901 
f 901//901 924//924 903//903 
f 924//924 925//925 903//903 
f 903//903 925//925 905//905 
f 925//925 926//926 905//905 
f 905//905 926//926 927//927 
f 926//926 928//928 927//927 
f 927//927 928//928 929//929 
f 928//928 930//930 929//929 
f 929//929 930//930 931//931 
f 930//930 932//932 931//931 
f 931//931 932//932 933//933 
f 932//932 934//934 933//933 
f 933//933 934//934 935//935 
f 934//934 936//936 935//935 
f 935//935 936//936 937//937 
f 936//936 938//938 937//937 
f 937//937 938//938 938//938 
f 938//938 41//41 938//938 
f 938//938 41//41 41//41 
f 41//41 43//43 41//41 
f 41//41 43//43 916//916 
f 43//43 939//939 916//916 
f 916//916 939//939 917//917 
f 939//939 940//940 917//917 
f 917//917 940//940 918//918 
f 940//940 941//941 918//918 
f 918//918 941//941 919//919 
f 941//941 942//942 919//919 
f 919//919 942//942 920//920 
f 942//942 943//943 920//920 
f 920//920 943//943 921//921 
f 943//943 944//944 921//921 
f 921//921 944//944 922//922 
f 944//944 945//945 922//922 
f 922//922 945//945 923//923 
f 945//945 946//946 923//923 
f 923//923 946//946 924//924 
f 946//946 947//947 924//924 
f 924//924 947//947 925//925 
f 947//947 948//948 925//925 
f 925//925 948//948 926//926 
f 948//948 949//949 926//926 
f 926//926 949//949 950//950 
f 949//949 951//951 950//950 
f 950//950 951//951 952//952 
f 951//951 953//953 952//952 
f 952//952 953//953 954//954 
f 953//953 955//955 954//954 
f 954//954 955//955 956//956 
f 955//955 957//957 956//956 
f 956//956 957//957 958//958 
f 957//957 959//959 958//958 
f 958//958 959//959 960//960 
f 959//959 961//961 960//960 
f 960//960 961//961 962//962 
f 961//961 963//963 962//962 
f 962//962 963//963 964//964 
f 963//963 965//965 964//964 
f 964//964 965//965 965//965 
f 965//965 43//43 965//965 
f 965//965 43//43 43//43 
f 43//43 45//45 43//43 
f 43//43 45//45 939//939 
f 45//45 966//966 939//939 
f 939//939 966//966 940//940 
f 966//966 967//967 940//940 
f 940//940 967//967 941//941 
f 967//967 968//968 941//941 
f 941//941 968//968 942//942 
f 968//968 969//969 942//942 
f 942//942 969//969 943//943 
f 969//969 970//970 943//943 
f 943//943 970//970 944//944 
f 970//970 971//971 944//944 
f 944//944 971//971 945//945 
f 971//971 972//972 945//945 
f 945//945 972//972 946//946 
f 972//972 973//973 946//946 
f 946//946 973//973 947//947 
f 973//973 974//974 947//947 
f 947//947 974//974 948//948 
f 974//974 975//975 948//948 
f 948//948 975//975 949//949 
f 975//975 976//976 949//949 
f 949//949 976//976 951//951 
f 976//976 977//977 951//951 
f 951//951 977//977 953//953 
f 977//977 978//978 953//953 
f 953//953 978//978 955//955 
f 978//978 979//979 955//955 
f 955//955 979//979 957//957 
f 979//979 980//980 957//957 
f 957//957 980//980 959//959 
f 980//980 981//981 959//959 
f 959//959 981//981 961//961 
f 981//981 982//982 961//961 
f 961//961 982//982 963//963 
f 982//982 354//354 963//963 
f 963//963 354//354 965//965 
f 354//354 356//356 965//965 
f 965//965 356//356 356//356 
f 356//356 45//45 356//356 
f 356//356 45//45 45//45 
f 45//45 47//47 45//45 
f 45//45 47//47 966//966 
f 47//47 983//983 966//966 
f 966//966 983//983 967//967 
f 983//983 984//984 967//967 
f 967//967 984//984 968//968 
f 984//984 985//985 968//968 
f 968//968 985//985 969//969 
f 985//985 986//986 969//969 
f 969//969 986//986 970//970 
f 986//986 987//987 970//970 
f 970//970 987//987 971//971 
f 987//987 988//988 971//971 
f 971//971 988//988 972//972 
f 988//988 974//974 972//972 
f 972//972 974//974 973//973 
f 974//974 973//973 973//973 
f 973//973 973//973 985//985 
f 973//973 985//985 985//985 
f 985//985 985//985 985//985 
f 985//985 989//989 985//985 
f 985//985 989//989 986//986 
f 989//989 990//990 986//986 
f 986//986 990//990 987//987 
f 990//990 991//991 987//987 
f 987//987 991//991 988//988 
f 991//991 975//975 988//988 
f 988//988 975//975 974//974 
f 975//975 974//974 974//974 
f 974//974 974//974 985//985 
f 974//974 985//985 985//985 
f 985//985 985//985 985//985 
f 985//985 992//992 985//985 
f 985//985 992//992 989//989 
f 992//992 341//341 989//989 
f 989//989 341//341 993//993 
f 341//341 994//994 993//993 
f 993//993 994//994 995//995 
f 994//994 996//996 995//995 
f 995//995 996//996 997//997 
f 996//996 998//998 997//997 
f 997//997 998//998 979//979 
f 998//998 980//980 979//979 
f 979//979 980//980 980//980 
f 980//980 341//341 980//980 
f 980//980 341//341 341//341 
f 341//341 340//340 341//341 
f 341//341 340//340 994//994 
f 340//340 999//999 994//994 
f 994//994 999//999 996//996 
f 999//999 1000//1000 996//996 
f 996//996 1000//1000 998//998 
f 1000//1000 1001//1001 998//998 
f 998//998 1001//1001 980//980 
f 1001//1001 981//981 980//980 
f 980//980 981//981 981//981 
f 981//981 340//340 981//981 
f 981//981 340//340 340//340 
f 340//340 339//339 340//340 
f 340//340 339//339 999//999 
f 339//339 1002//1002 999//999 
f 999//999 1002//1002 1000//1000 
f 1002//1002 1003//1003 1000//1000 
f 1000//1000 1003//1003 1001//1001 
f 1003//1003 1004//1004 1001//1001 
f 1001//1001 1004//1004 981//981 
f 1004//1004 982//982 981//981 
f 981//981 982//982 982//982 
f 982//982 339//339 982//982 
f 982//982 339//339 339//339 
f 339//339 338//338 339//339 
f 339//339 338//338 1002//1002 
f 338//338 348//348 1002//1002 
f 1002//1002 348//348 1003//1003 
f 348//348 350//350 1003//1003 
f 1003//1003 350//350 1004//1004 
f 350//350 352//352 1004//1004 
f 1004//1004 352//352 982//982 
f 352//352 354//354 982//982 
f 982//982 354//354 354//354 
f 354//354 914//914 354//354 
f 354//354 914//914 914//914 
f 914//914 1005//1005 914//914 
f 914//914 1005//1005 912//912 
f 1005//1005 1006//1006 912//912 
f 912//912 1006//1006 910//910 
f 1006//1006 1007//1007 910//910 
f 910//910 1007//1007 1008//1008 
f 1007//1007 1009//1009 1008//1008 
f 1008//1008 1009//1009 1010//1010 
f 1009//1009 1011//1011 1010//1010 
f 1010//1010 1011//1011 1012//1012 
f 1011//1011 1013//1013 1012//1012 
f 1012//1012 1013//1013 1014//1014 
f 1013//1013 1015//1015 1014//1014 
f 1014//1014 1015//1015 898//898 
f 1015//1015 896//896 898//898 
f 898//898 896//896 896//896 
f 896//896 1007//1007 896//896 
f 896//896 1007//1007 1007//1007 
f 1007//1007 1016//1016 1007//1007 
f 1007//1007 1016//1016 1009//1009 
f 1016//1016 889//889 1009//1009 
f 1009//1009 889//889 1011//1011 
f 889//889 888//888 1011//1011 
f 1011//1011 888//888 1013//1013 
f 888//888 887//887 1013//1013 
f 1013//1013 887//887 1015//1015 
f 887//887 886//886 1015//1015 
f 1015//1015 886//886 896//896 
f 886//886 885//885 896//896 
f 896//896 885//885 885//885 
f 885//885 1016//1016 885//885 
f 885//885 1016//1016 1016//1016 
f 1016//1016 1007//1007 1016//1016 
f 1016//1016 1007//1007 1017//1017 
f 1007//1007 1018//1018 1017//1017 
f 1017//1017 1018//1018 1018//1018 
f 1018//1018 1007//1007 1018//1018 
f 1018//1018 1007//1007 1007//1007 
f 1007//1007 1006//1006 1007//1007 
f 1007//1007 1006//1006 1018//1018 
f 1006//1006 1005//1005 1018//1018 
f 1018//1018 1005//1005 1005//1005 
f 1005//1005 964//964 1005//1005 
f 1005//1005 964//964 964//964 
f 964//964 1019//1019 964//964 
f 964//964 1019//1019 962//962 
f 1019//1019 1020//1020 962//962 
f 962//962 1020//1020 960//960 
f 1020//1020 1021//1021 960//960 
f 960//960 1021//1021 958//958 
f 1021//1021 1022//1022 958//958 
f 958//958 1022//1022 956//956 
f 1022//1022 1023//1023 956//956 
f 956//956 1023//1023 954//954 
f 1023//1023 1024//1024 954//954 
f 954//954 1024//1024 952//952 
f 1024//1024 1025//1025 952//952 
f 952//952 1025//1025 950//950 
f 1025//1025 928//928 950//950 
f 950//950 928//928 926//926 
f 928//928 926//926 926//926 
f 926//926 926//926 1020//1020 
f 926//926 1020//1020 1020//1020 
f 1020//1020 1020//1020 1020//1020 
f 1020//1020 1026//1026 1020//1020 
f 1020//1020 1026//1026 1021//1021 
f 1026//1026 1027//1027 1021//1021 
f 1021//1021 1027//1027 1022//1022 
f 1027//1027 1028//1028 1022//1022 
f 1022//1022 1028//1028 1023//1023 
f 1028//1028 1029//1029 1023//1023 
f 1023//1023 1029//1029 1024//1024 
f 1029//1029 1030//1030 1024//1024 
f 1024//1024 1030//1030 1025//1025 
f 1030//1030 930//930 1025//1025 
f 1025//1025 930//930 928//928 
f 930//930 928//928 928//928 
f 928//928 928//928 1026//1026 
f 928//928 1026//1026 1026//1026 
f 1026//1026 1026//1026 1026//1026 
f 1026//1026 1031//1031 1026//1026 
f 1026//1026 1031//1031 1027//1027 
f 1031//1031 1032//1032 1027//1027 
f 1027//1027 1032//1032 1028//1028 
f 1032//1032 1033//1033 1028//1028 
f 1028//1028 1033//1033 1029//1029 
f 1033//1033 1034//1034 1029//1029 
f 1029//1029 1034//1034 1030//1030 
f 1034//1034 932//932 1030//1030 
f 1030//1030 932//932 930//930 
f 932//932 930//930 930//930 
f 930//930 930//930 1031//1031 
f 930//930 1031//1031 1031//1031 
f 1031//1031 1031//1031 1031//1031 
f 1031//1031 1035//1035 1031//1031 
f 1031//1031 1035//1035 1032//1032 
f 1035//1035 1036//1036 1032//1032 
f 1032//1032 1036//1036 1033//1033 
f 1036//1036 1037//1037 1033//1033 
f 1033//1033 1037//1037 1034//1034 
f 1037//1037 934//934 1034//1034 
f 1034//1034 934//934 932//932 
f 934//934 932//932 932//932 
f 932//932 932//932 1035//1035 
f 932//932 1035//1035 1035//1035 
f 1035//1035 1035//1035 1035//1035 
f 1035//1035 1038//1038 1035//1035 
f 1035//1035 1038//1038 1036//1036 
f 1038//1038 1039//1039 1036//1036 
f 1036//1036 1039//1039 1037//1037 
f 1039//1039 936//936 1037//1037 
f 1037//1037 936//936 934//934 
f 936//936 934//934 934//934 
f 934//934 934//934 1038//1038 
f 934//934 1038//1038 1038//1038 
f 1038//1038 1038//1038 1038//1038 
f 1038//1038 1040//1040 1038//1038 
f 1038//1038 1040//1040 1039//1039 
f 1040//1040 938//938 1039//1039 
f 1039//1039 938//938 936//936 
f 938//938 936//936 936//936 
f 936//936 936//936 1040//1040 
f 936//936 1040//1040 1040//1040 
f 1040//1040 1040//1040 1040//1040 
f 1040//1040 1038//1038 1040//1040 
f 1040//1040 1038//1038 1041//1041 
f 1038//1038 1042//1042 1041//1041 
f 1041//1041 1042//1042 1042//1042 
f 1042//1042 1038//1038 1042//1042 
f 1042//1042 1038//1038 1038//1038 
f 1038//1038 1035//1035 1038//1038 
f 1038//1038 1035//1035 1042//1042 
f 1035//1035 1043//1043 1042//1042 
f 1042//1042 1043//1043 1043//1043 
f 1043//1043 1035//1035 1043//1043 
f 1043//1043 1035//1035 1035//1035 
f 1035//1035 1031//1031 1035//1035 
f 1035//1035 1031//1031 1043//1043 
f 1031//1031 1044//1044 1043//1043 
f 1043//1043 1044//1044 1044//1044 
f 1044//1044 1031//1031 1044//1044 
f 1044//1044 1031//1031 1031//1031 
f 1031//1031 1026//1026 1031//1031 
f 1031//1031 1026//1026 1044//1044 
f 1026//1026 1045//1045 1044//1044 
f 1044//1044 1045//1045 1045//1045 
f 1045//1045 1026//1026 1045//1045 
f 1045//1045 1026//1026 1019//1019 
f 1026//1026 1020//1020 1019//1019 
f 1019//1019 1020//1020 1020//1020 
f 1020//1020 905//905 1020//1020 
f 1020//1020 905//905 905//905 
f 905//905 927//927 905//905 
f 905//905 927//927 907//907 
f 927//927 929//929 907//907 
f 907//907 929//929 1046//1046 
f 929//929 931//931 1046//1046 
f 1046//1046 931//931 1047//1047 
f 931//931 933//933 1047//1047 
f 1047//1047 933//933 1048//1048 
f 933//933 935//935 1048//1048 
f 1048//1048 935//935 1049//1049 
f 935//935 937//937 1049//1049 
f 1049//1049 937//937 937//937 
f 937//937 1049//1049 937//937 
f 937//937 1049//1049 1049//1049 
f 1049//1049 915//915 1049//1049 
f 1049//1049 915//915 1048//1048 
f 915//915 913//913 1048//1048 
f 1048//1048 913//913 1047//1047 
f 913//913 911//911 1047//1047 
f 1047//1047 911//911 1046//1046 
f 911//911 909//909 1046//1046 
f 1046//1046 909//909 907//907 
f 909//909 907//907 907//907 
f 907//907 907//907 512//512 
f 907//907 512//512 512//512 
f 512//512 512//512 512//512 
f 512//512 511//511 512//512 
f 512//512 511//511 524//524 
f 511//511 510//510 524//524 
f 524//524 510//510 510//510 
f 510//510 898//898 510//510 
f 510//510 898//898 898//898 
f 898//898 900//900 898//898 
f 898//898 900//900 1014//1014 
f 900//900 1050//1050 1014//1014 
f 1014//1014 1050//1050 1012//1012 
f 1050//1050 1051//1051 1012//1012 
f 1012//1012 1051//1051 1010//1010 
f 1051//1051 908//908 1010//1010 
f 1010//1010 908//908 1008//1008 
f 908//908 910//910 1008//1008 
f 1008//1008 910//910 910//910 
f 910//910 900//900 910//910 
f 910//910 900//900 900//900 
f 900//900 902//902 900//900 
f 900//900 902//902 1050//1050 
f 902//902 904//904 1050//1050 
f 1050//1050 904//904 1051//1051 
f 904//904 906//906 1051//1051 
f 1051//1051 906//906 908//908 
f 906//906 908//908 908//908 
f 908//908 908//908 719//719 
f 908//908 719//719 719//719 
f 719//719 719//719 719//719 
f 719//719 1052//1052 719//719 
f 719//719 1052//1052 718//718 
f 1052//1052 1053//1053 718//718 
f 718//718 1053//1053 717//717 
f 1053//1053 783//783 717//717 
f 717//717 783//783 783//783 
f 783//783 1052//1052 783//783 
f 783//783 1052//1052 1052//1052 
f 1052//1052 1054//1054 1052//1052 
f 1052//1052 1054//1054 1053//1053 
f 1054//1054 783//783 1053//1053 
f 1053//1053 783//783 783//783 
f 783//783 1055//1055 783//783 
f 783//783 1055//1055 1055//1055 
f 1055//1055 1056//1056 1055//1055 
f 1055//1055 1056//1056 1057//1057 
f 1056//1056 1058//1058 1057//1057 
f 1057//1057 1058//1058 1058//1058 
f 1058//1058 1059//1059 1058//1058 
f 1058//1058 1059//1059 1059//1059 
f 1059//1059 1060//1060 1059//1059 
f 1059//1059 1060//1060 1061//1061 
f 1060//1060 1062//1062 1061//1061 
f 1061//1061 1062//1062 1062//1062 
f 1062//1062 1063//1063 1062//1062 
f 1062//1062 1063//1063 1063//1063 
f 1063//1063 1064//1064 1063//1063 
f 1063//1063 1064//1064 1065//1065 
f 1064//1064 1066//1066 1065//1065 
f 1065//1065 1066//1066 1066//1066 
f 1066//1066 1067//1067 1066//1066 
f 1066//1066 1067//1067 1067//1067 
f 1067//1067 1068//1068 1067//1067 
f 1067//1067 1068//1068 1069//1069 
f 1068//1068 1070//1070 1069//1069 
f 1069//1069 1070//1070 1070//1070 
f 1070//1070 1071//1071 1070//1070 
f 1070//1070 1071//1071 1071//1071 
f 1071//1071 1072//1072 1071//1071 
f 1071//1071 1072//1072 1073//1073 
f 1072//1072 1074//1074 1073//1073 
f 1073//1073 1074//1074 1074//1074 
f 1074//1074 1075//1075 1074//1074 
f 1074//1074 1075//1075 1075//1075 
f 1075//1075 1076//1076 1075//1075 
f 1075//1075 1076//1076 1077//1077 
f 1076//1076 1078//1078 1077//1077 
f 1077//1077 1078//1078 1078//1078 
f 1078//1078 1079//1079 1078//1078 
f 1078//1078 1079//1079 1079//1079 
f 1079//1079 1080//1080 1079//1079 
f 1079//1079 1080//1080 1081//1081 
f 1080//1080 1082//1082 1081//1081 
f 1081//1081 1082//1082 1082//1082 
f 1082//1082 1083//1083 1082//1082 
f 1082//1082 1083//1083 1083//1083 
f 1083//1083 1084//1084 1083//1083 
f 1083//1083 1084//1084 1085//1085 
f 1084//1084 1086//1086 1085//1085 
f 1085//1085 1086//1086 1086//1086 
f 1086//1086 1087//1087 1086//1086 
f 1086//1086 1087//1087 1087//1087 
f 1087//1087 1088//1088 1087//1087 
f 1087//1087 1088//1088 1089//1089 
f 1088//1088 1090//1090 1089//1089 
f 1089//1089 1090//1090 1090//1090 
f 1090//1090 1091//1091 1090//1090 
f 1090//1090 1091//1091 1091//1091 
f 1091//1091 1092//1092 1091//1091 
f 1091//1091 1092//1092 1093//1093 
f 1092//1092 1094//1094 1093//1093 
f 1093//1093 1094//1094 1094//1094 
f 1094//1094 1095//1095 1094//1094 
f 1094//1094 1095//1095 1095//1095 
f 1095//1095 1096//1096 1095//1095 
f 1095//1095 1096//1096 1097//1097 
f 1096//1096 1098//1098 1097//1097 
f 1097//1097 1098//1098 1098//1098 
f 1098//1098 1099//1099 1098//1098 
f 1098//1098 1099//1099 1099//1099 
f 1099//1099 1100//1100 1099//1099 
f 1099//1099 1100//1100 1101//1101 
f 1100//1100 1102//1102 1101//1101 
f 1101//1101 1102//1102 1102//1102 
f 1102//1102 1103//1103 1102//1102 
f 1102//1102 1103//1103 1103//1103 
f 1103//1103 1104//1104 1103//1103 
f 1103//1103 1104//1104 1105//1105 
f 1104//1104 1106//1106 1105//1105 
f 1105//1105 1106//1106 1106//1106 
f 1106//1106 688//688 1106//1106 
f 1106//1106 688//688 688//688 
f 688//688 672//672 688//688 
f 688//688 672//672 720//720 
f 672//672 1107//1107 720//720 
f 720//720 1107//1107 1107//1107 
f 1107//1107 672//672 1107//1107 
f 1107//1107 672//672 672//672 
f 672//672 656//656 672//672 
f 672//672 656//656 1107//1107 
f 656//656 1108//1108 1107//1107 
f 1107//1107 1108//1108 1108//1108 
f 1108//1108 656//656 1108//1108 
f 1108//1108 656//656 656//656 
f 656//656 640//640 656//656 
f 656//656 640//640 1108//1108 
f 640//640 1109//1109 1108//1108 
f 1108//1108 1109//1109 1109//1109 
f 1109//1109 640//640 1109//1109 
f 1109//1109 640//640 640//640 
f 640//640 624//624 640//640 
f 640//640 624//624 1109//1109 
f 624//624 591//591 1109//1109 
f 1109//1109 591//591 591//591 
f 591//591 1110//1110 591//591 
f 591//591 1110//1110 1110//1110 
f 1110//1110 1111//1111 1110//1110 
f 1110//1110 1111//1111 1112//1112 
f 1111//1111 1113//1113 1112//1112 
f 1112//1112 1113//1113 1113//1113 
f 1113//1113 1114//1114 1113//1113 
f 1113//1113 1114//1114 1114//1114 
f 1114//1114 1115//1115 1114//1114 
f 1114//1114 1115//1115 1116//1116 
f 1115//1115 1117//1117 1116//1116 
f 1116//1116 1117//1117 1117//1117 
f 1117//1117 979//979 1117//1117 
f 1117//1117 979//979 979//979 
f 979//979 978//978 979//979 
f 979//979 978//978 997//997 
f 978//978 1118//1118 997//997 
f 997//997 1118//1118 995//995 
f 1118//1118 1119//1119 995//995 
f 995//995 1119//1119 993//993 
f 1119//1119 989//989 993//993 
f 993//993 989//989 989//989 
f 989//989 978//978 989//989 
f 989//989 978//978 978//978 
f 978//978 977//977 978//978 
f 978//978 977//977 1118//1118 
f 977//977 1120//1120 1118//1118 
f 1118//1118 1120//1120 1119//1119 
f 1120//1120 991//991 1119//1119 
f 1119//1119 991//991 990//990 
f 991//991 990//990 990//990 
f 990//990 990//990 977//977 
f 990//990 977//977 977//977 
f 977//977 977//977 977//977 
f 977//977 976//976 977//977 
f 977//977 976//976 1120//1120 
f 976//976 975//975 1120//1120 
f 1120//1120 975//975 991//991 
f 975//975 991//991 991//991 
f 991//991 991//991 1121//1121 
f 991//991 1121//1121 1121//1121 
f 1121//1121 1121//1121 1121//1121 
f 1121//1121 1122//1122 1121//1121 
f 1121//1121 1122//1122 1123//1123 
f 1122//1122 1124//1124 1123//1123 
f 1123//1123 1124//1124 1124//1124 
f 1124//1124 1125//1125 1124//1124 
f 1124//1124 1125//1125 1125//1125 
f 1125//1125 1126//1126 1125//1125 
f 1125//1125 1126//1126 1127//1127 
f 1126//1126 1128//1128 1127//1127 
f 1127//1127 1128//1128 1128//1128 
f 1128//1128 1129//1129 1128//1128 
f 1128//1128 1129//1129 1129//1129 
f 1129//1129 1130//1130 1129//1129 
f 1129//1129 1130//1130 1131//1131 
f 1130//1130 1132//1132 1131//1131 
f 1131//1131 1132//1132 1132//1132 
f 1132//1132 1133//1133 1132//1132 
f 1132//1132 1133//1133 1133//1133 
f 1133//1133 1134//1134 1133//1133 
f 1133//1133 1134//1134 1135//1135 
f 1134//1134 1136//1136 1135//1135 
f 1135//1135 1136//1136 1136//1136 
f 1136//1136 1137//1137 1136//1136 
f 1136//1136 1137//1137 1137//1137 
f 1137//1137 1138//1138 1137//1137 
f 1137//1137 1138//1138 1139//1139 
f 1138//1138 1140//1140 1139//1139 
f 1139//1139 1140//1140 1140//1140 
f 1140//1140 1141//1141 1140//1140 
f 1140//1140 1141//1141 1141//1141 
f 1141//1141 1142//1142 1141//1141 
f 1141//1141 1142//1142 1143//1143 
f 1142//1142 1144//1144 1143//1143 
f 1143//1143 1144//1144 1144//1144 
f 1144//1144 1145//1145 1144//1144 
f 1144//1144 1145//1145 1145//1145 
f 1145//1145 1146//1146 1145//1145 
f 1145//1145 1146//1146 1147//1147 
f 1146//1146 1148//1148 1147//1147 
f 1147//1147 1148//1148 1149//1149 
f 1148//1148 1150//1150 1149//1149 
f 1149//1149 1150//1150 1151//1151 
f 1150//1150 1152//1152 1151//1151 
f 1151//1151 1152//1152 1153//1153 
f 1152//1152 1154//1154 1153//1153 
f 1153//1153 1154//1154 1155//1155 
f 1154//1154 1156//1156 1155//1155 
f 1155//1155 1156//1156 1156//1156 
f 1156//1156 1157//1157 1156//1156 
f 1156//1156 1157//1157 1157//1157 
f 1157//1157 1158//1158 1157//1157 
f 1157//1157 1158//1158 1159//1159 
f 1158//1158 1160//1160 1159//1159 
f 1159//1159 1160//1160 1160//1160 
f 1160//1160 1161//1161 1160//1160 
f 1160//1160 1161//1161 1161//1161 
f 1161//1161 1162//1162 1161//1161 
f 1161//1161 1162//1162 1163//1163 
f 1162//1162 1164//1164 1163//1163 
f 1163//1163 1164//1164 1164//1164 
f 1164//1164 1165//1165 1164//1164 
f 1164//1164 1165//1165 1165//1165 
f 1165//1165 1166//1166 1165//1165 
f 1165//1165 1166//1166 1167//1167 
f 1166//1166 1168//1168 1167//1167 
f 1167//1167 1168//1168 1168//1168 
f 1168//1168 1169//1169 1168//1168 
f 1168//1168 1169//1169 1169//1169 
f 1169//1169 1170//1170 1169//1169 
f 1169//1169 1170//1170 1171//1171 
f 1170//1170 1172//1172 1171//1171 
f 1171//1171 1172//1172 1172//1172 
f 1172//1172 1173//1173 1172//1172 
f 1172//1172 1173//1173 1173//1173 
f 1173//1173 1174//1174 1173//1173 
f 1173//1173 1174//1174 1175//1175 
f 1174//1174 1176//1176 1175//1175 
f 1175//1175 1176//1176 1176//1176 
f 1176//1176 1177//1177 1176//1176 
f 1176//1176 1177//1177 1177//1177 
f 1177//1177 1178//1178 1177//1177 
f 1177//1177 1178//1178 1179//1179 
f 1178//1178 1180//1180 1179//1179 
f 1179//1179 1180//1180 1180//1180 
f 1180//1180 1181//1181 1180//1180 
f 1180//1180 1181//1181 1181//1181 
f 1181//1181 1182//1182 1181//1181 
f 1181//1181 1182//1182 1183//1183 
f 1182//1182 1184//1184 1183//1183 
f 1183//1183 1184//1184 1184//1184 
f 1184//1184 1185//1185 1184//1184 
f 1184//1184 1185//1185 1185//1185 
f 1185//1185 1186//1186 1185//1185 
f 1185//1185 1186//1186 1187//1187 
f 1186//1186 1188//1188 1187//1187 
f 1187//1187 1188//1188 1189//1189 
f 1188//1188 1190//1190 1189//1189 
f 1189//1189 1190//1190 1191//1191 
f 1190//1190 1192//1192 1191//1191 
f 1191//1191 1192//1192 1193//1193 
f 1192//1192 1194//1194 1193//1193 
f 1193//1193 1194//1194 1195//1195 
f 1194//1194 1196//1196 1195//1195 
f 1195//1195 1196//1196 1197//1197 
f 1196//1196 1198//1198 1197//1197 
f 1197//1197 1198//1198 1199//1199 
f 1198//1198 1200//1200 1199//1199 
f 1199//1199 1200//1200 1201//1201 
f 1200//1200 1202//1202 1201//1201 
f 1201//1201 1202//1202 1203//1203 
f 1202//1202 1204//1204 1203//1203 
f 1203//1203 1204//1204 1205//1205 
f 1204//1204 1206//1206 1205//1205 
f 1205//1205 1206//1206 1207//1207 
f 1206//1206 1208//1208 1207//1207 
f 1207//1207 1208//1208 1209//1209 
f 1208//1208 1210//1210 1209//1209 
f 1209//1209 1210//1210 1211//1211 
f 1210//1210 1212//1212 1211//1211 
f 1211//1211 1212//1212 1213//1213 
f 1212//1212 1214//1214 1213//1213 
f 1213//1213 1214//1214 1215//1215 
f 1214//1214 1216//1216 1215//1215 
f 1215//1215 1216//1216 1217//1217 
f 1216//1216 1218//1218 1217//1217 
f 1217//1217 1218//1218 1219//1219 
f 1218//1218 1220//1220 1219//1219 
f 1219//1219 1220//1220 1221//1221 
f 1220//1220 1222//1222 1221//1221 
f 1221//1221 1222//1222 1223//1223 
f 1222//1222 1224//1224 1223//1223 
f 1223//1223 1224//1224 1225//1225 
f 1224//1224 1226//1226 1225//1225 
f 1225//1225 1226//1226 1227//1227 
f 1226//1226 1228//1228 1227//1227 
f 1227//1227 1228//1228 1229//1229 
f 1228//1228 1230//1230 1229//1229 
f 1229//1229 1230//1230 1231//1231 
f 1230//1230 1232//1232 1231//1231 
f 1231//1231 1232//1232 1233//1233 
f 1232//1232 1234//1234 1233//1233 
f 1233//1233 1234//1234 1235//1235 
f 1234//1234 1236//1236 1235//1235 
f 1235//1235 1236//1236 1237//1237 
f 1236//1236 1238//1238 1237//1237 
f 1237//1237 1238//1238 1239//1239 
f 1238//1238 1240//1240 1239//1239 
f 1239//1239 1240//1240 1241//1241 
f 1240//1240 1242//1242 1241//1241 
f 1241//1241 1242//1242 1243//1243 
f 1242//1242 1244//1244 1243//1243 
f 1243//1243 1244//1244 1245//1245 
f 1244//1244 1246//1246 1245//1245 
f 1245//1245 1246//1246 1247//1247 
f 1246//1246 1248//1248 1247//1247 
f 1247//1247 1248//1248 1249//1249 
f 1248//1248 1250//1250 1249//1249 
f 1249//1249 1250//1250 1251//1251 
f 1250//1250 1252//1252 1251//1251 
f 1251//1251 1252//1252 1253//1253 
f 1252//1252 1254//1254 1253//1253 
f 1253//1253 1254//1254 1255//1255 
f 1254//1254 1256//1256 1255//1255 
f 1255//1255 1256//1256 1257//1257 
f 1256//1256 1258//1258 1257//1257 
f 1257//1257 1258//1258 1259//1259 
f 1258//1258 1260//1260 1259//1259 
f 1259//1259 1260//1260 1261//1261 
f 1260//1260 1262//1262 1261//1261 
f 1261//1261 1262//1262 1263//1263 
f 1262//1262 1264//1264 1263//1263 
f 1263//1263 1264//1264 1264//1264 
f 1264//1264 1207//1207 1264//1264 
f 1264//1264 1207//1207 1207//1207 
f 1207//1207 1209//1209 1207//1207 
f 1207//1207 1209//1209 1265//1265 
f 1209//1209 1211//1211 1265//1265 
f 1265//1265 1211//1211 1266//1266 
f 1211//1211 1213//1213 1266//1266 
f 1266//1266 1213//1213 1267//1267 
f 1213//1213 1268//1268 1267//1267 
f 1267//1267 1268//1268 1269//1269 
f 1268//1268 1270//1270 1269//1269 
f 1269//1269 1270//1270 1271//1271 
f 1270//1270 1272//1272 1271//1271 
f 1271//1271 1272//1272 1273//1273 
f 1272//1272 1223//1223 1273//1273 
f 1273//1273 1223//1223 1274//1274 
f 1223//1223 1225//1225 1274//1274 
f 1274//1274 1225//1225 1275//1275 
f 1225//1225 1227//1227 1275//1275 
f 1275//1275 1227//1227 1276//1276 
f 1227//1227 1229//1229 1276//1276 
f 1276//1276 1229//1229 1277//1277 
f 1229//1229 1231//1231 1277//1277 
f 1277//1277 1231//1231 1278//1278 
f 1231//1231 1233//1233 1278//1278 
f 1278//1278 1233//1233 1279//1279 
f 1233//1233 1235//1235 1279//1279 
f 1279//1279 1235//1235 1280//1280 
f 1235//1235 1237//1237 1280//1280 
f 1280//1280 1237//1237 1281//1281 
f 1237//1237 1239//1239 1281//1281 
f 1281//1281 1239//1239 1282//1282 
f 1239//1239 1241//1241 1282//1282 
f 1282//1282 1241//1241 1283//1283 
f 1241//1241 1243//1243 1283//1283 
f 1283//1283 1243//1243 1284//1284 
f 1243//1243 1245//1245 1284//1284 
f 1284//1284 1245//1245 1285//1285 
f 1245//1245 1247//1247 1285//1285 
f 1285//1285 1247//1247 1286//1286 
f 1247//1247 1249//1249 1286//1286 
f 1286//1286 1249//1249 1287//1287 
f 1249//1249 1251//1251 1287//1287 
f 1287//1287 1251//1251 1288//1288 
f 1251//1251 1253//1253 1288//1288 
f 1288//1288 1253//1253 1289//1289 
f 1253//1253 1255//1255 1289//1289 
f 1289//1289 1255//1255 1290//1290 
f 1255//1255 1257//1257 1290//1290 
f 1290//1290 1257//1257 1291//1291 
f 1257//1257 1259//1259 1291//1291 
f 1291//1291 1259//1259 1292//1292 
f 1259//1259 1261//1261 1292//1292 
f 1292//1292 1261//1261 1263//1263 
f 1261//1261 1263//1263 1263//1263 
f 1263//1263 1263//1263 1284//1284 
f 1263//1263 1284//1284 1284//1284 
f 1284//1284 1284//1284 1284//1284 
f 1284//1284 1293//1293 1284//1284 
f 1284//1284 1293//1293 1283//1283 
f 1293//1293 1294//1294 1283//1283 
f 1283//1283 1294//1294 1282//1282 
f 1294//1294 1295//1295 1282//1282 
f 1282//1282 1295//1295 1281//1281 
f 1295//1295 1296//1296 1281//1281 
f 1281//1281 1296//1296 1280//1280 
f 1296//1296 1297//1297 1280//1280 
f 1280//1280 1297//1297 1279//1279 
f 1297//1297 1298//1298 1279//1279 
f 1279//1279 1298//1298 1278//1278 
f 1298//1298 1299//1299 1278//1278 
f 1278//1278 1299//1299 1277//1277 
f 1299//1299 1300//1300 1277//1277 
f 1277//1277 1300//1300 1276//1276 
f 1300//1300 1301//1301 1276//1276 
f 1276//1276 1301//1301 1302//1302 
f 1301//1301 1303//1303 1302//1302 
f 1302//1302 1303//1303 1304//1304 
f 1303//1303 1305//1305 1304//1304 
f 1304//1304 1305//1305 1306//1306 
f 1305//1305 1307//1307 1306//1306 
f 1306//1306 1307//1307 1308//1308 
f 1307//1307 1309//1309 1308//1308 
f 1308//1308 1309//1309 1310//1310 
f 1309//1309 1311//1311 1310//1310 
f 1310//1310 1311//1311 1312//1312 
f 1311//1311 1313//1313 1312//1312 
f 1312//1312 1313//1313 1314//1314 
f 1313//1313 1315//1315 1314//1314 
f 1314//1314 1315//1315 1316//1316 
f 1315//1315 1317//1317 1316//1316 
f 1316//1316 1317//1317 1318//1318 
f 1317//1317 1319//1319 1318//1318 
f 1318//1318 1319//1319 1197//1197 
f 1319//1319 1195//1195 1197//1197 
f 1197//1197 1195//1195 1195//1195 
f 1195//1195 1293//1293 1195//1195 
f 1195//1195 1293//1293 1293//1293 
f 1293//1293 1320//1320 1293//1293 
f 1293//1293 1320//1320 1294//1294 
f 1320//1320 1321//1321 1294//1294 
f 1294//1294 1321//1321 1295//1295 
f 1321//1321 1322//1322 1295//1295 
f 1295//1295 1322//1322 1296//1296 
f 1322//1322 1323//1323 1296//1296 
f 1296//1296 1323//1323 1297//1297 
f 1323//1323 1324//1324 1297//1297 
f 1297//1297 1324//1324 1298//1298 
f 1324//1324 1325//1325 1298//1298 
f 1298//1298 1325//1325 1299//1299 
f 1325//1325 1326//1326 1299//1299 
f 1299//1299 1326//1326 1300//1300 
f 1326//1326 1327//1327 1300//1300 
f 1300//1300 1327//1327 1301//1301 
f 1327//1327 1328//1328 1301//1301 
f 1301//1301 1328//1328 1303//1303 
f 1328//1328 1329//1329 1303//1303 
f 1303//1303 1329//1329 1305//1305 
f 1329//1329 1330//1330 1305//1305 
f 1305//1305 1330//1330 1307//1307 
f 1330//1330 1331//1331 1307//1307 
f 1307//1307 1331//1331 1309//1309 
f 1331//1331 1332//1332 1309//1309 
f 1309//1309 1332//1332 1311//1311 
f 1332//1332 1333//1333 1311//1311 
f 1311//1311 1333//1333 1313//1313 
f 1333//1333 1334//1334 1313//1313 
f 1313//1313 1334//1334 1315//1315 
f 1334//1334 1335//1335 1315//1315 
f 1315//1315 1335//1335 1317//1317 
f 1335//1335 1336//1336 1317//1317 
f 1317//1317 1336//1336 1319//1319 
f 1336//1336 1337//1337 1319//1319 
f 1319//1319 1337//1337 1195//1195 
f 1337//1337 1193//1193 1195//1195 
f 1195//1195 1193//1193 1193//1193 
f 1193//1193 1328//1328 1193//1193 
f 1193//1193 1328//1328 1328//1328 
f 1328//1328 1338//1338 1328//1328 
f 1328//1328 1338//1338 1329//1329 
f 1338//1338 1339//1339 1329//1329 
f 1329//1329 1339//1339 1330//1330 
f 1339//1339 1340//1340 1330//1330 
f 1330//1330 1340//1340 1331//1331 
f 1340//1340 1341//1341 1331//1331 
f 1331//1331 1341//1341 1332//1332 
f 1341//1341 1342//1342 1332//1332 
f 1332//1332 1342//1342 1333//1333 
f 1342//1342 1343//1343 1333//1333 
f 1333//1333 1343//1343 1334//1334 
f 1343//1343 1344//1344 1334//1334 
f 1334//1334 1344//1344 1335//1335 
f 1344//1344 1345//1345 1335//1335 
f 1335//1335 1345//1345 1336//1336 
f 1345//1345 1346//1346 1336//1336 
f 1336//1336 1346//1346 1337//1337 
f 1346//1346 1347//1347 1337//1337 
f 1337//1337 1347//1347 1193//1193 
f 1347//1347 1191//1191 1193//1193 
f 1193//1193 1191//1191 1191//1191 
f 1191//1191 1338//1338 1191//1191 
f 1191//1191 1338//1338 1338//1338 
f 1338//1338 1348//1348 1338//1338 
f 1338//1338 1348//1348 1339//1339 
f 1348//1348 1349//1349 1339//1339 
f 1339//1339 1349//1349 1340//1340 
f 1349//1349 1350//1350 1340//1340 
f 1340//1340 1350//1350 1341//1341 
f 1350//1350 1351//1351 1341//1341 
f 1341//1341 1351//1351 1342//1342 
f 1351//1351 1352//1352 1342//1342 
f 1342//1342 1352//1352 1343//1343 
f 1352//1352 1353//1353 1343//1343 
f 1343//1343 1353//1353 1344//1344 
f 1353//1353 1354//1354 1344//1344 
f 1344//1344 1354//1354 1345//1345 
f 1354//1354 1355//1355 1345//1345 
f 1345//1345 1355//1355 1346//1346 
f 1355//1355 1356//1356 1346//1346 
f 1346//1346 1356//1356 1347//1347 
f 1356//1356 1357//1357 1347//1347 
f 1347//1347 1357//1357 1191//1191 
f 1357//1357 1189//1189 1191//1191 
f 1191//1191 1189//1189 1189//1189 
f 1189//1189 1348//1348 1189//1189 
f 1189//1189 1348//1348 1348//1348 
f 1348//1348 1338//1338 1348//1348 
f 1348//1348 1338//1338 1358//1358 
f 1338//1338 1359//1359 1358//1358 
f 1358//1358 1359//1359 1360//1360 
f 1359//1359 1361//1361 1360//1360 
f 1360//1360 1361//1361 1362//1362 
f 1361//1361 1363//1363 1362//1362 
f 1362//1362 1363//1363 1364//1364 
f 1363//1363 1365//1365 1364//1364 
f 1364//1364 1365//1365 1366//1366 
f 1365//1365 1367//1367 1366//1366 
f 1366//1366 1367//1367 1368//1368 
f 1367//1367 1369//1369 1368//1368 
f 1368//1368 1369//1369 1370//1370 
f 1369//1369 1371//1371 1370//1370 
f 1370//1370 1371//1371 1372//1372 
f 1371//1371 1373//1373 1372//1372 
f 1372//1372 1373//1373 1374//1374 
f 1373//1373 1291//1291 1374//1374 
f 1374//1374 1291//1291 1292//1292 
f 1291//1291 1292//1292 1292//1292 
f 1292//1292 1292//1292 1361//1361 
f 1292//1292 1361//1361 1361//1361 
f 1361//1361 1361//1361 1361//1361 
f 1361//1361 1359//1359 1361//1361 
f 1361//1361 1359//1359 1375//1375 
f 1359//1359 1328//1328 1375//1375 
f 1375//1375 1328//1328 1376//1376 
f 1328//1328 1327//1327 1376//1376 
f 1376//1376 1327//1327 1377//1377 
f 1327//1327 1326//1326 1377//1377 
f 1377//1377 1326//1326 1378//1378 
f 1326//1326 1325//1325 1378//1378 
f 1378//1378 1325//1325 1379//1379 
f 1325//1325 1324//1324 1379//1379 
f 1379//1379 1324//1324 1380//1380 
f 1324//1324 1323//1323 1380//1380 
f 1380//1380 1323//1323 1381//1381 
f 1323//1323 1322//1322 1381//1381 
f 1381//1381 1322//1322 1382//1382 
f 1322//1322 1321//1321 1382//1382 
f 1382//1382 1321//1321 1383//1383 
f 1321//1321 1320//1320 1383//1383 
f 1383//1383 1320//1320 1384//1384 
f 1320//1320 1385//1385 1384//1384 
f 1384//1384 1385//1385 1386//1386 
f 1385//1385 1286//1286 1386//1386 
f 1386//1386 1286//1286 1287//1287 
f 1286//1286 1287//1287 1287//1287 
f 1287//1287 1287//1287 1287//1287 
f 1287//1287 1387//1387 1287//1287 
f 1287//1287 1387//1387 1386//1386 
f 1387//1387 1388//1388 1386//1386 
f 1386//1386 1388//1388 1384//1384 
f 1388//1388 1389//1389 1384//1384 
f 1384//1384 1389//1389 1383//1383 
f 1389//1389 1390//1390 1383//1383 
f 1383//1383 1390//1390 1382//1382 
f 1390//1390 1391//1391 1382//1382 
f 1382//1382 1391//1391 1381//1381 
f 1391//1391 1392//1392 1381//1381 
f 1381//1381 1392//1392 1380//1380 
f 1392//1392 1393//1393 1380//1380 
f 1380//1380 1393//1393 1379//1379 
f 1393//1393 1394//1394 1379//1379 
f 1379//1379 1394//1394 1378//1378 
f 1394//1394 1395//1395 1378//1378 
f 1378//1378 1395//1395 1377//1377 
f 1395//1395 1396//1396 1377//1377 
f 1377//1377 1396//1396 1376//1376 
f 1396//1396 1397//1397 1376//1376 
f 1376//1376 1397//1397 1375//1375 
f 1397//1397 1398//1398 1375//1375 
f 1375//1375 1398//1398 1361//1361 
f 1398//1398 1363//1363 1361//1361 
f 1361//1361 1363//1363 1363//1363 
f 1363//1363 1387//1387 1363//1363 
f 1363//1363 1387//1387 1387//1387 
f 1387//1387 1399//1399 1387//1387 
f 1387//1387 1399//1399 1388//1388 
f 1399//1399 1400//1400 1388//1388 
f 1388//1388 1400//1400 1389//1389 
f 1400//1400 1401//1401 1389//1389 
f 1389//1389 1401//1401 1390//1390 
f 1401//1401 1402//1402 1390//1390 
f 1390//1390 1402//1402 1391//1391 
f 1402//1402 1403//1403 1391//1391 
f 1391//1391 1403//1403 1392//1392 
f 1403//1403 1404//1404 1392//1392 
f 1392//1392 1404//1404 1393//1393 
f 1404//1404 1405//1405 1393//1393 
f 1393//1393 1405//1405 1394//1394 
f 1405//1405 1406//1406 1394//1394 
f 1394//1394 1406//1406 1395//1395 
f 1406//1406 1407//1407 1395//1395 
f 1395//1395 1407//1407 1396//1396 
f 1407//1407 1408//1408 1396//1396 
f 1396//1396 1408//1408 1397//1397 
f 1408//1408 1409//1409 1397//1397 
f 1397//1397 1409//1409 1398//1398 
f 1409//1409 1410//1410 1398//1398 
f 1398//1398 1410//1410 1363//1363 
f 1410//1410 1365//1365 1363//1363 
f 1363//1363 1365//1365 1365//1365 
f 1365//1365 1399//1399 1365//1365 
f 1365//1365 1399//1399 1399//1399 
f 1399//1399 1411//1411 1399//1399 
f 1399//1399 1411//1411 1400//1400 
f 1411//1411 1412//1412 1400//1400 
f 1400//1400 1412//1412 1401//1401 
f 1412//1412 1413//1413 1401//1401 
f 1401//1401 1413//1413 1402//1402 
f 1413//1413 1414//1414 1402//1402 
f 1402//1402 1414//1414 1403//1403 
f 1414//1414 1415//1415 1403//1403 
f 1403//1403 1415//1415 1404//1404 
f 1415//1415 1416//1416 1404//1404 
f 1404//1404 1416//1416 1405//1405 
f 1416//1416 1417//1417 1405//1405 
f 1405//1405 1417//1417 1406//1406 
f 1417//1417 1418//1418 1406//1406 
f 1406//1406 1418//1418 1407//1407 
f 1418//1418 1419//1419 1407//1407 
f 1407//1407 1419//1419 1408//1408 
f 1419//1419 1420//1420 1408//1408 
f 1408//1408 1420//1420 1409//1409 
f 1420//1420 1421//1421 1409//1409 
f 1409//1409 1421//1421 1410//1410 
f 1421//1421 1422//1422 1410//1410 
f 1410//1410 1422//1422 1365//1365 
f 1422//1422 1367//1367 1365//1365 
f 1365//1365 1367//1367 1367//1367 
f 1367//1367 1417//1417 1367//1367 
f 1367//1367 1417//1417 1417//1417 
f 1417//1417 1416//1416 1417//1417 
f 1417//1417 1416//1416 1423//1423 
f 1416//1416 1415//1415 1423//1423 
f 1423//1423 1415//1415 1424//1424 
f 1415//1415 1414//1414 1424//1424 
f 1424//1424 1414//1414 1425//1425 
f 1414//1414 1413//1413 1425//1425 
f 1425//1425 1413//1413 1426//1426 
f 1413//1413 1412//1412 1426//1426 
f 1426//1426 1412//1412 1427//1427 
f 1412//1412 1411//1411 1427//1427 
f 1427//1427 1411//1411 1428//1428 
f 1411//1411 1429//1429 1428//1428 
f 1428//1428 1429//1429 1430//1430 
f 1429//1429 1431//1431 1430//1430 
f 1430//1430 1431//1431 1432//1432 
f 1431//1431 1290//1290 1432//1432 
f 1432//1432 1290//1290 1373//1373 
f 1290//1290 1291//1291 1373//1373 
f 1373//1373 1291//1291 1291//1291 
f 1291//1291 1373//1373 1291//1291 
f 1291//1291 1373//1373 1373//1373 
f 1373//1373 1371//1371 1373//1373 
f 1373//1373 1371//1371 1432//1432 
f 1371//1371 1433//1433 1432//1432 
f 1432//1432 1433//1433 1430//1430 
f 1433//1433 1434//1434 1430//1430 
f 1430//1430 1434//1434 1428//1428 
f 1434//1434 1435//1435 1428//1428 
f 1428//1428 1435//1435 1427//1427 
f 1435//1435 1436//1436 1427//1427 
f 1427//1427 1436//1436 1426//1426 
f 1436//1436 1437//1437 1426//1426 
f 1426//1426 1437//1437 1425//1425 
f 1437//1437 1438//1438 1425//1425 
f 1425//1425 1438//1438 1424//1424 
f 1438//1438 1439//1439 1424//1424 
f 1424//1424 1439//1439 1423//1423 
f 1439//1439 1440//1440 1423//1423 
f 1423//1423 1440//1440 1417//1417 
f 1440//1440 1418//1418 1417//1417 
f 1417//1417 1418//1418 1418//1418 
f 1418//1418 1371//1371 1418//1418 
f 1418//1418 1371//1371 1371//1371 
f 1371//1371 1369//1369 1371//1371 
f 1371//1371 1369//1369 1433//1433 
f 1369//1369 1441//1441 1433//1433 
f 1433//1433 1441//1441 1434//1434 
f 1441//1441 1442//1442 1434//1434 
f 1434//1434 1442//1442 1435//1435 
f 1442//1442 1443//1443 1435//1435 
f 1435//1435 1443//1443 1436//1436 
f 1443//1443 1444//1444 1436//1436 
f 1436//1436 1444//1444 1437//1437 
f 1444//1444 1445//1445 1437//1437 
f 1437//1437 1445//1445 1438//1438 
f 1445//1445 1440//1440 1438//1438 
f 1438//1438 1440//1440 1439//1439 
f 1440//1440 1439//1439 1439//1439 
f 1439//1439 1439//1439 1369//1369 
f 1439//1439 1369//1369 1369//1369 
f 1369//1369 1369//1369 1369//1369 
f 1369//1369 1367//1367 1369//1369 
f 1369//1369 1367//1367 1441//1441 
f 1367//1367 1422//1422 1441//1441 
f 1441//1441 1422//1422 1442//1442 
f 1422//1422 1421//1421 1442//1442 
f 1442//1442 1421//1421 1443//1443 
f 1421//1421 1420//1420 1443//1443 
f 1443//1443 1420//1420 1444//1444 
f 1420//1420 1419//1419 1444//1444 
f 1444//1444 1419//1419 1445//1445 
f 1419//1419 1418//1418 1445//1445 
f 1445//1445 1418//1418 1440//1440 
f 1418//1418 1440//1440 1440//1440 
f 1440//1440 1440//1440 1242//1242 
f 1440//1440 1242//1242 1242//1242 
f 1242//1242 1242//1242 1242//1242 
f 1242//1242 1240//1240 1242//1242 
f 1242//1242 1240//1240 1244//1244 
f 1240//1240 1446//1446 1244//1244 
f 1244//1244 1446//1446 1246//1246 
f 1446//1446 1447//1447 1246//1246 
f 1246//1246 1447//1447 1248//1248 
f 1447//1447 1448//1448 1248//1248 
f 1248//1248 1448//1448 1250//1250 
f 1448//1448 1449//1449 1250//1250 
f 1250//1250 1449//1449 1252//1252 
f 1449//1449 1450//1450 1252//1252 
f 1252//1252 1450//1450 1254//1254 
f 1450//1450 1451//1451 1254//1254 
f 1254//1254 1451//1451 1452//1452 
f 1451//1451 1453//1453 1452//1452 
f 1452//1452 1453//1453 1454//1454 
f 1453//1453 1455//1455 1454//1454 
f 1454//1454 1455//1455 1456//1456 
f 1455//1455 1456//1456 1456//1456 
f 1456//1456 1456//1456 1240//1240 
f 1456//1456 1240//1240 1240//1240 
f 1240//1240 1240//1240 1240//1240 
f 1240//1240 1238//1238 1240//1240 
f 1240//1240 1238//1238 1446//1446 
f 1238//1238 1457//1457 1446//1446 
f 1446//1446 1457//1457 1447//1447 
f 1457//1457 1458//1458 1447//1447 
f 1447//1447 1458//1458 1448//1448 
f 1458//1458 1459//1459 1448//1448 
f 1448//1448 1459//1459 1449//1449 
f 1459//1459 1460//1460 1449//1449 
f 1449//1449 1460//1460 1450//1450 
f 1460//1460 1461//1461 1450//1450 
f 1450//1450 1461//1461 1451//1451 
f 1461//1461 1462//1462 1451//1451 
f 1451//1451 1462//1462 1453//1453 
f 1462//1462 1463//1463 1453//1453 
f 1453//1453 1463//1463 1455//1455 
f 1463//1463 1455//1455 1455//1455 
f 1455//1455 1455//1455 1238//1238 
f 1455//1455 1238//1238 1238//1238 
f 1238//1238 1238//1238 1238//1238 
f 1238//1238 1236//1236 1238//1238 
f 1238//1238 1236//1236 1457//1457 
f 1236//1236 1464//1464 1457//1457 
f 1457//1457 1464//1464 1458//1458 
f 1464//1464 1465//1465 1458//1458 
f 1458//1458 1465//1465 1459//1459 
f 1465//1465 1466//1466 1459//1459 
f 1459//1459 1466//1466 1460//1460 
f 1466//1466 1467//1467 1460//1460 
f 1460//1460 1467//1467 1461//1461 
f 1467//1467 1468//1468 1461//1461 
f 1461//1461 1468//1468 1462//1462 
f 1468//1468 1469//1469 1462//1462 
f 1462//1462 1469//1469 1463//1463 
f 1469//1469 1463//1463 1463//1463 
f 1463//1463 1463//1463 1236//1236 
f 1463//1463 1236//1236 1236//1236 
f 1236//1236 1236//1236 1236//1236 
f 1236//1236 1234//1234 1236//1236 
f 1236//1236 1234//1234 1464//1464 
f 1234//1234 1470//1470 1464//1464 
f 1464//1464 1470//1470 1465//1465 
f 1470//1470 1471//1471 1465//1465 
f 1465//1465 1471//1471 1466//1466 
f 1471//1471 1472//1472 1466//1466 
f 1466//1466 1472//1472 1467//1467 
f 1472//1472 1473//1473 1467//1467 
f 1467//1467 1473//1473 1468//1468 
f 1473//1473 1474//1474 1468//1468 
f 1468//1468 1474//1474 1469//1469 
f 1474//1474 1469//1469 1469//1469 
f 1469//1469 1469//1469 1234//1234 
f 1469//1469 1234//1234 1234//1234 
f 1234//1234 1234//1234 1234//1234 
f 1234//1234 1232//1232 1234//1234 
f 1234//1234 1232//1232 1470//1470 
f 1232//1232 1475//1475 1470//1470 
f 1470//1470 1475//1475 1471//1471 
f 1475//1475 1476//1476 1471//1471 
f 1471//1471 1476//1476 1472//1472 
f 1476//1476 1477//1477 1472//1472 
f 1472//1472 1477//1477 1473//1473 
f 1477//1477 1478//1478 1473//1473 
f 1473//1473 1478//1478 1474//1474 
f 1478//1478 1474//1474 1474//1474 
f 1474//1474 1474//1474 1232//1232 
f 1474//1474 1232//1232 1232//1232 
f 1232//1232 1232//1232 1232//1232 
f 1232//1232 1230//1230 1232//1232 
f 1232//1232 1230//1230 1475//1475 
f 1230//1230 1479//1479 1475//1475 
f 1475//1475 1479//1479 1476//1476 
f 1479//1479 1480//1480 1476//1476 
f 1476//1476 1480//1480 1477//1477 
f 1480//1480 1481//1481 1477//1477 
f 1477//1477 1481//1481 1478//1478 
f 1481//1481 1478//1478 1478//1478 
f 1478//1478 1478//1478 1230//1230 
f 1478//1478 1230//1230 1230//1230 
f 1230//1230 1230//1230 1230//1230 
f 1230//1230 1228//1228 1230//1230 
f 1230//1230 1228//1228 1479//1479 
f 1228//1228 1482//1482 1479//1479 
f 1479//1479 1482//1482 1480//1480 
f 1482//1482 1483//1483 1480//1480 
f 1480//1480 1483//1483 1481//1481 
f 1483//1483 1481//1481 1481//1481 
f 1481//1481 1481//1481 1483//1483 
f 1481//1481 1483//1483 1483//1483 
f 1483//1483 1483//1483 1483//1483 
f 1483//1483 1482//1482 1483//1483 
f 1483//1483 1482//1482 1484//1484 
f 1482//1482 1226//1226 1484//1484 
f 1484//1484 1226//1226 1224//1224 
f 1226//1226 1224//1224 1224//1224 
f 1224//1224 1224//1224 1484//1484 
f 1224//1224 1484//1484 1484//1484 
f 1484//1484 1484//1484 1484//1484 
f 1484//1484 1224//1224 1484//1484 
f 1484//1484 1224//1224 1485//1485 
f 1224//1224 1222//1222 1485//1485 
f 1485//1485 1222//1222 1486//1486 
f 1222//1222 1220//1220 1486//1486 
f 1486//1486 1220//1220 1487//1487 
f 1220//1220 1218//1218 1487//1487 
f 1487//1487 1218//1218 1488//1488 
f 1218//1218 1216//1216 1488//1488 
f 1488//1488 1216//1216 1489//1489 
f 1216//1216 1214//1214 1489//1489 
f 1489//1489 1214//1214 1490//1490 
f 1214//1214 1212//1212 1490//1490 
f 1490//1490 1212//1212 1491//1491 
f 1212//1212 1210//1210 1491//1491 
f 1491//1491 1210//1210 1492//1492 
f 1210//1210 1208//1208 1492//1492 
f 1492//1492 1208//1208 1493//1493 
f 1208//1208 1206//1206 1493//1493 
f 1493//1493 1206//1206 1494//1494 
f 1206//1206 1204//1204 1494//1494 
f 1494//1494 1204//1204 1495//1495 
f 1204//1204 1496//1496 1495//1495 
f 1495//1495 1496//1496 1496//1496 
f 1496//1496 1204//1204 1496//1496 
f 1496//1496 1204//1204 1204//1204 
f 1204//1204 1202//1202 1204//1204 
f 1204//1204 1202//1202 1496//1496 
f 1202//1202 1200//1200 1496//1496 
f 1496//1496 1200//1200 1497//1497 
f 1200//1200 1198//1198 1497//1497 
f 1497//1497 1198//1198 1498//1498 
f 1198//1198 1196//1196 1498//1498 
f 1498//1498 1196//1196 1499//1499 
f 1196//1196 1194//1194 1499//1499 
f 1499//1499 1194//1194 1500//1500 
f 1194//1194 1192//1192 1500//1500 
f 1500//1500 1192//1192 1501//1501 
f 1192//1192 1190//1190 1501//1501 
f 1501//1501 1190//1190 1502//1502 
f 1190//1190 1188//1188 1502//1502 
f 1502//1502 1188//1188 1186//1186 
f 1188//1188 1186//1186 1186//1186 
f 1186//1186 1186//1186 1320//1320 
f 1186//1186 1320//1320 1320//1320 
f 1320//1320 1320//1320 1320//1320 
f 1320//1320 1293//1293 1320//1320 
f 1320//1320 1293//1293 1385//1385 
f 1293//1293 1285//1285 1385//1385 
f 1385//1385 1285//1285 1286//1286 
f 1285//1285 1286//1286 1286//1286 
f 1286//1286 1286//1286 1503//1503 
f 1286//1286 1503//1503 1503//1503 
f 1503//1503 1503//1503 1503//1503 
f 1503//1503 1504//1504 1503//1503 
f 1503//1503 1504//1504 1505//1505 
f 1504//1504 1506//1506 1505//1505 
f 1505//1505 1506//1506 1506//1506 
f 1506//1506 1223//1223 1506//1506 
f 1506//1506 1223//1223 1223//1223 
f 1223//1223 1272//1272 1223//1223 
f 1223//1223 1272//1272 1221//1221 
f 1272//1272 1219//1219 1221//1221 
f 1221//1221 1219//1219 1219//1219 
f 1219//1219 1272//1272 1219//1219 
f 1219//1219 1272//1272 1507//1507 
f 1272//1272 1270//1270 1507//1507 
f 1507//1507 1270//1270 1268//1268 
f 1270//1270 1268//1268 1268//1268 
f 1268//1268 1268//1268 1268//1268 
f 1268//1268 1215//1215 1268//1268 
f 1268//1268 1215//1215 1507//1507 
f 1215//1215 1217//1217 1507//1507 
f 1507//1507 1217//1217 1219//1219 
f 1217//1217 1219//1219 1219//1219 
f 1219//1219 1219//1219 1263//1263 
f 1219//1219 1263//1263 1263//1263 
f 1263//1263 1263//1263 1263//1263 
f 1263//1263 1508//1508 1263//1263 
f 1263//1263 1508//1508 1292//1292 
f 1508//1508 1374//1374 1292//1292 
f 1292//1292 1374//1374 1374//1374 
f 1374//1374 1508//1508 1374//1374 
f 1374//1374 1508//1508 1508//1508 
f 1508//1508 1509//1509 1508//1508 
f 1508//1508 1509//1509 1374//1374 
f 1509//1509 1372//1372 1374//1374 
f 1374//1374 1372//1372 1372//1372 
f 1372//1372 1509//1509 1372//1372 
f 1372//1372 1509//1509 1509//1509 
f 1509//1509 1510//1510 1509//1509 
f 1509//1509 1510//1510 1372//1372 
f 1510//1510 1511//1511 1372//1372 
f 1372//1372 1511//1511 1370//1370 
f 1511//1511 1368//1368 1370//1370 
f 1370//1370 1368//1368 1368//1368 
f 1368//1368 1511//1511 1368//1368 
f 1368//1368 1511//1511 1511//1511 
f 1511//1511 1512//1512 1511//1511 
f 1511//1511 1512//1512 1368//1368 
f 1512//1512 1513//1513 1368//1368 
f 1368//1368 1513//1513 1366//1366 
f 1513//1513 1364//1364 1366//1366 
f 1366//1366 1364//1364 1364//1364 
f 1364//1364 1513//1513 1364//1364 
f 1364//1364 1513//1513 1513//1513 
f 1513//1513 1514//1514 1513//1513 
f 1513//1513 1514//1514 1364//1364 
f 1514//1514 1515//1515 1364//1364 
f 1364//1364 1515//1515 1362//1362 
f 1515//1515 1360//1360 1362//1362 
f 1362//1362 1360//1360 1360//1360 
f 1360//1360 1515//1515 1360//1360 
f 1360//1360 1515//1515 1515//1515 
f 1515//1515 1516//1516 1515//1515 
f 1515//1515 1516//1516 1360//1360 
f 1516//1516 1517//1517 1360//1360 
f 1360//1360 1517//1517 1358//1358 
f 1517//1517 1348//1348 1358//1358 
f 1358//1358 1348//1348 1348//1348 
f 1348//1348 1517//1517 1348//1348 
f 1348//1348 1517//1517 1517//1517 
f 1517//1517 1518//1518 1517//1517 
f 1517//1517 1518//1518 1348//1348 
f 1518//1518 1519//1519 1348//1348 
f 1348//1348 1519//1519 1349//1349 
f 1519//1519 1350//1350 1349//1349 
f 1349//1349 1350//1350 1350//1350 
f 1350//1350 1519//1519 1350//1350 
f 1350//1350 1519//1519 1519//1519 
f 1519//1519 1520//1520 1519//1519 
f 1519//1519 1520//1520 1350//1350 
f 1520//1520 1351//1351 1350//1350 
f 1350//1350 1351//1351 1351//1351 
f 1351//1351 1520//1520 1351//1351 
f 1351//1351 1520//1520 1520//1520 
f 1520//1520 1521//1521 1520//1520 
f 1520//1520 1521//1521 1351//1351 
f 1521//1521 1352//1352 1351//1351 
f 1351//1351 1352//1352 1352//1352 
f 1352//1352 1521//1521 1352//1352 
f 1352//1352 1521//1521 1521//1521 
f 1521//1521 1522//1522 1521//1521 
f 1521//1521 1522//1522 1352//1352 
f 1522//1522 1523//1523 1352//1352 
f 1352//1352 1523//1523 1353//1353 
f 1523//1523 1354//1354 1353//1353 
f 1353//1353 1354//1354 1354//1354 
f 1354//1354 1523//1523 1354//1354 
f 1354//1354 1523//1523 1523//1523 
f 1523//1523 1524//1524 1523//1523 
f 1523//1523 1524//1524 1354//1354 
f 1524//1524 1355//1355 1354//1354 
f 1354//1354 1355//1355 1355//1355 
f 1355//1355 1524//1524 1355//1355 
f 1355//1355 1524//1524 1524//1524 
f 1524//1524 1525//1525 1524//1524 
f 1524//1524 1525//1525 1355//1355 
f 1525//1525 1356//1356 1355//1355 
f 1355//1355 1356//1356 1356//1356 
f 1356//1356 1525//1525 1356//1356 
f 1356//1356 1525//1525 1525//1525 
f 1525//1525 1526//1526 1525//1525 
f 1525//1525 1526//1526 1356//1356 
f 1526//1526 1527//1527 1356//1356 
f 1356//1356 1527//1527 1357//1357 
f 1527//1527 1189//1189 1357//1357 
f 1357//1357 1189//1189 1189//1189 
f 1189//1189 1527//1527 1189//1189 
f 1189//1189 1527//1527 1527//1527 
f 1527//1527 1528//1528 1527//1527 
f 1527//1527 1528//1528 1189//1189 
f 1528//1528 1187//1187 1189//1189 
f 1189//1189 1187//1187 1187//1187 
f 1187//1187 1290//1290 1187//1187 
f 1187//1187 1290//1290 1290//1290 
f 1290//1290 1431//1431 1290//1290 
f 1290//1290 1431//1431 1289//1289 
f 1431//1431 1529//1529 1289//1289 
f 1289//1289 1529//1529 1288//1288 
f 1529//1529 1387//1387 1288//1288 
f 1288//1288 1387//1387 1287//1287 
f 1387//1387 1287//1287 1287//1287 
f 1287//1287 1287//1287 1387//1387 
f 1287//1287 1387//1387 1387//1387 
f 1387//1387 1387//1387 1387//1387 
f 1387//1387 1529//1529 1387//1387 
f 1387//1387 1529//1529 1399//1399 
f 1529//1529 1429//1429 1399//1399 
f 1399//1399 1429//1429 1411//1411 
f 1429//1429 1411//1411 1411//1411 
f 1411//1411 1411//1411 1495//1495 
f 1411//1411 1495//1495 1495//1495 
f 1495//1495 1495//1495 1495//1495 
f 1495//1495 1530//1530 1495//1495 
f 1495//1495 1530//1530 1494//1494 
f 1530//1530 1531//1531 1494//1494 
f 1494//1494 1531//1531 1493//1493 
f 1531//1531 1532//1532 1493//1493 
f 1493//1493 1532//1532 1492//1492 
f 1532//1532 1533//1533 1492//1492 
f 1492//1492 1533//1533 1491//1491 
f 1533//1533 1534//1534 1491//1491 
f 1491//1491 1534//1534 1535//1535 
f 1534//1534 1536//1536 1535//1535 
f 1535//1535 1536//1536 1537//1537 
f 1536//1536 1538//1538 1537//1537 
f 1537//1537 1538//1538 1539//1539 
f 1538//1538 1540//1540 1539//1539 
f 1539//1539 1540//1540 1541//1541 
f 1540//1540 1542//1542 1541//1541 
f 1541//1541 1542//1542 1543//1543 
f 1542//1542 1544//1544 1543//1543 
f 1543//1543 1544//1544 1545//1545 
f 1544//1544 1546//1546 1545//1545 
f 1545//1545 1546//1546 1547//1547 
f 1546//1546 1548//1548 1547//1547 
f 1547//1547 1548//1548 1549//1549 
f 1548//1548 1550//1550 1549//1549 
f 1549//1549 1550//1550 1551//1551 
f 1550//1550 1552//1552 1551//1551 
f 1551//1551 1552//1552 1552//1552 
f 1552//1552 1530//1530 1552//1552 
f 1552//1552 1530//1530 1530//1530 
f 1530//1530 1553//1553 1530//1530 
f 1530//1530 1553//1553 1531//1531 
f 1553//1553 1554//1554 1531//1531 
f 1531//1531 1554//1554 1532//1532 
f 1554//1554 1555//1555 1532//1532 
f 1532//1532 1555//1555 1533//1533 
f 1555//1555 1556//1556 1533//1533 
f 1533//1533 1556//1556 1534//1534 
f 1556//1556 1557//1557 1534//1534 
f 1534//1534 1557//1557 1536//1536 
f 1557//1557 1558//1558 1536//1536 
f 1536//1536 1558//1558 1538//1538 
f 1558//1558 1559//1559 1538//1538 
f 1538//1538 1559//1559 1540//1540 
f 1559//1559 1560//1560 1540//1540 
f 1540//1540 1560//1560 1542//1542 
f 1560//1560 1561//1561 1542//1542 
f 1542//1542 1561//1561 1544//1544 
f 1561//1561 1562//1562 1544//1544 
f 1544//1544 1562//1562 1546//1546 
f 1562//1562 1563//1563 1546//1546 
f 1546//1546 1563//1563 1548//1548 
f 1563//1563 1564//1564 1548//1548 
f 1548//1548 1564//1564 1550//1550 
f 1564//1564 1565//1565 1550//1550 
f 1550//1550 1565//1565 1552//1552 
f 1565//1565 1566//1566 1552//1552 
f 1552//1552 1566//1566 1566//1566 
f 1566//1566 1553//1553 1566//1566 
f 1566//1566 1553//1553 1553//1553 
f 1553//1553 1567//1567 1553//1553 
f 1553//1553 1567//1567 1554//1554 
f 1567//1567 1568//1568 1554//1554 
f 1554//1554 1568//1568 1555//1555 
f 1568//1568 1569//1569 1555//1555 
f 1555//1555 1569//1569 1556//1556 
f 1569//1569 1570//1570 1556//1556 
f 1556//1556 1570//1570 1557//1557 
f 1570//1570 1571//1571 1557//1557 
f 1557//1557 1571//1571 1558//1558 
f 1571//1571 1572//1572 1558//1558 
f 1558//1558 1572//1572 1559//1559 
f 1572//1572 1573//1573 1559//1559 
f 1559//1559 1573//1573 1560//1560 
f 1573//1573 1574//1574 1560//1560 
f 1560//1560 1574//1574 1561//1561 
f 1574//1574 1575//1575 1561//1561 
f 1561//1561 1575//1575 1562//1562 
f 1575//1575 1576//1576 1562//1562 
f 1562//1562 1576//1576 1563//1563 
f 1576//1576 1577//1577 1563//1563 
f 1563//1563 1577//1577 1564//1564 
f 1577//1577 1578//1578 1564//1564 
f 1564//1564 1578//1578 1565//1565 
f 1578//1578 1579//1579 1565//1565 
f 1565//1565 1579//1579 1566//1566 
f 1579//1579 1580//1580 1566//1566 
f 1566//1566 1580//1580 1580//1580 
f 1580//1580 1567//1567 1580//1580 
f 1580//1580 1567//1567 1567//1567 
f 1567//1567 1581//1581 1567//1567 
f 1567//1567 1581//1581 1568//1568 
f 1581//1581 1582//1582 1568//1568 
f 1568//1568 1582//1582 1569//1569 
f 1582//1582 1583//1583 1569//1569 
f 1569//1569 1583//1583 1570//1570 
f 1583//1583 1584//1584 1570//1570 
f 1570//1570 1584//1584 1571//1571 
f 1584//1584 1585//1585 1571//1571 
f 1571//1571 1585//1585 1572//1572 
f 1585//1585 1586//1586 1572//1572 
f 1572//1572 1586//1586 1573//1573 
f 1586//1586 1587//1587 1573//1573 
f 1573//1573 1587//1587 1574//1574 
f 1587//1587 1588//1588 1574//1574 
f 1574//1574 1588//1588 1575//1575 
f 1588//1588 1589//1589 1575//1575 
f 1575//1575 1589//1589 1576//1576 
f 1589//1589 1590//1590 1576//1576 
f 1576//1576 1590//1590 1577//1577 
f 1590//1590 1591//1591 1577//1577 
f 1577//1577 1591//1591 1578//1578 
f 1591//1591 1592//1592 1578//1578 
f 1578//1578 1592//1592 1579//1579 
f 1592//1592 1593//1593 1579//1579 
f 1579//1579 1593//1593 1580//1580 
f 1593//1593 1594//1594 1580//1580 
f 1580//1580 1594//1594 1595//1595 
f 1594//1594 1596//1596 1595//1595 
f 1595//1595 1596//1596 1597//1597 
f 1596//1596 1598//1598 1597//1597 
f 1597//1597 1598//1598 1599//1599 
f 1598//1598 1600//1600 1599//1599 
f 1599//1599 1600//1600 1601//1601 
f 1600//1600 1602//1602 1601//1601 
f 1601//1601 1602//1602 1603//1603 
f 1602//1602 1604//1604 1603//1603 
f 1603//1603 1604//1604 1605//1605 
f 1604//1604 1606//1606 1605//1605 
f 1605//1605 1606//1606 1607//1607 
f 1606//1606 1608//1608 1607//1607 
f 1607//1607 1608//1608 1609//1609 
f 1608//1608 1610//1610 1609//1609 
f 1609//1609 1610//1610 1611//1611 
f 1610//1610 1612//1612 1611//1611 
f 1611//1611 1612//1612 1613//1613 
f 1612//1612 1614//1614 1613//1613 
f 1613//1613 1614//1614 1615//1615 
f 1614//1614 1616//1616 1615//1615 
f 1615//1615 1616//1616 1617//1617 
f 1616//1616 1617//1617 1617//1617 
f 1617//1617 1617//1617 1585//1585 
f 1617//1617 1585//1585 1585//1585 
f 1585//1585 1585//1585 1585//1585 
f 1585//1585 1618//1618 1585//1585 
f 1585//1585 1618//1618 1586//1586 
f 1618//1618 1619//1619 1586//1586 
f 1586//1586 1619//1619 1587//1587 
f 1619//1619 1620//1620 1587//1587 
f 1587//1587 1620//1620 1588//1588 
f 1620//1620 1621//1621 1588//1588 
f 1588//1588 1621//1621 1589//1589 
f 1621//1621 1622//1622 1589//1589 
f 1589//1589 1622//1622 1590//1590 
f 1622//1622 1623//1623 1590//1590 
f 1590//1590 1623//1623 1591//1591 
f 1623//1623 1624//1624 1591//1591 
f 1591//1591 1624//1624 1592//1592 
f 1624//1624 1625//1625 1592//1592 
f 1592//1592 1625//1625 1593//1593 
f 1625//1625 1626//1626 1593//1593 
f 1593//1593 1626//1626 1594//1594 
f 1626//1626 1627//1627 1594//1594 
f 1594//1594 1627//1627 1596//1596 
f 1627//1627 1598//1598 1596//1596 
f 1596//1596 1598//1598 1598//1598 
f 1598//1598 1618//1618 1598//1598 
f 1598//1598 1618//1618 1618//1618 
f 1618//1618 1628//1628 1618//1618 
f 1618//1618 1628//1628 1619//1619 
f 1628//1628 1629//1629 1619//1619 
f 1619//1619 1629//1629 1620//1620 
f 1629//1629 1630//1630 1620//1620 
f 1620//1620 1630//1630 1621//1621 
f 1630//1630 1631//1631 1621//1621 
f 1621//1621 1631//1631 1622//1622 
f 1631//1631 1632//1632 1622//1622 
f 1622//1622 1632//1632 1623//1623 
f 1632//1632 1633//1633 1623//1623 
f 1623//1623 1633//1633 1624//1624 
f 1633//1633 1634//1634 1624//1624 
f 1624//1624 1634//1634 1625//1625 
f 1634//1634 1635//1635 1625//1625 
f 1625//1625 1635//1635 1626//1626 
f 1635//1635 1636//1636 1626//1626 
f 1626//1626 1636//1636 1627//1627 
f 1636//1636 1637//1637 1627//1627 
f 1627//1627 1637//1637 1598//1598 
f 1637//1637 1600//1600 1598//1598 
f 1598//1598 1600//1600 1600//1600 
f 1600//1600 1632//1632 1600//1600 
f 1600//1600 1632//1632 1632//1632 
f 1632//1632 1638//1638 1632//1632 
f 1632//1632 1638//1638 1633//1633 
f 1638//1638 1639//1639 1633//1633 
f 1633//1633 1639//1639 1634//1634 
f 1639//1639 1640//1640 1634//1634 
f 1634//1634 1640//1640 1635//1635 
f 1640//1640 1641//1641 1635//1635 
f 1635//1635 1641//1641 1636//1636 
f 1641//1641 1642//1642 1636//1636 
f 1636//1636 1642//1642 1637//1637 
f 1642//1642 1643//1643 1637//1637 
f 1637//1637 1643//1643 1600//1600 
f 1643//1643 1644//1644 1600//1600 
f 1600//1600 1644//1644 1602//1602 
f 1644//1644 1645//1645 1602//1602 
f 1602//1602 1645//1645 1604//1604 
f 1645//1645 1646//1646 1604//1604 
f 1604//1604 1646//1646 1606//1606 
f 1646//1646 1647//1647 1606//1606 
f 1606//1606 1647//1647 1608//1608 
f 1647//1647 1648//1648 1608//1608 
f 1608//1608 1648//1648 1610//1610 
f 1648//1648 1649//1649 1610//1610 
f 1610//1610 1649//1649 1612//1612 
f 1649//1649 1650//1650 1612//1612 
f 1612//1612 1650//1650 1614//1614 
f 1650//1650 1651//1651 1614//1614 
f 1614//1614 1651//1651 1616//1616 
f 1651//1651 1616//1616 1616//1616 
f 1616//1616 1616//1616 1638//1638 
f 1616//1616 1638//1638 1638//1638 
f 1638//1638 1638//1638 1638//1638 
f 1638//1638 1652//1652 1638//1638 
f 1638//1638 1652//1652 1639//1639 
f 1652//1652 1653//1653 1639//1639 
f 1639//1639 1653//1653 1640//1640 
f 1653//1653 1654//1654 1640//1640 
f 1640//1640 1654//1654 1641//1641 
f 1654//1654 1655//1655 1641//1641 
f 1641//1641 1655//1655 1642//1642 
f 1655//1655 1656//1656 1642//1642 
f 1642//1642 1656//1656 1643//1643 
f 1656//1656 1657//1657 1643//1643 
f 1643//1643 1657//1657 1644//1644 
f 1657//1657 1658//1658 1644//1644 
f 1644//1644 1658//1658 1645//1645 
f 1658//1658 1659//1659 1645//1645 
f 1645//1645 1659//1659 1660//1660 
f 1659//1659 1661//1661 1660//1660 
f 1660//1660 1661//1661 1662//1662 
f 1661//1661 1663//1663 1662//1662 
f 1662//1662 1663//1663 1664//1664 
f 1663//1663 1665//1665 1664//1664 
f 1664//1664 1665//1665 1666//1666 
f 1665//1665 1667//1667 1666//1666 
f 1666//1666 1667//1667 1668//1668 
f 1667//1667 1669//1669 1668//1668 
f 1668//1668 1669//1669 1670//1670 
f 1669//1669 1670//1670 1670//1670 
f 1670//1670 1670//1670 1645//1645 
f 1670//1670 1645//1645 1645//1645 
f 1645//1645 1645//1645 1645//1645 
f 1645//1645 1660//1660 1645//1645 
f 1645//1645 1660//1660 1646//1646 
f 1660//1660 1662//1662 1646//1646 
f 1646//1646 1662//1662 1647//1647 
f 1662//1662 1664//1664 1647//1647 
f 1647//1647 1664//1664 1648//1648 
f 1664//1664 1666//1666 1648//1648 
f 1648//1648 1666//1666 1649//1649 
f 1666//1666 1668//1668 1649//1649 
f 1649//1649 1668//1668 1650//1650 
f 1668//1668 1670//1670 1650//1650 
f 1650//1650 1670//1670 1651//1651 
f 1670//1670 1651//1651 1651//1651 
f 1651//1651 1651//1651 1485//1485 
f 1651//1651 1485//1485 1485//1485 
f 1485//1485 1485//1485 1485//1485 
f 1485//1485 1486//1486 1485//1485 
f 1485//1485 1486//1486 1671//1671 
f 1486//1486 1672//1672 1671//1671 
f 1671//1671 1672//1672 1673//1673 
f 1672//1672 1674//1674 1673//1673 
f 1673//1673 1674//1674 1675//1675 
f 1674//1674 1676//1676 1675//1675 
f 1675//1675 1676//1676 1677//1677 
f 1676//1676 1678//1678 1677//1677 
f 1677//1677 1678//1678 1679//1679 
f 1678//1678 1543//1543 1679//1679 
f 1679//1679 1543//1543 1545//1545 
f 1543//1543 1545//1545 1545//1545 
f 1545//1545 1545//1545 1543//1543 
f 1545//1545 1543//1543 1543//1543 
f 1543//1543 1543//1543 1543//1543 
f 1543//1543 1678//1678 1543//1543 
f 1543//1543 1678//1678 1541//1541 
f 1678//1678 1680//1680 1541//1541 
f 1541//1541 1680//1680 1539//1539 
f 1680//1680 1681//1681 1539//1539 
f 1539//1539 1681//1681 1537//1537 
f 1681//1681 1682//1682 1537//1537 
f 1537//1537 1682//1682 1535//1535 
f 1682//1682 1490//1490 1535//1535 
f 1535//1535 1490//1490 1491//1491 
f 1490//1490 1491//1491 1491//1491 
f 1491//1491 1491//1491 1490//1490 
f 1491//1491 1490//1490 1490//1490 
f 1490//1490 1490//1490 1490//1490 
f 1490//1490 1682//1682 1490//1490 
f 1490//1490 1682//1682 1489//1489 
f 1682//1682 1683//1683 1489//1489 
f 1489//1489 1683//1683 1488//1488 
f 1683//1683 1684//1684 1488//1488 
f 1488//1488 1684//1684 1487//1487 
f 1684//1684 1672//1672 1487//1487 
f 1487//1487 1672//1672 1486//1486 
f 1672//1672 1486//1486 1486//1486 
f 1486//1486 1486//1486 1672//1672 
f 1486//1486 1672//1672 1672//1672 
f 1672//1672 1672//1672 1672//1672 
f 1672//1672 1684//1684 1672//1672 
f 1672//1672 1684//1684 1674//1674 
f 1684//1684 1685//1685 1674//1674 
f 1674//1674 1685//1685 1676//1676 
f 1685//1685 1680//1680 1676//1676 
f 1676//1676 1680//1680 1678//1678 
f 1680//1680 1678//1678 1678//1678 
f 1678//1678 1678//1678 1680//1680 
f 1678//1678 1680//1680 1680//1680 
f 1680//1680 1680//1680 1680//1680 
f 1680//1680 1685//1685 1680//1680 
f 1680//1680 1685//1685 1681//1681 
f 1685//1685 1683//1683 1681//1681 
f 1681//1681 1683//1683 1682//1682 
f 1683//1683 1682//1682 1682//1682 
f 1682//1682 1682//1682 1580//1580 
f 1682//1682 1580//1580 1580//1580 
f 1580//1580 1580//1580 1580//1580 
f 1580//1580 1595//1595 1580//1580 
f 1580//1580 1595//1595 1686//1686 
f 1595//1595 1456//1456 1686//1686 
f 1686//1686 1456//1456 1456//1456 
f 1456//1456 1595//1595 1456//1456 
f 1456//1456 1595//1595 1595//1595 
f 1595//1595 1687//1687 1595//1595 
f 1595//1595 1687//1687 1456//1456 
f 1687//1687 1688//1688 1456//1456 
f 1456//1456 1688//1688 1454//1454 
f 1688//1688 1689//1689 1454//1454 
f 1454//1454 1689//1689 1452//1452 
f 1689//1689 1690//1690 1452//1452 
f 1452//1452 1690//1690 1254//1254 
f 1690//1690 1256//1256 1254//1254 
f 1254//1254 1256//1256 1256//1256 
f 1256//1256 1595//1595 1256//1256 
f 1256//1256 1595//1595 1595//1595 
f 1595//1595 1597//1597 1595//1595 
f 1595//1595 1597//1597 1687//1687 
f 1597//1597 1691//1691 1687//1687 
f 1687//1687 1691//1691 1688//1688 
f 1691//1691 1692//1692 1688//1688 
f 1688//1688 1692//1692 1689//1689 
f 1692//1692 1693//1693 1689//1689 
f 1689//1689 1693//1693 1690//1690 
f 1693//1693 1694//1694 1690//1690 
f 1690//1690 1694//1694 1256//1256 
f 1694//1694 1258//1258 1256//1256 
f 1256//1256 1258//1258 1258//1258 
f 1258//1258 1597//1597 1258//1258 
f 1258//1258 1597//1597 1597//1597 
f 1597//1597 1695//1695 1597//1597 
f 1597//1597 1695//1695 1691//1691 
f 1695//1695 1696//1696 1691//1691 
f 1691//1691 1696//1696 1692//1692 
f 1696//1696 1697//1697 1692//1692 
f 1692//1692 1697//1697 1693//1693 
f 1697//1697 1698//1698 1693//1693 
f 1693//1693 1698//1698 1694//1694 
f 1698//1698 1699//1699 1694//1694 
f 1694//1694 1699//1699 1258//1258 
f 1699//1699 1260//1260 1258//1258 
f 1258//1258 1260//1260 1260//1260 
f 1260//1260 1695//1695 1260//1260 
f 1260//1260 1695//1695 1695//1695 
f 1695//1695 1700//1700 1695//1695 
f 1695//1695 1700//1700 1696//1696 
f 1700//1700 1701//1701 1696//1696 
f 1696//1696 1701//1701 1697//1697 
f 1701//1701 1702//1702 1697//1697 
f 1697//1697 1702//1702 1698//1698 
f 1702//1702 1703//1703 1698//1698 
f 1698//1698 1703//1703 1699//1699 
f 1703//1703 1704//1704 1699//1699 
f 1699//1699 1704//1704 1260//1260 
f 1704//1704 1262//1262 1260//1260 
f 1260//1260 1262//1262 1262//1262 
f 1262//1262 1700//1700 1262//1262 
f 1262//1262 1700//1700 1700//1700 
f 1700//1700 1705//1705 1700//1700 
f 1700//1700 1705//1705 1701//1701 
f 1705//1705 1706//1706 1701//1701 
f 1701//1701 1706//1706 1702//1702 
f 1706//1706 1707//1707 1702//1702 
f 1702//1702 1707//1707 1703//1703 
f 1707//1707 1708//1708 1703//1703 
f 1703//1703 1708//1708 1704//1704 
f 1708//1708 1709//1709 1704//1704 
f 1704//1704 1709//1709 1262//1262 
f 1709//1709 1710//1710 1262//1262 
f 1262//1262 1710//1710 1264//1264 
f 1710//1710 1264//1264 1264//1264 
f 1264//1264 1264//1264 1705//1705 
f 1264//1264 1705//1705 1705//1705 
f 1705//1705 1705//1705 1705//1705 
f 1705//1705 1711//1711 1705//1705 
f 1705//1705 1711//1711 1706//1706 
f 1711//1711 1712//1712 1706//1706 
f 1706//1706 1712//1712 1707//1707 
f 1712//1712 1713//1713 1707//1707 
f 1707//1707 1713//1713 1708//1708 
f 1713//1713 1714//1714 1708//1708 
f 1708//1708 1714//1714 1709//1709 
f 1714//1714 1715//1715 1709//1709 
f 1709//1709 1715//1715 1710//1710 
f 1715//1715 1710//1710 1710//1710 
f 1710//1710 1710//1710 1711//1711 
f 1710//1710 1711//1711 1711//1711 
f 1711//1711 1711//1711 1711//1711 
f 1711//1711 1716//1716 1711//1711 
f 1711//1711 1716//1716 1712//1712 
f 1716//1716 1717//1717 1712//1712 
f 1712//1712 1717//1717 1713//1713 
f 1717//1717 1718//1718 1713//1713 
f 1713//1713 1718//1718 1714//1714 
f 1718//1718 1719//1719 1714//1714 
f 1714//1714 1719//1719 1715//1715 
f 1719//1719 1715//1715 1715//1715 
f 1715//1715 1715//1715 1719//1719 
f 1715//1715 1719//1719 1719//1719 
f 1719//1719 1719//1719 1719//1719 
f 1719//1719 1718//1718 1719//1719 
f 1719//1719 1718//1718 1720//1720 
f 1718//1718 1717//1717 1720//1720 
f 1720//1720 1717//1717 1721//1721 
f 1717//1717 1716//1716 1721//1721 
f 1721//1721 1716//1716 1722//1722 
f 1716//1716 1723//1723 1722//1722 
f 1722//1722 1723//1723 1609//1609 
f 1723//1723 1607//1607 1609//1609 
f 1609//1609 1607//1607 1607//1607 
f 1607//1607 1609//1609 1607//1607 
f 1607//1607 1609//1609 1609//1609 
f 1609//1609 1611//1611 1609//1609 
f 1609//1609 1611//1611 1722//1722 
f 1611//1611 1724//1724 1722//1722 
f 1722//1722 1724//1724 1721//1721 
f 1724//1724 1725//1725 1721//1721 
f 1721//1721 1725//1725 1720//1720 
f 1725//1725 1726//1726 1720//1720 
f 1720//1720 1726//1726 1727//1727 
f 1726//1726 1727//1727 1727//1727 
f 1727//1727 1727//1727 1611//1611 
f 1727//1727 1611//1611 1611//1611 
f 1611//1611 1611//1611 1611//1611 
f 1611//1611 1613//1613 1611//1611 
f 1611//1611 1613//1613 1724//1724 
f 1613//1613 1728//1728 1724//1724 
f 1724//1724 1728//1728 1725//1725 
f 1728//1728 1729//1729 1725//1725 
f 1725//1725 1729//1729 1726//1726 
f 1729//1729 1726//1726 1726//1726 
f 1726//1726 1726//1726 1729//1729 
f 1726//1726 1729//1729 1729//1729 
f 1729//1729 1729//1729 1729//1729 
f 1729//1729 1728//1728 1729//1729 
f 1729//1729 1728//1728 1730//1730 
f 1728//1728 1615//1615 1730//1730 
f 1730//1730 1615//1615 1617//1617 
f 1615//1615 1617//1617 1617//1617 
f 1617//1617 1617//1617 1671//1671 
f 1617//1617 1671//1671 1671//1671 
f 1671//1671 1671//1671 1671//1671 
f 1671//1671 1673//1673 1671//1671 
f 1671//1671 1673//1673 1731//1731 
f 1673//1673 1732//1732 1731//1731 
f 1731//1731 1732//1732 1733//1733 
f 1732//1732 1734//1734 1733//1733 
f 1733//1733 1734//1734 1735//1735 
f 1734//1734 1736//1736 1735//1735 
f 1735//1735 1736//1736 1737//1737 
f 1736//1736 1549//1549 1737//1737 
f 1737//1737 1549//1549 1551//1551 
f 1549//1549 1551//1551 1551//1551 
f 1551//1551 1551//1551 1673//1673 
f 1551//1551 1673//1673 1673//1673 
f 1673//1673 1673//1673 1673//1673 
f 1673//1673 1675//1675 1673//1673 
f 1673//1673 1675//1675 1732//1732 
f 1675//1675 1738//1738 1732//1732 
f 1732//1732 1738//1738 1734//1734 
f 1738//1738 1739//1739 1734//1734 
f 1734//1734 1739//1739 1736//1736 
f 1739//1739 1547//1547 1736//1736 
f 1736//1736 1547//1547 1549//1549 
f 1547//1547 1549//1549 1549//1549 
f 1549//1549 1549//1549 1675//1675 
f 1549//1549 1675//1675 1675//1675 
f 1675//1675 1675//1675 1675//1675 
f 1675//1675 1677//1677 1675//1675 
f 1675//1675 1677//1677 1738//1738 
f 1677//1677 1679//1679 1738//1738 
f 1738//1738 1679//1679 1739//1739 
f 1679//1679 1545//1545 1739//1739 
f 1739//1739 1545//1545 1547//1547 
f 1545//1545 1547//1547 1547//1547 
f 1547//1547 1547//1547 1597//1597 
f 1547//1547 1597//1597 1597//1597 
f 1597//1597 1597//1597 1597//1597 
f 1597//1597 1599//1599 1597//1597 
f 1597//1597 1599//1599 1695//1695 
f 1599//1599 1740//1740 1695//1695 
f 1695//1695 1740//1740 1700//1700 
f 1740//1740 1741//1741 1700//1700 
f 1700//1700 1741//1741 1705//1705 
f 1741//1741 1742//1742 1705//1705 
f 1705//1705 1742//1742 1711//1711 
f 1742//1742 1723//1723 1711//1711 
f 1711//1711 1723//1723 1716//1716 
f 1723//1723 1716//1716 1716//1716 
f 1716//1716 1716//1716 1599//1599 
f 1716//1716 1599//1599 1599//1599 
f 1599//1599 1599//1599 1599//1599 
f 1599//1599 1601//1601 1599//1599 
f 1599//1599 1601//1601 1740//1740 
f 1601//1601 1603//1603 1740//1740 
f 1740//1740 1603//1603 1741//1741 
f 1603//1603 1605//1605 1741//1741 
f 1741//1741 1605//1605 1742//1742 
f 1605//1605 1607//1607 1742//1742 
f 1742//1742 1607//1607 1723//1723 
f 1607//1607 1723//1723 1723//1723 
f 1723//1723 1723//1723 1669//1669 
f 1723//1723 1669//1669 1669//1669 
f 1669//1669 1669//1669 1669//1669 
f 1669//1669 1667//1667 1669//1669 
f 1669//1669 1667//1667 1743//1743 
f 1667//1667 1744//1744 1743//1743 
f 1743//1743 1744//1744 1745//1745 
f 1744//1744 1746//1746 1745//1745 
f 1745//1745 1746//1746 1747//1747 
f 1746//1746 1748//1748 1747//1747 
f 1747//1747 1748//1748 1749//1749 
f 1748//1748 1750//1750 1749//1749 
f 1749//1749 1750//1750 1751//1751 
f 1750//1750 1752//1752 1751//1751 
f 1751//1751 1752//1752 1752//1752 
f 1752//1752 1750//1750 1752//1752 
f 1752//1752 1750//1750 1753//1753 
f 1750//1750 1754//1754 1753//1753 
f 1753//1753 1754//1754 1755//1755 
f 1754//1754 1756//1756 1755//1755 
f 1755//1755 1756//1756 1757//1757 
f 1756//1756 1758//1758 1757//1757 
f 1757//1757 1758//1758 1759//1759 
f 1758//1758 1659//1659 1759//1759 
f 1759//1759 1659//1659 1760//1760 
f 1659//1659 1658//1658 1760//1760 
f 1760//1760 1658//1658 1761//1761 
f 1658//1658 1657//1657 1761//1761 
f 1761//1761 1657//1657 1655//1655 
f 1657//1657 1656//1656 1655//1655 
f 1655//1655 1656//1656 1656//1656 
f 1656//1656 1655//1655 1656//1656 
f 1656//1656 1655//1655 1655//1655 
f 1655//1655 1654//1654 1655//1655 
f 1655//1655 1654//1654 1761//1761 
f 1654//1654 1762//1762 1761//1761 
f 1761//1761 1762//1762 1760//1760 
f 1762//1762 1763//1763 1760//1760 
f 1760//1760 1763//1763 1759//1759 
f 1763//1763 1764//1764 1759//1759 
f 1759//1759 1764//1764 1757//1757 
f 1764//1764 1765//1765 1757//1757 
f 1757//1757 1765//1765 1755//1755 
f 1765//1765 1766//1766 1755//1755 
f 1755//1755 1766//1766 1753//1753 
f 1766//1766 1767//1767 1753//1753 
f 1753//1753 1767//1767 1752//1752 
f 1767//1767 1752//1752 1752//1752 
f 1752//1752 1752//1752 1654//1654 
f 1752//1752 1654//1654 1654//1654 
f 1654//1654 1654//1654 1654//1654 
f 1654//1654 1653//1653 1654//1654 
f 1654//1654 1653//1653 1762//1762 
f 1653//1653 1768//1768 1762//1762 
f 1762//1762 1768//1768 1763//1763 
f 1768//1768 1764//1764 1763//1763 
f 1763//1763 1764//1764 1764//1764 
f 1764//1764 1768//1768 1764//1764 
f 1764//1764 1768//1768 1769//1769 
f 1768//1768 1652//1652 1769//1769 
f 1769//1769 1652//1652 1770//1770 
f 1652//1652 1638//1638 1770//1770 
f 1770//1770 1638//1638 1771//1771 
f 1638//1638 1632//1632 1771//1771 
f 1771//1771 1632//1632 1772//1772 
f 1632//1632 1631//1631 1772//1772 
f 1772//1772 1631//1631 1773//1773 
f 1631//1631 1630//1630 1773//1773 
f 1773//1773 1630//1630 1774//1774 
f 1630//1630 1629//1629 1774//1774 
f 1774//1774 1629//1629 1775//1775 
f 1629//1629 1628//1628 1775//1775 
f 1775//1775 1628//1628 1628//1628 
f 1628//1628 1775//1775 1628//1628 
f 1628//1628 1775//1775 1775//1775 
f 1775//1775 1776//1776 1775//1775 
f 1775//1775 1776//1776 1774//1774 
f 1776//1776 1777//1777 1774//1774 
f 1774//1774 1777//1777 1773//1773 
f 1777//1777 1778//1778 1773//1773 
f 1773//1773 1778//1778 1772//1772 
f 1778//1778 1779//1779 1772//1772 
f 1772//1772 1779//1779 1771//1771 
f 1779//1779 1780//1780 1771//1771 
f 1771//1771 1780//1780 1770//1770 
f 1780//1780 1781//1781 1770//1770 
f 1770//1770 1781//1781 1769//1769 
f 1781//1781 1765//1765 1769//1769 
f 1769//1769 1765//1765 1764//1764 
f 1765//1765 1764//1764 1764//1764 
f 1764//1764 1764//1764 1776//1776 
f 1764//1764 1776//1776 1776//1776 
f 1776//1776 1776//1776 1776//1776 
f 1776//1776 1782//1782 1776//1776 
f 1776//1776 1782//1782 1777//1777 
f 1782//1782 1783//1783 1777//1777 
f 1777//1777 1783//1783 1778//1778 
f 1783//1783 1784//1784 1778//1778 
f 1778//1778 1784//1784 1779//1779 
f 1784//1784 1785//1785 1779//1779 
f 1779//1779 1785//1785 1780//1780 
f 1785//1785 1786//1786 1780//1780 
f 1780//1780 1786//1786 1781//1781 
f 1786//1786 1766//1766 1781//1781 
f 1781//1781 1766//1766 1765//1765 
f 1766//1766 1765//1765 1765//1765 
f 1765//1765 1765//1765 1782//1782 
f 1765//1765 1782//1782 1782//1782 
f 1782//1782 1782//1782 1782//1782 
f 1782//1782 1787//1787 1782//1782 
f 1782//1782 1787//1787 1783//1783 
f 1787//1787 1788//1788 1783//1783 
f 1783//1783 1788//1788 1784//1784 
f 1788//1788 1789//1789 1784//1784 
f 1784//1784 1789//1789 1785//1785 
f 1789//1789 1790//1790 1785//1785 
f 1785//1785 1790//1790 1786//1786 
f 1790//1790 1767//1767 1786//1786 
f 1786//1786 1767//1767 1766//1766 
f 1767//1767 1766//1766 1766//1766 
f 1766//1766 1766//1766 1659//1659 
f 1766//1766 1659//1659 1659//1659 
f 1659//1659 1659//1659 1659//1659 
f 1659//1659 1758//1758 1659//1659 
f 1659//1659 1758//1758 1661//1661 
f 1758//1758 1756//1756 1661//1661 
f 1661//1661 1756//1756 1791//1791 
f 1756//1756 1792//1792 1791//1791 
f 1791//1791 1792//1792 1793//1793 
f 1792//1792 1746//1746 1793//1793 
f 1793//1793 1746//1746 1744//1744 
f 1746//1746 1744//1744 1744//1744 
f 1744//1744 1744//1744 1661//1661 
f 1744//1744 1661//1661 1661//1661 
f 1661//1661 1661//1661 1661//1661 
f 1661//1661 1791//1791 1661//1661 
f 1661//1661 1791//1791 1663//1663 
f 1791//1791 1793//1793 1663//1663 
f 1663//1663 1793//1793 1665//1665 
f 1793//1793 1744//1744 1665//1665 
f 1665//1665 1744//1744 1667//1667 
f 1744//1744 1667//1667 1667//1667 
f 1667//1667 1667//1667 1746//1746 
f 1667//1667 1746//1746 1746//1746 
f 1746//1746 1746//1746 1746//1746 
f 1746//1746 1792//1792 1746//1746 
f 1746//1746 1792//1792 1748//1748 
f 1792//1792 1750//1750 1748//1748 
f 1748//1748 1750//1750 1750//1750 
f 1750//1750 1792//1792 1750//1750 
f 1750//1750 1792//1792 1754//1754 
f 1792//1792 1756//1756 1754//1754 
f 1754//1754 1756//1756 1756//1756 
f 1756//1756 19//19 1756//1756 
f 1756//1756 19//19 19//19 
f 19//19 21//21 19//19 
f 19//19 21//21 828//828 
f 21//21 23//23 828//828 
f 828//828 23//23 834//834 
f 23//23 25//25 834//834 
f 834//834 25//25 27//27 
f 25//25 27//27 27//27 
f 27//27 27//27 1276//1276 
f 27//27 1276//1276 1276//1276 
f 1276//1276 1276//1276 1276//1276 
f 1276//1276 1302//1302 1276//1276 
f 1276//1276 1302//1302 1275//1275 
f 1302//1302 1794//1794 1275//1275 
f 1275//1275 1794//1794 1274//1274 
f 1794//1794 1795//1795 1274//1274 
f 1274//1274 1795//1795 1273//1273 
f 1795//1795 1271//1271 1273//1273 
f 1273//1273 1271//1271 1271//1271 
f 1271//1271 1302//1302 1271//1271 
f 1271//1271 1302//1302 1302//1302 
f 1302//1302 1304//1304 1302//1302 
f 1302//1302 1304//1304 1794//1794 
f 1304//1304 1796//1796 1794//1794 
f 1794//1794 1796//1796 1795//1795 
f 1796//1796 1797//1797 1795//1795 
f 1795//1795 1797//1797 1271//1271 
f 1797//1797 1798//1798 1271//1271 
f 1271//1271 1798//1798 1269//1269 
f 1798//1798 1799//1799 1269//1269 
f 1269//1269 1799//1799 1800//1800 
f 1799//1799 1801//1801 1800//1800 
f 1800//1800 1801//1801 1267//1267 
f 1801//1801 1266//1266 1267//1267 
f 1267//1267 1266//1266 1266//1266 
f 1266//1266 1304//1304 1266//1266 
f 1266//1266 1304//1304 1304//1304 
f 1304//1304 1306//1306 1304//1304 
f 1304//1304 1306//1306 1796//1796 
f 1306//1306 1802//1802 1796//1796 
f 1796//1796 1802//1802 1797//1797 
f 1802//1802 1803//1803 1797//1797 
f 1797//1797 1803//1803 1798//1798 
f 1803//1803 1799//1799 1798//1798 
f 1798//1798 1799//1799 1799//1799 
f 1799//1799 1306//1306 1799//1799 
f 1799//1799 1306//1306 1306//1306 
f 1306//1306 1308//1308 1306//1306 
f 1306//1306 1308//1308 1802//1802 
f 1308//1308 1804//1804 1802//1802 
f 1802//1802 1804//1804 1803//1803 
f 1804//1804 1805//1805 1803//1803 
f 1803//1803 1805//1805 1799//1799 
f 1805//1805 1806//1806 1799//1799 
f 1799//1799 1806//1806 1801//1801 
f 1806//1806 1807//1807 1801//1801 
f 1801//1801 1807//1807 1808//1808 
f 1807//1807 1809//1809 1808//1808 
f 1808//1808 1809//1809 1265//1265 
f 1809//1809 1207//1207 1265//1265 
f 1265//1265 1207//1207 1207//1207 
f 1207//1207 1308//1308 1207//1207 
f 1207//1207 1308//1308 1308//1308 
f 1308//1308 1310//1310 1308//1308 
f 1308//1308 1310//1310 1804//1804 
f 1310//1310 1810//1810 1804//1804 
f 1804//1804 1810//1810 1805//1805 
f 1810//1810 1811//1811 1805//1805 
f 1805//1805 1811//1811 1806//1806 
f 1811//1811 1807//1807 1806//1806 
f 1806//1806 1807//1807 1807//1807 
f 1807//1807 1310//1310 1807//1807 
f 1807//1807 1310//1310 1310//1310 
f 1310//1310 1312//1312 1310//1310 
f 1310//1310 1312//1312 1810//1810 
f 1312//1312 1812//1812 1810//1810 
f 1810//1810 1812//1812 1811//1811 
f 1812//1812 1813//1813 1811//1811 
f 1811//1811 1813//1813 1807//1807 
f 1813//1813 1814//1814 1807//1807 
f 1807//1807 1814//1814 1809//1809 
f 1814//1814 1203//1203 1809//1809 
f 1809//1809 1203//1203 1205//1205 
f 1203//1203 1205//1205 1205//1205 
f 1205//1205 1205//1205 1312//1312 
f 1205//1205 1312//1312 1312//1312 
f 1312//1312 1312//1312 1312//1312 
f 1312//1312 1314//1314 1312//1312 
f 1312//1312 1314//1314 1812//1812 
f 1314//1314 1815//1815 1812//1812 
f 1812//1812 1815//1815 1813//1813 
f 1815//1815 1816//1816 1813//1813 
f 1813//1813 1816//1816 1814//1814 
f 1816//1816 1203//1203 1814//1814 
f 1814//1814 1203//1203 1203//1203 
f 1203//1203 1314//1314 1203//1203 
f 1203//1203 1314//1314 1314//1314 
f 1314//1314 1316//1316 1314//1314 
f 1314//1314 1316//1316 1815//1815 
f 1316//1316 1817//1817 1815//1815 
f 1815//1815 1817//1817 1816//1816 
f 1817//1817 1201//1201 1816//1816 
f 1816//1816 1201//1201 1203//1203 
f 1201//1201 1203//1203 1203//1203 
f 1203//1203 1203//1203 1316//1316 
f 1203//1203 1316//1316 1316//1316 
f 1316//1316 1316//1316 1316//1316 
f 1316//1316 1318//1318 1316//1316 
f 1316//1316 1318//1318 1817//1817 
f 1318//1318 1199//1199 1817//1817 
f 1817//1817 1199//1199 1201//1201 
f 1199//1199 1201//1201 1201//1201 
f 1201//1201 1201//1201 1801//1801 
f 1201//1201 1801//1801 1801//1801 
f 1801//1801 1801//1801 1801//1801 
f 1801//1801 1808//1808 1801//1801 
f 1801//1801 1808//1808 1266//1266 
f 1808//1808 1265//1265 1266//1266 
f 1266//1266 1265//1265 1265//1265 
f 1265//1265 1818//1818 1265//1265 
f 1265//1265 1818//1818 1818//1818 
f 1818//1818 1819//1819 1818//1818 
f 1818//1818 1819//1819 1820//1820 
f 1819//1819 1821//1821 1820//1820 
f 1820//1820 1821//1821 1822//1822 
f 1821//1821 1823//1823 1822//1822 
f 1822//1822 1823//1823 1824//1824 
f 1823//1823 1825//1825 1824//1824 
f 1824//1824 1825//1825 1826//1826 
f 1825//1825 1827//1827 1826//1826 
f 1826//1826 1827//1827 1828//1828 
f 1827//1827 1829//1829 1828//1828 
f 1828//1828 1829//1829 1830//1830 
f 1829//1829 1831//1831 1830//1830 
f 1830//1830 1831//1831 1831//1831 
f 1831//1831 1819//1819 1831//1831 
f 1831//1831 1819//1819 1819//1819 
f 1819//1819 1832//1832 1819//1819 
f 1819//1819 1832//1832 1821//1821 
f 1832//1832 1833//1833 1821//1821 
f 1821//1821 1833//1833 1823//1823 
f 1833//1833 1834//1834 1823//1823 
f 1823//1823 1834//1834 1825//1825 
f 1834//1834 1835//1835 1825//1825 
f 1825//1825 1835//1835 1827//1827 
f 1835//1835 1836//1836 1827//1827 
f 1827//1827 1836//1836 1829//1829 
f 1836//1836 1837//1837 1829//1829 
f 1829//1829 1837//1837 1831//1831 
f 1837//1837 1838//1838 1831//1831 
f 1831//1831 1838//1838 1838//1838 
f 1838//1838 1832//1832 1838//1838 
f 1838//1838 1832//1832 1832//1832 
f 1832//1832 1839//1839 1832//1832 
f 1832//1832 1839//1839 1833//1833 
f 1839//1839 1840//1840 1833//1833 
f 1833//1833 1840//1840 1834//1834 
f 1840//1840 1841//1841 1834//1834 
f 1834//1834 1841//1841 1835//1835 
f 1841//1841 1842//1842 1835//1835 
f 1835//1835 1842//1842 1836//1836 
f 1842//1842 1843//1843 1836//1836 
f 1836//1836 1843//1843 1837//1837 
f 1843//1843 1844//1844 1837//1837 
f 1837//1837 1844//1844 1838//1838 
f 1844//1844 1845//1845 1838//1838 
f 1838//1838 1845//1845 1845//1845 
f 1845//1845 1840//1840 1845//1845 
f 1845//1845 1840//1840 1840//1840 
f 1840//1840 1846//1846 1840//1840 
f 1840//1840 1846//1846 1841//1841 
f 1846//1846 1847//1847 1841//1841 
f 1841//1841 1847//1847 1842//1842 
f 1847//1847 1848//1848 1842//1842 
f 1842//1842 1848//1848 1843//1843 
f 1848//1848 1849//1849 1843//1843 
f 1843//1843 1849//1849 1844//1844 
f 1849//1849 1850//1850 1844//1844 
f 1844//1844 1850//1850 1851//1851 
f 1850//1850 1852//1852 1851//1851 
f 1851//1851 1852//1852 1853//1853 
f 1852//1852 1854//1854 1853//1853 
f 1853//1853 1854//1854 1854//1854 
f 1854//1854 1852//1852 1854//1854 
f 1854//1854 1852//1852 1852//1852 
f 1852//1852 1850//1850 1852//1852 
f 1852//1852 1850//1850 1855//1855 
f 1850//1850 1849//1849 1855//1855 
f 1855//1855 1849//1849 1856//1856 
f 1849//1849 1848//1848 1856//1856 
f 1856//1856 1848//1848 1857//1857 
f 1848//1848 1847//1847 1857//1857 
f 1857//1857 1847//1847 1858//1858 
f 1847//1847 1846//1846 1858//1858 
f 1858//1858 1846//1846 1859//1859 
f 1846//1846 1860//1860 1859//1859 
f 1859//1859 1860//1860 1860//1860 
f 1860//1860 1858//1858 1860//1860 
f 1860//1860 1858//1858 1858//1858 
f 1858//1858 1861//1861 1858//1858 
f 1858//1858 1861//1861 1857//1857 
f 1861//1861 1862//1862 1857//1857 
f 1857//1857 1862//1862 1856//1856 
f 1862//1862 1863//1863 1856//1856 
f 1856//1856 1863//1863 1855//1855 
f 1863//1863 1864//1864 1855//1855 
f 1855//1855 1864//1864 1852//1852 
f 1864//1864 1865//1865 1852//1852 
f 1852//1852 1865//1865 1854//1854 
f 1865//1865 1866//1866 1854//1854 
f 1854//1854 1866//1866 1867//1867 
f 1866//1866 1868//1868 1867//1867 
f 1867//1867 1868//1868 1868//1868 
f 1868//1868 1866//1866 1868//1868 
f 1868//1868 1866//1866 1866//1866 
f 1866//1866 1865//1865 1866//1866 
f 1866//1866 1865//1865 1869//1869 
f 1865//1865 1864//1864 1869//1869 
f 1869//1869 1864//1864 1870//1870 
f 1864//1864 1863//1863 1870//1870 
f 1870//1870 1863//1863 1871//1871 
f 1863//1863 1862//1862 1871//1871 
f 1871//1871 1862//1862 1872//1872 
f 1862//1862 1861//1861 1872//1872 
f 1872//1872 1861//1861 1873//1873 
f 1861//1861 1874//1874 1873//1873 
f 1873//1873 1874//1874 1874//1874 
f 1874//1874 1872//1872 1874//1874 
f 1874//1874 1872//1872 1872//1872 
f 1872//1872 1875//1875 1872//1872 
f 1872//1872 1875//1875 1871//1871 
f 1875//1875 1876//1876 1871//1871 
f 1871//1871 1876//1876 1870//1870 
f 1876//1876 1877//1877 1870//1870 
f 1870//1870 1877//1877 1869//1869 
f 1877//1877 1878//1878 1869//1869 
f 1869//1869 1878//1878 1866//1866 
f 1878//1878 1879//1879 1866//1866 
f 1866//1866 1879//1879 1868//1868 
f 1879//1879 1880//1880 1868//1868 
f 1868//1868 1880//1880 1881//1881 
f 1880//1880 1882//1882 1881//1881 
f 1881//1881 1882//1882 1882//1882 
f 1882//1882 1880//1880 1882//1882 
f 1882//1882 1880//1880 1880//1880 
f 1880//1880 1879//1879 1880//1880 
f 1880//1880 1879//1879 1883//1883 
f 1879//1879 1878//1878 1883//1883 
f 1883//1883 1878//1878 1884//1884 
f 1878//1878 1877//1877 1884//1884 
f 1884//1884 1877//1877 1885//1885 
f 1877//1877 1876//1876 1885//1885 
f 1885//1885 1876//1876 1886//1886 
f 1876//1876 1875//1875 1886//1886 
f 1886//1886 1875//1875 1887//1887 
f 1875//1875 1888//1888 1887//1887 
f 1887//1887 1888//1888 1888//1888 
f 1888//1888 1886//1886 1888//1888 
f 1888//1888 1886//1886 1886//1886 
f 1886//1886 1889//1889 1886//1886 
f 1886//1886 1889//1889 1885//1885 
f 1889//1889 1890//1890 1885//1885 
f 1885//1885 1890//1890 1884//1884 
f 1890//1890 1891//1891 1884//1884 
f 1884//1884 1891//1891 1883//1883 
f 1891//1891 1892//1892 1883//1883 
f 1883//1883 1892//1892 1880//1880 
f 1892//1892 1893//1893 1880//1880 
f 1880//1880 1893//1893 1882//1882 
f 1893//1893 1894//1894 1882//1882 
f 1882//1882 1894//1894 1895//1895 
f 1894//1894 1896//1896 1895//1895 
f 1895//1895 1896//1896 1896//1896 
f 1896//1896 1894//1894 1896//1896 
f 1896//1896 1894//1894 1894//1894 
f 1894//1894 1893//1893 1894//1894 
f 1894//1894 1893//1893 1897//1897 
f 1893//1893 1892//1892 1897//1897 
f 1897//1897 1892//1892 1898//1898 
f 1892//1892 1891//1891 1898//1898 
f 1898//1898 1891//1891 1899//1899 
f 1891//1891 1890//1890 1899//1899 
f 1899//1899 1890//1890 1900//1900 
f 1890//1890 1889//1889 1900//1900 
f 1900//1900 1889//1889 1901//1901 
f 1889//1889 1902//1902 1901//1901 
f 1901//1901 1902//1902 1902//1902 
f 1902//1902 1900//1900 1902//1902 
f 1902//1902 1900//1900 1900//1900 
f 1900//1900 1903//1903 1900//1900 
f 1900//1900 1903//1903 1899//1899 
f 1903//1903 1904//1904 1899//1899 
f 1899//1899 1904//1904 1898//1898 
f 1904//1904 1905//1905 1898//1898 
f 1898//1898 1905//1905 1897//1897 
f 1905//1905 1906//1906 1897//1897 
f 1897//1897 1906//1906 1894//1894 
f 1906//1906 1907//1907 1894//1894 
f 1894//1894 1907//1907 1896//1896 
f 1907//1907 1908//1908 1896//1896 
f 1896//1896 1908//1908 1909//1909 
f 1908//1908 1910//1910 1909//1909 
f 1909//1909 1910//1910 1910//1910 
f 1910//1910 1908//1908 1910//1910 
f 1910//1910 1908//1908 1908//1908 
f 1908//1908 1907//1907 1908//1908 
f 1908//1908 1907//1907 1911//1911 
f 1907//1907 1906//1906 1911//1911 
f 1911//1911 1906//1906 1912//1912 
f 1906//1906 1905//1905 1912//1912 
f 1912//1912 1905//1905 1913//1913 
f 1905//1905 1904//1904 1913//1913 
f 1913//1913 1904//1904 1914//1914 
f 1904//1904 1903//1903 1914//1914 
f 1914//1914 1903//1903 1915//1915 
f 1903//1903 1916//1916 1915//1915 
f 1915//1915 1916//1916 1916//1916 
f 1916//1916 1914//1914 1916//1916 
f 1916//1916 1914//1914 1914//1914 
f 1914//1914 1917//1917 1914//1914 
f 1914//1914 1917//1917 1913//1913 
f 1917//1917 1918//1918 1913//1913 
f 1913//1913 1918//1918 1912//1912 
f 1918//1918 1919//1919 1912//1912 
f 1912//1912 1919//1919 1911//1911 
f 1919//1919 1920//1920 1911//1911 
f 1911//1911 1920//1920 1908//1908 
f 1920//1920 1921//1921 1908//1908 
f 1908//1908 1921//1921 1910//1910 
f 1921//1921 1922//1922 1910//1910 
f 1910//1910 1922//1922 1923//1923 
f 1922//1922 1924//1924 1923//1923 
f 1923//1923 1924//1924 1924//1924 
f 1924//1924 1922//1922 1924//1924 
f 1924//1924 1922//1922 1922//1922 
f 1922//1922 1921//1921 1922//1922 
f 1922//1922 1921//1921 1925//1925 
f 1921//1921 1920//1920 1925//1925 
f 1925//1925 1920//1920 1926//1926 
f 1920//1920 1919//1919 1926//1926 
f 1926//1926 1919//1919 1927//1927 
f 1919//1919 1918//1918 1927//1927 
f 1927//1927 1918//1918 1928//1928 
f 1918//1918 1917//1917 1928//1928 
f 1928//1928 1917//1917 1929//1929 
f 1917//1917 1930//1930 1929//1929 
f 1929//1929 1930//1930 1930//1930 
f 1930//1930 1928//1928 1930//1930 
f 1930//1930 1928//1928 1928//1928 
f 1928//1928 1931//1931 1928//1928 
f 1928//1928 1931//1931 1927//1927 
f 1931//1931 1932//1932 1927//1927 
f 1927//1927 1932//1932 1926//1926 
f 1932//1932 1933//1933 1926//1926 
f 1926//1926 1933//1933 1925//1925 
f 1933//1933 1934//1934 1925//1925 
f 1925//1925 1934//1934 1922//1922 
f 1934//1934 1935//1935 1922//1922 
f 1922//1922 1935//1935 1924//1924 
f 1935//1935 1936//1936 1924//1924 
f 1924//1924 1936//1936 1937//1937 
f 1936//1936 1938//1938 1937//1937 
f 1937//1937 1938//1938 1938//1938 
f 1938//1938 1936//1936 1938//1938 
f 1938//1938 1936//1936 1936//1936 
f 1936//1936 1935//1935 1936//1936 
f 1936//1936 1935//1935 1939//1939 
f 1935//1935 1934//1934 1939//1939 
f 1939//1939 1934//1934 1940//1940 
f 1934//1934 1933//1933 1940//1940 
f 1940//1940 1933//1933 1941//1941 
f 1933//1933 1932//1932 1941//1941 
f 1941//1941 1932//1932 1942//1942 
f 1932//1932 1931//1931 1942//1942 
f 1942//1942 1931//1931 1943//1943 
f 1931//1931 1944//1944 1943//1943 
f 1943//1943 1944//1944 1944//1944 
f 1944//1944 1942//1942 1944//1944 
f 1944//1944 1942//1942 1942//1942 
f 1942//1942 1945//1945 1942//1942 
f 1942//1942 1945//1945 1941//1941 
f 1945//1945 1946//1946 1941//1941 
f 1941//1941 1946//1946 1940//1940 
f 1946//1946 1947//1947 1940//1940 
f 1940//1940 1947//1947 1939//1939 
f 1947//1947 1948//1948 1939//1939 
f 1939//1939 1948//1948 1936//1936 
f 1948//1948 1949//1949 1936//1936 
f 1936//1936 1949//1949 1938//1938 
f 1949//1949 1950//1950 1938//1938 
f 1938//1938 1950//1950 1951//1951 
f 1950//1950 1952//1952 1951//1951 
f 1951//1951 1952//1952 1952//1952 
f 1952//1952 1950//1950 1952//1952 
f 1952//1952 1950//1950 1950//1950 
f 1950//1950 1949//1949 1950//1950 
f 1950//1950 1949//1949 1953//1953 
f 1949//1949 1948//1948 1953//1953 
f 1953//1953 1948//1948 1954//1954 
f 1948//1948 1947//1947 1954//1954 
f 1954//1954 1947//1947 1955//1955 
f 1947//1947 1946//1946 1955//1955 
f 1955//1955 1946//1946 1956//1956 
f 1946//1946 1945//1945 1956//1956 
f 1956//1956 1945//1945 1957//1957 
f 1945//1945 1958//1958 1957//1957 
f 1957//1957 1958//1958 1958//1958 
f 1958//1958 1956//1956 1958//1958 
f 1958//1958 1956//1956 1956//1956 
f 1956//1956 1959//1959 1956//1956 
f 1956//1956 1959//1959 1955//1955 
f 1959//1959 1960//1960 1955//1955 
f 1955//1955 1960//1960 1954//1954 
f 1960//1960 1961//1961 1954//1954 
f 1954//1954 1961//1961 1953//1953 
f 1961//1961 1962//1962 1953//1953 
f 1953//1953 1962//1962 1950//1950 
f 1962//1962 1963//1963 1950//1950 
f 1950//1950 1963//1963 1952//1952 
f 1963//1963 1964//1964 1952//1952 
f 1952//1952 1964//1964 1965//1965 
f 1964//1964 1966//1966 1965//1965 
f 1965//1965 1966//1966 1966//1966 
f 1966//1966 1964//1964 1966//1966 
f 1966//1966 1964//1964 1964//1964 
f 1964//1964 1963//1963 1964//1964 
f 1964//1964 1963//1963 1967//1967 
f 1963//1963 1962//1962 1967//1967 
f 1967//1967 1962//1962 1968//1968 
f 1962//1962 1961//1961 1968//1968 
f 1968//1968 1961//1961 1969//1969 
f 1961//1961 1960//1960 1969//1969 
f 1969//1969 1960//1960 1970//1970 
f 1960//1960 1959//1959 1970//1970 
f 1970//1970 1959//1959 1971//1971 
f 1959//1959 1972//1972 1971//1971 
f 1971//1971 1972//1972 1972//1972 
f 1972//1972 1970//1970 1972//1972 
f 1972//1972 1970//1970 1970//1970 
f 1970//1970 1973//1973 1970//1970 
f 1970//1970 1973//1973 1969//1969 
f 1973//1973 1974//1974 1969//1969 
f 1969//1969 1974//1974 1968//1968 
f 1974//1974 1975//1975 1968//1968 
f 1968//1968 1975//1975 1967//1967 
f 1975//1975 1976//1976 1967//1967 
f 1967//1967 1976//1976 1964//1964 
f 1976//1976 1977//1977 1964//1964 
f 1964//1964 1977//1977 1966//1966 
f 1977//1977 1978//1978 1966//1966 
f 1966//1966 1978//1978 1979//1979 
f 1978//1978 1830//1830 1979//1979 
f 1979//1979 1830//1830 1830//1830 
f 1830//1830 1978//1978 1830//1830 
f 1830//1830 1978//1978 1978//1978 
f 1978//1978 1977//1977 1978//1978 
f 1978//1978 1977//1977 1980//1980 
f 1977//1977 1976//1976 1980//1980 
f 1980//1980 1976//1976 1981//1981 
f 1976//1976 1975//1975 1981//1981 
f 1981//1981 1975//1975 1982//1982 
f 1975//1975 1974//1974 1982//1982 
f 1982//1982 1974//1974 1983//1983 
f 1974//1974 1973//1973 1983//1983 
f 1983//1983 1973//1973 1984//1984 
f 1973//1973 1985//1985 1984//1984 
f 1984//1984 1985//1985 1985//1985 
f 1985//1985 1983//1983 1985//1985 
f 1985//1985 1983//1983 1983//1983 
f 1983//1983 1820//1820 1983//1983 
f 1983//1983 1820//1820 1982//1982 
f 1820//1820 1822//1822 1982//1982 
f 1982//1982 1822//1822 1981//1981 
f 1822//1822 1824//1824 1981//1981 
f 1981//1981 1824//1824 1980//1980 
f 1824//1824 1826//1826 1980//1980 
f 1980//1980 1826//1826 1978//1978 
f 1826//1826 1828//1828 1978//1978 
f 1978//1978 1828//1828 1830//1830 
f 1828//1828 1830//1830 1830//1830 
f 1830//1830 1830//1830 1983//1983 
f 1830//1830 1983//1983 1983//1983 
f 1983//1983 1983//1983 1983//1983 
f 1983//1983 1984//1984 1983//1983 
f 1983//1983 1984//1984 1820//1820 
f 1984//1984 1818//1818 1820//1820 
f 1820//1820 1818//1818 1818//1818 
f 1818//1818 1840//1840 1818//1818 
f 1818//1818 1840//1840 1840//1840 
f 1840//1840 1839//1839 1840//1840 
f 1840//1840 1839//1839 1846//1846 
f 1839//1839 1860//1860 1846//1846 
f 1846//1846 1860//1860 1860//1860 
f 1860//1860 1858//1858 1860//1860 
f 1860//1860 1858//1858 1858//1858 
f 1858//1858 1859//1859 1858//1858 
f 1858//1858 1859//1859 1861//1861 
f 1859//1859 1874//1874 1861//1861 
f 1861//1861 1874//1874 1874//1874 
f 1874//1874 1886//1886 1874//1874 
f 1874//1874 1886//1886 1886//1886 
f 1886//1886 1887//1887 1886//1886 
f 1886//1886 1887//1887 1889//1889 
f 1887//1887 1902//1902 1889//1889 
f 1889//1889 1902//1902 1902//1902 
f 1902//1902 1872//1872 1902//1902 
f 1902//1902 1872//1872 1872//1872 
f 1872//1872 1873//1873 1872//1872 
f 1872//1872 1873//1873 1875//1875 
f 1873//1873 1888//1888 1875//1875 
f 1875//1875 1888//1888 1888//1888 
f 1888//1888 1928//1928 1888//1888 
f 1888//1888 1928//1928 1928//1928 
f 1928//1928 1929//1929 1928//1928 
f 1928//1928 1929//1929 1931//1931 
f 1929//1929 1944//1944 1931//1931 
f 1931//1931 1944//1944 1944//1944 
f 1944//1944 1914//1914 1944//1944 
f 1944//1944 1914//1914 1914//1914 
f 1914//1914 1915//1915 1914//1914 
f 1914//1914 1915//1915 1917//1917 
f 1915//1915 1930//1930 1917//1917 
f 1917//1917 1930//1930 1930//1930 
f 1930//1930 1985//1985 1930//1930 
f 1930//1930 1985//1985 1985//1985 
f 1985//1985 1973//1973 1985//1985 
f 1985//1985 1973//1973 1971//1971 
f 1973//1973 1970//1970 1971//1971 
f 1971//1971 1970//1970 1970//1970 
f 1970//1970 1972//1972 1970//1970 
f 1970//1970 1972//1972 1972//1972 
f 1972//1972 1959//1959 1972//1972 
f 1972//1972 1959//1959 1957//1957 
f 1959//1959 1956//1956 1957//1957 
f 1957//1957 1956//1956 1956//1956 
f 1956//1956 1958//1958 1956//1956 
f 1956//1956 1958//1958 1958//1958 
f 1958//1958 1945//1945 1958//1958 
f 1958//1958 1945//1945 1943//1943 
f 1945//1945 1942//1942 1943//1943 
f 1943//1943 1942//1942 1942//1942 
f 1942//1942 1900//1900 1942//1942 
f 1942//1942 1900//1900 1900//1900 
f 1900//1900 1901//1901 1900//1900 
f 1900//1900 1901//1901 1903//1903 
f 1901//1901 1916//1916 1903//1903 
f 1903//1903 1916//1916 1916//1916 
f 1916//1916 1986//1986 1916//1916 
f 1916//1916 1986//1986 1986//1986 
f 1986//1986 1987//1987 1986//1986 
f 1986//1986 1987//1987 1988//1988 
f 1987//1987 1989//1989 1988//1988 
f 1988//1988 1989//1989 1990//1990 
f 1989//1989 1991//1991 1990//1990 
f 1990//1990 1991//1991 1992//1992 
f 1991//1991 1993//1993 1992//1992 
f 1992//1992 1993//1993 1994//1994 
f 1993//1993 1995//1995 1994//1994 
f 1994//1994 1995//1995 1996//1996 
f 1995//1995 1997//1997 1996//1996 
f 1996//1996 1997//1997 1998//1998 
f 1997//1997 1999//1999 1998//1998 
f 1998//1998 1999//1999 1999//1999 
f 1999//1999 1996//1996 1999//1999 
f 1999//1999 1996//1996 1996//1996 
f 1996//1996 2000//2000 1996//1996 
f 1996//1996 2000//2000 1994//1994 
f 2000//2000 2001//2001 1994//1994 
f 1994//1994 2001//2001 1992//1992 
f 2001//2001 2002//2002 1992//1992 
f 1992//1992 2002//2002 1990//1990 
f 2002//2002 2003//2003 1990//1990 
f 1990//1990 2003//2003 1988//1988 
f 2003//2003 2004//2004 1988//1988 
f 1988//1988 2004//2004 2005//2005 
f 2004//2004 2006//2006 2005//2005 
f 2005//2005 2006//2006 2007//2007 
f 2006//2006 2008//2008 2007//2007 
f 2007//2007 2008//2008 2008//2008 
f 2008//2008 2006//2006 2008//2008 
f 2008//2008 2006//2006 2006//2006 
f 2006//2006 2004//2004 2006//2006 
f 2006//2006 2004//2004 2009//2009 
f 2004//2004 2003//2003 2009//2009 
f 2009//2009 2003//2003 2010//2010 
f 2003//2003 2002//2002 2010//2010 
f 2010//2010 2002//2002 2011//2011 
f 2002//2002 2001//2001 2011//2011 
f 2011//2011 2001//2001 2012//2012 
f 2001//2001 2000//2000 2012//2012 
f 2012//2012 2000//2000 2013//2013 
f 2000//2000 2014//2014 2013//2013 
f 2013//2013 2014//2014 2014//2014 
f 2014//2014 2012//2012 2014//2014 
f 2014//2014 2012//2012 2012//2012 
f 2012//2012 2015//2015 2012//2012 
f 2012//2012 2015//2015 2011//2011 
f 2015//2015 2016//2016 2011//2011 
f 2011//2011 2016//2016 2010//2010 
f 2016//2016 2017//2017 2010//2010 
f 2010//2010 2017//2017 2009//2009 
f 2017//2017 2018//2018 2009//2009 
f 2009//2009 2018//2018 2006//2006 
f 2018//2018 2019//2019 2006//2006 
f 2006//2006 2019//2019 2008//2008 
f 2019//2019 2020//2020 2008//2008 
f 2008//2008 2020//2020 2021//2021 
f 2020//2020 2022//2022 2021//2021 
f 2021//2021 2022//2022 2022//2022 
f 2022//2022 2020//2020 2022//2022 
f 2022//2022 2020//2020 2020//2020 
f 2020//2020 2019//2019 2020//2020 
f 2020//2020 2019//2019 2023//2023 
f 2019//2019 2018//2018 2023//2023 
f 2023//2023 2018//2018 2024//2024 
f 2018//2018 2017//2017 2024//2024 
f 2024//2024 2017//2017 2025//2025 
f 2017//2017 2016//2016 2025//2025 
f 2025//2025 2016//2016 2026//2026 
f 2016//2016 2015//2015 2026//2026 
f 2026//2026 2015//2015 2027//2027 
f 2015//2015 2028//2028 2027//2027 
f 2027//2027 2028//2028 2028//2028 
f 2028//2028 2026//2026 2028//2028 
f 2028//2028 2026//2026 2026//2026 
f 2026//2026 2029//2029 2026//2026 
f 2026//2026 2029//2029 2025//2025 
f 2029//2029 2030//2030 2025//2025 
f 2025//2025 2030//2030 2024//2024 
f 2030//2030 2031//2031 2024//2024 
f 2024//2024 2031//2031 2023//2023 
f 2031//2031 2032//2032 2023//2023 
f 2023//2023 2032//2032 2020//2020 
f 2032//2032 2033//2033 2020//2020 
f 2020//2020 2033//2033 2022//2022 
f 2033//2033 2034//2034 2022//2022 
f 2022//2022 2034//2034 2035//2035 
f 2034//2034 2036//2036 2035//2035 
f 2035//2035 2036//2036 2036//2036 
f 2036//2036 2034//2034 2036//2036 
f 2036//2036 2034//2034 2034//2034 
f 2034//2034 2033//2033 2034//2034 
f 2034//2034 2033//2033 2037//2037 
f 2033//2033 2032//2032 2037//2037 
f 2037//2037 2032//2032 2038//2038 
f 2032//2032 2031//2031 2038//2038 
f 2038//2038 2031//2031 2039//2039 
f 2031//2031 2030//2030 2039//2039 
f 2039//2039 2030//2030 2040//2040 
f 2030//2030 2029//2029 2040//2040 
f 2040//2040 2029//2029 2041//2041 
f 2029//2029 2042//2042 2041//2041 
f 2041//2041 2042//2042 2042//2042 
f 2042//2042 2040//2040 2042//2042 
f 2042//2042 2040//2040 2040//2040 
f 2040//2040 2043//2043 2040//2040 
f 2040//2040 2043//2043 2039//2039 
f 2043//2043 2044//2044 2039//2039 
f 2039//2039 2044//2044 2038//2038 
f 2044//2044 2045//2045 2038//2038 
f 2038//2038 2045//2045 2037//2037 
f 2045//2045 2046//2046 2037//2037 
f 2037//2037 2046//2046 2034//2034 
f 2046//2046 2047//2047 2034//2034 
f 2034//2034 2047//2047 2036//2036 
f 2047//2047 2048//2048 2036//2036 
f 2036//2036 2048//2048 2049//2049 
f 2048//2048 2050//2050 2049//2049 
f 2049//2049 2050//2050 2050//2050 
f 2050//2050 2048//2048 2050//2050 
f 2050//2050 2048//2048 2048//2048 
f 2048//2048 2047//2047 2048//2048 
f 2048//2048 2047//2047 2051//2051 
f 2047//2047 2046//2046 2051//2051 
f 2051//2051 2046//2046 2052//2052 
f 2046//2046 2045//2045 2052//2052 
f 2052//2052 2045//2045 2053//2053 
f 2045//2045 2044//2044 2053//2053 
f 2053//2053 2044//2044 2054//2054 
f 2044//2044 2043//2043 2054//2054 
f 2054//2054 2043//2043 2055//2055 
f 2043//2043 2056//2056 2055//2055 
f 2055//2055 2056//2056 2056//2056 
f 2056//2056 2054//2054 2056//2056 
f 2056//2056 2054//2054 2054//2054 
f 2054//2054 2057//2057 2054//2054 
f 2054//2054 2057//2057 2053//2053 
f 2057//2057 2058//2058 2053//2053 
f 2053//2053 2058//2058 2052//2052 
f 2058//2058 2059//2059 2052//2052 
f 2052//2052 2059//2059 2051//2051 
f 2059//2059 2060//2060 2051//2051 
f 2051//2051 2060//2060 2048//2048 
f 2060//2060 2061//2061 2048//2048 
f 2048//2048 2061//2061 2050//2050 
f 2061//2061 2062//2062 2050//2050 
f 2050//2050 2062//2062 2062//2062 
f 2062//2062 2057//2057 2062//2062 
f 2062//2062 2057//2057 2057//2057 
f 2057//2057 2063//2063 2057//2057 
f 2057//2057 2063//2063 2058//2058 
f 2063//2063 2064//2064 2058//2058 
f 2058//2058 2064//2064 2059//2059 
f 2064//2064 2065//2065 2059//2059 
f 2059//2059 2065//2065 2060//2060 
f 2065//2065 2066//2066 2060//2060 
f 2060//2060 2066//2066 2061//2061 
f 2066//2066 2067//2067 2061//2061 
f 2061//2061 2067//2067 2062//2062 
f 2067//2067 2068//2068 2062//2062 
f 2062//2062 2068//2068 2068//2068 
f 2068//2068 2057//2057 2068//2068 
f 2068//2068 2057//2057 2057//2057 
f 2057//2057 2069//2069 2057//2057 
f 2057//2057 2069//2069 2063//2063 
f 2069//2069 2070//2070 2063//2063 
f 2063//2063 2070//2070 2064//2064 
f 2070//2070 2071//2071 2064//2064 
f 2064//2064 2071//2071 2065//2065 
f 2071//2071 2072//2072 2065//2065 
f 2065//2065 2072//2072 2066//2066 
f 2072//2072 2073//2073 2066//2066 
f 2066//2066 2073//2073 2067//2067 
f 2073//2073 2074//2074 2067//2067 
f 2067//2067 2074//2074 2068//2068 
f 2074//2074 2075//2075 2068//2068 
f 2068//2068 2075//2075 2076//2076 
f 2075//2075 2077//2077 2076//2076 
f 2076//2076 2077//2077 2077//2077 
f 2077//2077 2075//2075 2077//2077 
f 2077//2077 2075//2075 2075//2075 
f 2075//2075 2074//2074 2075//2075 
f 2075//2075 2074//2074 2078//2078 
f 2074//2074 2073//2073 2078//2078 
f 2078//2078 2073//2073 2079//2079 
f 2073//2073 2072//2072 2079//2079 
f 2079//2079 2072//2072 2080//2080 
f 2072//2072 2071//2071 2080//2080 
f 2080//2080 2071//2071 2081//2081 
f 2071//2071 2070//2070 2081//2081 
f 2081//2081 2070//2070 2082//2082 
f 2070//2070 2083//2083 2082//2082 
f 2082//2082 2083//2083 2083//2083 
f 2083//2083 2081//2081 2083//2083 
f 2083//2083 2081//2081 2081//2081 
f 2081//2081 2084//2084 2081//2081 
f 2081//2081 2084//2084 2080//2080 
f 2084//2084 2085//2085 2080//2080 
f 2080//2080 2085//2085 2079//2079 
f 2085//2085 2086//2086 2079//2079 
f 2079//2079 2086//2086 2078//2078 
f 2086//2086 2087//2087 2078//2078 
f 2078//2078 2087//2087 2075//2075 
f 2087//2087 2088//2088 2075//2075 
f 2075//2075 2088//2088 2077//2077 
f 2088//2088 2089//2089 2077//2077 
f 2077//2077 2089//2089 2090//2090 
f 2089//2089 2091//2091 2090//2090 
f 2090//2090 2091//2091 2091//2091 
f 2091//2091 2089//2089 2091//2091 
f 2091//2091 2089//2089 2089//2089 
f 2089//2089 2088//2088 2089//2089 
f 2089//2089 2088//2088 2092//2092 
f 2088//2088 2087//2087 2092//2092 
f 2092//2092 2087//2087 2093//2093 
f 2087//2087 2086//2086 2093//2093 
f 2093//2093 2086//2086 2094//2094 
f 2086//2086 2085//2085 2094//2094 
f 2094//2094 2085//2085 2095//2095 
f 2085//2085 2084//2084 2095//2095 
f 2095//2095 2084//2084 2096//2096 
f 2084//2084 2082//2082 2096//2096 
f 2096//2096 2082//2082 2082//2082 
f 2082//2082 2096//2096 2082//2082 
f 2082//2082 2096//2096 2096//2096 
f 2096//2096 2097//2097 2096//2096 
f 2096//2096 2097//2097 2095//2095 
f 2097//2097 2098//2098 2095//2095 
f 2095//2095 2098//2098 2094//2094 
f 2098//2098 2099//2099 2094//2094 
f 2094//2094 2099//2099 2093//2093 
f 2099//2099 2100//2100 2093//2093 
f 2093//2093 2100//2100 2092//2092 
f 2100//2100 2101//2101 2092//2092 
f 2092//2092 2101//2101 2089//2089 
f 2101//2101 2102//2102 2089//2089 
f 2089//2089 2102//2102 2091//2091 
f 2102//2102 2103//2103 2091//2091 
f 2091//2091 2103//2103 2104//2104 
f 2103//2103 2105//2105 2104//2104 
f 2104//2104 2105//2105 2105//2105 
f 2105//2105 2103//2103 2105//2105 
f 2105//2105 2103//2103 2103//2103 
f 2103//2103 2102//2102 2103//2103 
f 2103//2103 2102//2102 2106//2106 
f 2102//2102 2101//2101 2106//2106 
f 2106//2106 2101//2101 2107//2107 
f 2101//2101 2100//2100 2107//2107 
f 2107//2107 2100//2100 2108//2108 
f 2100//2100 2099//2099 2108//2108 
f 2108//2108 2099//2099 2109//2109 
f 2099//2099 2098//2098 2109//2109 
f 2109//2109 2098//2098 2110//2110 
f 2098//2098 2111//2111 2110//2110 
f 2110//2110 2111//2111 2111//2111 
f 2111//2111 2109//2109 2111//2111 
f 2111//2111 2109//2109 2109//2109 
f 2109//2109 2112//2112 2109//2109 
f 2109//2109 2112//2112 2108//2108 
f 2112//2112 2113//2113 2108//2108 
f 2108//2108 2113//2113 2107//2107 
f 2113//2113 2114//2114 2107//2107 
f 2107//2107 2114//2114 2106//2106 
f 2114//2114 2115//2115 2106//2106 
f 2106//2106 2115//2115 2103//2103 
f 2115//2115 2116//2116 2103//2103 
f 2103//2103 2116//2116 2105//2105 
f 2116//2116 2117//2117 2105//2105 
f 2105//2105 2117//2117 2118//2118 
f 2117//2117 2119//2119 2118//2118 
f 2118//2118 2119//2119 2119//2119 
f 2119//2119 2117//2117 2119//2119 
f 2119//2119 2117//2117 2117//2117 
f 2117//2117 2116//2116 2117//2117 
f 2117//2117 2116//2116 2120//2120 
f 2116//2116 2115//2115 2120//2120 
f 2120//2120 2115//2115 2121//2121 
f 2115//2115 2114//2114 2121//2121 
f 2121//2121 2114//2114 2122//2122 
f 2114//2114 2113//2113 2122//2122 
f 2122//2122 2113//2113 2123//2123 
f 2113//2113 2112//2112 2123//2123 
f 2123//2123 2112//2112 2124//2124 
f 2112//2112 2125//2125 2124//2124 
f 2124//2124 2125//2125 2125//2125 
f 2125//2125 2123//2123 2125//2125 
f 2125//2125 2123//2123 2123//2123 
f 2123//2123 2126//2126 2123//2123 
f 2123//2123 2126//2126 2122//2122 
f 2126//2126 2127//2127 2122//2122 
f 2122//2122 2127//2127 2121//2121 
f 2127//2127 2128//2128 2121//2121 
f 2121//2121 2128//2128 2120//2120 
f 2128//2128 2129//2129 2120//2120 
f 2120//2120 2129//2129 2117//2117 
f 2129//2129 2130//2130 2117//2117 
f 2117//2117 2130//2130 2119//2119 
f 2130//2130 2131//2131 2119//2119 
f 2119//2119 2131//2131 2132//2132 
f 2131//2131 2133//2133 2132//2132 
f 2132//2132 2133//2133 2133//2133 
f 2133//2133 2131//2131 2133//2133 
f 2133//2133 2131//2131 2131//2131 
f 2131//2131 2130//2130 2131//2131 
f 2131//2131 2130//2130 2134//2134 
f 2130//2130 2129//2129 2134//2134 
f 2134//2134 2129//2129 2135//2135 
f 2129//2129 2128//2128 2135//2135 
f 2135//2135 2128//2128 2136//2136 
f 2128//2128 2127//2127 2136//2136 
f 2136//2136 2127//2127 2137//2137 
f 2127//2127 2126//2126 2137//2137 
f 2137//2137 2126//2126 2138//2138 
f 2126//2126 2139//2139 2138//2138 
f 2138//2138 2139//2139 2139//2139 
f 2139//2139 2137//2137 2139//2139 
f 2139//2139 2137//2137 2137//2137 
f 2137//2137 2140//2140 2137//2137 
f 2137//2137 2140//2140 2136//2136 
f 2140//2140 2141//2141 2136//2136 
f 2136//2136 2141//2141 2135//2135 
f 2141//2141 2142//2142 2135//2135 
f 2135//2135 2142//2142 2134//2134 
f 2142//2142 2143//2143 2134//2134 
f 2134//2134 2143//2143 2131//2131 
f 2143//2143 2144//2144 2131//2131 
f 2131//2131 2144//2144 2133//2133 
f 2144//2144 2145//2145 2133//2133 
f 2133//2133 2145//2145 2146//2146 
f 2145//2145 1987//1987 2146//2146 
f 2146//2146 1987//1987 1987//1987 
f 1987//1987 2145//2145 1987//1987 
f 1987//1987 2145//2145 2145//2145 
f 2145//2145 2144//2144 2145//2145 
f 2145//2145 2144//2144 2147//2147 
f 2144//2144 2143//2143 2147//2147 
f 2147//2147 2143//2143 2148//2148 
f 2143//2143 2142//2142 2148//2148 
f 2148//2148 2142//2142 2149//2149 
f 2142//2142 2141//2141 2149//2149 
f 2149//2149 2141//2141 2150//2150 
f 2141//2141 2140//2140 2150//2150 
f 2150//2150 2140//2140 2151//2151 
f 2140//2140 2152//2152 2151//2151 
f 2151//2151 2152//2152 2152//2152 
f 2152//2152 2150//2150 2152//2152 
f 2152//2152 2150//2150 2150//2150 
f 2150//2150 1997//1997 2150//2150 
f 2150//2150 1997//1997 2149//2149 
f 1997//1997 1995//1995 2149//2149 
f 2149//2149 1995//1995 2148//2148 
f 1995//1995 1993//1993 2148//2148 
f 2148//2148 1993//1993 2147//2147 
f 1993//1993 1991//1991 2147//2147 
f 2147//2147 1991//1991 2145//2145 
f 1991//1991 1989//1989 2145//2145 
f 2145//2145 1989//1989 1987//1987 
f 1989//1989 1987//1987 1987//1987 
f 1987//1987 1987//1987 2150//2150 
f 1987//1987 2150//2150 2150//2150 
f 2150//2150 2150//2150 2150//2150 
f 2150//2150 2151//2151 2150//2150 
f 2150//2150 2151//2151 1997//1997 
f 2151//2151 1999//1999 1997//1997 
f 1997//1997 1999//1999 1999//1999 
f 1999//1999 2042//2042 1999//1999 
f 1999//1999 2042//2042 2042//2042 
f 2042//2042 2029//2029 2042//2042 
f 2042//2042 2029//2029 2027//2027 
f 2029//2029 2026//2026 2027//2027 
f 2027//2027 2026//2026 2026//2026 
f 2026//2026 2152//2152 2026//2026 
f 2026//2026 2152//2152 2152//2152 
f 2152//2152 2140//2140 2152//2152 
f 2152//2152 2140//2140 2138//2138 
f 2140//2140 2137//2137 2138//2138 
f 2138//2138 2137//2137 2137//2137 
f 2137//2137 2139//2139 2137//2137 
f 2137//2137 2139//2139 2139//2139 
f 2139//2139 2126//2126 2139//2139 
f 2139//2139 2126//2126 2124//2124 
f 2126//2126 2123//2123 2124//2124 
f 2124//2124 2123//2123 2123//2123 
f 2123//2123 2040//2040 2123//2123 
f 2123//2123 2040//2040 2040//2040 
f 2040//2040 2041//2041 2040//2040 
f 2040//2040 2041//2041 2043//2043 
f 2041//2041 2056//2056 2043//2043 
f 2043//2043 2056//2056 2056//2056 
f 2056//2056 2028//2028 2056//2056 
f 2056//2056 2028//2028 2028//2028 
f 2028//2028 2015//2015 2028//2028 
f 2028//2028 2015//2015 2013//2013 
f 2015//2015 2012//2012 2013//2013 
f 2013//2013 2012//2012 2012//2012 
f 2012//2012 2069//2069 2012//2012 
f 2012//2012 2069//2069 2069//2069 
f 2069//2069 2057//2057 2069//2069 
f 2069//2069 2057//2057 2153//2153 
f 2057//2057 2055//2055 2153//2153 
f 2153//2153 2055//2055 2055//2055 
f 2055//2055 1996//1996 2055//2055 
f 2055//2055 1996//1996 1996//1996 
f 1996//1996 1998//1998 1996//1996 
f 1996//1996 1998//1998 2000//2000 
f 1998//1998 2014//2014 2000//2000 
f 2000//2000 2014//2014 2014//2014 
f 2014//2014 2109//2109 2014//2014 
f 2014//2014 2109//2109 2109//2109 
f 2109//2109 2110//2110 2109//2109 
f 2109//2109 2110//2110 2112//2112 
f 2110//2110 2125//2125 2112//2112 
f 1844//1844 1851//1851 1845//1845 
f 108//108 66//66 68//68 
f 50//50 49//49 67//67 
f 365//365 364//364 363//363 
f 359//359 323//323 322//322 
f 574//574 435//435 433//433 
f 1119//1119 990//990 989//989 
f 22//22 20//20 388//388 
f 120//120 98//98 394//394 
f 557//557 559//559 2154//2154 
f 562//562 567//567 569//569 
f 518//518 789//789 519//519 
f 2097//2097 2111//2111 2098//2098 
f 2055//2055 2057//2057 2054//2054 
f 2069//2069 2083//2083 2070//2070 
f 2082//2082 2084//2084 2081//2081 
f 1988//1988 2005//2005 1986//1986 
f 1269//1269 1800//1800 1267//1267 
f 1268//1268 1213//1213 1215//1215 
f 1205//1205 1207//1207 1809//1809 
f 1613//1613 1615//1615 1728//1728 
f 1359//1359 1338//1338 1328//1328 
f 731//731 710//710 711//711 
f 786//786 686//686 685//685 
f 1431//1431 1429//1429 1529//1529 
f 1318//1318 1197//1197 1199//1199 
f 1228//1228 1226//1226 1482//1482 
f 1720//1720 1727//1727 1719//1719 
f 1285//1285 1293//1293 1284//1284 
f 747//747 746//746 748//748 
f 1684//1684 1683//1683 1685//1685 
f 624//624 593//593 591//591 
f 783//783 1054//1054 784//784 
f 1653//1653 1652//1652 1768//1768 

