mtllib model_28.mtl
o model_28
v 23.948183059692383 7.458920478820801 -20.839672088623047 
v 23.964223861694336 7.459815502166748 -20.855510711669922 
v 23.948183059692383 7.4414215087890625 -20.84042739868164 
v 23.964223861694336 7.44231653213501 -20.85664176940918 
v 23.94829559326172 7.41213321685791 -20.841936111450195 
v 23.964336395263672 7.413028240203857 -20.858150482177734 
v 23.948408126831055 7.3838324546813965 -20.843442916870117 
v 23.964448928833008 7.384727478027344 -20.85965919494629 
v 23.948408126831055 7.369296073913574 -20.84419822692871 
v 23.964448928833008 7.3701910972595215 -20.860414505004883 
v 23.978805541992188 7.413521766662598 -20.86644744873047 
v 23.978918075561523 7.385221004486084 -20.867956161499023 
v 23.978918075561523 7.37068510055542 -20.868709564208984 
v 24.073705673217773 7.387134552001953 -20.899255752563477 
v 24.073705673217773 7.372598648071289 -20.900009155273438 
v 24.33069610595703 7.377845287322998 -20.984481811523438 
v 24.33069610595703 7.392381191253662 -20.983728408813477 
v 24.587574005126953 7.383060932159424 -21.069332122802734 
v 24.587574005126953 7.397596836090088 -21.068578720092773 
v 24.682249069213867 7.385004997253418 -21.10025405883789 
v 24.68213653564453 7.39954137802124 -21.09950065612793 
v 24.70053482055664 7.385097503662109 -21.10138702392578 
v 24.70053482055664 7.399633884429932 -21.100631713867188 
v 24.073593139648438 7.415435314178467 -20.897747039794922 
v 24.330583572387695 7.420681953430176 -20.982219696044922 
v 24.58746337890625 7.425897598266602 -21.06707000732422 
v 24.68213653564453 7.427842140197754 -21.097991943359375 
v 24.700422286987305 7.427934646606445 -21.099123001098633 
v 24.073593139648438 7.444754600524902 -20.896238327026367 
v 24.33047103881836 7.449970722198486 -20.980710983276367 
v 24.587350845336914 7.455186367034912 -21.065561294555664 
v 24.682025909423828 7.457130432128906 -21.09648323059082 
v 24.70030975341797 7.457222938537598 -21.097614288330078 
v 24.33047103881836 7.467469692230225 -20.979957580566406 
v 24.587350845336914 7.47268533706665 -21.064430236816406 
v 24.681913375854492 7.4746294021606445 -21.09572982788086 
v 24.70030975341797 7.474721908569336 -21.09648323059082 
v 24.0734806060791 7.462253570556641 -20.89510726928711 
v 23.978805541992188 7.442810535430908 -20.864938735961914 
v 23.978694915771484 7.4603095054626465 -20.863807678222656 
v 26.774967193603516 7.212792873382568 -19.146453857421875 
v 26.74950408935547 7.212792873382568 -19.16908073425293 
v 26.830381393432617 7.212792873382568 -19.21885871887207 
v 26.803909301757812 7.212792873382568 -19.240352630615234 
v 24.339109420776367 8.206778526306152 -9.03766918182373 
v 24.285154342651367 8.171009063720703 -9.03766918182373 
v 24.385774612426758 8.206778526306152 -9.03766918182373 
v 24.33271598815918 8.171009063720703 -9.03766918182373 
v 27.13347625732422 8.171009063720703 -9.03766918182373 
v 27.13347625732422 8.143911361694336 -9.03766918182373 
v 27.1700439453125 8.143911361694336 -9.03766918182373 
v 27.13347625732422 7.252883434295654 -9.03766918182373 
v 27.1700439453125 7.252883434295654 -9.03766918182373 
v 24.33271598815918 8.143911361694336 -9.03766918182373 
v 24.285154342651367 8.143911361694336 -9.03766918182373 
v 24.2449951171875 8.171009063720703 -9.03766918182373 
v 24.2449951171875 8.143911361694336 -9.03766918182373 
v 23.5199031829834 8.143911361694336 -9.03766918182373 
v 23.5199031829834 7.252883434295654 -9.03766918182373 
v 23.4950008392334 7.252883434295654 -9.03766918182373 
v 24.2449951171875 7.252883434295654 -9.03766918182373 
v 24.285154342651367 7.252883434295654 -9.03766918182373 
v 24.33271598815918 7.252883434295654 -9.03766918182373 
v 27.166454315185547 7.212792873382568 -19.8742733001709 
v 27.13347625732422 7.212792873382568 -19.88294792175293 
v 27.06112289428711 7.212792873382568 -19.928199768066406 
v 27.030162811279297 7.212792873382568 -19.93574333190918 
v 27.1700439453125 8.206778526306152 -14.917552947998047 
v 27.1700439453125 8.171009063720703 -14.917552947998047 
v 27.1341495513916 8.206778526306152 -14.917552947998047 
v 27.13347625732422 8.171009063720703 -14.917552947998047 
v 24.385774612426758 8.206778526306152 -14.917552947998047 
v 24.33271598815918 8.171009063720703 -14.917552947998047 
v 24.339109420776367 8.206778526306152 -14.917552947998047 
v 24.285154342651367 8.171009063720703 -14.917552947998047 
v 27.1700439453125 8.143911361694336 -14.917552947998047 
v 27.13347625732422 8.143911361694336 -14.917552947998047 
v 24.33271598815918 8.143911361694336 -14.917552947998047 
v 24.285154342651367 8.143911361694336 -14.917552947998047 
v 24.2449951171875 8.143911361694336 -14.917552947998047 
v 24.2449951171875 7.252883434295654 -14.917552947998047 
v 23.5199031829834 8.143911361694336 -14.917552947998047 
v 23.5199031829834 7.252883434295654 -14.917552947998047 
v 23.4950008392334 8.143911361694336 -14.917552947998047 
v 23.4950008392334 7.252883434295654 -14.917552947998047 
v 24.285154342651367 7.252883434295654 -14.917552947998047 
v 24.33271598815918 7.252883434295654 -14.917552947998047 
v 27.13347625732422 7.252883434295654 -14.917552947998047 
v 27.1700439453125 7.252883434295654 -14.917552947998047 
v 24.285154342651367 8.171009063720703 -9.03766918182373 
v 24.339109420776367 8.206778526306152 -9.03766918182373 
v 24.285154342651367 8.171009063720703 -9.067461013793945 
v 24.339109420776367 8.206778526306152 -9.067461013793945 
v 24.285154342651367 8.171009063720703 -14.88135051727295 
v 24.339109420776367 8.206778526306152 -14.88135051727295 
v 24.285154342651367 8.171009063720703 -14.917552947998047 
v 24.339109420776367 8.206778526306152 -14.917552947998047 
v 23.948408126831055 7.369296073913574 -20.84419822692871 
v 23.93461036682129 7.368000030517578 -20.8204402923584 
v 23.948408126831055 7.3838324546813965 -20.843442916870117 
v 23.934497833251953 7.382535934448242 -20.819684982299805 
v 23.94829559326172 7.41213321685791 -20.841936111450195 
v 23.934497833251953 7.410837173461914 -20.818178176879883 
v 23.948183059692383 7.4414215087890625 -20.84042739868164 
v 23.934385299682617 7.440125465393066 -20.816669464111328 
v 23.948183059692383 7.458920478820801 -20.839672088623047 
v 23.93427276611328 7.457624435424805 -20.81553840637207 
v 23.949304580688477 7.467130184173584 -20.829113006591797 
v 23.9377498626709 7.4638895988464355 -20.811765670776367 
v 23.9267578125 7.380838871002197 -20.788009643554688 
v 23.926645278930664 7.409139633178711 -20.786500930786133 
v 23.926645278930664 7.438427925109863 -20.784992218017578 
v 23.926532745361328 7.455926895141602 -20.78386116027832 
v 23.933151245117188 7.464846134185791 -20.78763198852539 
v 23.924402236938477 7.407503604888916 -20.755577087402344 
v 23.92428970336914 7.436792373657227 -20.75406837463379 
v 23.92428970336914 7.454291343688965 -20.753314971923828 
v 23.93259048461914 7.463179588317871 -20.75595474243164 
v 23.927093505859375 7.406392574310303 -20.73483657836914 
v 23.926982879638672 7.435681343078613 -20.733327865600586 
v 23.926982879638672 7.453210830688477 -20.732574462890625 
v 23.93584442138672 7.462068557739258 -20.73483657836914 
v 24.05430030822754 7.385992527008057 -20.343019485473633 
v 24.054187774658203 7.415281295776367 -20.341510772705078 
v 24.054187774658203 7.4327802658081055 -20.34037971496582 
v 24.06304931640625 7.441668510437012 -20.343019485473633 
v 24.42548370361328 7.326458930969238 -19.198871612548828 
v 24.425371170043945 7.355747699737549 -19.197362899780273 
v 24.425371170043945 7.373246669769287 -19.196231842041016 
v 24.434232711791992 7.382134914398193 -19.198871612548828 
v 24.79599380493164 7.266987323760986 -18.05698585510254 
v 24.79599380493164 7.296306610107422 -18.055477142333984 
v 24.795881271362305 7.31380558013916 -18.054346084594727 
v 24.804855346679688 7.322693824768066 -18.05698585510254 
v 24.921180725097656 7.246926784515381 -17.67120361328125 
v 24.92106819152832 7.276215076446533 -17.669694900512695 
v 24.920955657958984 7.2937140464782715 -17.6689395904541 
v 24.929929733276367 7.302602291107178 -17.67120361328125 
v 24.9285831451416 7.246463775634766 -17.662151336669922 
v 24.928470611572266 7.275752067565918 -17.66064453125 
v 24.928470611572266 7.293251037597656 -17.65951156616211 
v 24.936996459960938 7.3021087646484375 -17.66139793395996 
v 24.946195602416992 7.245815753936768 -17.64895248413086 
v 24.946083068847656 7.275135040283203 -17.647445678710938 
v 24.946083068847656 7.292634010314941 -17.646690368652344 
v 24.953598022460938 7.301368236541748 -17.646690368652344 
v 24.96941566467285 7.2451982498168945 -17.63575553894043 
v 24.969303131103516 7.274487018585205 -17.634246826171875 
v 24.969303131103516 7.291985988616943 -17.633115768432617 
v 24.970199584960938 7.298559665679932 -17.635377883911133 
v 24.993419647216797 7.273993015289307 -17.623687744140625 
v 24.993419647216797 7.291491985321045 -17.62293243408203 
v 24.989158630371094 7.300534725189209 -17.628589630126953 
v 24.993532180786133 7.244704723358154 -17.62519645690918 
v 24.96941566467285 7.216866970062256 -17.63726234436035 
v 24.99364471435547 7.216403961181641 -17.6267032623291 
v 24.99364471435547 7.201867580413818 -17.627458572387695 
v 25.0156307220459 7.201620578765869 -17.621801376342773 
v 25.015518188476562 7.216156959533691 -17.621047973632812 
v 25.015518188476562 7.244457721710205 -17.619539260864258 
v 25.015405654907227 7.273746013641357 -17.618030548095703 
v 25.015295028686523 7.291275978088379 -17.617277145385742 
v 24.349990844726562 7.212792873382568 -21.394399642944336 
v 24.372089385986328 7.212792873382568 -21.372905731201172 
v 24.304895401000977 7.212792873382568 -21.391759872436523 
v 24.327892303466797 7.212792873382568 -21.370641708374023 
v 27.1700439453125 8.206778526306152 -9.03766918182373 
v 27.1700439453125 8.171009063720703 -9.03766918182373 
v 27.1700439453125 8.206778526306152 -9.067461013793945 
v 27.1700439453125 8.171009063720703 -9.067461013793945 
v 27.1700439453125 8.171009063720703 -14.88135051727295 
v 27.1700439453125 8.143911361694336 -9.067461013793945 
v 27.1700439453125 8.143911361694336 -14.88135051727295 
v 27.1700439453125 7.252883434295654 -9.067461013793945 
v 27.1700439453125 7.252883434295654 -14.88135051727295 
v 27.1700439453125 8.143911361694336 -9.03766918182373 
v 27.1700439453125 7.252883434295654 -9.03766918182373 
v 23.4950008392334 8.171009063720703 -14.917552947998047 
v 23.4950008392334 8.143911361694336 -14.917552947998047 
v 23.4950008392334 8.171009063720703 -14.88135051727295 
v 23.4950008392334 8.143911361694336 -14.88135051727295 
v 23.4950008392334 8.171009063720703 -9.067461013793945 
v 23.4950008392334 8.143911361694336 -9.067461013793945 
v 23.4950008392334 8.171009063720703 -9.03766918182373 
v 23.4950008392334 8.143911361694336 -9.03766918182373 
v 23.4950008392334 7.252883434295654 -14.917552947998047 
v 23.4950008392334 7.252883434295654 -14.88135051727295 
v 23.4950008392334 7.252883434295654 -9.067461013793945 
v 23.4950008392334 7.252883434295654 -9.03766918182373 
v 23.911951065063477 7.212792873382568 -20.87700653076172 
v 23.94257354736328 7.212792873382568 -20.866069793701172 
v 23.915315628051758 7.212792873382568 -20.836278915405273 
v 23.945940017700195 7.212792873382568 -20.825719833374023 
v 24.946308135986328 7.217514991760254 -17.650461196899414 
v 24.969526290893555 7.202361583709717 -17.638017654418945 
v 24.946308135986328 7.202978610992432 -17.651216506958008 
v 24.970537185668945 7.198225975036621 -17.640657424926758 
v 24.953935623168945 7.197299957275391 -17.65196990966797 
v 24.928695678710938 7.218163013458252 -17.663660049438477 
v 24.928695678710938 7.20362663269043 -17.66441535949707 
v 24.937334060668945 7.19804048538208 -17.667055130004883 
v 24.921180725097656 7.218626022338867 -17.672710418701172 
v 24.921293258666992 7.204089641571045 -17.673465728759766 
v 24.930265426635742 7.1985344886779785 -17.67685890197754 
v 24.796106338500977 7.238686561584473 -18.058494567871094 
v 24.796106338500977 7.224181175231934 -18.059247970581055 
v 24.80508041381836 7.218626022338867 -18.062265396118164 
v 24.425596237182617 7.2981276512146 -19.200380325317383 
v 24.425596237182617 7.2836222648620605 -19.201133728027344 
v 24.4345703125 7.278067111968994 -19.20452880859375 
v 24.054410934448242 7.357691764831543 -20.344528198242188 
v 24.054410934448242 7.343155860900879 -20.34528350830078 
v 24.063385009765625 7.3376007080078125 -20.348299026489258 
v 23.92720603942871 7.378091812133789 -20.736345291137695 
v 23.92720603942871 7.363555908203125 -20.737098693847656 
v 23.936180114746094 7.358000755310059 -20.740493774414062 
v 23.924514770507812 7.379202842712402 -20.7570858001709 
v 23.924514770507812 7.364666938781738 -20.75783920288086 
v 23.93292808532715 7.359111785888672 -20.761611938476562 
v 23.9267578125 7.366302490234375 -20.78876304626465 
v 23.93337631225586 7.360808849334717 -20.792911529541016 
v 23.93797492980957 7.36358642578125 -20.817045211791992 
v 24.989381790161133 7.19646692276001 -17.634246826171875 
v 23.794055938720703 7.284671306610107 -14.129772186279297 
v 23.794055938720703 7.284671306610107 -14.535164833068848 
v 23.506778717041016 7.284671306610107 -14.129772186279297 
v 23.506778717041016 7.284671306610107 -14.535164833068848 
v 24.285154342651367 8.171009063720703 -14.917552947998047 
v 24.2449951171875 8.171009063720703 -14.917552947998047 
v 24.285154342651367 8.171009063720703 -14.88135051727295 
v 24.2449951171875 8.171009063720703 -14.88135051727295 
v 24.285154342651367 8.171009063720703 -9.067461013793945 
v 24.2449951171875 8.171009063720703 -9.067461013793945 
v 24.285154342651367 8.171009063720703 -9.03766918182373 
v 24.2449951171875 8.171009063720703 -9.03766918182373 
v 23.5199031829834 8.171009063720703 -14.88135051727295 
v 23.5199031829834 8.171009063720703 -9.067461013793945 
v 23.5199031829834 8.171009063720703 -9.03766918182373 
v 23.4950008392334 8.171009063720703 -9.067461013793945 
v 23.4950008392334 8.171009063720703 -9.03766918182373 
v 23.4950008392334 8.171009063720703 -14.88135051727295 
v 23.5199031829834 8.171009063720703 -14.917552947998047 
v 23.4950008392334 8.171009063720703 -14.917552947998047 
v 23.5199031829834 8.171009063720703 -9.03766918182373 
v 23.4950008392334 8.143911361694336 -9.03766918182373 
v 25.303468704223633 7.3014607429504395 -19.49037742614746 
v 25.293933868408203 7.295535087585449 -19.48773765563965 
v 24.935089111328125 7.361086845397949 -20.635278701782227 
v 24.92521858215332 7.355161190032959 -20.632638931274414 
v 24.80889320373535 7.3815178871154785 -21.027849197387695 
v 24.79891014099121 7.375561237335205 -21.02483367919922 
v 24.799808502197266 7.382412910461426 -21.04482078552246 
v 24.790048599243164 7.3764872550964355 -21.042556762695312 
v 24.895828247070312 7.352630615234375 -20.622835159301758 
v 24.769071578979492 7.373061180114746 -21.01502799987793 
v 24.760770797729492 7.374079704284668 -21.035015106201172 
v 24.746301651000977 7.375561237335205 -21.06329917907715 
v 24.7735595703125 7.377628803253174 -21.06480598449707 
v 24.733064651489258 7.378709316253662 -21.087810516357422 
v 24.75594711303711 7.379851341247559 -21.079891204833984 
v 24.728689193725586 7.384881496429443 -21.095352172851562 
v 24.75864028930664 7.384295463562012 -21.083284378051758 
v 24.735868453979492 7.372382640838623 -21.004091262817383 
v 24.728240966796875 7.373524188995361 -21.026342391967773 
v 24.71567726135254 7.375345230102539 -21.060659408569336 
v 24.704347610473633 7.378832817077637 -21.091581344604492 
v 24.70053482055664 7.385097503662109 -21.10138702392578 
v 24.708385467529297 7.373154163360596 -21.020307540893555 
v 24.715789794921875 7.371981143951416 -20.997304916381836 
v 24.86296272277832 7.351982593536377 -20.61189842224121 
v 24.842994689941406 7.35158109664917 -20.605487823486328 
v 25.233808517456055 7.292418003082275 -19.467750549316406 
v 25.21417808532715 7.292016506195068 -19.461339950561523 
v 25.60398292541504 7.232976913452148 -18.325864791870117 
v 25.58469009399414 7.2325758934021 -18.3194522857666 
v 25.728944778442383 7.21288537979126 -17.940080642700195 
v 25.709875106811523 7.212515354156494 -17.933670043945312 
v 25.732982635498047 7.21214485168457 -17.926128387451172 
v 25.714475631713867 7.2117438316345215 -17.919340133666992 
v 25.740386962890625 7.2107253074646 -17.89859962463379 
v 25.723785400390625 7.210262298583984 -17.89068031311035 
v 25.74711799621582 7.211280822753906 -17.872955322265625 
v 25.732421875 7.210786819458008 -17.86390495300293 
v 25.73533821105957 7.216064453125 -17.854854583740234 
v 25.64066505432129 7.214119911193848 -17.82355499267578 
v 25.637859344482422 7.208873271942139 -17.832983016967773 
v 25.62911033630371 7.208348751068115 -17.859756469726562 
v 25.619911193847656 7.209830284118652 -17.88804054260254 
v 25.61520004272461 7.210570812225342 -17.902748107910156 
v 25.490127563476562 7.230631351470947 -18.28815269470215 
v 25.11961555480957 7.290103435516357 -19.430038452148438 
v 24.748319625854492 7.349637031555176 -20.574188232421875 
v 24.621227264404297 7.370037078857422 -20.966381072998047 
v 24.613710403442383 7.371240615844727 -20.9890079498291 
v 24.69638442993164 7.375067234039307 -21.056886672973633 
v 25.37223243713379 7.203102111816406 -17.7749080657959 
v 25.363033294677734 7.204583644866943 -17.80356788635254 
v 25.358322143554688 7.205355167388916 -17.81789779663086 
v 25.233247756958008 7.2254157066345215 -18.20368003845215 
v 24.862625122070312 7.284856796264648 -19.34556770324707 
v 24.49144172668457 7.344420909881592 -20.489715576171875 
v 24.36423683166504 7.364820957183838 -20.881532669067383 
v 24.35683250427246 7.365993976593018 -20.9045352935791 
v 24.60181999206543 7.373154163360596 -21.025964736938477 
v 24.68583869934082 7.378709316253662 -21.08969497680664 
v 24.682249069213867 7.385004997253418 -21.10025405883789 
v 25.106042861938477 7.199368000030518 -17.718719482421875 
v 25.10133171081543 7.200108528137207 -17.73342514038086 
v 24.97625732421875 7.220200061798096 -18.118831634521484 
v 24.60574722290039 7.2796406745910645 -19.260717391967773 
v 24.234451293945312 7.339174270629883 -20.404865264892578 
v 24.107357025146484 7.359574317932129 -20.797060012817383 
v 24.09995460510254 7.360778331756592 -20.819684982299805 
v 24.344942092895508 7.367907524108887 -20.94111442565918 
v 24.591163635253906 7.37676477432251 -21.058395385742188 
v 24.587574005126953 7.383060932159424 -21.069332122802734 
v 25.00654411315918 7.198194980621338 -17.702125549316406 
v 24.8814697265625 7.218255519866943 -18.08753204345703 
v 24.51095962524414 7.27769660949707 -19.229793548583984 
v 24.139663696289062 7.337261199951172 -20.373565673828125 
v 24.012571334838867 7.357661247253418 -20.765758514404297 
v 24.00516700744629 7.3588337898254395 -20.78838539123535 
v 24.08795166015625 7.362691402435303 -20.85664176940918 
v 24.334285736083984 7.371549129486084 -20.973922729492188 
v 24.33069610595703 7.377845287322998 -20.984481811523438 
v 24.8621768951416 7.2178544998168945 -18.081497192382812 
v 24.491666793823242 7.2773261070251465 -19.2233829498291 
v 24.120481491088867 7.336859703063965 -20.36753273010254 
v 23.993276596069336 7.357259750366211 -20.759347915649414 
v 23.986434936523438 7.358432769775391 -20.78197479248047 
v 23.9931640625 7.360778331756592 -20.825342178344727 
v 24.077295303344727 7.366302490234375 -20.889074325561523 
v 24.073705673217773 7.372598648071289 -20.900009155273438 
v 24.46137809753418 7.276709079742432 -19.21320152282715 
v 24.090194702148438 7.33624267578125 -20.357349395751953 
v 23.962989807128906 7.356642723083496 -20.74916648864746 
v 23.957942962646484 7.357784271240234 -20.771038055419922 
v 23.97633934020996 7.360315322875977 -20.817800521850586 
v 23.982507705688477 7.364388942718506 -20.858150482177734 
v 23.978918075561523 7.37068510055542 -20.868709564208984 
v 24.063385009765625 7.3376007080078125 -20.348299026489258 
v 23.936180114746094 7.358000755310059 -20.740493774414062 
v 23.93292808532715 7.359111785888672 -20.761611938476562 
v 23.9531192779541 7.359574317932129 -20.80497932434082 
v 23.967477798461914 7.363895416259766 -20.849855422973633 
v 23.964448928833008 7.3701910972595215 -20.860414505004883 
v 23.93337631225586 7.360808849334717 -20.792911529541016 
v 23.94964027404785 7.363061904907227 -20.83477020263672 
v 23.93797492980957 7.36358642578125 -20.817045211791992 
v 23.948408126831055 7.369296073913574 -20.84419822692871 
v 23.506778717041016 7.284671306610107 -9.417418479919434 
v 23.506778717041016 7.2170209884643555 -9.417418479919434 
v 23.794055938720703 7.284671306610107 -9.417418479919434 
v 23.794055938720703 7.2170209884643555 -9.417418479919434 
v 23.794055938720703 7.284671306610107 -9.417418479919434 
v 23.794055938720703 7.284671306610107 -9.822433471679688 
v 23.506778717041016 7.284671306610107 -9.417418479919434 
v 23.506778717041016 7.284671306610107 -9.822433471679688 
v 25.265554428100586 7.293066024780273 -19.478309631347656 
v 25.634719848632812 7.2335944175720215 -18.33604621887207 
v 25.759231567382812 7.213502883911133 -17.95026397705078 
v 25.761476516723633 7.212823867797852 -17.93706512451172 
v 25.763158798217773 7.211527347564697 -17.91292953491211 
v 25.764392852783203 7.212268352508545 -17.890302658081055 
v 25.764728546142578 7.217607498168945 -17.882383346557617 
v 25.749361038208008 7.216588973999023 -17.86390495300293 
v 25.661977767944336 7.236063003540039 -18.34471893310547 
v 25.786266326904297 7.215971946716309 -17.95893669128418 
v 25.786602020263672 7.215323448181152 -17.946868896484375 
v 25.782676696777344 7.214212417602539 -17.925750732421875 
v 25.776283264160156 7.214675426483154 -17.906896591186523 
v 23.794055938720703 7.284671306610107 -9.822433471679688 
v 23.794055938720703 7.2170209884643555 -9.822433471679688 
v 23.506778717041016 7.284671306610107 -9.822433471679688 
v 23.506778717041016 7.2170209884643555 -9.822433471679688 
v 23.794055938720703 7.2170209884643555 -9.822433471679688 
v 23.794055938720703 7.284671306610107 -9.822433471679688 
v 23.794055938720703 7.2170209884643555 -9.417418479919434 
v 23.794055938720703 7.284671306610107 -9.417418479919434 
v 23.794055938720703 7.284671306610107 -14.535164833068848 
v 23.794055938720703 7.2170209884643555 -14.535164833068848 
v 23.506778717041016 7.284671306610107 -14.535164833068848 
v 23.506778717041016 7.2170209884643555 -14.535164833068848 
v 25.77594566345215 7.315009117126465 -17.9016170501709 
v 25.782339096069336 7.3182806968688965 -17.92047119140625 
v 25.764055252075195 7.316336154937744 -17.884647369384766 
v 25.7629337310791 7.320410251617432 -17.906896591186523 
v 25.74689292907715 7.3153486251831055 -17.867300033569336 
v 25.74005126953125 7.319607734680176 -17.892942428588867 
v 25.732086181640625 7.314855098724365 -17.858625411987305 
v 25.723447799682617 7.3191447257995605 -17.88502311706543 
v 25.637523651123047 7.312941551208496 -17.82732582092285 
v 25.62888526916504 7.317231178283691 -17.853723526000977 
v 25.37189483642578 7.311984539031982 -17.769250869750977 
v 25.36269760131836 7.3134660720825195 -17.797910690307617 
v 25.1057071685791 7.308250427246094 -17.713062286376953 
v 25.100996017456055 7.308990955352783 -17.727392196655273 
v 25.006208419799805 7.307077407836914 -17.696468353271484 
v 24.881134033203125 7.3271379470825195 -18.08187484741211 
v 24.86195182800293 7.326736927032471 -18.075464248657227 
v 24.49144172668457 7.386178016662598 -19.217350006103516 
v 24.8316650390625 7.326119899749756 -18.065658569335938 
v 24.46115493774414 7.385560512542725 -19.207544326782227 
v 24.804855346679688 7.322693824768066 -18.05698585510254 
v 24.434232711791992 7.382134914398193 -19.198871612548828 
v 25.786266326904297 7.31939172744751 -17.94158935546875 
v 25.761138916015625 7.321706295013428 -17.931407928466797 
v 25.732646942138672 7.3210272789001465 -17.920095443725586 
v 25.714250564575195 7.320626258850098 -17.913684844970703 
v 25.61957550048828 7.3187127113342285 -17.882383346557617 
v 25.357986450195312 7.314237594604492 -17.81224250793457 
v 24.975921630859375 7.329082489013672 -18.113174438476562 
v 24.510623931884766 7.3865790367126465 -19.2237606048584 
v 24.120145797729492 7.445742130279541 -20.36149787902832 
v 24.089859008789062 7.445125102996826 -20.351694107055664 
v 24.06304931640625 7.441668510437012 -20.343019485473633 
v 25.78592872619629 7.320039749145508 -17.953279495239258 
v 25.759008407592773 7.322385311126709 -17.944229125976562 
v 25.728609085083008 7.321768283843994 -17.934425354003906 
v 25.70953941345215 7.321366786956787 -17.928014755249023 
v 25.614864349365234 7.319453239440918 -17.896713256835938 
v 25.232912063598633 7.334298133850098 -18.197647094726562 
v 24.605409622192383 7.388523578643799 -19.25506019592285 
v 24.139440536499023 7.446143627166748 -20.367908477783203 
v 23.99294090270996 7.466142177581787 -20.753692626953125 
v 23.962764739990234 7.465525150299072 -20.74350929260254 
v 23.93584442138672 7.462068557739258 -20.73483657836914 
v 25.661752700805664 7.3401312828063965 -18.339439392089844 
v 25.634382247924805 7.342476844787598 -18.33001136779785 
v 25.603647232055664 7.3418288230896 -18.3198299407959 
v 25.584352493286133 7.341458320617676 -18.313796997070312 
v 25.489789962768555 7.339513778686523 -18.28249740600586 
v 24.862401962280273 7.393739223480225 -19.33991050720215 
v 24.23422622680664 7.448057174682617 -20.39920997619629 
v 24.01223373413086 7.466543674468994 -20.75972557067871 
v 23.986209869384766 7.467315196990967 -20.776317596435547 
v 23.957717895507812 7.466667175292969 -20.765382766723633 
v 23.93259048461914 7.463179588317871 -20.75595474243164 
v 25.293710708618164 7.399602890014648 -19.482080459594727 
v 25.26521873474121 7.40194845199585 -19.472652435302734 
v 25.23347282409668 7.401300430297852 -19.462093353271484 
v 25.213842391967773 7.400899410247803 -19.4556827545166 
v 25.119279861450195 7.39895486831665 -19.42438316345215 
v 24.491106033325195 7.453303813934326 -20.48368263244629 
v 24.10702133178711 7.468457221984863 -20.791025161743164 
v 24.004831314086914 7.467716217041016 -20.782730102539062 
v 23.992828369140625 7.469629764556885 -20.819684982299805 
v 23.976001739501953 7.469197750091553 -20.812143325805664 
v 23.9821720123291 7.468457221984863 -20.852495193481445 
v 23.967140197753906 7.467963218688965 -20.844575881958008 
v 23.964223861694336 7.459815502166748 -20.855510711669922 
v 23.948183059692383 7.458920478820801 -20.839672088623047 
v 24.92499351501465 7.459228992462158 -20.626983642578125 
v 24.895492553710938 7.461513042449951 -20.617177963256836 
v 24.862625122070312 7.460865020751953 -20.606243133544922 
v 24.84265899658203 7.460463523864746 -20.599830627441406 
v 24.747983932495117 7.458519458770752 -20.568531036376953 
v 24.364011764526367 7.473703861236572 -20.87587547302246 
v 24.09961700439453 7.469660758972168 -20.814029693603516 
v 24.087615966796875 7.471574306488037 -20.850608825683594 
v 24.077070236206055 7.470370769500732 -20.8837947845459 
v 23.978694915771484 7.4603095054626465 -20.863807678222656 
v 24.798686981201172 7.479629039764404 -21.019176483154297 
v 24.768735885620117 7.4819440841674805 -21.009370803833008 
v 24.735532760620117 7.481265068054199 -20.998058319091797 
v 24.715452194213867 7.480863571166992 -20.991647720336914 
v 24.62088966369629 7.478919506072998 -20.96034812927246 
v 24.356496810913086 7.474876403808594 -20.898502349853516 
v 24.344606399536133 7.476789951324463 -20.93545913696289 
v 24.33395004272461 7.475616931915283 -20.9682674407959 
v 24.0734806060791 7.462253570556641 -20.89510726928711 
v 24.78971290588379 7.480555057525635 -21.037277221679688 
v 24.760547637939453 7.482962608337402 -21.02935791015625 
v 24.7279052734375 7.482407093048096 -21.020307540893555 
v 24.708049774169922 7.482036590576172 -21.014650344848633 
v 24.613487243652344 7.480123043060303 -20.98335075378418 
v 24.601484298706055 7.482036590576172 -21.019929885864258 
v 24.59082794189453 7.480833053588867 -21.053115844726562 
v 24.33047103881836 7.467469692230225 -20.979957580566406 
v 24.773334503173828 7.481697082519531 -21.05915069580078 
v 24.74596405029297 7.484443664550781 -21.057641983032227 
v 24.715341567993164 7.484227657318115 -21.055002212524414 
v 24.69615936279297 7.483950138092041 -21.051231384277344 
v 24.755611419677734 7.480184555053711 -21.07461166381836 
v 24.73272705078125 7.482777118682861 -21.0821533203125 
v 24.704011917114258 7.482900619506836 -21.08592414855957 
v 24.685503005981445 7.482777118682861 -21.08441734313965 
v 24.681913375854492 7.4746294021606445 -21.09572982788086 
v 24.587350845336914 7.47268533706665 -21.064430236816406 
v 24.70030975341797 7.474721908569336 -21.09648323059082 
v 24.72835350036621 7.47450590133667 -21.09082794189453 
v 23.949304580688477 7.467130184173584 -20.829113006591797 
v 23.952781677246094 7.468457221984863 -20.7993221282959 
v 23.933151245117188 7.464846134185791 -20.78763198852539 
v 24.929929733276367 7.302602291107178 -17.67120361328125 
v 24.95673942565918 7.306058883666992 -17.67987632751465 
v 24.98702621459961 7.306676387786865 -17.6900577545166 
v 25.01091957092285 7.306305885314941 -17.6817626953125 
v 25.11501693725586 7.306768894195557 -17.684402465820312 
v 25.380645751953125 7.307694911956787 -17.74285316467285 
v 25.383562088012695 7.298528671264648 -17.734180450439453 
v 25.640439987182617 7.303744316101074 -17.819028854370117 
v 24.936996459960938 7.3021087646484375 -17.66139793395996 
v 24.962797164916992 7.305441856384277 -17.66818618774414 
v 24.992074966430664 7.305966377258301 -17.676105499267578 
v 25.02022933959961 7.3048248291015625 -17.653478622436523 
v 25.123653411865234 7.302479267120361 -17.658004760742188 
v 25.126571655273438 7.293313026428223 -17.649707794189453 
v 24.953598022460938 7.301368236541748 -17.646690368652344 
v 24.97625732421875 7.304392337799072 -17.647445678710938 
v 25.00239372253418 7.304577827453613 -17.649707794189453 
v 25.028867721557617 7.300534725189209 -17.6267032623291 
v 25.031784057617188 7.29136848449707 -17.618408203125 
v 24.970199584960938 7.298559665679932 -17.635377883911133 
v 24.989158630371094 7.300534725189209 -17.628589630126953 
v 25.012041091918945 7.300411224365234 -17.624818801879883 
v 25.015295028686523 7.291275978088379 -17.617277145385742 
v 24.993419647216797 7.291491985321045 -17.62293243408203 
v 23.794055938720703 7.2170209884643555 -14.535164833068848 
v 23.794055938720703 7.284671306610107 -14.535164833068848 
v 23.794055938720703 7.2170209884643555 -14.129772186279297 
v 23.794055938720703 7.284671306610107 -14.129772186279297 
v 23.506778717041016 7.2170209884643555 -14.129772186279297 
v 23.506778717041016 7.284671306610107 -14.129772186279297 
v 23.506778717041016 7.2170209884643555 -14.535164833068848 
v 23.506778717041016 7.284671306610107 -14.535164833068848 
v 23.506778717041016 7.284671306610107 -9.822433471679688 
v 23.506778717041016 7.2170209884643555 -9.822433471679688 
v 23.506778717041016 7.284671306610107 -9.417418479919434 
v 23.506778717041016 7.2170209884643555 -9.417418479919434 
v 24.970537185668945 7.198225975036621 -17.640657424926758 
v 24.953935623168945 7.197299957275391 -17.65196990966797 
v 24.989381790161133 7.19646692276001 -17.634246826171875 
v 24.976594924926758 7.195509910583496 -17.653100967407227 
v 25.01237678527832 7.196343421936035 -17.630475997924805 
v 25.002731323242188 7.195695400238037 -17.655364990234375 
v 25.029203414916992 7.19646692276001 -17.632360458374023 
v 25.020566940307617 7.195941925048828 -17.659135818481445 
v 25.123991012573242 7.198410987854004 -17.663660049438477 
v 25.115352630615234 7.1978864669799805 -17.6904354095459 
v 25.380868911743164 7.20362663269043 -17.748132705688477 
v 25.011255264282227 7.197423458099365 -17.687795639038086 
v 24.987363815307617 7.197793960571289 -17.695714950561523 
v 24.832002639770508 7.2172369956970215 -18.07131576538086 
v 24.4345703125 7.278067111968994 -19.20452880859375 
v 24.99241065979004 7.197083950042725 -17.682138442993164 
v 24.957075119018555 7.197176456451416 -17.685909271240234 
v 24.80508041381836 7.218626022338867 -18.062265396118164 
v 24.963132858276367 7.196559429168701 -17.673843383789062 
v 24.930265426635742 7.1985344886779785 -17.67685890197754 
v 24.937334060668945 7.19804048538208 -17.667055130004883 
v 24.99364471435547 7.201867580413818 -17.627458572387695 
v 25.0156307220459 7.201620578765869 -17.621801376342773 
v 25.032007217407227 7.201744079589844 -17.62293243408203 
v 25.126794815063477 7.203657627105713 -17.654232025146484 
v 25.383785247802734 7.208904266357422 -17.73908233642578 
v 24.232208251953125 7.212792873382568 -21.344621658325195 
v 24.207304000854492 7.212792873382568 -21.3653621673584 
v 24.26529884338379 7.212792873382568 -21.35857391357422 
v 24.241069793701172 7.212792873382568 -21.37969207763672 
v 27.137514114379883 7.212792873382568 -19.872011184692383 
v 27.170604705810547 7.212792873382568 -19.86333656311035 
v 27.131568908691406 7.212792873382568 -19.85013771057129 
v 27.164548873901367 7.212792873382568 -19.841087341308594 
v 27.131568908691406 7.212792873382568 -19.85013771057129 
v 27.164548873901367 7.212792873382568 -19.841087341308594 
v 27.1160888671875 7.212792873382568 -19.811296463012695 
v 27.14884376525879 7.212792873382568 -19.801490783691406 
v 24.304895401000977 7.212792873382568 -21.391759872436523 
v 24.327892303466797 7.212792873382568 -21.370641708374023 
v 24.279993057250977 7.212792873382568 -21.39025115966797 
v 24.303438186645508 7.212792873382568 -21.36913299560547 
v 23.95536231994629 7.212792873382568 -20.78084373474121 
v 23.924962997436523 7.212792873382568 -20.790271759033203 
v 23.94964027404785 7.212792873382568 -20.798568725585938 
v 23.919130325317383 7.212792873382568 -20.808372497558594 
v 23.96657943725586 7.212792873382568 -20.75972557067871 
v 23.936405181884766 7.212792873382568 -20.768775939941406 
v 23.95536231994629 7.212792873382568 -20.78084373474121 
v 23.924962997436523 7.212792873382568 -20.790271759033203 
v 26.546245574951172 7.212792873382568 -19.1181697845459 
v 26.567670822143555 7.212792873382568 -19.094411849975586 
v 24.413593292236328 7.212792873382568 -20.401094436645508 
v 24.392391204833984 7.212792873382568 -20.40298080444336 
v 23.979703903198242 7.212792873382568 -21.170774459838867 
v 24.008981704711914 7.212792873382568 -21.153804779052734 
v 23.937862396240234 7.212792873382568 -21.086679458618164 
v 23.96803855895996 7.212792873382568 -21.071218490600586 
v 23.937862396240234 7.212792873382568 -21.086679458618164 
v 23.96803855895996 7.212792873382568 -21.071218490600586 
v 23.912063598632812 7.212792873382568 -21.00371551513672 
v 23.942798614501953 7.212792873382568 -20.99013900756836 
v 26.94367790222168 7.212792873382568 -19.44927215576172 
v 26.97295570373535 7.212792873382568 -19.43192481994629 
v 26.87255859375 7.212792873382568 -19.337648391723633 
v 26.900379180908203 7.212792873382568 -19.31841468811035 
v 26.830381393432617 7.212792873382568 -19.21885871887207 
v 26.803909301757812 7.212792873382568 -19.240352630615234 
v 26.900379180908203 7.212792873382568 -19.31841468811035 
v 26.87255859375 7.212792873382568 -19.337648391723633 
v 24.060916900634766 7.212792873382568 -20.626605987548828 
v 24.032649993896484 7.212792873382568 -20.63301658630371 
v 24.017730712890625 7.212792873382568 -20.67449951171875 
v 23.98856544494629 7.212792873382568 -20.681663513183594 
v 24.413593292236328 7.212792873382568 -20.401094436645508 
v 24.392391204833984 7.212792873382568 -20.40298080444336 
v 24.060916900634766 7.212792873382568 -20.626605987548828 
v 24.032649993896484 7.212792873382568 -20.63301658630371 
v 24.852642059326172 7.212792873382568 -21.18095588684082 
v 24.8648681640625 7.212792873382568 -21.16360855102539 
v 24.474166870117188 7.212792873382568 -21.37969207763672 
v 24.493797302246094 7.212792873382568 -21.35857391357422 
v 23.912063598632812 7.212792873382568 -21.00371551513672 
v 23.942798614501953 7.212792873382568 -20.99013900756836 
v 23.907127380371094 7.212792873382568 -20.93357276916504 
v 23.937862396240234 7.212792873382568 -20.921127319335938 
v 23.907127380371094 7.212792873382568 -20.93357276916504 
v 23.937862396240234 7.212792873382568 -20.921127319335938 
v 23.911951065063477 7.212792873382568 -20.87700653076172 
v 23.94257354736328 7.212792873382568 -20.866069793701172 
v 24.429521560668945 7.212792873382568 -21.37101936340332 
v 24.408544540405273 7.212792873382568 -21.39213752746582 
v 24.493797302246094 7.212792873382568 -21.35857391357422 
v 24.474166870117188 7.212792873382568 -21.37969207763672 
v 26.74950408935547 7.212792873382568 -19.16908073425293 
v 26.774967193603516 7.212792873382568 -19.146453857421875 
v 26.708112716674805 7.212792873382568 -19.118547439575195 
v 26.732677459716797 7.212792873382568 -19.094789505004883 
v 24.03253746032715 7.212792873382568 -21.246196746826172 
v 24.060806274414062 7.212792873382568 -21.227718353271484 
v 23.979703903198242 7.212792873382568 -21.170774459838867 
v 24.008981704711914 7.212792873382568 -21.153804779052734 
v 23.794055938720703 7.2170209884643555 -14.129772186279297 
v 23.794055938720703 7.284671306610107 -14.129772186279297 
v 23.506778717041016 7.2170209884643555 -14.129772186279297 
v 23.506778717041016 7.284671306610107 -14.129772186279297 
v 26.97295570373535 7.212792873382568 -19.43192481994629 
v 26.94367790222168 7.212792873382568 -19.44927215576172 
v 27.03622055053711 7.212792873382568 -19.54807472229004 
v 27.00571060180664 7.212792873382568 -19.562782287597656 
v 27.124053955078125 7.212792873382568 -19.7388916015625 
v 27.091859817504883 7.212792873382568 -19.749828338623047 
v 27.14884376525879 7.212792873382568 -19.801490783691406 
v 27.1160888671875 7.212792873382568 -19.811296463012695 
v 27.08748435974121 7.212792873382568 -19.654041290283203 
v 27.05596351623535 7.212792873382568 -19.6668643951416 
v 27.124053955078125 7.212792873382568 -19.7388916015625 
v 27.091859817504883 7.212792873382568 -19.749828338623047 
v 24.179933547973633 7.212792873382568 -21.3231258392334 
v 24.154022216796875 7.212792873382568 -21.343490600585938 
v 24.232208251953125 7.212792873382568 -21.344621658325195 
v 24.207304000854492 7.212792873382568 -21.3653621673584 
v 24.119247436523438 7.212792873382568 -21.286169052124023 
v 24.09210205078125 7.212792873382568 -21.30577850341797 
v 24.179933547973633 7.212792873382568 -21.3231258392334 
v 24.154022216796875 7.212792873382568 -21.343490600585938 
v 26.68107795715332 7.212792873382568 -19.03558349609375 
v 26.657522201538086 7.212792873382568 -19.06047248840332 
v 26.701942443847656 7.212792873382568 -19.057079315185547 
v 26.678049087524414 7.212792873382568 -19.08159065246582 
v 25.015295028686523 7.291275978088379 -17.617277145385742 
v 25.015405654907227 7.273746013641357 -17.618030548095703 
v 25.031784057617188 7.29136848449707 -17.618408203125 
v 25.031784057617188 7.273869514465332 -17.61916160583496 
v 25.126571655273438 7.293313026428223 -17.649707794189453 
v 25.12668228149414 7.275783061981201 -17.650461196899414 
v 25.383562088012695 7.298528671264648 -17.734180450439453 
v 25.383562088012695 7.28102970123291 -17.73531150817871 
v 25.640439987182617 7.303744316101074 -17.819028854370117 
v 25.640439987182617 7.286245346069336 -17.81978416442871 
v 25.735002517700195 7.305688858032227 -17.849952697753906 
v 25.73511505126953 7.288189888000488 -17.851083755493164 
v 25.749135971069336 7.30621337890625 -17.8593807220459 
v 25.749135971069336 7.288714408874512 -17.86013412475586 
v 25.015518188476562 7.244457721710205 -17.619539260864258 
v 25.031896591186523 7.24458122253418 -17.620670318603516 
v 25.12668228149414 7.246494770050049 -17.65196990966797 
v 25.3836727142334 7.251741409301758 -17.736820220947266 
v 25.640552520751953 7.256957054138184 -17.821292877197266 
v 25.735227584838867 7.258901596069336 -17.85259246826172 
v 25.749248504638672 7.259426116943359 -17.861642837524414 
v 25.015518188476562 7.216156959533691 -17.621047973632812 
v 25.032007217407227 7.216280460357666 -17.62217903137207 
v 25.126794815063477 7.218194007873535 -17.653478622436523 
v 25.383785247802734 7.223440647125244 -17.73832893371582 
v 25.64066505432129 7.22865629196167 -17.82280158996582 
v 25.735227584838867 7.230569839477539 -17.854101181030273 
v 25.749361038208008 7.2310943603515625 -17.86315155029297 
v 25.032007217407227 7.201744079589844 -17.62293243408203 
v 25.126794815063477 7.203657627105713 -17.654232025146484 
v 25.383785247802734 7.208904266357422 -17.73908233642578 
v 25.64066505432129 7.214119911193848 -17.82355499267578 
v 25.73533821105957 7.216064453125 -17.854854583740234 
v 25.749361038208008 7.216588973999023 -17.86390495300293 
v 27.13347625732422 7.212792873382568 -19.88294792175293 
v 27.166454315185547 7.212792873382568 -19.8742733001709 
v 27.137514114379883 7.212792873382568 -19.872011184692383 
v 27.170604705810547 7.212792873382568 -19.86333656311035 
v 23.98688316345215 7.212792873382568 -20.721637725830078 
v 23.95704460144043 7.212792873382568 -20.729934692382812 
v 23.96657943725586 7.212792873382568 -20.75972557067871 
v 23.936405181884766 7.212792873382568 -20.768775939941406 
v 24.017730712890625 7.212792873382568 -20.67449951171875 
v 23.98856544494629 7.212792873382568 -20.681663513183594 
v 23.98688316345215 7.212792873382568 -20.721637725830078 
v 23.95704460144043 7.212792873382568 -20.729934692382812 
v 24.408544540405273 7.212792873382568 -21.39213752746582 
v 24.429521560668945 7.212792873382568 -21.37101936340332 
v 24.349990844726562 7.212792873382568 -21.394399642944336 
v 24.372089385986328 7.212792873382568 -21.372905731201172 
v 27.05596351623535 7.212792873382568 -19.6668643951416 
v 27.08748435974121 7.212792873382568 -19.654041290283203 
v 27.00571060180664 7.212792873382568 -19.562782287597656 
v 27.03622055053711 7.212792873382568 -19.54807472229004 
v 23.94964027404785 7.212792873382568 -20.798568725585938 
v 23.919130325317383 7.212792873382568 -20.808372497558594 
v 23.945940017700195 7.212792873382568 -20.825719833374023 
v 23.915315628051758 7.212792873382568 -20.836278915405273 
v 27.1700439453125 8.206778526306152 -9.03766918182373 
v 27.1341495513916 8.206778526306152 -9.03766918182373 
v 27.1700439453125 8.171009063720703 -9.03766918182373 
v 24.060806274414062 7.212792873382568 -21.227718353271484 
v 24.03253746032715 7.212792873382568 -21.246196746826172 
v 24.119247436523438 7.212792873382568 -21.286169052124023 
v 24.09210205078125 7.212792873382568 -21.30577850341797 
v 26.668066024780273 7.212792873382568 -19.032188415527344 
v 26.644845962524414 7.212792873382568 -19.057079315185547 
v 26.68107795715332 7.212792873382568 -19.03558349609375 
v 26.657522201538086 7.212792873382568 -19.06047248840332 
v 26.644845962524414 7.212792873382568 -19.057079315185547 
v 26.668066024780273 7.212792873382568 -19.032188415527344 
v 26.546245574951172 7.212792873382568 -19.1181697845459 
v 26.567670822143555 7.212792873382568 -19.094411849975586 
v 26.708112716674805 7.212792873382568 -19.118547439575195 
v 26.732677459716797 7.212792873382568 -19.094789505004883 
v 26.678049087524414 7.212792873382568 -19.08159065246582 
v 26.701942443847656 7.212792873382568 -19.057079315185547 
v 24.26283073425293 7.212792873382568 -21.387235641479492 
v 24.286611557006836 7.212792873382568 -21.366117477416992 
v 24.241069793701172 7.212792873382568 -21.37969207763672 
v 24.26529884338379 7.212792873382568 -21.35857391357422 
v 24.279993057250977 7.212792873382568 -21.39025115966797 
v 24.303438186645508 7.212792873382568 -21.36913299560547 
v 24.26283073425293 7.212792873382568 -21.387235641479492 
v 24.286611557006836 7.212792873382568 -21.366117477416992 
v 27.1700439453125 8.206778526306152 -14.88135051727295 
v 27.1700439453125 8.171009063720703 -14.917552947998047 
v 27.1700439453125 8.206778526306152 -14.917552947998047 
v 27.1700439453125 8.143911361694336 -14.917552947998047 
v 25.749135971069336 7.30621337890625 -17.8593807220459 
v 25.749135971069336 7.288714408874512 -17.86013412475586 
v 25.764503479003906 7.307231903076172 -17.877859115600586 
v 25.764503479003906 7.289732933044434 -17.878612518310547 
v 25.778526306152344 7.308527946472168 -17.9012393951416 
v 25.778526306152344 7.29102897644043 -17.901992797851562 
v 25.788846969604492 7.309824466705322 -17.92537498474121 
v 25.788957595825195 7.292325496673584 -17.926128387451172 
v 25.794679641723633 7.310904502868652 -17.94536018371582 
v 25.794679641723633 7.293405532836914 -17.946115493774414 
v 25.795015335083008 7.311521530151367 -17.956674575805664 
v 25.795015335083008 7.294022560119629 -17.957805633544922 
v 25.670839309692383 7.331613063812256 -18.34283447265625 
v 25.67095184326172 7.314114093780518 -18.34358787536621 
v 25.303133010864258 7.391115665435791 -19.4854736328125 
v 25.303245544433594 7.373616695404053 -19.486604690551758 
v 24.934865951538086 7.450711250305176 -20.630754470825195 
v 24.934865951538086 7.4332122802734375 -20.631507873535156 
v 24.808670043945312 7.471142292022705 -21.022947311401367 
v 24.808670043945312 7.453643321990967 -21.02370262145996 
v 24.799470901489258 7.472037315368652 -21.040294647216797 
v 24.799583435058594 7.454538345336914 -21.041048049926758 
v 24.782421112060547 7.473024845123291 -21.06028175354004 
v 24.782421112060547 7.455525875091553 -21.06103515625 
v 24.758302688598633 7.473950386047363 -21.07838249206543 
v 24.75841522216797 7.456451416015625 -21.079513549804688 
v 24.72835350036621 7.47450590133667 -21.09082794189453 
v 24.728466033935547 7.457006931304932 -21.091581344604492 
v 24.70030975341797 7.474721908569336 -21.09648323059082 
v 24.70030975341797 7.457222938537598 -21.097614288330078 
v 25.749248504638672 7.259426116943359 -17.861642837524414 
v 25.764616012573242 7.260444641113281 -17.8801212310791 
v 25.77863883972168 7.261709690093994 -17.903879165649414 
v 25.788957595825195 7.263036727905273 -17.927637100219727 
v 25.79479217529297 7.264117240905762 -17.94762420654297 
v 25.795127868652344 7.264703273773193 -17.959314346313477 
v 25.67095184326172 7.284794807434082 -18.345096588134766 
v 25.303356170654297 7.344297409057617 -19.488113403320312 
v 24.934978485107422 7.403923988342285 -20.63301658630371 
v 24.80878257751465 7.424354553222656 -21.02558708190918 
v 24.79969596862793 7.4252190589904785 -21.042556762695312 
v 24.782533645629883 7.426237106323242 -21.062543869018555 
v 24.758527755737305 7.4271321296691895 -21.081022262573242 
v 24.728466033935547 7.427718639373779 -21.093090057373047 
v 24.700422286987305 7.427934646606445 -21.099123001098633 
v 25.749361038208008 7.2310943603515625 -17.86315155029297 
v 25.764728546142578 7.232143878936768 -17.881629943847656 
v 25.778751373291016 7.2334089279174805 -17.90538787841797 
v 25.78907012939453 7.234705448150635 -17.92914581298828 
v 25.794902801513672 7.235785484313965 -17.949132919311523 
v 25.79524040222168 7.23640251159668 -17.96082305908203 
v 25.671064376831055 7.256494045257568 -18.34660530090332 
v 25.303356170654297 7.3159966468811035 -19.489622116088867 
v 24.935089111328125 7.375622749328613 -20.634525299072266 
v 24.80889320373535 7.396053791046143 -21.026718139648438 
v 24.79969596862793 7.396917819976807 -21.044065475463867 
v 24.78264617919922 7.3979363441467285 -21.06405258178711 
v 24.758527755737305 7.398831367492676 -21.082530975341797 
v 24.72857666015625 7.399417877197266 -21.0945987701416 
v 24.70053482055664 7.399633884429932 -21.100631713867188 
v 25.749361038208008 7.216588973999023 -17.86390495300293 
v 25.764728546142578 7.217607498168945 -17.882383346557617 
v 25.778751373291016 7.218903541564941 -17.90614128112793 
v 25.789182662963867 7.220200061798096 -17.929899215698242 
v 25.794902801513672 7.221280097961426 -17.949886322021484 
v 25.79524040222168 7.221897125244141 -17.961576461791992 
v 25.671064376831055 7.241988658905029 -18.34735870361328 
v 25.303468704223633 7.3014607429504395 -19.49037742614746 
v 24.935089111328125 7.361086845397949 -20.635278701782227 
v 24.80889320373535 7.3815178871154785 -21.027849197387695 
v 24.799808502197266 7.382412910461426 -21.04482078552246 
v 24.78264617919922 7.3834004402160645 -21.06480598449707 
v 24.75864028930664 7.384295463562012 -21.083284378051758 
v 24.728689193725586 7.384881496429443 -21.095352172851562 
v 24.70053482055664 7.385097503662109 -21.10138702392578 
v 25.764392852783203 7.212268352508545 -17.890302658081055 
v 25.776283264160156 7.214675426483154 -17.906896591186523 
v 25.782676696777344 7.214212417602539 -17.925750732421875 
v 25.786602020263672 7.215323448181152 -17.946868896484375 
v 25.786266326904297 7.215971946716309 -17.95893669128418 
v 25.661977767944336 7.236063003540039 -18.34471893310547 
v 25.293933868408203 7.295535087585449 -19.48773765563965 
v 24.73272705078125 7.482777118682861 -21.0821533203125 
v 24.755611419677734 7.480184555053711 -21.07461166381836 
v 24.773334503173828 7.481697082519531 -21.05915069580078 
v 24.78971290588379 7.480555057525635 -21.037277221679688 
v 24.798686981201172 7.479629039764404 -21.019176483154297 
v 24.92499351501465 7.459228992462158 -20.626983642578125 
v 25.293710708618164 7.399602890014648 -19.482080459594727 
v 25.661752700805664 7.3401312828063965 -18.339439392089844 
v 25.78592872619629 7.320039749145508 -17.953279495239258 
v 25.786266326904297 7.31939172744751 -17.94158935546875 
v 25.782339096069336 7.3182806968688965 -17.92047119140625 
v 25.77594566345215 7.315009117126465 -17.9016170501709 
v 25.764055252075195 7.316336154937744 -17.884647369384766 
v 24.75594711303711 7.379851341247559 -21.079891204833984 
v 24.7735595703125 7.377628803253174 -21.06480598449707 
v 24.790048599243164 7.3764872550964355 -21.042556762695312 
v 27.06112289428711 7.212792873382568 -19.928199768066406 
v 27.030162811279297 7.212792873382568 -19.93574333190918 
v 24.852642059326172 7.212792873382568 -21.18095588684082 
v 24.8648681640625 7.212792873382568 -21.16360855102539 
v 25.735002517700195 7.305688858032227 -17.849952697753906 
v 25.749135971069336 7.30621337890625 -17.8593807220459 
v 25.764503479003906 7.307231903076172 -17.877859115600586 
v 24.2449951171875 8.171009063720703 -14.917552947998047 
v 23.5199031829834 8.171009063720703 -14.917552947998047 
v 23.4950008392334 8.171009063720703 -14.917552947998047 
v 27.1700439453125 8.206778526306152 -14.917552947998047 
v 27.1341495513916 8.206778526306152 -14.917552947998047 
v 27.1700439453125 8.206778526306152 -14.88135051727295 
v 27.1341495513916 8.206778526306152 -14.88135051727295 
v 27.1700439453125 8.206778526306152 -9.067461013793945 
v 27.1341495513916 8.206778526306152 -9.067461013793945 
v 27.1700439453125 8.206778526306152 -9.03766918182373 
v 27.1341495513916 8.206778526306152 -9.03766918182373 
v 24.385774612426758 8.206778526306152 -14.917552947998047 
v 24.385774612426758 8.206778526306152 -14.88135051727295 
v 24.385774612426758 8.206778526306152 -9.067461013793945 
v 24.385774612426758 8.206778526306152 -9.03766918182373 
v 24.339109420776367 8.206778526306152 -14.88135051727295 
v 24.339109420776367 8.206778526306152 -9.067461013793945 
v 24.339109420776367 8.206778526306152 -9.03766918182373 
v 27.08748435974121 7.212792873382568 -19.654041290283203 
v 27.08748435974121 7.220663070678711 -19.654041290283203 
v 27.03622055053711 7.212792873382568 -19.54807472229004 
v 27.03622055053711 7.220663070678711 -19.54807472229004 
v 26.97295570373535 7.212792873382568 -19.43192481994629 
v 26.97295570373535 7.220663070678711 -19.43192481994629 
v 26.900379180908203 7.212792873382568 -19.31841468811035 
v 26.900379180908203 7.220663070678711 -19.31841468811035 
v 26.830381393432617 7.212792873382568 -19.21885871887207 
v 26.830381393432617 7.220663070678711 -19.21885871887207 
v 26.774967193603516 7.212792873382568 -19.146453857421875 
v 26.774967193603516 7.220663070678711 -19.146453857421875 
v 26.732677459716797 7.212792873382568 -19.094789505004883 
v 26.732677459716797 7.220663070678711 -19.094789505004883 
v 26.701942443847656 7.212792873382568 -19.057079315185547 
v 26.701942443847656 7.220663070678711 -19.057079315185547 
v 26.68107795715332 7.212792873382568 -19.03558349609375 
v 26.68107795715332 7.220663070678711 -19.03558349609375 
v 26.668066024780273 7.212792873382568 -19.032188415527344 
v 26.668066024780273 7.220663070678711 -19.032188415527344 
v 26.567670822143555 7.212792873382568 -19.094411849975586 
v 26.567670822143555 7.220663070678711 -19.094411849975586 
v 24.392391204833984 7.220663070678711 -20.40298080444336 
v 26.567670822143555 7.235291481018066 -19.094411849975586 
v 24.392391204833984 7.235291481018066 -20.40298080444336 
v 24.392391204833984 7.293004512786865 -20.40298080444336 
v 24.032649993896484 7.235291481018066 -20.63301658630371 
v 24.032649993896484 7.293004512786865 -20.63301658630371 
v 23.98856544494629 7.235291481018066 -20.681663513183594 
v 23.98856544494629 7.293004512786865 -20.681663513183594 
v 23.95704460144043 7.235291481018066 -20.729934692382812 
v 23.95704460144043 7.293004512786865 -20.729934692382812 
v 23.936405181884766 7.235291481018066 -20.768775939941406 
v 23.936405181884766 7.293004512786865 -20.768775939941406 
v 23.924962997436523 7.235291481018066 -20.790271759033203 
v 23.924962997436523 7.293004512786865 -20.790271759033203 
v 23.919130325317383 7.235291481018066 -20.808372497558594 
v 23.919130325317383 7.293004512786865 -20.808372497558594 
v 23.915315628051758 7.235291481018066 -20.836278915405273 
v 23.915315628051758 7.293004512786865 -20.836278915405273 
v 23.911951065063477 7.235291481018066 -20.87700653076172 
v 23.911951065063477 7.293004512786865 -20.87700653076172 
v 23.907127380371094 7.235291481018066 -20.93357276916504 
v 23.907127380371094 7.293004512786865 -20.93357276916504 
v 23.912063598632812 7.235291481018066 -21.00371551513672 
v 23.912063598632812 7.293004512786865 -21.00371551513672 
v 23.937862396240234 7.235291481018066 -21.086679458618164 
v 23.937862396240234 7.293004512786865 -21.086679458618164 
v 23.979703903198242 7.293004512786865 -21.170774459838867 
v 23.937862396240234 7.311768531799316 -21.086679458618164 
v 23.979703903198242 7.311768531799316 -21.170774459838867 
v 23.94190216064453 7.321829795837402 -21.083662033081055 
v 23.983854293823242 7.321829795837402 -21.16851234436035 
v 23.95412826538086 7.325193881988525 -21.074989318847656 
v 23.99664306640625 7.325193881988525 -21.161346435546875 
v 23.981273651123047 7.325193881988525 -21.05537986755371 
v 24.025135040283203 7.325193881988525 -21.1455078125 
v 24.030406951904297 7.325193881988525 -21.020307540893555 
v 24.076509475708008 7.325193881988525 -21.11684799194336 
v 24.095916748046875 7.325193881988525 -20.975431442260742 
v 24.145946502685547 7.325193881988525 -21.07762908935547 
v 24.17241859436035 7.325193881988525 -20.9256534576416 
v 24.228618621826172 7.325193881988525 -21.0312442779541 
v 24.562335968017578 7.325193881988525 -20.6933536529541 
v 24.62504005432129 7.325193881988525 -20.80120849609375 
v 26.784053802490234 7.325193881988525 -19.38591766357422 
v 26.85550880432129 7.325193881988525 -19.498672485351562 
v 26.963756561279297 7.325193881988525 -19.43758201599121 
v 27.02691078186035 7.325193881988525 -19.553354263305664 
v 27.033864974975586 7.321829795837402 -19.549205780029297 
v 27.085128784179688 7.321829795837402 -19.655550003051758 
v 27.03622055053711 7.311768531799316 -19.54807472229004 
v 27.08748435974121 7.311768531799316 -19.654041290283203 
v 27.03622055053711 7.293004512786865 -19.54807472229004 
v 27.08748435974121 7.293004512786865 -19.654041290283203 
v 27.03622055053711 7.235291481018066 -19.54807472229004 
v 27.08748435974121 7.235291481018066 -19.654041290283203 
v 23.912063598632812 7.311768531799316 -21.00371551513672 
v 23.915876388549805 7.321829795837402 -21.000320434570312 
v 23.92720603942871 7.325193881988525 -20.990516662597656 
v 23.952558517456055 7.325193881988525 -20.968643188476562 
v 23.998435974121094 7.325193881988525 -20.928293228149414 
v 24.058338165283203 7.325193881988525 -20.87889289855957 
v 24.125978469848633 7.325193881988525 -20.828359603881836 
v 24.50636100769043 7.325193881988525 -20.59681510925293 
v 26.715740203857422 7.325193881988525 -19.2867374420166 
v 26.89118003845215 7.325193881988525 -19.323694229125977 
v 26.97071075439453 7.321829795837402 -19.433433532714844 
v 26.97295570373535 7.311768531799316 -19.43192481994629 
v 26.97295570373535 7.293004512786865 -19.43192481994629 
v 26.97295570373535 7.235291481018066 -19.43192481994629 
v 26.900379180908203 7.235291481018066 -19.31841468811035 
v 26.900379180908203 7.293004512786865 -19.31841468811035 
v 26.830381393432617 7.235291481018066 -19.21885871887207 
v 26.830381393432617 7.293004512786865 -19.21885871887207 
v 26.774967193603516 7.235291481018066 -19.146453857421875 
v 26.774967193603516 7.293004512786865 -19.146453857421875 
v 26.732677459716797 7.235291481018066 -19.094789505004883 
v 26.732677459716797 7.293004512786865 -19.094789505004883 
v 26.701942443847656 7.235291481018066 -19.057079315185547 
v 26.701942443847656 7.293004512786865 -19.057079315185547 
v 26.68107795715332 7.235291481018066 -19.03558349609375 
v 26.68107795715332 7.293004512786865 -19.03558349609375 
v 26.668066024780273 7.235291481018066 -19.032188415527344 
v 26.668066024780273 7.293004512786865 -19.032188415527344 
v 26.567670822143555 7.293004512786865 -19.094411849975586 
v 24.392391204833984 7.311768531799316 -20.40298080444336 
v 24.032649993896484 7.311768531799316 -20.63301658630371 
v 23.98856544494629 7.311768531799316 -20.681663513183594 
v 23.95704460144043 7.311768531799316 -20.729934692382812 
v 23.936405181884766 7.311768531799316 -20.768775939941406 
v 23.924962997436523 7.311768531799316 -20.790271759033203 
v 23.919130325317383 7.311768531799316 -20.808372497558594 
v 23.915315628051758 7.311768531799316 -20.836278915405273 
v 23.911951065063477 7.311768531799316 -20.87700653076172 
v 23.907127380371094 7.311768531799316 -20.93357276916504 
v 26.900379180908203 7.311768531799316 -19.31841468811035 
v 26.830381393432617 7.311768531799316 -19.21885871887207 
v 26.774967193603516 7.311768531799316 -19.146453857421875 
v 26.732677459716797 7.311768531799316 -19.094789505004883 
v 26.701942443847656 7.311768531799316 -19.057079315185547 
v 26.68107795715332 7.311768531799316 -19.03558349609375 
v 26.668066024780273 7.311768531799316 -19.032188415527344 
v 26.567670822143555 7.311768531799316 -19.094411849975586 
v 26.57361602783203 7.321829795837402 -19.101953506469727 
v 24.396879196166992 7.321829795837402 -20.4105224609375 
v 24.410564422607422 7.325193881988525 -20.433902740478516 
v 24.036352157592773 7.321829795837402 -20.64093589782715 
v 24.047456741333008 7.325193881988525 -20.664316177368164 
v 23.991369247436523 7.321829795837402 -20.68958282470703 
v 23.99955940246582 7.325193881988525 -20.713340759277344 
v 23.962989807128906 7.325193881988525 -20.761987686157227 
v 23.970169067382812 7.325193881988525 -20.801584243774414 
v 23.939208984375 7.325193881988525 -20.8415584564209 
v 23.941452026367188 7.325193881988525 -20.897369384765625 
v 23.91991424560547 7.325193881988525 -20.91999626159668 
v 23.95850372314453 7.321829795837402 -20.73785400390625 
v 23.93674087524414 7.321829795837402 -20.77707290649414 
v 23.92462730407715 7.321829795837402 -20.798568725585938 
v 23.92013931274414 7.319237232208252 -20.812143325805664 
v 23.917448043823242 7.321829795837402 -20.832883834838867 
v 23.914419174194336 7.321829795837402 -20.87398910522461 
v 23.91037940979004 7.321829795837402 -20.930179595947266 
v 23.92215919494629 7.325193881988525 -20.863807678222656 
v 23.937639236450195 7.325193881988525 -20.801584243774414 
v 23.923728942871094 7.325193881988525 -20.823457717895508 
v 23.980152130126953 7.325193881988525 -20.856266021728516 
v 24.031641006469727 7.325193881988525 -20.806110382080078 
v 24.013019561767578 7.325193881988525 -20.75218391418457 
v 24.091205596923828 7.325193881988525 -20.755577087402344 
v 24.065853118896484 7.325193881988525 -20.702781677246094 
v 24.464183807373047 7.325193881988525 -20.524410247802734 
v 26.66200828552246 7.325193881988525 -19.214332580566406 
v 26.821184158325195 7.325193881988525 -19.22451400756836 
v 26.898021697998047 7.321829795837402 -19.31954574584961 
v 26.828025817871094 7.321829795837402 -19.220367431640625 
v 26.772611618041992 7.321829795837402 -19.14796257019043 
v 26.730321884155273 7.321829795837402 -19.09592056274414 
v 26.69969940185547 7.321829795837402 -19.05858612060547 
v 26.684219360351562 7.319237232208252 -19.042747497558594 
v 26.674346923828125 7.321829795837402 -19.039731979370117 
v 26.692855834960938 7.325193881988525 -19.062734603881836 
v 26.591564178466797 7.325193881988525 -19.124958038330078 
v 24.4331111907959 7.325193881988525 -20.47199058532715 
v 26.621177673339844 7.325193881988525 -19.162668228149414 
v 26.765769958496094 7.325193881988525 -19.152109146118164 
v 26.723480224609375 7.325193881988525 -19.100069046020508 
v 24.392391204833984 7.212792873382568 -20.40298080444336 
v 24.032649993896484 7.212792873382568 -20.63301658630371 
v 24.032649993896484 7.220663070678711 -20.63301658630371 
v 23.98856544494629 7.220663070678711 -20.681663513183594 
v 23.95704460144043 7.220663070678711 -20.729934692382812 
v 23.936405181884766 7.220663070678711 -20.768775939941406 
v 23.924962997436523 7.220663070678711 -20.790271759033203 
v 23.919130325317383 7.220663070678711 -20.808372497558594 
v 23.915315628051758 7.220663070678711 -20.836278915405273 
v 23.911951065063477 7.220663070678711 -20.87700653076172 
v 23.907127380371094 7.220663070678711 -20.93357276916504 
v 23.912063598632812 7.220663070678711 -21.00371551513672 
v 23.937862396240234 7.220663070678711 -21.086679458618164 
v 23.979703903198242 7.220663070678711 -21.170774459838867 
v 23.979703903198242 7.235291481018066 -21.170774459838867 
v 24.03253746032715 7.220663070678711 -21.246196746826172 
v 24.03253746032715 7.235291481018066 -21.246196746826172 
v 24.09210205078125 7.220663070678711 -21.30577850341797 
v 24.09210205078125 7.235291481018066 -21.30577850341797 
v 24.154022216796875 7.220663070678711 -21.343490600585938 
v 24.154022216796875 7.235291481018066 -21.343490600585938 
v 24.207304000854492 7.220663070678711 -21.3653621673584 
v 24.207304000854492 7.235291481018066 -21.3653621673584 
v 24.241069793701172 7.220663070678711 -21.37969207763672 
v 24.241069793701172 7.235291481018066 -21.37969207763672 
v 24.26283073425293 7.220663070678711 -21.387235641479492 
v 24.26283073425293 7.235291481018066 -21.387235641479492 
v 24.279993057250977 7.220663070678711 -21.39025115966797 
v 24.279993057250977 7.235291481018066 -21.39025115966797 
v 24.304895401000977 7.220663070678711 -21.391759872436523 
v 24.304895401000977 7.235291481018066 -21.391759872436523 
v 24.349990844726562 7.220663070678711 -21.394399642944336 
v 24.349990844726562 7.235291481018066 -21.394399642944336 
v 24.408544540405273 7.220663070678711 -21.39213752746582 
v 24.408544540405273 7.235291481018066 -21.39213752746582 
v 24.474166870117188 7.220663070678711 -21.37969207763672 
v 24.474166870117188 7.235291481018066 -21.37969207763672 
v 24.852642059326172 7.220663070678711 -21.18095588684082 
v 24.852642059326172 7.235291481018066 -21.18095588684082 
v 27.06112289428711 7.220663070678711 -19.928199768066406 
v 27.06112289428711 7.235291481018066 -19.928199768066406 
v 27.166454315185547 7.220663070678711 -19.8742733001709 
v 27.166454315185547 7.235291481018066 -19.8742733001709 
v 27.170604705810547 7.220663070678711 -19.86333656311035 
v 27.170604705810547 7.235291481018066 -19.86333656311035 
v 27.164548873901367 7.220663070678711 -19.841087341308594 
v 27.164548873901367 7.235291481018066 -19.841087341308594 
v 27.14884376525879 7.220663070678711 -19.801490783691406 
v 27.14884376525879 7.235291481018066 -19.801490783691406 
v 27.124053955078125 7.220663070678711 -19.7388916015625 
v 27.124053955078125 7.235291481018066 -19.7388916015625 
v 24.852642059326172 7.212792873382568 -21.18095588684082 
v 24.474166870117188 7.212792873382568 -21.37969207763672 
v 24.408544540405273 7.212792873382568 -21.39213752746582 
v 24.349990844726562 7.212792873382568 -21.394399642944336 
v 24.304895401000977 7.212792873382568 -21.391759872436523 
v 24.279993057250977 7.212792873382568 -21.39025115966797 
v 24.26283073425293 7.212792873382568 -21.387235641479492 
v 24.241069793701172 7.212792873382568 -21.37969207763672 
v 24.207304000854492 7.212792873382568 -21.3653621673584 
v 24.154022216796875 7.212792873382568 -21.343490600585938 
v 24.09210205078125 7.212792873382568 -21.30577850341797 
v 24.03253746032715 7.212792873382568 -21.246196746826172 
v 23.979703903198242 7.212792873382568 -21.170774459838867 
v 23.937862396240234 7.212792873382568 -21.086679458618164 
v 23.912063598632812 7.212792873382568 -21.00371551513672 
v 23.907127380371094 7.212792873382568 -20.93357276916504 
v 23.911951065063477 7.212792873382568 -20.87700653076172 
v 23.915315628051758 7.212792873382568 -20.836278915405273 
v 23.919130325317383 7.212792873382568 -20.808372497558594 
v 23.924962997436523 7.212792873382568 -20.790271759033203 
v 23.936405181884766 7.212792873382568 -20.768775939941406 
v 23.95704460144043 7.212792873382568 -20.729934692382812 
v 23.98856544494629 7.212792873382568 -20.681663513183594 
v 27.06112289428711 7.212792873382568 -19.928199768066406 
v 27.166454315185547 7.212792873382568 -19.8742733001709 
v 27.170604705810547 7.212792873382568 -19.86333656311035 
v 27.164548873901367 7.212792873382568 -19.841087341308594 
v 27.14884376525879 7.212792873382568 -19.801490783691406 
v 27.124053955078125 7.212792873382568 -19.7388916015625 
v 24.03253746032715 7.293004512786865 -21.246196746826172 
v 24.03253746032715 7.311768531799316 -21.246196746826172 
v 24.03713607788086 7.321829795837402 -21.24431037902832 
v 24.050933837890625 7.325193881988525 -21.238277435302734 
v 24.0817813873291 7.325193881988525 -21.225078582763672 
v 24.13753318786621 7.325193881988525 -21.201696395874023 
v 24.2103328704834 7.325193881988525 -21.168888092041016 
v 24.29266929626465 7.325193881988525 -21.128915786743164 
v 24.354028701782227 7.325193881988525 -21.213764190673828 
v 24.743946075439453 7.325193881988525 -20.998435974121094 
v 24.40181541442871 7.325193881988525 -21.27975845336914 
v 24.78746795654297 7.325193881988525 -21.07084083557129 
v 24.43647575378418 7.325193881988525 -21.327651977539062 
v 24.81876564025879 7.325193881988525 -21.12363624572754 
v 24.45846176147461 7.325193881988525 -21.357820510864258 
v 24.83850860595703 7.325193881988525 -21.157197952270508 
v 24.47024154663086 7.321829795837402 -21.37403678894043 
v 24.849164962768555 7.321829795837402 -21.174922943115234 
v 24.852642059326172 7.311768531799316 -21.18095588684082 
v 27.058319091796875 7.321829795837402 -19.921411514282227 
v 27.06112289428711 7.311768531799316 -19.928199768066406 
v 27.166454315185547 7.311768531799316 -19.8742733001709 
v 27.166454315185547 7.293004512786865 -19.8742733001709 
v 27.170604705810547 7.293004512786865 -19.86333656311035 
v 27.06112289428711 7.293004512786865 -19.928199768066406 
v 24.852642059326172 7.293004512786865 -21.18095588684082 
v 24.474166870117188 7.311768531799316 -21.37969207763672 
v 24.404281616210938 7.321829795837402 -21.387611389160156 
v 24.391157150268555 7.325193881988525 -21.373281478881836 
v 24.366592407226562 7.325193881988525 -21.346508026123047 
v 24.32777976989746 7.325193881988525 -21.304271697998047 
v 24.2755069732666 7.325193881988525 -21.245441436767578 
v 24.20180892944336 7.325193881988525 -21.271085739135742 
v 24.143590927124023 7.325193881988525 -21.28956413269043 
v 24.11139678955078 7.325193881988525 -21.299745559692383 
v 24.096925735473633 7.321829795837402 -21.304271697998047 
v 24.09210205078125 7.311768531799316 -21.30577850341797 
v 24.09210205078125 7.293004512786865 -21.30577850341797 
v 24.154022216796875 7.293004512786865 -21.343490600585938 
v 24.207304000854492 7.293004512786865 -21.3653621673584 
v 24.241069793701172 7.293004512786865 -21.37969207763672 
v 24.26283073425293 7.293004512786865 -21.387235641479492 
v 24.279993057250977 7.293004512786865 -21.39025115966797 
v 24.304895401000977 7.293004512786865 -21.391759872436523 
v 24.349990844726562 7.293004512786865 -21.394399642944336 
v 24.408544540405273 7.293004512786865 -21.39213752746582 
v 24.474166870117188 7.293004512786865 -21.37969207763672 
v 24.154022216796875 7.311768531799316 -21.343490600585938 
v 24.207304000854492 7.311768531799316 -21.3653621673584 
v 24.241069793701172 7.311768531799316 -21.37969207763672 
v 24.26283073425293 7.311768531799316 -21.387235641479492 
v 24.279993057250977 7.311768531799316 -21.39025115966797 
v 24.304895401000977 7.311768531799316 -21.391759872436523 
v 24.349990844726562 7.311768531799316 -21.394399642944336 
v 24.408544540405273 7.311768531799316 -21.39213752746582 
v 24.158620834350586 7.321829795837402 -21.34235954284668 
v 24.211454391479492 7.321829795837402 -21.364986419677734 
v 24.2449951171875 7.321829795837402 -21.37969207763672 
v 24.26114845275879 7.319237232208252 -21.38534927368164 
v 24.274160385131836 7.321829795837402 -21.387611389160156 
v 24.299400329589844 7.321829795837402 -21.388742446899414 
v 24.345054626464844 7.321829795837402 -21.390628814697266 
v 24.330135345458984 7.325193881988525 -21.37856101989746 
v 24.302204132080078 7.325193881988525 -21.356689453125 
v 24.258119583129883 7.325193881988525 -21.32199478149414 
v 24.282909393310547 7.325193881988525 -21.379316329956055 
v 24.25183868408203 7.325193881988525 -21.36121368408203 
v 24.202817916870117 7.325193881988525 -21.333309173583984 
v 24.256662368774414 7.325193881988525 -21.379316329956055 
v 24.224018096923828 7.325193881988525 -21.363853454589844 
v 24.172306060791016 7.325193881988525 -21.339719772338867 
v 27.049570083618164 7.325193881988525 -19.900671005249023 
v 27.155349731445312 7.325193881988525 -19.84636688232422 
v 27.139644622802734 7.325193881988525 -19.80677032470703 
v 27.1466007232666 7.321829795837402 -19.802623748779297 
v 27.121809005737305 7.321829795837402 -19.740022659301758 
v 27.124053955078125 7.311768531799316 -19.7388916015625 
v 27.11485481262207 7.325193881988525 -19.744171142578125 
v 27.033416748046875 7.325193881988525 -19.86182975769043 
v 27.007841110229492 7.325193881988525 -19.800737380981445 
v 26.970375061035156 7.325193881988525 -19.717395782470703 
v 26.918550491333008 7.325193881988525 -19.612937927246094 
v 24.687746047973633 7.325193881988525 -20.90566635131836 
v 27.078174591064453 7.325193881988525 -19.659320831298828 
v 27.124053955078125 7.293004512786865 -19.7388916015625 
v 27.14884376525879 7.293004512786865 -19.801490783691406 
v 27.164548873901367 7.293004512786865 -19.841087341308594 
v 27.14884376525879 7.311768531799316 -19.801490783691406 
v 27.162193298339844 7.321829795837402 -19.842220306396484 
v 27.16376304626465 7.321829795837402 -19.86748504638672 
v 27.164548873901367 7.311768531799316 -19.841087341308594 
v 27.16667938232422 7.319237232208252 -19.85881233215332 
v 27.170604705810547 7.311768531799316 -19.86333656311035 
v 24.26529884338379 7.212792873382568 -21.35857391357422 
v 24.286611557006836 7.212792873382568 -21.366117477416992 
v 25.47823715209961 7.212792873382568 -20.304931640625 
v 24.232208251953125 7.212792873382568 -21.344621658325195 
v 24.26529884338379 7.212792873382568 -21.35857391357422 
v 27.137514114379883 7.212792873382568 -19.872011184692383 
v 27.131568908691406 7.212792873382568 -19.85013771057129 
v 27.131568908691406 7.212792873382568 -19.85013771057129 
v 27.1160888671875 7.212792873382568 -19.811296463012695 
v 24.286611557006836 7.212792873382568 -21.366117477416992 
v 24.303438186645508 7.212792873382568 -21.36913299560547 
v 24.303438186645508 7.212792873382568 -21.36913299560547 
v 24.327892303466797 7.212792873382568 -21.370641708374023 
v 23.95536231994629 7.212792873382568 -20.78084373474121 
v 23.94964027404785 7.212792873382568 -20.798568725585938 
v 25.47823715209961 7.212792873382568 -20.304931640625 
v 23.96657943725586 7.212792873382568 -20.75972557067871 
v 23.95536231994629 7.212792873382568 -20.78084373474121 
v 26.546245574951172 7.212792873382568 -19.1181697845459 
v 24.413593292236328 7.212792873382568 -20.401094436645508 
v 24.8648681640625 7.212792873382568 -21.16360855102539 
v 27.030162811279297 7.212792873382568 -19.93574333190918 
v 25.47823715209961 7.212792873382568 -20.304931640625 
v 23.96803855895996 7.212792873382568 -21.071218490600586 
v 24.008981704711914 7.212792873382568 -21.153804779052734 
v 23.942798614501953 7.212792873382568 -20.99013900756836 
v 23.96803855895996 7.212792873382568 -21.071218490600586 
v 26.94367790222168 7.212792873382568 -19.44927215576172 
v 26.87255859375 7.212792873382568 -19.337648391723633 
v 26.87255859375 7.212792873382568 -19.337648391723633 
v 26.803909301757812 7.212792873382568 -19.240352630615234 
v 24.060916900634766 7.212792873382568 -20.626605987548828 
v 24.017730712890625 7.212792873382568 -20.67449951171875 
v 25.47823715209961 7.212792873382568 -20.304931640625 
v 24.413593292236328 7.212792873382568 -20.401094436645508 
v 24.060916900634766 7.212792873382568 -20.626605987548828 
v 24.429521560668945 7.212792873382568 -21.37101936340332 
v 24.493797302246094 7.212792873382568 -21.35857391357422 
v 24.493797302246094 7.212792873382568 -21.35857391357422 
v 24.8648681640625 7.212792873382568 -21.16360855102539 
v 25.47823715209961 7.212792873382568 -20.304931640625 
v 23.937862396240234 7.212792873382568 -20.921127319335938 
v 23.942798614501953 7.212792873382568 -20.99013900756836 
v 25.47823715209961 7.212792873382568 -20.304931640625 
v 23.94257354736328 7.212792873382568 -20.866069793701172 
v 23.937862396240234 7.212792873382568 -20.921127319335938 
v 25.47823715209961 7.212792873382568 -20.304931640625 
v 26.803909301757812 7.212792873382568 -19.240352630615234 
v 26.74950408935547 7.212792873382568 -19.16908073425293 
v 26.74950408935547 7.212792873382568 -19.16908073425293 
v 26.708112716674805 7.212792873382568 -19.118547439575195 
v 24.060806274414062 7.212792873382568 -21.227718353271484 
v 24.119247436523438 7.212792873382568 -21.286169052124023 
v 24.008981704711914 7.212792873382568 -21.153804779052734 
v 24.060806274414062 7.212792873382568 -21.227718353271484 
v 27.05596351623535 7.212792873382568 -19.6668643951416 
v 27.00571060180664 7.212792873382568 -19.562782287597656 
v 25.47823715209961 7.212792873382568 -20.304931640625 
v 27.00571060180664 7.212792873382568 -19.562782287597656 
v 26.94367790222168 7.212792873382568 -19.44927215576172 
v 27.1160888671875 7.212792873382568 -19.811296463012695 
v 27.091859817504883 7.212792873382568 -19.749828338623047 
v 25.47823715209961 7.212792873382568 -20.304931640625 
v 27.091859817504883 7.212792873382568 -19.749828338623047 
v 27.05596351623535 7.212792873382568 -19.6668643951416 
v 24.179933547973633 7.212792873382568 -21.3231258392334 
v 24.232208251953125 7.212792873382568 -21.344621658325195 
v 24.119247436523438 7.212792873382568 -21.286169052124023 
v 24.179933547973633 7.212792873382568 -21.3231258392334 
v 26.708112716674805 7.212792873382568 -19.118547439575195 
v 26.678049087524414 7.212792873382568 -19.08159065246582 
v 26.678049087524414 7.212792873382568 -19.08159065246582 
v 26.657522201538086 7.212792873382568 -19.06047248840332 
v 23.945940017700195 7.212792873382568 -20.825719833374023 
v 23.94257354736328 7.212792873382568 -20.866069793701172 
v 23.94964027404785 7.212792873382568 -20.798568725585938 
v 23.945940017700195 7.212792873382568 -20.825719833374023 
v 23.98688316345215 7.212792873382568 -20.721637725830078 
v 23.96657943725586 7.212792873382568 -20.75972557067871 
v 24.017730712890625 7.212792873382568 -20.67449951171875 
v 23.98688316345215 7.212792873382568 -20.721637725830078 
v 25.47823715209961 7.212792873382568 -20.304931640625 
v 24.327892303466797 7.212792873382568 -21.370641708374023 
v 24.372089385986328 7.212792873382568 -21.372905731201172 
v 25.47823715209961 7.212792873382568 -20.304931640625 
v 24.372089385986328 7.212792873382568 -21.372905731201172 
v 24.429521560668945 7.212792873382568 -21.37101936340332 
v 27.030162811279297 7.212792873382568 -19.93574333190918 
v 27.13347625732422 7.212792873382568 -19.88294792175293 
v 25.47823715209961 7.212792873382568 -20.304931640625 
v 27.13347625732422 7.212792873382568 -19.88294792175293 
v 27.137514114379883 7.212792873382568 -19.872011184692383 
v 25.47823715209961 7.212792873382568 -20.304931640625 
v 26.644845962524414 7.212792873382568 -19.057079315185547 
v 26.546245574951172 7.212792873382568 -19.1181697845459 
v 26.657522201538086 7.212792873382568 -19.06047248840332 
v 26.644845962524414 7.212792873382568 -19.057079315185547 
v 23.4950008392334 8.171009063720703 -9.03766918182373 
v 27.1700439453125 7.252883434295654 -14.917552947998047 
v 24.339109420776367 8.206778526306152 -14.917552947998047 
v 23.9377498626709 7.4638895988464355 -20.811765670776367 
v 23.93461036682129 7.368000030517578 -20.8204402923584 
v 25.0156307220459 7.201620578765869 -17.621801376342773 
vn -0.7540678381919861 0.3021296560764313 -0.5831804275512695 
vn -0.5738991498947144 0.3814791440963745 -0.7246471047401428 
vn -0.8015906810760498 0.026438215747475624 -0.5972883701324463 
vn -0.6252787709236145 0.04153518006205559 -0.7792953848838806 
vn -0.8015906810760498 0.026438215747475624 -0.5972883701324463 
vn -0.6252787709236145 0.04153518006205559 -0.7792953848838806 
vn -0.8015906810760498 0.026438215747475624 -0.5972883701324463 
vn -0.6252787709236145 0.04153518006205559 -0.7792953848838806 
vn -0.7358189821243286 -0.3124505877494812 -0.6007870435714722 
vn -0.552463173866272 -0.3901723027229309 -0.736579954624176 
vn -0.3425445556640625 0.05272264778614044 -0.9380210638046265 
vn -0.3436131775379181 0.04523753002285957 -0.9380210638046265 
vn -0.29288744926452637 -0.4468425214290619 -0.8453097939491272 
vn -0.3133313059806824 0.05268925055861473 -0.9481810927391052 
vn -0.2699526846408844 -0.4524562358856201 -0.8499464392662048 
vn -0.2699526846408844 -0.4524562358856201 -0.8499464392662048 
vn -0.3133313059806824 0.05268925055861473 -0.9481810927391052 
vn -0.26809173822402954 -0.4492361545562744 -0.8522403836250305 
vn -0.3133313059806824 0.05268925055861473 -0.9481810927391052 
vn -0.23932312428951263 -0.4397219121456146 -0.865661084651947 
vn -0.27591419219970703 0.048864249140024185 -0.9599394202232361 
vn 0.07865237444639206 -0.3542934060096741 -0.931820809841156 
vn 0.10580672323703766 0.05155825987458229 -0.9930492043495178 
vn -0.3133313059806824 0.05268925055861473 -0.9481810927391052 
vn -0.3133313059806824 0.05268925055861473 -0.9481810927391052 
vn -0.3133313059806824 0.05268925055861473 -0.9481810927391052 
vn -0.27591419219970703 0.048864249140024185 -0.9599394202232361 
vn 0.10580672323703766 0.05155825987458229 -0.9930492043495178 
vn -0.3133313059806824 0.05268925055861473 -0.9481810927391052 
vn -0.3133313059806824 0.05268925055861473 -0.9481810927391052 
vn -0.3133313059806824 0.05268925055861473 -0.9481810927391052 
vn -0.27591419219970703 0.048864249140024185 -0.9599394202232361 
vn 0.10580672323703766 0.05155825987458229 -0.9930492043495178 
vn -0.28468069434165955 0.44773849844932556 -0.8476362228393555 
vn -0.29103076457977295 0.4436371922492981 -0.8476362228393555 
vn -0.2562691271305084 0.4388270080089569 -0.8612531423568726 
vn 0.07892853021621704 0.37497109174728394 -0.9236704111099243 
vn -0.28468069434165955 0.44773849844932556 -0.8476362228393555 
vn -0.3425445556640625 0.05272264778614044 -0.9380210638046265 
vn -0.3153027892112732 0.4404102563858032 -0.8406086564064026 
vn 3.097898456858039e-13 -0.999997615814209 -0.002184694167226553 
vn 3.097898456858039e-13 -0.999997615814209 -0.002184694167226553 
vn 3.097898456858039e-13 -0.999997615814209 -0.002184694167226553 
vn 3.097898456858039e-13 -0.999997615814209 -0.002184694167226553 
vn 0 0 1 
vn 0 0 1 
vn 0 0 1 
vn 0 0 1 
vn 0 0 1 
vn 0 0 1 
vn 0 0 1 
vn 0 0 1 
vn 0 0 1 
vn 0 0 1 
vn 0 0 1 
vn 0 0 1 
vn 0 0 1 
vn 0 0 1 
vn 0 0 1 
vn 0 0 1 
vn 0 0 1 
vn 0 0 1 
vn 0 0 1 
vn 3.097898456858039e-13 -0.999997615814209 -0.002184694167226553 
vn 3.097898456858039e-13 -0.999997615814209 -0.002184694167226553 
vn 3.097898456858039e-13 -0.999997615814209 -0.002184694167226553 
vn 3.097898456858039e-13 -0.999997615814209 -0.002184694167226553 
vn -2.0682311115474694e-13 0 -1 
vn -2.0682311115474694e-13 0 -1 
vn -2.0682311115474694e-13 0 -1 
vn -2.0682311115474694e-13 0 -1 
vn -2.0682311115474694e-13 0 -1 
vn -2.0682311115474694e-13 0 -1 
vn -2.0682311115474694e-13 0 -1 
vn -2.0682311115474694e-13 0 -1 
vn -2.0682311115474694e-13 0 -1 
vn -2.0682311115474694e-13 0 -1 
vn -2.0682311115474694e-13 0 -1 
vn -2.0682311115474694e-13 0 -1 
vn -2.0682311115474694e-13 0 -1 
vn -2.0682311115474694e-13 0 -1 
vn -2.0682311115474694e-13 0 -1 
vn -2.0682311115474694e-13 0 -1 
vn -2.0682311115474694e-13 0 -1 
vn -2.0682311115474694e-13 0 -1 
vn -2.0682311115474694e-13 0 -1 
vn -2.0682311115474694e-13 0 -1 
vn -2.0682311115474694e-13 0 -1 
vn -2.0682311115474694e-13 0 -1 
vn -0.5555689334869385 0.8314676284790039 0.002184694167226553 
vn -0.5555689334869385 0.8314676284790039 0.002184694167226553 
vn -0.5555689334869385 0.8314676284790039 0.002184694167226553 
vn -0.5555689334869385 0.8314676284790039 0.002184694167226553 
vn -0.5555689334869385 0.8314676284790039 0.002184694167226553 
vn -0.5555689334869385 0.8314676284790039 0.002184694167226553 
vn -0.5555689334869385 0.8314676284790039 0.002184694167226553 
vn -0.5555689334869385 0.8314676284790039 0.002184694167226553 
vn -0.7358189821243286 -0.3124505877494812 -0.6007870435714722 
vn -0.9062994122505188 -0.20602668821811676 -0.3690181374549866 
vn -0.8015906810760498 0.026438215747475624 -0.5972883701324463 
vn -0.9324891567230225 0.01510184071958065 -0.36088213324546814 
vn -0.8015906810760498 0.026438215747475624 -0.5972883701324463 
vn -0.9324891567230225 0.01510184071958065 -0.36088213324546814 
vn -0.8015906810760498 0.026438215747475624 -0.5972883701324463 
vn -0.9324891567230225 0.01510184071958065 -0.36088213324546814 
vn -0.7540678381919861 0.3021296560764313 -0.5831804275512695 
vn -0.9151766300201416 0.19504185020923615 -0.3527185618877411 
vn -0.26463472843170166 0.9511827230453491 -0.15880759060382843 
vn -0.5119920372962952 0.8465170860290527 -0.1458524912595749 
vn -0.9872807264328003 0.007546701468527317 -0.15880759060382843 
vn -0.9872807264328003 0.007546701468527317 -0.15880759060382843 
vn -0.9872807264328003 0.007546701468527317 -0.15880759060382843 
vn -0.9630049467086792 0.23915334045886993 -0.1242060661315918 
vn -0.38268253207206726 0.9238772988319397 -0.002184694167226553 
vn -0.9999785423278809 -2.0681866592583975e-13 0.006554040592163801 
vn -0.9999785423278809 -2.0681866592583975e-13 0.006554040592163801 
vn -0.9585902690887451 0.2828977704048157 0.03276457265019417 
vn -0.3490040600299835 0.9349799752235413 0.0633138045668602 
vn -0.954125165939331 -0.01510187890380621 0.2990269064903259 
vn -0.954125165939331 -0.01510187890380621 0.2990269064903259 
vn -0.8995316624641418 0.3184741139411926 0.2990269064903259 
vn -0.28087732195854187 0.9498860836029053 0.1372016966342926 
vn -0.9513256549835205 -0.022645773366093636 0.30735430121421814 
vn -0.9513256549835205 -0.022645773366093636 0.30735430121421814 
vn -0.8967607617378235 0.31836050748825073 0.30735430121421814 
vn -0.2828448414802551 0.9486666917800903 0.1415284425020218 
vn -0.9513256549835205 -0.022645773366093636 0.30735430121421814 
vn -0.9513256549835205 -0.022645773366093636 0.30735430121421814 
vn -0.8967607617378235 0.31836050748825073 0.30735430121421814 
vn -0.2828448414802551 0.9486666917800903 0.1415284425020218 
vn -0.9513256549835205 -0.022645773366093636 0.30735430121421814 
vn -0.9513256549835205 -0.022645773366093636 0.30735430121421814 
vn -0.8967607617378235 0.31836050748825073 0.30735430121421814 
vn -0.2828448414802551 0.9486666917800903 0.1415284425020218 
vn -0.9486028552055359 -0.022638147696852684 0.31565824151039124 
vn -0.9486028552055359 -0.022638147696852684 0.31565824151039124 
vn -0.8939209580421448 0.31822192668914795 0.31565824151039124 
vn -0.2826654314994812 0.9480650424957275 0.1458524912595749 
vn -0.6620793342590332 -0.041427936404943466 0.7482877969741821 
vn -0.6620793342590332 -0.041427936404943466 0.7482877969741821 
vn -0.6592077612876892 0.2114153355360031 0.7216291427612305 
vn -0.28056323528289795 0.9049925208091736 0.3198012113571167 
vn -0.5431154370307922 -0.048881273716688156 0.838234007358551 
vn -0.5431154370307922 -0.048881273716688156 0.838234007358551 
vn -0.550058126449585 0.1379643976688385 0.8236515522003174 
vn -0.2605209946632385 0.8799470663070679 0.3972681760787964 
vn -0.44841480255126953 -0.04511094465851784 0.8926864862442017 
vn -0.44841480255126953 -0.04511094465851784 0.8926864862442017 
vn -0.4444003701210022 0.07496101409196854 0.8926864862442017 
vn -0.29787492752075195 0.7215986251831055 0.6249527335166931 
vn -0.330678254365921 -0.04875422641634941 0.9424833655357361 
vn -0.3025372624397278 0.14211365580558777 0.9424833655357361 
vn -0.11467666923999786 0.8842950463294983 0.45262736082077026 
vn -0.330678254365921 -0.04875422641634941 0.9424833655357361 
vn -0.44841480255126953 -0.04511094465851784 0.8926864862442017 
vn -0.330678254365921 -0.04875422641634941 0.9424833655357361 
vn -0.29722118377685547 -0.30121567845344543 0.9060511589050293 
vn -0.0931866317987442 -0.38412052392959595 0.9185682535171509 
vn -0.11431459337472916 -0.05387437716126442 0.9919826984405518 
vn -0.11431459337472916 -0.05387437716126442 0.9919826984405518 
vn -0.11431459337472916 -0.05387437716126442 0.9919826984405518 
vn -0.09462377429008484 0.2137567549943924 0.9722933769226074 
vn 3.097898456858039e-13 -0.999997615814209 0.002184694167226553 
vn 3.097898456858039e-13 -0.999997615814209 0.002184694167226553 
vn 3.097898456858039e-13 -0.999997615814209 0.002184694167226553 
vn 3.097898456858039e-13 -0.999997615814209 0.002184694167226553 
vn 0.999997615814209 0 0.002184694167226553 
vn 0.999997615814209 0 0.002184694167226553 
vn 0.999997615814209 0 0.002184694167226553 
vn 0.999997615814209 0 0.002184694167226553 
vn 0.999997615814209 0 0.002184694167226553 
vn 0.999997615814209 0 0.002184694167226553 
vn 0.999997615814209 0 0.002184694167226553 
vn 0.999997615814209 0 0.002184694167226553 
vn 0.999997615814209 0 0.002184694167226553 
vn 0.999997615814209 0 0.002184694167226553 
vn 0.999997615814209 0 0.002184694167226553 
vn -0.999997615814209 -2.0682260971124217e-13 0.002184694167226553 
vn -0.999997615814209 -2.0682260971124217e-13 0.002184694167226553 
vn -0.999997615814209 -2.0682260971124217e-13 0.002184694167226553 
vn -0.999997615814209 -2.0682260971124217e-13 0.002184694167226553 
vn -0.999997615814209 -2.0682260971124217e-13 0.002184694167226553 
vn -0.999997615814209 -2.0682260971124217e-13 0.002184694167226553 
vn -0.999997615814209 -2.0682260971124217e-13 0.002184694167226553 
vn -0.999997615814209 -2.0682260971124217e-13 0.002184694167226553 
vn -0.999997615814209 -2.0682260971124217e-13 0.002184694167226553 
vn -0.999997615814209 -2.0682260971124217e-13 0.002184694167226553 
vn -0.999997615814209 -2.0682260971124217e-13 0.002184694167226553 
vn -0.999997615814209 -2.0682260971124217e-13 0.002184694167226553 
vn 3.097898456858039e-13 -0.999997615814209 0.002184694167226553 
vn 3.097898456858039e-13 -0.999997615814209 0.002184694167226553 
vn 3.097898456858039e-13 -0.999997615814209 0.002184694167226553 
vn 3.097898456858039e-13 -0.999997615814209 0.002184694167226553 
vn -0.5431154370307922 -0.048881273716688156 0.838234007358551 
vn -0.44191309809684753 -0.20087414979934692 0.87427818775177 
vn -0.5420577526092529 -0.2861306965351105 0.790128231048584 
vn -0.22031553089618683 -0.8926432132720947 0.3932546079158783 
vn -0.18013016879558563 -0.9636113047599792 0.1975002884864807 
vn -0.6620793342590332 -0.041427936404943466 0.7482877969741821 
vn -0.644456148147583 -0.34740832448005676 0.681163489818573 
vn -0.18560928106307983 -0.9729979038238525 0.1372016966342926 
vn -0.9486028552055359 -0.022638147696852684 0.31565824151039124 
vn -0.8614993691444397 -0.43281757831573486 0.26549527049064636 
vn -0.18766683340072632 -0.9821720123291016 0.010923261754214764 
vn -0.9513256549835205 -0.022645773366093636 0.30735430121421814 
vn -0.8606361746788025 -0.4395742416381836 0.25706008076667786 
vn -0.18766683340072632 -0.9821720123291016 0.010923261754214764 
vn -0.9513256549835205 -0.022645773366093636 0.30735430121421814 
vn -0.8606361746788025 -0.4395742416381836 0.25706008076667786 
vn -0.18766683340072632 -0.9821720123291016 0.010923261754214764 
vn -0.9513256549835205 -0.022645773366093636 0.30735430121421814 
vn -0.8606361746788025 -0.4395742416381836 0.25706008076667786 
vn -0.18766683340072632 -0.9821720123291016 0.010923261754214764 
vn -0.954125165939331 -0.01510187890380621 0.2990269064903259 
vn -0.8645705580711365 -0.43670719861984253 0.24860523641109467 
vn -0.18767400085926056 -0.9822095036506653 0.006554040592163801 
vn -0.9999785423278809 -2.0681866592583975e-13 0.006554040592163801 
vn -0.9323094487190247 -0.36165499687194824 -0.002184694167226553 
vn -0.23910951614379883 -0.9701054692268372 -0.04149730131030083 
vn -0.9462592601776123 -0.28642839193344116 -0.15017375349998474 
vn -0.25930023193359375 -0.961645245552063 -0.08945280313491821 
vn -0.36474162340164185 -0.9126192927360535 -0.18463370203971863 
vn -0.08104071021080017 -0.9683952927589417 0.23588760197162628 
vn -1.0341130485562108e-13 0.999997615814209 0.002184694167226553 
vn -1.0341130485562108e-13 0.999997615814209 0.002184694167226553 
vn -1.0341130485562108e-13 0.999997615814209 0.002184694167226553 
vn -1.0341130485562108e-13 0.999997615814209 0.002184694167226553 
vn -1.0341130485562108e-13 0.999997615814209 0.002184694167226553 
vn -1.0341130485562108e-13 0.999997615814209 0.002184694167226553 
vn -1.0341130485562108e-13 0.999997615814209 -0.002184694167226553 
vn -1.0341130485562108e-13 0.999997615814209 -0.002184694167226553 
vn -1.0341130485562108e-13 0.999997615814209 0.002184694167226553 
vn -1.0341130485562108e-13 0.999997615814209 0.002184694167226553 
vn -1.0341130485562108e-13 0.999997615814209 0.002184694167226553 
vn -1.0341130485562108e-13 0.999997615814209 0.002184694167226553 
vn -1.0341130485562108e-13 0.999997615814209 -0.002184694167226553 
vn -1.0341130485562108e-13 0.999997615814209 0.002184694167226553 
vn -1.0341130485562108e-13 0.999997615814209 0.002184694167226553 
vn -1.0341130485562108e-13 0.999997615814209 0.002184694167226553 
vn -1.0341130485562108e-13 0.999997615814209 0.002184694167226553 
vn -1.0341130485562108e-13 0.999997615814209 -0.002184694167226553 
vn -1.0341130485562108e-13 0.999997615814209 0.002184694167226553 
vn -1.0341130485562108e-13 0.999997615814209 0.002184694167226553 
vn 0 0 1 
vn 0 0 1 
vn 0.8554878830909729 -0.42275696992874146 -0.2990269064903259 
vn 0.18577438592910767 -0.9762811660766602 -0.1111890971660614 
vn 0.8535267114639282 -0.4295962154865265 -0.2948545813560486 
vn 0.1784372329711914 -0.978132963180542 -0.10684575140476227 
vn 0.8472590446472168 -0.43614885210990906 -0.30319350957870483 
vn 0.1784372329711914 -0.978132963180542 -0.10684575140476227 
vn 0.7584266066551208 -0.3652389943599701 -0.5398051738739014 
vn 0.1746262162923813 -0.9710291028022766 -0.16312000155448914 
vn 0.028293045237660408 -0.9975925087928772 -0.0633138045668602 
vn 0.028293045237660408 -0.9975925087928772 -0.0633138045668602 
vn 0.026431526988744736 -0.9973573088645935 -0.06767380982637405 
vn 0.030189042910933495 -0.9942747354507446 -0.10250037163496017 
vn 0.17092280089855194 -0.9596867561340332 -0.22312943637371063 
vn 0.07169044017791748 -0.9566424489021301 -0.28230419754981995 
vn 0.18554061651229858 -0.9073867201805115 -0.37712597846984863 
vn 0.2641808092594147 -0.27756354212760925 -0.9236704111099243 
vn 0.4841514825820923 -0.17755630612373352 -0.8567795157432556 
vn 0.005662258714437485 -0.9984927773475647 -0.05459024757146835 
vn 0.005662258714437485 -0.9984927773475647 -0.05459024757146835 
vn 0.0018879338167607784 -0.9963706135749817 -0.08510008454322815 
vn 0.013217047788202763 -0.965172529220581 -0.2612801790237427 
vn 0.07865237444639206 -0.3542934060096741 -0.931820809841156 
vn 0.005662258714437485 -0.9984927773475647 -0.05459024757146835 
vn 0.005662258714437485 -0.9984927773475647 -0.05459024757146835 
vn 0.005662258714437485 -0.9984927773475647 -0.05459024757146835 
vn 0.005662258714437485 -0.9984927773475647 -0.05459024757146835 
vn 0.005662258714437485 -0.9984927773475647 -0.05459024757146835 
vn 0.005662258714437485 -0.9984927773475647 -0.05459024757146835 
vn 0.005662258714437485 -0.9984927773475647 -0.05459024757146835 
vn 0.005662258714437485 -0.9984927773475647 -0.05459024757146835 
vn 0.005662258714437485 -0.9984927773475647 -0.05459024757146835 
vn 0.005662258714437485 -0.9984927773475647 -0.05459024757146835 
vn 0.005662258714437485 -0.9984927773475647 -0.05459024757146835 
vn 0.005662258714437485 -0.9984927773475647 -0.05459024757146835 
vn 0.022649399936199188 -0.9995501041412354 -0.01966099627315998 
vn 0.01510031707584858 -0.9996926784515381 -0.01966099627315998 
vn 0.17272618412971497 -0.9747488498687744 0.1415284425020218 
vn 0.06972391158342361 -0.9880861639976501 0.1372016966342926 
vn 0.318366676568985 -0.4561338722705841 0.8310141563415527 
vn 0.2845226526260376 -0.4651995301246643 0.838234007358551 
vn 0.06219671666622162 -0.9885885119438171 0.1372016966342926 
vn 0.01510031707584858 -0.9996926784515381 -0.01966099627315998 
vn 0.005662258714437485 -0.9984927773475647 -0.05459024757146835 
vn 0.005662258714437485 -0.9984927773475647 -0.05459024757146835 
vn 0.005662258714437485 -0.9984927773475647 -0.05459024757146835 
vn 0.005662258714437485 -0.9984927773475647 -0.05459024757146835 
vn 0.005662258714437485 -0.9984927773475647 -0.05459024757146835 
vn 0.005662258714437485 -0.9984927773475647 -0.05459024757146835 
vn 0.005662258714437485 -0.9984927773475647 -0.05459024757146835 
vn -0.003773982636630535 -0.9970709085464478 -0.0763898640871048 
vn 0.01510031707584858 -0.9996926784515381 -0.01966099627315998 
vn 0.005662258714437485 -0.9984927773475647 -0.05459024757146835 
vn 0.005662258714437485 -0.9984927773475647 -0.05459024757146835 
vn 0.005662258714437485 -0.9984927773475647 -0.05459024757146835 
vn 0.005662258714437485 -0.9984927773475647 -0.05459024757146835 
vn 0.005662258714437485 -0.9984927773475647 -0.05459024757146835 
vn 0.005662258714437485 -0.9984927773475647 -0.05459024757146835 
vn 0.005662258714437485 -0.9984927773475647 -0.05459024757146835 
vn -0.003773982636630535 -0.9970709085464478 -0.0763898640871048 
vn -0.043388642370700836 -0.9757372140884399 -0.21460255980491638 
vn -0.23932312428951263 -0.4397219121456146 -0.865661084651947 
vn 0.005662258714437485 -0.9984927773475647 -0.05459024757146835 
vn 0.005662258714437485 -0.9984927773475647 -0.05459024757146835 
vn 0.005662258714437485 -0.9984927773475647 -0.05459024757146835 
vn 0.005662258714437485 -0.9984927773475647 -0.05459024757146835 
vn 0.005662258714437485 -0.9984927773475647 -0.05459024757146835 
vn 0.005662258714437485 -0.9984927773475647 -0.05459024757146835 
vn 0.005662258714437485 -0.9984927773475647 -0.05459024757146835 
vn -0.003773982636630535 -0.9970709085464478 -0.0763898640871048 
vn -0.049075525254011154 -0.9773080945014954 -0.2060592919588089 
vn -0.26809173822402954 -0.4492361545562744 -0.8522403836250305 
vn 0.005662258714437485 -0.9984927773475647 -0.05459024757146835 
vn 0.005662258714437485 -0.9984927773475647 -0.05459024757146835 
vn 0.005662258714437485 -0.9984927773475647 -0.05459024757146835 
vn 0.005662258714437485 -0.9984927773475647 -0.05459024757146835 
vn 0.005662258714437485 -0.9984927773475647 -0.05459024757146835 
vn 0.005662258714437485 -0.9984927773475647 -0.05459024757146835 
vn -0.003773982636630535 -0.9970709085464478 -0.0763898640871048 
vn -0.049075525254011154 -0.9773080945014954 -0.2060592919588089 
vn -0.2699526846408844 -0.4524562358856201 -0.8499464392662048 
vn 0.005662258714437485 -0.9984927773475647 -0.05459024757146835 
vn 0.005662258714437485 -0.9984927773475647 -0.05459024757146835 
vn 0.005662258714437485 -0.9984927773475647 -0.05459024757146835 
vn 0.005662258714437485 -0.9984927773475647 -0.05459024757146835 
vn 0.005662258714437485 -0.9984927773475647 -0.05459024757146835 
vn -0.003773982636630535 -0.9970709085464478 -0.0763898640871048 
vn -0.049075525254011154 -0.9773080945014954 -0.2060592919588089 
vn -0.2699526846408844 -0.4524562358856201 -0.8499464392662048 
vn -0.030177012085914612 -0.9986827969551086 -0.04149730131030083 
vn -0.030177012085914612 -0.9986827969551086 -0.04149730131030083 
vn -0.030177012085914612 -0.9986827969551086 -0.04149730131030083 
vn -0.03208813816308975 -0.9982222318649292 -0.05022686347365379 
vn -0.011321731843054295 -0.9970137476921082 -0.0763898640871048 
vn -0.05661773309111595 -0.9769002199172974 -0.2060592919588089 
vn -0.29288744926452637 -0.4468425214290619 -0.8453097939491272 
vn -0.18766683340072632 -0.9821720123291016 0.010923261754214764 
vn -0.18767400085926056 -0.9822095036506653 0.006554040592163801 
vn -0.23910951614379883 -0.9701054692268372 -0.04149730131030083 
vn -0.04905804246664047 -0.9961950778961182 -0.07203252613544464 
vn -0.10929359495639801 -0.9724168181419373 -0.2060592919588089 
vn -0.552463173866272 -0.3901723027229309 -0.736579954624176 
vn -0.25930023193359375 -0.961645245552063 -0.08945280313491821 
vn -0.18028701841831207 -0.9644503593444824 -0.19321508705615997 
vn -0.36474162340164185 -0.9126192927360535 -0.18463370203971863 
vn -0.7358189821243286 -0.3124505877494812 -0.6007870435714722 
vn 0 0 1 
vn 0 0 1 
vn 0 0 1 
vn 0 0 1 
vn -1.0341130485562108e-13 0.999997615814209 0.002184694167226553 
vn -1.0341130485562108e-13 0.999997615814209 0.002184694167226553 
vn -1.0341130485562108e-13 0.999997615814209 0.002184694167226553 
vn -1.0341130485562108e-13 0.999997615814209 0.002184694167226553 
vn 0.028293045237660408 -0.9975925087928772 -0.0633138045668602 
vn 0.03583495691418648 -0.9973500967025757 -0.0633138045668602 
vn 0.03583495691418648 -0.9973500967025757 -0.0633138045668602 
vn 0.043397206813097 -0.9975653290748596 -0.05459024757146835 
vn 0.06790170073509216 -0.9974982738494873 -0.01966099627315998 
vn 0.2409973293542862 -0.9613871574401855 0.1328723281621933 
vn 0.7833203077316284 -0.2810904085636139 0.5544344186782837 
vn 0.6334149241447449 -0.3671535849571228 0.681163489818573 
vn 0.18577438592910767 -0.9762811660766602 -0.1111890971660614 
vn 0.19318631291389465 -0.9748415350914001 -0.1111890971660614 
vn 0.26121920347213745 -0.9651583433151245 -0.0152922747656703 
vn 0.29008448123931885 -0.9562804102897644 0.03713129088282585 
vn 0.43559327721595764 -0.8827621936798096 0.1760382205247879 
vn -2.0682311115474694e-13 0 -1 
vn -2.0682311115474694e-13 0 -1 
vn -2.0682311115474694e-13 0 -1 
vn -2.0682311115474694e-13 0 -1 
vn 0.999997615814209 0 0.002184694167226553 
vn 0.999997615814209 0 0.002184694167226553 
vn 0.999997615814209 0 0.002184694167226553 
vn 0.999997615814209 0 0.002184694167226553 
vn -2.0682311115474694e-13 0 -1 
vn -2.0682311115474694e-13 0 -1 
vn -2.0682311115474694e-13 0 -1 
vn -2.0682311115474694e-13 0 -1 
vn 0.5752955079078674 0.7456070184707642 0.3363112509250641 
vn 0.4029911458492279 0.8989466428756714 0.17173540592193604 
vn 0.330709308385849 0.8908385634422302 0.31150925159454346 
vn 0.0979703739285469 0.9898967146873474 0.10250037163496017 
vn 0.2407771348953247 0.9119616746902466 0.33219319581985474 
vn 0.030189042910933495 0.9942747354507446 0.10250037163496017 
vn 0.09984371066093445 0.9379119873046875 0.33219319581985474 
vn 0.015102912671864033 0.9950567483901978 0.0981530249118805 
vn 0.09233348816633224 0.9386811256408691 0.33219319581985474 
vn 0.015102912671864033 0.9950567483901978 0.0981530249118805 
vn 0.015102912671864033 0.9950567483901978 0.0981530249118805 
vn -0.0018874284578487277 0.9985070824623108 0.05459024757146835 
vn -0.0018874284578487277 0.9985070824623108 0.05459024757146835 
vn -0.0018874284578487277 0.9985070824623108 0.05459024757146835 
vn -0.0018874284578487277 0.9985070824623108 0.05459024757146835 
vn -0.0018874284578487277 0.9985070824623108 0.05459024757146835 
vn -0.0018874284578487277 0.9985070824623108 0.05459024757146835 
vn -0.0018874284578487277 0.9985070824623108 0.05459024757146835 
vn -0.049073055386543274 0.9964998960494995 0.06767380982637405 
vn -0.049073055386543274 0.9964998960494995 0.06767380982637405 
vn -0.2828448414802551 0.9486666917800903 0.1415284425020218 
vn -0.2828448414802551 0.9486666917800903 0.1415284425020218 
vn 0.368592768907547 0.9243946075439453 0.0981530249118805 
vn 0.050938479602336884 0.9972087144851685 0.05459024757146835 
vn -0.0018874284578487277 0.9985070824623108 0.05459024757146835 
vn -0.0018874284578487277 0.9985070824623108 0.05459024757146835 
vn -0.0018874284578487277 0.9985070824623108 0.05459024757146835 
vn -0.0018874284578487277 0.9985070824623108 0.05459024757146835 
vn -0.0018874284578487277 0.9985070824623108 0.05459024757146835 
vn -0.0018874284578487277 0.9985070824623108 0.05459024757146835 
vn -0.0018874284578487277 0.9985070824623108 0.05459024757146835 
vn -0.049073055386543274 0.9964998960494995 0.06767380982637405 
vn -0.2828448414802551 0.9486666917800903 0.1415284425020218 
vn 0.27560847997665405 0.9605525732040405 -0.03713129088282585 
vn 0.04526469111442566 0.9982846975326538 0.03713129088282585 
vn -0.0018874284578487277 0.9985070824623108 0.05459024757146835 
vn -0.0018874284578487277 0.9985070824623108 0.05459024757146835 
vn -0.0018874284578487277 0.9985070824623108 0.05459024757146835 
vn -0.0018874284578487277 0.9985070824623108 0.05459024757146835 
vn -0.0018874284578487277 0.9985070824623108 0.05459024757146835 
vn -0.0018874284578487277 0.9985070824623108 0.05459024757146835 
vn -0.0018874284578487277 0.9985070824623108 0.05459024757146835 
vn -0.049073055386543274 0.9964998960494995 0.06767380982637405 
vn -0.28087732195854187 0.9498860836029053 0.1372016966342926 
vn 0.2683466970920563 0.9626065492630005 -0.03713129088282585 
vn 0.04526469111442566 0.9982846975326538 0.03713129088282585 
vn -0.0018874284578487277 0.9985070824623108 0.05459024757146835 
vn -0.0018874284578487277 0.9985070824623108 0.05459024757146835 
vn -0.0018874284578487277 0.9985070824623108 0.05459024757146835 
vn -0.0018874284578487277 0.9985070824623108 0.05459024757146835 
vn -0.0018874284578487277 0.9985070824623108 0.05459024757146835 
vn -0.0018874284578487277 0.9985070824623108 0.05459024757146835 
vn -0.0018874284578487277 0.9985070824623108 0.05459024757146835 
vn -0.05469445884227753 0.9967613220214844 0.058952588587999344 
vn -0.3490040600299835 0.9349799752235413 0.0633138045668602 
vn 0.26110947132110596 0.9647529721260071 -0.03276457265019417 
vn 0.03772452101111412 0.9985980987548828 0.03713129088282585 
vn -0.0018874284578487277 0.9985070824623108 0.05459024757146835 
vn -0.0018874284578487277 0.9985070824623108 0.05459024757146835 
vn -0.0018874284578487277 0.9985070824623108 0.05459024757146835 
vn -0.0018874284578487277 0.9985070824623108 0.05459024757146835 
vn -0.0018874284578487277 0.9985070824623108 0.05459024757146835 
vn -0.0018874284578487277 0.9985070824623108 0.05459024757146835 
vn -0.015101470053195953 0.9997690320014954 0.0152922747656703 
vn -0.022651128470897675 0.9996264576911926 0.0152922747656703 
vn -0.08677209913730621 0.9797698259353638 -0.18033768236637115 
vn -0.16914749145507812 0.9689517021179199 -0.18033768236637115 
vn -0.5738991498947144 0.3814791440963745 -0.7246471047401428 
vn -0.7540678381919861 0.3021296560764313 -0.5831804275512695 
vn 0.26110947132110596 0.9647529721260071 -0.03276457265019417 
vn 0.03772452101111412 0.9985980987548828 0.03713129088282585 
vn -0.0018874284578487277 0.9985070824623108 0.05459024757146835 
vn -0.0018874284578487277 0.9985070824623108 0.05459024757146835 
vn -0.0018874284578487277 0.9985070824623108 0.05459024757146835 
vn -0.0018874284578487277 0.9985070824623108 0.05459024757146835 
vn -0.0018874284578487277 0.9985070824623108 0.05459024757146835 
vn -0.015101470053195953 0.9997690320014954 0.0152922747656703 
vn -0.07924384623765945 0.9804074168205261 -0.18033768236637115 
vn -0.3153027892112732 0.4404102563858032 -0.8406086564064026 
vn 0.2538163959980011 0.9666973352432251 -0.03276457265019417 
vn 0.03772452101111412 0.9985980987548828 0.03713129088282585 
vn -0.0018874284578487277 0.9985070824623108 0.05459024757146835 
vn -0.0018874284578487277 0.9985070824623108 0.05459024757146835 
vn -0.0018874284578487277 0.9985070824623108 0.05459024757146835 
vn -0.0018874284578487277 0.9985070824623108 0.05459024757146835 
vn -0.015101470053195953 0.9997690320014954 0.0152922747656703 
vn -0.07924384623765945 0.9804074168205261 -0.18033768236637115 
vn -0.28468069434165955 0.44773849844932556 -0.8476362228393555 
vn 0.25191885232925415 0.9608275890350342 -0.11553031951189041 
vn 0.03773533180356026 0.9988842010498047 0.028397228568792343 
vn -0.0018874284578487277 0.9985070824623108 0.05459024757146835 
vn -0.0018874284578487277 0.9985070824623108 0.05459024757146835 
vn -0.0018874284578487277 0.9985070824623108 0.05459024757146835 
vn -0.015101470053195953 0.9997690320014954 0.0152922747656703 
vn -0.07924384623765945 0.9804074168205261 -0.18033768236637115 
vn -0.28468069434165955 0.44773849844932556 -0.8476362228393555 
vn 0.23910930752754211 0.9506946802139282 -0.1975002884864807 
vn 0.037743259221315384 0.9990940093994141 -0.01966099627315998 
vn -0.0075516714714467525 0.9999499917030334 0.006554040592163801 
vn -0.015101470053195953 0.9997690320014954 0.0152922747656703 
vn 0.25688034296035767 0.8736362457275391 -0.41324591636657715 
vn 0.0923815369606018 0.9536179900169373 -0.2864931523799896 
vn 0.015103965997695923 0.9662773609161377 -0.25706008076667786 
vn -0.0735636055469513 0.9792320132255554 -0.18892620503902435 
vn -0.2562691271305084 0.4388270080089569 -0.8612531423568726 
vn -0.29103076457977295 0.4436371922492981 -0.8476362228393555 
vn 0.07892853021621704 0.37497109174728394 -0.9236704111099243 
vn 0.26722410321235657 0.3073420524597168 -0.913308322429657 
vn -0.26463472843170166 0.9511827230453491 -0.15880759060382843 
vn -0.08295941352844238 0.9963589906692505 0.01966099627315998 
vn -0.38268253207206726 0.9238772988319397 -0.002184694167226553 
vn -0.2826654314994812 0.9480650424957275 0.1458524912595749 
vn -0.049073055386543274 0.9964998960494995 0.06767380982637405 
vn -0.0018874284578487277 0.9985070824623108 0.05459024757146835 
vn -0.0018874284578487277 0.9985070824623108 0.05459024757146835 
vn 0.015102912671864033 0.9950567483901978 0.0981530249118805 
vn 0.09233348816633224 0.9386811256408691 0.33219319581985474 
vn 0.2954251170158386 0.2861032783985138 0.9115201234817505 
vn 0.2954251170158386 0.2861032783985138 0.9115201234817505 
vn -0.28056323528289795 0.9049925208091736 0.3198012113571167 
vn -0.05093251168727875 0.9946879148483276 0.08945280313491821 
vn -0.0018874284578487277 0.9985070824623108 0.05459024757146835 
vn 0.015096260234713554 0.9946184158325195 0.10250037163496017 
vn 0.09233348816633224 0.9386811256408691 0.33219319581985474 
vn 0.2954251170158386 0.2861032783985138 0.9115201234817505 
vn -0.2605209946632385 0.8799470663070679 0.3972681760787964 
vn -0.05469442531466484 0.9871455430984497 0.15017375349998474 
vn -0.0018876121612265706 0.9937974810600281 0.1111890971660614 
vn 0.08101053535938263 0.9367761611938477 0.34042292833328247 
vn 0.26501554250717163 0.2823229134082794 0.9219872951507568 
vn -0.29787492752075195 0.7215986251831055 0.6249527335166931 
vn -0.11467666923999786 0.8842950463294983 0.45262736082077026 
vn -0.026415249332785606 0.9102362394332886 0.41324591636657715 
vn -0.09462377429008484 0.2137567549943924 0.9722933769226074 
vn -0.3025372624397278 0.14211365580558777 0.9424833655357361 
vn 0.999997615814209 0 0.002184694167226553 
vn 0.999997615814209 0 0.002184694167226553 
vn 0.999997615814209 0 0.002184694167226553 
vn 0.999997615814209 0 0.002184694167226553 
vn -0.999997615814209 -2.0682260971124217e-13 0.002184694167226553 
vn -0.999997615814209 -2.0682260971124217e-13 0.002184694167226553 
vn -0.999997615814209 -2.0682260971124217e-13 0.002184694167226553 
vn -0.999997615814209 -2.0682260971124217e-13 0.002184694167226553 
vn -0.999997615814209 -2.0682260971124217e-13 0.002184694167226553 
vn -0.999997615814209 -2.0682260971124217e-13 0.002184694167226553 
vn -0.999997615814209 -2.0682260971124217e-13 0.002184694167226553 
vn -0.999997615814209 -2.0682260971124217e-13 0.002184694167226553 
vn -0.22031553089618683 -0.8926432132720947 0.3932546079158783 
vn -0.18013016879558563 -0.9636113047599792 0.1975002884864807 
vn -0.08104071021080017 -0.9683952927589417 0.23588760197162628 
vn -0.030201226472854614 -0.999484121799469 0.010923261754214764 
vn -0.016988562420010567 -0.9792831540107727 0.2017817199230194 
vn 0.007550950627774 -0.999854564666748 -0.0152922747656703 
vn 0.060312043875455856 -0.9874662160873413 0.1458524912595749 
vn 0.01510031707584858 -0.9996926784515381 -0.01966099627315998 
vn 0.06219671666622162 -0.9885885119438171 0.1372016966342926 
vn 0.01510031707584858 -0.9996926784515381 -0.01966099627315998 
vn 0.06219671666622162 -0.9885885119438171 0.1372016966342926 
vn 0.005662258714437485 -0.9984927773475647 -0.05459024757146835 
vn 0.005662258714437485 -0.9984927773475647 -0.05459024757146835 
vn -0.030177012085914612 -0.9986827969551086 -0.04149730131030083 
vn -0.18766683340072632 -0.9821720123291016 0.010923261754214764 
vn 0.005662258714437485 -0.9984927773475647 -0.05459024757146835 
vn -0.030177012085914612 -0.9986827969551086 -0.04149730131030083 
vn -0.18766683340072632 -0.9821720123291016 0.010923261754214764 
vn -0.0301908478140831 -0.9991406798362732 -0.028397228568792343 
vn -0.18766683340072632 -0.9821720123291016 0.010923261754214764 
vn -0.18560928106307983 -0.9729979038238525 0.1372016966342926 
vn -0.29722118377685547 -0.30121567845344543 0.9060511589050293 
vn -0.0931866317987442 -0.38412052392959595 0.9185682535171509 
vn 0.2590789198875427 -0.4587692320346832 0.8499464392662048 
vn 0.2845226526260376 -0.4651995301246643 0.838234007358551 
vn 0.2845226526260376 -0.4651995301246643 0.838234007358551 
vn 3.097898456858039e-13 -0.999997615814209 0.002184694167226553 
vn 3.097898456858039e-13 -0.999997615814209 0.002184694167226553 
vn 3.097898456858039e-13 -0.999997615814209 0.002184694167226553 
vn 3.097898456858039e-13 -0.999997615814209 0.002184694167226553 
vn 3.097898456858039e-13 -0.999997615814209 0.002184694167226553 
vn 3.097898456858039e-13 -0.999997615814209 0.002184694167226553 
vn 3.097898456858039e-13 -0.999997615814209 0.002184694167226553 
vn 3.097898456858039e-13 -0.999997615814209 0.002184694167226553 
vn 3.097898456858039e-13 -0.999997615814209 -0.002184694167226553 
vn 3.097898456858039e-13 -0.999997615814209 -0.002184694167226553 
vn 3.097898456858039e-13 -0.999997615814209 -0.002184694167226553 
vn 3.097898456858039e-13 -0.999997615814209 -0.002184694167226553 
vn 3.097898456858039e-13 -0.999997615814209 -0.002184694167226553 
vn 3.097898456858039e-13 -0.999997615814209 -0.002184694167226553 
vn 3.097898456858039e-13 -0.999997615814209 -0.002184694167226553 
vn 3.097898456858039e-13 -0.999997615814209 -0.002184694167226553 
vn 3.097898456858039e-13 -0.999997615814209 0.002184694167226553 
vn 3.097898456858039e-13 -0.999997615814209 0.002184694167226553 
vn 3.097898456858039e-13 -0.999997615814209 0.002184694167226553 
vn 3.097898456858039e-13 -0.999997615814209 0.002184694167226553 
vn 3.097898456858039e-13 -0.999997615814209 0.002184694167226553 
vn 3.097898456858039e-13 -0.999997615814209 0.002184694167226553 
vn 3.097898456858039e-13 -0.999997615814209 0.002184694167226553 
vn 3.097898456858039e-13 -0.999997615814209 0.002184694167226553 
vn 3.097898456858039e-13 -0.999997615814209 -0.002184694167226553 
vn 3.097898456858039e-13 -0.999997615814209 -0.002184694167226553 
vn 3.097898456858039e-13 -0.999997615814209 -0.002184694167226553 
vn 3.097898456858039e-13 -0.999997615814209 -0.002184694167226553 
vn 3.097898456858039e-13 -0.999997615814209 0.002184694167226553 
vn 3.097898456858039e-13 -0.999997615814209 0.002184694167226553 
vn 3.097898456858039e-13 -0.999997615814209 0.002184694167226553 
vn 3.097898456858039e-13 -0.999997615814209 0.002184694167226553 
vn 3.097898456858039e-13 -0.999997615814209 0.002184694167226553 
vn 3.097898456858039e-13 -0.999997615814209 0.002184694167226553 
vn 3.097898456858039e-13 -0.999997615814209 0.002184694167226553 
vn 3.097898456858039e-13 -0.999997615814209 0.002184694167226553 
vn 3.097898456858039e-13 -0.999997615814209 0.002184694167226553 
vn 3.097898456858039e-13 -0.999997615814209 0.002184694167226553 
vn 3.097898456858039e-13 -0.999997615814209 0.002184694167226553 
vn 3.097898456858039e-13 -0.999997615814209 0.002184694167226553 
vn 3.097898456858039e-13 -0.999997615814209 0.002184694167226553 
vn 3.097898456858039e-13 -0.999997615814209 0.002184694167226553 
vn 3.097898456858039e-13 -0.999997615814209 0.002184694167226553 
vn 3.097898456858039e-13 -0.999997615814209 0.002184694167226553 
vn 3.097898456858039e-13 -0.999997615814209 0.002184694167226553 
vn 3.097898456858039e-13 -0.999997615814209 0.002184694167226553 
vn 3.097898456858039e-13 -0.999997615814209 0.002184694167226553 
vn 3.097898456858039e-13 -0.999997615814209 0.002184694167226553 
vn 3.097898456858039e-13 -0.999997615814209 0.002184694167226553 
vn 3.097898456858039e-13 -0.999997615814209 0.002184694167226553 
vn 3.097898456858039e-13 -0.999997615814209 0.002184694167226553 
vn 3.097898456858039e-13 -0.999997615814209 0.002184694167226553 
vn 3.097898456858039e-13 -0.999997615814209 0.002184694167226553 
vn 3.097898456858039e-13 -0.999997615814209 0.002184694167226553 
vn 3.097898456858039e-13 -0.999997615814209 0.002184694167226553 
vn 3.097898456858039e-13 -0.999997615814209 0.002184694167226553 
vn 3.097898456858039e-13 -0.999997615814209 -0.002184694167226553 
vn 3.097898456858039e-13 -0.999997615814209 -0.002184694167226553 
vn 3.097898456858039e-13 -0.999997615814209 -0.002184694167226553 
vn 3.097898456858039e-13 -0.999997615814209 -0.002184694167226553 
vn 3.097898456858039e-13 -0.999997615814209 0.002184694167226553 
vn 3.097898456858039e-13 -0.999997615814209 0.002184694167226553 
vn 3.097898456858039e-13 -0.999997615814209 0.002184694167226553 
vn 3.097898456858039e-13 -0.999997615814209 0.002184694167226553 
vn 3.097898456858039e-13 -0.999997615814209 0.002184694167226553 
vn 3.097898456858039e-13 -0.999997615814209 0.002184694167226553 
vn 3.097898456858039e-13 -0.999997615814209 0.002184694167226553 
vn 3.097898456858039e-13 -0.999997615814209 0.002184694167226553 
vn 3.097898456858039e-13 -0.999997615814209 0.002184694167226553 
vn 3.097898456858039e-13 -0.999997615814209 0.002184694167226553 
vn 3.097898456858039e-13 -0.999997615814209 0.002184694167226553 
vn 3.097898456858039e-13 -0.999997615814209 0.002184694167226553 
vn 3.097898456858039e-13 -0.999997615814209 0.002184694167226553 
vn 3.097898456858039e-13 -0.999997615814209 0.002184694167226553 
vn 3.097898456858039e-13 -0.999997615814209 0.002184694167226553 
vn 3.097898456858039e-13 -0.999997615814209 0.002184694167226553 
vn 0 0 1 
vn 0 0 1 
vn 0 0 1 
vn 0 0 1 
vn 3.097898456858039e-13 -0.999997615814209 0.002184694167226553 
vn 3.097898456858039e-13 -0.999997615814209 0.002184694167226553 
vn 3.097898456858039e-13 -0.999997615814209 0.002184694167226553 
vn 3.097898456858039e-13 -0.999997615814209 0.002184694167226553 
vn 3.097898456858039e-13 -0.999997615814209 0.002184694167226553 
vn 3.097898456858039e-13 -0.999997615814209 0.002184694167226553 
vn 3.097898456858039e-13 -0.999997615814209 0.002184694167226553 
vn 3.097898456858039e-13 -0.999997615814209 0.002184694167226553 
vn 3.097898456858039e-13 -0.999997615814209 0.002184694167226553 
vn 3.097898456858039e-13 -0.999997615814209 0.002184694167226553 
vn 3.097898456858039e-13 -0.999997615814209 0.002184694167226553 
vn 3.097898456858039e-13 -0.999997615814209 0.002184694167226553 
vn 3.097898456858039e-13 -0.999997615814209 0.002184694167226553 
vn 3.097898456858039e-13 -0.999997615814209 0.002184694167226553 
vn 3.097898456858039e-13 -0.999997615814209 0.002184694167226553 
vn 3.097898456858039e-13 -0.999997615814209 0.002184694167226553 
vn 3.097898456858039e-13 -0.999997615814209 0.002184694167226553 
vn 3.097898456858039e-13 -0.999997615814209 0.002184694167226553 
vn 3.097898456858039e-13 -0.999997615814209 0.002184694167226553 
vn 3.097898456858039e-13 -0.999997615814209 0.002184694167226553 
vn 3.097898456858039e-13 -0.999997615814209 -0.002184694167226553 
vn 3.097898456858039e-13 -0.999997615814209 -0.002184694167226553 
vn 3.097898456858039e-13 -0.999997615814209 -0.002184694167226553 
vn 3.097898456858039e-13 -0.999997615814209 -0.002184694167226553 
vn -0.09462377429008484 0.2137567549943924 0.9722933769226074 
vn -0.11431459337472916 -0.05387437716126442 0.9919826984405518 
vn 0.26501554250717163 0.2823229134082794 0.9219872951507568 
vn 0.27955693006515503 -0.05225824564695358 0.9587059020996094 
vn 0.2954251170158386 0.2861032783985138 0.9115201234817505 
vn 0.31339704990386963 -0.0522967204451561 0.9481810927391052 
vn 0.2954251170158386 0.2861032783985138 0.9115201234817505 
vn 0.31339704990386963 -0.0522967204451561 0.9481810927391052 
vn 0.2954251170158386 0.2861032783985138 0.9115201234817505 
vn 0.31339704990386963 -0.0522967204451561 0.9481810927391052 
vn 0.3250315189361572 0.28911349177360535 0.9004265069961548 
vn 0.34777477383613586 -0.04499533027410507 0.9364978075027466 
vn 0.6465604901313782 0.2290922850370407 0.7276512384414673 
vn 0.6849129796028137 -0.037655308842659 0.7276512384414673 
vn -0.11431459337472916 -0.05387437716126442 0.9919826984405518 
vn 0.27955693006515503 -0.05225824564695358 0.9587059020996094 
vn 0.31339704990386963 -0.0522967204451561 0.9481810927391052 
vn 0.31339704990386963 -0.0522967204451561 0.9481810927391052 
vn 0.31339704990386963 -0.0522967204451561 0.9481810927391052 
vn 0.34777477383613586 -0.04499533027410507 0.9364978075027466 
vn 0.6849129796028137 -0.037655308842659 0.7276512384414673 
vn -0.11431459337472916 -0.05387437716126442 0.9919826984405518 
vn 0.27955693006515503 -0.05225824564695358 0.9587059020996094 
vn 0.31339704990386963 -0.0522967204451561 0.9481810927391052 
vn 0.31339704990386963 -0.0522967204451561 0.9481810927391052 
vn 0.31339704990386963 -0.0522967204451561 0.9481810927391052 
vn 0.34777477383613586 -0.04499533027410507 0.9364978075027466 
vn 0.6849129796028137 -0.037655308842659 0.7276512384414673 
vn 0.2590789198875427 -0.4587692320346832 0.8499464392662048 
vn 0.2845226526260376 -0.4651995301246643 0.838234007358551 
vn 0.2845226526260376 -0.4651995301246643 0.838234007358551 
vn 0.2845226526260376 -0.4651995301246643 0.838234007358551 
vn 0.318366676568985 -0.4561338722705841 0.8310141563415527 
vn 0.6334149241447449 -0.3671535849571228 0.681163489818573 
vn 3.097898456858039e-13 -0.999997615814209 0.002184694167226553 
vn 3.097898456858039e-13 -0.999997615814209 0.002184694167226553 
vn 3.097898456858039e-13 -0.999997615814209 0.002184694167226553 
vn 3.097898456858039e-13 -0.999997615814209 0.002184694167226553 
vn 3.097898456858039e-13 -0.999997615814209 0.002184694167226553 
vn 3.097898456858039e-13 -0.999997615814209 0.002184694167226553 
vn 3.097898456858039e-13 -0.999997615814209 0.002184694167226553 
vn 3.097898456858039e-13 -0.999997615814209 0.002184694167226553 
vn 3.097898456858039e-13 -0.999997615814209 0.002184694167226553 
vn 3.097898456858039e-13 -0.999997615814209 0.002184694167226553 
vn 3.097898456858039e-13 -0.999997615814209 0.002184694167226553 
vn 3.097898456858039e-13 -0.999997615814209 0.002184694167226553 
vn 3.097898456858039e-13 -0.999997615814209 0.002184694167226553 
vn 3.097898456858039e-13 -0.999997615814209 0.002184694167226553 
vn 3.097898456858039e-13 -0.999997615814209 0.002184694167226553 
vn 3.097898456858039e-13 -0.999997615814209 0.002184694167226553 
vn 3.097898456858039e-13 -0.999997615814209 -0.002184694167226553 
vn 3.097898456858039e-13 -0.999997615814209 -0.002184694167226553 
vn 3.097898456858039e-13 -0.999997615814209 -0.002184694167226553 
vn 3.097898456858039e-13 -0.999997615814209 -0.002184694167226553 
vn 3.097898456858039e-13 -0.999997615814209 -0.002184694167226553 
vn 3.097898456858039e-13 -0.999997615814209 -0.002184694167226553 
vn 3.097898456858039e-13 -0.999997615814209 -0.002184694167226553 
vn 3.097898456858039e-13 -0.999997615814209 -0.002184694167226553 
vn 0 0 1 
vn 0 0 1 
vn 0 0 1 
vn 3.097898456858039e-13 -0.999997615814209 0.002184694167226553 
vn 3.097898456858039e-13 -0.999997615814209 0.002184694167226553 
vn 3.097898456858039e-13 -0.999997615814209 0.002184694167226553 
vn 3.097898456858039e-13 -0.999997615814209 0.002184694167226553 
vn 3.097898456858039e-13 -0.999997615814209 -0.002184694167226553 
vn 3.097898456858039e-13 -0.999997615814209 -0.002184694167226553 
vn 3.097898456858039e-13 -0.999997615814209 -0.002184694167226553 
vn 3.097898456858039e-13 -0.999997615814209 -0.002184694167226553 
vn 3.097898456858039e-13 -0.999997615814209 -0.002184694167226553 
vn 3.097898456858039e-13 -0.999997615814209 -0.002184694167226553 
vn 3.097898456858039e-13 -0.999997615814209 -0.002184694167226553 
vn 3.097898456858039e-13 -0.999997615814209 -0.002184694167226553 
vn 3.097898456858039e-13 -0.999997615814209 0.002184694167226553 
vn 3.097898456858039e-13 -0.999997615814209 0.002184694167226553 
vn 3.097898456858039e-13 -0.999997615814209 0.002184694167226553 
vn 3.097898456858039e-13 -0.999997615814209 0.002184694167226553 
vn 3.097898456858039e-13 -0.999997615814209 0.002184694167226553 
vn 3.097898456858039e-13 -0.999997615814209 0.002184694167226553 
vn 3.097898456858039e-13 -0.999997615814209 0.002184694167226553 
vn 3.097898456858039e-13 -0.999997615814209 0.002184694167226553 
vn 3.097898456858039e-13 -0.999997615814209 0.002184694167226553 
vn 3.097898456858039e-13 -0.999997615814209 0.002184694167226553 
vn 3.097898456858039e-13 -0.999997615814209 0.002184694167226553 
vn 3.097898456858039e-13 -0.999997615814209 0.002184694167226553 
vn 0.999997615814209 0 0.002184694167226553 
vn 0.999997615814209 0 0.002184694167226553 
vn 0.999997615814209 0 0.002184694167226553 
vn 0.999997615814209 0 0.002184694167226553 
vn 0.6465604901313782 0.2290922850370407 0.7276512384414673 
vn 0.6849129796028137 -0.037655308842659 0.7276512384414673 
vn 0.7928659915924072 0.164675772190094 0.5867242813110352 
vn 0.8193620443344116 -0.030164148658514023 0.5724822878837585 
vn 0.8814289569854736 0.10541652888059616 0.46040233969688416 
vn 0.8894256949424744 -0.02263008989393711 0.456519216299057 
vn 0.927365779876709 0.17989884316921234 0.3280687630176544 
vn 0.9386547803878784 -0.015085037797689438 0.34452807903289795 
vn 0.9510851502418518 0.25386521220207214 0.1760382205247879 
vn 0.981962263584137 -0.007551985792815685 0.18892620503902435 
vn 0.8951804637908936 0.3610880672931671 -0.2612801790237427 
vn 0.9554227590560913 0.01510339230298996 -0.2948545813560486 
vn 0.8898237943649292 0.36806610226631165 -0.26970529556274414 
vn 0.9513256549835205 0.022645773366093636 -0.30735430121421814 
vn 0.8881734013557434 0.3750470280647278 -0.26549527049064636 
vn 0.9513256549835205 0.022645773366093636 -0.30735430121421814 
vn 0.8852078914642334 0.38199374079704285 -0.26549527049064636 
vn 0.9513256549835205 0.022645773366093636 -0.30735430121421814 
vn 0.8839401602745056 0.3819800913333893 -0.26970529556274414 
vn 0.9499733448028564 0.02264218218624592 -0.31150925159454346 
vn 0.780029296875 0.3516996502876282 -0.5175535082817078 
vn 0.8193604350090027 0.03020835854113102 -0.5724822878837585 
vn 0.6737834215164185 0.2939196228981018 -0.677958071231842 
vn 0.6817172765731812 0.03774409741163254 -0.7306414246559143 
vn 0.48769477009773254 0.22706815600395203 -0.8429672718048096 
vn 0.49477487802505493 0.045289475470781326 -0.8678402304649353 
vn 0.26722410321235657 0.3073420524597168 -0.913308322429657 
vn 0.30070939660072327 0.052597176283597946 -0.9522643685340881 
vn 0.07892853021621704 0.37497109174728394 -0.9236704111099243 
vn 0.10580672323703766 0.05155825987458229 -0.9930492043495178 
vn 0.6849129796028137 -0.037655308842659 0.7276512384414673 
vn 0.8193620443344116 -0.030164148658514023 0.5724822878837585 
vn 0.8894256949424744 -0.02263008989393711 0.456519216299057 
vn 0.9386547803878784 -0.015085037797689438 0.34452807903289795 
vn 0.981962263584137 -0.007551985792815685 0.18892620503902435 
vn 0.9554227590560913 0.01510339230298996 -0.2948545813560486 
vn 0.9513256549835205 0.022645773366093636 -0.30735430121421814 
vn 0.9513256549835205 0.022645773366093636 -0.30735430121421814 
vn 0.9513256549835205 0.022645773366093636 -0.30735430121421814 
vn 0.9499733448028564 0.02264218218624592 -0.31150925159454346 
vn 0.8193604350090027 0.03020835854113102 -0.5724822878837585 
vn 0.6817172765731812 0.03774409741163254 -0.7306414246559143 
vn 0.49477487802505493 0.045289475470781326 -0.8678402304649353 
vn 0.30070939660072327 0.052597176283597946 -0.9522643685340881 
vn 0.10580672323703766 0.05155825987458229 -0.9930492043495178 
vn 0.6849129796028137 -0.037655308842659 0.7276512384414673 
vn 0.8193620443344116 -0.030164148658514023 0.5724822878837585 
vn 0.8894256949424744 -0.02263008989393711 0.456519216299057 
vn 0.9386547803878784 -0.015085037797689438 0.34452807903289795 
vn 0.981962263584137 -0.007551985792815685 0.18892620503902435 
vn 0.9554227590560913 0.01510339230298996 -0.2948545813560486 
vn 0.9513256549835205 0.022645773366093636 -0.30735430121421814 
vn 0.9513256549835205 0.022645773366093636 -0.30735430121421814 
vn 0.9513256549835205 0.022645773366093636 -0.30735430121421814 
vn 0.9499733448028564 0.02264218218624592 -0.31150925159454346 
vn 0.8193604350090027 0.03020835854113102 -0.5724822878837585 
vn 0.6817172765731812 0.03774409741163254 -0.7306414246559143 
vn 0.49477487802505493 0.045289475470781326 -0.8678402304649353 
vn 0.30070939660072327 0.052597176283597946 -0.9522643685340881 
vn 0.10580672323703766 0.05155825987458229 -0.9930492043495178 
vn 0.6334149241447449 -0.3671535849571228 0.681163489818573 
vn 0.7833203077316284 -0.2810904085636139 0.5544344186782837 
vn 0.8793298602104187 -0.17996101081371307 0.4409002661705017 
vn 0.9165211915969849 -0.2608881890773773 0.30319350957870483 
vn 0.9341451525688171 -0.3257297873497009 0.1458524912595749 
vn 0.8648552894592285 -0.40930718183517456 -0.29067665338516235 
vn 0.8588064312934875 -0.4159740209579468 -0.2990269064903259 
vn 0.8554878830909729 -0.42275696992874146 -0.2990269064903259 
vn 0.8535267114639282 -0.4295962154865265 -0.2948545813560486 
vn 0.8472590446472168 -0.43614885210990906 -0.30319350957870483 
vn 0.7584266066551208 -0.3652389943599701 -0.5398051738739014 
vn 0.6606937646865845 -0.28644269704818726 -0.6938546895980835 
vn 0.4841514825820923 -0.17755630612373352 -0.8567795157432556 
vn 0.2641808092594147 -0.27756354212760925 -0.9236704111099243 
vn 0.07865237444639206 -0.3542934060096741 -0.931820809841156 
vn 0.2409973293542862 -0.9613871574401855 0.1328723281621933 
vn 0.43559327721595764 -0.8827621936798096 0.1760382205247879 
vn 0.29008448123931885 -0.9562804102897644 0.03713129088282585 
vn 0.26121920347213745 -0.9651583433151245 -0.0152922747656703 
vn 0.19318631291389465 -0.9748415350914001 -0.1111890971660614 
vn 0.18577438592910767 -0.9762811660766602 -0.1111890971660614 
vn 0.18577438592910767 -0.9762811660766602 -0.1111890971660614 
vn 0.0923815369606018 0.9536179900169373 -0.2864931523799896 
vn 0.25688034296035767 0.8736362457275391 -0.41324591636657715 
vn 0.23910930752754211 0.9506946802139282 -0.1975002884864807 
vn 0.25191885232925415 0.9608275890350342 -0.11553031951189041 
vn 0.2538163959980011 0.9666973352432251 -0.03276457265019417 
vn 0.26110947132110596 0.9647529721260071 -0.03276457265019417 
vn 0.26110947132110596 0.9647529721260071 -0.03276457265019417 
vn 0.2683466970920563 0.9626065492630005 -0.03713129088282585 
vn 0.27560847997665405 0.9605525732040405 -0.03713129088282585 
vn 0.368592768907547 0.9243946075439453 0.0981530249118805 
vn 0.4029911458492279 0.8989466428756714 0.17173540592193604 
vn 0.5752955079078674 0.7456070184707642 0.3363112509250641 
vn 0.330709308385849 0.8908385634422302 0.31150925159454346 
vn 0.18554061651229858 -0.9073867201805115 -0.37712597846984863 
vn 0.17092280089855194 -0.9596867561340332 -0.22312943637371063 
vn 0.1746262162923813 -0.9710291028022766 -0.16312000155448914 
vn 3.097898456858039e-13 -0.999997615814209 -0.002184694167226553 
vn 3.097898456858039e-13 -0.999997615814209 -0.002184694167226553 
vn 3.097898456858039e-13 -0.999997615814209 -0.002184694167226553 
vn 3.097898456858039e-13 -0.999997615814209 -0.002184694167226553 
vn 0.3250315189361572 0.28911349177360535 0.9004265069961548 
vn 0.6465604901313782 0.2290922850370407 0.7276512384414673 
vn 0.7928659915924072 0.164675772190094 0.5867242813110352 
vn -2.0682311115474694e-13 0 -1 
vn -2.0682311115474694e-13 0 -1 
vn -2.0682311115474694e-13 0 -1 
vn -1.0341130485562108e-13 0.999997615814209 0.002184694167226553 
vn -1.0341130485562108e-13 0.999997615814209 0.002184694167226553 
vn -1.0341130485562108e-13 0.999997615814209 0.002184694167226553 
vn -1.0341130485562108e-13 0.999997615814209 0.002184694167226553 
vn -1.0341130485562108e-13 0.999997615814209 0.002184694167226553 
vn -1.0341130485562108e-13 0.999997615814209 0.002184694167226553 
vn -1.0341130485562108e-13 0.999997615814209 0.002184694167226553 
vn -1.0341130485562108e-13 0.999997615814209 0.002184694167226553 
vn -1.0341130485562108e-13 0.999997615814209 0.002184694167226553 
vn -1.0341130485562108e-13 0.999997615814209 0.002184694167226553 
vn -1.0341130485562108e-13 0.999997615814209 0.002184694167226553 
vn -1.0341130485562108e-13 0.999997615814209 0.002184694167226553 
vn -1.0341130485562108e-13 0.999997615814209 0.002184694167226553 
vn -1.0341130485562108e-13 0.999997615814209 0.002184694167226553 
vn -1.0341130485562108e-13 0.999997615814209 0.002184694167226553 
vn 0.9088051319122314 0 0.417220801115036 
vn 0.9088051319122314 0 0.417220801115036 
vn 0.8897135257720947 0 0.456519216299057 
vn 0.8897135257720947 0 0.456519216299057 
vn 0.8601409196853638 0 0.5100564956665039 
vn 0.8601409196853638 0 0.5100564956665039 
vn 0.8322274088859558 0 0.5544344186782837 
vn 0.8297969698905945 0 0.5580654144287109 
vn 0.8072154521942139 0 0.590256929397583 
vn 0.8072154521942139 0 0.590256929397583 
vn 0.7860940098762512 0 0.6181069612503052 
vn 0.7860940098762512 0 0.6181069612503052 
vn 0.7751715183258057 0 0.6317508816719055 
vn 0.7751715183258057 0 0.6317508816719055 
vn 0.7526195645332336 0 0.6584556698799133 
vn 0.7526195645332336 0 0.6584556698799133 
vn 0.5920190215110779 0 0.8059239983558655 
vn 0.5920190215110779 0 0.8059239983558655 
vn -0.4584464430809021 0.003760533407330513 0.888714075088501 
vn -0.4584464430809021 0.003760533407330513 0.888714075088501 
vn -0.5156829357147217 -1.0688416026815445e-13 0.8567795157432556 
vn -0.5156829357147217 -1.0688416026815445e-13 0.8567795157432556 
vn -0.5194079279899597 0.003768583992496133 0.8545181155204773 
vn -0.5156829357147217 -1.0688416026815445e-13 0.8567795157432556 
vn -0.5194079279899597 0.003768583992496133 0.8545181155204773 
vn -0.5194079279899597 0.003768583992496133 0.8545181155204773 
vn -0.5670837163925171 0.0037665374111384153 0.8236515522003174 
vn -0.5670837163925171 0.0037665374111384153 0.8236515522003174 
vn -0.7887782454490662 0.0037717486266046762 0.6146662831306458 
vn -0.7887782454490662 0.0037717486266046762 0.6146662831306458 
vn -0.8578957915306091 0.0037694775965064764 0.5138099193572998 
vn -0.8578957915306091 0.0037694775965064764 0.5138099193572998 
vn -0.8836531639099121 -1.8275989445773466e-13 0.46814218163490295 
vn -0.8836531639099121 -1.8275989445773466e-13 0.46814218163490295 
vn -0.9159502387046814 0.0037713744677603245 0.401274174451828 
vn -0.9159502387046814 0.0037713744677603245 0.401274174451828 
vn -0.9785322546958923 0.00377198145724833 0.2060592919588089 
vn -0.9785322546958923 0.00377198145724833 0.2060592919588089 
vn -0.9942756295204163 -2.0563917593491993e-13 0.10684575140476227 
vn -0.9942756295204163 -2.0563917593491993e-13 0.10684575140476227 
vn -0.9963652491569519 0.003775860881432891 0.08510008454322815 
vn -0.9963652491569519 0.003775860881432891 0.08510008454322815 
vn -0.999997615814209 -2.0682260971124217e-13 -0.002184694167226553 
vn -0.999997615814209 -2.0682260971124217e-13 -0.002184694167226553 
vn -0.9803028106689453 -2.0231394142443404e-13 -0.1975002884864807 
vn -0.9803028106689453 -2.0231394142443404e-13 -0.1975002884864807 
vn -0.9278009533882141 -1.914786417530484e-13 -0.37307560443878174 
vn -0.9278009533882141 -1.914786417530484e-13 -0.37307560443878174 
vn -0.8601325750350952 0.0037793058436363935 -0.5100564956665039 
vn -0.9129677414894104 0.16524067521095276 -0.37307560443878174 
vn -0.8493503928184509 0.16148383915424347 -0.5025205612182617 
vn -0.5413151383399963 0.8118341565132141 -0.21886809170246124 
vn -0.4972556531429291 0.8159642219543457 -0.2948545813560486 
vn -0.06788744032382965 0.9972887635231018 -0.028397228568792343 
vn -0.06033686175942421 0.9974871873855591 -0.03713129088282585 
vn -1.0341130485562108e-13 0.999997615814209 0.002184694167226553 
vn -1.0341130485562108e-13 0.999997615814209 -0.002184694167226553 
vn -1.0341130485562108e-13 0.999997615814209 0.002184694167226553 
vn -1.0341130485562108e-13 0.999997615814209 -0.002184694167226553 
vn -1.0341130485562108e-13 0.999997615814209 0.002184694167226553 
vn -1.0341130485562108e-13 0.999997615814209 0.002184694167226553 
vn -1.0341130485562108e-13 0.999997615814209 0.002184694167226553 
vn -1.0341130485562108e-13 0.999997615814209 -0.002184694167226553 
vn -1.0341130485562108e-13 0.999997615814209 0.002184694167226553 
vn -1.0341130485562108e-13 0.999997615814209 -0.002184694167226553 
vn -1.0341130485562108e-13 0.999997615814209 0.002184694167226553 
vn -1.0341130485562108e-13 0.999997615814209 0.002184694167226553 
vn 0.022651128470897675 0.9996264576911926 0.0152922747656703 
vn 0.02265242673456669 0.9996837377548218 0.010923261754214764 
vn 0.6963358521461487 0.6203873753547668 0.36088213324546814 
vn 0.7111082077026367 0.6218488216400146 0.3280687630176544 
vn 0.8851116895675659 0.09037398546934128 0.456519216299057 
vn 0.9043009877204895 0.09036863595247269 0.417220801115036 
vn 0.8897135257720947 0 0.456519216299057 
vn 0.9088051319122314 0 0.417220801115036 
vn 0.8897135257720947 0 0.456519216299057 
vn 0.9088051319122314 0 0.417220801115036 
vn -0.9683836698532104 0.1466875970363617 -0.2017817199230194 
vn -0.6011216044425964 0.790116548538208 -0.11986933648586273 
vn -0.08296574652194977 0.9964350461959839 -0.0152922747656703 
vn -1.0341130485562108e-13 0.999997615814209 0.002184694167226553 
vn -1.0341130485562108e-13 0.999997615814209 0.002184694167226553 
vn -1.0341130485562108e-13 0.999997615814209 0.002184694167226553 
vn -1.0341130485562108e-13 0.999997615814209 -0.002184694167226553 
vn -1.0341130485562108e-13 0.999997615814209 -0.002184694167226553 
vn -1.0341130485562108e-13 0.999997615814209 -0.002184694167226553 
vn 0.022651128470897675 0.9996264576911926 0.0152922747656703 
vn 0.6757041811943054 0.6183873414993286 0.401274174451828 
vn 0.8576108813285828 0.09039147198200226 0.5062933564186096 
vn 0.8601409196853638 0 0.5100564956665039 
vn 0.8601409196853638 0 0.5100564956665039 
vn 0.8297969698905945 0 0.5580654144287109 
vn 0.8297969698905945 0 0.5580654144287109 
vn 0.8072154521942139 0 0.590256929397583 
vn 0.8072154521942139 0 0.590256929397583 
vn 0.7860940098762512 0 0.6181069612503052 
vn 0.7860940098762512 0 0.6181069612503052 
vn 0.7751715183258057 0 0.6317508816719055 
vn 0.7751715183258057 0 0.6317508816719055 
vn 0.7526195645332336 0 0.6584556698799133 
vn 0.7526195645332336 0 0.6584556698799133 
vn 0.5920190215110779 0 0.8059239983558655 
vn 0.5920190215110779 0 0.8059239983558655 
vn -0.4584464430809021 0.003760533407330513 0.888714075088501 
vn -0.4584464430809021 0.003760533407330513 0.888714075088501 
vn -0.5156829357147217 -1.0688416026815445e-13 0.8567795157432556 
vn -0.49548253417015076 0.3041841983795166 0.8136147856712341 
vn -0.5441597700119019 0.28952452540397644 0.7874425053596497 
vn -0.7605262994766235 0.23759706318378448 0.6042742133140564 
vn -0.8361101150512695 0.20189665257930756 0.5100564956665039 
vn -0.8701993823051453 0.16492469608783722 0.4642767012119293 
vn -0.902622401714325 0.12041861563920975 0.41324591636657715 
vn -0.9757664799690247 0.06033146008849144 0.2103329300880432 
vn -0.9924139976501465 0.0678829774260521 0.10250037163496017 
vn -0.9932810068130493 0.08290334045886993 0.08074574917554855 
vn -0.9935694932937622 0.11303403973579407 -0.006554040592163801 
vn 0.8273065686225891 0.09036760032176971 0.5544344186782837 
vn 0.8047401309013367 0.09026606380939484 0.5867242813110352 
vn 0.7835987210273743 0.09032373875379562 0.6146662831306458 
vn 0.7726644277572632 0.09031151980161667 0.6283578276634216 
vn 0.7500681281089783 0.09034378826618195 0.6551609039306641 
vn 0.5689588785171509 0.11965255439281464 0.8136147856712341 
vn -0.44763901829719543 0.3177817165851593 0.8358433246612549 
vn -0.4874356687068939 0.31691864132881165 0.8136147856712341 
vn -0.16329099237918854 0.9477917551994324 0.27391019463539124 
vn -0.17810477316379547 0.9400988221168518 0.29067665338516235 
vn -0.02263815514743328 0.999053955078125 0.03713129088282585 
vn -0.19845856726169586 0.9373024702072144 0.2864931523799896 
vn -0.02263815514743328 0.999053955078125 0.03713129088282585 
vn -0.3325011134147644 0.9061874747276306 0.2612801790237427 
vn -0.04526469111442566 0.9982846975326538 0.03713129088282585 
vn -0.05281035229563713 0.9980669021606445 0.03276457265019417 
vn -1.0341130485562108e-13 0.999997615814209 0.002184694167226553 
vn -1.0341130485562108e-13 0.999997615814209 0.002184694167226553 
vn -1.0341130485562108e-13 0.999997615814209 0.002184694167226553 
vn -0.0980169028043747 0.9951823353767395 0.002184694167226553 
vn -0.4061157703399658 0.8793551325798035 0.24860523641109467 
vn -0.4551439583301544 0.8537672162055969 0.25283506512641907 
vn -0.5564276576042175 0.7928326725959778 0.24860523641109467 
vn -0.8995858430862427 0.3996947407722473 0.1760382205247879 
vn -0.8194714784622192 0.5674034357070923 0.08074574917554855 
vn -0.7784753441810608 0.6252967119216919 0.05459024757146835 
vn -0.6908918619155884 0.7229284048080444 -0.006554040592163801 
vn -0.11303403973579407 0.9935694932937622 0.006554040592163801 
vn -0.05281035229563713 0.9980669021606445 0.03276457265019417 
vn -0.16526459157466888 0.985550045967102 0.03713129088282585 
vn -1.0341130485562108e-13 0.999997615814209 0.002184694167226553 
vn -1.0341130485562108e-13 0.999997615814209 0.002184694167226553 
vn -1.0341130485562108e-13 0.999997615814209 -0.002184694167226553 
vn -1.0341130485562108e-13 0.999997615814209 -0.002184694167226553 
vn -1.0341130485562108e-13 0.999997615814209 -0.002184694167226553 
vn -1.0341130485562108e-13 0.999997615814209 -0.002184694167226553 
vn -1.0341130485562108e-13 0.999997615814209 -0.002184694167226553 
vn 0.022651128470897675 0.9996264576911926 0.0152922747656703 
vn 0.6498743891716003 0.6218655109405518 0.43697428703308105 
vn 0.6350012421607971 0.6203250288963318 0.46040233969688416 
vn 0.6196229457855225 0.6182892918586731 0.4835140109062195 
vn 0.6063716411590576 0.622367799282074 0.4949462115764618 
vn 0.5810387134552002 0.6250228881835938 0.5212872624397278 
vn 0.4976130425930023 0.6015108227729797 0.6249527335166931 
vn -0.14466704428195953 0.9483542442321777 0.28230419754981995 
vn -0.001887861406430602 0.9987360239028931 0.05022686347365379 
vn -0.02263815514743328 0.999053955078125 0.03713129088282585 
vn -1.0341130485562108e-13 0.999997615814209 -0.002184694167226553 
vn -1.0341130485562108e-13 0.999997615814209 -0.002184694167226553 
vn 0.022651128470897675 0.9996264576911926 0.0152922747656703 
vn 0.022651128470897675 0.9996264576911926 0.0152922747656703 
vn -0.5194079279899597 0.003768583992496133 0.8545181155204773 
vn -0.5670837163925171 0.0037665374111384153 0.8236515522003174 
vn -0.5670837163925171 0.0037665374111384153 0.8236515522003174 
vn -0.7887782454490662 0.0037717486266046762 0.6146662831306458 
vn -0.8578957915306091 0.0037694775965064764 0.5138099193572998 
vn -0.8836531639099121 -1.8275989445773466e-13 0.46814218163490295 
vn -0.9159502387046814 0.0037713744677603245 0.401274174451828 
vn -0.9785322546958923 0.00377198145724833 0.2060592919588089 
vn -0.9942756295204163 -2.0563917593491993e-13 0.10684575140476227 
vn -0.9963652491569519 0.003775860881432891 0.08510008454322815 
vn -0.999997615814209 -2.0682260971124217e-13 -0.002184694167226553 
vn -0.9803028106689453 -2.0231394142443404e-13 -0.1975002884864807 
vn -0.9278009533882141 -1.914786417530484e-13 -0.37307560443878174 
vn -0.8601325750350952 -0.0037793058436363935 -0.5100564956665039 
vn -0.8601325750350952 -0.0037793058436363935 -0.5100564956665039 
vn -0.7696212530136108 -1.5917546144009198e-13 -0.6385006904602051 
vn -0.7696212530136108 -1.5917546144009198e-13 -0.6385006904602051 
vn -0.6232457756996155 -1.2890162299095814e-13 -0.7820260524749756 
vn -0.6232457756996155 -1.2890162299095814e-13 -0.7820260524749756 
vn -0.45844629406929016 0.0037802732549607754 -0.888714075088501 
vn -0.45844629406929016 0.0037802732549607754 -0.888714075088501 
vn -0.3831879794597626 -7.925212949008026e-14 -0.9236704111099243 
vn -0.3831879794597626 -7.925212949008026e-14 -0.9236704111099243 
vn -0.3669672906398773 0.0037800082936882973 -0.9302261471748352 
vn -0.3669672906398773 0.0037800082936882973 -0.9302261471748352 
vn -0.2676009237766266 -5.5346054345442597e-14 -0.9635298252105713 
vn -0.2676009237766266 -5.5346054345442597e-14 -0.9635298252105713 
vn -0.10901768505573273 -2.2595789714134618e-14 -0.9940398335456848 
vn -0.10901768505573273 -2.2595789714134618e-14 -0.9940398335456848 
vn -0.05664477497339249 0.003791921539232135 -0.9983872175216675 
vn -0.05664477497339249 0.003791921539232135 -0.9983872175216675 
vn -0.002184688812121749 0.0037839922588318586 -0.9999904632568359 
vn -0.002184688812121749 0.0037839922588318586 -0.9999904632568359 
vn 0.11770011484622955 0 -0.9930492043495178 
vn 0.11770011484622955 0 -0.9930492043495178 
vn 0.4310697019100189 0 -0.9023185968399048 
vn 0.4310697019100189 0 -0.9023185968399048 
vn 0.4892406165599823 0 -0.872148871421814 
vn 0.4892406165599823 0 -0.872148871421814 
vn 0.49304670095443726 0 -0.8700028657913208 
vn 0.49304670095443726 0 -0.8700028657913208 
vn 0.5119344592094421 0 -0.8590245246887207 
vn 0.5119344592094421 0 -0.8590245246887207 
vn 0.9982607960700989 0 0.058952588587999344 
vn 0.9982607960700989 0 0.058952588587999344 
vn 0.9432113766670227 0 0.33219319581985474 
vn 0.9432113766670227 0 0.33219319581985474 
vn 0.9294221997261047 0 0.3690181374549866 
vn 0.9294221997261047 0 0.3690181374549866 
vn 0.9228310585021973 0 0.3852050006389618 
vn 0.9228310585021973 0 0.3852050006389618 
vn 0.4892406165599823 0 -0.872148871421814 
vn 0.4310697019100189 0 -0.9023185968399048 
vn 0.11770011484622955 0 -0.9930492043495178 
vn -0.002184688812121749 0.0037839922588318586 -0.9999904632568359 
vn -0.05664477497339249 0.003791921539232135 -0.9983872175216675 
vn -0.10901768505573273 -2.2595789714134618e-14 -0.9940398335456848 
vn -0.2676009237766266 -5.5346054345442597e-14 -0.9635298252105713 
vn -0.3669672906398773 0.0037800082936882973 -0.9302261471748352 
vn -0.3831879794597626 -7.925212949008026e-14 -0.9236704111099243 
vn -0.45844629406929016 0.0037802732549607754 -0.888714075088501 
vn -0.6232457756996155 -1.2890162299095814e-13 -0.7820260524749756 
vn -0.7696212530136108 -1.5917546144009198e-13 -0.6385006904602051 
vn -0.8601325750350952 0.0037793058436363935 -0.5100564956665039 
vn -0.9278009533882141 -1.914786417530484e-13 -0.37307560443878174 
vn -0.9803028106689453 -2.0231394142443404e-13 -0.1975002884864807 
vn -0.999997615814209 -2.0682260971124217e-13 -0.002184694167226553 
vn -0.9963652491569519 0.003775860881432891 0.08510008454322815 
vn -0.9942756295204163 -2.0563917593491993e-13 0.10684575140476227 
vn -0.9785322546958923 0.00377198145724833 0.2060592919588089 
vn -0.9159502387046814 0.0037713744677603245 0.401274174451828 
vn -0.8836531639099121 -1.8275989445773466e-13 0.46814218163490295 
vn -0.8578957915306091 0.0037694775965064764 0.5138099193572998 
vn -0.7887782454490662 0.0037717486266046762 0.6146662831306458 
vn 0.49304670095443726 0 -0.8700028657913208 
vn 0.5119344592094421 0 -0.8590245246887207 
vn 0.9982607960700989 0 0.058952588587999344 
vn 0.9432113766670227 0 0.33219319581985474 
vn 0.9294221997261047 0 0.3690181374549866 
vn 0.9228310585021973 0 0.3852050006389618 
vn -0.7696212530136108 -1.5917546144009198e-13 -0.6385006904602051 
vn -0.7610294818878174 0.16124692559242249 -0.6283578276634216 
vn -0.4499471187591553 0.8095206022262573 -0.37712597846984863 
vn -0.054720595479011536 0.9972376227378845 -0.05022686347365379 
vn -1.0341130485562108e-13 0.999997615814209 0.002184694167226553 
vn -1.0341130485562108e-13 0.999997615814209 0.002184694167226553 
vn -1.0341130485562108e-13 0.999997615814209 0.002184694167226553 
vn -1.0341130485562108e-13 0.999997615814209 -0.002184694167226553 
vn -1.0341130485562108e-13 0.999997615814209 0.002184694167226553 
vn -1.0341130485562108e-13 0.999997615814209 0.002184694167226553 
vn -1.0341130485562108e-13 0.999997615814209 0.002184694167226553 
vn -1.0341130485562108e-13 0.999997615814209 -0.002184694167226553 
vn -1.0341130485562108e-13 0.999997615814209 -0.002184694167226553 
vn -1.0341130485562108e-13 0.999997615814209 -0.002184694167226553 
vn 0.020764991641044617 0.9985219240188599 -0.05022686347365379 
vn 0.02832009457051754 0.9985462427139282 -0.04586252197623253 
vn 0.1893131285905838 0.8997284770011902 -0.3932546079158783 
vn 0.2115478366613388 0.9050266146659851 -0.3690181374549866 
vn 0.4730054438114166 0.24037200212478638 -0.8476362228393555 
vn 0.198735773563385 0.9143816232681274 -0.3527185618877411 
vn 0.47768881916999817 0.24742582440376282 -0.8429672718048096 
vn 0.486357182264328 0.2546028196811676 -0.8358433246612549 
vn 0.5119344592094421 0 -0.8590245246887207 
vn 0.9982607960700989 0 0.058952588587999344 
vn 0.49304670095443726 0 -0.8700028657913208 
vn 0.4892406165599823 0 -0.872148871421814 
vn 0.4214082360267639 0.2251134216785431 -0.8784868121147156 
vn 0.06790558993816376 0.8483821749687195 -0.5250110030174255 
vn 0.01132541336119175 0.9973379969596863 -0.07203252613544464 
vn -1.0341130485562108e-13 0.999997615814209 -0.002184694167226553 
vn -1.0341130485562108e-13 0.999997615814209 0.002184694167226553 
vn -1.0341130485562108e-13 0.999997615814209 0.002184694167226553 
vn -1.0341130485562108e-13 0.999997615814209 0.002184694167226553 
vn -1.0341130485562108e-13 0.999997615814209 0.002184694167226553 
vn -0.049073055386543274 0.9964998960494995 -0.06767380982637405 
vn -0.3912513554096222 0.7782667279243469 -0.4911448359489441 
vn -0.6241298913955688 0.14245358109474182 -0.7682244777679443 
vn -0.6232457756996155 -1.2890162299095814e-13 -0.7820260524749756 
vn -0.45844629406929016 0.0037802732549607754 -0.888714075088501 
vn -0.3831879794597626 -7.925212949008026e-14 -0.9236704111099243 
vn -0.3669672906398773 0.0037800082936882973 -0.9302261471748352 
vn -0.2676009237766266 -5.5346054345442597e-14 -0.9635298252105713 
vn -0.10901768505573273 -2.2595789714134618e-14 -0.9940398335456848 
vn -0.05664477497339249 0.003791921539232135 -0.9983872175216675 
vn -0.002184688812121749 0.0037839922588318586 -0.9999904632568359 
vn 0.11770011484622955 0 -0.9930492043495178 
vn 0.4310697019100189 0 -0.9023185968399048 
vn -0.46216121315956116 0.1049315556883812 -0.8805659413337708 
vn -0.383211612701416 0.07887653261423111 -0.9202865362167358 
vn -0.3661174476146698 0.06028640642762184 -0.9286137819290161 
vn -0.263751745223999 0.04522477462887764 -0.9635298252105713 
vn -0.10012713074684143 0.08401664346456528 -0.991421103477478 
vn -0.05652854964137077 0.11302565038204193 -0.9919826984405518 
vn 0.0056886556558310986 0.1435781568288803 -0.9896226525306702 
vn 0.12650087475776672 0.18121318519115448 -0.9752739667892456 
vn -0.33414584398269653 0.6994550824165344 -0.6317508816719055 
vn -0.31611692905426025 0.5979297757148743 -0.736579954624176 
vn -0.3194558918476105 0.5231111645698547 -0.790128231048584 
vn -0.2576254606246948 0.3256511688232422 -0.9097144603729248 
vn -0.07170102000236511 0.6821896433830261 -0.7276512384414673 
vn -0.02267277240753174 0.7551491260528564 -0.6551609039306641 
vn 0.005666311364620924 0.8020065426826477 -0.5972883701324463 
vn 0.0018886204343289137 0.9967329502105713 -0.08074574917554855 
vn -1.0341130485562108e-13 0.999997615814209 -0.002184694167226553 
vn -1.0341130485562108e-13 0.999997615814209 0.002184694167226553 
vn 0.0018886204343289137 0.9967329502105713 -0.08074574917554855 
vn -1.0341130485562108e-13 0.999997615814209 -0.002184694167226553 
vn -1.0341130485562108e-13 0.999997615814209 -0.002184694167226553 
vn -0.04908853769302368 0.9823790788650513 -0.18033768236637115 
vn -0.04719521105289459 0.9931548833847046 -0.10684575140476227 
vn -0.04339214786887169 0.9950453639030457 -0.08945280313491821 
vn 0.022634264081716537 0.9988822340965271 -0.04149730131030083 
vn 0.0452716089785099 0.9984372854232788 -0.03276457265019417 
vn 0.02265242673456669 0.9996837377548218 0.010923261754214764 
vn 0.7274280190467834 0.6235143542289734 0.2864931523799896 
vn 0.725653886795044 0.6176570057868958 0.30319350957870483 
vn 0.9183873534202576 0.09045325964689255 0.3852050006389618 
vn 0.02265242673456669 0.9996837377548218 0.010923261754214764 
vn -1.0341130485562108e-13 0.999997615814209 -0.002184694167226553 
vn -1.0341130485562108e-13 0.999997615814209 -0.002184694167226553 
vn -1.0341130485562108e-13 0.999997615814209 0.002184694167226553 
vn -1.0341130485562108e-13 0.999997615814209 -0.002184694167226553 
vn -1.0341130485562108e-13 0.999997615814209 -0.002184694167226553 
vn 0.02265242673456669 0.9996837377548218 0.010923261754214764 
vn 0.9228310585021973 0 0.3852050006389618 
vn 0.9294221997261047 0 0.3690181374549866 
vn 0.9432113766670227 0 0.33219319581985474 
vn 0.9266231060028076 0.09043484181165695 0.3649536371231079 
vn 0.7398328185081482 0.6251742243766785 0.24860523641109467 
vn 0.20607244968414307 0.9174128770828247 -0.34042292833328247 
vn 0.93886399269104 0.09045498818159103 0.33219319581985474 
vn 0.8021934032440186 0.5921573638916016 0.0763898640871048 
vn 0.9929056763648987 0.11295852065086365 0.03713129088282585 
vn 3.097898456858039e-13 -0.999997615814209 0.002184694167226553 
vn 3.097898456858039e-13 -0.999997615814209 0.002184694167226553 
vn 3.097898456858039e-13 -0.999997615814209 0.002184694167226553 
vn 3.097898456858039e-13 -0.999997615814209 0.002184694167226553 
vn 3.097898456858039e-13 -0.999997615814209 0.002184694167226553 
vn 3.097898456858039e-13 -0.999997615814209 0.002184694167226553 
vn 3.097898456858039e-13 -0.999997615814209 0.002184694167226553 
vn 3.097898456858039e-13 -0.999997615814209 0.002184694167226553 
vn 3.097898456858039e-13 -0.999997615814209 0.002184694167226553 
vn 3.097898456858039e-13 -0.999997615814209 0.002184694167226553 
vn 3.097898456858039e-13 -0.999997615814209 0.002184694167226553 
vn 3.097898456858039e-13 -0.999997615814209 0.002184694167226553 
vn 3.097898456858039e-13 -0.999997615814209 0.002184694167226553 
vn 3.097898456858039e-13 -0.999997615814209 0.002184694167226553 
vn 3.097898456858039e-13 -0.999997615814209 0.002184694167226553 
vn 3.097898456858039e-13 -0.999997615814209 0.002184694167226553 
vn 3.097898456858039e-13 -0.999997615814209 0.002184694167226553 
vn 3.097898456858039e-13 -0.999997615814209 0.002184694167226553 
vn 3.097898456858039e-13 -0.999997615814209 0.002184694167226553 
vn 3.097898456858039e-13 -0.999997615814209 0.002184694167226553 
vn 3.097898456858039e-13 -0.999997615814209 -0.002184694167226553 
vn 3.097898456858039e-13 -0.999997615814209 -0.002184694167226553 
vn 3.097898456858039e-13 -0.999997615814209 -0.002184694167226553 
vn 3.097898456858039e-13 -0.999997615814209 0.002184694167226553 
vn 3.097898456858039e-13 -0.999997615814209 0.002184694167226553 
vn 3.097898456858039e-13 -0.999997615814209 0.002184694167226553 
vn 3.097898456858039e-13 -0.999997615814209 0.002184694167226553 
vn 3.097898456858039e-13 -0.999997615814209 0.002184694167226553 
vn 3.097898456858039e-13 -0.999997615814209 0.002184694167226553 
vn 3.097898456858039e-13 -0.999997615814209 0.002184694167226553 
vn 3.097898456858039e-13 -0.999997615814209 0.002184694167226553 
vn 3.097898456858039e-13 -0.999997615814209 0.002184694167226553 
vn 3.097898456858039e-13 -0.999997615814209 0.002184694167226553 
vn 3.097898456858039e-13 -0.999997615814209 0.002184694167226553 
vn 3.097898456858039e-13 -0.999997615814209 0.002184694167226553 
vn 3.097898456858039e-13 -0.999997615814209 0.002184694167226553 
vn 3.097898456858039e-13 -0.999997615814209 0.002184694167226553 
vn 3.097898456858039e-13 -0.999997615814209 0.002184694167226553 
vn 3.097898456858039e-13 -0.999997615814209 0.002184694167226553 
vn 3.097898456858039e-13 -0.999997615814209 0.002184694167226553 
vn 3.097898456858039e-13 -0.999997615814209 0.002184694167226553 
vn 3.097898456858039e-13 -0.999997615814209 -0.002184694167226553 
vn 3.097898456858039e-13 -0.999997615814209 -0.002184694167226553 
vn 3.097898456858039e-13 -0.999997615814209 -0.002184694167226553 
vn 3.097898456858039e-13 -0.999997615814209 0.002184694167226553 
vn 3.097898456858039e-13 -0.999997615814209 0.002184694167226553 
vn 3.097898456858039e-13 -0.999997615814209 0.002184694167226553 
vn 3.097898456858039e-13 -0.999997615814209 0.002184694167226553 
vn 3.097898456858039e-13 -0.999997615814209 0.002184694167226553 
vn 3.097898456858039e-13 -0.999997615814209 0.002184694167226553 
vn 3.097898456858039e-13 -0.999997615814209 0.002184694167226553 
vn 3.097898456858039e-13 -0.999997615814209 0.002184694167226553 
vn 3.097898456858039e-13 -0.999997615814209 0.002184694167226553 
vn 3.097898456858039e-13 -0.999997615814209 0.002184694167226553 
vn 3.097898456858039e-13 -0.999997615814209 0.002184694167226553 
vn 3.097898456858039e-13 -0.999997615814209 0.002184694167226553 
vn 3.097898456858039e-13 -0.999997615814209 0.002184694167226553 
vn 3.097898456858039e-13 -0.999997615814209 0.002184694167226553 
vn 3.097898456858039e-13 -0.999997615814209 0.002184694167226553 
vn 3.097898456858039e-13 -0.999997615814209 0.002184694167226553 
vn 3.097898456858039e-13 -0.999997615814209 0.002184694167226553 
vn 3.097898456858039e-13 -0.999997615814209 0.002184694167226553 
vn 3.097898456858039e-13 -0.999997615814209 0.002184694167226553 
vn 3.097898456858039e-13 -0.999997615814209 0.002184694167226553 
vn 3.097898456858039e-13 -0.999997615814209 0.002184694167226553 
vn 3.097898456858039e-13 -0.999997615814209 0.002184694167226553 
vn 3.097898456858039e-13 -0.999997615814209 0.002184694167226553 
vn 3.097898456858039e-13 -0.999997615814209 0.002184694167226553 
vn 3.097898456858039e-13 -0.999997615814209 0.002184694167226553 
vn 3.097898456858039e-13 -0.999997615814209 0.002184694167226553 
vn 3.097898456858039e-13 -0.999997615814209 0.002184694167226553 
vn 3.097898456858039e-13 -0.999997615814209 0.002184694167226553 
vn 3.097898456858039e-13 -0.999997615814209 0.002184694167226553 
vn 3.097898456858039e-13 -0.999997615814209 0.002184694167226553 
vn 3.097898456858039e-13 -0.999997615814209 0.002184694167226553 
vn 3.097898456858039e-13 -0.999997615814209 0.002184694167226553 
vn 3.097898456858039e-13 -0.999997615814209 0.002184694167226553 
vn 3.097898456858039e-13 -0.999997615814209 0.002184694167226553 
vn 3.097898456858039e-13 -0.999997615814209 0.002184694167226553 
vn 3.097898456858039e-13 -0.999997615814209 -0.002184694167226553 
vn 3.097898456858039e-13 -0.999997615814209 -0.002184694167226553 
vn 3.097898456858039e-13 -0.999997615814209 -0.002184694167226553 
vn 3.097898456858039e-13 -0.999997615814209 -0.002184694167226553 
vn 3.097898456858039e-13 -0.999997615814209 -0.002184694167226553 
vn 3.097898456858039e-13 -0.999997615814209 -0.002184694167226553 
vn 3.097898456858039e-13 -0.999997615814209 0.002184694167226553 
vn 3.097898456858039e-13 -0.999997615814209 0.002184694167226553 
vn 3.097898456858039e-13 -0.999997615814209 0.002184694167226553 
vn 3.097898456858039e-13 -0.999997615814209 0.002184694167226553 
vn 3.097898456858039e-13 -0.999997615814209 0.002184694167226553 
vn 3.097898456858039e-13 -0.999997615814209 -0.002184694167226553 
vn 3.097898456858039e-13 -0.999997615814209 -0.002184694167226553 
vn 3.097898456858039e-13 -0.999997615814209 -0.002184694167226553 
vn 3.097898456858039e-13 -0.999997615814209 0.002184694167226553 
vn 3.097898456858039e-13 -0.999997615814209 0.002184694167226553 
vn 3.097898456858039e-13 -0.999997615814209 0.002184694167226553 
vn 3.097898456858039e-13 -0.999997615814209 0.002184694167226553 
vn 0 0 1 
vn 0.999997615814209 0 0.002184694167226553 
vn -1.0341130485562108e-13 0.999997615814209 0.002184694167226553 
vn -0.5119920372962952 0.8465170860290527 -0.1458524912595749 
vn -0.9062994122505188 -0.20602668821811676 -0.3690181374549866 
vn -0.0931866317987442 -0.38412052392959595 0.9185682535171509 
vt 0.713527262210846 0.4792179465293884 
vt 0.7136324644088745 0.4792179465293884 
vt 0.713527262210846 0.4792179465293884 
vt 0.7136324644088745 0.4792179465293884 
vt 0.713527262210846 0.47933229804039 
vt 0.7136324644088745 0.47933229804039 
vt 0.713527262210846 0.47933229804039 
vt 0.7136324644088745 0.47933229804039 
vt 0.713527262210846 0.4794466495513916 
vt 0.7136324644088745 0.4794466495513916 
vt 0.7136324644088745 0.47933229804039 
vt 0.7136324644088745 0.47933229804039 
vt 0.7136324644088745 0.4794466495513916 
vt 0.7138428688049316 0.47933229804039 
vt 0.7138428688049316 0.4794466495513916 
vt 0.7145792245864868 0.4794466495513916 
vt 0.7145792245864868 0.47933229804039 
vt 0.7152103781700134 0.4794466495513916 
vt 0.7152103781700134 0.47933229804039 
vt 0.7154207825660706 0.4794466495513916 
vt 0.7154207825660706 0.47933229804039 
vt 0.7155259847640991 0.4794466495513916 
vt 0.7155259847640991 0.47933229804039 
vt 0.7138428688049316 0.47933229804039 
vt 0.7145792245864868 0.47933229804039 
vt 0.7152103781700134 0.47933229804039 
vt 0.7154207825660706 0.47933229804039 
vt 0.7155259847640991 0.47933229804039 
vt 0.7138428688049316 0.4792179465293884 
vt 0.7145792245864868 0.4792179465293884 
vt 0.7152103781700134 0.4792179465293884 
vt 0.7154207825660706 0.4792179465293884 
vt 0.7155259847640991 0.4792179465293884 
vt 0.7145792245864868 0.4792179465293884 
vt 0.7152103781700134 0.4792179465293884 
vt 0.7154207825660706 0.4792179465293884 
vt 0.7155259847640991 0.4792179465293884 
vt 0.7138428688049316 0.4792179465293884 
vt 0.7136324644088745 0.4792179465293884 
vt 0.7136324644088745 0.4792179465293884 
vt 0.848492443561554 0.5012884736061096 
vt 0.9246536493301392 0.5012884736061096 
vt 0.848492443561554 0.518784761428833 
vt 0.9246536493301392 0.518784761428833 
vt 0.19291719794273376 0.10058853775262833 
vt 0.1928120106458664 0.1008172482252121 
vt 0.19291719794273376 0.10035982728004456 
vt 0.1928120106458664 0.10058853775262833 
vt 0.1928120106458664 0.09063965827226639 
vt 0.19270680844783783 0.09063965827226639 
vt 0.19270680844783783 0.0905252993106842 
vt 0.1895509660243988 0.09063965827226639 
vt 0.1895509660243988 0.0905252993106842 
vt 0.19270680844783783 0.10058853775262833 
vt 0.19270680844783783 0.1008172482252121 
vt 0.1928120106458664 0.10093160718679428 
vt 0.19270680844783783 0.10093160718679428 
vt 0.19270680844783783 0.10344741493463516 
vt 0.1895509660243988 0.10344741493463516 
vt 0.1895509660243988 0.10356176644563675 
vt 0.1895509660243988 0.10093160718679428 
vt 0.1895509660243988 0.1008172482252121 
vt 0.1895509660243988 0.10058853775262833 
vt 0.848492443561554 0.5012884736061096 
vt 0.9246536493301392 0.5012884736061096 
vt 0.848492443561554 0.518784761428833 
vt 0.9246536493301392 0.518784761428833 
vt 0.19070811569690704 0.10367612540721893 
vt 0.19081330299377441 0.10367612540721893 
vt 0.19070811569690704 0.10379047691822052 
vt 0.19081330299377441 0.10379047691822052 
vt 0.19070811569690704 0.11351065337657928 
vt 0.19081330299377441 0.11373936384916306 
vt 0.19070811569690704 0.11373936384916306 
vt 0.19081330299377441 0.11385372281074524 
vt 0.19091850519180298 0.10367612540721893 
vt 0.19091850519180298 0.10379047691822052 
vt 0.19091850519180298 0.11373936384916306 
vt 0.19091850519180298 0.11385372281074524 
vt 0.19091850519180298 0.11396807432174683 
vt 0.194074347615242 0.11396807432174683 
vt 0.19091850519180298 0.11659824103116989 
vt 0.194074347615242 0.11659824103116989 
vt 0.19091850519180298 0.11671259254217148 
vt 0.194074347615242 0.11671259254217148 
vt 0.194074347615242 0.11385372281074524 
vt 0.194074347615242 0.11373936384916306 
vt 0.194074347615242 0.10379047691822052 
vt 0.194074347615242 0.10367612540721893 
vt 0.17219379544258118 0.0905252993106842 
vt 0.1724041849374771 0.0905252993106842 
vt 0.17219379544258118 0.09063965827226639 
vt 0.1724041849374771 0.09063965827226639 
vt 0.17219379544258118 0.11122355610132217 
vt 0.1724041849374771 0.11122355610132217 
vt 0.17219379544258118 0.11133790761232376 
vt 0.1724041849374771 0.11133790761232376 
vt 0.7219428420066833 0.4796753525733948 
vt 0.7218376398086548 0.4796753525733948 
vt 0.7219428420066833 0.4796753525733948 
vt 0.7218376398086548 0.4796753525733948 
vt 0.7219428420066833 0.4795610010623932 
vt 0.7218376398086548 0.4795610010623932 
vt 0.7219428420066833 0.4795610010623932 
vt 0.7218376398086548 0.4795610010623932 
vt 0.7219428420066833 0.4794466495513916 
vt 0.7218376398086548 0.4794466495513916 
vt 0.7218376398086548 0.4794466495513916 
vt 0.7218376398086548 0.4794466495513916 
vt 0.721732497215271 0.4796753525733948 
vt 0.721732497215271 0.4795610010623932 
vt 0.721732497215271 0.4795610010623932 
vt 0.721732497215271 0.4794466495513916 
vt 0.7218376398086548 0.4794466495513916 
vt 0.721732497215271 0.4795610010623932 
vt 0.721732497215271 0.4795610010623932 
vt 0.721732497215271 0.4794466495513916 
vt 0.721732497215271 0.4794466495513916 
vt 0.7216272950172424 0.4795610010623932 
vt 0.7216272950172424 0.4795610010623932 
vt 0.7216272950172424 0.4794466495513916 
vt 0.7216272950172424 0.4794466495513916 
vt 0.7206805348396301 0.4795610010623932 
vt 0.7206805348396301 0.4795610010623932 
vt 0.7206805348396301 0.4794466495513916 
vt 0.7206805348396301 0.4794466495513916 
vt 0.7177350521087646 0.4795610010623932 
vt 0.7177350521087646 0.4795610010623932 
vt 0.7177350521087646 0.4794466495513916 
vt 0.7177350521087646 0.4794466495513916 
vt 0.7146844267845154 0.4795610010623932 
vt 0.7146844267845154 0.4795610010623932 
vt 0.7146844267845154 0.4794466495513916 
vt 0.7146844267845154 0.4794466495513916 
vt 0.7137376666069031 0.4795610010623932 
vt 0.7137376666069031 0.4795610010623932 
vt 0.7137376666069031 0.4794466495513916 
vt 0.7137376666069031 0.4794466495513916 
vt 0.7137376666069031 0.4795610010623932 
vt 0.7137376666069031 0.4795610010623932 
vt 0.7137376666069031 0.4794466495513916 
vt 0.7137376666069031 0.4794466495513916 
vt 0.7136324644088745 0.4795610010623932 
vt 0.7136324644088745 0.4795610010623932 
vt 0.7136324644088745 0.4794466495513916 
vt 0.7136324644088745 0.4794466495513916 
vt 0.7136324644088745 0.4795610010623932 
vt 0.7136324644088745 0.4795610010623932 
vt 0.7136324644088745 0.4794466495513916 
vt 0.7136324644088745 0.4794466495513916 
vt 0.713527262210846 0.4795610010623932 
vt 0.713527262210846 0.4794466495513916 
vt 0.7136324644088745 0.4794466495513916 
vt 0.713527262210846 0.4795610010623932 
vt 0.7136324644088745 0.4796753525733948 
vt 0.713527262210846 0.4796753525733948 
vt 0.713527262210846 0.4796753525733948 
vt 0.713527262210846 0.4796753525733948 
vt 0.713527262210846 0.4796753525733948 
vt 0.713527262210846 0.4795610010623932 
vt 0.713527262210846 0.4795610010623932 
vt 0.713527262210846 0.4794466495513916 
vt 0.848492443561554 0.5012884736061096 
vt 0.9246536493301392 0.5012884736061096 
vt 0.848492443561554 0.518784761428833 
vt 0.9246536493301392 0.518784761428833 
vt 0.1859743297100067 0.11133790761232376 
vt 0.18576394021511078 0.11133790761232376 
vt 0.1859743297100067 0.11122355610132217 
vt 0.18576394021511078 0.11122355610132217 
vt 0.18576394021511078 0.09063965827226639 
vt 0.18576394021511078 0.11122355610132217 
vt 0.18576394021511078 0.09063965827226639 
vt 0.18260809779167175 0.11122355610132217 
vt 0.18260809779167175 0.09063965827226639 
vt 0.18576394021511078 0.11133790761232376 
vt 0.18260809779167175 0.11133790761232376 
vt 0.11728200316429138 0.1582234650850296 
vt 0.11728200316429138 0.15456409752368927 
vt 0.12212096899747849 0.1582234650850296 
vt 0.12212096899747849 0.15456409752368927 
vt 0.974936842918396 0.1582234650850296 
vt 0.974936842918396 0.15456409752368927 
vt 0.9789342284202576 0.1582234650850296 
vt 0.9789342284202576 0.15456409752368927 
vt 0.11728200316429138 0.02419940009713173 
vt 0.12212096899747849 0.02419940009713173 
vt 0.974936842918396 0.02419940009713173 
vt 0.9789342284202576 0.02419940009713173 
vt 0.848492443561554 0.5012884736061096 
vt 0.9246536493301392 0.5012884736061096 
vt 0.848492443561554 0.518784761428833 
vt 0.9246536493301392 0.518784761428833 
vt 0.7136324644088745 0.4796753525733948 
vt 0.7136324644088745 0.4796753525733948 
vt 0.7136324644088745 0.4796753525733948 
vt 0.7136324644088745 0.4796753525733948 
vt 0.7136324644088745 0.4796753525733948 
vt 0.7137376666069031 0.4796753525733948 
vt 0.7137376666069031 0.4796753525733948 
vt 0.7137376666069031 0.4796753525733948 
vt 0.7137376666069031 0.4796753525733948 
vt 0.7137376666069031 0.4796753525733948 
vt 0.7137376666069031 0.4796753525733948 
vt 0.7146844267845154 0.4796753525733948 
vt 0.7146844267845154 0.4796753525733948 
vt 0.7146844267845154 0.4796753525733948 
vt 0.7177350521087646 0.4796753525733948 
vt 0.7177350521087646 0.4796753525733948 
vt 0.7177350521087646 0.4796753525733948 
vt 0.7206805348396301 0.4796753525733948 
vt 0.7206805348396301 0.4796753525733948 
vt 0.7206805348396301 0.4796753525733948 
vt 0.7216272950172424 0.4796753525733948 
vt 0.7216272950172424 0.4796753525733948 
vt 0.7216272950172424 0.4796753525733948 
vt 0.721732497215271 0.4796753525733948 
vt 0.721732497215271 0.4796753525733948 
vt 0.721732497215271 0.4796753525733948 
vt 0.721732497215271 0.4796753525733948 
vt 0.7218376398086548 0.4796753525733948 
vt 0.7218376398086548 0.4796753525733948 
vt 0.7136324644088745 0.4796753525733948 
vt 0.1904977262020111 0.11145226657390594 
vt 0.1904977262020111 0.11293888092041016 
vt 0.18944576382637024 0.11145226657390594 
vt 0.18944576382637024 0.11293888092041016 
vt 0.17219379544258118 0.11133790761232376 
vt 0.1720885932445526 0.11133790761232376 
vt 0.17219379544258118 0.11122355610132217 
vt 0.1720885932445526 0.11122355610132217 
vt 0.17219379544258118 0.09063965827226639 
vt 0.1720885932445526 0.09063965827226639 
vt 0.17219379544258118 0.0905252993106842 
vt 0.1720885932445526 0.0905252993106842 
vt 0.16945871710777283 0.11122355610132217 
vt 0.16945871710777283 0.09063965827226639 
vt 0.16945871710777283 0.0905252993106842 
vt 0.16935352981090546 0.09063965827226639 
vt 0.16935352981090546 0.0905252993106842 
vt 0.16935352981090546 0.11122355610132217 
vt 0.16945871710777283 0.11133790761232376 
vt 0.16935352981090546 0.11133790761232376 
vt 0.1928120106458664 0.10344741493463516 
vt 0.19270680844783783 0.10356176644563675 
vt 0.7182610630989075 0.48207682371139526 
vt 0.7182610630989075 0.48207682371139526 
vt 0.7235207557678223 0.48207682371139526 
vt 0.7235207557678223 0.48207682371139526 
vt 0.7253090739250183 0.48219117522239685 
vt 0.7253090739250183 0.48207682371139526 
vt 0.7254142761230469 0.48207682371139526 
vt 0.7254142761230469 0.48207682371139526 
vt 0.7235207557678223 0.4819624722003937 
vt 0.7253090739250183 0.4819624722003937 
vt 0.7254142761230469 0.4819624722003937 
vt 0.7255194783210754 0.4819624722003937 
vt 0.7255194783210754 0.48207682371139526 
vt 0.725624680519104 0.4819624722003937 
vt 0.725624680519104 0.4819624722003937 
vt 0.7257298827171326 0.4818481206893921 
vt 0.725624680519104 0.4819624722003937 
vt 0.7253090739250183 0.4818481206893921 
vt 0.7254142761230469 0.4818481206893921 
vt 0.7255194783210754 0.4818481206893921 
vt 0.7257298827171326 0.4818481206893921 
vt 0.7257298827171326 0.4818481206893921 
vt 0.7254142761230469 0.4817337691783905 
vt 0.7253090739250183 0.4817337691783905 
vt 0.7235207557678223 0.4818481206893921 
vt 0.7235207557678223 0.4817337691783905 
vt 0.7182610630989075 0.4817337691783905 
vt 0.7182610630989075 0.4817337691783905 
vt 0.7130013108253479 0.4817337691783905 
vt 0.7130013108253479 0.48161938786506653 
vt 0.7112129926681519 0.4817337691783905 
vt 0.7112129926681519 0.48161938786506653 
vt 0.7112129926681519 0.4817337691783905 
vt 0.7112129926681519 0.48161938786506653 
vt 0.7110025882720947 0.4817337691783905 
vt 0.7110025882720947 0.48161938786506653 
vt 0.7108973860740662 0.4817337691783905 
vt 0.7108973860740662 0.48161938786506653 
vt 0.7108973860740662 0.48161938786506653 
vt 0.7108973860740662 0.4811619818210602 
vt 0.7108973860740662 0.4811619818210602 
vt 0.7110025882720947 0.4811619818210602 
vt 0.7112129926681519 0.4811619818210602 
vt 0.7112129926681519 0.4811619818210602 
vt 0.7130013108253479 0.4811619818210602 
vt 0.7182610630989075 0.48127633333206177 
vt 0.7235207557678223 0.48127633333206177 
vt 0.7253090739250183 0.48127633333206177 
vt 0.7254142761230469 0.48127633333206177 
vt 0.725624680519104 0.4817337691783905 
vt 0.7110025882720947 0.4800184369087219 
vt 0.7112129926681519 0.4800184369087219 
vt 0.7112129926681519 0.4800184369087219 
vt 0.7130013108253479 0.4800184369087219 
vt 0.7182610630989075 0.4800184369087219 
vt 0.7235207557678223 0.4801327884197235 
vt 0.7253090739250183 0.4801327884197235 
vt 0.7254142761230469 0.4801327884197235 
vt 0.725624680519104 0.48127633333206177 
vt 0.7257298827171326 0.4817337691783905 
vt 0.7257298827171326 0.4817337691783905 
vt 0.7112129926681519 0.47887489199638367 
vt 0.7112129926681519 0.47887489199638367 
vt 0.7130013108253479 0.47887489199638367 
vt 0.7182610630989075 0.47887489199638367 
vt 0.7235207557678223 0.47887489199638367 
vt 0.7253090739250183 0.47887489199638367 
vt 0.7254142761230469 0.47887489199638367 
vt 0.725624680519104 0.4801327884197235 
vt 0.7257298827171326 0.48127633333206177 
vt 0.7257298827171326 0.48127633333206177 
vt 0.7112129926681519 0.47841745615005493 
vt 0.7130013108253479 0.47841745615005493 
vt 0.7182610630989075 0.47841745615005493 
vt 0.7235207557678223 0.4785318076610565 
vt 0.7253090739250183 0.4785318076610565 
vt 0.7254142761230469 0.4785318076610565 
vt 0.725624680519104 0.47887489199638367 
vt 0.7257298827171326 0.4801327884197235 
vt 0.7257298827171326 0.4801327884197235 
vt 0.7130013108253479 0.47830310463905334 
vt 0.7182610630989075 0.47830310463905334 
vt 0.7235207557678223 0.47841745615005493 
vt 0.7253090739250183 0.47841745615005493 
vt 0.7254142761230469 0.47841745615005493 
vt 0.725624680519104 0.4785318076610565 
vt 0.7257298827171326 0.47887489199638367 
vt 0.7257298827171326 0.47887489199638367 
vt 0.7182610630989075 0.47818875312805176 
vt 0.7235207557678223 0.47830310463905334 
vt 0.7253090739250183 0.47830310463905334 
vt 0.7254142761230469 0.47830310463905334 
vt 0.7255194783210754 0.47841745615005493 
vt 0.7257298827171326 0.4785318076610565 
vt 0.7257298827171326 0.4785318076610565 
vt 0.7235207557678223 0.47807440161705017 
vt 0.7253090739250183 0.47818875312805176 
vt 0.7254142761230469 0.47818875312805176 
vt 0.7255194783210754 0.47830310463905334 
vt 0.7257298827171326 0.47841745615005493 
vt 0.7257298827171326 0.47841745615005493 
vt 0.7255194783210754 0.47818875312805176 
vt 0.725624680519104 0.47830310463905334 
vt 0.725624680519104 0.47830310463905334 
vt 0.7257298827171326 0.47830310463905334 
vt 0.1834496557712555 0.11248145997524261 
vt 0.18323926627635956 0.11248145997524261 
vt 0.1834496557712555 0.11145226657390594 
vt 0.18323926627635956 0.11145226657390594 
vt 0.1873418688774109 0.11145226657390594 
vt 0.1873418688774109 0.11293888092041016 
vt 0.18639510869979858 0.11145226657390594 
vt 0.18639510869979858 0.11293888092041016 
vt 0.7182610630989075 0.4819624722003937 
vt 0.7130013108253479 0.4818481206893921 
vt 0.7112129926681519 0.4818481206893921 
vt 0.7112129926681519 0.4818481206893921 
vt 0.7111077904701233 0.4818481206893921 
vt 0.7110025882720947 0.4818481206893921 
vt 0.7108973860740662 0.4818481206893921 
vt 0.7108973860740662 0.4817337691783905 
vt 0.7130013108253479 0.4819624722003937 
vt 0.7112129926681519 0.4819624722003937 
vt 0.7112129926681519 0.4819624722003937 
vt 0.7111077904701233 0.4819624722003937 
vt 0.7110025882720947 0.4818481206893921 
vt 0.1828184872865677 0.11145226657390594 
vt 0.183134064078331 0.11145226657390594 
vt 0.1828184872865677 0.11248145997524261 
vt 0.183134064078331 0.11248145997524261 
vt 0.18481719493865967 0.11145226657390594 
vt 0.1850275844335556 0.11145226657390594 
vt 0.18481719493865967 0.11293888092041016 
vt 0.1850275844335556 0.11293888092041016 
vt 0.18366004526615143 0.11145226657390594 
vt 0.18387043476104736 0.11145226657390594 
vt 0.18366004526615143 0.11248145997524261 
vt 0.18387043476104736 0.11248145997524261 
vt 0.6435725688934326 0.9496744275093079 
vt 0.641679048538208 0.9471586346626282 
vt 0.6462024450302124 0.9516184329986572 
vt 0.6452556848526001 0.9481878280639648 
vt 0.6496738791465759 0.9534481167793274 
vt 0.6494635343551636 0.9492170214653015 
vt 0.6524089574813843 0.9540199041366577 
vt 0.6523037552833557 0.9495600461959839 
vt 0.668188214302063 0.9540199041366577 
vt 0.668188214302063 0.9495600461959839 
vt 0.7112129926681519 0.9495600461959839 
vt 0.7112129926681519 0.9447571635246277 
vt 0.7543429136276245 0.9447571635246277 
vt 0.754237711429596 0.9423556923866272 
vt 0.7702273726463318 0.9423556923866272 
vt 0.7698065638542175 0.8777450919151306 
vt 0.7730676531791687 0.8777450919151306 
vt 0.7720156908035278 0.6864292025566101 
vt 0.7781170010566711 0.8777450919151306 
vt 0.7770650386810303 0.6864292025566101 
vt 0.7826403975486755 0.8777450919151306 
vt 0.7815884351730347 0.6864292025566101 
vt 0.6399959325790405 0.9441853761672974 
vt 0.6443089246749878 0.9444140791893005 
vt 0.6491479277610779 0.9446427822113037 
vt 0.6523037552833557 0.9447571635246277 
vt 0.668188214302063 0.9447571635246277 
vt 0.7112129926681519 0.9423556923866272 
vt 0.753922164440155 0.8777450919151306 
vt 0.7687546610832214 0.6864292025566101 
vt 0.770963728427887 0.49477022886276245 
vt 0.7760130763053894 0.49477022886276245 
vt 0.7805364727973938 0.49477022886276245 
vt 0.6394699811935425 0.9423556923866272 
vt 0.6439933776855469 0.9423556923866272 
vt 0.6491479277610779 0.9423556923866272 
vt 0.6523037552833557 0.9423556923866272 
vt 0.668188214302063 0.9423556923866272 
vt 0.7108973860740662 0.8777450919151306 
vt 0.7528702020645142 0.6864292025566101 
vt 0.7677026987075806 0.49477022886276245 
vt 0.7705429792404175 0.430502712726593 
vt 0.7755923271179199 0.430502712726593 
vt 0.7801157236099243 0.430502712726593 
vt 0.6389440298080444 0.8777450919151306 
vt 0.6435725688934326 0.8777450919151306 
vt 0.6487271189689636 0.8777450919151306 
vt 0.6519882082939148 0.8777450919151306 
vt 0.6677674055099487 0.8777450919151306 
vt 0.7098454236984253 0.6864292025566101 
vt 0.7518182396888733 0.49477022886276245 
vt 0.7673870921134949 0.430502712726593 
vt 0.7704377770423889 0.4267289936542511 
vt 0.7752767205238342 0.4269576966762543 
vt 0.7795897126197815 0.42707207798957825 
vt 0.6374712586402893 0.6864292025566101 
vt 0.6423102617263794 0.6864292025566101 
vt 0.647570013999939 0.6864292025566101 
vt 0.6509362459182739 0.6864292025566101 
vt 0.6667155027389526 0.6864292025566101 
vt 0.7087934613227844 0.49477022886276245 
vt 0.7515026330947876 0.430502712726593 
vt 0.7672818899154663 0.4266146421432495 
vt 0.7672818899154663 0.4204394817352295 
vt 0.7702273726463318 0.42078253626823425 
vt 0.7672818899154663 0.414950430393219 
vt 0.7699117660522461 0.4155222177505493 
vt 0.7699117660522461 0.41369253396987915 
vt 0.7730676531791687 0.41529351472854614 
vt 0.635998547077179 0.49477022886276245 
vt 0.6409426927566528 0.49477022886276245 
vt 0.6465180516242981 0.49477022886276245 
vt 0.6497790813446045 0.49477022886276245 
vt 0.6656635403633118 0.49477022886276245 
vt 0.7083727121353149 0.430502712726593 
vt 0.751397430896759 0.4266146421432495 
vt 0.751397430896759 0.4204394817352295 
vt 0.751397430896759 0.414950430393219 
vt 0.7672818899154663 0.41312074661254883 
vt 0.6355777382850647 0.430502712726593 
vt 0.6405219435691833 0.430502712726593 
vt 0.6460972428321838 0.430502712726593 
vt 0.6494635343551636 0.430502712726593 
vt 0.6653479337692261 0.430502712726593 
vt 0.7083727121353149 0.4266146421432495 
vt 0.7083727121353149 0.4204394817352295 
vt 0.7082675099372864 0.414950430393219 
vt 0.751397430896759 0.41312074661254883 
vt 0.635998547077179 0.4273007810115814 
vt 0.6407323479652405 0.42707207798957825 
vt 0.6460972428321838 0.4267289936542511 
vt 0.6494635343551636 0.4266146421432495 
vt 0.6653479337692261 0.4266146421432495 
vt 0.6652427315711975 0.4204394817352295 
vt 0.6652427315711975 0.414950430393219 
vt 0.7082675099372864 0.41312074661254883 
vt 0.6373660564422607 0.42318400740623474 
vt 0.6415739059448242 0.4220404326915741 
vt 0.646307647228241 0.42089688777923584 
vt 0.649358332157135 0.4204394817352295 
vt 0.6392595767974854 0.41998204588890076 
vt 0.6423102617263794 0.41769495606422424 
vt 0.6465180516242981 0.4156365692615509 
vt 0.649358332157135 0.414950430393219 
vt 0.649358332157135 0.41312074661254883 
vt 0.6652427315711975 0.41312074661254883 
vt 0.6465180516242981 0.4139212369918823 
vt 0.6426258087158203 0.41620832681655884 
vt 0.7733832001686096 0.41689446568489075 
vt 0.7743299603462219 0.42158302664756775 
vt 0.777906596660614 0.42238351702690125 
vt 0.7829559445381165 0.9423556923866272 
vt 0.7784325480461121 0.9423556923866272 
vt 0.7733832001686096 0.9423556923866272 
vt 0.7702273726463318 0.9447571635246277 
vt 0.7543429136276245 0.9495600461959839 
vt 0.7113181352615356 0.9540199041366577 
vt 0.7113181352615356 0.9555065035820007 
vt 0.668188214302063 0.9555065035820007 
vt 0.7824299931526184 0.9441853761672974 
vt 0.7781170010566711 0.9444140791893005 
vt 0.773277997970581 0.9446427822113037 
vt 0.7702273726463318 0.9495600461959839 
vt 0.7543429136276245 0.9540199041366577 
vt 0.7543429136276245 0.9555065035820007 
vt 0.7806416749954224 0.9472729563713074 
vt 0.7771702408790588 0.9481878280639648 
vt 0.7730676531791687 0.9492170214653015 
vt 0.7702273726463318 0.9540199041366577 
vt 0.7702273726463318 0.9555065035820007 
vt 0.7786429524421692 0.9497887492179871 
vt 0.776118278503418 0.9517328143119812 
vt 0.7728572487831116 0.9534481167793274 
vt 0.772752046585083 0.9548203945159912 
vt 0.7758026719093323 0.9528763294219971 
vt 0.1879730373620987 0.11145226657390594 
vt 0.18818342685699463 0.11145226657390594 
vt 0.1879730373620987 0.11293888092041016 
vt 0.18818342685699463 0.11293888092041016 
vt 0.18755225837230682 0.11145226657390594 
vt 0.18776264786720276 0.11145226657390594 
vt 0.18755225837230682 0.11293888092041016 
vt 0.18776264786720276 0.11293888092041016 
vt 0.1847119927406311 0.11293888092041016 
vt 0.1843964159488678 0.11293888092041016 
vt 0.1847119927406311 0.11145226657390594 
vt 0.1843964159488678 0.11145226657390594 
vt 0.7110025882720947 0.47818875312805176 
vt 0.7111077904701233 0.47807440161705017 
vt 0.7110025882720947 0.47818875312805176 
vt 0.7111077904701233 0.47818875312805176 
vt 0.7108973860740662 0.47830310463905334 
vt 0.7110025882720947 0.47830310463905334 
vt 0.7108973860740662 0.47841745615005493 
vt 0.7110025882720947 0.47841745615005493 
vt 0.7108973860740662 0.47887489199638367 
vt 0.7110025882720947 0.47887489199638367 
vt 0.7108973860740662 0.4800184369087219 
vt 0.7112129926681519 0.47841745615005493 
vt 0.7112129926681519 0.47830310463905334 
vt 0.7130013108253479 0.47818875312805176 
vt 0.7182610630989075 0.47807440161705017 
vt 0.7112129926681519 0.47830310463905334 
vt 0.7112129926681519 0.47818875312805176 
vt 0.7130013108253479 0.47807440161705017 
vt 0.7112129926681519 0.47818875312805176 
vt 0.7112129926681519 0.47807440161705017 
vt 0.7112129926681519 0.47807440161705017 
vt 0.7108973860740662 0.47830310463905334 
vt 0.7108973860740662 0.47830310463905334 
vt 0.7108973860740662 0.47841745615005493 
vt 0.7108973860740662 0.47887489199638367 
vt 0.7108973860740662 0.4800184369087219 
vt 0.9246536493301392 0.518784761428833 
vt 0.848492443561554 0.518784761428833 
vt 0.9246536493301392 0.5012884736061096 
vt 0.848492443561554 0.5012884736061096 
vt 0.9246536493301392 0.518784761428833 
vt 0.848492443561554 0.518784761428833 
vt 0.9246536493301392 0.5012884736061096 
vt 0.848492443561554 0.5012884736061096 
vt 0.9246536493301392 0.518784761428833 
vt 0.848492443561554 0.518784761428833 
vt 0.9246536493301392 0.5012884736061096 
vt 0.848492443561554 0.5012884736061096 
vt 0.848492443561554 0.5012884736061096 
vt 0.9246536493301392 0.5012884736061096 
vt 0.848492443561554 0.518784761428833 
vt 0.9246536493301392 0.518784761428833 
vt 0.9246536493301392 0.518784761428833 
vt 0.848492443561554 0.518784761428833 
vt 0.9246536493301392 0.5012884736061096 
vt 0.848492443561554 0.5012884736061096 
vt 0.9246536493301392 0.518784761428833 
vt 0.848492443561554 0.518784761428833 
vt 0.9246536493301392 0.5012884736061096 
vt 0.848492443561554 0.5012884736061096 
vt 0.9246536493301392 0.518784761428833 
vt 0.848492443561554 0.518784761428833 
vt 0.9246536493301392 0.5012884736061096 
vt 0.848492443561554 0.5012884736061096 
vt 0.848492443561554 0.5012884736061096 
vt 0.9246536493301392 0.5012884736061096 
vt 0.848492443561554 0.518784761428833 
vt 0.9246536493301392 0.518784761428833 
vt 0.848492443561554 0.5012884736061096 
vt 0.9246536493301392 0.5012884736061096 
vt 0.848492443561554 0.518784761428833 
vt 0.9246536493301392 0.518784761428833 
vt 0.9246536493301392 0.518784761428833 
vt 0.848492443561554 0.518784761428833 
vt 0.9246536493301392 0.5012884736061096 
vt 0.848492443561554 0.5012884736061096 
vt 0.848492443561554 0.5012884736061096 
vt 0.9246536493301392 0.5012884736061096 
vt 0.848492443561554 0.518784761428833 
vt 0.9246536493301392 0.518784761428833 
vt 0.9246536493301392 0.518784761428833 
vt 0.848492443561554 0.518784761428833 
vt 0.9246536493301392 0.5012884736061096 
vt 0.848492443561554 0.5012884736061096 
vt 0.9246536493301392 0.518784761428833 
vt 0.848492443561554 0.518784761428833 
vt 0.9246536493301392 0.5012884736061096 
vt 0.848492443561554 0.5012884736061096 
vt 0.848492443561554 0.5012884736061096 
vt 0.9246536493301392 0.5012884736061096 
vt 0.848492443561554 0.518784761428833 
vt 0.9246536493301392 0.518784761428833 
vt 0.848492443561554 0.5012884736061096 
vt 0.9246536493301392 0.5012884736061096 
vt 0.848492443561554 0.518784761428833 
vt 0.9246536493301392 0.518784761428833 
vt 0.848492443561554 0.5012884736061096 
vt 0.9246536493301392 0.5012884736061096 
vt 0.848492443561554 0.518784761428833 
vt 0.9246536493301392 0.518784761428833 
vt 0.9246536493301392 0.518784761428833 
vt 0.848492443561554 0.518784761428833 
vt 0.9246536493301392 0.5012884736061096 
vt 0.848492443561554 0.5012884736061096 
vt 0.9246536493301392 0.518784761428833 
vt 0.848492443561554 0.518784761428833 
vt 0.9246536493301392 0.5012884736061096 
vt 0.848492443561554 0.5012884736061096 
vt 0.848492443561554 0.5012884736061096 
vt 0.9246536493301392 0.5012884736061096 
vt 0.848492443561554 0.518784761428833 
vt 0.9246536493301392 0.518784761428833 
vt 0.1840808242559433 0.11145226657390594 
vt 0.18429121375083923 0.11145226657390594 
vt 0.1840808242559433 0.11248145997524261 
vt 0.18429121375083923 0.11248145997524261 
vt 0.848492443561554 0.5012884736061096 
vt 0.9246536493301392 0.5012884736061096 
vt 0.848492443561554 0.518784761428833 
vt 0.9246536493301392 0.518784761428833 
vt 0.848492443561554 0.5012884736061096 
vt 0.9246536493301392 0.5012884736061096 
vt 0.848492443561554 0.518784761428833 
vt 0.9246536493301392 0.518784761428833 
vt 0.848492443561554 0.5012884736061096 
vt 0.9246536493301392 0.5012884736061096 
vt 0.848492443561554 0.518784761428833 
vt 0.9246536493301392 0.518784761428833 
vt 0.9246536493301392 0.518784761428833 
vt 0.848492443561554 0.518784761428833 
vt 0.9246536493301392 0.5012884736061096 
vt 0.848492443561554 0.5012884736061096 
vt 0.9246536493301392 0.518784761428833 
vt 0.848492443561554 0.518784761428833 
vt 0.9246536493301392 0.5012884736061096 
vt 0.848492443561554 0.5012884736061096 
vt 0.848492443561554 0.5012884736061096 
vt 0.9246536493301392 0.5012884736061096 
vt 0.848492443561554 0.518784761428833 
vt 0.9246536493301392 0.518784761428833 
vt 0.713527262210846 0.47910359501838684 
vt 0.713527262210846 0.47910359501838684 
vt 0.713527262210846 0.47910359501838684 
vt 0.713527262210846 0.47910359501838684 
vt 0.7138428688049316 0.47910359501838684 
vt 0.7138428688049316 0.47910359501838684 
vt 0.7144740223884583 0.47910359501838684 
vt 0.7144740223884583 0.47910359501838684 
vt 0.7151051759719849 0.47910359501838684 
vt 0.7151051759719849 0.47910359501838684 
vt 0.7154207825660706 0.47910359501838684 
vt 0.7154207825660706 0.47910359501838684 
vt 0.7154207825660706 0.47910359501838684 
vt 0.7154207825660706 0.47910359501838684 
vt 0.713527262210846 0.47898924350738525 
vt 0.713527262210846 0.47898924350738525 
vt 0.7138428688049316 0.47898924350738525 
vt 0.7144740223884583 0.47898924350738525 
vt 0.7151051759719849 0.47898924350738525 
vt 0.7154207825660706 0.47898924350738525 
vt 0.7154207825660706 0.47898924350738525 
vt 0.713527262210846 0.47898924350738525 
vt 0.713527262210846 0.47898924350738525 
vt 0.7138428688049316 0.47898924350738525 
vt 0.7144740223884583 0.47898924350738525 
vt 0.7151051759719849 0.47898924350738525 
vt 0.7154207825660706 0.47898924350738525 
vt 0.7154207825660706 0.47898924350738525 
vt 0.713527262210846 0.47887489199638367 
vt 0.7138428688049316 0.47887489199638367 
vt 0.7144740223884583 0.47887489199638367 
vt 0.7151051759719849 0.47887489199638367 
vt 0.7154207825660706 0.47887489199638367 
vt 0.7154207825660706 0.47887489199638367 
vt 0.9246536493301392 0.518784761428833 
vt 0.848492443561554 0.518784761428833 
vt 0.9246536493301392 0.5012884736061096 
vt 0.848492443561554 0.5012884736061096 
vt 0.9246536493301392 0.518784761428833 
vt 0.848492443561554 0.518784761428833 
vt 0.9246536493301392 0.5012884736061096 
vt 0.848492443561554 0.5012884736061096 
vt 0.9246536493301392 0.518784761428833 
vt 0.848492443561554 0.518784761428833 
vt 0.9246536493301392 0.5012884736061096 
vt 0.848492443561554 0.5012884736061096 
vt 0.848492443561554 0.5012884736061096 
vt 0.9246536493301392 0.5012884736061096 
vt 0.848492443561554 0.518784761428833 
vt 0.9246536493301392 0.518784761428833 
vt 0.9246536493301392 0.518784761428833 
vt 0.848492443561554 0.518784761428833 
vt 0.9246536493301392 0.5012884736061096 
vt 0.848492443561554 0.5012884736061096 
vt 0.9246536493301392 0.518784761428833 
vt 0.848492443561554 0.518784761428833 
vt 0.9246536493301392 0.5012884736061096 
vt 0.848492443561554 0.5012884736061096 
vt 0.19291719794273376 0.0905252993106842 
vt 0.19291719794273376 0.09063965827226639 
vt 0.1928120106458664 0.0905252993106842 
vt 0.9246536493301392 0.518784761428833 
vt 0.848492443561554 0.518784761428833 
vt 0.9246536493301392 0.5012884736061096 
vt 0.848492443561554 0.5012884736061096 
vt 0.848492443561554 0.5012884736061096 
vt 0.9246536493301392 0.5012884736061096 
vt 0.848492443561554 0.518784761428833 
vt 0.9246536493301392 0.518784761428833 
vt 0.9246536493301392 0.518784761428833 
vt 0.848492443561554 0.518784761428833 
vt 0.9246536493301392 0.5012884736061096 
vt 0.848492443561554 0.5012884736061096 
vt 0.9246536493301392 0.518784761428833 
vt 0.848492443561554 0.518784761428833 
vt 0.9246536493301392 0.5012884736061096 
vt 0.848492443561554 0.5012884736061096 
vt 0.848492443561554 0.5012884736061096 
vt 0.9246536493301392 0.5012884736061096 
vt 0.848492443561554 0.518784761428833 
vt 0.9246536493301392 0.518784761428833 
vt 0.848492443561554 0.5012884736061096 
vt 0.9246536493301392 0.5012884736061096 
vt 0.848492443561554 0.518784761428833 
vt 0.9246536493301392 0.518784761428833 
vt 0.1859743297100067 0.09063965827226639 
vt 0.18576394021511078 0.0905252993106842 
vt 0.1859743297100067 0.0905252993106842 
vt 0.18576394021511078 0.0905252993106842 
vt 0.7219428420066833 0.47978973388671875 
vt 0.7219428420066833 0.47978973388671875 
vt 0.7218376398086548 0.47978973388671875 
vt 0.7218376398086548 0.47978973388671875 
vt 0.7218376398086548 0.47978973388671875 
vt 0.7218376398086548 0.47978973388671875 
vt 0.7218376398086548 0.47978973388671875 
vt 0.7218376398086548 0.47978973388671875 
vt 0.721732497215271 0.47978973388671875 
vt 0.721732497215271 0.47978973388671875 
vt 0.721732497215271 0.47978973388671875 
vt 0.721732497215271 0.47978973388671875 
vt 0.7206805348396301 0.47978973388671875 
vt 0.7206805348396301 0.47978973388671875 
vt 0.7177350521087646 0.47978973388671875 
vt 0.7177350521087646 0.47978973388671875 
vt 0.714789628982544 0.47978973388671875 
vt 0.714789628982544 0.47978973388671875 
vt 0.7138428688049316 0.47978973388671875 
vt 0.7138428688049316 0.47978973388671875 
vt 0.7137376666069031 0.47978973388671875 
vt 0.7137376666069031 0.47978973388671875 
vt 0.7136324644088745 0.47978973388671875 
vt 0.7136324644088745 0.47978973388671875 
vt 0.7136324644088745 0.47978973388671875 
vt 0.7136324644088745 0.47978973388671875 
vt 0.713527262210846 0.47978973388671875 
vt 0.713527262210846 0.47978973388671875 
vt 0.713527262210846 0.47978973388671875 
vt 0.713527262210846 0.47978973388671875 
vt 0.7219428420066833 0.47990408539772034 
vt 0.7218376398086548 0.47990408539772034 
vt 0.7218376398086548 0.47990408539772034 
vt 0.7218376398086548 0.47990408539772034 
vt 0.721732497215271 0.47990408539772034 
vt 0.721732497215271 0.47990408539772034 
vt 0.7206805348396301 0.47990408539772034 
vt 0.7177350521087646 0.47990408539772034 
vt 0.714789628982544 0.47990408539772034 
vt 0.7138428688049316 0.47990408539772034 
vt 0.7137376666069031 0.47990408539772034 
vt 0.7136324644088745 0.47990408539772034 
vt 0.7136324644088745 0.47990408539772034 
vt 0.713527262210846 0.47990408539772034 
vt 0.713527262210846 0.47990408539772034 
vt 0.7219428420066833 0.4800184369087219 
vt 0.7218376398086548 0.4800184369087219 
vt 0.7218376398086548 0.4800184369087219 
vt 0.7218376398086548 0.4800184369087219 
vt 0.721732497215271 0.4800184369087219 
vt 0.721732497215271 0.4800184369087219 
vt 0.7206805348396301 0.4800184369087219 
vt 0.7177350521087646 0.4800184369087219 
vt 0.714789628982544 0.4800184369087219 
vt 0.7138428688049316 0.4800184369087219 
vt 0.7137376666069031 0.4800184369087219 
vt 0.7136324644088745 0.4800184369087219 
vt 0.7136324644088745 0.4800184369087219 
vt 0.713527262210846 0.4800184369087219 
vt 0.713527262210846 0.4800184369087219 
vt 0.7219428420066833 0.4800184369087219 
vt 0.7218376398086548 0.4800184369087219 
vt 0.7218376398086548 0.4800184369087219 
vt 0.7218376398086548 0.4800184369087219 
vt 0.721732497215271 0.4800184369087219 
vt 0.721732497215271 0.4800184369087219 
vt 0.7206805348396301 0.4800184369087219 
vt 0.7177350521087646 0.4800184369087219 
vt 0.714789628982544 0.4800184369087219 
vt 0.7138428688049316 0.4800184369087219 
vt 0.7137376666069031 0.4800184369087219 
vt 0.7136324644088745 0.4800184369087219 
vt 0.7136324644088745 0.4800184369087219 
vt 0.713527262210846 0.4800184369087219 
vt 0.713527262210846 0.4800184369087219 
vt 0.7218376398086548 0.4800184369087219 
vt 0.7218376398086548 0.4800184369087219 
vt 0.7218376398086548 0.4800184369087219 
vt 0.721732497215271 0.4800184369087219 
vt 0.721732497215271 0.4800184369087219 
vt 0.7206805348396301 0.4800184369087219 
vt 0.7177350521087646 0.4800184369087219 
vt 0.7136324644088745 0.47978973388671875 
vt 0.7136324644088745 0.47978973388671875 
vt 0.7136324644088745 0.47978973388671875 
vt 0.7137376666069031 0.47978973388671875 
vt 0.7138428688049316 0.47978973388671875 
vt 0.714789628982544 0.47978973388671875 
vt 0.7177350521087646 0.47978973388671875 
vt 0.7206805348396301 0.47978973388671875 
vt 0.721732497215271 0.47978973388671875 
vt 0.721732497215271 0.47978973388671875 
vt 0.7218376398086548 0.47978973388671875 
vt 0.7218376398086548 0.47978973388671875 
vt 0.7218376398086548 0.47978973388671875 
vt 0.7136324644088745 0.4800184369087219 
vt 0.7136324644088745 0.4800184369087219 
vt 0.7137376666069031 0.4800184369087219 
vt 0.848492443561554 0.5012884736061096 
vt 0.9246536493301392 0.5012884736061096 
vt 0.848492443561554 0.518784761428833 
vt 0.9246536493301392 0.518784761428833 
vt 0.6524089574813843 0.9555065035820007 
vt 0.6497790813446045 0.9548203945159912 
vt 0.6465180516242981 0.9527620077133179 
vt 0.19081330299377441 0.11396807432174683 
vt 0.19081330299377441 0.11659824103116989 
vt 0.19081330299377441 0.11671259254217148 
vt 0.25298354029655457 0.14610183238983154 
vt 0.25298354029655457 0.14610183238983154 
vt 0.25298354029655457 0.14610183238983154 
vt 0.25298354029655457 0.14610183238983154 
vt 0.25298354029655457 0.14347165822982788 
vt 0.25298354029655457 0.14347165822982788 
vt 0.25298354029655457 0.14347165822982788 
vt 0.25298354029655457 0.14347165822982788 
vt 0.25172120332717896 0.14610183238983154 
vt 0.25172120332717896 0.14610183238983154 
vt 0.25172120332717896 0.14347165822982788 
vt 0.25172120332717896 0.14347165822982788 
vt 0.25172120332717896 0.14610183238983154 
vt 0.25172120332717896 0.14347165822982788 
vt 0.25172120332717896 0.14347165822982788 
vt 0.8423911333084106 0.9580223560333252 
vt 0.8443898558616638 0.9577935934066772 
vt 0.8631145358085632 0.9593945741653442 
vt 0.8631145358085632 0.9593945741653442 
vt 0.8839431405067444 0.960881233215332 
vt 0.8841535449028015 0.9601950645446777 
vt 0.9056133031845093 0.9593945741653442 
vt 0.9056133031845093 0.9593945741653442 
vt 0.9273886680603027 0.9580223560333252 
vt 0.9249691963195801 0.9579079747200012 
vt 0.939380943775177 0.956192672252655 
vt 0.939380943775177 0.956192672252655 
vt 0.9513731598854065 0.9543629884719849 
vt 0.9499004483222961 0.954591691493988 
vt 0.9575796723365784 0.9534481167793274 
vt 0.9575796723365784 0.9534481167793274 
vt 0.9637861847877502 0.9525333046913147 
vt 0.9622082114219666 0.9523046016693115 
vt 0.9637861847877502 0.9508179426193237 
vt 0.9637861847877502 0.9508179426193237 
vt 0.9637861847877502 0.9491026401519775 
vt 0.963365375995636 0.8896380662918091 
vt 0.9604199528694153 0.5274757742881775 
vt 0.963365375995636 0.8896380662918091 
vt 0.9604199528694153 0.5274757742881775 
vt 0.9604199528694153 0.5274757742881775 
vt 0.9581056237220764 0.45943453907966614 
vt 0.9581056237220764 0.45943453907966614 
vt 0.9549497961997986 0.4494856595993042 
vt 0.9549497961997986 0.4494856595993042 
vt 0.9509523510932922 0.44125208258628845 
vt 0.9509523510932922 0.44125208258628845 
vt 0.9472705721855164 0.43519127368927 
vt 0.9472705721855164 0.43519127368927 
vt 0.9452718496322632 0.43187496066093445 
vt 0.9452718496322632 0.43187496066093445 
vt 0.94327312707901 0.4297022223472595 
vt 0.94327312707901 0.4297022223472595 
vt 0.9396964907646179 0.4268433451652527 
vt 0.9396964907646179 0.4268433451652527 
vt 0.9344367384910583 0.42306962609291077 
vt 0.9344367384910583 0.42306962609291077 
vt 0.9270731210708618 0.4179236590862274 
vt 0.9270731210708618 0.4179236590862274 
vt 0.9169743657112122 0.41289204359054565 
vt 0.9169743657112122 0.41289204359054565 
vt 0.9036146402359009 0.40969011187553406 
vt 0.9036146402359009 0.40969011187553406 
vt 0.8886769413948059 0.4085465669631958 
vt 0.9036146402359009 0.40969011187553406 
vt 0.8886769413948059 0.4085465669631958 
vt 0.9036146402359009 0.41049060225486755 
vt 0.8885717391967773 0.4093470275402069 
vt 0.903825044631958 0.41277769207954407 
vt 0.8885717391967773 0.4116341471672058 
vt 0.904350996017456 0.4181523621082306 
vt 0.8884665369987488 0.41689446568489075 
vt 0.9050873517990112 0.42775818705558777 
vt 0.8881509304046631 0.42627158761024475 
vt 0.9060341119766235 0.44033724069595337 
vt 0.8879405856132507 0.43896499276161194 
vt 0.9066652655601501 0.4548603296279907 
vt 0.887624979019165 0.4540598392486572 
vt 0.9067704677581787 0.5272470712661743 
vt 0.8869938254356384 0.5270183086395264 
vt 0.9058237075805664 0.8956988453865051 
vt 0.8845743536949158 0.8963850140571594 
vt 0.8841535449028015 0.9584797620773315 
vt 0.8631145358085632 0.957679271697998 
vt 0.8631145358085632 0.9590515494346619 
vt 0.8443898558616638 0.9574505686759949 
vt 0.8631145358085632 0.9593945741653442 
vt 0.8443898558616638 0.9577935934066772 
vt 0.8631145358085632 0.9593945741653442 
vt 0.8443898558616638 0.9577935934066772 
vt 0.8631145358085632 0.9593945741653442 
vt 0.8443898558616638 0.9577935934066772 
vt 0.9169743657112122 0.41289204359054565 
vt 0.9171847701072693 0.41357818245887756 
vt 0.9176055788993835 0.41597962379455566 
vt 0.9185523390769958 0.421239972114563 
vt 0.9203406572341919 0.4308457672595978 
vt 0.9222341179847717 0.4430817663669586 
vt 0.9237068891525269 0.4564613103866577 
vt 0.9246536493301392 0.5273613929748535 
vt 0.9249691963195801 0.8944409489631653 
vt 0.9056133031845093 0.957679271697998 
vt 0.8841535449028015 0.9597376585006714 
vt 0.8841535449028015 0.9601950645446777 
vt 0.8841535449028015 0.9601950645446777 
vt 0.8841535449028015 0.9601950645446777 
vt 0.9056133031845093 0.9593945741653442 
vt 0.9056133031845093 0.9593945741653442 
vt 0.9249691963195801 0.9579079747200012 
vt 0.9249691963195801 0.9579079747200012 
vt 0.939380943775177 0.956192672252655 
vt 0.939380943775177 0.956192672252655 
vt 0.9499004483222961 0.954591691493988 
vt 0.9499004483222961 0.954591691493988 
vt 0.9575796723365784 0.9534481167793274 
vt 0.9575796723365784 0.9534481167793274 
vt 0.9622082114219666 0.9523046016693115 
vt 0.9622082114219666 0.9523046016693115 
vt 0.9637861847877502 0.9508179426193237 
vt 0.9637861847877502 0.9508179426193237 
vt 0.963365375995636 0.8896380662918091 
vt 0.9604199528694153 0.5274757742881775 
vt 0.9581056237220764 0.45943453907966614 
vt 0.9549497961997986 0.4494856595993042 
vt 0.9509523510932922 0.44125208258628845 
vt 0.9472705721855164 0.43519127368927 
vt 0.9452718496322632 0.43187496066093445 
vt 0.94327312707901 0.4297022223472595 
vt 0.9396964907646179 0.4268433451652527 
vt 0.9344367384910583 0.42306962609291077 
vt 0.9270731210708618 0.4179236590862274 
vt 0.9056133031845093 0.9593945741653442 
vt 0.9249691963195801 0.9579079747200012 
vt 0.939380943775177 0.956192672252655 
vt 0.9499004483222961 0.954591691493988 
vt 0.9575796723365784 0.9534481167793274 
vt 0.9622082114219666 0.9523046016693115 
vt 0.9637861847877502 0.9508179426193237 
vt 0.963365375995636 0.8896380662918091 
vt 0.9617874622344971 0.8898667693138123 
vt 0.9590523838996887 0.5274757742881775 
vt 0.9547393918037415 0.5274757742881775 
vt 0.9567381143569946 0.45932018756866455 
vt 0.9526354670524597 0.4589771032333374 
vt 0.9536874294281006 0.44914257526397705 
vt 0.9497952461242676 0.44845643639564514 
vt 0.9460082054138184 0.4394223988056183 
vt 0.9400120973587036 0.43724966049194336 
vt 0.9370666146278381 0.4297022223472595 
vt 0.9292821884155273 0.42547109723091125 
vt 0.9279146790504456 0.42066818475723267 
vt 0.949690043926239 0.4407946765422821 
vt 0.9461134076118469 0.4346194863319397 
vt 0.9441146850585938 0.4311888515949249 
vt 0.9426419734954834 0.42947351932525635 
vt 0.9400120973587036 0.427415132522583 
vt 0.9346471428871155 0.4237557649612427 
vt 0.927283525466919 0.4186097979545593 
vt 0.9353834986686707 0.42558544874191284 
vt 0.9426419734954834 0.43278980255126953 
vt 0.9408536553382874 0.4291304647922516 
vt 0.9317017197608948 0.43416208028793335 
vt 0.9344367384910583 0.44525450468063354 
vt 0.94327312707901 0.4470841884613037 
vt 0.9365406632423401 0.4574905037879944 
vt 0.9457978010177612 0.45840534567832947 
vt 0.9379081726074219 0.5274757742881775 
vt 0.9392757415771484 0.8928399682044983 
vt 0.9249691963195801 0.956192672252655 
vt 0.9056133031845093 0.9590515494346619 
vt 0.9249691963195801 0.9574505686759949 
vt 0.939380943775177 0.9557352066040039 
vt 0.9499004483222961 0.9541342854499817 
vt 0.9575796723365784 0.952990710735321 
vt 0.9610511064529419 0.9521902203559875 
vt 0.9622082114219666 0.9510466456413269 
vt 0.9575796723365784 0.9517328143119812 
vt 0.9572640657424927 0.8905528783798218 
vt 0.9476913213729858 0.5274757742881775 
vt 0.949690043926239 0.8914676904678345 
vt 0.939380943775177 0.9544773101806641 
vt 0.9499004483222961 0.9528763294219971 
vt 0.9607354998588562 0.47029826045036316 
vt 0.9581056237220764 0.45943453907966614 
vt 0.9581056237220764 0.45943453907966614 
vt 0.9549497961997986 0.4494856595993042 
vt 0.9509523510932922 0.44125208258628845 
vt 0.9472705721855164 0.43519127368927 
vt 0.9452718496322632 0.43187496066093445 
vt 0.94327312707901 0.4297022223472595 
vt 0.9396964907646179 0.4268433451652527 
vt 0.9344367384910583 0.42306962609291077 
vt 0.9270731210708618 0.4179236590862274 
vt 0.9169743657112122 0.41289204359054565 
vt 0.9036146402359009 0.40969011187553406 
vt 0.8886769413948059 0.4085465669631958 
vt 0.8886769413948059 0.4085465669631958 
vt 0.8739496469497681 0.40969011187553406 
vt 0.8739496469497681 0.40969011187553406 
vt 0.8610106706619263 0.41300639510154724 
vt 0.8610106706619263 0.41300639510154724 
vt 0.850806713104248 0.41849544644355774 
vt 0.850806713104248 0.41849544644355774 
vt 0.8434430956840515 0.42398446798324585 
vt 0.8434430956840515 0.42398446798324585 
vt 0.8388144969940186 0.427415132522583 
vt 0.8388144969940186 0.427415132522583 
vt 0.8359742164611816 0.4298165738582611 
vt 0.8359742164611816 0.4298165738582611 
vt 0.8341858983039856 0.43187496066093445 
vt 0.8341858983039856 0.43187496066093445 
vt 0.8319768309593201 0.43519127368927 
vt 0.8319768309593201 0.43519127368927 
vt 0.8278742432594299 0.44125208258628845 
vt 0.8278742432594299 0.44125208258628845 
vt 0.8234560489654541 0.4493712782859802 
vt 0.8234560489654541 0.4493712782859802 
vt 0.819879412651062 0.45943453907966614 
vt 0.819879412651062 0.45943453907966614 
vt 0.8164079785346985 0.5274757742881775 
vt 0.8164079785346985 0.5274757742881775 
vt 0.8089390993118286 0.8896380662918091 
vt 0.8089390993118286 0.8896380662918091 
vt 0.807781994342804 0.9508179426193237 
vt 0.807781994342804 0.9508179426193237 
vt 0.8089390993118286 0.9523046016693115 
vt 0.8089390993118286 0.9523046016693115 
vt 0.8125157356262207 0.9532194137573242 
vt 0.8125157356262207 0.9532194137573242 
vt 0.8192482590675354 0.9543629884719849 
vt 0.8192482590675354 0.9543629884719849 
vt 0.8298729062080383 0.9559639692306519 
vt 0.8298729062080383 0.9559639692306519 
vt 0.8167235255241394 0.47029826045036316 
vt 0.819879412651062 0.45943453907966614 
vt 0.8230352401733398 0.44845643639564514 
vt 0.8278742432594299 0.44125208258628845 
vt 0.8328183889389038 0.4339333772659302 
vt 0.8341858983039856 0.43187496066093445 
vt 0.8354482650756836 0.4299309253692627 
vt 0.8388144969940186 0.427415132522583 
vt 0.842075526714325 0.4250136613845825 
vt 0.850806713104248 0.41849544644355774 
vt 0.8595378994941711 0.41197720170021057 
vt 0.8739496469497681 0.40969011187553406 
vt 0.8884665369987488 0.40740299224853516 
vt 0.9036146402359009 0.40969011187553406 
vt 0.9186574816703796 0.41197720170021057 
vt 0.9270731210708618 0.4179236590862274 
vt 0.9353834986686707 0.42387011647224426 
vt 0.9396964907646179 0.4268433451652527 
vt 0.9440094828605652 0.4299309253692627 
vt 0.9452718496322632 0.43187496066093445 
vt 0.9464290142059326 0.4339333772659302 
vt 0.9509523510932922 0.44125208258628845 
vt 0.9553705453872681 0.4485708177089691 
vt 0.8078871965408325 0.9491026401519775 
vt 0.807781994342804 0.9508179426193237 
vt 0.807781994342804 0.9525333046913147 
vt 0.8125157356262207 0.9532194137573242 
vt 0.8173547387123108 0.9540199041366577 
vt 0.8298729062080383 0.9559639692306519 
vt 0.8739496469497681 0.40969011187553406 
vt 0.8739496469497681 0.40969011187553406 
vt 0.8738444447517395 0.41049060225486755 
vt 0.8735288381576538 0.41289204359054565 
vt 0.8728976845741272 0.4181523621082306 
vt 0.8716353178024292 0.42775818705558777 
vt 0.8701626062393188 0.44033724069595337 
vt 0.8690054416656494 0.4548603296279907 
vt 0.8523846864700317 0.4564613103866577 
vt 0.85028076171875 0.5273613929748535 
vt 0.8394456505775452 0.45760485529899597 
vt 0.8368157744407654 0.5274757742881775 
vt 0.8300833106040955 0.45851969718933105 
vt 0.8270326852798462 0.5274757742881775 
vt 0.8240872025489807 0.459091454744339 
vt 0.8208261728286743 0.5274757742881775 
vt 0.8209313750267029 0.45932018756866455 
vt 0.8175651431083679 0.5274757742881775 
vt 0.8164079785346985 0.5274757742881775 
vt 0.810096263885498 0.8898667693138123 
vt 0.8089390993118286 0.8896380662918091 
vt 0.807781994342804 0.9508179426193237 
vt 0.807781994342804 0.9508179426193237 
vt 0.8089390993118286 0.9523046016693115 
vt 0.8089390993118286 0.8896380662918091 
vt 0.8164079785346985 0.5274757742881775 
vt 0.819879412651062 0.45943453907966614 
vt 0.824508011341095 0.44914257526397705 
vt 0.8274534344673157 0.4485708177089691 
vt 0.8331339955329895 0.4473128914833069 
vt 0.842075526714325 0.4454832077026367 
vt 0.8543833494186401 0.4430817663669586 
vt 0.8568028211593628 0.4308457672595978 
vt 0.8590119481086731 0.4213543236255646 
vt 0.8602742552757263 0.41609397530555725 
vt 0.8608002662658691 0.41380688548088074 
vt 0.8610106706619263 0.41300639510154724 
vt 0.8610106706619263 0.41300639510154724 
vt 0.850806713104248 0.41849544644355774 
vt 0.8434430956840515 0.42398446798324585 
vt 0.8388144969940186 0.427415132522583 
vt 0.8359742164611816 0.4298165738582611 
vt 0.8341858983039856 0.43187496066093445 
vt 0.8319768309593201 0.43519127368927 
vt 0.8278742432594299 0.44125208258628845 
vt 0.8234560489654541 0.4493712782859802 
vt 0.819879412651062 0.45943453907966614 
vt 0.850806713104248 0.41849544644355774 
vt 0.8434430956840515 0.42398446798324585 
vt 0.8388144969940186 0.427415132522583 
vt 0.8359742164611816 0.4298165738582611 
vt 0.8341858983039856 0.43187496066093445 
vt 0.8319768309593201 0.43519127368927 
vt 0.8278742432594299 0.44125208258628845 
vt 0.8234560489654541 0.4493712782859802 
vt 0.8505963683128357 0.41918155550956726 
vt 0.8431274890899658 0.42455625534057617 
vt 0.8384988903999329 0.42798691987991333 
vt 0.8363950252532959 0.4297022223472595 
vt 0.8350274562835693 0.4313032031059265 
vt 0.8328183889389038 0.4347338378429413 
vt 0.8288210034370422 0.4407946765422821 
vt 0.8316612243652344 0.43976548314094543 
vt 0.836920976638794 0.4377070665359497 
vt 0.8453366160392761 0.4345051348209381 
vt 0.8354482650756836 0.43324723839759827 
vt 0.8403924107551575 0.43038836121559143 
vt 0.8482820391654968 0.4259285032749176 
vt 0.8375521898269653 0.42958787083625793 
vt 0.8422859311103821 0.42638593912124634 
vt 0.8498599529266357 0.421239972114563 
vt 0.8136729001998901 0.8903241753578186 
vt 0.8126209378242493 0.951504111289978 
vt 0.8192482590675354 0.9526476263999939 
vt 0.8192482590675354 0.9539055228233337 
vt 0.8298729062080383 0.9555065035820007 
vt 0.8298729062080383 0.9559639692306519 
vt 0.8298729062080383 0.9542486071586609 
vt 0.8203001618385315 0.8912389874458313 
vt 0.8308196663856506 0.8927256464958191 
vt 0.8452314138412476 0.8943265676498413 
vt 0.8637457489967346 0.8956988453865051 
vt 0.8675327301025391 0.5272470712661743 
vt 0.8444950580596924 0.956192672252655 
vt 0.8298729062080383 0.9559639692306519 
vt 0.8192482590675354 0.9543629884719849 
vt 0.8125157356262207 0.9532194137573242 
vt 0.8192482590675354 0.9543629884719849 
vt 0.8125157356262207 0.9528763294219971 
vt 0.8090443015098572 0.9510466456413269 
vt 0.8125157356262207 0.9532194137573242 
vt 0.8098858594894409 0.9520758986473083 
vt 0.8089390993118286 0.9523046016693115 
vt 0.848492443561554 0.518784761428833 
vt 0.848492443561554 0.5012884736061096 
vt 0.9246536493301392 0.5099794268608093 
vt 0.848492443561554 0.518784761428833 
vt 0.848492443561554 0.5012884736061096 
vt 0.848492443561554 0.518784761428833 
vt 0.848492443561554 0.5012884736061096 
vt 0.848492443561554 0.518784761428833 
vt 0.848492443561554 0.5012884736061096 
vt 0.848492443561554 0.518784761428833 
vt 0.848492443561554 0.5012884736061096 
vt 0.848492443561554 0.518784761428833 
vt 0.848492443561554 0.5012884736061096 
vt 0.848492443561554 0.518784761428833 
vt 0.848492443561554 0.5012884736061096 
vt 0.9246536493301392 0.5099794268608093 
vt 0.848492443561554 0.518784761428833 
vt 0.848492443561554 0.5012884736061096 
vt 0.848492443561554 0.518784761428833 
vt 0.848492443561554 0.5012884736061096 
vt 0.848492443561554 0.518784761428833 
vt 0.848492443561554 0.5012884736061096 
vt 0.9246536493301392 0.5099794268608093 
vt 0.848492443561554 0.518784761428833 
vt 0.848492443561554 0.5012884736061096 
vt 0.848492443561554 0.518784761428833 
vt 0.848492443561554 0.5012884736061096 
vt 0.848492443561554 0.518784761428833 
vt 0.848492443561554 0.5012884736061096 
vt 0.848492443561554 0.518784761428833 
vt 0.848492443561554 0.5012884736061096 
vt 0.848492443561554 0.518784761428833 
vt 0.848492443561554 0.5012884736061096 
vt 0.9246536493301392 0.5099794268608093 
vt 0.848492443561554 0.518784761428833 
vt 0.848492443561554 0.5012884736061096 
vt 0.848492443561554 0.518784761428833 
vt 0.848492443561554 0.5012884736061096 
vt 0.848492443561554 0.518784761428833 
vt 0.848492443561554 0.5012884736061096 
vt 0.9246536493301392 0.5099794268608093 
vt 0.848492443561554 0.518784761428833 
vt 0.848492443561554 0.5012884736061096 
vt 0.9246536493301392 0.5099794268608093 
vt 0.848492443561554 0.518784761428833 
vt 0.848492443561554 0.5012884736061096 
vt 0.9246536493301392 0.5099794268608093 
vt 0.848492443561554 0.518784761428833 
vt 0.848492443561554 0.5012884736061096 
vt 0.848492443561554 0.518784761428833 
vt 0.848492443561554 0.5012884736061096 
vt 0.848492443561554 0.518784761428833 
vt 0.848492443561554 0.5012884736061096 
vt 0.848492443561554 0.518784761428833 
vt 0.848492443561554 0.5012884736061096 
vt 0.848492443561554 0.518784761428833 
vt 0.848492443561554 0.5012884736061096 
vt 0.9246536493301392 0.5099794268608093 
vt 0.848492443561554 0.518784761428833 
vt 0.848492443561554 0.5012884736061096 
vt 0.848492443561554 0.518784761428833 
vt 0.848492443561554 0.5012884736061096 
vt 0.9246536493301392 0.5099794268608093 
vt 0.848492443561554 0.518784761428833 
vt 0.848492443561554 0.5012884736061096 
vt 0.848492443561554 0.518784761428833 
vt 0.848492443561554 0.5012884736061096 
vt 0.848492443561554 0.518784761428833 
vt 0.848492443561554 0.5012884736061096 
vt 0.848492443561554 0.518784761428833 
vt 0.848492443561554 0.5012884736061096 
vt 0.848492443561554 0.518784761428833 
vt 0.848492443561554 0.5012884736061096 
vt 0.848492443561554 0.518784761428833 
vt 0.848492443561554 0.5012884736061096 
vt 0.848492443561554 0.518784761428833 
vt 0.848492443561554 0.5012884736061096 
vt 0.848492443561554 0.518784761428833 
vt 0.848492443561554 0.5012884736061096 
vt 0.848492443561554 0.518784761428833 
vt 0.848492443561554 0.5012884736061096 
vt 0.9246536493301392 0.5099794268608093 
vt 0.848492443561554 0.518784761428833 
vt 0.848492443561554 0.5012884736061096 
vt 0.9246536493301392 0.5099794268608093 
vt 0.848492443561554 0.518784761428833 
vt 0.848492443561554 0.5012884736061096 
vt 0.848492443561554 0.518784761428833 
vt 0.848492443561554 0.5012884736061096 
vt 0.9246536493301392 0.5099794268608093 
vt 0.848492443561554 0.518784761428833 
vt 0.848492443561554 0.5012884736061096 
vt 0.9246536493301392 0.5099794268608093 
vt 0.848492443561554 0.518784761428833 
vt 0.848492443561554 0.5012884736061096 
vt 0.848492443561554 0.518784761428833 
vt 0.848492443561554 0.5012884736061096 
vt 0.1928120106458664 0.10356176644563675 
vt 0.18260809779167175 0.0905252993106842 
vt 0.25172120332717896 0.14610183238983154 
vt 0.7760130763053894 0.4189528524875641 
vt 0.725624680519104 0.47818875312805176 
vt 0.713527262210846 0.47887489199638367 
s on 
f 1/1/1 2/2/2 3/3/3 
f 2/2/2 4/4/4 3/3/3 
f 3/3/3 4/4/4 5/5/5 
f 4/4/4 6/6/6 5/5/5 
f 5/5/5 6/6/6 7/7/7 
f 6/6/6 8/8/8 7/7/7 
f 7/7/7 8/8/8 9/9/9 
f 8/8/8 10/10/10 9/9/9 
f 9/9/9 10/10/10 10/10/10 
f 10/10/10 4/4/4 10/10/10 
f 10/10/10 4/4/4 4/4/4 
f 4/4/4 11/11/11 4/4/4 
f 4/4/4 11/11/11 6/6/6 
f 11/11/11 12/12/12 6/6/6 
f 6/6/6 12/12/12 8/8/8 
f 12/12/12 13/13/13 8/8/8 
f 8/8/8 13/13/13 10/10/10 
f 13/13/13 10/10/10 10/10/10 
f 10/10/10 10/10/10 11/11/11 
f 10/10/10 11/11/11 11/11/11 
f 11/11/11 11/11/11 11/11/11 
f 11/11/11 14/14/14 11/11/11 
f 11/11/11 14/14/14 12/12/12 
f 14/14/14 15/15/15 12/12/12 
f 12/12/12 15/15/15 13/13/13 
f 15/15/15 13/13/13 13/13/13 
f 13/13/13 13/13/13 15/15/15 
f 13/13/13 15/15/15 15/15/15 
f 15/15/15 15/15/15 15/15/15 
f 15/15/15 14/14/14 15/15/15 
f 15/15/15 14/14/14 16/16/16 
f 14/14/14 17/17/17 16/16/16 
f 16/16/16 17/17/17 18/18/18 
f 17/17/17 19/19/19 18/18/18 
f 18/18/18 19/19/19 20/20/20 
f 19/19/19 21/21/21 20/20/20 
f 20/20/20 21/21/21 22/22/22 
f 21/21/21 23/23/23 22/22/22 
f 22/22/22 23/23/23 23/23/23 
f 23/23/23 14/14/14 23/23/23 
f 23/23/23 14/14/14 14/14/14 
f 14/14/14 24/24/24 14/14/14 
f 14/14/14 24/24/24 17/17/17 
f 24/24/24 25/25/25 17/17/17 
f 17/17/17 25/25/25 19/19/19 
f 25/25/25 26/26/26 19/19/19 
f 19/19/19 26/26/26 21/21/21 
f 26/26/26 27/27/27 21/21/21 
f 21/21/21 27/27/27 23/23/23 
f 27/27/27 28/28/28 23/23/23 
f 23/23/23 28/28/28 28/28/28 
f 28/28/28 24/24/24 28/28/28 
f 28/28/28 24/24/24 24/24/24 
f 24/24/24 29/29/29 24/24/24 
f 24/24/24 29/29/29 25/25/25 
f 29/29/29 30/30/30 25/25/25 
f 25/25/25 30/30/30 26/26/26 
f 30/30/30 31/31/31 26/26/26 
f 26/26/26 31/31/31 27/27/27 
f 31/31/31 32/32/32 27/27/27 
f 27/27/27 32/32/32 28/28/28 
f 32/32/32 33/33/33 28/28/28 
f 28/28/28 33/33/33 33/33/33 
f 33/33/33 29/29/29 33/33/33 
f 33/33/33 29/29/29 29/29/29 
f 29/29/29 34/34/34 29/29/29 
f 29/29/29 34/34/34 30/30/30 
f 34/34/34 35/35/35 30/30/30 
f 30/30/30 35/35/35 31/31/31 
f 35/35/35 36/36/36 31/31/31 
f 31/31/31 36/36/36 32/32/32 
f 36/36/36 37/37/37 32/32/32 
f 32/32/32 37/37/37 33/33/33 
f 37/37/37 33/33/33 33/33/33 
f 33/33/33 33/33/33 34/34/34 
f 33/33/33 34/34/34 34/34/34 
f 34/34/34 34/34/34 34/34/34 
f 34/34/34 29/29/29 34/34/34 
f 34/34/34 29/29/29 38/38/38 
f 29/29/29 39/39/39 38/38/38 
f 38/38/38 39/39/39 40/40/40 
f 39/39/39 4/4/4 40/40/40 
f 40/40/40 4/4/4 2/2/2 
f 4/4/4 2/2/2 2/2/2 
f 2/2/2 2/2/2 4/4/4 
f 2/2/2 4/4/4 4/4/4 
f 4/4/4 4/4/4 4/4/4 
f 4/4/4 39/39/39 4/4/4 
f 4/4/4 39/39/39 11/11/11 
f 39/39/39 24/24/24 11/11/11 
f 11/11/11 24/24/24 14/14/14 
f 24/24/24 14/14/14 14/14/14 
f 14/14/14 14/14/14 41/41/41 
f 14/14/14 41/41/41 41/41/41 
f 41/41/41 41/41/41 41/41/41 
f 41/41/41 42/42/42 41/41/41 
f 41/41/41 42/42/42 43/43/43 
f 42/42/42 44/44/44 43/43/43 
f 43/43/43 44/44/44 44/44/44 
f 44/44/44 45/45/45 44/44/44 
f 44/44/44 45/45/45 45/45/45 
f 45/45/45 46/46/46 45/45/45 
f 45/45/45 46/46/46 47/47/47 
f 46/46/46 48/48/48 47/47/47 
f 47/47/47 48/48/48 49/49/49 
f 48/48/48 50/50/50 49/49/49 
f 49/49/49 50/50/50 51/51/51 
f 50/50/50 52/52/52 51/51/51 
f 51/51/51 52/52/52 53/53/53 
f 52/52/52 53/53/53 53/53/53 
f 53/53/53 53/53/53 50/50/50 
f 53/53/53 50/50/50 50/50/50 
f 50/50/50 50/50/50 50/50/50 
f 50/50/50 48/48/48 50/50/50 
f 50/50/50 48/48/48 54/54/54 
f 48/48/48 46/46/46 54/54/54 
f 54/54/54 46/46/46 55/55/55 
f 46/46/46 56/56/56 55/55/55 
f 55/55/55 56/56/56 57/57/57 
f 56/56/56 58/58/58 57/57/57 
f 57/57/57 58/58/58 59/59/59 
f 58/58/58 60/60/60 59/59/59 
f 59/59/59 60/60/60 60/60/60 
f 60/60/60 57/57/57 60/60/60 
f 60/60/60 57/57/57 57/57/57 
f 57/57/57 61/61/61 57/57/57 
f 57/57/57 61/61/61 55/55/55 
f 61/61/61 62/62/62 55/55/55 
f 55/55/55 62/62/62 54/54/54 
f 62/62/62 63/63/63 54/54/54 
f 54/54/54 63/63/63 50/50/50 
f 63/63/63 52/52/52 50/50/50 
f 50/50/50 52/52/52 52/52/52 
f 52/52/52 64/64/64 52/52/52 
f 52/52/52 64/64/64 64/64/64 
f 64/64/64 65/65/65 64/64/64 
f 64/64/64 65/65/65 66/66/66 
f 65/65/65 67/67/67 66/66/66 
f 66/66/66 67/67/67 67/67/67 
f 67/67/67 68/68/68 67/67/67 
f 67/67/67 68/68/68 68/68/68 
f 68/68/68 69/69/69 68/68/68 
f 68/68/68 69/69/69 70/70/70 
f 69/69/69 71/71/71 70/70/70 
f 70/70/70 71/71/71 72/72/72 
f 71/71/71 73/73/73 72/72/72 
f 72/72/72 73/73/73 74/74/74 
f 73/73/73 75/75/75 74/74/74 
f 74/74/74 75/75/75 75/75/75 
f 75/75/75 69/69/69 75/75/75 
f 75/75/75 69/69/69 69/69/69 
f 69/69/69 76/76/76 69/69/69 
f 69/69/69 76/76/76 71/71/71 
f 76/76/76 77/77/77 71/71/71 
f 71/71/71 77/77/77 73/73/73 
f 77/77/77 78/78/78 73/73/73 
f 73/73/73 78/78/78 75/75/75 
f 78/78/78 79/79/79 75/75/75 
f 75/75/75 79/79/79 80/80/80 
f 79/79/79 81/81/81 80/80/80 
f 80/80/80 81/81/81 82/82/82 
f 81/81/81 83/83/83 82/82/82 
f 82/82/82 83/83/83 84/84/84 
f 83/83/83 85/85/85 84/84/84 
f 84/84/84 85/85/85 85/85/85 
f 85/85/85 81/81/81 85/85/85 
f 85/85/85 81/81/81 81/81/81 
f 81/81/81 79/79/79 81/81/81 
f 81/81/81 79/79/79 86/86/86 
f 79/79/79 78/78/78 86/86/86 
f 86/86/86 78/78/78 87/87/87 
f 78/78/78 77/77/77 87/87/87 
f 87/87/87 77/77/77 88/88/88 
f 77/77/77 76/76/76 88/88/88 
f 88/88/88 76/76/76 89/89/89 
f 76/76/76 89/89/89 89/89/89 
f 89/89/89 89/89/89 90/90/90 
f 89/89/89 90/90/90 90/90/90 
f 90/90/90 90/90/90 90/90/90 
f 90/90/90 91/91/91 90/90/90 
f 90/90/90 91/91/91 92/92/92 
f 91/91/91 93/93/93 92/92/92 
f 92/92/92 93/93/93 94/94/94 
f 93/93/93 95/95/95 94/94/94 
f 94/94/94 95/95/95 96/96/96 
f 95/95/95 97/97/97 96/96/96 
f 96/96/96 97/97/97 97/97/97 
f 97/97/97 98/98/98 97/97/97 
f 97/97/97 98/98/98 98/98/98 
f 98/98/98 99/99/99 98/98/98 
f 98/98/98 99/99/99 100/100/100 
f 99/99/99 101/101/101 100/100/100 
f 100/100/100 101/101/101 102/102/102 
f 101/101/101 103/103/103 102/102/102 
f 102/102/102 103/103/103 104/104/104 
f 103/103/103 105/105/105 104/104/104 
f 104/104/104 105/105/105 106/106/106 
f 105/105/105 107/107/107 106/106/106 
f 106/106/106 107/107/107 108/108/108 
f 107/107/107 109/109/109 108/108/108 
f 108/108/108 109/109/109 109/109/109 
f 109/109/109 99/99/99 109/109/109 
f 109/109/109 99/99/99 99/99/99 
f 99/99/99 110/110/110 99/99/99 
f 99/99/99 110/110/110 101/101/101 
f 110/110/110 111/111/111 101/101/101 
f 101/101/101 111/111/111 103/103/103 
f 111/111/111 112/112/112 103/103/103 
f 103/103/103 112/112/112 105/105/105 
f 112/112/112 113/113/113 105/105/105 
f 105/105/105 113/113/113 107/107/107 
f 113/113/113 114/114/114 107/107/107 
f 107/107/107 114/114/114 109/109/109 
f 114/114/114 109/109/109 109/109/109 
f 109/109/109 109/109/109 110/110/110 
f 109/109/109 110/110/110 110/110/110 
f 110/110/110 110/110/110 110/110/110 
f 110/110/110 115/115/115 110/110/110 
f 110/110/110 115/115/115 111/111/111 
f 115/115/115 116/116/116 111/111/111 
f 111/111/111 116/116/116 112/112/112 
f 116/116/116 117/117/117 112/112/112 
f 112/112/112 117/117/117 113/113/113 
f 117/117/117 118/118/118 113/113/113 
f 113/113/113 118/118/118 114/114/114 
f 118/118/118 114/114/114 114/114/114 
f 114/114/114 114/114/114 115/115/115 
f 114/114/114 115/115/115 115/115/115 
f 115/115/115 115/115/115 115/115/115 
f 115/115/115 119/119/119 115/115/115 
f 115/115/115 119/119/119 116/116/116 
f 119/119/119 120/120/120 116/116/116 
f 116/116/116 120/120/120 117/117/117 
f 120/120/120 121/121/121 117/117/117 
f 117/117/117 121/121/121 118/118/118 
f 121/121/121 122/122/122 118/118/118 
f 118/118/118 122/122/122 122/122/122 
f 122/122/122 119/119/119 122/122/122 
f 122/122/122 119/119/119 119/119/119 
f 119/119/119 123/123/123 119/119/119 
f 119/119/119 123/123/123 120/120/120 
f 123/123/123 124/124/124 120/120/120 
f 120/120/120 124/124/124 121/121/121 
f 124/124/124 125/125/125 121/121/121 
f 121/121/121 125/125/125 122/122/122 
f 125/125/125 126/126/126 122/122/122 
f 122/122/122 126/126/126 126/126/126 
f 126/126/126 123/123/123 126/126/126 
f 126/126/126 123/123/123 123/123/123 
f 123/123/123 127/127/127 123/123/123 
f 123/123/123 127/127/127 124/124/124 
f 127/127/127 128/128/128 124/124/124 
f 124/124/124 128/128/128 125/125/125 
f 128/128/128 129/129/129 125/125/125 
f 125/125/125 129/129/129 126/126/126 
f 129/129/129 130/130/130 126/126/126 
f 126/126/126 130/130/130 130/130/130 
f 130/130/130 127/127/127 130/130/130 
f 130/130/130 127/127/127 127/127/127 
f 127/127/127 131/131/131 127/127/127 
f 127/127/127 131/131/131 128/128/128 
f 131/131/131 132/132/132 128/128/128 
f 128/128/128 132/132/132 129/129/129 
f 132/132/132 133/133/133 129/129/129 
f 129/129/129 133/133/133 130/130/130 
f 133/133/133 134/134/134 130/130/130 
f 130/130/130 134/134/134 134/134/134 
f 134/134/134 131/131/131 134/134/134 
f 134/134/134 131/131/131 131/131/131 
f 131/131/131 135/135/135 131/131/131 
f 131/131/131 135/135/135 132/132/132 
f 135/135/135 136/136/136 132/132/132 
f 132/132/132 136/136/136 133/133/133 
f 136/136/136 137/137/137 133/133/133 
f 133/133/133 137/137/137 134/134/134 
f 137/137/137 138/138/138 134/134/134 
f 134/134/134 138/138/138 138/138/138 
f 138/138/138 135/135/135 138/138/138 
f 138/138/138 135/135/135 135/135/135 
f 135/135/135 139/139/139 135/135/135 
f 135/135/135 139/139/139 136/136/136 
f 139/139/139 140/140/140 136/136/136 
f 136/136/136 140/140/140 137/137/137 
f 140/140/140 141/141/141 137/137/137 
f 137/137/137 141/141/141 138/138/138 
f 141/141/141 142/142/142 138/138/138 
f 138/138/138 142/142/142 142/142/142 
f 142/142/142 139/139/139 142/142/142 
f 142/142/142 139/139/139 139/139/139 
f 139/139/139 143/143/143 139/139/139 
f 139/139/139 143/143/143 140/140/140 
f 143/143/143 144/144/144 140/140/140 
f 140/140/140 144/144/144 141/141/141 
f 144/144/144 145/145/145 141/141/141 
f 141/141/141 145/145/145 142/142/142 
f 145/145/145 146/146/146 142/142/142 
f 142/142/142 146/146/146 146/146/146 
f 146/146/146 143/143/143 146/146/146 
f 146/146/146 143/143/143 143/143/143 
f 143/143/143 147/147/147 143/143/143 
f 143/143/143 147/147/147 144/144/144 
f 147/147/147 148/148/148 144/144/144 
f 144/144/144 148/148/148 145/145/145 
f 148/148/148 149/149/149 145/145/145 
f 145/145/145 149/149/149 146/146/146 
f 149/149/149 150/150/150 146/146/146 
f 146/146/146 150/150/150 150/150/150 
f 150/150/150 147/147/147 150/150/150 
f 150/150/150 147/147/147 147/147/147 
f 147/147/147 151/151/151 147/147/147 
f 147/147/147 151/151/151 148/148/148 
f 151/151/151 152/152/152 148/148/148 
f 148/148/148 152/152/152 149/149/149 
f 152/152/152 153/153/153 149/149/149 
f 149/149/149 153/153/153 150/150/150 
f 153/153/153 150/150/150 150/150/150 
f 150/150/150 150/150/150 151/151/151 
f 150/150/150 151/151/151 151/151/151 
f 151/151/151 151/151/151 151/151/151 
f 151/151/151 147/147/147 151/151/151 
f 151/151/151 147/147/147 154/154/154 
f 147/147/147 155/155/155 154/154/154 
f 154/154/154 155/155/155 156/156/156 
f 155/155/155 157/157/157 156/156/156 
f 156/156/156 157/157/157 158/158/158 
f 157/157/157 158/158/158 158/158/158 
f 158/158/158 158/158/158 158/158/158 
f 158/158/158 159/159/159 158/158/158 
f 158/158/158 159/159/159 156/156/156 
f 159/159/159 160/160/160 156/156/156 
f 156/156/156 160/160/160 154/154/154 
f 160/160/160 161/161/161 154/154/154 
f 154/154/154 161/161/161 151/151/151 
f 161/161/161 162/162/162 151/151/151 
f 151/151/151 162/162/162 152/152/152 
f 162/162/162 152/152/152 152/152/152 
f 152/152/152 152/152/152 163/163/163 
f 152/152/152 163/163/163 163/163/163 
f 163/163/163 163/163/163 163/163/163 
f 163/163/163 164/164/164 163/163/163 
f 163/163/163 164/164/164 165/165/165 
f 164/164/164 166/166/166 165/165/165 
f 165/165/165 166/166/166 166/166/166 
f 166/166/166 167/167/167 166/166/166 
f 166/166/166 167/167/167 167/167/167 
f 167/167/167 168/168/168 167/167/167 
f 167/167/167 168/168/168 169/169/169 
f 168/168/168 170/170/170 169/169/169 
f 169/169/169 170/170/170 171/171/171 
f 170/170/170 172/172/172 171/171/171 
f 171/171/171 172/172/172 173/173/173 
f 172/172/172 174/174/174 173/173/173 
f 173/173/173 174/174/174 175/175/175 
f 174/174/174 175/175/175 175/175/175 
f 175/175/175 175/175/175 168/168/168 
f 175/175/175 168/168/168 168/168/168 
f 168/168/168 168/168/168 168/168/168 
f 168/168/168 176/176/176 168/168/168 
f 168/168/168 176/176/176 170/170/170 
f 176/176/176 172/172/172 170/170/170 
f 170/170/170 172/172/172 172/172/172 
f 172/172/172 176/176/176 172/172/172 
f 172/172/172 176/176/176 176/176/176 
f 176/176/176 177/177/177 176/176/176 
f 176/176/176 177/177/177 172/172/172 
f 177/177/177 174/174/174 172/172/172 
f 172/172/172 174/174/174 174/174/174 
f 174/174/174 178/178/178 174/174/174 
f 174/174/174 178/178/178 178/178/178 
f 178/178/178 179/179/179 178/178/178 
f 178/178/178 179/179/179 180/180/180 
f 179/179/179 181/181/181 180/180/180 
f 180/180/180 181/181/181 182/182/182 
f 181/181/181 183/183/183 182/182/182 
f 182/182/182 183/183/183 184/184/184 
f 183/183/183 185/185/185 184/184/184 
f 184/184/184 185/185/185 185/185/185 
f 185/185/185 179/179/179 185/185/185 
f 185/185/185 179/179/179 179/179/179 
f 179/179/179 186/186/186 179/179/179 
f 179/179/179 186/186/186 181/181/181 
f 186/186/186 187/187/187 181/181/181 
f 181/181/181 187/187/187 183/183/183 
f 187/187/187 188/188/188 183/183/183 
f 183/183/183 188/188/188 185/185/185 
f 188/188/188 189/189/189 185/185/185 
f 185/185/185 189/189/189 189/189/189 
f 189/189/189 190/190/190 189/189/189 
f 189/189/189 190/190/190 190/190/190 
f 190/190/190 191/191/191 190/190/190 
f 190/190/190 191/191/191 192/192/192 
f 191/191/191 193/193/193 192/192/192 
f 192/192/192 193/193/193 193/193/193 
f 193/193/193 147/147/147 193/193/193 
f 193/193/193 147/147/147 147/147/147 
f 147/147/147 143/143/143 147/147/147 
f 147/147/147 143/143/143 155/155/155 
f 143/143/143 194/194/194 155/155/155 
f 155/155/155 194/194/194 195/195/195 
f 194/194/194 196/196/196 195/195/195 
f 195/195/195 196/196/196 197/197/197 
f 196/196/196 198/198/198 197/197/197 
f 197/197/197 198/198/198 198/198/198 
f 198/198/198 143/143/143 198/198/198 
f 198/198/198 143/143/143 143/143/143 
f 143/143/143 139/139/139 143/143/143 
f 143/143/143 139/139/139 194/194/194 
f 139/139/139 199/199/199 194/194/194 
f 194/194/194 199/199/199 196/196/196 
f 199/199/199 200/200/200 196/196/196 
f 196/196/196 200/200/200 198/198/198 
f 200/200/200 201/201/201 198/198/198 
f 198/198/198 201/201/201 201/201/201 
f 201/201/201 139/139/139 201/201/201 
f 201/201/201 139/139/139 139/139/139 
f 139/139/139 135/135/135 139/139/139 
f 139/139/139 135/135/135 199/199/199 
f 135/135/135 202/202/202 199/199/199 
f 199/199/199 202/202/202 200/200/200 
f 202/202/202 203/203/203 200/200/200 
f 200/200/200 203/203/203 201/201/201 
f 203/203/203 204/204/204 201/201/201 
f 201/201/201 204/204/204 204/204/204 
f 204/204/204 135/135/135 204/204/204 
f 204/204/204 135/135/135 135/135/135 
f 135/135/135 131/131/131 135/135/135 
f 135/135/135 131/131/131 202/202/202 
f 131/131/131 205/205/205 202/202/202 
f 202/202/202 205/205/205 203/203/203 
f 205/205/205 206/206/206 203/203/203 
f 203/203/203 206/206/206 204/204/204 
f 206/206/206 207/207/207 204/204/204 
f 204/204/204 207/207/207 207/207/207 
f 207/207/207 131/131/131 207/207/207 
f 207/207/207 131/131/131 131/131/131 
f 131/131/131 127/127/127 131/131/131 
f 131/131/131 127/127/127 205/205/205 
f 127/127/127 208/208/208 205/205/205 
f 205/205/205 208/208/208 206/206/206 
f 208/208/208 209/209/209 206/206/206 
f 206/206/206 209/209/209 207/207/207 
f 209/209/209 210/210/210 207/207/207 
f 207/207/207 210/210/210 210/210/210 
f 210/210/210 127/127/127 210/210/210 
f 210/210/210 127/127/127 127/127/127 
f 127/127/127 123/123/123 127/127/127 
f 127/127/127 123/123/123 208/208/208 
f 123/123/123 211/211/211 208/208/208 
f 208/208/208 211/211/211 209/209/209 
f 211/211/211 212/212/212 209/209/209 
f 209/209/209 212/212/212 210/210/210 
f 212/212/212 213/213/213 210/210/210 
f 210/210/210 213/213/213 213/213/213 
f 213/213/213 123/123/123 213/213/213 
f 213/213/213 123/123/123 123/123/123 
f 123/123/123 119/119/119 123/123/123 
f 123/123/123 119/119/119 211/211/211 
f 119/119/119 214/214/214 211/211/211 
f 211/211/211 214/214/214 212/212/212 
f 214/214/214 215/215/215 212/212/212 
f 212/212/212 215/215/215 213/213/213 
f 215/215/215 216/216/216 213/213/213 
f 213/213/213 216/216/216 216/216/216 
f 216/216/216 119/119/119 216/216/216 
f 216/216/216 119/119/119 119/119/119 
f 119/119/119 115/115/115 119/119/119 
f 119/119/119 115/115/115 214/214/214 
f 115/115/115 217/217/217 214/214/214 
f 214/214/214 217/217/217 215/215/215 
f 217/217/217 218/218/218 215/215/215 
f 215/215/215 218/218/218 216/216/216 
f 218/218/218 219/219/219 216/216/216 
f 216/216/216 219/219/219 219/219/219 
f 219/219/219 115/115/115 219/219/219 
f 219/219/219 115/115/115 115/115/115 
f 115/115/115 110/110/110 115/115/115 
f 115/115/115 110/110/110 217/217/217 
f 110/110/110 220/220/220 217/217/217 
f 217/217/217 220/220/220 218/218/218 
f 220/220/220 221/221/221 218/218/218 
f 218/218/218 221/221/221 219/219/219 
f 221/221/221 219/219/219 219/219/219 
f 219/219/219 219/219/219 110/110/110 
f 219/219/219 110/110/110 110/110/110 
f 110/110/110 110/110/110 110/110/110 
f 110/110/110 99/99/99 110/110/110 
f 110/110/110 99/99/99 220/220/220 
f 99/99/99 222/222/222 220/220/220 
f 220/220/220 222/222/222 221/221/221 
f 222/222/222 221/221/221 221/221/221 
f 221/221/221 221/221/221 155/155/155 
f 221/221/221 155/155/155 155/155/155 
f 155/155/155 155/155/155 155/155/155 
f 155/155/155 195/195/195 155/155/155 
f 155/155/155 195/195/195 157/157/157 
f 195/195/195 223/223/223 157/157/157 
f 157/157/157 223/223/223 223/223/223 
f 223/223/223 224/224/224 223/223/223 
f 223/223/223 224/224/224 224/224/224 
f 224/224/224 225/225/225 224/224/224 
f 224/224/224 225/225/225 226/226/226 
f 225/225/225 227/227/227 226/226/226 
f 226/226/226 227/227/227 227/227/227 
f 227/227/227 228/228/228 227/227/227 
f 227/227/227 228/228/228 228/228/228 
f 228/228/228 229/229/229 228/228/228 
f 228/228/228 229/229/229 230/230/230 
f 229/229/229 231/231/231 230/230/230 
f 230/230/230 231/231/231 232/232/232 
f 231/231/231 233/233/233 232/232/232 
f 232/232/232 233/233/233 234/234/234 
f 233/233/233 235/235/235 234/234/234 
f 234/234/234 235/235/235 235/235/235 
f 235/235/235 229/229/229 235/235/235 
f 235/235/235 229/229/229 229/229/229 
f 229/229/229 236/236/236 229/229/229 
f 229/229/229 236/236/236 231/231/231 
f 236/236/236 237/237/237 231/231/231 
f 231/231/231 237/237/237 233/233/233 
f 237/237/237 238/238/238 233/233/233 
f 233/233/233 238/238/238 235/235/235 
f 238/238/238 235/235/235 235/235/235 
f 235/235/235 235/235/235 236/236/236 
f 235/235/235 236/236/236 236/236/236 
f 236/236/236 236/236/236 236/236/236 
f 236/236/236 239/239/239 236/236/236 
f 236/236/236 239/239/239 237/237/237 
f 239/239/239 240/240/240 237/237/237 
f 237/237/237 240/240/240 238/238/238 
f 240/240/240 238/238/238 238/238/238 
f 238/238/238 238/238/238 239/239/239 
f 238/238/238 239/239/239 239/239/239 
f 239/239/239 239/239/239 239/239/239 
f 239/239/239 236/236/236 239/239/239 
f 239/239/239 236/236/236 241/241/241 
f 236/236/236 242/242/242 241/241/241 
f 241/241/241 242/242/242 243/243/243 
f 242/242/242 243/243/243 243/243/243 
f 243/243/243 243/243/243 56/56/56 
f 243/243/243 56/56/56 56/56/56 
f 56/56/56 56/56/56 56/56/56 
f 56/56/56 244/244/244 56/56/56 
f 56/56/56 244/244/244 58/58/58 
f 244/244/244 245/245/245 58/58/58 
f 58/58/58 245/245/245 60/60/60 
f 245/245/245 60/60/60 60/60/60 
f 60/60/60 60/60/60 246/246/246 
f 60/60/60 246/246/246 246/246/246 
f 246/246/246 246/246/246 246/246/246 
f 246/246/246 247/247/247 246/246/246 
f 246/246/246 247/247/247 248/248/248 
f 247/247/247 249/249/249 248/248/248 
f 248/248/248 249/249/249 250/250/250 
f 249/249/249 251/251/251 250/250/250 
f 250/250/250 251/251/251 252/252/252 
f 251/251/251 253/253/253 252/252/252 
f 252/252/252 253/253/253 253/253/253 
f 253/253/253 247/247/247 253/253/253 
f 253/253/253 247/247/247 247/247/247 
f 247/247/247 254/254/254 247/247/247 
f 247/247/247 254/254/254 249/249/249 
f 254/254/254 255/255/255 249/249/249 
f 249/249/249 255/255/255 251/251/251 
f 255/255/255 256/256/256 251/251/251 
f 251/251/251 256/256/256 253/253/253 
f 256/256/256 257/257/257 253/253/253 
f 253/253/253 257/257/257 258/258/258 
f 257/257/257 259/259/259 258/258/258 
f 258/258/258 259/259/259 260/260/260 
f 259/259/259 261/261/261 260/260/260 
f 260/260/260 261/261/261 262/262/262 
f 261/261/261 262/262/262 262/262/262 
f 262/262/262 262/262/262 254/254/254 
f 262/262/262 254/254/254 254/254/254 
f 254/254/254 254/254/254 254/254/254 
f 254/254/254 263/263/263 254/254/254 
f 254/254/254 263/263/263 255/255/255 
f 263/263/263 264/264/264 255/255/255 
f 255/255/255 264/264/264 256/256/256 
f 264/264/264 265/265/265 256/256/256 
f 256/256/256 265/265/265 257/257/257 
f 265/265/265 266/266/266 257/257/257 
f 257/257/257 266/266/266 259/259/259 
f 266/266/266 267/267/267 259/259/259 
f 259/259/259 267/267/267 261/261/261 
f 267/267/267 261/261/261 261/261/261 
f 261/261/261 261/261/261 265/265/265 
f 261/261/261 265/265/265 265/265/265 
f 265/265/265 265/265/265 265/265/265 
f 265/265/265 264/264/264 265/265/265 
f 265/265/265 264/264/264 268/268/268 
f 264/264/264 263/263/263 268/268/268 
f 268/268/268 263/263/263 269/269/269 
f 263/263/263 270/270/270 269/269/269 
f 269/269/269 270/270/270 271/271/271 
f 270/270/270 272/272/272 271/271/271 
f 271/271/271 272/272/272 273/273/273 
f 272/272/272 274/274/274 273/273/273 
f 273/273/273 274/274/274 275/275/275 
f 274/274/274 276/276/276 275/275/275 
f 275/275/275 276/276/276 277/277/277 
f 276/276/276 278/278/278 277/277/277 
f 277/277/277 278/278/278 279/279/279 
f 278/278/278 280/280/280 279/279/279 
f 279/279/279 280/280/280 281/281/281 
f 280/280/280 282/282/282 281/281/281 
f 281/281/281 282/282/282 283/283/283 
f 282/282/282 284/284/284 283/283/283 
f 283/283/283 284/284/284 285/285/285 
f 284/284/284 285/285/285 285/285/285 
f 285/285/285 285/285/285 285/285/285 
f 285/285/285 286/286/286 285/285/285 
f 285/285/285 286/286/286 283/283/283 
f 286/286/286 287/287/287 283/283/283 
f 283/283/283 287/287/287 281/281/281 
f 287/287/287 288/288/288 281/281/281 
f 281/281/281 288/288/288 279/279/279 
f 288/288/288 289/289/289 279/279/279 
f 279/279/279 289/289/289 277/277/277 
f 289/289/289 290/290/290 277/277/277 
f 277/277/277 290/290/290 275/275/275 
f 290/290/290 291/291/291 275/275/275 
f 275/275/275 291/291/291 273/273/273 
f 291/291/291 292/292/292 273/273/273 
f 273/273/273 292/292/292 271/271/271 
f 292/292/292 293/293/293 271/271/271 
f 271/271/271 293/293/293 269/269/269 
f 293/293/293 294/294/294 269/269/269 
f 269/269/269 294/294/294 268/268/268 
f 294/294/294 295/295/295 268/268/268 
f 268/268/268 295/295/295 265/265/265 
f 295/295/295 266/266/266 265/265/265 
f 265/265/265 266/266/266 266/266/266 
f 266/266/266 286/286/286 266/266/266 
f 266/266/266 286/286/286 286/286/286 
f 286/286/286 296/296/296 286/286/286 
f 286/286/286 296/296/296 287/287/287 
f 296/296/296 297/297/297 287/287/287 
f 287/287/287 297/297/297 288/288/288 
f 297/297/297 298/298/298 288/288/288 
f 288/288/288 298/298/298 289/289/289 
f 298/298/298 299/299/299 289/289/289 
f 289/289/289 299/299/299 290/290/290 
f 299/299/299 300/300/300 290/290/290 
f 290/290/290 300/300/300 291/291/291 
f 300/300/300 301/301/301 291/291/291 
f 291/291/291 301/301/301 292/292/292 
f 301/301/301 302/302/302 292/292/292 
f 292/292/292 302/302/302 293/293/293 
f 302/302/302 303/303/303 293/293/293 
f 293/293/293 303/303/303 294/294/294 
f 303/303/303 304/304/304 294/294/294 
f 294/294/294 304/304/304 295/295/295 
f 304/304/304 305/305/305 295/295/295 
f 295/295/295 305/305/305 266/266/266 
f 305/305/305 306/306/306 266/266/266 
f 266/266/266 306/306/306 267/267/267 
f 306/306/306 267/267/267 267/267/267 
f 267/267/267 267/267/267 296/296/296 
f 267/267/267 296/296/296 296/296/296 
f 296/296/296 296/296/296 296/296/296 
f 296/296/296 307/307/307 296/296/296 
f 296/296/296 307/307/307 297/297/297 
f 307/307/307 308/308/308 297/297/297 
f 297/297/297 308/308/308 298/298/298 
f 308/308/308 309/309/309 298/298/298 
f 298/298/298 309/309/309 299/299/299 
f 309/309/309 310/310/310 299/299/299 
f 299/299/299 310/310/310 300/300/300 
f 310/310/310 311/311/311 300/300/300 
f 300/300/300 311/311/311 301/301/301 
f 311/311/311 312/312/312 301/301/301 
f 301/301/301 312/312/312 302/302/302 
f 312/312/312 313/313/313 302/302/302 
f 302/302/302 313/313/313 303/303/303 
f 313/313/313 314/314/314 303/303/303 
f 303/303/303 314/314/314 304/304/304 
f 314/314/314 315/315/315 304/304/304 
f 304/304/304 315/315/315 305/305/305 
f 315/315/315 316/316/316 305/305/305 
f 305/305/305 316/316/316 306/306/306 
f 316/316/316 306/306/306 306/306/306 
f 306/306/306 306/306/306 307/307/307 
f 306/306/306 307/307/307 307/307/307 
f 307/307/307 307/307/307 307/307/307 
f 307/307/307 317/317/317 307/307/307 
f 307/307/307 317/317/317 308/308/308 
f 317/317/317 318/318/318 308/308/308 
f 308/308/308 318/318/318 309/309/309 
f 318/318/318 319/319/319 309/309/309 
f 309/309/309 319/319/319 310/310/310 
f 319/319/319 320/320/320 310/310/310 
f 310/310/310 320/320/320 311/311/311 
f 320/320/320 321/321/321 311/311/311 
f 311/311/311 321/321/321 312/312/312 
f 321/321/321 322/322/322 312/312/312 
f 312/312/312 322/322/322 313/313/313 
f 322/322/322 323/323/323 313/313/313 
f 313/313/313 323/323/323 314/314/314 
f 323/323/323 324/324/324 314/314/314 
f 314/314/314 324/324/324 315/315/315 
f 324/324/324 325/325/325 315/315/315 
f 315/315/315 325/325/325 316/316/316 
f 325/325/325 316/316/316 316/316/316 
f 316/316/316 316/316/316 317/317/317 
f 316/316/316 317/317/317 317/317/317 
f 317/317/317 317/317/317 317/317/317 
f 317/317/317 326/326/326 317/317/317 
f 317/317/317 326/326/326 318/318/318 
f 326/326/326 327/327/327 318/318/318 
f 318/318/318 327/327/327 319/319/319 
f 327/327/327 328/328/328 319/319/319 
f 319/319/319 328/328/328 320/320/320 
f 328/328/328 329/329/329 320/320/320 
f 320/320/320 329/329/329 321/321/321 
f 329/329/329 330/330/330 321/321/321 
f 321/321/321 330/330/330 322/322/322 
f 330/330/330 331/331/331 322/322/322 
f 322/322/322 331/331/331 323/323/323 
f 331/331/331 332/332/332 323/323/323 
f 323/323/323 332/332/332 324/324/324 
f 332/332/332 333/333/333 324/324/324 
f 324/324/324 333/333/333 325/325/325 
f 333/333/333 325/325/325 325/325/325 
f 325/325/325 325/325/325 326/326/326 
f 325/325/325 326/326/326 326/326/326 
f 326/326/326 326/326/326 326/326/326 
f 326/326/326 334/334/334 326/326/326 
f 326/326/326 334/334/334 327/327/327 
f 334/334/334 335/335/335 327/327/327 
f 327/327/327 335/335/335 328/328/328 
f 335/335/335 336/336/336 328/328/328 
f 328/328/328 336/336/336 329/329/329 
f 336/336/336 337/337/337 329/329/329 
f 329/329/329 337/337/337 330/330/330 
f 337/337/337 338/338/338 330/330/330 
f 330/330/330 338/338/338 331/331/331 
f 338/338/338 339/339/339 331/331/331 
f 331/331/331 339/339/339 332/332/332 
f 339/339/339 340/340/340 332/332/332 
f 332/332/332 340/340/340 333/333/333 
f 340/340/340 333/333/333 333/333/333 
f 333/333/333 333/333/333 334/334/334 
f 333/333/333 334/334/334 334/334/334 
f 334/334/334 334/334/334 334/334/334 
f 334/334/334 341/341/341 334/334/334 
f 334/334/334 341/341/341 335/335/335 
f 341/341/341 342/342/342 335/335/335 
f 335/335/335 342/342/342 336/336/336 
f 342/342/342 343/343/343 336/336/336 
f 336/336/336 343/343/343 337/337/337 
f 343/343/343 344/344/344 337/337/337 
f 337/337/337 344/344/344 338/338/338 
f 344/344/344 345/345/345 338/338/338 
f 338/338/338 345/345/345 339/339/339 
f 345/345/345 346/346/346 339/339/339 
f 339/339/339 346/346/346 340/340/340 
f 346/346/346 340/340/340 340/340/340 
f 340/340/340 340/340/340 343/343/343 
f 340/340/340 343/343/343 343/343/343 
f 343/343/343 343/343/343 343/343/343 
f 343/343/343 347/347/347 343/343/343 
f 343/343/343 347/347/347 344/344/344 
f 347/347/347 348/348/348 344/344/344 
f 344/344/344 348/348/348 345/345/345 
f 348/348/348 346/346/346 345/345/345 
f 345/345/345 346/346/346 346/346/346 
f 346/346/346 347/347/347 346/346/346 
f 346/346/346 347/347/347 347/347/347 
f 347/347/347 349/349/349 347/347/347 
f 347/347/347 349/349/349 348/348/348 
f 349/349/349 350/350/350 348/348/348 
f 348/348/348 350/350/350 346/346/346 
f 350/350/350 346/346/346 346/346/346 
f 346/346/346 346/346/346 351/351/351 
f 346/346/346 351/351/351 351/351/351 
f 351/351/351 351/351/351 351/351/351 
f 351/351/351 352/352/352 351/351/351 
f 351/351/351 352/352/352 353/353/353 
f 352/352/352 354/354/354 353/353/353 
f 353/353/353 354/354/354 354/354/354 
f 354/354/354 355/355/355 354/354/354 
f 354/354/354 355/355/355 355/355/355 
f 355/355/355 356/356/356 355/355/355 
f 355/355/355 356/356/356 357/357/357 
f 356/356/356 358/358/358 357/357/357 
f 357/357/357 358/358/358 358/358/358 
f 358/358/358 263/263/263 358/358/358 
f 358/358/358 263/263/263 263/263/263 
f 263/263/263 254/254/254 263/263/263 
f 263/263/263 254/254/254 270/270/270 
f 254/254/254 359/359/359 270/270/270 
f 270/270/270 359/359/359 272/272/272 
f 359/359/359 360/360/360 272/272/272 
f 272/272/272 360/360/360 274/274/274 
f 360/360/360 361/361/361 274/274/274 
f 274/274/274 361/361/361 276/276/276 
f 361/361/361 362/362/362 276/276/276 
f 276/276/276 362/362/362 278/278/278 
f 362/362/362 363/363/363 278/278/278 
f 278/278/278 363/363/363 280/280/280 
f 363/363/363 364/364/364 280/280/280 
f 280/280/280 364/364/364 282/282/282 
f 364/364/364 365/365/365 282/282/282 
f 282/282/282 365/365/365 366/366/366 
f 365/365/365 366/366/366 366/366/366 
f 366/366/366 366/366/366 254/254/254 
f 366/366/366 254/254/254 254/254/254 
f 254/254/254 254/254/254 254/254/254 
f 254/254/254 247/247/247 254/254/254 
f 254/254/254 247/247/247 359/359/359 
f 247/247/247 367/367/367 359/359/359 
f 359/359/359 367/367/367 360/360/360 
f 367/367/367 368/368/368 360/360/360 
f 360/360/360 368/368/368 361/361/361 
f 368/368/368 369/369/369 361/361/361 
f 361/361/361 369/369/369 362/362/362 
f 369/369/369 370/370/370 362/362/362 
f 362/362/362 370/370/370 363/363/363 
f 370/370/370 371/371/371 363/363/363 
f 363/363/363 371/371/371 364/364/364 
f 371/371/371 364/364/364 364/364/364 
f 364/364/364 364/364/364 372/372/372 
f 364/364/364 372/372/372 372/372/372 
f 372/372/372 372/372/372 372/372/372 
f 372/372/372 373/373/373 372/372/372 
f 372/372/372 373/373/373 374/374/374 
f 373/373/373 375/375/375 374/374/374 
f 374/374/374 375/375/375 375/375/375 
f 375/375/375 376/376/376 375/375/375 
f 375/375/375 376/376/376 376/376/376 
f 376/376/376 377/377/377 376/376/376 
f 376/376/376 377/377/377 378/378/378 
f 377/377/377 379/379/379 378/378/378 
f 378/378/378 379/379/379 379/379/379 
f 379/379/379 380/380/380 379/379/379 
f 379/379/379 380/380/380 380/380/380 
f 380/380/380 381/381/381 380/380/380 
f 380/380/380 381/381/381 382/382/382 
f 381/381/381 383/383/383 382/382/382 
f 382/382/382 383/383/383 383/383/383 
f 383/383/383 384/384/384 383/383/383 
f 383/383/383 384/384/384 384/384/384 
f 384/384/384 385/385/385 384/384/384 
f 384/384/384 385/385/385 386/386/386 
f 385/385/385 387/387/387 386/386/386 
f 386/386/386 387/387/387 388/388/388 
f 387/387/387 389/389/389 388/388/388 
f 388/388/388 389/389/389 390/390/390 
f 389/389/389 391/391/391 390/390/390 
f 390/390/390 391/391/391 392/392/392 
f 391/391/391 393/393/393 392/392/392 
f 392/392/392 393/393/393 394/394/394 
f 393/393/393 395/395/395 394/394/394 
f 394/394/394 395/395/395 396/396/396 
f 395/395/395 397/397/397 396/396/396 
f 396/396/396 397/397/397 398/398/398 
f 397/397/397 399/399/399 398/398/398 
f 398/398/398 399/399/399 400/400/400 
f 399/399/399 401/401/401 400/400/400 
f 400/400/400 401/401/401 402/402/402 
f 401/401/401 403/403/403 402/402/402 
f 402/402/402 403/403/403 404/404/404 
f 403/403/403 405/405/405 404/404/404 
f 404/404/404 405/405/405 405/405/405 
f 405/405/405 385/385/385 405/405/405 
f 405/405/405 385/385/385 385/385/385 
f 385/385/385 406/406/406 385/385/385 
f 385/385/385 406/406/406 387/387/387 
f 406/406/406 407/407/407 387/387/387 
f 387/387/387 407/407/407 389/389/389 
f 407/407/407 408/408/408 389/389/389 
f 389/389/389 408/408/408 391/391/391 
f 408/408/408 409/409/409 391/391/391 
f 391/391/391 409/409/409 393/393/393 
f 409/409/409 410/410/410 393/393/393 
f 393/393/393 410/410/410 395/395/395 
f 410/410/410 411/411/411 395/395/395 
f 395/395/395 411/411/411 397/397/397 
f 411/411/411 412/412/412 397/397/397 
f 397/397/397 412/412/412 399/399/399 
f 412/412/412 413/413/413 399/399/399 
f 399/399/399 413/413/413 401/401/401 
f 413/413/413 414/414/414 401/401/401 
f 401/401/401 414/414/414 403/403/403 
f 414/414/414 415/415/415 403/403/403 
f 403/403/403 415/415/415 405/405/405 
f 415/415/415 416/416/416 405/405/405 
f 405/405/405 416/416/416 416/416/416 
f 416/416/416 406/406/406 416/416/416 
f 416/416/416 406/406/406 406/406/406 
f 406/406/406 417/417/417 406/406/406 
f 406/406/406 417/417/417 407/407/407 
f 417/417/417 418/418/418 407/407/407 
f 407/407/407 418/418/418 408/408/408 
f 418/418/418 419/419/419 408/408/408 
f 408/408/408 419/419/419 409/409/409 
f 419/419/419 420/420/420 409/409/409 
f 409/409/409 420/420/420 410/410/410 
f 420/420/420 421/421/421 410/410/410 
f 410/410/410 421/421/421 411/411/411 
f 421/421/421 422/422/422 411/411/411 
f 411/411/411 422/422/422 412/412/412 
f 422/422/422 423/423/423 412/412/412 
f 412/412/412 423/423/423 413/413/413 
f 423/423/423 424/424/424 413/413/413 
f 413/413/413 424/424/424 414/414/414 
f 424/424/424 425/425/425 414/414/414 
f 414/414/414 425/425/425 415/415/415 
f 425/425/425 426/426/426 415/415/415 
f 415/415/415 426/426/426 416/416/416 
f 426/426/426 427/427/427 416/416/416 
f 416/416/416 427/427/427 427/427/427 
f 427/427/427 417/417/417 427/427/427 
f 427/427/427 417/417/417 417/417/417 
f 417/417/417 428/428/428 417/417/417 
f 417/417/417 428/428/428 418/418/418 
f 428/428/428 429/429/429 418/418/418 
f 418/418/418 429/429/429 419/419/419 
f 429/429/429 430/430/430 419/419/419 
f 419/419/419 430/430/430 420/420/420 
f 430/430/430 431/431/431 420/420/420 
f 420/420/420 431/431/431 421/421/421 
f 431/431/431 432/432/432 421/421/421 
f 421/421/421 432/432/432 422/422/422 
f 432/432/432 433/433/433 422/422/422 
f 422/422/422 433/433/433 423/423/423 
f 433/433/433 434/434/434 423/423/423 
f 423/423/423 434/434/434 424/424/424 
f 434/434/434 435/435/435 424/424/424 
f 424/424/424 435/435/435 425/425/425 
f 435/435/435 436/436/436 425/425/425 
f 425/425/425 436/436/436 426/426/426 
f 436/436/436 437/437/437 426/426/426 
f 426/426/426 437/437/437 427/427/427 
f 437/437/437 438/438/438 427/427/427 
f 427/427/427 438/438/438 438/438/438 
f 438/438/438 428/428/428 438/438/438 
f 438/438/438 428/428/428 428/428/428 
f 428/428/428 439/439/439 428/428/428 
f 428/428/428 439/439/439 429/429/429 
f 439/439/439 440/440/440 429/429/429 
f 429/429/429 440/440/440 430/430/430 
f 440/440/440 441/441/441 430/430/430 
f 430/430/430 441/441/441 431/431/431 
f 441/441/441 442/442/442 431/431/431 
f 431/431/431 442/442/442 432/432/432 
f 442/442/442 443/443/443 432/432/432 
f 432/432/432 443/443/443 433/433/433 
f 443/443/443 444/444/444 433/433/433 
f 433/433/433 444/444/444 434/434/434 
f 444/444/444 445/445/445 434/434/434 
f 434/434/434 445/445/445 435/435/435 
f 445/445/445 446/446/446 435/435/435 
f 435/435/435 446/446/446 436/436/436 
f 446/446/446 447/447/447 436/436/436 
f 436/436/436 447/447/447 448/448/448 
f 447/447/447 449/449/449 448/448/448 
f 448/448/448 449/449/449 450/450/450 
f 449/449/449 451/451/451 450/450/450 
f 450/450/450 451/451/451 452/452/452 
f 451/451/451 452/452/452 452/452/452 
f 452/452/452 452/452/452 439/439/439 
f 452/452/452 439/439/439 439/439/439 
f 439/439/439 439/439/439 439/439/439 
f 439/439/439 453/453/453 439/439/439 
f 439/439/439 453/453/453 440/440/440 
f 453/453/453 454/454/454 440/440/440 
f 440/440/440 454/454/454 441/441/441 
f 454/454/454 455/455/455 441/441/441 
f 441/441/441 455/455/455 442/442/442 
f 455/455/455 456/456/456 442/442/442 
f 442/442/442 456/456/456 443/443/443 
f 456/456/456 457/457/457 443/443/443 
f 443/443/443 457/457/457 444/444/444 
f 457/457/457 458/458/458 444/444/444 
f 444/444/444 458/458/458 445/445/445 
f 458/458/458 459/459/459 445/445/445 
f 445/445/445 459/459/459 446/446/446 
f 459/459/459 460/460/460 446/446/446 
f 446/446/446 460/460/460 447/447/447 
f 460/460/460 461/461/461 447/447/447 
f 447/447/447 461/461/461 449/449/449 
f 461/461/461 462/462/462 449/449/449 
f 449/449/449 462/462/462 451/451/451 
f 462/462/462 451/451/451 451/451/451 
f 451/451/451 451/451/451 453/453/453 
f 451/451/451 453/453/453 453/453/453 
f 453/453/453 453/453/453 453/453/453 
f 453/453/453 463/463/463 453/453/453 
f 453/453/453 463/463/463 454/454/454 
f 463/463/463 464/464/464 454/454/454 
f 454/454/454 464/464/464 455/455/455 
f 464/464/464 465/465/465 455/455/455 
f 455/455/455 465/465/465 456/456/456 
f 465/465/465 466/466/466 456/456/456 
f 456/456/456 466/466/466 457/457/457 
f 466/466/466 467/467/467 457/457/457 
f 457/457/457 467/467/467 458/458/458 
f 467/467/467 468/468/468 458/458/458 
f 458/458/458 468/468/468 459/459/459 
f 468/468/468 469/469/469 459/459/459 
f 459/459/459 469/469/469 460/460/460 
f 469/469/469 470/470/470 460/460/460 
f 460/460/460 470/470/470 461/461/461 
f 470/470/470 471/471/471 461/461/461 
f 461/461/461 471/471/471 462/462/462 
f 471/471/471 462/462/462 462/462/462 
f 462/462/462 462/462/462 463/463/463 
f 462/462/462 463/463/463 463/463/463 
f 463/463/463 463/463/463 463/463/463 
f 463/463/463 472/472/472 463/463/463 
f 463/463/463 472/472/472 464/464/464 
f 472/472/472 473/473/473 464/464/464 
f 464/464/464 473/473/473 465/465/465 
f 473/473/473 474/474/474 465/465/465 
f 465/465/465 474/474/474 466/466/466 
f 474/474/474 475/475/475 466/466/466 
f 466/466/466 475/475/475 467/467/467 
f 475/475/475 476/476/476 467/467/467 
f 467/467/467 476/476/476 468/468/468 
f 476/476/476 477/477/477 468/468/468 
f 468/468/468 477/477/477 469/469/469 
f 477/477/477 478/478/478 469/469/469 
f 469/469/469 478/478/478 470/470/470 
f 478/478/478 479/479/479 470/470/470 
f 470/470/470 479/479/479 471/471/471 
f 479/479/479 471/471/471 471/471/471 
f 471/471/471 471/471/471 472/472/472 
f 471/471/471 472/472/472 472/472/472 
f 472/472/472 472/472/472 472/472/472 
f 472/472/472 480/480/480 472/472/472 
f 472/472/472 480/480/480 473/473/473 
f 480/480/480 481/481/481 473/473/473 
f 473/473/473 481/481/481 474/474/474 
f 481/481/481 482/482/482 474/474/474 
f 474/474/474 482/482/482 475/475/475 
f 482/482/482 483/483/483 475/475/475 
f 475/475/475 483/483/483 476/476/476 
f 483/483/483 477/477/477 476/476/476 
f 476/476/476 477/477/477 477/477/477 
f 477/477/477 480/480/480 477/477/477 
f 477/477/477 480/480/480 480/480/480 
f 480/480/480 484/484/484 480/480/480 
f 480/480/480 484/484/484 481/481/481 
f 484/484/484 485/485/485 481/481/481 
f 481/481/481 485/485/485 482/482/482 
f 485/485/485 486/486/486 482/482/482 
f 482/482/482 486/486/486 483/483/483 
f 486/486/486 487/487/487 483/483/483 
f 483/483/483 487/487/487 477/477/477 
f 487/487/487 478/478/478 477/477/477 
f 477/477/477 478/478/478 478/478/478 
f 478/478/478 486/486/486 478/478/478 
f 478/478/478 486/486/486 486/486/486 
f 486/486/486 488/488/488 486/486/486 
f 486/486/486 488/488/488 487/487/487 
f 488/488/488 489/489/489 487/487/487 
f 487/487/487 489/489/489 478/478/478 
f 489/489/489 479/479/479 478/478/478 
f 478/478/478 479/479/479 479/479/479 
f 479/479/479 488/488/488 479/479/479 
f 479/479/479 488/488/488 488/488/488 
f 488/488/488 486/486/486 488/488/488 
f 488/488/488 486/486/486 490/490/490 
f 486/486/486 491/491/491 490/490/490 
f 490/490/490 491/491/491 491/491/491 
f 491/491/491 452/452/452 491/491/491 
f 491/491/491 452/452/452 452/452/452 
f 452/452/452 492/492/492 452/452/452 
f 452/452/452 492/492/492 450/450/450 
f 492/492/492 493/493/493 450/450/450 
f 450/450/450 493/493/493 448/448/448 
f 493/493/493 437/437/437 448/448/448 
f 448/448/448 437/437/437 436/436/436 
f 437/437/437 436/436/436 436/436/436 
f 436/436/436 436/436/436 492/492/492 
f 436/436/436 492/492/492 492/492/492 
f 492/492/492 492/492/492 492/492/492 
f 492/492/492 494/494/494 492/492/492 
f 492/492/492 494/494/494 493/493/493 
f 494/494/494 438/438/438 493/493/493 
f 493/493/493 438/438/438 437/437/437 
f 438/438/438 437/437/437 437/437/437 
f 437/437/437 437/437/437 404/404/404 
f 437/437/437 404/404/404 404/404/404 
f 404/404/404 404/404/404 404/404/404 
f 404/404/404 495/495/495 404/404/404 
f 404/404/404 495/495/495 402/402/402 
f 495/495/495 496/496/496 402/402/402 
f 402/402/402 496/496/496 400/400/400 
f 496/496/496 497/497/497 400/400/400 
f 400/400/400 497/497/497 398/398/398 
f 497/497/497 498/498/498 398/398/398 
f 398/398/398 498/498/498 396/396/396 
f 498/498/498 499/499/499 396/396/396 
f 396/396/396 499/499/499 394/394/394 
f 499/499/499 500/500/500 394/394/394 
f 394/394/394 500/500/500 392/392/392 
f 500/500/500 501/501/501 392/392/392 
f 392/392/392 501/501/501 502/502/502 
f 501/501/501 502/502/502 502/502/502 
f 502/502/502 502/502/502 495/495/495 
f 502/502/502 495/495/495 495/495/495 
f 495/495/495 495/495/495 495/495/495 
f 495/495/495 503/503/503 495/495/495 
f 495/495/495 503/503/503 496/496/496 
f 503/503/503 504/504/504 496/496/496 
f 496/496/496 504/504/504 497/497/497 
f 504/504/504 505/505/505 497/497/497 
f 497/497/497 505/505/505 498/498/498 
f 505/505/505 506/506/506 498/498/498 
f 498/498/498 506/506/506 499/499/499 
f 506/506/506 507/507/507 499/499/499 
f 499/499/499 507/507/507 500/500/500 
f 507/507/507 508/508/508 500/500/500 
f 500/500/500 508/508/508 501/501/501 
f 508/508/508 501/501/501 501/501/501 
f 501/501/501 501/501/501 503/503/503 
f 501/501/501 503/503/503 503/503/503 
f 503/503/503 503/503/503 503/503/503 
f 503/503/503 509/509/509 503/503/503 
f 503/503/503 509/509/509 504/504/504 
f 509/509/509 510/510/510 504/504/504 
f 504/504/504 510/510/510 505/505/505 
f 510/510/510 511/511/511 505/505/505 
f 505/505/505 511/511/511 506/506/506 
f 511/511/511 512/512/512 506/506/506 
f 506/506/506 512/512/512 507/507/507 
f 512/512/512 513/513/513 507/507/507 
f 507/507/507 513/513/513 508/508/508 
f 513/513/513 508/508/508 508/508/508 
f 508/508/508 508/508/508 509/509/509 
f 508/508/508 509/509/509 509/509/509 
f 509/509/509 509/509/509 509/509/509 
f 509/509/509 514/514/514 509/509/509 
f 509/509/509 514/514/514 510/510/510 
f 514/514/514 515/515/515 510/510/510 
f 510/510/510 515/515/515 511/511/511 
f 515/515/515 516/516/516 511/511/511 
f 511/511/511 516/516/516 512/512/512 
f 516/516/516 517/517/517 512/512/512 
f 512/512/512 517/517/517 513/513/513 
f 517/517/517 513/513/513 513/513/513 
f 513/513/513 513/513/513 517/517/517 
f 513/513/513 517/517/517 517/517/517 
f 517/517/517 517/517/517 517/517/517 
f 517/517/517 516/516/516 517/517/517 
f 517/517/517 516/516/516 518/518/518 
f 516/516/516 515/515/515 518/518/518 
f 518/518/518 515/515/515 515/515/515 
f 515/515/515 519/519/519 515/515/515 
f 515/515/515 519/519/519 519/519/519 
f 519/519/519 520/520/520 519/519/519 
f 519/519/519 520/520/520 521/521/521 
f 520/520/520 522/522/522 521/521/521 
f 521/521/521 522/522/522 522/522/522 
f 522/522/522 523/523/523 522/522/522 
f 522/522/522 523/523/523 523/523/523 
f 523/523/523 524/524/524 523/523/523 
f 523/523/523 524/524/524 525/525/525 
f 524/524/524 526/526/526 525/525/525 
f 525/525/525 526/526/526 526/526/526 
f 526/526/526 527/527/527 526/526/526 
f 526/526/526 527/527/527 527/527/527 
f 527/527/527 528/528/528 527/527/527 
f 527/527/527 528/528/528 529/529/529 
f 528/528/528 530/530/530 529/529/529 
f 529/529/529 530/530/530 530/530/530 
f 530/530/530 531/531/531 530/530/530 
f 530/530/530 531/531/531 531/531/531 
f 531/531/531 532/532/532 531/531/531 
f 531/531/531 532/532/532 533/533/533 
f 532/532/532 534/534/534 533/533/533 
f 533/533/533 534/534/534 535/535/535 
f 534/534/534 536/536/536 535/535/535 
f 535/535/535 536/536/536 537/537/537 
f 536/536/536 538/538/538 537/537/537 
f 537/537/537 538/538/538 539/539/539 
f 538/538/538 540/540/540 539/539/539 
f 539/539/539 540/540/540 541/541/541 
f 540/540/540 296/296/296 541/541/541 
f 541/541/541 296/296/296 286/286/286 
f 296/296/296 286/286/286 286/286/286 
f 286/286/286 286/286/286 296/296/296 
f 286/286/286 296/296/296 296/296/296 
f 296/296/296 296/296/296 296/296/296 
f 296/296/296 540/540/540 296/296/296 
f 296/296/296 540/540/540 307/307/307 
f 540/540/540 542/542/542 307/307/307 
f 307/307/307 542/542/542 317/317/317 
f 542/542/542 543/543/543 317/317/317 
f 317/317/317 543/543/543 326/326/326 
f 543/543/543 544/544/544 326/326/326 
f 326/326/326 544/544/544 334/334/334 
f 544/544/544 545/545/545 334/334/334 
f 334/334/334 545/545/545 341/341/341 
f 545/545/545 341/341/341 341/341/341 
f 341/341/341 341/341/341 540/540/540 
f 341/341/341 540/540/540 540/540/540 
f 540/540/540 540/540/540 540/540/540 
f 540/540/540 538/538/538 540/540/540 
f 540/540/540 538/538/538 542/542/542 
f 538/538/538 546/546/546 542/542/542 
f 542/542/542 546/546/546 543/543/543 
f 546/546/546 547/547/547 543/543/543 
f 543/543/543 547/547/547 544/544/544 
f 547/547/547 548/548/548 544/544/544 
f 544/544/544 548/548/548 545/545/545 
f 548/548/548 545/545/545 545/545/545 
f 545/545/545 545/545/545 538/538/538 
f 545/545/545 538/538/538 538/538/538 
f 538/538/538 538/538/538 538/538/538 
f 538/538/538 536/536/536 538/538/538 
f 538/538/538 536/536/536 546/546/546 
f 536/536/536 549/549/549 546/546/546 
f 546/546/546 549/549/549 547/547/547 
f 549/549/549 550/550/550 547/547/547 
f 547/547/547 550/550/550 548/548/548 
f 550/550/550 548/548/548 548/548/548 
f 548/548/548 548/548/548 550/550/550 
f 548/548/548 550/550/550 550/550/550 
f 550/550/550 550/550/550 550/550/550 
f 550/550/550 549/549/549 550/550/550 
f 550/550/550 549/549/549 551/551/551 
f 549/549/549 534/534/534 551/551/551 
f 551/551/551 534/534/534 532/532/532 
f 534/534/534 532/532/532 532/532/532 
f 532/532/532 532/532/532 533/533/533 
f 532/532/532 533/533/533 533/533/533 
f 533/533/533 533/533/533 533/533/533 
f 533/533/533 535/535/535 533/533/533 
f 533/533/533 535/535/535 552/552/552 
f 535/535/535 553/553/553 552/552/552 
f 552/552/552 553/553/553 553/553/553 
f 553/553/553 535/535/535 553/553/553 
f 553/553/553 535/535/535 535/535/535 
f 535/535/535 537/537/537 535/535/535 
f 535/535/535 537/537/537 553/553/553 
f 537/537/537 554/554/554 553/553/553 
f 553/553/553 554/554/554 554/554/554 
f 554/554/554 537/537/537 554/554/554 
f 554/554/554 537/537/537 537/537/537 
f 537/537/537 539/539/539 537/537/537 
f 537/537/537 539/539/539 554/554/554 
f 539/539/539 555/555/555 554/554/554 
f 554/554/554 555/555/555 555/555/555 
f 555/555/555 539/539/539 555/555/555 
f 555/555/555 539/539/539 539/539/539 
f 539/539/539 541/541/541 539/539/539 
f 539/539/539 541/541/541 555/555/555 
f 541/541/541 556/556/556 555/555/555 
f 555/555/555 556/556/556 556/556/556 
f 556/556/556 541/541/541 556/556/556 
f 556/556/556 541/541/541 541/541/541 
f 541/541/541 286/286/286 541/541/541 
f 541/541/541 286/286/286 556/556/556 
f 286/286/286 285/285/285 556/556/556 
f 556/556/556 285/285/285 285/285/285 
f 285/285/285 557/557/557 285/285/285 
f 285/285/285 557/557/557 557/557/557 
f 557/557/557 558/558/558 557/557/557 
f 557/557/557 558/558/558 559/559/559 
f 558/558/558 560/560/560 559/559/559 
f 559/559/559 560/560/560 560/560/560 
f 560/560/560 561/561/561 560/560/560 
f 560/560/560 561/561/561 561/561/561 
f 561/561/561 562/562/562 561/561/561 
f 561/561/561 562/562/562 563/563/563 
f 562/562/562 564/564/564 563/563/563 
f 563/563/563 564/564/564 564/564/564 
f 564/564/564 565/565/565 564/564/564 
f 564/564/564 565/565/565 565/565/565 
f 565/565/565 566/566/566 565/565/565 
f 565/565/565 566/566/566 567/567/567 
f 566/566/566 568/568/568 567/567/567 
f 567/567/567 568/568/568 568/568/568 
f 568/568/568 569/569/569 568/568/568 
f 568/568/568 569/569/569 569/569/569 
f 569/569/569 570/570/570 569/569/569 
f 569/569/569 570/570/570 571/571/571 
f 570/570/570 572/572/572 571/571/571 
f 571/571/571 572/572/572 572/572/572 
f 572/572/572 573/573/573 572/572/572 
f 572/572/572 573/573/573 573/573/573 
f 573/573/573 574/574/574 573/573/573 
f 573/573/573 574/574/574 575/575/575 
f 574/574/574 576/576/576 575/575/575 
f 575/575/575 576/576/576 576/576/576 
f 576/576/576 577/577/577 576/576/576 
f 576/576/576 577/577/577 577/577/577 
f 577/577/577 578/578/578 577/577/577 
f 577/577/577 578/578/578 579/579/579 
f 578/578/578 580/580/580 579/579/579 
f 579/579/579 580/580/580 580/580/580 
f 580/580/580 581/581/581 580/580/580 
f 580/580/580 581/581/581 581/581/581 
f 581/581/581 582/582/582 581/581/581 
f 581/581/581 582/582/582 583/583/583 
f 582/582/582 584/584/584 583/583/583 
f 583/583/583 584/584/584 584/584/584 
f 584/584/584 585/585/585 584/584/584 
f 584/584/584 585/585/585 585/585/585 
f 585/585/585 586/586/586 585/585/585 
f 585/585/585 586/586/586 587/587/587 
f 586/586/586 588/588/588 587/587/587 
f 587/587/587 588/588/588 588/588/588 
f 588/588/588 589/589/589 588/588/588 
f 588/588/588 589/589/589 589/589/589 
f 589/589/589 590/590/590 589/589/589 
f 589/589/589 590/590/590 591/591/591 
f 590/590/590 592/592/592 591/591/591 
f 591/591/591 592/592/592 592/592/592 
f 592/592/592 593/593/593 592/592/592 
f 592/592/592 593/593/593 593/593/593 
f 593/593/593 594/594/594 593/593/593 
f 593/593/593 594/594/594 595/595/595 
f 594/594/594 596/596/596 595/595/595 
f 595/595/595 596/596/596 596/596/596 
f 596/596/596 597/597/597 596/596/596 
f 596/596/596 597/597/597 597/597/597 
f 597/597/597 598/598/598 597/597/597 
f 597/597/597 598/598/598 599/599/599 
f 598/598/598 600/600/600 599/599/599 
f 599/599/599 600/600/600 600/600/600 
f 600/600/600 601/601/601 600/600/600 
f 600/600/600 601/601/601 601/601/601 
f 601/601/601 602/602/602 601/601/601 
f 601/601/601 602/602/602 603/603/603 
f 602/602/602 604/604/604 603/603/603 
f 603/603/603 604/604/604 604/604/604 
f 604/604/604 605/605/605 604/604/604 
f 604/604/604 605/605/605 605/605/605 
f 605/605/605 606/606/606 605/605/605 
f 605/605/605 606/606/606 607/607/607 
f 606/606/606 608/608/608 607/607/607 
f 607/607/607 608/608/608 608/608/608 
f 608/608/608 609/609/609 608/608/608 
f 608/608/608 609/609/609 609/609/609 
f 609/609/609 610/610/610 609/609/609 
f 609/609/609 610/610/610 611/611/611 
f 610/610/610 612/612/612 611/611/611 
f 611/611/611 612/612/612 612/612/612 
f 612/612/612 613/613/613 612/612/612 
f 612/612/612 613/613/613 613/613/613 
f 613/613/613 614/614/614 613/613/613 
f 613/613/613 614/614/614 615/615/615 
f 614/614/614 616/616/616 615/615/615 
f 615/615/615 616/616/616 616/616/616 
f 616/616/616 617/617/617 616/616/616 
f 616/616/616 617/617/617 617/617/617 
f 617/617/617 618/618/618 617/617/617 
f 617/617/617 618/618/618 619/619/619 
f 618/618/618 620/620/620 619/619/619 
f 619/619/619 620/620/620 620/620/620 
f 620/620/620 621/621/621 620/620/620 
f 620/620/620 621/621/621 621/621/621 
f 621/621/621 622/622/622 621/621/621 
f 621/621/621 622/622/622 623/623/623 
f 622/622/622 624/624/624 623/623/623 
f 623/623/623 624/624/624 624/624/624 
f 624/624/624 625/625/625 624/624/624 
f 624/624/624 625/625/625 625/625/625 
f 625/625/625 626/626/626 625/625/625 
f 625/625/625 626/626/626 627/627/627 
f 626/626/626 628/628/628 627/627/627 
f 627/627/627 628/628/628 628/628/628 
f 628/628/628 629/629/629 628/628/628 
f 628/628/628 629/629/629 629/629/629 
f 629/629/629 630/630/630 629/629/629 
f 629/629/629 630/630/630 631/631/631 
f 630/630/630 632/632/632 631/631/631 
f 631/631/631 632/632/632 632/632/632 
f 632/632/632 633/633/633 632/632/632 
f 632/632/632 633/633/633 633/633/633 
f 633/633/633 634/634/634 633/633/633 
f 633/633/633 634/634/634 635/635/635 
f 634/634/634 636/636/636 635/635/635 
f 635/635/635 636/636/636 636/636/636 
f 636/636/636 637/637/637 636/636/636 
f 636/636/636 637/637/637 637/637/637 
f 637/637/637 638/638/638 637/637/637 
f 637/637/637 638/638/638 639/639/639 
f 638/638/638 640/640/640 639/639/639 
f 639/639/639 640/640/640 640/640/640 
f 640/640/640 641/641/641 640/640/640 
f 640/640/640 641/641/641 641/641/641 
f 641/641/641 642/642/642 641/641/641 
f 641/641/641 642/642/642 643/643/643 
f 642/642/642 644/644/644 643/643/643 
f 643/643/643 644/644/644 644/644/644 
f 644/644/644 645/645/645 644/644/644 
f 644/644/644 645/645/645 645/645/645 
f 645/645/645 646/646/646 645/645/645 
f 645/645/645 646/646/646 647/647/647 
f 646/646/646 648/648/648 647/647/647 
f 647/647/647 648/648/648 648/648/648 
f 648/648/648 649/649/649 648/648/648 
f 648/648/648 649/649/649 649/649/649 
f 649/649/649 650/650/650 649/649/649 
f 649/649/649 650/650/650 651/651/651 
f 650/650/650 652/652/652 651/651/651 
f 651/651/651 652/652/652 652/652/652 
f 652/652/652 653/653/653 652/652/652 
f 652/652/652 653/653/653 653/653/653 
f 653/653/653 654/654/654 653/653/653 
f 653/653/653 654/654/654 655/655/655 
f 654/654/654 656/656/656 655/655/655 
f 655/655/655 656/656/656 656/656/656 
f 656/656/656 657/657/657 656/656/656 
f 656/656/656 657/657/657 657/657/657 
f 657/657/657 658/658/658 657/657/657 
f 657/657/657 658/658/658 659/659/659 
f 658/658/658 660/660/660 659/659/659 
f 659/659/659 660/660/660 660/660/660 
f 660/660/660 661/661/661 660/660/660 
f 660/660/660 661/661/661 661/661/661 
f 661/661/661 662/662/662 661/661/661 
f 661/661/661 662/662/662 663/663/663 
f 662/662/662 664/664/664 663/663/663 
f 663/663/663 664/664/664 665/665/665 
f 664/664/664 666/666/666 665/665/665 
f 665/665/665 666/666/666 667/667/667 
f 666/666/666 668/668/668 667/667/667 
f 667/667/667 668/668/668 669/669/669 
f 668/668/668 670/670/670 669/669/669 
f 669/669/669 670/670/670 671/671/671 
f 670/670/670 672/672/672 671/671/671 
f 671/671/671 672/672/672 673/673/673 
f 672/672/672 674/674/674 673/673/673 
f 673/673/673 674/674/674 674/674/674 
f 674/674/674 662/662/662 674/674/674 
f 674/674/674 662/662/662 662/662/662 
f 662/662/662 675/675/675 662/662/662 
f 662/662/662 675/675/675 664/664/664 
f 675/675/675 676/676/676 664/664/664 
f 664/664/664 676/676/676 666/666/666 
f 676/676/676 677/677/677 666/666/666 
f 666/666/666 677/677/677 668/668/668 
f 677/677/677 678/678/678 668/668/668 
f 668/668/668 678/678/678 670/670/670 
f 678/678/678 679/679/679 670/670/670 
f 670/670/670 679/679/679 672/672/672 
f 679/679/679 680/680/680 672/672/672 
f 672/672/672 680/680/680 674/674/674 
f 680/680/680 681/681/681 674/674/674 
f 674/674/674 681/681/681 681/681/681 
f 681/681/681 675/675/675 681/681/681 
f 681/681/681 675/675/675 675/675/675 
f 675/675/675 682/682/682 675/675/675 
f 675/675/675 682/682/682 676/676/676 
f 682/682/682 683/683/683 676/676/676 
f 676/676/676 683/683/683 677/677/677 
f 683/683/683 684/684/684 677/677/677 
f 677/677/677 684/684/684 678/678/678 
f 684/684/684 685/685/685 678/678/678 
f 678/678/678 685/685/685 679/679/679 
f 685/685/685 686/686/686 679/679/679 
f 679/679/679 686/686/686 680/680/680 
f 686/686/686 687/687/687 680/680/680 
f 680/680/680 687/687/687 681/681/681 
f 687/687/687 688/688/688 681/681/681 
f 681/681/681 688/688/688 688/688/688 
f 688/688/688 682/682/682 688/688/688 
f 688/688/688 682/682/682 682/682/682 
f 682/682/682 689/689/689 682/682/682 
f 682/682/682 689/689/689 683/683/683 
f 689/689/689 690/690/690 683/683/683 
f 683/683/683 690/690/690 684/684/684 
f 690/690/690 691/691/691 684/684/684 
f 684/684/684 691/691/691 685/685/685 
f 691/691/691 692/692/692 685/685/685 
f 685/685/685 692/692/692 686/686/686 
f 692/692/692 693/693/693 686/686/686 
f 686/686/686 693/693/693 687/687/687 
f 693/693/693 694/694/694 687/687/687 
f 687/687/687 694/694/694 688/688/688 
f 694/694/694 688/688/688 688/688/688 
f 688/688/688 688/688/688 695/695/695 
f 688/688/688 695/695/695 695/695/695 
f 695/695/695 695/695/695 695/695/695 
f 695/695/695 696/696/696 695/695/695 
f 695/695/695 696/696/696 697/697/697 
f 696/696/696 698/698/698 697/697/697 
f 697/697/697 698/698/698 698/698/698 
f 698/698/698 699/699/699 698/698/698 
f 698/698/698 699/699/699 699/699/699 
f 699/699/699 700/700/700 699/699/699 
f 699/699/699 700/700/700 701/701/701 
f 700/700/700 702/702/702 701/701/701 
f 701/701/701 702/702/702 702/702/702 
f 702/702/702 703/703/703 702/702/702 
f 702/702/702 703/703/703 703/703/703 
f 703/703/703 704/704/704 703/703/703 
f 703/703/703 704/704/704 705/705/705 
f 704/704/704 706/706/706 705/705/705 
f 705/705/705 706/706/706 706/706/706 
f 706/706/706 707/707/707 706/706/706 
f 706/706/706 707/707/707 707/707/707 
f 707/707/707 708/708/708 707/707/707 
f 707/707/707 708/708/708 709/709/709 
f 708/708/708 710/710/710 709/709/709 
f 709/709/709 710/710/710 710/710/710 
f 710/710/710 711/711/711 710/710/710 
f 710/710/710 711/711/711 711/711/711 
f 711/711/711 712/712/712 711/711/711 
f 711/711/711 712/712/712 713/713/713 
f 712/712/712 714/714/714 713/713/713 
f 713/713/713 714/714/714 714/714/714 
f 714/714/714 715/715/715 714/714/714 
f 714/714/714 715/715/715 715/715/715 
f 715/715/715 716/716/716 715/715/715 
f 715/715/715 716/716/716 717/717/717 
f 716/716/716 718/718/718 717/717/717 
f 717/717/717 718/718/718 718/718/718 
f 718/718/718 719/719/719 718/718/718 
f 718/718/718 719/719/719 719/719/719 
f 719/719/719 720/720/720 719/719/719 
f 719/719/719 720/720/720 721/721/721 
f 720/720/720 49/49/49 721/721/721 
f 721/721/721 49/49/49 51/51/51 
f 49/49/49 51/51/51 51/51/51 
f 51/51/51 51/51/51 722/722/722 
f 51/51/51 722/722/722 722/722/722 
f 722/722/722 722/722/722 722/722/722 
f 722/722/722 723/723/723 722/722/722 
f 722/722/722 723/723/723 724/724/724 
f 723/723/723 725/725/725 724/724/724 
f 724/724/724 725/725/725 725/725/725 
f 725/725/725 726/726/726 725/725/725 
f 725/725/725 726/726/726 726/726/726 
f 726/726/726 727/727/727 726/726/726 
f 726/726/726 727/727/727 728/728/728 
f 727/727/727 729/729/729 728/728/728 
f 728/728/728 729/729/729 729/729/729 
f 729/729/729 730/730/730 729/729/729 
f 729/729/729 730/730/730 730/730/730 
f 730/730/730 731/731/731 730/730/730 
f 730/730/730 731/731/731 732/732/732 
f 731/731/731 733/733/733 732/732/732 
f 732/732/732 733/733/733 733/733/733 
f 733/733/733 734/734/734 733/733/733 
f 733/733/733 734/734/734 734/734/734 
f 734/734/734 735/735/735 734/734/734 
f 734/734/734 735/735/735 736/736/736 
f 735/735/735 737/737/737 736/736/736 
f 736/736/736 737/737/737 737/737/737 
f 737/737/737 738/738/738 737/737/737 
f 737/737/737 738/738/738 738/738/738 
f 738/738/738 739/739/739 738/738/738 
f 738/738/738 739/739/739 740/740/740 
f 739/739/739 741/741/741 740/740/740 
f 740/740/740 741/741/741 741/741/741 
f 741/741/741 742/742/742 741/741/741 
f 741/741/741 742/742/742 742/742/742 
f 742/742/742 743/743/743 742/742/742 
f 742/742/742 743/743/743 744/744/744 
f 743/743/743 745/745/745 744/744/744 
f 744/744/744 745/745/745 745/745/745 
f 745/745/745 169/169/169 745/745/745 
f 745/745/745 169/169/169 169/169/169 
f 169/169/169 171/171/171 169/169/169 
f 169/169/169 171/171/171 746/746/746 
f 171/171/171 747/747/747 746/746/746 
f 746/746/746 747/747/747 748/748/748 
f 747/747/747 748/748/748 748/748/748 
f 748/748/748 748/748/748 747/747/747 
f 748/748/748 747/747/747 747/747/747 
f 747/747/747 747/747/747 747/747/747 
f 747/747/747 171/171/171 747/747/747 
f 747/747/747 171/171/171 749/749/749 
f 171/171/171 173/173/173 749/749/749 
f 749/749/749 173/173/173 175/175/175 
f 173/173/173 175/175/175 175/175/175 
f 175/175/175 175/175/175 750/750/750 
f 175/175/175 750/750/750 750/750/750 
f 750/750/750 750/750/750 750/750/750 
f 750/750/750 751/751/751 750/750/750 
f 750/750/750 751/751/751 752/752/752 
f 751/751/751 753/753/753 752/752/752 
f 752/752/752 753/753/753 754/754/754 
f 753/753/753 755/755/755 754/754/754 
f 754/754/754 755/755/755 756/756/756 
f 755/755/755 757/757/757 756/756/756 
f 756/756/756 757/757/757 758/758/758 
f 757/757/757 759/759/759 758/758/758 
f 758/758/758 759/759/759 760/760/760 
f 759/759/759 761/761/761 760/760/760 
f 760/760/760 761/761/761 762/762/762 
f 761/761/761 763/763/763 762/762/762 
f 762/762/762 763/763/763 764/764/764 
f 763/763/763 765/765/765 764/764/764 
f 764/764/764 765/765/765 766/766/766 
f 765/765/765 767/767/767 766/766/766 
f 766/766/766 767/767/767 768/768/768 
f 767/767/767 769/769/769 768/768/768 
f 768/768/768 769/769/769 770/770/770 
f 769/769/769 771/771/771 770/770/770 
f 770/770/770 771/771/771 772/772/772 
f 771/771/771 773/773/773 772/772/772 
f 772/772/772 773/773/773 774/774/774 
f 773/773/773 775/775/775 774/774/774 
f 774/774/774 775/775/775 776/776/776 
f 775/775/775 777/777/777 776/776/776 
f 776/776/776 777/777/777 778/778/778 
f 777/777/777 779/779/779 778/778/778 
f 778/778/778 779/779/779 779/779/779 
f 779/779/779 751/751/751 779/779/779 
f 779/779/779 751/751/751 751/751/751 
f 751/751/751 780/780/780 751/751/751 
f 751/751/751 780/780/780 753/753/753 
f 780/780/780 781/781/781 753/753/753 
f 753/753/753 781/781/781 755/755/755 
f 781/781/781 782/782/782 755/755/755 
f 755/755/755 782/782/782 757/757/757 
f 782/782/782 783/783/783 757/757/757 
f 757/757/757 783/783/783 759/759/759 
f 783/783/783 784/784/784 759/759/759 
f 759/759/759 784/784/784 761/761/761 
f 784/784/784 785/785/785 761/761/761 
f 761/761/761 785/785/785 763/763/763 
f 785/785/785 786/786/786 763/763/763 
f 763/763/763 786/786/786 765/765/765 
f 786/786/786 787/787/787 765/765/765 
f 765/765/765 787/787/787 767/767/767 
f 787/787/787 788/788/788 767/767/767 
f 767/767/767 788/788/788 769/769/769 
f 788/788/788 789/789/789 769/769/769 
f 769/769/769 789/789/789 771/771/771 
f 789/789/789 790/790/790 771/771/771 
f 771/771/771 790/790/790 773/773/773 
f 790/790/790 791/791/791 773/773/773 
f 773/773/773 791/791/791 775/775/775 
f 791/791/791 792/792/792 775/775/775 
f 775/775/775 792/792/792 777/777/777 
f 792/792/792 793/793/793 777/777/777 
f 777/777/777 793/793/793 779/779/779 
f 793/793/793 794/794/794 779/779/779 
f 779/779/779 794/794/794 794/794/794 
f 794/794/794 780/780/780 794/794/794 
f 794/794/794 780/780/780 780/780/780 
f 780/780/780 795/795/795 780/780/780 
f 780/780/780 795/795/795 781/781/781 
f 795/795/795 796/796/796 781/781/781 
f 781/781/781 796/796/796 782/782/782 
f 796/796/796 797/797/797 782/782/782 
f 782/782/782 797/797/797 783/783/783 
f 797/797/797 798/798/798 783/783/783 
f 783/783/783 798/798/798 784/784/784 
f 798/798/798 799/799/799 784/784/784 
f 784/784/784 799/799/799 785/785/785 
f 799/799/799 800/800/800 785/785/785 
f 785/785/785 800/800/800 786/786/786 
f 800/800/800 801/801/801 786/786/786 
f 786/786/786 801/801/801 787/787/787 
f 801/801/801 802/802/802 787/787/787 
f 787/787/787 802/802/802 788/788/788 
f 802/802/802 803/803/803 788/788/788 
f 788/788/788 803/803/803 789/789/789 
f 803/803/803 804/804/804 789/789/789 
f 789/789/789 804/804/804 790/790/790 
f 804/804/804 805/805/805 790/790/790 
f 790/790/790 805/805/805 791/791/791 
f 805/805/805 806/806/806 791/791/791 
f 791/791/791 806/806/806 792/792/792 
f 806/806/806 807/807/807 792/792/792 
f 792/792/792 807/807/807 793/793/793 
f 807/807/807 808/808/808 793/793/793 
f 793/793/793 808/808/808 794/794/794 
f 808/808/808 809/809/809 794/794/794 
f 794/794/794 809/809/809 809/809/809 
f 809/809/809 795/795/795 809/809/809 
f 809/809/809 795/795/795 795/795/795 
f 795/795/795 810/810/810 795/795/795 
f 795/795/795 810/810/810 796/796/796 
f 810/810/810 811/811/811 796/796/796 
f 796/796/796 811/811/811 797/797/797 
f 811/811/811 812/812/812 797/797/797 
f 797/797/797 812/812/812 798/798/798 
f 812/812/812 813/813/813 798/798/798 
f 798/798/798 813/813/813 799/799/799 
f 813/813/813 814/814/814 799/799/799 
f 799/799/799 814/814/814 800/800/800 
f 814/814/814 815/815/815 800/800/800 
f 800/800/800 815/815/815 801/801/801 
f 815/815/815 816/816/816 801/801/801 
f 801/801/801 816/816/816 802/802/802 
f 816/816/816 817/817/817 802/802/802 
f 802/802/802 817/817/817 803/803/803 
f 817/817/817 818/818/818 803/803/803 
f 803/803/803 818/818/818 804/804/804 
f 818/818/818 819/819/819 804/804/804 
f 804/804/804 819/819/819 805/805/805 
f 819/819/819 820/820/820 805/805/805 
f 805/805/805 820/820/820 806/806/806 
f 820/820/820 821/821/821 806/806/806 
f 806/806/806 821/821/821 807/807/807 
f 821/821/821 822/822/822 807/807/807 
f 807/807/807 822/822/822 808/808/808 
f 822/822/822 823/823/823 808/808/808 
f 808/808/808 823/823/823 809/809/809 
f 823/823/823 824/824/824 809/809/809 
f 809/809/809 824/824/824 824/824/824 
f 824/824/824 811/811/811 824/824/824 
f 824/824/824 811/811/811 811/811/811 
f 811/811/811 825/825/825 811/811/811 
f 811/811/811 825/825/825 812/812/812 
f 825/825/825 826/826/826 812/812/812 
f 812/812/812 826/826/826 813/813/813 
f 826/826/826 827/827/827 813/813/813 
f 813/813/813 827/827/827 814/814/814 
f 827/827/827 828/828/828 814/814/814 
f 814/814/814 828/828/828 815/815/815 
f 828/828/828 829/829/829 815/815/815 
f 815/815/815 829/829/829 816/816/816 
f 829/829/829 830/830/830 816/816/816 
f 816/816/816 830/830/830 817/817/817 
f 830/830/830 831/831/831 817/817/817 
f 817/817/817 831/831/831 831/831/831 
f 831/831/831 776/776/776 831/831/831 
f 831/831/831 776/776/776 776/776/776 
f 776/776/776 832/832/832 776/776/776 
f 776/776/776 832/832/832 774/774/774 
f 832/832/832 833/833/833 774/774/774 
f 774/774/774 833/833/833 772/772/772 
f 833/833/833 834/834/834 772/772/772 
f 772/772/772 834/834/834 770/770/770 
f 834/834/834 835/835/835 770/770/770 
f 770/770/770 835/835/835 768/768/768 
f 835/835/835 836/836/836 768/768/768 
f 768/768/768 836/836/836 766/766/766 
f 836/836/836 837/837/837 766/766/766 
f 766/766/766 837/837/837 764/764/764 
f 837/837/837 838/838/838 764/764/764 
f 764/764/764 838/838/838 762/762/762 
f 838/838/838 839/839/839 762/762/762 
f 762/762/762 839/839/839 760/760/760 
f 839/839/839 840/840/840 760/760/760 
f 760/760/760 840/840/840 758/758/758 
f 840/840/840 841/841/841 758/758/758 
f 758/758/758 841/841/841 756/756/756 
f 841/841/841 842/842/842 756/756/756 
f 756/756/756 842/842/842 754/754/754 
f 842/842/842 843/843/843 754/754/754 
f 754/754/754 843/843/843 752/752/752 
f 843/843/843 844/844/844 752/752/752 
f 752/752/752 844/844/844 844/844/844 
f 844/844/844 845/845/845 844/844/844 
f 844/844/844 845/845/845 845/845/845 
f 845/845/845 822/822/822 845/845/845 
f 845/845/845 822/822/822 846/846/846 
f 822/822/822 821/821/821 846/846/846 
f 846/846/846 821/821/821 847/847/847 
f 821/821/821 820/820/820 847/847/847 
f 847/847/847 820/820/820 820/820/820 
f 820/820/820 848/848/848 820/820/820 
f 820/820/820 848/848/848 848/848/848 
f 848/848/848 849/849/849 848/848/848 
f 848/848/848 849/849/849 850/850/850 
f 849/849/849 851/851/851 850/850/850 
f 850/850/850 851/851/851 851/851/851 
f 851/851/851 392/392/392 851/851/851 
f 851/851/851 392/392/392 392/392/392 
f 392/392/392 502/502/502 392/392/392 
f 392/392/392 502/502/502 390/390/390 
f 502/502/502 852/852/852 390/390/390 
f 390/390/390 852/852/852 388/388/388 
f 852/852/852 853/853/853 388/388/388 
f 388/388/388 853/853/853 386/386/386 
f 853/853/853 854/854/854 386/386/386 
f 386/386/386 854/854/854 854/854/854 
f 854/854/854 75/75/75 854/854/854 
f 854/854/854 75/75/75 75/75/75 
f 75/75/75 80/80/80 75/75/75 
f 75/75/75 80/80/80 855/855/855 
f 80/80/80 856/856/856 855/855/855 
f 855/855/855 856/856/856 856/856/856 
f 856/856/856 80/80/80 856/856/856 
f 856/856/856 80/80/80 80/80/80 
f 80/80/80 82/82/82 80/80/80 
f 80/80/80 82/82/82 856/856/856 
f 82/82/82 857/857/857 856/856/856 
f 856/856/856 857/857/857 857/857/857 
f 857/857/857 858/858/858 857/857/857 
f 857/857/857 858/858/858 858/858/858 
f 858/858/858 859/859/859 858/858/858 
f 858/858/858 859/859/859 860/860/860 
f 859/859/859 861/861/861 860/860/860 
f 860/860/860 861/861/861 862/862/862 
f 861/861/861 863/863/863 862/862/862 
f 862/862/862 863/863/863 864/864/864 
f 863/863/863 865/865/865 864/864/864 
f 864/864/864 865/865/865 865/865/865 
f 865/865/865 859/859/859 865/865/865 
f 865/865/865 859/859/859 859/859/859 
f 859/859/859 866/866/866 859/859/859 
f 859/859/859 866/866/866 861/861/861 
f 866/866/866 867/867/867 861/861/861 
f 861/861/861 867/867/867 863/863/863 
f 867/867/867 868/868/868 863/863/863 
f 863/863/863 868/868/868 865/865/865 
f 868/868/868 869/869/869 865/865/865 
f 865/865/865 869/869/869 869/869/869 
f 869/869/869 866/866/866 869/869/869 
f 869/869/869 866/866/866 866/866/866 
f 866/866/866 870/870/870 866/866/866 
f 866/866/866 870/870/870 867/867/867 
f 870/870/870 871/871/871 867/867/867 
f 867/867/867 871/871/871 868/868/868 
f 871/871/871 872/872/872 868/868/868 
f 868/868/868 872/872/872 869/869/869 
f 872/872/872 869/869/869 869/869/869 
f 869/869/869 869/869/869 873/873/873 
f 869/869/869 873/873/873 873/873/873 
f 873/873/873 873/873/873 873/873/873 
f 873/873/873 874/874/874 873/873/873 
f 873/873/873 874/874/874 875/875/875 
f 874/874/874 876/876/876 875/875/875 
f 875/875/875 876/876/876 877/877/877 
f 876/876/876 878/878/878 877/877/877 
f 877/877/877 878/878/878 879/879/879 
f 878/878/878 880/880/880 879/879/879 
f 879/879/879 880/880/880 881/881/881 
f 880/880/880 882/882/882 881/881/881 
f 881/881/881 882/882/882 883/883/883 
f 882/882/882 884/884/884 883/883/883 
f 883/883/883 884/884/884 885/885/885 
f 884/884/884 886/886/886 885/885/885 
f 885/885/885 886/886/886 887/887/887 
f 886/886/886 888/888/888 887/887/887 
f 887/887/887 888/888/888 889/889/889 
f 888/888/888 890/890/890 889/889/889 
f 889/889/889 890/890/890 891/891/891 
f 890/890/890 892/892/892 891/891/891 
f 891/891/891 892/892/892 893/893/893 
f 892/892/892 894/894/894 893/893/893 
f 893/893/893 894/894/894 895/895/895 
f 894/894/894 896/896/896 895/895/895 
f 895/895/895 896/896/896 897/897/897 
f 896/896/896 898/898/898 897/897/897 
f 897/897/897 898/898/898 899/899/899 
f 898/898/898 900/900/900 899/899/899 
f 899/899/899 900/900/900 901/901/901 
f 900/900/900 902/902/902 901/901/901 
f 901/901/901 902/902/902 903/903/903 
f 902/902/902 904/904/904 903/903/903 
f 903/903/903 904/904/904 905/905/905 
f 904/904/904 906/906/906 905/905/905 
f 905/905/905 906/906/906 907/907/907 
f 906/906/906 908/908/908 907/907/907 
f 907/907/907 908/908/908 909/909/909 
f 908/908/908 910/910/910 909/909/909 
f 909/909/909 910/910/910 911/911/911 
f 910/910/910 912/912/912 911/911/911 
f 911/911/911 912/912/912 913/913/913 
f 912/912/912 914/914/914 913/913/913 
f 913/913/913 914/914/914 915/915/915 
f 914/914/914 916/916/916 915/915/915 
f 915/915/915 916/916/916 917/917/917 
f 916/916/916 918/918/918 917/917/917 
f 917/917/917 918/918/918 919/919/919 
f 918/918/918 920/920/920 919/919/919 
f 919/919/919 920/920/920 921/921/921 
f 920/920/920 922/922/922 921/921/921 
f 921/921/921 922/922/922 923/923/923 
f 922/922/922 924/924/924 923/923/923 
f 923/923/923 924/924/924 925/925/925 
f 924/924/924 926/926/926 925/925/925 
f 925/925/925 926/926/926 927/927/927 
f 926/926/926 928/928/928 927/927/927 
f 927/927/927 928/928/928 929/929/929 
f 928/928/928 930/930/930 929/929/929 
f 929/929/929 930/930/930 931/931/931 
f 930/930/930 932/932/932 931/931/931 
f 931/931/931 932/932/932 933/933/933 
f 932/932/932 934/934/934 933/933/933 
f 933/933/933 934/934/934 935/935/935 
f 934/934/934 936/936/936 935/935/935 
f 935/935/935 936/936/936 937/937/937 
f 936/936/936 938/938/938 937/937/937 
f 937/937/937 938/938/938 939/939/939 
f 938/938/938 940/940/940 939/939/939 
f 939/939/939 940/940/940 941/941/941 
f 940/940/940 942/942/942 941/941/941 
f 941/941/941 942/942/942 943/943/943 
f 942/942/942 944/944/944 943/943/943 
f 943/943/943 944/944/944 945/945/945 
f 944/944/944 946/946/946 945/945/945 
f 945/945/945 946/946/946 947/947/947 
f 946/946/946 948/948/948 947/947/947 
f 947/947/947 948/948/948 949/949/949 
f 948/948/948 876/876/876 949/949/949 
f 949/949/949 876/876/876 874/874/874 
f 876/876/876 874/874/874 874/874/874 
f 874/874/874 874/874/874 920/920/920 
f 874/874/874 920/920/920 920/920/920 
f 920/920/920 920/920/920 920/920/920 
f 920/920/920 950/950/950 920/920/920 
f 920/920/920 950/950/950 922/922/922 
f 950/950/950 951/951/951 922/922/922 
f 922/922/922 951/951/951 924/924/924 
f 951/951/951 952/952/952 924/924/924 
f 924/924/924 952/952/952 926/926/926 
f 952/952/952 953/953/953 926/926/926 
f 926/926/926 953/953/953 928/928/928 
f 953/953/953 954/954/954 928/928/928 
f 928/928/928 954/954/954 930/930/930 
f 954/954/954 955/955/955 930/930/930 
f 930/930/930 955/955/955 932/932/932 
f 955/955/955 956/956/956 932/932/932 
f 932/932/932 956/956/956 934/934/934 
f 956/956/956 957/957/957 934/934/934 
f 934/934/934 957/957/957 936/936/936 
f 957/957/957 958/958/958 936/936/936 
f 936/936/936 958/958/958 938/938/938 
f 958/958/958 959/959/959 938/938/938 
f 938/938/938 959/959/959 940/940/940 
f 959/959/959 960/960/960 940/940/940 
f 940/940/940 960/960/960 942/942/942 
f 960/960/960 961/961/961 942/942/942 
f 942/942/942 961/961/961 944/944/944 
f 961/961/961 962/962/962 944/944/944 
f 944/944/944 962/962/962 946/946/946 
f 962/962/962 963/963/963 946/946/946 
f 946/946/946 963/963/963 948/948/948 
f 963/963/963 878/878/878 948/948/948 
f 948/948/948 878/878/878 876/876/876 
f 878/878/878 876/876/876 876/876/876 
f 876/876/876 876/876/876 963/963/963 
f 876/876/876 963/963/963 963/963/963 
f 963/963/963 963/963/963 963/963/963 
f 963/963/963 962/962/962 963/963/963 
f 963/963/963 962/962/962 964/964/964 
f 962/962/962 965/965/965 964/964/964 
f 964/964/964 965/965/965 966/966/966 
f 965/965/965 967/967/967 966/966/966 
f 966/966/966 967/967/967 968/968/968 
f 967/967/967 969/969/969 968/968/968 
f 968/968/968 969/969/969 970/970/970 
f 969/969/969 971/971/971 970/970/970 
f 970/970/970 971/971/971 972/972/972 
f 971/971/971 973/973/973 972/972/972 
f 972/972/972 973/973/973 974/974/974 
f 973/973/973 975/975/975 974/974/974 
f 974/974/974 975/975/975 976/976/976 
f 975/975/975 977/977/977 976/976/976 
f 976/976/976 977/977/977 896/896/896 
f 977/977/977 978/978/978 896/896/896 
f 896/896/896 978/978/978 898/898/898 
f 978/978/978 979/979/979 898/898/898 
f 898/898/898 979/979/979 900/900/900 
f 979/979/979 980/980/980 900/900/900 
f 900/900/900 980/980/980 902/902/902 
f 980/980/980 981/981/981 902/902/902 
f 902/902/902 981/981/981 904/904/904 
f 981/981/981 982/982/982 904/904/904 
f 904/904/904 982/982/982 906/906/906 
f 982/982/982 983/983/983 906/906/906 
f 906/906/906 983/983/983 908/908/908 
f 983/983/983 984/984/984 908/908/908 
f 908/908/908 984/984/984 910/910/910 
f 984/984/984 985/985/985 910/910/910 
f 910/910/910 985/985/985 912/912/912 
f 985/985/985 986/986/986 912/912/912 
f 912/912/912 986/986/986 914/914/914 
f 986/986/986 987/987/987 914/914/914 
f 914/914/914 987/987/987 916/916/916 
f 987/987/987 988/988/988 916/916/916 
f 916/916/916 988/988/988 918/918/918 
f 988/988/988 950/950/950 918/918/918 
f 918/918/918 950/950/950 920/920/920 
f 950/950/950 920/920/920 920/920/920 
f 920/920/920 920/920/920 896/896/896 
f 920/920/920 896/896/896 896/896/896 
f 896/896/896 896/896/896 896/896/896 
f 896/896/896 894/894/894 896/896/896 
f 896/896/896 894/894/894 976/976/976 
f 894/894/894 892/892/892 976/976/976 
f 976/976/976 892/892/892 974/974/974 
f 892/892/892 890/890/890 974/974/974 
f 974/974/974 890/890/890 972/972/972 
f 890/890/890 888/888/888 972/972/972 
f 972/972/972 888/888/888 970/970/970 
f 888/888/888 886/886/886 970/970/970 
f 970/970/970 886/886/886 968/968/968 
f 886/886/886 884/884/884 968/968/968 
f 968/968/968 884/884/884 966/966/966 
f 884/884/884 882/882/882 966/966/966 
f 966/966/966 882/882/882 964/964/964 
f 882/882/882 880/880/880 964/964/964 
f 964/964/964 880/880/880 963/963/963 
f 880/880/880 878/878/878 963/963/963 
f 963/963/963 878/878/878 878/878/878 
f 878/878/878 962/962/962 878/878/878 
f 878/878/878 962/962/962 962/962/962 
f 962/962/962 961/961/961 962/962/962 
f 962/962/962 961/961/961 965/965/965 
f 961/961/961 989/989/989 965/965/965 
f 965/965/965 989/989/989 967/967/967 
f 989/989/989 990/990/990 967/967/967 
f 967/967/967 990/990/990 969/969/969 
f 990/990/990 991/991/991 969/969/969 
f 969/969/969 991/991/991 971/971/971 
f 991/991/991 992/992/992 971/971/971 
f 971/971/971 992/992/992 973/973/973 
f 992/992/992 993/993/993 973/973/973 
f 973/973/973 993/993/993 975/975/975 
f 993/993/993 994/994/994 975/975/975 
f 975/975/975 994/994/994 977/977/977 
f 994/994/994 995/995/995 977/977/977 
f 977/977/977 995/995/995 978/978/978 
f 995/995/995 996/996/996 978/978/978 
f 978/978/978 996/996/996 979/979/979 
f 996/996/996 997/997/997 979/979/979 
f 979/979/979 997/997/997 998/998/998 
f 997/997/997 999/999/999 998/998/998 
f 998/998/998 999/999/999 1000/1000/1000 
f 999/999/999 1001/1001/1001 1000/1000/1000 
f 1000/1000/1000 1001/1001/1001 1002/1002/1002 
f 1001/1001/1001 1003/1003/1003 1002/1002/1002 
f 1002/1002/1002 1003/1003/1003 1004/1004/1004 
f 1003/1003/1003 1005/1005/1005 1004/1004/1004 
f 1004/1004/1004 1005/1005/1005 1006/1006/1006 
f 1005/1005/1005 1007/1007/1007 1006/1006/1006 
f 1006/1006/1006 1007/1007/1007 1008/1008/1008 
f 1007/1007/1007 952/952/952 1008/1008/1008 
f 1008/1008/1008 952/952/952 951/951/951 
f 952/952/952 951/951/951 951/951/951 
f 951/951/951 951/951/951 979/979/979 
f 951/951/951 979/979/979 979/979/979 
f 979/979/979 979/979/979 979/979/979 
f 979/979/979 998/998/998 979/979/979 
f 979/979/979 998/998/998 980/980/980 
f 998/998/998 1000/1000/1000 980/980/980 
f 980/980/980 1000/1000/1000 981/981/981 
f 1000/1000/1000 1002/1002/1002 981/981/981 
f 981/981/981 1002/1002/1002 982/982/982 
f 1002/1002/1002 1009/1009/1009 982/982/982 
f 982/982/982 1009/1009/1009 983/983/983 
f 1009/1009/1009 1010/1010/1010 983/983/983 
f 983/983/983 1010/1010/1010 984/984/984 
f 1010/1010/1010 1011/1011/1011 984/984/984 
f 984/984/984 1011/1011/1011 985/985/985 
f 1011/1011/1011 1012/1012/1012 985/985/985 
f 985/985/985 1012/1012/1012 986/986/986 
f 1012/1012/1012 1013/1013/1013 986/986/986 
f 986/986/986 1013/1013/1013 987/987/987 
f 1013/1013/1013 1014/1014/1014 987/987/987 
f 987/987/987 1014/1014/1014 988/988/988 
f 1014/1014/1014 1015/1015/1015 988/988/988 
f 988/988/988 1015/1015/1015 950/950/950 
f 1015/1015/1015 951/951/951 950/950/950 
f 950/950/950 951/951/951 951/951/951 
f 951/951/951 1015/1015/1015 951/951/951 
f 951/951/951 1015/1015/1015 1008/1008/1008 
f 1015/1015/1015 1016/1016/1016 1008/1008/1008 
f 1008/1008/1008 1016/1016/1016 1006/1006/1006 
f 1016/1016/1016 1017/1017/1017 1006/1006/1006 
f 1006/1006/1006 1017/1017/1017 1004/1004/1004 
f 1017/1017/1017 1009/1009/1009 1004/1004/1004 
f 1004/1004/1004 1009/1009/1009 1002/1002/1002 
f 1009/1009/1009 1002/1002/1002 1002/1002/1002 
f 1002/1002/1002 1002/1002/1002 1009/1009/1009 
f 1002/1002/1002 1009/1009/1009 1009/1009/1009 
f 1009/1009/1009 1009/1009/1009 1009/1009/1009 
f 1009/1009/1009 1017/1017/1017 1009/1009/1009 
f 1009/1009/1009 1017/1017/1017 1010/1010/1010 
f 1017/1017/1017 1018/1018/1018 1010/1010/1010 
f 1010/1010/1010 1018/1018/1018 1011/1011/1011 
f 1018/1018/1018 1013/1013/1013 1011/1011/1011 
f 1011/1011/1011 1013/1013/1013 1012/1012/1012 
f 1013/1013/1013 1012/1012/1012 1012/1012/1012 
f 1012/1012/1012 1012/1012/1012 1013/1013/1013 
f 1012/1012/1012 1013/1013/1013 1013/1013/1013 
f 1013/1013/1013 1013/1013/1013 1013/1013/1013 
f 1013/1013/1013 1018/1018/1018 1013/1013/1013 
f 1013/1013/1013 1018/1018/1018 1014/1014/1014 
f 1018/1018/1018 1016/1016/1016 1014/1014/1014 
f 1014/1014/1014 1016/1016/1016 1015/1015/1015 
f 1016/1016/1016 1015/1015/1015 1015/1015/1015 
f 1015/1015/1015 1015/1015/1015 952/952/952 
f 1015/1015/1015 952/952/952 952/952/952 
f 952/952/952 952/952/952 952/952/952 
f 952/952/952 1007/1007/1007 952/952/952 
f 952/952/952 1007/1007/1007 953/953/953 
f 1007/1007/1007 1019/1019/1019 953/953/953 
f 953/953/953 1019/1019/1019 954/954/954 
f 1019/1019/1019 1020/1020/1020 954/954/954 
f 954/954/954 1020/1020/1020 955/955/955 
f 1020/1020/1020 956/956/956 955/955/955 
f 955/955/955 956/956/956 956/956/956 
f 956/956/956 1007/1007/1007 956/956/956 
f 956/956/956 1007/1007/1007 1007/1007/1007 
f 1007/1007/1007 1005/1005/1005 1007/1007/1007 
f 1007/1007/1007 1005/1005/1005 1019/1019/1019 
f 1005/1005/1005 1021/1021/1021 1019/1019/1019 
f 1019/1019/1019 1021/1021/1021 1020/1020/1020 
f 1021/1021/1021 1022/1022/1022 1020/1020/1020 
f 1020/1020/1020 1022/1022/1022 956/956/956 
f 1022/1022/1022 957/957/957 956/956/956 
f 956/956/956 957/957/957 957/957/957 
f 957/957/957 1005/1005/1005 957/957/957 
f 957/957/957 1005/1005/1005 1005/1005/1005 
f 1005/1005/1005 1003/1003/1003 1005/1005/1005 
f 1005/1005/1005 1003/1003/1003 1021/1021/1021 
f 1003/1003/1003 1023/1023/1023 1021/1021/1021 
f 1021/1021/1021 1023/1023/1023 1022/1022/1022 
f 1023/1023/1023 1024/1024/1024 1022/1022/1022 
f 1022/1022/1022 1024/1024/1024 957/957/957 
f 1024/1024/1024 1025/1025/1025 957/957/957 
f 957/957/957 1025/1025/1025 958/958/958 
f 1025/1025/1025 1026/1026/1026 958/958/958 
f 958/958/958 1026/1026/1026 959/959/959 
f 1026/1026/1026 1027/1027/1027 959/959/959 
f 959/959/959 1027/1027/1027 960/960/960 
f 1027/1027/1027 989/989/989 960/960/960 
f 960/960/960 989/989/989 961/961/961 
f 989/989/989 961/961/961 961/961/961 
f 961/961/961 961/961/961 989/989/989 
f 961/961/961 989/989/989 989/989/989 
f 989/989/989 989/989/989 989/989/989 
f 989/989/989 1027/1027/1027 989/989/989 
f 989/989/989 1027/1027/1027 990/990/990 
f 1027/1027/1027 1028/1028/1028 990/990/990 
f 990/990/990 1028/1028/1028 991/991/991 
f 1028/1028/1028 1029/1029/1029 991/991/991 
f 991/991/991 1029/1029/1029 992/992/992 
f 1029/1029/1029 1030/1030/1030 992/992/992 
f 992/992/992 1030/1030/1030 993/993/993 
f 1030/1030/1030 1031/1031/1031 993/993/993 
f 993/993/993 1031/1031/1031 994/994/994 
f 1031/1031/1031 1032/1032/1032 994/994/994 
f 994/994/994 1032/1032/1032 995/995/995 
f 1032/1032/1032 1033/1033/1033 995/995/995 
f 995/995/995 1033/1033/1033 996/996/996 
f 1033/1033/1033 997/997/997 996/996/996 
f 996/996/996 997/997/997 997/997/997 
f 997/997/997 1032/1032/1032 997/997/997 
f 997/997/997 1032/1032/1032 1032/1032/1032 
f 1032/1032/1032 1031/1031/1031 1032/1032/1032 
f 1032/1032/1032 1031/1031/1031 1033/1033/1033 
f 1031/1031/1031 1034/1034/1034 1033/1033/1033 
f 1033/1033/1033 1034/1034/1034 997/997/997 
f 1034/1034/1034 1035/1035/1035 997/997/997 
f 997/997/997 1035/1035/1035 999/999/999 
f 1035/1035/1035 1036/1036/1036 999/999/999 
f 999/999/999 1036/1036/1036 1001/1001/1001 
f 1036/1036/1036 1023/1023/1023 1001/1001/1001 
f 1001/1001/1001 1023/1023/1023 1003/1003/1003 
f 1023/1023/1023 1003/1003/1003 1003/1003/1003 
f 1003/1003/1003 1003/1003/1003 1023/1023/1023 
f 1003/1003/1003 1023/1023/1023 1023/1023/1023 
f 1023/1023/1023 1023/1023/1023 1023/1023/1023 
f 1023/1023/1023 1036/1036/1036 1023/1023/1023 
f 1023/1023/1023 1036/1036/1036 1024/1024/1024 
f 1036/1036/1036 1037/1037/1037 1024/1024/1024 
f 1024/1024/1024 1037/1037/1037 1025/1025/1025 
f 1037/1037/1037 1038/1038/1038 1025/1025/1025 
f 1025/1025/1025 1038/1038/1038 1026/1026/1026 
f 1038/1038/1038 1028/1028/1028 1026/1026/1026 
f 1026/1026/1026 1028/1028/1028 1027/1027/1027 
f 1028/1028/1028 1027/1027/1027 1027/1027/1027 
f 1027/1027/1027 1027/1027/1027 1028/1028/1028 
f 1027/1027/1027 1028/1028/1028 1028/1028/1028 
f 1028/1028/1028 1028/1028/1028 1028/1028/1028 
f 1028/1028/1028 1038/1038/1038 1028/1028/1028 
f 1028/1028/1028 1038/1038/1038 1029/1029/1029 
f 1038/1038/1038 1039/1039/1039 1029/1029/1029 
f 1029/1029/1029 1039/1039/1039 1030/1030/1030 
f 1039/1039/1039 1034/1034/1034 1030/1030/1030 
f 1030/1030/1030 1034/1034/1034 1031/1031/1031 
f 1034/1034/1034 1031/1031/1031 1031/1031/1031 
f 1031/1031/1031 1031/1031/1031 1034/1034/1034 
f 1031/1031/1031 1034/1034/1034 1034/1034/1034 
f 1034/1034/1034 1034/1034/1034 1034/1034/1034 
f 1034/1034/1034 1039/1039/1039 1034/1034/1034 
f 1034/1034/1034 1039/1039/1039 1035/1035/1035 
f 1039/1039/1039 1037/1037/1037 1035/1035/1035 
f 1035/1035/1035 1037/1037/1037 1036/1036/1036 
f 1037/1037/1037 1036/1036/1036 1036/1036/1036 
f 1036/1036/1036 1036/1036/1036 893/893/893 
f 1036/1036/1036 893/893/893 893/893/893 
f 893/893/893 893/893/893 893/893/893 
f 893/893/893 895/895/895 893/893/893 
f 893/893/893 895/895/895 1040/1040/1040 
f 895/895/895 1041/1041/1041 1040/1040/1040 
f 1040/1040/1040 1041/1041/1041 1041/1041/1041 
f 1041/1041/1041 895/895/895 1041/1041/1041 
f 1041/1041/1041 895/895/895 1042/1042/1042 
f 895/895/895 897/897/897 1042/1042/1042 
f 1042/1042/1042 897/897/897 899/899/899 
f 897/897/897 899/899/899 899/899/899 
f 899/899/899 899/899/899 1042/1042/1042 
f 899/899/899 1042/1042/1042 1042/1042/1042 
f 1042/1042/1042 1042/1042/1042 1042/1042/1042 
f 1042/1042/1042 899/899/899 1042/1042/1042 
f 1042/1042/1042 899/899/899 1043/1043/1043 
f 899/899/899 901/901/901 1043/1043/1043 
f 1043/1043/1043 901/901/901 1044/1044/1044 
f 901/901/901 903/903/903 1044/1044/1044 
f 1044/1044/1044 903/903/903 1045/1045/1045 
f 903/903/903 905/905/905 1045/1045/1045 
f 1045/1045/1045 905/905/905 1046/1046/1046 
f 905/905/905 907/907/907 1046/1046/1046 
f 1046/1046/1046 907/907/907 1047/1047/1047 
f 907/907/907 909/909/909 1047/1047/1047 
f 1047/1047/1047 909/909/909 1048/1048/1048 
f 909/909/909 911/911/911 1048/1048/1048 
f 1048/1048/1048 911/911/911 1049/1049/1049 
f 911/911/911 913/913/913 1049/1049/1049 
f 1049/1049/1049 913/913/913 1050/1050/1050 
f 913/913/913 915/915/915 1050/1050/1050 
f 1050/1050/1050 915/915/915 1051/1051/1051 
f 915/915/915 917/917/917 1051/1051/1051 
f 1051/1051/1051 917/917/917 1052/1052/1052 
f 917/917/917 919/919/919 1052/1052/1052 
f 1052/1052/1052 919/919/919 1053/1053/1053 
f 919/919/919 1054/1054/1054 1053/1053/1053 
f 1053/1053/1053 1054/1054/1054 1055/1055/1055 
f 1054/1054/1054 1056/1056/1056 1055/1055/1055 
f 1055/1055/1055 1056/1056/1056 1057/1057/1057 
f 1056/1056/1056 1058/1058/1058 1057/1057/1057 
f 1057/1057/1057 1058/1058/1058 1059/1059/1059 
f 1058/1058/1058 1060/1060/1060 1059/1059/1059 
f 1059/1059/1059 1060/1060/1060 1061/1061/1061 
f 1060/1060/1060 1062/1062/1062 1061/1061/1061 
f 1061/1061/1061 1062/1062/1062 1063/1063/1063 
f 1062/1062/1062 1064/1064/1064 1063/1063/1063 
f 1063/1063/1063 1064/1064/1064 1065/1065/1065 
f 1064/1064/1064 1066/1066/1066 1065/1065/1065 
f 1065/1065/1065 1066/1066/1066 1067/1067/1067 
f 1066/1066/1066 1068/1068/1068 1067/1067/1067 
f 1067/1067/1067 1068/1068/1068 1069/1069/1069 
f 1068/1068/1068 1070/1070/1070 1069/1069/1069 
f 1069/1069/1069 1070/1070/1070 1071/1071/1071 
f 1070/1070/1070 1072/1072/1072 1071/1071/1071 
f 1071/1071/1071 1072/1072/1072 1073/1073/1073 
f 1072/1072/1072 1074/1074/1074 1073/1073/1073 
f 1073/1073/1073 1074/1074/1074 1075/1075/1075 
f 1074/1074/1074 1076/1076/1076 1075/1075/1075 
f 1075/1075/1075 1076/1076/1076 1077/1077/1077 
f 1076/1076/1076 1078/1078/1078 1077/1077/1077 
f 1077/1077/1077 1078/1078/1078 1079/1079/1079 
f 1078/1078/1078 1080/1080/1080 1079/1079/1079 
f 1079/1079/1079 1080/1080/1080 1081/1081/1081 
f 1080/1080/1080 1082/1082/1082 1081/1081/1081 
f 1081/1081/1081 1082/1082/1082 1083/1083/1083 
f 1082/1082/1082 1084/1084/1084 1083/1083/1083 
f 1083/1083/1083 1084/1084/1084 1085/1085/1085 
f 1084/1084/1084 1086/1086/1086 1085/1085/1085 
f 1085/1085/1085 1086/1086/1086 1087/1087/1087 
f 1086/1086/1086 1088/1088/1088 1087/1087/1087 
f 1087/1087/1087 1088/1088/1088 1089/1089/1089 
f 1088/1088/1088 1090/1090/1090 1089/1089/1089 
f 1089/1089/1089 1090/1090/1090 874/874/874 
f 1090/1090/1090 949/949/949 874/874/874 
f 874/874/874 949/949/949 949/949/949 
f 949/949/949 1077/1077/1077 949/949/949 
f 949/949/949 1077/1077/1077 1077/1077/1077 
f 1077/1077/1077 1091/1091/1091 1077/1077/1077 
f 1077/1077/1077 1091/1091/1091 1075/1075/1075 
f 1091/1091/1091 1092/1092/1092 1075/1075/1075 
f 1075/1075/1075 1092/1092/1092 1073/1073/1073 
f 1092/1092/1092 1093/1093/1093 1073/1073/1073 
f 1073/1073/1073 1093/1093/1093 1071/1071/1071 
f 1093/1093/1093 1094/1094/1094 1071/1071/1071 
f 1071/1071/1071 1094/1094/1094 1069/1069/1069 
f 1094/1094/1094 1095/1095/1095 1069/1069/1069 
f 1069/1069/1069 1095/1095/1095 1067/1067/1067 
f 1095/1095/1095 1096/1096/1096 1067/1067/1067 
f 1067/1067/1067 1096/1096/1096 1065/1065/1065 
f 1096/1096/1096 1097/1097/1097 1065/1065/1065 
f 1065/1065/1065 1097/1097/1097 1063/1063/1063 
f 1097/1097/1097 1098/1098/1098 1063/1063/1063 
f 1063/1063/1063 1098/1098/1098 1061/1061/1061 
f 1098/1098/1098 1099/1099/1099 1061/1061/1061 
f 1061/1061/1061 1099/1099/1099 1059/1059/1059 
f 1099/1099/1099 1100/1100/1100 1059/1059/1059 
f 1059/1059/1059 1100/1100/1100 1057/1057/1057 
f 1100/1100/1100 1101/1101/1101 1057/1057/1057 
f 1057/1057/1057 1101/1101/1101 1055/1055/1055 
f 1101/1101/1101 1102/1102/1102 1055/1055/1055 
f 1055/1055/1055 1102/1102/1102 1053/1053/1053 
f 1102/1102/1102 1103/1103/1103 1053/1053/1053 
f 1053/1053/1053 1103/1103/1103 1052/1052/1052 
f 1103/1103/1103 1104/1104/1104 1052/1052/1052 
f 1052/1052/1052 1104/1104/1104 1051/1051/1051 
f 1104/1104/1104 1105/1105/1105 1051/1051/1051 
f 1051/1051/1051 1105/1105/1105 1050/1050/1050 
f 1105/1105/1105 1106/1106/1106 1050/1050/1050 
f 1050/1050/1050 1106/1106/1106 1049/1049/1049 
f 1106/1106/1106 1107/1107/1107 1049/1049/1049 
f 1049/1049/1049 1107/1107/1107 1048/1048/1048 
f 1107/1107/1107 1108/1108/1108 1048/1048/1048 
f 1048/1048/1048 1108/1108/1108 1047/1047/1047 
f 1108/1108/1108 1109/1109/1109 1047/1047/1047 
f 1047/1047/1047 1109/1109/1109 1046/1046/1046 
f 1109/1109/1109 1110/1110/1110 1046/1046/1046 
f 1046/1046/1046 1110/1110/1110 1045/1045/1045 
f 1110/1110/1110 1111/1111/1111 1045/1045/1045 
f 1045/1045/1045 1111/1111/1111 1044/1044/1044 
f 1111/1111/1111 1112/1112/1112 1044/1044/1044 
f 1044/1044/1044 1112/1112/1112 1043/1043/1043 
f 1112/1112/1112 1113/1113/1113 1043/1043/1043 
f 1043/1043/1043 1113/1113/1113 1042/1042/1042 
f 1113/1113/1113 1041/1041/1041 1042/1042/1042 
f 1042/1042/1042 1041/1041/1041 1041/1041/1041 
f 1041/1041/1041 1077/1077/1077 1041/1041/1041 
f 1041/1041/1041 1077/1077/1077 1077/1077/1077 
f 1077/1077/1077 1079/1079/1079 1077/1077/1077 
f 1077/1077/1077 1079/1079/1079 1091/1091/1091 
f 1079/1079/1079 1114/1114/1114 1091/1091/1091 
f 1091/1091/1091 1114/1114/1114 1114/1114/1114 
f 1114/1114/1114 1079/1079/1079 1114/1114/1114 
f 1114/1114/1114 1079/1079/1079 1115/1115/1115 
f 1079/1079/1079 1081/1081/1081 1115/1115/1115 
f 1115/1115/1115 1081/1081/1081 1116/1116/1116 
f 1081/1081/1081 1083/1083/1083 1116/1116/1116 
f 1116/1116/1116 1083/1083/1083 1117/1117/1117 
f 1083/1083/1083 1085/1085/1085 1117/1117/1117 
f 1117/1117/1117 1085/1085/1085 1118/1118/1118 
f 1085/1085/1085 1087/1087/1087 1118/1118/1118 
f 1118/1118/1118 1087/1087/1087 1119/1119/1119 
f 1087/1087/1087 1089/1089/1089 1119/1119/1119 
f 1119/1119/1119 1089/1089/1089 873/873/873 
f 1089/1089/1089 874/874/874 873/873/873 
f 873/873/873 874/874/874 874/874/874 
f 874/874/874 919/919/919 874/874/874 
f 874/874/874 919/919/919 919/919/919 
f 919/919/919 921/921/921 919/919/919 
f 919/919/919 921/921/921 1054/1054/1054 
f 921/921/921 1056/1056/1056 1054/1054/1054 
f 1054/1054/1054 1056/1056/1056 1056/1056/1056 
f 1056/1056/1056 921/921/921 1056/1056/1056 
f 1056/1056/1056 921/921/921 1120/1120/1120 
f 921/921/921 923/923/923 1120/1120/1120 
f 1120/1120/1120 923/923/923 1121/1121/1121 
f 923/923/923 925/925/925 1121/1121/1121 
f 1121/1121/1121 925/925/925 1122/1122/1122 
f 925/925/925 927/927/927 1122/1122/1122 
f 1122/1122/1122 927/927/927 1123/1123/1123 
f 927/927/927 929/929/929 1123/1123/1123 
f 1123/1123/1123 929/929/929 1124/1124/1124 
f 929/929/929 931/931/931 1124/1124/1124 
f 1124/1124/1124 931/931/931 1125/1125/1125 
f 931/931/931 933/933/933 1125/1125/1125 
f 1125/1125/1125 933/933/933 1126/1126/1126 
f 933/933/933 1127/1127/1127 1126/1126/1126 
f 1126/1126/1126 1127/1127/1127 1128/1128/1128 
f 1127/1127/1127 1129/1129/1129 1128/1128/1128 
f 1128/1128/1128 1129/1129/1129 1130/1130/1130 
f 1129/1129/1129 1131/1131/1131 1130/1130/1130 
f 1130/1130/1130 1131/1131/1131 1132/1132/1132 
f 1131/1131/1131 1133/1133/1133 1132/1132/1132 
f 1132/1132/1132 1133/1133/1133 1134/1134/1134 
f 1133/1133/1133 1135/1135/1135 1134/1134/1134 
f 1134/1134/1134 1135/1135/1135 1136/1136/1136 
f 1135/1135/1135 1137/1137/1137 1136/1136/1136 
f 1136/1136/1136 1137/1137/1137 1138/1138/1138 
f 1137/1137/1137 1139/1139/1139 1138/1138/1138 
f 1138/1138/1138 1139/1139/1139 1140/1140/1140 
f 1139/1139/1139 1141/1141/1141 1140/1140/1140 
f 1140/1140/1140 1141/1141/1141 1142/1142/1142 
f 1141/1141/1141 1143/1143/1143 1142/1142/1142 
f 1142/1142/1142 1143/1143/1143 1084/1084/1084 
f 1143/1143/1143 1086/1086/1086 1084/1084/1084 
f 1084/1084/1084 1086/1086/1086 1086/1086/1086 
f 1086/1086/1086 1084/1084/1084 1086/1086/1086 
f 1086/1086/1086 1084/1084/1084 1084/1084/1084 
f 1084/1084/1084 1082/1082/1082 1084/1084/1084 
f 1084/1084/1084 1082/1082/1082 1142/1142/1142 
f 1082/1082/1082 1144/1144/1144 1142/1142/1142 
f 1142/1142/1142 1144/1144/1144 1140/1140/1140 
f 1144/1144/1144 1145/1145/1145 1140/1140/1140 
f 1140/1140/1140 1145/1145/1145 1138/1138/1138 
f 1145/1145/1145 1146/1146/1146 1138/1138/1138 
f 1138/1138/1138 1146/1146/1146 1136/1136/1136 
f 1146/1146/1146 1147/1147/1147 1136/1136/1136 
f 1136/1136/1136 1147/1147/1147 1134/1134/1134 
f 1147/1147/1147 1148/1148/1148 1134/1134/1134 
f 1134/1134/1134 1148/1148/1148 1132/1132/1132 
f 1148/1148/1148 1149/1149/1149 1132/1132/1132 
f 1132/1132/1132 1149/1149/1149 1130/1130/1130 
f 1149/1149/1149 1150/1150/1150 1130/1130/1130 
f 1130/1130/1130 1150/1150/1150 1128/1128/1128 
f 1150/1150/1150 1151/1151/1151 1128/1128/1128 
f 1128/1128/1128 1151/1151/1151 1126/1126/1126 
f 1151/1151/1151 1152/1152/1152 1126/1126/1126 
f 1126/1126/1126 1152/1152/1152 1125/1125/1125 
f 1152/1152/1152 1153/1153/1153 1125/1125/1125 
f 1125/1125/1125 1153/1153/1153 1124/1124/1124 
f 1153/1153/1153 1154/1154/1154 1124/1124/1124 
f 1124/1124/1124 1154/1154/1154 1123/1123/1123 
f 1154/1154/1154 1155/1155/1155 1123/1123/1123 
f 1123/1123/1123 1155/1155/1155 1122/1122/1122 
f 1155/1155/1155 1156/1156/1156 1122/1122/1122 
f 1122/1122/1122 1156/1156/1156 1121/1121/1121 
f 1156/1156/1156 1157/1157/1157 1121/1121/1121 
f 1121/1121/1121 1157/1157/1157 1120/1120/1120 
f 1157/1157/1157 1058/1058/1058 1120/1120/1120 
f 1120/1120/1120 1058/1058/1058 1056/1056/1056 
f 1058/1058/1058 1056/1056/1056 1056/1056/1056 
f 1056/1056/1056 1056/1056/1056 1058/1058/1058 
f 1056/1056/1056 1058/1058/1058 1058/1058/1058 
f 1058/1058/1058 1058/1058/1058 1058/1058/1058 
f 1058/1058/1058 1157/1157/1157 1058/1058/1058 
f 1058/1058/1058 1157/1157/1157 1060/1060/1060 
f 1157/1157/1157 1158/1158/1158 1060/1060/1060 
f 1060/1060/1060 1158/1158/1158 1062/1062/1062 
f 1158/1158/1158 1159/1159/1159 1062/1062/1062 
f 1062/1062/1062 1159/1159/1159 1064/1064/1064 
f 1159/1159/1159 1160/1160/1160 1064/1064/1064 
f 1064/1064/1064 1160/1160/1160 1066/1066/1066 
f 1160/1160/1160 1161/1161/1161 1066/1066/1066 
f 1066/1066/1066 1161/1161/1161 1068/1068/1068 
f 1161/1161/1161 1162/1162/1162 1068/1068/1068 
f 1068/1068/1068 1162/1162/1162 1070/1070/1070 
f 1162/1162/1162 1163/1163/1163 1070/1070/1070 
f 1070/1070/1070 1163/1163/1163 1072/1072/1072 
f 1163/1163/1163 1164/1164/1164 1072/1072/1072 
f 1072/1072/1072 1164/1164/1164 1074/1074/1074 
f 1164/1164/1164 1165/1165/1165 1074/1074/1074 
f 1074/1074/1074 1165/1165/1165 1076/1076/1076 
f 1165/1165/1165 1166/1166/1166 1076/1076/1076 
f 1076/1076/1076 1166/1166/1166 1078/1078/1078 
f 1166/1166/1166 1145/1145/1145 1078/1078/1078 
f 1078/1078/1078 1145/1145/1145 1144/1144/1144 
f 1145/1145/1145 1144/1144/1144 1144/1144/1144 
f 1144/1144/1144 1144/1144/1144 1157/1157/1157 
f 1144/1144/1144 1157/1157/1157 1157/1157/1157 
f 1157/1157/1157 1157/1157/1157 1157/1157/1157 
f 1157/1157/1157 1156/1156/1156 1157/1157/1157 
f 1157/1157/1157 1156/1156/1156 1158/1158/1158 
f 1156/1156/1156 1167/1167/1167 1158/1158/1158 
f 1158/1158/1158 1167/1167/1167 1159/1159/1159 
f 1167/1167/1167 1168/1168/1168 1159/1159/1159 
f 1159/1159/1159 1168/1168/1168 1160/1160/1160 
f 1168/1168/1168 1169/1169/1169 1160/1160/1160 
f 1160/1160/1160 1169/1169/1169 1161/1161/1161 
f 1169/1169/1169 1170/1170/1170 1161/1161/1161 
f 1161/1161/1161 1170/1170/1170 1162/1162/1162 
f 1170/1170/1170 1171/1171/1171 1162/1162/1162 
f 1162/1162/1162 1171/1171/1171 1163/1163/1163 
f 1171/1171/1171 1172/1172/1172 1163/1163/1163 
f 1163/1163/1163 1172/1172/1172 1164/1164/1164 
f 1172/1172/1172 1173/1173/1173 1164/1164/1164 
f 1164/1164/1164 1173/1173/1173 1165/1165/1165 
f 1173/1173/1173 1174/1174/1174 1165/1165/1165 
f 1165/1165/1165 1174/1174/1174 1166/1166/1166 
f 1174/1174/1174 1146/1146/1146 1166/1166/1166 
f 1166/1166/1166 1146/1146/1146 1145/1145/1145 
f 1146/1146/1146 1145/1145/1145 1145/1145/1145 
f 1145/1145/1145 1145/1145/1145 1156/1156/1156 
f 1145/1145/1145 1156/1156/1156 1156/1156/1156 
f 1156/1156/1156 1156/1156/1156 1156/1156/1156 
f 1156/1156/1156 1155/1155/1155 1156/1156/1156 
f 1156/1156/1156 1155/1155/1155 1167/1167/1167 
f 1155/1155/1155 1175/1175/1175 1167/1167/1167 
f 1167/1167/1167 1175/1175/1175 1168/1168/1168 
f 1175/1175/1175 1176/1176/1176 1168/1168/1168 
f 1168/1168/1168 1176/1176/1176 1169/1169/1169 
f 1176/1176/1176 1177/1177/1177 1169/1169/1169 
f 1169/1169/1169 1177/1177/1177 1170/1170/1170 
f 1177/1177/1177 1178/1178/1178 1170/1170/1170 
f 1170/1170/1170 1178/1178/1178 1171/1171/1171 
f 1178/1178/1178 1179/1179/1179 1171/1171/1171 
f 1171/1171/1171 1179/1179/1179 1172/1172/1172 
f 1179/1179/1179 1180/1180/1180 1172/1172/1172 
f 1172/1172/1172 1180/1180/1180 1173/1173/1173 
f 1180/1180/1180 1181/1181/1181 1173/1173/1173 
f 1173/1173/1173 1181/1181/1181 1174/1174/1174 
f 1181/1181/1181 1147/1147/1147 1174/1174/1174 
f 1174/1174/1174 1147/1147/1147 1146/1146/1146 
f 1147/1147/1147 1146/1146/1146 1146/1146/1146 
f 1146/1146/1146 1146/1146/1146 1147/1147/1147 
f 1146/1146/1146 1147/1147/1147 1147/1147/1147 
f 1147/1147/1147 1147/1147/1147 1147/1147/1147 
f 1147/1147/1147 1181/1181/1181 1147/1147/1147 
f 1147/1147/1147 1181/1181/1181 1148/1148/1148 
f 1181/1181/1181 1182/1182/1182 1148/1148/1148 
f 1148/1148/1148 1182/1182/1182 1149/1149/1149 
f 1182/1182/1182 1183/1183/1183 1149/1149/1149 
f 1149/1149/1149 1183/1183/1183 1150/1150/1150 
f 1183/1183/1183 1184/1184/1184 1150/1150/1150 
f 1150/1150/1150 1184/1184/1184 1151/1151/1151 
f 1184/1184/1184 1152/1152/1152 1151/1151/1151 
f 1151/1151/1151 1152/1152/1152 1152/1152/1152 
f 1152/1152/1152 1181/1181/1181 1152/1152/1152 
f 1152/1152/1152 1181/1181/1181 1181/1181/1181 
f 1181/1181/1181 1180/1180/1180 1181/1181/1181 
f 1181/1181/1181 1180/1180/1180 1182/1182/1182 
f 1180/1180/1180 1185/1185/1185 1182/1182/1182 
f 1182/1182/1182 1185/1185/1185 1183/1183/1183 
f 1185/1185/1185 1186/1186/1186 1183/1183/1183 
f 1183/1183/1183 1186/1186/1186 1184/1184/1184 
f 1186/1186/1186 1187/1187/1187 1184/1184/1184 
f 1184/1184/1184 1187/1187/1187 1152/1152/1152 
f 1187/1187/1187 1153/1153/1153 1152/1152/1152 
f 1152/1152/1152 1153/1153/1153 1153/1153/1153 
f 1153/1153/1153 1180/1180/1180 1153/1153/1153 
f 1153/1153/1153 1180/1180/1180 1180/1180/1180 
f 1180/1180/1180 1179/1179/1179 1180/1180/1180 
f 1180/1180/1180 1179/1179/1179 1185/1185/1185 
f 1179/1179/1179 1188/1188/1188 1185/1185/1185 
f 1185/1185/1185 1188/1188/1188 1186/1186/1186 
f 1188/1188/1188 1189/1189/1189 1186/1186/1186 
f 1186/1186/1186 1189/1189/1189 1187/1187/1187 
f 1189/1189/1189 1190/1190/1190 1187/1187/1187 
f 1187/1187/1187 1190/1190/1190 1153/1153/1153 
f 1190/1190/1190 1154/1154/1154 1153/1153/1153 
f 1153/1153/1153 1154/1154/1154 1154/1154/1154 
f 1154/1154/1154 1179/1179/1179 1154/1154/1154 
f 1154/1154/1154 1179/1179/1179 1179/1179/1179 
f 1179/1179/1179 1178/1178/1178 1179/1179/1179 
f 1179/1179/1179 1178/1178/1178 1188/1188/1188 
f 1178/1178/1178 1177/1177/1177 1188/1188/1188 
f 1188/1188/1188 1177/1177/1177 1189/1189/1189 
f 1177/1177/1177 1176/1176/1176 1189/1189/1189 
f 1189/1189/1189 1176/1176/1176 1190/1190/1190 
f 1176/1176/1176 1175/1175/1175 1190/1190/1190 
f 1190/1190/1190 1175/1175/1175 1154/1154/1154 
f 1175/1175/1175 1155/1155/1155 1154/1154/1154 
f 1154/1154/1154 1155/1155/1155 1155/1155/1155 
f 1155/1155/1155 1082/1082/1082 1155/1155/1155 
f 1155/1155/1155 1082/1082/1082 1082/1082/1082 
f 1082/1082/1082 1080/1080/1080 1082/1082/1082 
f 1082/1082/1082 1080/1080/1080 1144/1144/1144 
f 1080/1080/1080 1078/1078/1078 1144/1144/1144 
f 1144/1144/1144 1078/1078/1078 1078/1078/1078 
f 1078/1078/1078 1137/1137/1137 1078/1078/1078 
f 1078/1078/1078 1137/1137/1137 1137/1137/1137 
f 1137/1137/1137 1135/1135/1135 1137/1137/1137 
f 1137/1137/1137 1135/1135/1135 1139/1139/1139 
f 1135/1135/1135 1191/1191/1191 1139/1139/1139 
f 1139/1139/1139 1191/1191/1191 1192/1192/1192 
f 1191/1191/1191 1193/1193/1193 1192/1192/1192 
f 1192/1192/1192 1193/1193/1193 1194/1194/1194 
f 1193/1193/1193 1195/1195/1195 1194/1194/1194 
f 1194/1194/1194 1195/1195/1195 1196/1196/1196 
f 1195/1195/1195 945/945/945 1196/1196/1196 
f 1196/1196/1196 945/945/945 947/947/947 
f 945/945/945 947/947/947 947/947/947 
f 947/947/947 947/947/947 1195/1195/1195 
f 947/947/947 1195/1195/1195 1195/1195/1195 
f 1195/1195/1195 1195/1195/1195 1195/1195/1195 
f 1195/1195/1195 1193/1193/1193 1195/1195/1195 
f 1195/1195/1195 1193/1193/1193 1197/1197/1197 
f 1193/1193/1193 1198/1198/1198 1197/1197/1197 
f 1197/1197/1197 1198/1198/1198 1199/1199/1199 
f 1198/1198/1198 1131/1131/1131 1199/1199/1199 
f 1199/1199/1199 1131/1131/1131 1200/1200/1200 
f 1131/1131/1131 1129/1129/1129 1200/1200/1200 
f 1200/1200/1200 1129/1129/1129 1201/1201/1201 
f 1129/1129/1129 1202/1202/1202 1201/1201/1201 
f 1201/1201/1201 1202/1202/1202 939/939/939 
f 1202/1202/1202 937/937/937 939/939/939 
f 939/939/939 937/937/937 937/937/937 
f 937/937/937 1195/1195/1195 937/937/937 
f 937/937/937 1195/1195/1195 1195/1195/1195 
f 1195/1195/1195 1197/1197/1197 1195/1195/1195 
f 1195/1195/1195 1197/1197/1197 943/943/943 
f 1197/1197/1197 1203/1203/1203 943/943/943 
f 943/943/943 1203/1203/1203 941/941/941 
f 1203/1203/1203 1201/1201/1201 941/941/941 
f 941/941/941 1201/1201/1201 939/939/939 
f 1201/1201/1201 939/939/939 939/939/939 
f 939/939/939 939/939/939 1197/1197/1197 
f 939/939/939 1197/1197/1197 1197/1197/1197 
f 1197/1197/1197 1197/1197/1197 1197/1197/1197 
f 1197/1197/1197 1199/1199/1199 1197/1197/1197 
f 1197/1197/1197 1199/1199/1199 1203/1203/1203 
f 1199/1199/1199 1200/1200/1200 1203/1203/1203 
f 1203/1203/1203 1200/1200/1200 1201/1201/1201 
f 1200/1200/1200 1201/1201/1201 1201/1201/1201 
f 1201/1201/1201 1201/1201/1201 1131/1131/1131 
f 1201/1201/1201 1131/1131/1131 1131/1131/1131 
f 1131/1131/1131 1131/1131/1131 1131/1131/1131 
f 1131/1131/1131 1198/1198/1198 1131/1131/1131 
f 1131/1131/1131 1198/1198/1198 1133/1133/1133 
f 1198/1198/1198 1135/1135/1135 1133/1133/1133 
f 1133/1133/1133 1135/1135/1135 1135/1135/1135 
f 1135/1135/1135 1198/1198/1198 1135/1135/1135 
f 1135/1135/1135 1198/1198/1198 1191/1191/1191 
f 1198/1198/1198 1193/1193/1193 1191/1191/1191 
f 1191/1191/1191 1193/1193/1193 1193/1193/1193 
f 1193/1193/1193 937/937/937 1193/1193/1193 
f 1193/1193/1193 937/937/937 937/937/937 
f 937/937/937 1202/1202/1202 937/937/937 
f 937/937/937 1202/1202/1202 935/935/935 
f 1202/1202/1202 1127/1127/1127 935/935/935 
f 935/935/935 1127/1127/1127 933/933/933 
f 1127/1127/1127 933/933/933 933/933/933 
f 933/933/933 933/933/933 947/947/947 
f 933/933/933 947/947/947 947/947/947 
f 947/947/947 947/947/947 947/947/947 
f 947/947/947 949/949/949 947/947/947 
f 947/947/947 949/949/949 1204/1204/1204 
f 949/949/949 1090/1090/1090 1204/1204/1204 
f 1204/1204/1204 1090/1090/1090 1205/1205/1205 
f 1090/1090/1090 1088/1088/1088 1205/1205/1205 
f 1205/1205/1205 1088/1088/1088 1206/1206/1206 
f 1088/1088/1088 1086/1086/1086 1206/1206/1206 
f 1206/1206/1206 1086/1086/1086 1143/1143/1143 
f 1086/1086/1086 1143/1143/1143 1143/1143/1143 
f 1143/1143/1143 1143/1143/1143 947/947/947 
f 1143/1143/1143 947/947/947 947/947/947 
f 947/947/947 947/947/947 947/947/947 
f 947/947/947 1204/1204/1204 947/947/947 
f 947/947/947 1204/1204/1204 1196/1196/1196 
f 1204/1204/1204 1207/1207/1207 1196/1196/1196 
f 1196/1196/1196 1207/1207/1207 1194/1194/1194 
f 1207/1207/1207 1208/1208/1208 1194/1194/1194 
f 1194/1194/1194 1208/1208/1208 1192/1192/1192 
f 1208/1208/1208 1209/1209/1209 1192/1192/1192 
f 1192/1192/1192 1209/1209/1209 1139/1139/1139 
f 1209/1209/1209 1141/1141/1141 1139/1139/1139 
f 1139/1139/1139 1141/1141/1141 1141/1141/1141 
f 1141/1141/1141 1204/1204/1204 1141/1141/1141 
f 1141/1141/1141 1204/1204/1204 1204/1204/1204 
f 1204/1204/1204 1205/1205/1205 1204/1204/1204 
f 1204/1204/1204 1205/1205/1205 1207/1207/1207 
f 1205/1205/1205 1210/1210/1210 1207/1207/1207 
f 1207/1207/1207 1210/1210/1210 1208/1208/1208 
f 1210/1210/1210 1211/1211/1211 1208/1208/1208 
f 1208/1208/1208 1211/1211/1211 1209/1209/1209 
f 1211/1211/1211 1212/1212/1212 1209/1209/1209 
f 1209/1209/1209 1212/1212/1212 1141/1141/1141 
f 1212/1212/1212 1143/1143/1143 1141/1141/1141 
f 1141/1141/1141 1143/1143/1143 1143/1143/1143 
f 1143/1143/1143 1212/1212/1212 1143/1143/1143 
f 1143/1143/1143 1212/1212/1212 1206/1206/1206 
f 1212/1212/1212 1210/1210/1210 1206/1206/1206 
f 1206/1206/1206 1210/1210/1210 1205/1205/1205 
f 1213/1213/1213 1214/1214/1214 1215/1215/1215 
f 1216/1216/1216 1217/1217/1217 1215/1215/1215 
f 1218/1218/1218 1219/1219/1219 1215/1215/1215 
f 1220/1220/1220 1221/1221/1221 1215/1215/1215 
f 1222/1222/1222 1223/1223/1223 1215/1215/1215 
f 1224/1224/1224 1225/1225/1225 1215/1215/1215 
f 1226/1226/1226 1227/1227/1227 1228/1228/1228 
f 1229/1229/1229 1230/1230/1230 1215/1215/1215 
f 1231/1231/1231 1232/1232/1232 1215/1215/1215 
f 1233/1233/1233 1234/1234/1234 1235/1235/1235 
f 1236/1236/1236 1237/1237/1237 1215/1215/1215 
f 1238/1238/1238 1239/1239/1239 1215/1215/1215 
f 1240/1240/1240 1241/1241/1241 1215/1215/1215 
f 1242/1242/1242 1243/1243/1243 1215/1215/1215 
f 1244/1244/1244 1245/1245/1245 1246/1246/1246 
f 1247/1247/1247 1248/1248/1248 1215/1215/1215 
f 1249/1249/1249 1250/1250/1250 1215/1215/1215 
f 1251/1251/1251 1252/1252/1252 1253/1253/1253 
f 1254/1254/1254 1255/1255/1255 1256/1256/1256 
f 1257/1257/1257 1258/1258/1258 1259/1259/1259 
f 1260/1260/1260 1261/1261/1261 1215/1215/1215 
f 1262/1262/1262 1263/1263/1263 1215/1215/1215 
f 1264/1264/1264 1265/1265/1265 1215/1215/1215 
f 1266/1266/1266 1267/1267/1267 1215/1215/1215 
f 1268/1268/1268 1269/1269/1269 1270/1270/1270 
f 1271/1271/1271 1272/1272/1272 1215/1215/1215 
f 1273/1273/1273 1274/1274/1274 1275/1275/1275 
f 1276/1276/1276 1277/1277/1277 1215/1215/1215 
f 1278/1278/1278 1279/1279/1279 1215/1215/1215 
f 1280/1280/1280 1281/1281/1281 1215/1215/1215 
f 1282/1282/1282 1283/1283/1283 1215/1215/1215 
f 1284/1284/1284 1285/1285/1285 1215/1215/1215 
f 1286/1286/1286 1287/1287/1287 1215/1215/1215 
f 1288/1288/1288 1289/1289/1289 1215/1215/1215 
f 1290/1290/1290 1291/1291/1291 1215/1215/1215 
f 1292/1292/1292 1293/1293/1293 1294/1294/1294 
f 1295/1295/1295 1296/1296/1296 1297/1297/1297 
f 1298/1298/1298 1299/1299/1299 1215/1215/1215 
f 1300/1300/1300 1301/1301/1301 1302/1302/1302 
f 1303/1303/1303 1304/1304/1304 1305/1305/1305 
f 1306/1306/1306 1307/1307/1307 1215/1215/1215 
f 1308/1308/1308 1309/1309/1309 1215/1215/1215 
f 59/59/59 61/61/61 57/57/57 
f 857/857/857 82/82/82 84/84/84 
f 245/245/245 244/244/244 1310/1310/1310 
f 175/175/175 1311/1311/1311 749/749/749 
f 870/870/870 866/866/866 1312/1312/1312 
f 236/236/236 229/229/229 242/242/242 
f 47/47/47 49/49/49 720/720/720 
f 282/282/282 366/366/366 284/284/284 
f 492/492/492 1313/1313/1313 494/494/494 
f 223/223/223 195/195/195 197/197/197 
f 350/350/350 349/349/349 1314/1314/1314 
f 549/549/549 536/536/536 534/534/534 
f 491/491/491 486/486/486 485/485/485 
f 689/689/689 682/682/682 1315/1315/1315 
f 39/39/39 29/29/29 24/24/24 
f 1016/1016/1016 1018/1018/1018 1017/1017/1017 
f 1129/1129/1129 1127/1127/1127 1202/1202/1202 
f 1038/1038/1038 1037/1037/1037 1039/1039/1039 
f 1210/1210/1210 1212/1212/1212 1211/1211/1211 
f 945/945/945 1195/1195/1195 943/943/943 

