mtllib model_37.mtl
o model_37
v -26.2108154296875 37.55300521850586 19.7421875 
v -26.21592903137207 37.564579010009766 19.7421875 
v -26.265356063842773 37.55300521850586 19.476240158081055 
v -26.270469665527344 37.564579010009766 19.479785919189453 
v -26.413639068603516 37.55300521850586 19.249296188354492 
v -26.41704750061035 37.564579010009766 19.25284194946289 
v -26.640323638916016 37.55300521850586 19.100366592407227 
v -26.64202880859375 37.564579010009766 19.107458114624023 
v -26.90450668334961 37.55300521850586 19.047176361083984 
v -26.90450668334961 37.564579010009766 19.050722122192383 
v -27.170392990112305 37.55300521850586 19.100366592407227 
v -27.16868782043457 37.564579010009766 19.107458114624023 
v -27.395374298095703 37.55300521850586 19.249296188354492 
v -27.391963958740234 37.564579010009766 19.25284194946289 
v -27.545360565185547 37.55300521850586 19.476240158081055 
v -27.540246963500977 37.564579010009766 19.479785919189453 
v -27.59990119934082 37.55300521850586 19.7421875 
v -27.59478759765625 37.564579010009766 19.7421875 
v -27.545360565185547 37.55300521850586 20.00459098815918 
v -27.540246963500977 37.564579010009766 20.00459098815918 
v -27.395374298095703 37.55300521850586 20.23153305053711 
v -27.391963958740234 37.564579010009766 20.22798728942871 
v -27.170392990112305 37.55300521850586 20.380464553833008 
v -27.16868782043457 37.564579010009766 20.37691879272461 
v -26.90450668334961 37.55300521850586 20.43720054626465 
v -26.90450668334961 37.564579010009766 20.43010902404785 
v -26.640323638916016 37.55300521850586 20.380464553833008 
v -26.64202880859375 37.564579010009766 20.37691879272461 
v -26.413639068603516 37.55300521850586 20.23153305053711 
v -26.41704750061035 37.564579010009766 20.22798728942871 
v -26.265356063842773 37.55300521850586 20.00459098815918 
v -26.270469665527344 37.564579010009766 20.00459098815918 
v -26.2108154296875 37.55300521850586 19.7421875 
v -26.21592903137207 37.564579010009766 19.7421875 
v -26.21592903137207 37.57704544067383 19.7421875 
v -26.270469665527344 37.57701110839844 19.479785919189453 
v -26.41704750061035 37.57704544067383 19.25284194946289 
v -26.64202880859375 37.57701110839844 19.107458114624023 
v -26.90450668334961 37.57704544067383 19.050722122192383 
v -27.16868782043457 37.57701110839844 19.107458114624023 
v -27.391963958740234 37.57701110839844 19.25284194946289 
v -27.540246963500977 37.57701110839844 19.479785919189453 
v -27.59478759765625 37.57704544067383 19.7421875 
v -27.540246963500977 37.57701110839844 20.00459098815918 
v -27.391963958740234 37.57704544067383 20.22798728942871 
v -27.16868782043457 37.57701110839844 20.37691879272461 
v -26.90450668334961 37.57704544067383 20.43010902404785 
v -26.64202880859375 37.57701110839844 20.37691879272461 
v -26.41704750061035 37.57704544067383 20.22798728942871 
v -26.270469665527344 37.57701110839844 20.00459098815918 
v -26.21592903137207 37.57704544067383 19.7421875 
v -26.21592903137207 37.60999298095703 19.7421875 
v -26.270469665527344 37.60999298095703 19.479785919189453 
v -26.41704750061035 37.60999298095703 19.25284194946289 
v -26.64202880859375 37.60999298095703 19.107458114624023 
v -26.90450668334961 37.60999298095703 19.050722122192383 
v -27.16868782043457 37.60999298095703 19.107458114624023 
v -27.391963958740234 37.60999298095703 19.25284194946289 
v -27.540246963500977 37.60999298095703 19.479785919189453 
v -27.59478759765625 37.60999298095703 19.7421875 
v -27.540246963500977 37.60999298095703 20.00459098815918 
v -27.391963958740234 37.60999298095703 20.22798728942871 
v -27.16868782043457 37.60999298095703 20.37691879272461 
v -26.90450668334961 37.60999298095703 20.43010902404785 
v -26.64202880859375 37.60999298095703 20.37691879272461 
v -26.41704750061035 37.60999298095703 20.22798728942871 
v -26.270469665527344 37.60999298095703 20.00459098815918 
v 10.997941017150879 37.55300521850586 41.40812683105469 
v 10.99112319946289 37.564579010009766 41.40812683105469 
v 10.941695213317871 37.55300521850586 41.14217758178711 
v 10.936582565307617 37.564579010009766 41.14217758178711 
v 10.793413162231445 37.55300521850586 40.91523361206055 
v 10.790003776550293 37.564579010009766 40.91878128051758 
v 10.566727638244629 37.55300521850586 40.76630401611328 
v 10.565023422241211 37.564579010009766 40.77339553833008 
v 10.302545547485352 37.55300521850586 40.71311569213867 
v 10.302545547485352 37.564579010009766 40.71665954589844 
v 10.036659240722656 37.55300521850586 40.76630401611328 
v 10.040067672729492 37.564579010009766 40.77339553833008 
v 9.811677932739258 37.55300521850586 40.91523361206055 
v 9.81508731842041 37.564579010009766 40.91878128051758 
v 9.663395881652832 37.55300521850586 41.14217758178711 
v 9.668508529663086 37.564579010009766 41.14217758178711 
v 9.607150077819824 37.55300521850586 41.40812683105469 
v 9.613967895507812 37.564579010009766 41.40812683105469 
v 9.663395881652832 37.55300521850586 41.670528411865234 
v 9.668508529663086 37.564579010009766 41.670528411865234 
v 9.811677932739258 37.55300521850586 41.8974723815918 
v 9.81508731842041 37.564579010009766 41.893924713134766 
v 10.036659240722656 37.55300521850586 42.04640197753906 
v 10.040067672729492 37.564579010009766 42.0428581237793 
v 10.302545547485352 37.55300521850586 42.1031379699707 
v 10.302545547485352 37.564579010009766 42.096046447753906 
v 10.566727638244629 37.55300521850586 42.04640197753906 
v 10.565023422241211 37.564579010009766 42.0428581237793 
v 10.793413162231445 37.55300521850586 41.8974723815918 
v 10.790003776550293 37.564579010009766 41.893924713134766 
v 10.941695213317871 37.55300521850586 41.670528411865234 
v 10.936582565307617 37.564579010009766 41.670528411865234 
v 10.997941017150879 37.55300521850586 41.40812683105469 
v 10.99112319946289 37.564579010009766 41.40812683105469 
v 10.99112319946289 37.57704544067383 41.40812683105469 
v 10.936582565307617 37.57701110839844 41.14217758178711 
v 10.790003776550293 37.57704544067383 40.91878128051758 
v 10.565023422241211 37.57701110839844 40.77339553833008 
v 10.302545547485352 37.57704544067383 40.71665954589844 
v 10.040067672729492 37.57701110839844 40.77339553833008 
v 9.81508731842041 37.57701110839844 40.91878128051758 
v 9.668508529663086 37.57701110839844 41.14217758178711 
v 9.613967895507812 37.57704544067383 41.40812683105469 
v 9.668508529663086 37.57701110839844 41.670528411865234 
v 9.81508731842041 37.57704544067383 41.893924713134766 
v 10.040067672729492 37.57701110839844 42.0428581237793 
v 10.302545547485352 37.57704544067383 42.096046447753906 
v 10.565023422241211 37.57701110839844 42.0428581237793 
v 10.790003776550293 37.57704544067383 41.893924713134766 
v 10.936582565307617 37.57701110839844 41.670528411865234 
v 10.99112319946289 37.57704544067383 41.40812683105469 
v 10.99112319946289 37.60999298095703 41.40812683105469 
v 10.936582565307617 37.60999298095703 41.14217758178711 
v 10.790003776550293 37.60999298095703 40.91878128051758 
v 10.565023422241211 37.60999298095703 40.77339553833008 
v 10.302545547485352 37.60999298095703 40.71665954589844 
v 10.040067672729492 37.60999298095703 40.77339553833008 
v 9.81508731842041 37.60999298095703 40.91878128051758 
v 9.668508529663086 37.60999298095703 41.14217758178711 
v 9.613967895507812 37.60999298095703 41.40812683105469 
v 9.668508529663086 37.60999298095703 41.670528411865234 
v 9.81508731842041 37.60999298095703 41.893924713134766 
v 10.040067672729492 37.60999298095703 42.0428581237793 
v 10.302545547485352 37.60999298095703 42.096046447753906 
v 10.565023422241211 37.60999298095703 42.0428581237793 
v 10.790003776550293 37.60999298095703 41.893924713134766 
v 10.936582565307617 37.60999298095703 41.670528411865234 
v 8.260674476623535 36.60284423828125 -72.93199920654297 
v 8.260674476623535 36.56990051269531 -72.93199920654297 
v 8.206133842468262 36.60284423828125 -72.66605377197266 
v 8.206133842468262 36.56990051269531 -72.66605377197266 
v 8.05785083770752 36.60284423828125 -72.44265747070312 
v 8.05785083770752 36.56990051269531 -72.44265747070312 
v 7.834574222564697 36.60284423828125 -72.29727172851562 
v 7.834574222564697 36.56990051269531 -72.29727172851562 
v 7.572096824645996 36.60284423828125 -72.24053192138672 
v 7.572096824645996 36.56990051269531 -72.24053192138672 
v 7.307914733886719 36.60284423828125 -72.29727172851562 
v 7.307914733886719 36.56990051269531 -72.29727172851562 
v 7.084638595581055 36.60284423828125 -72.44265747070312 
v 7.084638595581055 36.56990051269531 -72.44265747070312 
v 6.9363555908203125 36.56990051269531 -72.66605377197266 
v 7.084638595581055 36.55743408203125 -72.44265747070312 
v 6.9363555908203125 36.55743408203125 -72.66605377197266 
v 7.079524993896484 36.545860290527344 -72.4391098022461 
v 6.9312424659729 36.545860290527344 -72.66605377197266 
v 8.260674476623535 36.55743408203125 -72.93199920654297 
v 8.206133842468262 36.55743408203125 -72.66605377197266 
v 8.05785083770752 36.55743408203125 -72.44265747070312 
v 7.834574222564697 36.55743408203125 -72.29727172851562 
v 7.572096824645996 36.55743408203125 -72.24053192138672 
v 7.307914733886719 36.55743408203125 -72.29727172851562 
v 8.265787124633789 36.545860290527344 -72.93199920654297 
v 8.211246490478516 36.545860290527344 -72.66605377197266 
v 8.06296443939209 36.545860290527344 -72.4391098022461 
v 7.836278915405273 36.545860290527344 -72.29017639160156 
v 7.572096824645996 36.545860290527344 -72.23698425292969 
v 7.306210517883301 36.545860290527344 -72.29017639160156 
v 10.997941017150879 37.55300521850586 -41.13874435424805 
v 10.99112319946289 37.564579010009766 -41.13874435424805 
v 10.941695213317871 37.55300521850586 -41.401145935058594 
v 10.936582565307617 37.564579010009766 -41.401145935058594 
v 10.793413162231445 37.55300521850586 -41.62808609008789 
v 10.790003776550293 37.564579010009766 -41.624542236328125 
v 10.566727638244629 37.55300521850586 -41.77701950073242 
v 10.565023422241211 37.564579010009766 -41.77347183227539 
v 10.302545547485352 37.55300521850586 -41.83020782470703 
v 10.302545547485352 37.564579010009766 -41.826663970947266 
v 10.036659240722656 37.55300521850586 -41.77701950073242 
v 10.040067672729492 37.564579010009766 -41.77347183227539 
v 9.811677932739258 37.55300521850586 -41.62808609008789 
v 9.81508731842041 37.564579010009766 -41.624542236328125 
v 9.663395881652832 37.55300521850586 -41.401145935058594 
v 9.668508529663086 37.564579010009766 -41.401145935058594 
v 9.607150077819824 37.55300521850586 -41.13874435424805 
v 9.613967895507812 37.564579010009766 -41.13874435424805 
v 9.663395881652832 37.55300521850586 -40.87279510498047 
v 9.668508529663086 37.564579010009766 -40.87279510498047 
v 9.811677932739258 37.55300521850586 -40.645851135253906 
v 9.81508731842041 37.564579010009766 -40.64939880371094 
v 10.036659240722656 37.55300521850586 -40.49692153930664 
v 10.040067672729492 37.564579010009766 -40.500465393066406 
v 10.302545547485352 37.55300521850586 -40.443729400634766 
v 10.302545547485352 37.564579010009766 -40.4472770690918 
v 10.566727638244629 37.55300521850586 -40.49692153930664 
v 10.565023422241211 37.564579010009766 -40.500465393066406 
v 10.793413162231445 37.55300521850586 -40.645851135253906 
v 10.790003776550293 37.564579010009766 -40.64939880371094 
v 10.941695213317871 37.55300521850586 -40.87279510498047 
v 10.936582565307617 37.564579010009766 -40.87279510498047 
v 10.997941017150879 37.55300521850586 -41.13874435424805 
v 10.99112319946289 37.564579010009766 -41.13874435424805 
v 10.99112319946289 37.57704544067383 -41.13874435424805 
v 10.936582565307617 37.57701110839844 -41.401145935058594 
v 10.790003776550293 37.57704544067383 -41.624542236328125 
v 10.565023422241211 37.57701110839844 -41.77347183227539 
v 10.302545547485352 37.57704544067383 -41.826663970947266 
v 10.040067672729492 37.57701110839844 -41.77347183227539 
v 9.81508731842041 37.57701110839844 -41.624542236328125 
v 9.668508529663086 37.57701110839844 -41.401145935058594 
v 9.613967895507812 37.57704544067383 -41.13874435424805 
v 9.668508529663086 37.57701110839844 -40.87279510498047 
v 9.81508731842041 37.57704544067383 -40.64939880371094 
v 10.040067672729492 37.57701110839844 -40.500465393066406 
v 10.302545547485352 37.57704544067383 -40.4472770690918 
v 10.565023422241211 37.57701110839844 -40.500465393066406 
v 10.790003776550293 37.57704544067383 -40.64939880371094 
v 10.936582565307617 37.57701110839844 -40.87279510498047 
v 10.99112319946289 37.57704544067383 -41.13874435424805 
v 10.99112319946289 37.60999298095703 -41.13874435424805 
v 10.936582565307617 37.60999298095703 -41.401145935058594 
v 10.790003776550293 37.60999298095703 -41.624542236328125 
v 10.565023422241211 37.60999298095703 -41.77347183227539 
v 10.302545547485352 37.60999298095703 -41.826663970947266 
v 10.040067672729492 37.60999298095703 -41.77347183227539 
v 9.81508731842041 37.60999298095703 -41.624542236328125 
v 9.668508529663086 37.60999298095703 -41.401145935058594 
v 9.613967895507812 37.60999298095703 -41.13874435424805 
v 9.668508529663086 37.60999298095703 -40.87279510498047 
v 9.81508731842041 37.60999298095703 -40.64939880371094 
v 10.040067672729492 37.60999298095703 -40.500465393066406 
v 10.302545547485352 37.60999298095703 -40.4472770690918 
v 10.565023422241211 37.60999298095703 -40.500465393066406 
v 10.790003776550293 37.60999298095703 -40.64939880371094 
v 10.936582565307617 37.60999298095703 -40.87279510498047 
v -26.2108154296875 37.55300521850586 -27.36260986328125 
v -26.21592903137207 37.564579010009766 -27.36260986328125 
v -26.265356063842773 37.55300521850586 -27.628559112548828 
v -26.270469665527344 37.564579010009766 -27.62501335144043 
v -26.413639068603516 37.55300521850586 -27.855501174926758 
v -26.41704750061035 37.564579010009766 -27.84840965270996 
v -26.640323638916016 37.55300521850586 -28.000886917114258 
v -26.64202880859375 37.564579010009766 -27.99734115600586 
v -26.90450668334961 37.55300521850586 -28.0576229095459 
v -26.90450668334961 37.564579010009766 -28.05052947998047 
v -27.170392990112305 37.55300521850586 -28.000886917114258 
v -27.16868782043457 37.564579010009766 -27.99734115600586 
v -27.395374298095703 37.55300521850586 -27.855501174926758 
v -27.391963958740234 37.564579010009766 -27.84840965270996 
v -27.545360565185547 37.55300521850586 -27.628559112548828 
v -27.540246963500977 37.564579010009766 -27.62501335144043 
v -27.59990119934082 37.55300521850586 -27.36260986328125 
v -27.59478759765625 37.564579010009766 -27.36260986328125 
v -27.545360565185547 37.55300521850586 -27.096662521362305 
v -27.540246963500977 37.564579010009766 -27.100208282470703 
v -27.395374298095703 37.55300521850586 -26.869718551635742 
v -27.391963958740234 37.564579010009766 -26.87681007385254 
v -27.170392990112305 37.55300521850586 -26.724334716796875 
v -27.16868782043457 37.564579010009766 -26.727880477905273 
v -26.90450668334961 37.55300521850586 -26.667598724365234 
v -26.90450668334961 37.564579010009766 -26.67469024658203 
v -26.640323638916016 37.55300521850586 -26.724334716796875 
v -26.64202880859375 37.564579010009766 -26.727880477905273 
v -26.413639068603516 37.55300521850586 -26.869718551635742 
v -26.41704750061035 37.564579010009766 -26.87681007385254 
v -26.265356063842773 37.55300521850586 -27.096662521362305 
v -26.270469665527344 37.564579010009766 -27.100208282470703 
v -26.2108154296875 37.55300521850586 -27.36260986328125 
v -26.21592903137207 37.564579010009766 -27.36260986328125 
v -26.21592903137207 37.57704544067383 -27.36260986328125 
v -26.270469665527344 37.57701110839844 -27.62501335144043 
v -26.41704750061035 37.57704544067383 -27.84840965270996 
v -26.64202880859375 37.57701110839844 -27.99734115600586 
v -26.90450668334961 37.57704544067383 -28.05052947998047 
v -27.16868782043457 37.57701110839844 -27.99734115600586 
v -27.391963958740234 37.57701110839844 -27.84840965270996 
v -27.540246963500977 37.57701110839844 -27.62501335144043 
v -27.59478759765625 37.57704544067383 -27.36260986328125 
v -27.540246963500977 37.57701110839844 -27.100208282470703 
v -27.391963958740234 37.57704544067383 -26.87681007385254 
v -27.16868782043457 37.57701110839844 -26.727880477905273 
v -26.90450668334961 37.57704544067383 -26.67469024658203 
v -26.64202880859375 37.57701110839844 -26.727880477905273 
v -26.41704750061035 37.57704544067383 -26.87681007385254 
v -26.270469665527344 37.57701110839844 -27.100208282470703 
v -26.21592903137207 37.57704544067383 -27.36260986328125 
v -26.21592903137207 37.60999298095703 -27.36260986328125 
v -26.270469665527344 37.60999298095703 -27.62501335144043 
v -26.41704750061035 37.60999298095703 -27.84840965270996 
v -26.64202880859375 37.60999298095703 -27.99734115600586 
v -26.90450668334961 37.60999298095703 -28.05052947998047 
v -27.16868782043457 37.60999298095703 -27.99734115600586 
v -27.391963958740234 37.60999298095703 -27.84840965270996 
v -27.540246963500977 37.60999298095703 -27.62501335144043 
v -27.59478759765625 37.60999298095703 -27.36260986328125 
v -27.540246963500977 37.60999298095703 -27.100208282470703 
v -27.391963958740234 37.60999298095703 -26.87681007385254 
v -27.16868782043457 37.60999298095703 -26.727880477905273 
v -26.90450668334961 37.60999298095703 -26.67469024658203 
v -26.64202880859375 37.60999298095703 -26.727880477905273 
v -26.41704750061035 37.60999298095703 -26.87681007385254 
v -26.270469665527344 37.60999298095703 -27.100208282470703 
v 6.9363555908203125 36.60284423828125 -72.66605377197266 
v 6.881814956665039 36.60284423828125 -72.93199920654297 
v 6.881814956665039 36.56990051269531 -72.93199920654297 
v 6.881814956665039 36.55743408203125 -72.93199920654297 
v 6.876701831817627 36.545860290527344 -72.93199920654297 
v 6.9363555908203125 36.55743408203125 -73.19440460205078 
v 6.9363555908203125 36.56990051269531 -73.19440460205078 
v 6.9363555908203125 36.60284423828125 -73.19440460205078 
v 7.084638595581055 36.56990051269531 -73.41780090332031 
v 7.084638595581055 36.60284423828125 -73.41780090332031 
v 7.307914733886719 36.60284423828125 -73.56672668457031 
v 7.307914733886719 36.56990051269531 -73.56672668457031 
v 7.572096824645996 36.60284423828125 -73.61991882324219 
v 7.572096824645996 36.56990051269531 -73.61991882324219 
v 7.834574222564697 36.60284423828125 -73.56672668457031 
v 7.834574222564697 36.56990051269531 -73.56672668457031 
v 8.05785083770752 36.60284423828125 -73.41780090332031 
v 8.05785083770752 36.56990051269531 -73.41780090332031 
v 8.206133842468262 36.60284423828125 -73.19440460205078 
v 8.206133842468262 36.56990051269531 -73.19440460205078 
v 8.260674476623535 36.60284423828125 -72.93199920654297 
v 8.260674476623535 36.56990051269531 -72.93199920654297 
v 7.084638595581055 36.55743408203125 -73.41780090332031 
v 7.307914733886719 36.55743408203125 -73.56672668457031 
v 7.572096824645996 36.55743408203125 -73.61991882324219 
v 7.834574222564697 36.55743408203125 -73.56672668457031 
v 8.05785083770752 36.55743408203125 -73.41780090332031 
v 8.206133842468262 36.55743408203125 -73.19440460205078 
v 8.260674476623535 36.55743408203125 -72.93199920654297 
v 7.079524993896484 36.545860290527344 -73.42134094238281 
v 7.306210517883301 36.545860290527344 -73.57027435302734 
v 7.572096824645996 36.545860290527344 -73.62701416015625 
v 7.836278915405273 36.545860290527344 -73.57027435302734 
v 8.06296443939209 36.545860290527344 -73.42134094238281 
v 8.211246490478516 36.545860290527344 -73.19440460205078 
v 8.265787124633789 36.545860290527344 -72.93199920654297 
v 6.9312424659729 36.545860290527344 -73.19440460205078 
v -26.21592903137207 37.60999298095703 3.717904567718506 
v -26.21592903137207 37.57704544067383 3.717904567718506 
v -26.270469665527344 37.60999298095703 3.98030686378479 
v -26.270469665527344 37.57701110839844 3.98030686378479 
v -26.41704750061035 37.60999298095703 4.203703880310059 
v -26.41704750061035 37.57704544067383 4.203703880310059 
v -26.64202880859375 37.60999298095703 4.352634906768799 
v -26.64202880859375 37.57701110839844 4.352634906768799 
v -26.90450668334961 37.60999298095703 4.405824661254883 
v -26.90450668334961 37.57704544067383 4.405824661254883 
v -27.16868782043457 37.60999298095703 4.352634906768799 
v -27.16868782043457 37.57701110839844 4.352634906768799 
v -27.391963958740234 37.60999298095703 4.203703880310059 
v -27.391963958740234 37.57704544067383 4.203703880310059 
v -27.540246963500977 37.57701110839844 3.98030686378479 
v -27.391963958740234 37.564579010009766 4.203703880310059 
v -27.540246963500977 37.564579010009766 3.98030686378479 
v -27.395374298095703 37.55300521850586 4.207249641418457 
v -27.545360565185547 37.55300521850586 3.9838528633117676 
v -26.21592903137207 37.564579010009766 3.717904567718506 
v -26.270469665527344 37.564579010009766 3.98030686378479 
v -26.41704750061035 37.564579010009766 4.203703880310059 
v -26.64202880859375 37.564579010009766 4.352634906768799 
v -26.90450668334961 37.564579010009766 4.405824661254883 
v -27.16868782043457 37.564579010009766 4.352634906768799 
v -26.2108154296875 37.55300521850586 3.717904567718506 
v -26.265356063842773 37.55300521850586 3.9838528633117676 
v -26.413639068603516 37.55300521850586 4.207249641418457 
v -26.640323638916016 37.55300521850586 4.356180667877197 
v -26.90450668334961 37.55300521850586 4.412916660308838 
v -27.170392990112305 37.55300521850586 4.356180667877197 
v -13.823236465454102 37.55300521850586 19.696090698242188 
v -13.828350067138672 37.564579010009766 19.696090698242188 
v -13.877777099609375 37.55300521850586 19.433687210083008 
v -13.882890701293945 37.564579010009766 19.433687210083008 
v -14.026060104370117 37.55300521850586 19.206745147705078 
v -14.029468536376953 37.564579010009766 19.210290908813477 
v -14.252745628356934 37.55300521850586 19.05781364440918 
v -14.254449844360352 37.564579010009766 19.061359405517578 
v -14.516926765441895 37.55300521850586 19.00107765197754 
v -14.516926765441895 37.564579010009766 19.00817108154297 
v -14.782814025878906 37.55300521850586 19.05781364440918 
v -14.781108856201172 37.564579010009766 19.061359405517578 
v -15.007794380187988 37.55300521850586 19.206745147705078 
v -15.004385948181152 37.564579010009766 19.210290908813477 
v -15.157781600952148 37.55300521850586 19.433687210083008 
v -15.152667999267578 37.564579010009766 19.433687210083008 
v -15.212322235107422 37.55300521850586 19.696090698242188 
v -15.207209587097168 37.564579010009766 19.696090698242188 
v -15.157781600952148 37.55300521850586 19.962038040161133 
v -15.152667999267578 37.564579010009766 19.962038040161133 
v -15.007794380187988 37.55300521850586 20.188982009887695 
v -15.004385948181152 37.564579010009766 20.185436248779297 
v -14.782814025878906 37.55300521850586 20.337913513183594 
v -14.781108856201172 37.564579010009766 20.330820083618164 
v -14.516926765441895 37.55300521850586 20.391101837158203 
v -14.516926765441895 37.564579010009766 20.387556076049805 
v -14.252745628356934 37.55300521850586 20.337913513183594 
v -14.254449844360352 37.564579010009766 20.330820083618164 
v -14.026060104370117 37.55300521850586 20.188982009887695 
v -14.029468536376953 37.564579010009766 20.185436248779297 
v -13.877777099609375 37.55300521850586 19.962038040161133 
v -13.882890701293945 37.564579010009766 19.962038040161133 
v -13.823236465454102 37.55300521850586 19.696090698242188 
v -13.828350067138672 37.564579010009766 19.696090698242188 
v -13.828350067138672 37.57704544067383 19.696090698242188 
v -13.882890701293945 37.57701110839844 19.433687210083008 
v -14.029468536376953 37.57704544067383 19.210290908813477 
v -14.254449844360352 37.57701110839844 19.061359405517578 
v -14.516926765441895 37.57704544067383 19.00817108154297 
v -14.781108856201172 37.57701110839844 19.061359405517578 
v -15.004385948181152 37.57701110839844 19.210290908813477 
v -15.152667999267578 37.57701110839844 19.433687210083008 
v -15.207209587097168 37.57704544067383 19.696090698242188 
v -15.152667999267578 37.57701110839844 19.962038040161133 
v -15.004385948181152 37.57704544067383 20.185436248779297 
v -14.781108856201172 37.57701110839844 20.330820083618164 
v -14.516926765441895 37.57704544067383 20.387556076049805 
v -14.254449844360352 37.57701110839844 20.330820083618164 
v -14.029468536376953 37.57704544067383 20.185436248779297 
v -13.882890701293945 37.57701110839844 19.962038040161133 
v -13.828350067138672 37.57704544067383 19.696090698242188 
v -13.828350067138672 37.60999298095703 19.696090698242188 
v -13.882890701293945 37.60999298095703 19.433687210083008 
v -14.029468536376953 37.60999298095703 19.210290908813477 
v -14.254449844360352 37.60999298095703 19.061359405517578 
v -14.516926765441895 37.60999298095703 19.00817108154297 
v -14.781108856201172 37.60999298095703 19.061359405517578 
v -15.004385948181152 37.60999298095703 19.210290908813477 
v -15.152667999267578 37.60999298095703 19.433687210083008 
v -15.207209587097168 37.60999298095703 19.696090698242188 
v -15.152667999267578 37.60999298095703 19.962038040161133 
v -15.004385948181152 37.60999298095703 20.185436248779297 
v -14.781108856201172 37.60999298095703 20.330820083618164 
v -14.516926765441895 37.60999298095703 20.387556076049805 
v -14.254449844360352 37.60999298095703 20.330820083618164 
v -14.029468536376953 37.60999298095703 20.185436248779297 
v -13.882890701293945 37.60999298095703 19.962038040161133 
v 27.779462814331055 37.60999298095703 19.7421875 
v 27.779462814331055 37.57704544067383 19.7421875 
v 27.72492218017578 37.60999298095703 20.00459098815918 
v 27.72492218017578 37.57701110839844 20.00459098815918 
v 27.57663917541504 37.60999298095703 20.22798728942871 
v 27.57663917541504 37.57704544067383 20.22798728942871 
v 27.353363037109375 37.60999298095703 20.37691879272461 
v 27.353363037109375 37.57701110839844 20.37691879272461 
v 27.089181900024414 37.60999298095703 20.43010902404785 
v 27.089181900024414 37.57704544067383 20.43010902404785 
v 26.826704025268555 37.60999298095703 20.37691879272461 
v 26.826704025268555 37.57701110839844 20.37691879272461 
v 26.601722717285156 37.60999298095703 20.22798728942871 
v 26.601722717285156 37.57704544067383 20.22798728942871 
v 26.45514488220215 37.57701110839844 20.00459098815918 
v 26.601722717285156 37.564579010009766 20.22798728942871 
v 26.45514488220215 37.564579010009766 20.00459098815918 
v 26.59831428527832 37.55300521850586 20.23153305053711 
v 26.450031280517578 37.55300521850586 20.00459098815918 
v 27.779462814331055 37.564579010009766 19.7421875 
v 27.72492218017578 37.564579010009766 20.00459098815918 
v 27.57663917541504 37.564579010009766 20.22798728942871 
v 27.353363037109375 37.564579010009766 20.37691879272461 
v 27.089181900024414 37.564579010009766 20.43010902404785 
v 26.826704025268555 37.564579010009766 20.37691879272461 
v 27.784576416015625 37.55300521850586 19.7421875 
v 27.73003578186035 37.55300521850586 20.00459098815918 
v 27.58175277709961 37.55300521850586 20.23153305053711 
v 27.35506820678711 37.55300521850586 20.380464553833008 
v 27.089181900024414 37.55300521850586 20.43720054626465 
v 26.82499885559082 37.55300521850586 20.380464553833008 
v 8.260674476623535 36.60284423828125 -52.22347640991211 
v 8.260674476623535 36.56990051269531 -52.22347640991211 
v 8.206133842468262 36.60284423828125 -51.96107482910156 
v 8.206133842468262 36.56990051269531 -51.96107482910156 
v 8.05785083770752 36.60284423828125 -51.73767852783203 
v 8.05785083770752 36.56990051269531 -51.73767852783203 
v 7.834574222564697 36.60284423828125 -51.5887451171875 
v 7.834574222564697 36.56990051269531 -51.5887451171875 
v 7.572096824645996 36.60284423828125 -51.53555679321289 
v 7.572096824645996 36.56990051269531 -51.53555679321289 
v 7.307914733886719 36.60284423828125 -51.5887451171875 
v 7.307914733886719 36.56990051269531 -51.5887451171875 
v 7.084638595581055 36.60284423828125 -51.73767852783203 
v 7.084638595581055 36.56990051269531 -51.73767852783203 
v 6.9363555908203125 36.56990051269531 -51.96107482910156 
v 7.084638595581055 36.55743408203125 -51.73767852783203 
v 6.9363555908203125 36.55743408203125 -51.96107482910156 
v 7.079524993896484 36.545860290527344 -51.734130859375 
v 6.9312424659729 36.545860290527344 -51.96107482910156 
v 8.260674476623535 36.55743408203125 -52.22347640991211 
v 8.206133842468262 36.55743408203125 -51.96107482910156 
v 8.05785083770752 36.55743408203125 -51.73767852783203 
v 7.834574222564697 36.55743408203125 -51.5887451171875 
v 7.572096824645996 36.55743408203125 -51.53555679321289 
v 7.307914733886719 36.55743408203125 -51.5887451171875 
v 8.265787124633789 36.545860290527344 -52.22347640991211 
v 8.211246490478516 36.545860290527344 -51.96107482910156 
v 8.06296443939209 36.545860290527344 -51.734130859375 
v 7.836278915405273 36.545860290527344 -51.585201263427734 
v 7.572096824645996 36.545860290527344 -51.528465270996094 
v 7.306210517883301 36.545860290527344 -51.585201263427734 
v 26.45514488220215 37.60999298095703 20.00459098815918 
v 26.400604248046875 37.60999298095703 19.7421875 
v 26.400604248046875 37.57704544067383 19.7421875 
v 26.400604248046875 37.564579010009766 19.7421875 
v 26.395490646362305 37.55300521850586 19.7421875 
v 26.45514488220215 37.564579010009766 19.479785919189453 
v 26.45514488220215 37.57701110839844 19.479785919189453 
v 26.45514488220215 37.60999298095703 19.479785919189453 
v 26.601722717285156 37.57701110839844 19.25284194946289 
v 26.601722717285156 37.60999298095703 19.25284194946289 
v 26.826704025268555 37.60999298095703 19.107458114624023 
v 26.826704025268555 37.57701110839844 19.107458114624023 
v 27.089181900024414 37.60999298095703 19.050722122192383 
v 27.089181900024414 37.57704544067383 19.050722122192383 
v 27.353363037109375 37.60999298095703 19.107458114624023 
v 27.353363037109375 37.57701110839844 19.107458114624023 
v 27.57663917541504 37.60999298095703 19.25284194946289 
v 27.57663917541504 37.57704544067383 19.25284194946289 
v 27.72492218017578 37.60999298095703 19.479785919189453 
v 27.72492218017578 37.57701110839844 19.479785919189453 
v 27.779462814331055 37.60999298095703 19.7421875 
v 27.779462814331055 37.57704544067383 19.7421875 
v 26.601722717285156 37.564579010009766 19.25284194946289 
v 26.826704025268555 37.564579010009766 19.107458114624023 
v 27.089181900024414 37.564579010009766 19.050722122192383 
v 27.353363037109375 37.564579010009766 19.107458114624023 
v 27.57663917541504 37.564579010009766 19.25284194946289 
v 27.72492218017578 37.564579010009766 19.479785919189453 
v 27.779462814331055 37.564579010009766 19.7421875 
v 26.59831428527832 37.55300521850586 19.249296188354492 
v 26.82499885559082 37.55300521850586 19.100366592407227 
v 27.089181900024414 37.55300521850586 19.047176361083984 
v 27.35506820678711 37.55300521850586 19.100366592407227 
v 27.58175277709961 37.55300521850586 19.249296188354492 
v 27.73003578186035 37.55300521850586 19.476240158081055 
v 27.784576416015625 37.55300521850586 19.7421875 
v 26.450031280517578 37.55300521850586 19.476240158081055 
v 10.997941017150879 37.55300521850586 19.696090698242188 
v 10.99112319946289 37.564579010009766 19.696090698242188 
v 10.941695213317871 37.55300521850586 19.433687210083008 
v 10.936582565307617 37.564579010009766 19.433687210083008 
v 10.793413162231445 37.55300521850586 19.206745147705078 
v 10.790003776550293 37.564579010009766 19.210290908813477 
v 10.566727638244629 37.55300521850586 19.05781364440918 
v 10.565023422241211 37.564579010009766 19.061359405517578 
v 10.302545547485352 37.55300521850586 19.00107765197754 
v 10.302545547485352 37.564579010009766 19.00817108154297 
v 10.036659240722656 37.55300521850586 19.05781364440918 
v 10.040067672729492 37.564579010009766 19.061359405517578 
v 9.811677932739258 37.55300521850586 19.206745147705078 
v 9.81508731842041 37.564579010009766 19.210290908813477 
v 9.663395881652832 37.55300521850586 19.433687210083008 
v 9.668508529663086 37.564579010009766 19.433687210083008 
v 9.607150077819824 37.55300521850586 19.696090698242188 
v 9.613967895507812 37.564579010009766 19.696090698242188 
v 9.663395881652832 37.55300521850586 19.962038040161133 
v 9.668508529663086 37.564579010009766 19.962038040161133 
v 9.811677932739258 37.55300521850586 20.188982009887695 
v 9.81508731842041 37.564579010009766 20.185436248779297 
v 10.036659240722656 37.55300521850586 20.337913513183594 
v 10.040067672729492 37.564579010009766 20.330820083618164 
v 10.302545547485352 37.55300521850586 20.391101837158203 
v 10.302545547485352 37.564579010009766 20.387556076049805 
v 10.566727638244629 37.55300521850586 20.337913513183594 
v 10.565023422241211 37.564579010009766 20.330820083618164 
v 10.793413162231445 37.55300521850586 20.188982009887695 
v 10.790003776550293 37.564579010009766 20.185436248779297 
v 10.941695213317871 37.55300521850586 19.962038040161133 
v 10.936582565307617 37.564579010009766 19.962038040161133 
v 10.997941017150879 37.55300521850586 19.696090698242188 
v 10.99112319946289 37.564579010009766 19.696090698242188 
v 10.99112319946289 37.57704544067383 19.696090698242188 
v 10.936582565307617 37.57701110839844 19.433687210083008 
v 10.790003776550293 37.57704544067383 19.210290908813477 
v 10.565023422241211 37.57701110839844 19.061359405517578 
v 10.302545547485352 37.57704544067383 19.00817108154297 
v 10.040067672729492 37.57701110839844 19.061359405517578 
v 9.81508731842041 37.57701110839844 19.210290908813477 
v 9.668508529663086 37.57701110839844 19.433687210083008 
v 9.613967895507812 37.57704544067383 19.696090698242188 
v 9.668508529663086 37.57701110839844 19.962038040161133 
v 9.81508731842041 37.57704544067383 20.185436248779297 
v 10.040067672729492 37.57701110839844 20.330820083618164 
v 10.302545547485352 37.57704544067383 20.387556076049805 
v 10.565023422241211 37.57701110839844 20.330820083618164 
v 10.790003776550293 37.57704544067383 20.185436248779297 
v 10.936582565307617 37.57701110839844 19.962038040161133 
v 10.99112319946289 37.57704544067383 19.696090698242188 
v 10.99112319946289 37.60999298095703 19.696090698242188 
v 10.936582565307617 37.60999298095703 19.433687210083008 
v 10.790003776550293 37.60999298095703 19.210290908813477 
v 10.565023422241211 37.60999298095703 19.061359405517578 
v 10.302545547485352 37.60999298095703 19.00817108154297 
v 10.040067672729492 37.60999298095703 19.061359405517578 
v 9.81508731842041 37.60999298095703 19.210290908813477 
v 9.668508529663086 37.60999298095703 19.433687210083008 
v 9.613967895507812 37.60999298095703 19.696090698242188 
v 9.668508529663086 37.60999298095703 19.962038040161133 
v 9.81508731842041 37.60999298095703 20.185436248779297 
v 10.040067672729492 37.60999298095703 20.330820083618164 
v 10.302545547485352 37.60999298095703 20.387556076049805 
v 10.565023422241211 37.60999298095703 20.330820083618164 
v 10.790003776550293 37.60999298095703 20.185436248779297 
v 10.936582565307617 37.60999298095703 19.962038040161133 
v 6.9363555908203125 36.60284423828125 -51.96107482910156 
v 6.881814956665039 36.60284423828125 -52.22347640991211 
v 6.881814956665039 36.56990051269531 -52.22347640991211 
v 6.881814956665039 36.55743408203125 -52.22347640991211 
v 6.876701831817627 36.545860290527344 -52.22347640991211 
v 6.9363555908203125 36.55743408203125 -52.485877990722656 
v 6.9363555908203125 36.56990051269531 -52.485877990722656 
v 6.9363555908203125 36.60284423828125 -52.485877990722656 
v 7.084638595581055 36.56990051269531 -52.71282196044922 
v 7.084638595581055 36.60284423828125 -52.71282196044922 
v 7.307914733886719 36.60284423828125 -52.85820770263672 
v 7.307914733886719 36.56990051269531 -52.85820770263672 
v 7.572096824645996 36.60284423828125 -52.91494369506836 
v 7.572096824645996 36.56990051269531 -52.91494369506836 
v 7.834574222564697 36.60284423828125 -52.85820770263672 
v 7.834574222564697 36.56990051269531 -52.85820770263672 
v 8.05785083770752 36.60284423828125 -52.71282196044922 
v 8.05785083770752 36.56990051269531 -52.71282196044922 
v 8.206133842468262 36.60284423828125 -52.485877990722656 
v 8.206133842468262 36.56990051269531 -52.485877990722656 
v 8.260674476623535 36.60284423828125 -52.22347640991211 
v 8.260674476623535 36.56990051269531 -52.22347640991211 
v 7.084638595581055 36.55743408203125 -52.71282196044922 
v 7.307914733886719 36.55743408203125 -52.85820770263672 
v 7.572096824645996 36.55743408203125 -52.91494369506836 
v 7.834574222564697 36.55743408203125 -52.85820770263672 
v 8.05785083770752 36.55743408203125 -52.71282196044922 
v 8.206133842468262 36.55743408203125 -52.485877990722656 
v 8.260674476623535 36.55743408203125 -52.22347640991211 
v 7.079524993896484 36.545860290527344 -52.716365814208984 
v 7.306210517883301 36.545860290527344 -52.865299224853516 
v 7.572096824645996 36.545860290527344 -52.918487548828125 
v 7.836278915405273 36.545860290527344 -52.865299224853516 
v 8.06296443939209 36.545860290527344 -52.716365814208984 
v 8.211246490478516 36.545860290527344 -52.48942565917969 
v 8.265787124633789 36.545860290527344 -52.22347640991211 
v 6.9312424659729 36.545860290527344 -52.48942565917969 
v 27.784576416015625 37.55300521850586 -11.824126243591309 
v 27.779462814331055 37.564579010009766 -11.824126243591309 
v 27.73003578186035 37.55300521850586 -12.086528778076172 
v 27.72492218017578 37.564579010009766 -12.086528778076172 
v 27.58175277709961 37.55300521850586 -12.313470840454102 
v 27.57663917541504 37.564579010009766 -12.309925079345703 
v 27.35506820678711 37.55300521850586 -12.46240234375 
v 27.353363037109375 37.564579010009766 -12.458856582641602 
v 27.089181900024414 37.55300521850586 -12.515591621398926 
v 27.089181900024414 37.564579010009766 -12.512045860290527 
v 26.82499885559082 37.55300521850586 -12.46240234375 
v 26.826704025268555 37.564579010009766 -12.458856582641602 
v 26.59831428527832 37.55300521850586 -12.313470840454102 
v 26.601722717285156 37.564579010009766 -12.309925079345703 
v 26.450031280517578 37.55300521850586 -12.086528778076172 
v 26.45514488220215 37.564579010009766 -12.086528778076172 
v 26.395490646362305 37.55300521850586 -11.824126243591309 
v 26.400604248046875 37.564579010009766 -11.824126243591309 
v 26.450031280517578 37.55300521850586 -11.55817699432373 
v 26.45514488220215 37.564579010009766 -11.55817699432373 
v 26.59831428527832 37.55300521850586 -11.3312349319458 
v 26.601722717285156 37.564579010009766 -11.3347806930542 
v 26.82499885559082 37.55300521850586 -11.182303428649902 
v 26.826704025268555 37.564579010009766 -11.189395904541016 
v 27.089181900024414 37.55300521850586 -11.129114151000977 
v 27.089181900024414 37.564579010009766 -11.132659912109375 
v 27.35506820678711 37.55300521850586 -11.182303428649902 
v 27.353363037109375 37.564579010009766 -11.189395904541016 
v 27.58175277709961 37.55300521850586 -11.3312349319458 
v 27.57663917541504 37.564579010009766 -11.3347806930542 
v 27.73003578186035 37.55300521850586 -11.55817699432373 
v 27.72492218017578 37.564579010009766 -11.55817699432373 
v 27.784576416015625 37.55300521850586 -11.824126243591309 
v 27.779462814331055 37.564579010009766 -11.824126243591309 
v 27.779462814331055 37.57704544067383 -11.824126243591309 
v 27.72492218017578 37.57701110839844 -12.086528778076172 
v 27.57663917541504 37.57704544067383 -12.309925079345703 
v 27.353363037109375 37.57701110839844 -12.458856582641602 
v 27.089181900024414 37.57704544067383 -12.512045860290527 
v 26.826704025268555 37.57701110839844 -12.458856582641602 
v 26.601722717285156 37.57701110839844 -12.309925079345703 
v 26.45514488220215 37.57701110839844 -12.086528778076172 
v 26.400604248046875 37.57704544067383 -11.824126243591309 
v 26.45514488220215 37.57701110839844 -11.55817699432373 
v 26.601722717285156 37.57704544067383 -11.3347806930542 
v 26.826704025268555 37.57701110839844 -11.189395904541016 
v 27.089181900024414 37.57704544067383 -11.132659912109375 
v 27.353363037109375 37.57701110839844 -11.189395904541016 
v 27.57663917541504 37.57704544067383 -11.3347806930542 
v 27.72492218017578 37.57701110839844 -11.55817699432373 
v 27.779462814331055 37.57704544067383 -11.824126243591309 
v 27.779462814331055 37.60999298095703 -11.824126243591309 
v 27.72492218017578 37.60999298095703 -12.086528778076172 
v 27.57663917541504 37.60999298095703 -12.309925079345703 
v 27.353363037109375 37.60999298095703 -12.458856582641602 
v 27.089181900024414 37.60999298095703 -12.512045860290527 
v 26.826704025268555 37.60999298095703 -12.458856582641602 
v 26.601722717285156 37.60999298095703 -12.309925079345703 
v 26.45514488220215 37.60999298095703 -12.086528778076172 
v 26.400604248046875 37.60999298095703 -11.824126243591309 
v 26.45514488220215 37.60999298095703 -11.55817699432373 
v 26.601722717285156 37.60999298095703 -11.3347806930542 
v 26.826704025268555 37.60999298095703 -11.189395904541016 
v 27.089181900024414 37.60999298095703 -11.132659912109375 
v 27.353363037109375 37.60999298095703 -11.189395904541016 
v 27.57663917541504 37.60999298095703 -11.3347806930542 
v 27.72492218017578 37.60999298095703 -11.55817699432373 
v -26.2108154296875 37.55300521850586 3.717904567718506 
v -26.21592903137207 37.564579010009766 3.717904567718506 
v -26.265356063842773 37.55300521850586 3.451956033706665 
v -26.270469665527344 37.564579010009766 3.4555020332336426 
v -26.413639068603516 37.55300521850586 3.225013256072998 
v -26.41704750061035 37.564579010009766 3.2285592555999756 
v -26.640323638916016 37.55300521850586 3.0760819911956787 
v -26.64202880859375 37.564579010009766 3.083173990249634 
v -26.90450668334961 37.55300521850586 3.022892475128174 
v -26.90450668334961 37.564579010009766 3.02998423576355 
v -27.170392990112305 37.55300521850586 3.0760819911956787 
v -27.16868782043457 37.564579010009766 3.083173990249634 
v -27.395374298095703 37.55300521850586 3.225013256072998 
v -27.391963958740234 37.564579010009766 3.2285592555999756 
v -27.545360565185547 37.55300521850586 3.451956033706665 
v -27.540246963500977 37.564579010009766 3.4555020332336426 
v -27.59990119934082 37.55300521850586 3.717904567718506 
v -27.59478759765625 37.564579010009766 3.717904567718506 
v -26.21592903137207 37.57704544067383 3.717904567718506 
v -26.270469665527344 37.57701110839844 3.4555020332336426 
v -26.41704750061035 37.57704544067383 3.2285592555999756 
v -26.64202880859375 37.57701110839844 3.083173990249634 
v -26.90450668334961 37.57704544067383 3.02998423576355 
v -27.16868782043457 37.57701110839844 3.083173990249634 
v -27.391963958740234 37.57701110839844 3.2285592555999756 
v -27.540246963500977 37.57701110839844 3.4555020332336426 
v -27.59478759765625 37.57704544067383 3.717904567718506 
v -26.21592903137207 37.60999298095703 3.717904567718506 
v -26.270469665527344 37.60999298095703 3.4555020332336426 
v -26.41704750061035 37.60999298095703 3.2285592555999756 
v -26.64202880859375 37.60999298095703 3.083173990249634 
v -26.90450668334961 37.60999298095703 3.02998423576355 
v -27.16868782043457 37.60999298095703 3.083173990249634 
v -27.391963958740234 37.60999298095703 3.2285592555999756 
v -27.540246963500977 37.60999298095703 3.4555020332336426 
v -27.59478759765625 37.60999298095703 3.717904567718506 
v -27.540246963500977 37.60999298095703 3.98030686378479 
v -13.823236465454102 37.55300521850586 -41.13874435424805 
v -13.828350067138672 37.564579010009766 -41.13874435424805 
v -13.877777099609375 37.55300521850586 -41.401145935058594 
v -13.882890701293945 37.564579010009766 -41.401145935058594 
v -14.026060104370117 37.55300521850586 -41.62808609008789 
v -14.029468536376953 37.564579010009766 -41.624542236328125 
v -14.252745628356934 37.55300521850586 -41.77701950073242 
v -14.254449844360352 37.564579010009766 -41.77347183227539 
v -14.516926765441895 37.55300521850586 -41.83020782470703 
v -14.516926765441895 37.564579010009766 -41.826663970947266 
v -14.782814025878906 37.55300521850586 -41.77701950073242 
v -14.781108856201172 37.564579010009766 -41.77347183227539 
v -15.007794380187988 37.55300521850586 -41.62808609008789 
v -15.004385948181152 37.564579010009766 -41.624542236328125 
v -15.157781600952148 37.55300521850586 -41.401145935058594 
v -15.152667999267578 37.564579010009766 -41.401145935058594 
v -15.212322235107422 37.55300521850586 -41.13874435424805 
v -15.207209587097168 37.564579010009766 -41.13874435424805 
v -15.157781600952148 37.55300521850586 -40.87279510498047 
v -15.152667999267578 37.564579010009766 -40.87279510498047 
v -15.007794380187988 37.55300521850586 -40.645851135253906 
v -15.004385948181152 37.564579010009766 -40.64939880371094 
v -14.782814025878906 37.55300521850586 -40.49692153930664 
v -14.781108856201172 37.564579010009766 -40.500465393066406 
v -14.516926765441895 37.55300521850586 -40.443729400634766 
v -14.516926765441895 37.564579010009766 -40.4472770690918 
v -14.252745628356934 37.55300521850586 -40.49692153930664 
v -14.254449844360352 37.564579010009766 -40.500465393066406 
v -14.026060104370117 37.55300521850586 -40.645851135253906 
v -14.029468536376953 37.564579010009766 -40.64939880371094 
v -13.877777099609375 37.55300521850586 -40.87279510498047 
v -13.882890701293945 37.564579010009766 -40.87279510498047 
v -13.823236465454102 37.55300521850586 -41.13874435424805 
v -13.828350067138672 37.564579010009766 -41.13874435424805 
v -13.828350067138672 37.57704544067383 -41.13874435424805 
v -13.882890701293945 37.57701110839844 -41.401145935058594 
v -14.029468536376953 37.57704544067383 -41.624542236328125 
v -14.254449844360352 37.57701110839844 -41.77347183227539 
v -14.516926765441895 37.57704544067383 -41.826663970947266 
v -14.781108856201172 37.57701110839844 -41.77347183227539 
v -15.004385948181152 37.57701110839844 -41.624542236328125 
v -15.152667999267578 37.57701110839844 -41.401145935058594 
v -15.207209587097168 37.57704544067383 -41.13874435424805 
v -15.152667999267578 37.57701110839844 -40.87279510498047 
v -15.004385948181152 37.57704544067383 -40.64939880371094 
v -14.781108856201172 37.57701110839844 -40.500465393066406 
v -14.516926765441895 37.57704544067383 -40.4472770690918 
v -14.254449844360352 37.57701110839844 -40.500465393066406 
v -14.029468536376953 37.57704544067383 -40.64939880371094 
v -13.882890701293945 37.57701110839844 -40.87279510498047 
v -13.828350067138672 37.57704544067383 -41.13874435424805 
v -13.828350067138672 37.60999298095703 -41.13874435424805 
v -13.882890701293945 37.60999298095703 -41.401145935058594 
v -14.029468536376953 37.60999298095703 -41.624542236328125 
v -14.254449844360352 37.60999298095703 -41.77347183227539 
v -14.516926765441895 37.60999298095703 -41.826663970947266 
v -14.781108856201172 37.60999298095703 -41.77347183227539 
v -15.004385948181152 37.60999298095703 -41.624542236328125 
v -15.152667999267578 37.60999298095703 -41.401145935058594 
v -15.207209587097168 37.60999298095703 -41.13874435424805 
v -15.152667999267578 37.60999298095703 -40.87279510498047 
v -15.004385948181152 37.60999298095703 -40.64939880371094 
v -14.781108856201172 37.60999298095703 -40.500465393066406 
v -14.516926765441895 37.60999298095703 -40.4472770690918 
v -14.254449844360352 37.60999298095703 -40.500465393066406 
v -14.029468536376953 37.60999298095703 -40.64939880371094 
v -13.882890701293945 37.60999298095703 -40.87279510498047 
v 27.784576416015625 37.55300521850586 -27.36260986328125 
v 27.779462814331055 37.564579010009766 -27.36260986328125 
v 27.73003578186035 37.55300521850586 -27.628559112548828 
v 27.72492218017578 37.564579010009766 -27.62501335144043 
v 27.58175277709961 37.55300521850586 -27.855501174926758 
v 27.57663917541504 37.564579010009766 -27.84840965270996 
v 27.35506820678711 37.55300521850586 -28.000886917114258 
v 27.353363037109375 37.564579010009766 -27.99734115600586 
v 27.089181900024414 37.55300521850586 -28.0576229095459 
v 27.089181900024414 37.564579010009766 -28.05052947998047 
v 26.82499885559082 37.55300521850586 -28.000886917114258 
v 26.826704025268555 37.564579010009766 -27.99734115600586 
v 26.59831428527832 37.55300521850586 -27.855501174926758 
v 26.601722717285156 37.564579010009766 -27.84840965270996 
v 26.450031280517578 37.55300521850586 -27.628559112548828 
v 26.45514488220215 37.564579010009766 -27.62501335144043 
v 26.395490646362305 37.55300521850586 -27.36260986328125 
v 26.400604248046875 37.564579010009766 -27.36260986328125 
v 26.450031280517578 37.55300521850586 -27.096662521362305 
v 26.45514488220215 37.564579010009766 -27.100208282470703 
v 26.59831428527832 37.55300521850586 -26.869718551635742 
v 26.601722717285156 37.564579010009766 -26.87681007385254 
v 26.82499885559082 37.55300521850586 -26.724334716796875 
v 26.826704025268555 37.564579010009766 -26.727880477905273 
v 27.089181900024414 37.55300521850586 -26.667598724365234 
v 27.089181900024414 37.564579010009766 -26.67469024658203 
v 27.35506820678711 37.55300521850586 -26.724334716796875 
v 27.353363037109375 37.564579010009766 -26.727880477905273 
v 27.58175277709961 37.55300521850586 -26.869718551635742 
v 27.57663917541504 37.564579010009766 -26.87681007385254 
v 27.73003578186035 37.55300521850586 -27.096662521362305 
v 27.72492218017578 37.564579010009766 -27.100208282470703 
v 27.784576416015625 37.55300521850586 -27.36260986328125 
v 27.779462814331055 37.564579010009766 -27.36260986328125 
v 27.779462814331055 37.57704544067383 -27.36260986328125 
v 27.72492218017578 37.57701110839844 -27.62501335144043 
v 27.57663917541504 37.57704544067383 -27.84840965270996 
v 27.353363037109375 37.57701110839844 -27.99734115600586 
v 27.089181900024414 37.57704544067383 -28.05052947998047 
v 26.826704025268555 37.57701110839844 -27.99734115600586 
v 26.601722717285156 37.57701110839844 -27.84840965270996 
v 26.45514488220215 37.57701110839844 -27.62501335144043 
v 26.400604248046875 37.57704544067383 -27.36260986328125 
v 26.45514488220215 37.57701110839844 -27.100208282470703 
v 26.601722717285156 37.57704544067383 -26.87681007385254 
v 26.826704025268555 37.57701110839844 -26.727880477905273 
v 27.089181900024414 37.57704544067383 -26.67469024658203 
v 27.353363037109375 37.57701110839844 -26.727880477905273 
v 27.57663917541504 37.57704544067383 -26.87681007385254 
v 27.72492218017578 37.57701110839844 -27.100208282470703 
v 27.779462814331055 37.57704544067383 -27.36260986328125 
v 27.779462814331055 37.60999298095703 -27.36260986328125 
v 27.72492218017578 37.60999298095703 -27.62501335144043 
v 27.57663917541504 37.60999298095703 -27.84840965270996 
v 27.353363037109375 37.60999298095703 -27.99734115600586 
v 27.089181900024414 37.60999298095703 -28.05052947998047 
v 26.826704025268555 37.60999298095703 -27.99734115600586 
v 26.601722717285156 37.60999298095703 -27.84840965270996 
v 26.45514488220215 37.60999298095703 -27.62501335144043 
v 26.400604248046875 37.60999298095703 -27.36260986328125 
v 26.45514488220215 37.60999298095703 -27.100208282470703 
v 26.601722717285156 37.60999298095703 -26.87681007385254 
v 26.826704025268555 37.60999298095703 -26.727880477905273 
v 27.089181900024414 37.60999298095703 -26.67469024658203 
v 27.353363037109375 37.60999298095703 -26.727880477905273 
v 27.57663917541504 37.60999298095703 -26.87681007385254 
v 27.72492218017578 37.60999298095703 -27.100208282470703 
v -26.21592903137207 37.60999298095703 -11.824126243591309 
v -26.21592903137207 37.57704544067383 -11.824126243591309 
v -26.270469665527344 37.60999298095703 -11.55817699432373 
v -26.270469665527344 37.57701110839844 -11.55817699432373 
v -26.41704750061035 37.60999298095703 -11.3347806930542 
v -26.41704750061035 37.57704544067383 -11.3347806930542 
v -26.64202880859375 37.60999298095703 -11.189395904541016 
v -26.64202880859375 37.57701110839844 -11.189395904541016 
v -26.90450668334961 37.60999298095703 -11.132659912109375 
v -26.90450668334961 37.57704544067383 -11.132659912109375 
v -27.16868782043457 37.60999298095703 -11.189395904541016 
v -27.16868782043457 37.57701110839844 -11.189395904541016 
v -27.391963958740234 37.60999298095703 -11.3347806930542 
v -27.391963958740234 37.57704544067383 -11.3347806930542 
v -27.540246963500977 37.57701110839844 -11.55817699432373 
v -27.391963958740234 37.564579010009766 -11.3347806930542 
v -27.540246963500977 37.564579010009766 -11.55817699432373 
v -27.395374298095703 37.55300521850586 -11.3312349319458 
v -27.545360565185547 37.55300521850586 -11.55817699432373 
v -26.21592903137207 37.564579010009766 -11.824126243591309 
v -26.270469665527344 37.564579010009766 -11.55817699432373 
v -26.41704750061035 37.564579010009766 -11.3347806930542 
v -26.64202880859375 37.564579010009766 -11.189395904541016 
v -26.90450668334961 37.564579010009766 -11.132659912109375 
v -27.16868782043457 37.564579010009766 -11.189395904541016 
v -26.2108154296875 37.55300521850586 -11.824126243591309 
v -26.265356063842773 37.55300521850586 -11.55817699432373 
v -26.413639068603516 37.55300521850586 -11.3312349319458 
v -26.640323638916016 37.55300521850586 -11.182303428649902 
v -26.90450668334961 37.55300521850586 -11.129114151000977 
v -27.170392990112305 37.55300521850586 -11.182303428649902 
v -27.540246963500977 37.60999298095703 -11.55817699432373 
v -27.59478759765625 37.60999298095703 -11.824126243591309 
v -27.59478759765625 37.57704544067383 -11.824126243591309 
v -27.59478759765625 37.564579010009766 -11.824126243591309 
v -27.59990119934082 37.55300521850586 -11.824126243591309 
v -27.540246963500977 37.564579010009766 -12.086528778076172 
v -27.540246963500977 37.57701110839844 -12.086528778076172 
v -27.540246963500977 37.60999298095703 -12.086528778076172 
v -27.391963958740234 37.57701110839844 -12.309925079345703 
v -27.391963958740234 37.60999298095703 -12.309925079345703 
v -27.16868782043457 37.60999298095703 -12.458856582641602 
v -27.16868782043457 37.57701110839844 -12.458856582641602 
v -26.90450668334961 37.60999298095703 -12.512045860290527 
v -26.90450668334961 37.57704544067383 -12.512045860290527 
v -26.64202880859375 37.60999298095703 -12.458856582641602 
v -26.64202880859375 37.57701110839844 -12.458856582641602 
v -26.41704750061035 37.60999298095703 -12.309925079345703 
v -26.41704750061035 37.57704544067383 -12.309925079345703 
v -26.270469665527344 37.60999298095703 -12.086528778076172 
v -26.270469665527344 37.57701110839844 -12.086528778076172 
v -26.21592903137207 37.60999298095703 -11.824126243591309 
v -26.21592903137207 37.57704544067383 -11.824126243591309 
v -27.391963958740234 37.564579010009766 -12.309925079345703 
v -27.16868782043457 37.564579010009766 -12.458856582641602 
v -26.90450668334961 37.564579010009766 -12.512045860290527 
v -26.64202880859375 37.564579010009766 -12.458856582641602 
v -26.41704750061035 37.564579010009766 -12.309925079345703 
v -26.270469665527344 37.564579010009766 -12.086528778076172 
v -26.21592903137207 37.564579010009766 -11.824126243591309 
v -27.395374298095703 37.55300521850586 -12.313470840454102 
v -27.170392990112305 37.55300521850586 -12.46240234375 
v -26.90450668334961 37.55300521850586 -12.515591621398926 
v -26.640323638916016 37.55300521850586 -12.46240234375 
v -26.413639068603516 37.55300521850586 -12.313470840454102 
v -26.265356063842773 37.55300521850586 -12.086528778076172 
v -26.2108154296875 37.55300521850586 -11.824126243591309 
v -27.545360565185547 37.55300521850586 -12.086528778076172 
v 27.779462814331055 37.60999298095703 3.717904567718506 
v 27.779462814331055 37.57704544067383 3.717904567718506 
v 27.72492218017578 37.60999298095703 3.98030686378479 
v 27.72492218017578 37.57701110839844 3.98030686378479 
v 27.57663917541504 37.60999298095703 4.203703880310059 
v 27.57663917541504 37.57704544067383 4.203703880310059 
v 27.353363037109375 37.60999298095703 4.352634906768799 
v 27.353363037109375 37.57701110839844 4.352634906768799 
v 27.089181900024414 37.60999298095703 4.405824661254883 
v 27.089181900024414 37.57704544067383 4.405824661254883 
v 26.826704025268555 37.60999298095703 4.352634906768799 
v 26.826704025268555 37.57701110839844 4.352634906768799 
v 26.601722717285156 37.60999298095703 4.203703880310059 
v 26.601722717285156 37.57704544067383 4.203703880310059 
v 26.45514488220215 37.57701110839844 3.98030686378479 
v 26.601722717285156 37.564579010009766 4.203703880310059 
v 26.45514488220215 37.564579010009766 3.98030686378479 
v 26.59831428527832 37.55300521850586 4.207249641418457 
v 26.450031280517578 37.55300521850586 3.9838528633117676 
v 27.779462814331055 37.564579010009766 3.717904567718506 
v 27.72492218017578 37.564579010009766 3.98030686378479 
v 27.57663917541504 37.564579010009766 4.203703880310059 
v 27.353363037109375 37.564579010009766 4.352634906768799 
v 27.089181900024414 37.564579010009766 4.405824661254883 
v 26.826704025268555 37.564579010009766 4.352634906768799 
v 27.784576416015625 37.55300521850586 3.717904567718506 
v 27.73003578186035 37.55300521850586 3.9838528633117676 
v 27.58175277709961 37.55300521850586 4.207249641418457 
v 27.35506820678711 37.55300521850586 4.356180667877197 
v 27.089181900024414 37.55300521850586 4.412916660308838 
v 26.82499885559082 37.55300521850586 4.356180667877197 
v 27.784576416015625 37.55300521850586 3.717904567718506 
v 27.779462814331055 37.564579010009766 3.717904567718506 
v 27.73003578186035 37.55300521850586 3.451956033706665 
v 27.72492218017578 37.564579010009766 3.4555020332336426 
v 27.58175277709961 37.55300521850586 3.225013256072998 
v 27.57663917541504 37.564579010009766 3.2285592555999756 
v 27.35506820678711 37.55300521850586 3.0760819911956787 
v 27.353363037109375 37.564579010009766 3.083173990249634 
v 27.089181900024414 37.55300521850586 3.022892475128174 
v 27.089181900024414 37.564579010009766 3.02998423576355 
v 26.82499885559082 37.55300521850586 3.0760819911956787 
v 26.826704025268555 37.564579010009766 3.083173990249634 
v 26.59831428527832 37.55300521850586 3.225013256072998 
v 26.601722717285156 37.564579010009766 3.2285592555999756 
v 26.450031280517578 37.55300521850586 3.451956033706665 
v 26.45514488220215 37.564579010009766 3.4555020332336426 
v 26.395490646362305 37.55300521850586 3.717904567718506 
v 26.400604248046875 37.564579010009766 3.717904567718506 
v 27.779462814331055 37.57704544067383 3.717904567718506 
v 27.72492218017578 37.57701110839844 3.4555020332336426 
v 27.57663917541504 37.57704544067383 3.2285592555999756 
v 27.353363037109375 37.57701110839844 3.083173990249634 
v 27.089181900024414 37.57704544067383 3.02998423576355 
v 26.826704025268555 37.57701110839844 3.083173990249634 
v 26.601722717285156 37.57701110839844 3.2285592555999756 
v 26.45514488220215 37.57701110839844 3.4555020332336426 
v 26.400604248046875 37.57704544067383 3.717904567718506 
v 27.779462814331055 37.60999298095703 3.717904567718506 
v 27.72492218017578 37.60999298095703 3.4555020332336426 
v 27.57663917541504 37.60999298095703 3.2285592555999756 
v 27.353363037109375 37.60999298095703 3.083173990249634 
v 27.089181900024414 37.60999298095703 3.02998423576355 
v 26.826704025268555 37.60999298095703 3.083173990249634 
v 26.601722717285156 37.60999298095703 3.2285592555999756 
v 26.45514488220215 37.60999298095703 3.4555020332336426 
v 26.400604248046875 37.60999298095703 3.717904567718506 
v 26.45514488220215 37.60999298095703 3.98030686378479 
v -13.823236465454102 37.55300521850586 41.40812683105469 
v -13.828350067138672 37.564579010009766 41.40812683105469 
v -13.877777099609375 37.55300521850586 41.14217758178711 
v -13.882890701293945 37.564579010009766 41.14217758178711 
v -14.026060104370117 37.55300521850586 40.91523361206055 
v -14.029468536376953 37.564579010009766 40.91878128051758 
v -14.252745628356934 37.55300521850586 40.76630401611328 
v -14.254449844360352 37.564579010009766 40.77339553833008 
v -14.516926765441895 37.55300521850586 40.71311569213867 
v -14.516926765441895 37.564579010009766 40.71665954589844 
v -14.782814025878906 37.55300521850586 40.76630401611328 
v -14.781108856201172 37.564579010009766 40.77339553833008 
v -15.007794380187988 37.55300521850586 40.91523361206055 
v -15.004385948181152 37.564579010009766 40.91878128051758 
v -15.157781600952148 37.55300521850586 41.14217758178711 
v -15.152667999267578 37.564579010009766 41.14217758178711 
v -15.212322235107422 37.55300521850586 41.40812683105469 
v -15.207209587097168 37.564579010009766 41.40812683105469 
v -15.157781600952148 37.55300521850586 41.670528411865234 
v -15.152667999267578 37.564579010009766 41.670528411865234 
v -15.007794380187988 37.55300521850586 41.8974723815918 
v -15.004385948181152 37.564579010009766 41.893924713134766 
v -14.782814025878906 37.55300521850586 42.04640197753906 
v -14.781108856201172 37.564579010009766 42.0428581237793 
v -14.516926765441895 37.55300521850586 42.1031379699707 
v -14.516926765441895 37.564579010009766 42.096046447753906 
v -14.252745628356934 37.55300521850586 42.04640197753906 
v -14.254449844360352 37.564579010009766 42.0428581237793 
v -14.026060104370117 37.55300521850586 41.8974723815918 
v -14.029468536376953 37.564579010009766 41.893924713134766 
v -13.877777099609375 37.55300521850586 41.670528411865234 
v -13.882890701293945 37.564579010009766 41.670528411865234 
v -13.823236465454102 37.55300521850586 41.40812683105469 
v -13.828350067138672 37.564579010009766 41.40812683105469 
v -13.828350067138672 37.57704544067383 41.40812683105469 
v -13.882890701293945 37.57701110839844 41.14217758178711 
v -14.029468536376953 37.57704544067383 40.91878128051758 
v -14.254449844360352 37.57701110839844 40.77339553833008 
v -14.516926765441895 37.57704544067383 40.71665954589844 
v -14.781108856201172 37.57701110839844 40.77339553833008 
v -15.004385948181152 37.57701110839844 40.91878128051758 
v -15.152667999267578 37.57701110839844 41.14217758178711 
v -15.207209587097168 37.57704544067383 41.40812683105469 
v -15.152667999267578 37.57701110839844 41.670528411865234 
v -15.004385948181152 37.57704544067383 41.893924713134766 
v -14.781108856201172 37.57701110839844 42.0428581237793 
v -14.516926765441895 37.57704544067383 42.096046447753906 
v -14.254449844360352 37.57701110839844 42.0428581237793 
v -14.029468536376953 37.57704544067383 41.893924713134766 
v -13.882890701293945 37.57701110839844 41.670528411865234 
v -13.828350067138672 37.57704544067383 41.40812683105469 
v -13.828350067138672 37.60999298095703 41.40812683105469 
v -13.882890701293945 37.60999298095703 41.14217758178711 
v -14.029468536376953 37.60999298095703 40.91878128051758 
v -14.254449844360352 37.60999298095703 40.77339553833008 
v -14.516926765441895 37.60999298095703 40.71665954589844 
v -14.781108856201172 37.60999298095703 40.77339553833008 
v -15.004385948181152 37.60999298095703 40.91878128051758 
v -15.152667999267578 37.60999298095703 41.14217758178711 
v -15.207209587097168 37.60999298095703 41.40812683105469 
v -15.152667999267578 37.60999298095703 41.670528411865234 
v -15.004385948181152 37.60999298095703 41.893924713134766 
v -14.781108856201172 37.60999298095703 42.0428581237793 
v -14.516926765441895 37.60999298095703 42.096046447753906 
v -14.254449844360352 37.60999298095703 42.0428581237793 
v -14.029468536376953 37.60999298095703 41.893924713134766 
v -13.882890701293945 37.60999298095703 41.670528411865234 
v -27.545360565185547 37.55300521850586 -27.628559112548828 
v -27.560699462890625 37.54914474487305 -27.635650634765625 
v -27.395374298095703 37.55300521850586 -27.855501174926758 
v -27.407304763793945 37.54914474487305 -27.866138458251953 
v -27.170392990112305 37.55300521850586 -28.000886917114258 
v -27.175506591796875 37.54914474487305 -28.01861572265625 
v -26.90450668334961 37.55300521850586 -28.0576229095459 
v -26.90450668334961 37.54914474487305 -28.07535171508789 
v -26.640323638916016 37.55300521850586 -28.000886917114258 
v -26.633506774902344 37.54914474487305 -28.01861572265625 
v -26.413639068603516 37.55300521850586 -27.855501174926758 
v -26.401708602905273 37.54914474487305 -27.866138458251953 
v -26.265356063842773 37.55300521850586 -27.628559112548828 
v -26.250017166137695 37.54914474487305 -27.635650634765625 
v -26.2108154296875 37.55300521850586 -27.36260986328125 
v -26.193771362304688 37.54914474487305 -27.36260986328125 
v -26.265356063842773 37.55300521850586 -27.096662521362305 
v -26.250017166137695 37.54914474487305 -27.089569091796875 
v -26.413639068603516 37.55300521850586 -26.869718551635742 
v -26.401708602905273 37.54914474487305 -26.859081268310547 
v -26.640323638916016 37.55300521850586 -26.724334716796875 
v -26.633506774902344 37.54914474487305 -26.70660400390625 
v -26.90450668334961 37.55300521850586 -26.667598724365234 
v -26.90450668334961 37.54914474487305 -26.64986801147461 
v -27.170392990112305 37.55300521850586 -26.724334716796875 
v -27.175506591796875 37.54914474487305 -26.70660400390625 
v -27.395374298095703 37.55300521850586 -26.869718551635742 
v -27.407304763793945 37.54914474487305 -26.859081268310547 
v -27.545360565185547 37.55300521850586 -27.096662521362305 
v -27.560699462890625 37.54914474487305 -27.089569091796875 
v -27.59990119934082 37.55300521850586 -27.36260986328125 
v -27.616945266723633 37.54914474487305 -27.36260986328125 
v -27.651033401489258 37.54914474487305 -27.36260986328125 
v -27.59308433532715 37.54914474487305 -27.64628791809082 
v -27.432870864868164 37.54914474487305 -27.890960693359375 
v -27.18914031982422 37.54914474487305 -28.05052947998047 
v -26.90450668334961 37.54914474487305 -28.10726547241211 
v -26.619871139526367 37.54914474487305 -28.05052947998047 
v -26.37784767150879 37.54914474487305 -27.890960693359375 
v -26.217632293701172 37.54914474487305 -27.64628791809082 
v -26.15797996520996 37.54914474487305 -27.36260986328125 
v -26.217632293701172 37.54914474487305 -27.07893180847168 
v -26.37784767150879 37.54914474487305 -26.834259033203125 
v -26.619871139526367 37.54914474487305 -26.67469024658203 
v -26.90450668334961 37.54914474487305 -26.614408493041992 
v -27.18914031982422 37.54914474487305 -26.67469024658203 
v -27.432870864868164 37.54914474487305 -26.834259033203125 
v -27.59308433532715 37.54914474487305 -27.07893180847168 
v -27.70557403564453 37.54914474487305 -27.032835006713867 
v -27.77375030517578 37.54914474487305 -27.36260986328125 
v -27.70557403564453 37.54914474487305 -27.692386627197266 
v -27.519794464111328 37.54914474487305 -27.976064682006836 
v -27.23686408996582 37.54914474487305 -28.16400146484375 
v -26.90450668334961 37.54914474487305 -28.231374740600586 
v -26.5738525390625 37.54914474487305 -28.16400146484375 
v -26.290922164916992 37.54914474487305 -27.976064682006836 
v -26.10514259338379 37.54914474487305 -27.692386627197266 
v -26.03696632385254 37.54914474487305 -27.36260986328125 
v -26.10514259338379 37.54914474487305 -27.032835006713867 
v -26.290922164916992 37.54914474487305 -26.749155044555664 
v -26.5738525390625 37.54914474487305 -26.56121826171875 
v -26.90450668334961 37.54914474487305 -26.493844985961914 
v -27.23686408996582 37.54914474487305 -26.56121826171875 
v -27.519794464111328 37.54914474487305 -26.749155044555664 
v -27.543657302856445 37.54914474487305 -26.724334716796875 
v -27.737958908081055 37.54914474487305 -27.01865005493164 
v -27.555587768554688 37.55604553222656 -26.71014976501465 
v -27.753297805786133 37.55604553222656 -27.011558532714844 
v -27.560699462890625 37.57671356201172 -26.70660400390625 
v -27.758411407470703 37.57671356201172 -27.008012771606445 
v -27.560699462890625 37.58839797973633 -26.70660400390625 
v -27.758411407470703 37.58839797973633 -27.008012771606445 
v -27.560699462890625 37.7576904296875 -26.70660400390625 
v -27.758411407470703 37.7576904296875 -27.008012771606445 
v -27.80954360961914 37.54914474487305 -27.36260986328125 
v -27.737958908081055 37.54914474487305 -27.70656967163086 
v -27.543657302856445 37.54914474487305 -28.000886917114258 
v -27.250499725341797 37.54914474487305 -28.19591522216797 
v -26.90450668334961 37.54914474487305 -28.266834259033203 
v -26.560216903686523 37.54914474487305 -28.19591522216797 
v -26.265356063842773 37.54914474487305 -28.000886917114258 
v -26.0727596282959 37.54914474487305 -27.70656967163086 
v -26.001174926757812 37.54914474487305 -27.36260986328125 
v -26.0727596282959 37.54914474487305 -27.01865005493164 
v -26.265356063842773 37.54914474487305 -26.724334716796875 
v -26.560216903686523 37.54914474487305 -26.52930450439453 
v -26.90450668334961 37.54914474487305 -26.458385467529297 
v -27.250499725341797 37.54914474487305 -26.52930450439453 
v -27.826587677001953 37.55604553222656 -27.36260986328125 
v -27.753297805786133 37.55604553222656 -27.71366310119629 
v -27.555587768554688 37.55604553222656 -28.01506996154785 
v -27.255613327026367 37.55604553222656 -28.210100173950195 
v -26.90450668334961 37.55604553222656 -28.284564971923828 
v -26.55340003967285 37.55604553222656 -28.210100173950195 
v -26.25342559814453 37.55604553222656 -28.01506996154785 
v -26.057418823242188 37.55604553222656 -27.71366310119629 
v -25.984130859375 37.55604553222656 -27.36260986328125 
v -26.057418823242188 37.55604553222656 -27.011558532714844 
v -26.25342559814453 37.55604553222656 -26.71014976501465 
v -26.55340003967285 37.55604553222656 -26.515121459960938 
v -26.90450668334961 37.55604553222656 -26.440654754638672 
v -27.255613327026367 37.55604553222656 -26.515121459960938 
v -27.83169937133789 37.57671356201172 -27.36260986328125 
v -27.758411407470703 37.57671356201172 -27.717208862304688 
v -27.560699462890625 37.57671356201172 -28.01861572265625 
v -27.259021759033203 37.57671356201172 -28.217191696166992 
v -26.90450668334961 37.57671356201172 -28.288110733032227 
v -26.551694869995117 37.57671356201172 -28.217191696166992 
v -26.250017166137695 37.57671356201172 -28.01861572265625 
v -26.050601959228516 37.57671356201172 -27.717208862304688 
v -25.977312088012695 37.57671356201172 -27.36260986328125 
v -26.050601959228516 37.57671356201172 -27.008012771606445 
v -26.250017166137695 37.57671356201172 -26.70660400390625 
v -26.551694869995117 37.57671356201172 -26.50802993774414 
v -26.90450668334961 37.57671356201172 -26.437108993530273 
v -27.259021759033203 37.57671356201172 -26.50802993774414 
v -27.83169937133789 37.58839797973633 -27.36260986328125 
v -27.758411407470703 37.58839797973633 -27.717208862304688 
v -27.560699462890625 37.58839797973633 -28.01861572265625 
v -27.259021759033203 37.58839797973633 -28.217191696166992 
v -26.90450668334961 37.58839797973633 -28.288110733032227 
v -26.551694869995117 37.58839797973633 -28.217191696166992 
v -26.250017166137695 37.58839797973633 -28.01861572265625 
v -26.050601959228516 37.58839797973633 -27.717208862304688 
v -25.977312088012695 37.58839797973633 -27.36260986328125 
v -26.050601959228516 37.58839797973633 -27.008012771606445 
v -26.250017166137695 37.58839797973633 -26.70660400390625 
v -26.551694869995117 37.58839797973633 -26.50802993774414 
v -26.90450668334961 37.58839797973633 -26.437108993530273 
v -27.259021759033203 37.58839797973633 -26.50802993774414 
v -27.83169937133789 37.7576904296875 -27.36260986328125 
v -27.758411407470703 37.7576904296875 -27.717208862304688 
v -27.560699462890625 37.7576904296875 -28.01861572265625 
v -27.259021759033203 37.7576904296875 -28.217191696166992 
v -26.90450668334961 37.7576904296875 -28.288110733032227 
v -26.551694869995117 37.7576904296875 -28.217191696166992 
v -26.250017166137695 37.7576904296875 -28.01861572265625 
v -26.050601959228516 37.7576904296875 -27.717208862304688 
v -25.977312088012695 37.7576904296875 -27.36260986328125 
v -26.050601959228516 37.7576904296875 -27.008012771606445 
v -26.250017166137695 37.7576904296875 -26.70660400390625 
v -26.551694869995117 37.7576904296875 -26.50802993774414 
v -26.90450668334961 37.7576904296875 -26.437108993530273 
v -27.259021759033203 37.7576904296875 -26.50802993774414 
v -26.90450668334961 37.55300521850586 4.412916660308838 
v -26.90450668334961 37.54914474487305 4.4306464195251465 
v -27.170392990112305 37.55300521850586 4.356180667877197 
v -27.175506591796875 37.54914474487305 4.373910903930664 
v -27.395374298095703 37.55300521850586 4.207249641418457 
v -27.407304763793945 37.54914474487305 4.221433639526367 
v -27.545360565185547 37.55300521850586 3.9838528633117676 
v -27.560699462890625 37.54914474487305 3.987398862838745 
v -27.59990119934082 37.55300521850586 3.717904567718506 
v -27.616945266723633 37.54914474487305 3.717904567718506 
v -27.545360565185547 37.55300521850586 3.451956033706665 
v -27.560699462890625 37.54914474487305 3.44486403465271 
v -27.395374298095703 37.55300521850586 3.225013256072998 
v -27.407304763793945 37.54914474487305 3.2143752574920654 
v -27.170392990112305 37.55300521850586 3.0760819911956787 
v -27.175506591796875 37.54914474487305 3.0618982315063477 
v -26.90450668334961 37.55300521850586 3.022892475128174 
v -26.90450668334961 37.54914474487305 3.005162477493286 
v -26.640323638916016 37.55300521850586 3.0760819911956787 
v -26.633506774902344 37.54914474487305 3.0618982315063477 
v -26.413639068603516 37.55300521850586 3.225013256072998 
v -26.401708602905273 37.54914474487305 3.2143752574920654 
v -26.265356063842773 37.55300521850586 3.451956033706665 
v -26.250017166137695 37.54914474487305 3.44486403465271 
v -26.2108154296875 37.55300521850586 3.717904567718506 
v -26.193771362304688 37.54914474487305 3.717904567718506 
v -26.265356063842773 37.55300521850586 3.9838528633117676 
v -26.250017166137695 37.54914474487305 3.987398862838745 
v -26.413639068603516 37.55300521850586 4.207249641418457 
v -26.401708602905273 37.54914474487305 4.221433639526367 
v -26.640323638916016 37.55300521850586 4.356180667877197 
v -26.633506774902344 37.54914474487305 4.373910903930664 
v -26.619871139526367 37.54914474487305 4.405824661254883 
v -26.90450668334961 37.54914474487305 4.462560176849365 
v -27.18914031982422 37.54914474487305 4.405824661254883 
v -27.432870864868164 37.54914474487305 4.246255397796631 
v -27.59308433532715 37.54914474487305 4.001582622528076 
v -27.651033401489258 37.54914474487305 3.717904567718506 
v -27.59308433532715 37.54914474487305 3.4342260360717773 
v -27.432870864868164 37.54914474487305 3.1895534992218018 
v -27.18914031982422 37.54914474487305 3.02998423576355 
v -26.90450668334961 37.54914474487305 2.96970272064209 
v -26.619871139526367 37.54914474487305 3.02998423576355 
v -26.37784767150879 37.54914474487305 3.1895534992218018 
v -26.217632293701172 37.54914474487305 3.4342260360717773 
v -26.15797996520996 37.54914474487305 3.717904567718506 
v -26.217632293701172 37.54914474487305 4.001582622528076 
v -26.37784767150879 37.54914474487305 4.246255397796631 
v -27.70557403564453 37.54914474487305 4.047680377960205 
v -27.77375030517578 37.54914474487305 3.717904567718506 
v -27.70557403564453 37.54914474487305 3.384582281112671 
v -27.519794464111328 37.54914474487305 3.104449987411499 
v -27.23686408996582 37.54914474487305 2.916512966156006 
v -26.90450668334961 37.54914474487305 2.849139451980591 
v -26.5738525390625 37.54914474487305 2.916512966156006 
v -26.290922164916992 37.54914474487305 3.104449987411499 
v -26.10514259338379 37.54914474487305 3.384582281112671 
v -26.03696632385254 37.54914474487305 3.717904567718506 
v -26.10514259338379 37.54914474487305 4.047680377960205 
v -26.290922164916992 37.54914474487305 4.331358909606934 
v -26.5738525390625 37.54914474487305 4.515749931335449 
v -26.90450668334961 37.54914474487305 4.586669445037842 
v -27.23686408996582 37.54914474487305 4.515749931335449 
v -27.519794464111328 37.54914474487305 4.331358909606934 
v -27.543657302856445 37.54914474487305 4.356180667877197 
v -27.737958908081055 37.54914474487305 4.061864376068115 
v -27.555587768554688 37.55604553222656 4.370364665985107 
v -27.753297805786133 37.55604553222656 4.06895637512207 
v -27.560699462890625 37.57671356201172 4.373910903930664 
v -27.758411407470703 37.57671356201172 4.072502613067627 
v -27.560699462890625 37.58839797973633 4.373910903930664 
v -27.758411407470703 37.58839797973633 4.072502613067627 
v -27.560699462890625 37.7576904296875 4.373910903930664 
v -27.758411407470703 37.7576904296875 4.072502613067627 
v -27.80954360961914 37.54914474487305 3.717904567718506 
v -27.737958908081055 37.54914474487305 3.3739442825317383 
v -27.543657302856445 37.54914474487305 3.0796279907226562 
v -27.250499725341797 37.54914474487305 2.884599208831787 
v -26.90450668334961 37.54914474487305 2.8136794567108154 
v -26.560216903686523 37.54914474487305 2.884599208831787 
v -26.265356063842773 37.54914474487305 3.0796279907226562 
v -26.0727596282959 37.54914474487305 3.3739442825317383 
v -26.001174926757812 37.54914474487305 3.717904567718506 
v -26.0727596282959 37.54914474487305 4.061864376068115 
v -26.265356063842773 37.54914474487305 4.356180667877197 
v -26.560216903686523 37.54914474487305 4.551209926605225 
v -26.90450668334961 37.54914474487305 4.622129440307617 
v -27.250499725341797 37.54914474487305 4.551209926605225 
v -27.826587677001953 37.55604553222656 3.717904567718506 
v -27.753297805786133 37.55604553222656 3.3668525218963623 
v -27.555587768554688 37.55604553222656 3.065444231033325 
v -27.255613327026367 37.55604553222656 2.870415210723877 
v -26.90450668334961 37.55604553222656 2.795949697494507 
v -26.55340003967285 37.55604553222656 2.870415210723877 
v -26.25342559814453 37.55604553222656 3.065444231033325 
v -26.057418823242188 37.55604553222656 3.3668525218963623 
v -25.984130859375 37.55604553222656 3.717904567718506 
v -26.057418823242188 37.55604553222656 4.06895637512207 
v -26.25342559814453 37.55604553222656 4.370364665985107 
v -26.55340003967285 37.55604553222656 4.565393447875977 
v -26.90450668334961 37.55604553222656 4.639859199523926 
v -27.255613327026367 37.55604553222656 4.565393447875977 
v -27.83169937133789 37.57671356201172 3.717904567718506 
v -27.758411407470703 37.57671356201172 3.3633065223693848 
v -27.560699462890625 37.57671356201172 3.0618982315063477 
v -27.259021759033203 37.57671356201172 2.863323211669922 
v -26.90450668334961 37.57671356201172 2.7924036979675293 
v -26.551694869995117 37.57671356201172 2.863323211669922 
v -26.250017166137695 37.57671356201172 3.0618982315063477 
v -26.050601959228516 37.57671356201172 3.3633065223693848 
v -25.977312088012695 37.57671356201172 3.717904567718506 
v -26.050601959228516 37.57671356201172 4.072502613067627 
v -26.250017166137695 37.57671356201172 4.373910903930664 
v -26.551694869995117 37.57671356201172 4.572485446929932 
v -26.90450668334961 37.57671356201172 4.643405437469482 
v -27.259021759033203 37.57671356201172 4.572485446929932 
v -27.83169937133789 37.58839797973633 3.717904567718506 
v -27.758411407470703 37.58839797973633 3.3633065223693848 
v -27.560699462890625 37.58839797973633 3.0618982315063477 
v -27.259021759033203 37.58839797973633 2.863323211669922 
v -26.90450668334961 37.58839797973633 2.7924036979675293 
v -26.551694869995117 37.58839797973633 2.863323211669922 
v -26.250017166137695 37.58839797973633 3.0618982315063477 
v -26.050601959228516 37.58839797973633 3.3633065223693848 
v -25.977312088012695 37.58839797973633 3.717904567718506 
v -26.050601959228516 37.58839797973633 4.072502613067627 
v -26.250017166137695 37.58839797973633 4.373910903930664 
v -26.551694869995117 37.58839797973633 4.572485446929932 
v -26.90450668334961 37.58839797973633 4.643405437469482 
v -27.259021759033203 37.58839797973633 4.572485446929932 
v -27.83169937133789 37.7576904296875 3.717904567718506 
v -27.758411407470703 37.7576904296875 3.3633065223693848 
v -27.560699462890625 37.7576904296875 3.0618982315063477 
v -27.259021759033203 37.7576904296875 2.863323211669922 
v -26.90450668334961 37.7576904296875 2.7924036979675293 
v -26.551694869995117 37.7576904296875 2.863323211669922 
v -26.250017166137695 37.7576904296875 3.0618982315063477 
v -26.050601959228516 37.7576904296875 3.3633065223693848 
v -25.977312088012695 37.7576904296875 3.717904567718506 
v -26.050601959228516 37.7576904296875 4.072502613067627 
v -26.250017166137695 37.7576904296875 4.373910903930664 
v -26.551694869995117 37.7576904296875 4.572485446929932 
v -26.90450668334961 37.7576904296875 4.643405437469482 
v -27.259021759033203 37.7576904296875 4.572485446929932 
v 9.607150077819824 37.55300521850586 -41.13874435424805 
v 9.591811180114746 37.54914474487305 -41.13874435424805 
v 9.663395881652832 37.55300521850586 -41.401145935058594 
v 9.648056030273438 37.54914474487305 -41.40823745727539 
v 9.811677932739258 37.55300521850586 -41.62808609008789 
v 9.799747467041016 37.54914474487305 -41.63872528076172 
v 10.036659240722656 37.55300521850586 -41.77701950073242 
v 10.031545639038086 37.54914474487305 -41.791202545166016 
v 10.302545547485352 37.55300521850586 -41.83020782470703 
v 10.302545547485352 37.54914474487305 -41.847938537597656 
v 10.566727638244629 37.55300521850586 -41.77701950073242 
v 10.573545455932617 37.54914474487305 -41.791202545166016 
v 10.793413162231445 37.55300521850586 -41.62808609008789 
v 10.805343627929688 37.54914474487305 -41.63872528076172 
v 10.941695213317871 37.55300521850586 -41.401145935058594 
v 10.957035064697266 37.54914474487305 -41.40823745727539 
v 10.997941017150879 37.55300521850586 -41.13874435424805 
v 11.013280868530273 37.54914474487305 -41.13874435424805 
v 10.941695213317871 37.55300521850586 -40.87279510498047 
v 10.957035064697266 37.54914474487305 -40.86570358276367 
v 10.793413162231445 37.55300521850586 -40.645851135253906 
v 10.805343627929688 37.54914474487305 -40.63521194458008 
v 10.566727638244629 37.55300521850586 -40.49692153930664 
v 10.573545455932617 37.54914474487305 -40.48273468017578 
v 10.302545547485352 37.55300521850586 -40.443729400634766 
v 10.302545547485352 37.54914474487305 -40.42599868774414 
v 10.036659240722656 37.55300521850586 -40.49692153930664 
v 10.031545639038086 37.54914474487305 -40.48273468017578 
v 9.811677932739258 37.55300521850586 -40.645851135253906 
v 9.799747467041016 37.54914474487305 -40.63521194458008 
v 9.663395881652832 37.55300521850586 -40.87279510498047 
v 9.648056030273438 37.54914474487305 -40.86570358276367 
v 9.61567211151123 37.54914474487305 -40.85151672363281 
v 9.556018829345703 37.54914474487305 -41.13874435424805 
v 9.61567211151123 37.54914474487305 -41.422420501708984 
v 9.774181365966797 37.54914474487305 -41.66354751586914 
v 10.017910957336426 37.54914474487305 -41.823116302490234 
v 10.302545547485352 37.54914474487305 -41.883399963378906 
v 10.587180137634277 37.54914474487305 -41.823116302490234 
v 10.830909729003906 37.54914474487305 -41.66354751586914 
v 10.989418983459473 37.54914474487305 -41.422420501708984 
v 11.049073219299316 37.54914474487305 -41.13874435424805 
v 10.989418983459473 37.54914474487305 -40.85151672363281 
v 10.830909729003906 37.54914474487305 -40.610389709472656 
v 10.587180137634277 37.54914474487305 -40.45082092285156 
v 10.302545547485352 37.54914474487305 -40.390541076660156 
v 10.017910957336426 37.54914474487305 -40.45082092285156 
v 9.774181365966797 37.54914474487305 -40.610389709472656 
v 9.503182411193848 37.54914474487305 -40.805419921875 
v 9.43330192565918 37.54914474487305 -41.13874435424805 
v 9.503182411193848 37.54914474487305 -41.4685173034668 
v 9.68896198272705 37.54914474487305 -41.752197265625 
v 9.971892356872559 37.54914474487305 -41.936588287353516 
v 10.302545547485352 37.54914474487305 -42.003963470458984 
v 10.633198738098145 37.54914474487305 -41.936588287353516 
v 10.916130065917969 37.54914474487305 -41.752197265625 
v 11.101909637451172 37.54914474487305 -41.4685173034668 
v 11.171789169311523 37.54914474487305 -41.13874435424805 
v 11.101909637451172 37.54914474487305 -40.805419921875 
v 10.916130065917969 37.54914474487305 -40.52174377441406 
v 10.633198738098145 37.54914474487305 -40.33735275268555 
v 10.302545547485352 37.54914474487305 -40.26997756958008 
v 9.971892356872559 37.54914474487305 -40.33735275268555 
v 9.68896198272705 37.54914474487305 -40.52174377441406 
v 9.663395881652832 37.54914474487305 -40.49692153930664 
v 9.469094276428223 37.54914474487305 -40.791236877441406 
v 9.651464462280273 37.55604553222656 -40.48628234863281 
v 9.453754425048828 37.55604553222656 -40.78414535522461 
v 9.64635181427002 37.57671356201172 -40.48273468017578 
v 9.448640823364258 37.57671356201172 -40.78414535522461 
v 9.64635181427002 37.58839797973633 -40.48273468017578 
v 9.448640823364258 37.58839797973633 -40.78414535522461 
v 9.64635181427002 37.7576904296875 -40.48273468017578 
v 9.448640823364258 37.7576904296875 -40.78414535522461 
v 9.399213790893555 37.54914474487305 -41.13874435424805 
v 9.469094276428223 37.54914474487305 -41.482704162597656 
v 9.663395881652832 37.54914474487305 -41.77701950073242 
v 9.958256721496582 37.54914474487305 -41.968502044677734 
v 10.302545547485352 37.54914474487305 -42.03942108154297 
v 10.646834373474121 37.54914474487305 -41.968502044677734 
v 10.941695213317871 37.54914474487305 -41.77701950073242 
v 11.134292602539062 37.54914474487305 -41.482704162597656 
v 11.205877304077148 37.54914474487305 -41.13874435424805 
v 11.134292602539062 37.54914474487305 -40.791236877441406 
v 10.941695213317871 37.54914474487305 -40.49692153930664 
v 10.646834373474121 37.54914474487305 -40.30543899536133 
v 10.302545547485352 37.54914474487305 -40.23451614379883 
v 9.958256721496582 37.54914474487305 -40.30543899536133 
v 9.382169723510742 37.55604553222656 -41.13874435424805 
v 9.453754425048828 37.55604553222656 -41.48979568481445 
v 9.651464462280273 37.55604553222656 -41.78765869140625 
v 9.951438903808594 37.55604553222656 -41.98623275756836 
v 10.302545547485352 37.55604553222656 -42.057151794433594 
v 10.65365219116211 37.55604553222656 -41.98623275756836 
v 10.95362663269043 37.55604553222656 -41.78765869140625 
v 11.151336669921875 37.55604553222656 -41.48979568481445 
v 11.222921371459961 37.55604553222656 -41.13874435424805 
v 11.151336669921875 37.55604553222656 -40.78414535522461 
v 10.95362663269043 37.55604553222656 -40.48628234863281 
v 10.65365219116211 37.55604553222656 -40.2877082824707 
v 10.302545547485352 37.55604553222656 -40.21678924560547 
v 9.951438903808594 37.55604553222656 -40.2877082824707 
v 9.375351905822754 37.57671356201172 -41.13874435424805 
v 9.448640823364258 37.57671356201172 -41.48979568481445 
v 9.64635181427002 37.57671356201172 -41.791202545166016 
v 9.949734687805176 37.57671356201172 -41.989776611328125 
v 10.302545547485352 37.57671356201172 -42.06424331665039 
v 10.655356407165527 37.57671356201172 -41.989776611328125 
v 10.957035064697266 37.57671356201172 -41.791202545166016 
v 11.156450271606445 37.57671356201172 -41.48979568481445 
v 11.22973918914795 37.57671356201172 -41.13874435424805 
v 11.156450271606445 37.57671356201172 -40.78414535522461 
v 10.957035064697266 37.57671356201172 -40.48273468017578 
v 10.655356407165527 37.57671356201172 -40.28416061401367 
v 10.302545547485352 37.57671356201172 -40.209693908691406 
v 9.949734687805176 37.57671356201172 -40.28416061401367 
v 9.375351905822754 37.58839797973633 -41.13874435424805 
v 9.448640823364258 37.58839797973633 -41.48979568481445 
v 9.64635181427002 37.58839797973633 -41.791202545166016 
v 9.949734687805176 37.58839797973633 -41.989776611328125 
v 10.302545547485352 37.58839797973633 -42.06424331665039 
v 10.655356407165527 37.58839797973633 -41.989776611328125 
v 10.957035064697266 37.58839797973633 -41.791202545166016 
v 11.156450271606445 37.58839797973633 -41.48979568481445 
v 11.22973918914795 37.58839797973633 -41.13874435424805 
v 11.156450271606445 37.58839797973633 -40.78414535522461 
v 10.957035064697266 37.58839797973633 -40.48273468017578 
v 10.655356407165527 37.58839797973633 -40.28416061401367 
v 10.302545547485352 37.58839797973633 -40.209693908691406 
v 9.949734687805176 37.58839797973633 -40.28416061401367 
v 9.375351905822754 37.7576904296875 -41.13874435424805 
v 9.448640823364258 37.7576904296875 -41.48979568481445 
v 9.64635181427002 37.7576904296875 -41.791202545166016 
v 9.949734687805176 37.7576904296875 -41.989776611328125 
v 10.302545547485352 37.7576904296875 -42.06424331665039 
v 10.655356407165527 37.7576904296875 -41.989776611328125 
v 10.957035064697266 37.7576904296875 -41.791202545166016 
v 11.156450271606445 37.7576904296875 -41.48979568481445 
v 11.22973918914795 37.7576904296875 -41.13874435424805 
v 11.156450271606445 37.7576904296875 -40.78414535522461 
v 10.957035064697266 37.7576904296875 -40.48273468017578 
v 10.655356407165527 37.7576904296875 -40.28416061401367 
v 10.302545547485352 37.7576904296875 -40.209693908691406 
v 9.949734687805176 37.7576904296875 -40.28416061401367 
v -14.026060104370117 37.55300521850586 -40.645851135253906 
v -14.014129638671875 37.54914474487305 -40.63521194458008 
v -14.252745628356934 37.55300521850586 -40.49692153930664 
v -14.245927810668945 37.54914474487305 -40.48273468017578 
v -14.516926765441895 37.55300521850586 -40.443729400634766 
v -14.516926765441895 37.54914474487305 -40.42599868774414 
v -14.782814025878906 37.55300521850586 -40.49692153930664 
v -14.78792667388916 37.54914474487305 -40.48273468017578 
v -15.007794380187988 37.55300521850586 -40.645851135253906 
v -15.01972484588623 37.54914474487305 -40.63521194458008 
v -15.157781600952148 37.55300521850586 -40.87279510498047 
v -15.173121452331543 37.54914474487305 -40.86570358276367 
v -15.212322235107422 37.55300521850586 -41.13874435424805 
v -15.229366302490234 37.54914474487305 -41.13874435424805 
v -15.157781600952148 37.55300521850586 -41.401145935058594 
v -15.173121452331543 37.54914474487305 -41.40823745727539 
v -15.007794380187988 37.55300521850586 -41.62808609008789 
v -15.01972484588623 37.54914474487305 -41.63872528076172 
v -14.782814025878906 37.55300521850586 -41.77701950073242 
v -14.78792667388916 37.54914474487305 -41.791202545166016 
v -14.516926765441895 37.55300521850586 -41.83020782470703 
v -14.516926765441895 37.54914474487305 -41.847938537597656 
v -14.252745628356934 37.55300521850586 -41.77701950073242 
v -14.245927810668945 37.54914474487305 -41.791202545166016 
v -14.026060104370117 37.55300521850586 -41.62808609008789 
v -14.014129638671875 37.54914474487305 -41.63872528076172 
v -13.877777099609375 37.55300521850586 -41.401145935058594 
v -13.86243724822998 37.54914474487305 -41.40823745727539 
v -13.823236465454102 37.55300521850586 -41.13874435424805 
v -13.806192398071289 37.54914474487305 -41.13874435424805 
v -13.877777099609375 37.55300521850586 -40.87279510498047 
v -13.86243724822998 37.54914474487305 -40.86570358276367 
v -13.83005428314209 37.54914474487305 -40.85151672363281 
v -13.990267753601074 37.54914474487305 -40.610389709472656 
v -14.232292175292969 37.54914474487305 -40.45082092285156 
v -14.516926765441895 37.54914474487305 -40.390541076660156 
v -14.801562309265137 37.54914474487305 -40.45082092285156 
v -15.04529094696045 37.54914474487305 -40.610389709472656 
v -15.205504417419434 37.54914474487305 -40.85151672363281 
v -15.26345443725586 37.54914474487305 -41.13874435424805 
v -15.205504417419434 37.54914474487305 -41.422420501708984 
v -15.04529094696045 37.54914474487305 -41.66354751586914 
v -14.801562309265137 37.54914474487305 -41.823116302490234 
v -14.516926765441895 37.54914474487305 -41.883399963378906 
v -14.232292175292969 37.54914474487305 -41.823116302490234 
v -13.990267753601074 37.54914474487305 -41.66354751586914 
v -13.83005428314209 37.54914474487305 -41.422420501708984 
v -13.770400047302246 37.54914474487305 -41.13874435424805 
v -15.317995071411133 37.54914474487305 -40.805419921875 
v -15.386171340942383 37.54914474487305 -41.13874435424805 
v -15.317995071411133 37.54914474487305 -41.4685173034668 
v -15.13221549987793 37.54914474487305 -41.752197265625 
v -14.849285125732422 37.54914474487305 -41.936588287353516 
v -14.516926765441895 37.54914474487305 -42.003963470458984 
v -14.186273574829102 37.54914474487305 -41.936588287353516 
v -13.903343200683594 37.54914474487305 -41.752197265625 
v -13.71756362915039 37.54914474487305 -41.4685173034668 
v -13.64938735961914 37.54914474487305 -41.13874435424805 
v -13.71756362915039 37.54914474487305 -40.805419921875 
v -13.903343200683594 37.54914474487305 -40.52174377441406 
v -14.186273574829102 37.54914474487305 -40.33735275268555 
v -14.516926765441895 37.54914474487305 -40.26997756958008 
v -14.849285125732422 37.54914474487305 -40.33735275268555 
v -15.13221549987793 37.54914474487305 -40.52174377441406 
v -15.15607738494873 37.54914474487305 -40.49692153930664 
v -15.35037899017334 37.54914474487305 -40.791236877441406 
v -15.168007850646973 37.55604553222656 -40.48628234863281 
v -15.365718841552734 37.55604553222656 -40.78414535522461 
v -15.173121452331543 37.57671356201172 -40.48273468017578 
v -15.370831489562988 37.57671356201172 -40.78414535522461 
v -15.173121452331543 37.58839797973633 -40.48273468017578 
v -15.370831489562988 37.58839797973633 -40.78414535522461 
v -15.173121452331543 37.7576904296875 -40.48273468017578 
v -15.370831489562988 37.7576904296875 -40.78414535522461 
v -15.421963691711426 37.54914474487305 -41.13874435424805 
v -15.35037899017334 37.54914474487305 -41.482704162597656 
v -15.15607738494873 37.54914474487305 -41.77701950073242 
v -14.862920761108398 37.54914474487305 -41.968502044677734 
v -14.516926765441895 37.54914474487305 -42.03942108154297 
v -14.172637939453125 37.54914474487305 -41.968502044677734 
v -13.877777099609375 37.54914474487305 -41.77701950073242 
v -13.685179710388184 37.54914474487305 -41.482704162597656 
v -13.613595008850098 37.54914474487305 -41.13874435424805 
v -13.685179710388184 37.54914474487305 -40.791236877441406 
v -13.877777099609375 37.54914474487305 -40.49692153930664 
v -14.172637939453125 37.54914474487305 -40.30543899536133 
v -14.516926765441895 37.54914474487305 -40.23451614379883 
v -14.862920761108398 37.54914474487305 -40.30543899536133 
v -15.439007759094238 37.55604553222656 -41.13874435424805 
v -15.365718841552734 37.55604553222656 -41.48979568481445 
v -15.168007850646973 37.55604553222656 -41.78765869140625 
v -14.868033409118652 37.55604553222656 -41.98623275756836 
v -14.516926765441895 37.55604553222656 -42.057151794433594 
v -14.165821075439453 37.55604553222656 -41.98623275756836 
v -13.865846633911133 37.55604553222656 -41.78765869140625 
v -13.669840812683105 37.55604553222656 -41.48979568481445 
v -13.596550941467285 37.55604553222656 -41.13874435424805 
v -13.669840812683105 37.55604553222656 -40.78414535522461 
v -13.865846633911133 37.55604553222656 -40.48628234863281 
v -14.165821075439453 37.55604553222656 -40.2877082824707 
v -14.516926765441895 37.55604553222656 -40.21678924560547 
v -14.868033409118652 37.55604553222656 -40.2877082824707 
v -15.444120407104492 37.57671356201172 -41.13874435424805 
v -15.370831489562988 37.57671356201172 -41.48979568481445 
v -15.173121452331543 37.57671356201172 -41.791202545166016 
v -14.871442794799805 37.57671356201172 -41.989776611328125 
v -14.516926765441895 37.57671356201172 -42.06424331665039 
v -14.164116859436035 37.57671356201172 -41.989776611328125 
v -13.86243724822998 37.57671356201172 -41.791202545166016 
v -13.663022994995117 37.57671356201172 -41.48979568481445 
v -13.589733123779297 37.57671356201172 -41.13874435424805 
v -13.663022994995117 37.57671356201172 -40.78414535522461 
v -13.86243724822998 37.57671356201172 -40.48273468017578 
v -14.164116859436035 37.57671356201172 -40.28416061401367 
v -14.516926765441895 37.57671356201172 -40.209693908691406 
v -14.871442794799805 37.57671356201172 -40.28416061401367 
v -15.444120407104492 37.58839797973633 -41.13874435424805 
v -15.370831489562988 37.58839797973633 -41.48979568481445 
v -15.173121452331543 37.58839797973633 -41.791202545166016 
v -14.871442794799805 37.58839797973633 -41.989776611328125 
v -14.516926765441895 37.58839797973633 -42.06424331665039 
v -14.164116859436035 37.58839797973633 -41.989776611328125 
v -13.86243724822998 37.58839797973633 -41.791202545166016 
v -13.663022994995117 37.58839797973633 -41.48979568481445 
v -13.589733123779297 37.58839797973633 -41.13874435424805 
v -13.663022994995117 37.58839797973633 -40.78414535522461 
v -13.86243724822998 37.58839797973633 -40.48273468017578 
v -14.164116859436035 37.58839797973633 -40.28416061401367 
v -14.516926765441895 37.58839797973633 -40.209693908691406 
v -14.871442794799805 37.58839797973633 -40.28416061401367 
v -15.444120407104492 37.7576904296875 -41.13874435424805 
v -15.370831489562988 37.7576904296875 -41.48979568481445 
v -15.173121452331543 37.7576904296875 -41.791202545166016 
v -14.871442794799805 37.7576904296875 -41.989776611328125 
v -14.516926765441895 37.7576904296875 -42.06424331665039 
v -14.164116859436035 37.7576904296875 -41.989776611328125 
v -13.86243724822998 37.7576904296875 -41.791202545166016 
v -13.663022994995117 37.7576904296875 -41.48979568481445 
v -13.589733123779297 37.7576904296875 -41.13874435424805 
v -13.663022994995117 37.7576904296875 -40.78414535522461 
v -13.86243724822998 37.7576904296875 -40.48273468017578 
v -14.164116859436035 37.7576904296875 -40.28416061401367 
v -14.516926765441895 37.7576904296875 -40.209693908691406 
v -14.871442794799805 37.7576904296875 -40.28416061401367 
v -27.259021759033203 37.7576904296875 -12.675161361694336 
v -27.259021759033203 37.58839797973633 -12.675161361694336 
v -27.560699462890625 37.7576904296875 -12.47658634185791 
v -27.560699462890625 37.58839797973633 -12.47658634185791 
v -27.758411407470703 37.7576904296875 -12.175177574157715 
v -27.758411407470703 37.58839797973633 -12.175177574157715 
v -27.83169937133789 37.7576904296875 -11.824126243591309 
v -27.83169937133789 37.58839797973633 -11.824126243591309 
v -27.758411407470703 37.7576904296875 -11.469528198242188 
v -27.758411407470703 37.58839797973633 -11.469528198242188 
v -27.560699462890625 37.7576904296875 -11.168119430541992 
v -27.560699462890625 37.58839797973633 -11.168119430541992 
v -27.259021759033203 37.58839797973633 -10.969544410705566 
v -27.560699462890625 37.57671356201172 -11.168119430541992 
v -27.259021759033203 37.57671356201172 -10.969544410705566 
v -27.555587768554688 37.55604553222656 -11.17166519165039 
v -27.255613327026367 37.55604553222656 -10.973091125488281 
v -27.543657302856445 37.54914474487305 -11.182303428649902 
v -27.250499725341797 37.54914474487305 -10.99082088470459 
v -27.519794464111328 37.54914474487305 -11.207125663757324 
v -27.23686408996582 37.54914474487305 -11.022734642028809 
v -27.432870864868164 37.54914474487305 -11.295774459838867 
v -27.18914031982422 37.54914474487305 -11.136205673217773 
v -27.407304763793945 37.54914474487305 -11.320596694946289 
v -27.175506591796875 37.54914474487305 -11.168119430541992 
v -27.395374298095703 37.55300521850586 -11.3312349319458 
v -27.170392990112305 37.55300521850586 -11.182303428649902 
v -26.90450668334961 37.58839797973633 -10.895078659057617 
v -26.90450668334961 37.57671356201172 -10.895078659057617 
v -26.551694869995117 37.58839797973633 -10.969544410705566 
v -26.551694869995117 37.57671356201172 -10.969544410705566 
v -26.250017166137695 37.58839797973633 -11.168119430541992 
v -26.250017166137695 37.57671356201172 -11.168119430541992 
v -26.050601959228516 37.58839797973633 -11.469528198242188 
v -26.050601959228516 37.57671356201172 -11.469528198242188 
v -25.977312088012695 37.58839797973633 -11.824126243591309 
v -25.977312088012695 37.57671356201172 -11.824126243591309 
v -26.050601959228516 37.58839797973633 -12.175177574157715 
v -26.050601959228516 37.57671356201172 -12.175177574157715 
v -26.250017166137695 37.58839797973633 -12.47658634185791 
v -26.250017166137695 37.57671356201172 -12.47658634185791 
v -26.551694869995117 37.58839797973633 -12.675161361694336 
v -26.551694869995117 37.57671356201172 -12.675161361694336 
v -26.90450668334961 37.58839797973633 -12.749627113342285 
v -26.90450668334961 37.57671356201172 -12.749627113342285 
v -27.259021759033203 37.57671356201172 -12.675161361694336 
v -27.560699462890625 37.57671356201172 -12.47658634185791 
v -27.758411407470703 37.57671356201172 -12.175177574157715 
v -27.83169937133789 37.57671356201172 -11.824126243591309 
v -27.758411407470703 37.57671356201172 -11.469528198242188 
v -26.90450668334961 37.55604553222656 -10.90217113494873 
v -26.55340003967285 37.55604553222656 -10.973091125488281 
v -26.25342559814453 37.55604553222656 -11.17166519165039 
v -26.057418823242188 37.55604553222656 -11.469528198242188 
v -25.984130859375 37.55604553222656 -11.824126243591309 
v -26.057418823242188 37.55604553222656 -12.175177574157715 
v -26.25342559814453 37.55604553222656 -12.473040580749512 
v -26.55340003967285 37.55604553222656 -12.671614646911621 
v -26.90450668334961 37.55604553222656 -12.742534637451172 
v -27.255613327026367 37.55604553222656 -12.671614646911621 
v -27.555587768554688 37.55604553222656 -12.473040580749512 
v -27.753297805786133 37.55604553222656 -12.175177574157715 
v -27.826587677001953 37.55604553222656 -11.824126243591309 
v -27.753297805786133 37.55604553222656 -11.469528198242188 
v -26.90450668334961 37.54914474487305 -10.919900894165039 
v -26.560216903686523 37.54914474487305 -10.99082088470459 
v -26.265356063842773 37.54914474487305 -11.182303428649902 
v -26.0727596282959 37.54914474487305 -11.476619720458984 
v -26.001174926757812 37.54914474487305 -11.824126243591309 
v -26.0727596282959 37.54914474487305 -12.168086051940918 
v -26.265356063842773 37.54914474487305 -12.46240234375 
v -26.560216903686523 37.54914474487305 -12.653884887695312 
v -26.90450668334961 37.54914474487305 -12.724804878234863 
v -27.250499725341797 37.54914474487305 -12.653884887695312 
v -27.543657302856445 37.54914474487305 -12.46240234375 
v -27.737958908081055 37.54914474487305 -12.168086051940918 
v -27.80954360961914 37.54914474487305 -11.824126243591309 
v -27.737958908081055 37.54914474487305 -11.476619720458984 
v -26.90450668334961 37.54914474487305 -10.955360412597656 
v -26.5738525390625 37.54914474487305 -11.022734642028809 
v -26.290922164916992 37.54914474487305 -11.207125663757324 
v -26.10514259338379 37.54914474487305 -11.490803718566895 
v -26.03696632385254 37.54914474487305 -11.824126243591309 
v -26.10514259338379 37.54914474487305 -12.153902053833008 
v -26.290922164916992 37.54914474487305 -12.437580108642578 
v -26.5738525390625 37.54914474487305 -12.621971130371094 
v -26.90450668334961 37.54914474487305 -12.689345359802246 
v -27.23686408996582 37.54914474487305 -12.621971130371094 
v -27.519794464111328 37.54914474487305 -12.437580108642578 
v -27.70557403564453 37.54914474487305 -12.153902053833008 
v -27.77375030517578 37.54914474487305 -11.824126243591309 
v -27.70557403564453 37.54914474487305 -11.490803718566895 
v -26.90450668334961 37.54914474487305 -11.075923919677734 
v -26.619871139526367 37.54914474487305 -11.136205673217773 
v -26.37784767150879 37.54914474487305 -11.295774459838867 
v -26.217632293701172 37.54914474487305 -11.536901473999023 
v -26.15797996520996 37.54914474487305 -11.824126243591309 
v -26.217632293701172 37.54914474487305 -12.107804298400879 
v -26.37784767150879 37.54914474487305 -12.348931312561035 
v -26.619871139526367 37.54914474487305 -12.508500099182129 
v -26.90450668334961 37.54914474487305 -12.568781852722168 
v -27.18914031982422 37.54914474487305 -12.508500099182129 
v -27.432870864868164 37.54914474487305 -12.348931312561035 
v -27.59308433532715 37.54914474487305 -12.107804298400879 
v -27.651033401489258 37.54914474487305 -11.824126243591309 
v -27.59308433532715 37.54914474487305 -11.536901473999023 
v -27.560699462890625 37.54914474487305 -11.551085472106934 
v -27.545360565185547 37.55300521850586 -11.55817699432373 
v -26.90450668334961 37.54914474487305 -11.111383438110352 
v -26.633506774902344 37.54914474487305 -11.168119430541992 
v -26.401708602905273 37.54914474487305 -11.320596694946289 
v -26.250017166137695 37.54914474487305 -11.551085472106934 
v -26.193771362304688 37.54914474487305 -11.824126243591309 
v -26.250017166137695 37.54914474487305 -12.093620300292969 
v -26.401708602905273 37.54914474487305 -12.324109077453613 
v -26.633506774902344 37.54914474487305 -12.47658634185791 
v -26.90450668334961 37.54914474487305 -12.53332233428955 
v -27.175506591796875 37.54914474487305 -12.47658634185791 
v -27.407304763793945 37.54914474487305 -12.324109077453613 
v -27.560699462890625 37.54914474487305 -12.093620300292969 
v -27.616945266723633 37.54914474487305 -11.824126243591309 
v -26.90450668334961 37.55300521850586 -11.129114151000977 
v -26.640323638916016 37.55300521850586 -11.182303428649902 
v -26.413639068603516 37.55300521850586 -11.3312349319458 
v -26.265356063842773 37.55300521850586 -11.55817699432373 
v -26.2108154296875 37.55300521850586 -11.824126243591309 
v -26.265356063842773 37.55300521850586 -12.086528778076172 
v -26.413639068603516 37.55300521850586 -12.313470840454102 
v -26.640323638916016 37.55300521850586 -12.46240234375 
v -26.90450668334961 37.55300521850586 -12.515591621398926 
v -27.170392990112305 37.55300521850586 -12.46240234375 
v -27.395374298095703 37.55300521850586 -12.313470840454102 
v -27.545360565185547 37.55300521850586 -12.086528778076172 
v -27.59990119934082 37.55300521850586 -11.824126243591309 
v -27.259021759033203 37.7576904296875 -10.969544410705566 
v -26.90450668334961 37.7576904296875 -10.895078659057617 
v -26.551694869995117 37.7576904296875 -10.969544410705566 
v -26.250017166137695 37.7576904296875 -11.168119430541992 
v -26.050601959228516 37.7576904296875 -11.469528198242188 
v -25.977312088012695 37.7576904296875 -11.824126243591309 
v -26.050601959228516 37.7576904296875 -12.175177574157715 
v -26.250017166137695 37.7576904296875 -12.47658634185791 
v -26.551694869995117 37.7576904296875 -12.675161361694336 
v -26.90450668334961 37.7576904296875 -12.749627113342285 
v -15.444120407104492 37.7576904296875 19.696090698242188 
v -15.444120407104492 37.58839797973633 19.696090698242188 
v -15.370831489562988 37.7576904296875 20.050687789916992 
v -15.370831489562988 37.58839797973633 20.050687789916992 
v -15.173121452331543 37.7576904296875 20.352096557617188 
v -15.173121452331543 37.58839797973633 20.352096557617188 
v -14.871442794799805 37.58839797973633 20.550670623779297 
v -15.173121452331543 37.57671356201172 20.352096557617188 
v -14.871442794799805 37.57671356201172 20.550670623779297 
v -15.168007850646973 37.55604553222656 20.34855079650879 
v -14.868033409118652 37.55604553222656 20.5471248626709 
v -15.15607738494873 37.54914474487305 20.337913513183594 
v -14.862920761108398 37.54914474487305 20.529396057128906 
v -15.13221549987793 37.54914474487305 20.313091278076172 
v -14.849285125732422 37.54914474487305 20.497482299804688 
v -15.04529094696045 37.54914474487305 20.224441528320312 
v -14.801562309265137 37.54914474487305 20.384010314941406 
v -15.01972484588623 37.54914474487305 20.19961929321289 
v -14.78792667388916 37.54914474487305 20.352096557617188 
v -15.007794380187988 37.55300521850586 20.188982009887695 
v -14.782814025878906 37.55300521850586 20.337913513183594 
v -14.516926765441895 37.54914474487305 20.408832550048828 
v -14.516926765441895 37.54914474487305 20.444292068481445 
v -14.516926765441895 37.54914474487305 20.564855575561523 
v -14.516926765441895 37.54914474487305 20.60031509399414 
v -14.516926765441895 37.55604553222656 20.618045806884766 
v -14.516926765441895 37.57671356201172 20.625137329101562 
v -14.516926765441895 37.58839797973633 20.625137329101562 
v -14.516926765441895 37.7576904296875 20.625137329101562 
v -14.871442794799805 37.7576904296875 20.550670623779297 
v -14.232292175292969 37.54914474487305 20.384010314941406 
v -14.186273574829102 37.54914474487305 20.497482299804688 
v -14.172637939453125 37.54914474487305 20.529396057128906 
v -14.165821075439453 37.55604553222656 20.5471248626709 
v -14.164116859436035 37.57671356201172 20.550670623779297 
v -14.164116859436035 37.58839797973633 20.550670623779297 
v -14.164116859436035 37.7576904296875 20.550670623779297 
v -13.903343200683594 37.54914474487305 20.313091278076172 
v -13.877777099609375 37.54914474487305 20.337913513183594 
v -13.865846633911133 37.55604553222656 20.34855079650879 
v -13.86243724822998 37.57671356201172 20.352096557617188 
v -13.86243724822998 37.58839797973633 20.352096557617188 
v -13.86243724822998 37.7576904296875 20.352096557617188 
v -13.663022994995117 37.58839797973633 20.050687789916992 
v -13.663022994995117 37.57671356201172 20.050687789916992 
v -13.589733123779297 37.58839797973633 19.696090698242188 
v -13.589733123779297 37.57671356201172 19.696090698242188 
v -13.663022994995117 37.58839797973633 19.34503746032715 
v -13.663022994995117 37.57671356201172 19.34503746032715 
v -13.86243724822998 37.58839797973633 19.043630599975586 
v -13.86243724822998 37.57671356201172 19.043630599975586 
v -14.164116859436035 37.58839797973633 18.845054626464844 
v -14.164116859436035 37.57671356201172 18.845054626464844 
v -14.516926765441895 37.58839797973633 18.77058982849121 
v -14.516926765441895 37.57671356201172 18.77058982849121 
v -14.871442794799805 37.58839797973633 18.845054626464844 
v -14.871442794799805 37.57671356201172 18.845054626464844 
v -15.173121452331543 37.58839797973633 19.043630599975586 
v -15.173121452331543 37.57671356201172 19.043630599975586 
v -15.370831489562988 37.58839797973633 19.34503746032715 
v -15.370831489562988 37.57671356201172 19.34503746032715 
v -15.444120407104492 37.57671356201172 19.696090698242188 
v -15.370831489562988 37.57671356201172 20.050687789916992 
v -13.669840812683105 37.55604553222656 20.050687789916992 
v -13.596550941467285 37.55604553222656 19.696090698242188 
v -13.669840812683105 37.55604553222656 19.34503746032715 
v -13.865846633911133 37.55604553222656 19.047176361083984 
v -14.165821075439453 37.55604553222656 18.848600387573242 
v -14.516926765441895 37.55604553222656 18.777681350708008 
v -14.868033409118652 37.55604553222656 18.848600387573242 
v -15.168007850646973 37.55604553222656 19.047176361083984 
v -15.365718841552734 37.55604553222656 19.34503746032715 
v -15.439007759094238 37.55604553222656 19.696090698242188 
v -15.365718841552734 37.55604553222656 20.050687789916992 
v -13.685179710388184 37.54914474487305 20.043596267700195 
v -13.613595008850098 37.54914474487305 19.696090698242188 
v -13.685179710388184 37.54914474487305 19.352130889892578 
v -13.877777099609375 37.54914474487305 19.05781364440918 
v -14.172637939453125 37.54914474487305 18.866331100463867 
v -14.516926765441895 37.54914474487305 18.791866302490234 
v -14.862920761108398 37.54914474487305 18.866331100463867 
v -15.15607738494873 37.54914474487305 19.05781364440918 
v -15.35037899017334 37.54914474487305 19.352130889892578 
v -15.421963691711426 37.54914474487305 19.696090698242188 
v -15.35037899017334 37.54914474487305 20.043596267700195 
v -13.71756362915039 37.54914474487305 20.0294132232666 
v -13.64938735961914 37.54914474487305 19.696090698242188 
v -13.71756362915039 37.54914474487305 19.366313934326172 
v -13.903343200683594 37.54914474487305 19.0826358795166 
v -14.186273574829102 37.54914474487305 18.898244857788086 
v -14.516926765441895 37.54914474487305 18.83087158203125 
v -14.849285125732422 37.54914474487305 18.898244857788086 
v -15.13221549987793 37.54914474487305 19.0826358795166 
v -15.317995071411133 37.54914474487305 19.366313934326172 
v -15.386171340942383 37.54914474487305 19.696090698242188 
v -15.317995071411133 37.54914474487305 20.0294132232666 
v -13.990267753601074 37.54914474487305 20.224441528320312 
v -13.83005428314209 37.54914474487305 19.983314514160156 
v -13.770400047302246 37.54914474487305 19.696090698242188 
v -13.83005428314209 37.54914474487305 19.412412643432617 
v -13.990267753601074 37.54914474487305 19.17128562927246 
v -14.232292175292969 37.54914474487305 19.011716842651367 
v -14.516926765441895 37.54914474487305 18.951435089111328 
v -14.801562309265137 37.54914474487305 19.011716842651367 
v -15.04529094696045 37.54914474487305 19.17128562927246 
v -15.205504417419434 37.54914474487305 19.412412643432617 
v -15.26345443725586 37.54914474487305 19.696090698242188 
v -15.205504417419434 37.54914474487305 19.983314514160156 
v -15.173121452331543 37.54914474487305 19.969131469726562 
v -15.157781600952148 37.55300521850586 19.962038040161133 
v -15.229366302490234 37.54914474487305 19.696090698242188 
v -15.173121452331543 37.54914474487305 19.42659568786621 
v -15.01972484588623 37.54914474487305 19.196107864379883 
v -14.78792667388916 37.54914474487305 19.043630599975586 
v -14.516926765441895 37.54914474487305 18.986894607543945 
v -14.245927810668945 37.54914474487305 19.043630599975586 
v -14.014129638671875 37.54914474487305 19.196107864379883 
v -13.86243724822998 37.54914474487305 19.42659568786621 
v -13.806192398071289 37.54914474487305 19.696090698242188 
v -13.86243724822998 37.54914474487305 19.969131469726562 
v -14.014129638671875 37.54914474487305 20.19961929321289 
v -14.245927810668945 37.54914474487305 20.352096557617188 
v -14.516926765441895 37.55300521850586 20.391101837158203 
v -14.252745628356934 37.55300521850586 20.337913513183594 
v -14.026060104370117 37.55300521850586 20.188982009887695 
v -13.877777099609375 37.55300521850586 19.962038040161133 
v -13.823236465454102 37.55300521850586 19.696090698242188 
v -13.877777099609375 37.55300521850586 19.433687210083008 
v -14.026060104370117 37.55300521850586 19.206745147705078 
v -14.252745628356934 37.55300521850586 19.05781364440918 
v -14.516926765441895 37.55300521850586 19.00107765197754 
v -14.782814025878906 37.55300521850586 19.05781364440918 
v -15.007794380187988 37.55300521850586 19.206745147705078 
v -15.157781600952148 37.55300521850586 19.433687210083008 
v -15.212322235107422 37.55300521850586 19.696090698242188 
v -13.663022994995117 37.7576904296875 20.050687789916992 
v -13.589733123779297 37.7576904296875 19.696090698242188 
v -13.663022994995117 37.7576904296875 19.34503746032715 
v -13.86243724822998 37.7576904296875 19.043630599975586 
v -14.164116859436035 37.7576904296875 18.845054626464844 
v -14.516926765441895 37.7576904296875 18.77058982849121 
v -14.871442794799805 37.7576904296875 18.845054626464844 
v -15.173121452331543 37.7576904296875 19.043630599975586 
v -15.370831489562988 37.7576904296875 19.34503746032715 
v 9.949734687805176 37.7576904296875 18.845054626464844 
v 9.949734687805176 37.58839797973633 18.845054626464844 
v 9.64635181427002 37.7576904296875 19.043630599975586 
v 9.64635181427002 37.58839797973633 19.043630599975586 
v 9.448640823364258 37.7576904296875 19.34503746032715 
v 9.448640823364258 37.58839797973633 19.34503746032715 
v 9.375351905822754 37.7576904296875 19.696090698242188 
v 9.375351905822754 37.58839797973633 19.696090698242188 
v 9.448640823364258 37.7576904296875 20.050687789916992 
v 9.448640823364258 37.58839797973633 20.050687789916992 
v 9.64635181427002 37.7576904296875 20.352096557617188 
v 9.64635181427002 37.58839797973633 20.352096557617188 
v 9.949734687805176 37.58839797973633 20.550670623779297 
v 9.64635181427002 37.57671356201172 20.352096557617188 
v 9.949734687805176 37.57671356201172 20.550670623779297 
v 9.651464462280273 37.55604553222656 20.34855079650879 
v 9.951438903808594 37.55604553222656 20.5471248626709 
v 9.663395881652832 37.54914474487305 20.337913513183594 
v 9.958256721496582 37.54914474487305 20.529396057128906 
v 9.68896198272705 37.54914474487305 20.313091278076172 
v 9.971892356872559 37.54914474487305 20.497482299804688 
v 9.774181365966797 37.54914474487305 20.224441528320312 
v 10.017910957336426 37.54914474487305 20.384010314941406 
v 9.799747467041016 37.54914474487305 20.19961929321289 
v 10.031545639038086 37.54914474487305 20.352096557617188 
v 9.811677932739258 37.55300521850586 20.188982009887695 
v 10.036659240722656 37.55300521850586 20.337913513183594 
v 10.302545547485352 37.58839797973633 20.625137329101562 
v 10.302545547485352 37.57671356201172 20.625137329101562 
v 10.655356407165527 37.58839797973633 20.550670623779297 
v 10.655356407165527 37.57671356201172 20.550670623779297 
v 10.957035064697266 37.58839797973633 20.352096557617188 
v 10.957035064697266 37.57671356201172 20.352096557617188 
v 11.156450271606445 37.58839797973633 20.050687789916992 
v 11.156450271606445 37.57671356201172 20.050687789916992 
v 11.22973918914795 37.58839797973633 19.696090698242188 
v 11.22973918914795 37.57671356201172 19.696090698242188 
v 11.156450271606445 37.58839797973633 19.34503746032715 
v 11.156450271606445 37.57671356201172 19.34503746032715 
v 10.957035064697266 37.58839797973633 19.043630599975586 
v 10.957035064697266 37.57671356201172 19.043630599975586 
v 10.655356407165527 37.58839797973633 18.845054626464844 
v 10.655356407165527 37.57671356201172 18.845054626464844 
v 10.302545547485352 37.58839797973633 18.77058982849121 
v 10.302545547485352 37.57671356201172 18.77058982849121 
v 9.949734687805176 37.57671356201172 18.845054626464844 
v 9.64635181427002 37.57671356201172 19.043630599975586 
v 9.448640823364258 37.57671356201172 19.34503746032715 
v 9.375351905822754 37.57671356201172 19.696090698242188 
v 9.448640823364258 37.57671356201172 20.050687789916992 
v 10.302545547485352 37.55604553222656 20.618045806884766 
v 10.65365219116211 37.55604553222656 20.5471248626709 
v 10.95362663269043 37.55604553222656 20.34855079650879 
v 11.151336669921875 37.55604553222656 20.050687789916992 
v 11.222921371459961 37.55604553222656 19.696090698242188 
v 11.151336669921875 37.55604553222656 19.34503746032715 
v 10.95362663269043 37.55604553222656 19.047176361083984 
v 10.65365219116211 37.55604553222656 18.848600387573242 
v 10.302545547485352 37.55604553222656 18.777681350708008 
v 9.951438903808594 37.55604553222656 18.848600387573242 
v 9.651464462280273 37.55604553222656 19.047176361083984 
v 9.453754425048828 37.55604553222656 19.34503746032715 
v 9.382169723510742 37.55604553222656 19.696090698242188 
v 9.453754425048828 37.55604553222656 20.050687789916992 
v 10.302545547485352 37.54914474487305 20.60031509399414 
v 10.646834373474121 37.54914474487305 20.529396057128906 
v 10.941695213317871 37.54914474487305 20.337913513183594 
v 11.134292602539062 37.54914474487305 20.043596267700195 
v 11.205877304077148 37.54914474487305 19.696090698242188 
v 11.134292602539062 37.54914474487305 19.352130889892578 
v 10.941695213317871 37.54914474487305 19.05781364440918 
v 10.646834373474121 37.54914474487305 18.866331100463867 
v 10.302545547485352 37.54914474487305 18.791866302490234 
v 9.958256721496582 37.54914474487305 18.866331100463867 
v 9.663395881652832 37.54914474487305 19.05781364440918 
v 9.469094276428223 37.54914474487305 19.352130889892578 
v 9.399213790893555 37.54914474487305 19.696090698242188 
v 9.469094276428223 37.54914474487305 20.043596267700195 
v 10.302545547485352 37.54914474487305 20.564855575561523 
v 10.633198738098145 37.54914474487305 20.497482299804688 
v 10.916130065917969 37.54914474487305 20.313091278076172 
v 11.101909637451172 37.54914474487305 20.0294132232666 
v 11.171789169311523 37.54914474487305 19.696090698242188 
v 11.101909637451172 37.54914474487305 19.366313934326172 
v 10.916130065917969 37.54914474487305 19.0826358795166 
v 10.633198738098145 37.54914474487305 18.898244857788086 
v 10.302545547485352 37.54914474487305 18.83087158203125 
v 9.971892356872559 37.54914474487305 18.898244857788086 
v 9.68896198272705 37.54914474487305 19.0826358795166 
v 9.503182411193848 37.54914474487305 19.366313934326172 
v 9.43330192565918 37.54914474487305 19.696090698242188 
v 9.503182411193848 37.54914474487305 20.0294132232666 
v 10.302545547485352 37.54914474487305 20.444292068481445 
v 10.587180137634277 37.54914474487305 20.384010314941406 
v 10.830909729003906 37.54914474487305 20.224441528320312 
v 10.989418983459473 37.54914474487305 19.983314514160156 
v 11.049073219299316 37.54914474487305 19.696090698242188 
v 10.989418983459473 37.54914474487305 19.412412643432617 
v 10.830909729003906 37.54914474487305 19.17128562927246 
v 10.587180137634277 37.54914474487305 19.011716842651367 
v 10.302545547485352 37.54914474487305 18.951435089111328 
v 10.017910957336426 37.54914474487305 19.011716842651367 
v 9.774181365966797 37.54914474487305 19.17128562927246 
v 9.61567211151123 37.54914474487305 19.412412643432617 
v 9.556018829345703 37.54914474487305 19.696090698242188 
v 9.61567211151123 37.54914474487305 19.983314514160156 
v 9.648056030273438 37.54914474487305 19.969131469726562 
v 9.663395881652832 37.55300521850586 19.962038040161133 
v 10.302545547485352 37.54914474487305 20.408832550048828 
v 10.573545455932617 37.54914474487305 20.352096557617188 
v 10.805343627929688 37.54914474487305 20.19961929321289 
v 10.957035064697266 37.54914474487305 19.969131469726562 
v 11.013280868530273 37.54914474487305 19.696090698242188 
v 10.957035064697266 37.54914474487305 19.42659568786621 
v 10.805343627929688 37.54914474487305 19.196107864379883 
v 10.573545455932617 37.54914474487305 19.043630599975586 
v 10.302545547485352 37.54914474487305 18.986894607543945 
v 10.031545639038086 37.54914474487305 19.043630599975586 
v 9.799747467041016 37.54914474487305 19.196107864379883 
v 9.648056030273438 37.54914474487305 19.42659568786621 
v 9.591811180114746 37.54914474487305 19.696090698242188 
v 10.302545547485352 37.55300521850586 20.391101837158203 
v 10.566727638244629 37.55300521850586 20.337913513183594 
v 10.793413162231445 37.55300521850586 20.188982009887695 
v 10.941695213317871 37.55300521850586 19.962038040161133 
v 10.997941017150879 37.55300521850586 19.696090698242188 
v 10.941695213317871 37.55300521850586 19.433687210083008 
v 10.793413162231445 37.55300521850586 19.206745147705078 
v 10.566727638244629 37.55300521850586 19.05781364440918 
v 10.302545547485352 37.55300521850586 19.00107765197754 
v 10.036659240722656 37.55300521850586 19.05781364440918 
v 9.811677932739258 37.55300521850586 19.206745147705078 
v 9.663395881652832 37.55300521850586 19.433687210083008 
v 9.607150077819824 37.55300521850586 19.696090698242188 
v 9.949734687805176 37.7576904296875 20.550670623779297 
v 10.302545547485352 37.7576904296875 20.625137329101562 
v 10.655356407165527 37.7576904296875 20.550670623779297 
v 10.957035064697266 37.7576904296875 20.352096557617188 
v 11.156450271606445 37.7576904296875 20.050687789916992 
v 11.22973918914795 37.7576904296875 19.696090698242188 
v 11.156450271606445 37.7576904296875 19.34503746032715 
v 10.957035064697266 37.7576904296875 19.043630599975586 
v 10.655356407165527 37.7576904296875 18.845054626464844 
v 10.302545547485352 37.7576904296875 18.77058982849121 
v 6.876701831817627 36.545860290527344 -52.22347640991211 
v 6.8596577644348145 36.54199981689453 -52.22347640991211 
v 6.9312424659729 36.545860290527344 -52.48942565917969 
v 6.915902614593506 36.54199981689453 -52.496517181396484 
v 7.079524993896484 36.545860290527344 -52.716365814208984 
v 7.067594528198242 36.54199981689453 -52.72700500488281 
v 7.306210517883301 36.545860290527344 -52.865299224853516 
v 7.2993927001953125 36.54199981689453 -52.87948226928711 
v 7.572096824645996 36.545860290527344 -52.918487548828125 
v 7.572096824645996 36.54199981689453 -52.93621826171875 
v 7.836278915405273 36.545860290527344 -52.865299224853516 
v 7.8430962562561035 36.54199981689453 -52.87948226928711 
v 8.06296443939209 36.545860290527344 -52.716365814208984 
v 8.074894905090332 36.54199981689453 -52.72700500488281 
v 8.211246490478516 36.545860290527344 -52.48942565917969 
v 8.22658634185791 36.54199981689453 -52.496517181396484 
v 8.265787124633789 36.545860290527344 -52.22347640991211 
v 8.282831192016602 36.54199981689453 -52.22347640991211 
v 8.211246490478516 36.545860290527344 -51.96107482910156 
v 8.22658634185791 36.54199981689453 -51.953983306884766 
v 8.06296443939209 36.545860290527344 -51.734130859375 
v 8.074894905090332 36.54199981689453 -51.719947814941406 
v 7.836278915405273 36.545860290527344 -51.585201263427734 
v 7.8430962562561035 36.54199981689453 -51.571014404296875 
v 7.572096824645996 36.545860290527344 -51.528465270996094 
v 7.572096824645996 36.54199981689453 -51.514278411865234 
v 7.306210517883301 36.545860290527344 -51.585201263427734 
v 7.2993927001953125 36.54199981689453 -51.571014404296875 
v 7.079524993896484 36.545860290527344 -51.734130859375 
v 7.067594528198242 36.54199981689453 -51.719947814941406 
v 6.9312424659729 36.545860290527344 -51.96107482910156 
v 6.915902614593506 36.54199981689453 -51.953983306884766 
v 6.883519172668457 36.54199981689453 -51.939796447753906 
v 6.8255696296691895 36.54199981689453 -52.22347640991211 
v 6.883519172668457 36.54199981689453 -52.51070022583008 
v 7.043732643127441 36.54199981689453 -52.751827239990234 
v 7.285757541656494 36.54199981689453 -52.91139602661133 
v 7.572096824645996 36.54199981689453 -52.9716796875 
v 7.856731414794922 36.54199981689453 -52.91139602661133 
v 8.098756790161133 36.54199981689453 -52.751827239990234 
v 8.258970260620117 36.54199981689453 -52.51070022583008 
v 8.316919326782227 36.54199981689453 -52.22347640991211 
v 8.258970260620117 36.54199981689453 -51.939796447753906 
v 8.098756790161133 36.54199981689453 -51.695125579833984 
v 7.856731414794922 36.54199981689453 -51.53555679321289 
v 7.572096824645996 36.54199981689453 -51.47882080078125 
v 7.285757541656494 36.54199981689453 -51.53555679321289 
v 7.043732643127441 36.54199981689453 -51.695125579833984 
v 6.771028995513916 36.54199981689453 -51.893699645996094 
v 6.702852725982666 36.54199981689453 -52.22347640991211 
v 6.771028995513916 36.54199981689453 -52.55679702758789 
v 6.956808567047119 36.54199981689453 -52.840476989746094 
v 7.239738941192627 36.54199981689453 -53.02486801147461 
v 7.572096824645996 36.54199981689453 -53.09223937988281 
v 7.902750492095947 36.54199981689453 -53.02486801147461 
v 8.185680389404297 36.54199981689453 -52.840476989746094 
v 8.3714599609375 36.54199981689453 -52.55679702758789 
v 8.43963623046875 36.54199981689453 -52.22347640991211 
v 8.3714599609375 36.54199981689453 -51.893699645996094 
v 8.185680389404297 36.54199981689453 -51.61001968383789 
v 7.902750492095947 36.54199981689453 -51.425628662109375 
v 7.572096824645996 36.54199981689453 -51.35470962524414 
v 7.239738941192627 36.54199981689453 -51.425628662109375 
v 6.956808567047119 36.54199981689453 -51.61001968383789 
v 6.9312424659729 36.54199981689453 -51.585201263427734 
v 6.738645076751709 36.54199981689453 -51.8795166015625 
v 6.9193115234375 36.54890060424805 -51.574562072753906 
v 6.723305702209473 36.54890060424805 -51.8724250793457 
v 6.915902614593506 36.56956481933594 -51.571014404296875 
v 6.7181925773620605 36.56956481933594 -51.8724250793457 
v 6.915902614593506 36.58125305175781 -51.571014404296875 
v 6.7181925773620605 36.58125305175781 -51.8724250793457 
v 6.915902614593506 36.750545501708984 -51.571014404296875 
v 6.7181925773620605 36.750545501708984 -51.8724250793457 
v 6.667060375213623 36.54199981689453 -52.22347640991211 
v 6.738645076751709 36.54199981689453 -52.57098388671875 
v 6.9312424659729 36.54199981689453 -52.865299224853516 
v 7.226103782653809 36.54199981689453 -53.05678176879883 
v 7.572096824645996 36.54199981689453 -53.12770080566406 
v 7.916385650634766 36.54199981689453 -53.05678176879883 
v 8.211246490478516 36.54199981689453 -52.865299224853516 
v 8.403843879699707 36.54199981689453 -52.57098388671875 
v 8.475428581237793 36.54199981689453 -52.22347640991211 
v 8.403843879699707 36.54199981689453 -51.8795166015625 
v 8.211246490478516 36.54199981689453 -51.585201263427734 
v 7.916385650634766 36.54199981689453 -51.393714904785156 
v 7.572096824645996 36.54199981689453 -51.319252014160156 
v 7.226103782653809 36.54199981689453 -51.393714904785156 
v 6.6500163078308105 36.54890060424805 -52.22347640991211 
v 6.723305702209473 36.54890060424805 -52.574527740478516 
v 6.9193115234375 36.54890060424805 -52.87593460083008 
v 7.21928596496582 36.54890060424805 -53.07451248168945 
v 7.572096824645996 36.54890060424805 -53.14543151855469 
v 7.923202991485596 36.54890060424805 -53.07451248168945 
v 8.223177909851074 36.54890060424805 -52.87593460083008 
v 8.419183731079102 36.54890060424805 -52.574527740478516 
v 8.492472648620605 36.54890060424805 -52.22347640991211 
v 8.419183731079102 36.54890060424805 -51.8724250793457 
v 8.223177909851074 36.54890060424805 -51.574562072753906 
v 7.923202991485596 36.54890060424805 -51.3759880065918 
v 7.572096824645996 36.54890060424805 -51.30506896972656 
v 7.21928596496582 36.54890060424805 -51.3759880065918 
v 6.644903182983398 36.56956481933594 -52.22347640991211 
v 6.7181925773620605 36.56956481933594 -52.57807540893555 
v 6.915902614593506 36.56956481933594 -52.87948226928711 
v 7.217581748962402 36.56956481933594 -53.07805633544922 
v 7.572096824645996 36.56956481933594 -53.152523040771484 
v 7.924907684326172 36.56956481933594 -53.07805633544922 
v 8.22658634185791 36.56956481933594 -52.87948226928711 
v 8.424296379089355 36.56956481933594 -52.57807540893555 
v 8.497586250305176 36.56956481933594 -52.22347640991211 
v 8.424296379089355 36.56956481933594 -51.8724250793457 
v 8.22658634185791 36.56956481933594 -51.571014404296875 
v 7.924907684326172 36.56956481933594 -51.372440338134766 
v 7.572096824645996 36.56956481933594 -51.2979736328125 
v 7.217581748962402 36.56956481933594 -51.372440338134766 
v 6.644903182983398 36.58125305175781 -52.22347640991211 
v 6.7181925773620605 36.58125305175781 -52.57807540893555 
v 6.915902614593506 36.58125305175781 -52.87948226928711 
v 7.217581748962402 36.58125305175781 -53.07805633544922 
v 7.572096824645996 36.58125305175781 -53.152523040771484 
v 7.924907684326172 36.58125305175781 -53.07805633544922 
v 8.22658634185791 36.58125305175781 -52.87948226928711 
v 8.424296379089355 36.58125305175781 -52.57807540893555 
v 8.497586250305176 36.58125305175781 -52.22347640991211 
v 8.424296379089355 36.58125305175781 -51.8724250793457 
v 8.22658634185791 36.58125305175781 -51.571014404296875 
v 7.924907684326172 36.58125305175781 -51.372440338134766 
v 7.572096824645996 36.58125305175781 -51.2979736328125 
v 7.217581748962402 36.58125305175781 -51.372440338134766 
v 6.644903182983398 36.750545501708984 -52.22347640991211 
v 6.7181925773620605 36.750545501708984 -52.57807540893555 
v 6.915902614593506 36.750545501708984 -52.87948226928711 
v 7.217581748962402 36.750545501708984 -53.07805633544922 
v 7.572096824645996 36.750545501708984 -53.152523040771484 
v 7.924907684326172 36.750545501708984 -53.07805633544922 
v 8.22658634185791 36.750545501708984 -52.87948226928711 
v 8.424296379089355 36.750545501708984 -52.57807540893555 
v 8.497586250305176 36.750545501708984 -52.22347640991211 
v 8.424296379089355 36.750545501708984 -51.8724250793457 
v 8.22658634185791 36.750545501708984 -51.571014404296875 
v 7.924907684326172 36.750545501708984 -51.372440338134766 
v 7.572096824645996 36.750545501708984 -51.2979736328125 
v 7.217581748962402 36.750545501708984 -51.372440338134766 
v 26.82499885559082 37.55300521850586 3.0760819911956787 
v 26.81818199157715 37.54914474487305 3.0618982315063477 
v 27.089181900024414 37.55300521850586 3.022892475128174 
v 27.089181900024414 37.54914474487305 3.005162477493286 
v 27.35506820678711 37.55300521850586 3.0760819911956787 
v 27.360179901123047 37.54914474487305 3.0618982315063477 
v 27.58175277709961 37.55300521850586 3.225013256072998 
v 27.59197998046875 37.54914474487305 3.2143752574920654 
v 27.73003578186035 37.55300521850586 3.451956033706665 
v 27.74537467956543 37.54914474487305 3.44486403465271 
v 27.784576416015625 37.55300521850586 3.717904567718506 
v 27.801620483398438 37.54914474487305 3.717904567718506 
v 27.73003578186035 37.55300521850586 3.9838528633117676 
v 27.74537467956543 37.54914474487305 3.987398862838745 
v 27.58175277709961 37.55300521850586 4.207249641418457 
v 27.59197998046875 37.54914474487305 4.221433639526367 
v 27.35506820678711 37.55300521850586 4.356180667877197 
v 27.360179901123047 37.54914474487305 4.373910903930664 
v 27.089181900024414 37.55300521850586 4.412916660308838 
v 27.089181900024414 37.54914474487305 4.4306464195251465 
v 26.82499885559082 37.55300521850586 4.356180667877197 
v 26.81818199157715 37.54914474487305 4.373910903930664 
v 26.59831428527832 37.55300521850586 4.207249641418457 
v 26.586383819580078 37.54914474487305 4.221433639526367 
v 26.450031280517578 37.55300521850586 3.9838528633117676 
v 26.4346923828125 37.54914474487305 3.987398862838745 
v 26.395490646362305 37.55300521850586 3.717904567718506 
v 26.378446578979492 37.54914474487305 3.717904567718506 
v 26.450031280517578 37.55300521850586 3.451956033706665 
v 26.4346923828125 37.54914474487305 3.44486403465271 
v 26.59831428527832 37.55300521850586 3.225013256072998 
v 26.586383819580078 37.54914474487305 3.2143752574920654 
v 26.56252098083496 37.54914474487305 3.1895534992218018 
v 26.804546356201172 37.54914474487305 3.02998423576355 
v 27.089181900024414 37.54914474487305 2.96970272064209 
v 27.373815536499023 37.54914474487305 3.02998423576355 
v 27.61754608154297 37.54914474487305 3.1895534992218018 
v 27.777759552001953 37.54914474487305 3.4342260360717773 
v 27.835708618164062 37.54914474487305 3.717904567718506 
v 27.777759552001953 37.54914474487305 4.001582622528076 
v 27.61754608154297 37.54914474487305 4.246255397796631 
v 27.373815536499023 37.54914474487305 4.405824661254883 
v 27.089181900024414 37.54914474487305 4.462560176849365 
v 26.804546356201172 37.54914474487305 4.405824661254883 
v 26.56252098083496 37.54914474487305 4.246255397796631 
v 26.402307510375977 37.54914474487305 4.001582622528076 
v 26.342653274536133 37.54914474487305 3.717904567718506 
v 26.402307510375977 37.54914474487305 3.4342260360717773 
v 26.289817810058594 37.54914474487305 4.047680377960205 
v 26.221641540527344 37.54914474487305 3.717904567718506 
v 26.289817810058594 37.54914474487305 3.384582281112671 
v 26.475597381591797 37.54914474487305 3.104449987411499 
v 26.758527755737305 37.54914474487305 2.916512966156006 
v 27.089181900024414 37.54914474487305 2.849139451980591 
v 27.421539306640625 37.54914474487305 2.916512966156006 
v 27.704469680786133 37.54914474487305 3.104449987411499 
v 27.890249252319336 37.54914474487305 3.384582281112671 
v 27.958425521850586 37.54914474487305 3.717904567718506 
v 27.890249252319336 37.54914474487305 4.047680377960205 
v 27.704469680786133 37.54914474487305 4.331358909606934 
v 27.421539306640625 37.54914474487305 4.515749931335449 
v 27.089181900024414 37.54914474487305 4.586669445037842 
v 26.758527755737305 37.54914474487305 4.515749931335449 
v 26.475597381591797 37.54914474487305 4.331358909606934 
v 26.450031280517578 37.54914474487305 4.356180667877197 
v 26.257434844970703 37.54914474487305 4.061864376068115 
v 26.438100814819336 37.55604553222656 4.370364665985107 
v 26.242094039916992 37.55604553222656 4.06895637512207 
v 26.4346923828125 37.57671356201172 4.373910903930664 
v 26.23527717590332 37.57671356201172 4.072502613067627 
v 26.4346923828125 37.58839797973633 4.373910903930664 
v 26.23527717590332 37.58839797973633 4.072502613067627 
v 26.4346923828125 37.7576904296875 4.373910903930664 
v 26.23527717590332 37.7576904296875 4.072502613067627 
v 26.185850143432617 37.54914474487305 3.717904567718506 
v 26.257434844970703 37.54914474487305 3.3739442825317383 
v 26.450031280517578 37.54914474487305 3.0796279907226562 
v 26.744892120361328 37.54914474487305 2.884599208831787 
v 27.089181900024414 37.54914474487305 2.8136794567108154 
v 27.4351749420166 37.54914474487305 2.884599208831787 
v 27.728330612182617 37.54914474487305 3.0796279907226562 
v 27.922632217407227 37.54914474487305 3.3739442825317383 
v 27.994216918945312 37.54914474487305 3.717904567718506 
v 27.922632217407227 37.54914474487305 4.061864376068115 
v 27.728330612182617 37.54914474487305 4.356180667877197 
v 27.4351749420166 37.54914474487305 4.551209926605225 
v 27.089181900024414 37.54914474487305 4.622129440307617 
v 26.744892120361328 37.54914474487305 4.551209926605225 
v 26.168806076049805 37.55604553222656 3.717904567718506 
v 26.242094039916992 37.55604553222656 3.3668525218963623 
v 26.438100814819336 37.55604553222656 3.065444231033325 
v 26.738075256347656 37.55604553222656 2.870415210723877 
v 27.089181900024414 37.55604553222656 2.795949697494507 
v 27.440288543701172 37.55604553222656 2.870415210723877 
v 27.74026107788086 37.55604553222656 3.065444231033325 
v 27.937973022460938 37.55604553222656 3.3668525218963623 
v 28.011260986328125 37.55604553222656 3.717904567718506 
v 27.937973022460938 37.55604553222656 4.06895637512207 
v 27.74026107788086 37.55604553222656 4.370364665985107 
v 27.440288543701172 37.55604553222656 4.565393447875977 
v 27.089181900024414 37.55604553222656 4.639859199523926 
v 26.738075256347656 37.55604553222656 4.565393447875977 
v 26.1619873046875 37.57671356201172 3.717904567718506 
v 26.23527717590332 37.57671356201172 3.3633065223693848 
v 26.4346923828125 37.57671356201172 3.0618982315063477 
v 26.736370086669922 37.57671356201172 2.863323211669922 
v 27.089181900024414 37.57671356201172 2.7924036979675293 
v 27.443696975708008 37.57671356201172 2.863323211669922 
v 27.74537467956543 37.57671356201172 3.0618982315063477 
v 27.943084716796875 37.57671356201172 3.3633065223693848 
v 28.016374588012695 37.57671356201172 3.717904567718506 
v 27.943084716796875 37.57671356201172 4.072502613067627 
v 27.74537467956543 37.57671356201172 4.373910903930664 
v 27.443696975708008 37.57671356201172 4.572485446929932 
v 27.089181900024414 37.57671356201172 4.643405437469482 
v 26.736370086669922 37.57671356201172 4.572485446929932 
v 26.1619873046875 37.58839797973633 3.717904567718506 
v 26.23527717590332 37.58839797973633 3.3633065223693848 
v 26.4346923828125 37.58839797973633 3.0618982315063477 
v 26.736370086669922 37.58839797973633 2.863323211669922 
v 27.089181900024414 37.58839797973633 2.7924036979675293 
v 27.443696975708008 37.58839797973633 2.863323211669922 
v 27.74537467956543 37.58839797973633 3.0618982315063477 
v 27.943084716796875 37.58839797973633 3.3633065223693848 
v 28.016374588012695 37.58839797973633 3.717904567718506 
v 27.943084716796875 37.58839797973633 4.072502613067627 
v 27.74537467956543 37.58839797973633 4.373910903930664 
v 27.443696975708008 37.58839797973633 4.572485446929932 
v 27.089181900024414 37.58839797973633 4.643405437469482 
v 26.736370086669922 37.58839797973633 4.572485446929932 
v 26.1619873046875 37.7576904296875 3.717904567718506 
v 26.23527717590332 37.7576904296875 3.3633065223693848 
v 26.4346923828125 37.7576904296875 3.0618982315063477 
v 26.736370086669922 37.7576904296875 2.863323211669922 
v 27.089181900024414 37.7576904296875 2.7924036979675293 
v 27.443696975708008 37.7576904296875 2.863323211669922 
v 27.74537467956543 37.7576904296875 3.0618982315063477 
v 27.943084716796875 37.7576904296875 3.3633065223693848 
v 28.016374588012695 37.7576904296875 3.717904567718506 
v 27.943084716796875 37.7576904296875 4.072502613067627 
v 27.74537467956543 37.7576904296875 4.373910903930664 
v 27.443696975708008 37.7576904296875 4.572485446929932 
v 27.089181900024414 37.7576904296875 4.643405437469482 
v 26.736370086669922 37.7576904296875 4.572485446929932 
v 26.395490646362305 37.55300521850586 -27.36260986328125 
v 26.378446578979492 37.54914474487305 -27.36260986328125 
v 26.450031280517578 37.55300521850586 -27.628559112548828 
v 26.4346923828125 37.54914474487305 -27.635650634765625 
v 26.59831428527832 37.55300521850586 -27.855501174926758 
v 26.586383819580078 37.54914474487305 -27.866138458251953 
v 26.82499885559082 37.55300521850586 -28.000886917114258 
v 26.81818199157715 37.54914474487305 -28.01861572265625 
v 27.089181900024414 37.55300521850586 -28.0576229095459 
v 27.089181900024414 37.54914474487305 -28.07535171508789 
v 27.35506820678711 37.55300521850586 -28.000886917114258 
v 27.360179901123047 37.54914474487305 -28.01861572265625 
v 27.58175277709961 37.55300521850586 -27.855501174926758 
v 27.59197998046875 37.54914474487305 -27.866138458251953 
v 27.73003578186035 37.55300521850586 -27.628559112548828 
v 27.74537467956543 37.54914474487305 -27.635650634765625 
v 27.784576416015625 37.55300521850586 -27.36260986328125 
v 27.801620483398438 37.54914474487305 -27.36260986328125 
v 27.73003578186035 37.55300521850586 -27.096662521362305 
v 27.74537467956543 37.54914474487305 -27.089569091796875 
v 27.58175277709961 37.55300521850586 -26.869718551635742 
v 27.59197998046875 37.54914474487305 -26.859081268310547 
v 27.35506820678711 37.55300521850586 -26.724334716796875 
v 27.360179901123047 37.54914474487305 -26.70660400390625 
v 27.089181900024414 37.55300521850586 -26.667598724365234 
v 27.089181900024414 37.54914474487305 -26.64986801147461 
v 26.82499885559082 37.55300521850586 -26.724334716796875 
v 26.81818199157715 37.54914474487305 -26.70660400390625 
v 26.59831428527832 37.55300521850586 -26.869718551635742 
v 26.586383819580078 37.54914474487305 -26.859081268310547 
v 26.450031280517578 37.55300521850586 -27.096662521362305 
v 26.4346923828125 37.54914474487305 -27.089569091796875 
v 26.402307510375977 37.54914474487305 -27.07893180847168 
v 26.342653274536133 37.54914474487305 -27.36260986328125 
v 26.402307510375977 37.54914474487305 -27.64628791809082 
v 26.56252098083496 37.54914474487305 -27.890960693359375 
v 26.804546356201172 37.54914474487305 -28.05052947998047 
v 27.089181900024414 37.54914474487305 -28.10726547241211 
v 27.373815536499023 37.54914474487305 -28.05052947998047 
v 27.61754608154297 37.54914474487305 -27.890960693359375 
v 27.777759552001953 37.54914474487305 -27.64628791809082 
v 27.835708618164062 37.54914474487305 -27.36260986328125 
v 27.777759552001953 37.54914474487305 -27.07893180847168 
v 27.61754608154297 37.54914474487305 -26.834259033203125 
v 27.373815536499023 37.54914474487305 -26.67469024658203 
v 27.089181900024414 37.54914474487305 -26.614408493041992 
v 26.804546356201172 37.54914474487305 -26.67469024658203 
v 26.56252098083496 37.54914474487305 -26.834259033203125 
v 26.289817810058594 37.54914474487305 -27.032835006713867 
v 26.221641540527344 37.54914474487305 -27.36260986328125 
v 26.289817810058594 37.54914474487305 -27.692386627197266 
v 26.475597381591797 37.54914474487305 -27.976064682006836 
v 26.758527755737305 37.54914474487305 -28.16400146484375 
v 27.089181900024414 37.54914474487305 -28.231374740600586 
v 27.421539306640625 37.54914474487305 -28.16400146484375 
v 27.704469680786133 37.54914474487305 -27.976064682006836 
v 27.890249252319336 37.54914474487305 -27.692386627197266 
v 27.958425521850586 37.54914474487305 -27.36260986328125 
v 27.890249252319336 37.54914474487305 -27.032835006713867 
v 27.704469680786133 37.54914474487305 -26.749155044555664 
v 27.421539306640625 37.54914474487305 -26.56121826171875 
v 27.089181900024414 37.54914474487305 -26.493844985961914 
v 26.758527755737305 37.54914474487305 -26.56121826171875 
v 26.475597381591797 37.54914474487305 -26.749155044555664 
v 26.450031280517578 37.54914474487305 -26.724334716796875 
v 26.257434844970703 37.54914474487305 -27.01865005493164 
v 26.438100814819336 37.55604553222656 -26.71014976501465 
v 26.242094039916992 37.55604553222656 -27.011558532714844 
v 26.4346923828125 37.57671356201172 -26.70660400390625 
v 26.23527717590332 37.57671356201172 -27.008012771606445 
v 26.4346923828125 37.58839797973633 -26.70660400390625 
v 26.23527717590332 37.58839797973633 -27.008012771606445 
v 26.4346923828125 37.7576904296875 -26.70660400390625 
v 26.23527717590332 37.7576904296875 -27.008012771606445 
v 26.185850143432617 37.54914474487305 -27.36260986328125 
v 26.257434844970703 37.54914474487305 -27.70656967163086 
v 26.450031280517578 37.54914474487305 -28.000886917114258 
v 26.744892120361328 37.54914474487305 -28.19591522216797 
v 27.089181900024414 37.54914474487305 -28.266834259033203 
v 27.4351749420166 37.54914474487305 -28.19591522216797 
v 27.728330612182617 37.54914474487305 -28.000886917114258 
v 27.922632217407227 37.54914474487305 -27.70656967163086 
v 27.994216918945312 37.54914474487305 -27.36260986328125 
v 27.922632217407227 37.54914474487305 -27.01865005493164 
v 27.728330612182617 37.54914474487305 -26.724334716796875 
v 27.4351749420166 37.54914474487305 -26.52930450439453 
v 27.089181900024414 37.54914474487305 -26.458385467529297 
v 26.744892120361328 37.54914474487305 -26.52930450439453 
v 26.168806076049805 37.55604553222656 -27.36260986328125 
v 26.242094039916992 37.55604553222656 -27.71366310119629 
v 26.438100814819336 37.55604553222656 -28.01506996154785 
v 26.738075256347656 37.55604553222656 -28.210100173950195 
v 27.089181900024414 37.55604553222656 -28.284564971923828 
v 27.440288543701172 37.55604553222656 -28.210100173950195 
v 27.74026107788086 37.55604553222656 -28.01506996154785 
v 27.937973022460938 37.55604553222656 -27.71366310119629 
v 28.011260986328125 37.55604553222656 -27.36260986328125 
v 27.937973022460938 37.55604553222656 -27.011558532714844 
v 27.74026107788086 37.55604553222656 -26.71014976501465 
v 27.440288543701172 37.55604553222656 -26.515121459960938 
v 27.089181900024414 37.55604553222656 -26.440654754638672 
v 26.738075256347656 37.55604553222656 -26.515121459960938 
v 26.1619873046875 37.57671356201172 -27.36260986328125 
v 26.23527717590332 37.57671356201172 -27.717208862304688 
v 26.4346923828125 37.57671356201172 -28.01861572265625 
v 26.736370086669922 37.57671356201172 -28.217191696166992 
v 27.089181900024414 37.57671356201172 -28.288110733032227 
v 27.443696975708008 37.57671356201172 -28.217191696166992 
v 27.74537467956543 37.57671356201172 -28.01861572265625 
v 27.943084716796875 37.57671356201172 -27.717208862304688 
v 28.016374588012695 37.57671356201172 -27.36260986328125 
v 27.943084716796875 37.57671356201172 -27.008012771606445 
v 27.74537467956543 37.57671356201172 -26.70660400390625 
v 27.443696975708008 37.57671356201172 -26.50802993774414 
v 27.089181900024414 37.57671356201172 -26.437108993530273 
v 26.736370086669922 37.57671356201172 -26.50802993774414 
v 26.1619873046875 37.58839797973633 -27.36260986328125 
v 26.23527717590332 37.58839797973633 -27.717208862304688 
v 26.4346923828125 37.58839797973633 -28.01861572265625 
v 26.736370086669922 37.58839797973633 -28.217191696166992 
v 27.089181900024414 37.58839797973633 -28.288110733032227 
v 27.443696975708008 37.58839797973633 -28.217191696166992 
v 27.74537467956543 37.58839797973633 -28.01861572265625 
v 27.943084716796875 37.58839797973633 -27.717208862304688 
v 28.016374588012695 37.58839797973633 -27.36260986328125 
v 27.943084716796875 37.58839797973633 -27.008012771606445 
v 27.74537467956543 37.58839797973633 -26.70660400390625 
v 27.443696975708008 37.58839797973633 -26.50802993774414 
v 27.089181900024414 37.58839797973633 -26.437108993530273 
v 26.736370086669922 37.58839797973633 -26.50802993774414 
v 26.1619873046875 37.7576904296875 -27.36260986328125 
v 26.23527717590332 37.7576904296875 -27.717208862304688 
v 26.4346923828125 37.7576904296875 -28.01861572265625 
v 26.736370086669922 37.7576904296875 -28.217191696166992 
v 27.089181900024414 37.7576904296875 -28.288110733032227 
v 27.443696975708008 37.7576904296875 -28.217191696166992 
v 27.74537467956543 37.7576904296875 -28.01861572265625 
v 27.943084716796875 37.7576904296875 -27.717208862304688 
v 28.016374588012695 37.7576904296875 -27.36260986328125 
v 27.943084716796875 37.7576904296875 -27.008012771606445 
v 27.74537467956543 37.7576904296875 -26.70660400390625 
v 27.443696975708008 37.7576904296875 -26.50802993774414 
v 27.089181900024414 37.7576904296875 -26.437108993530273 
v 26.736370086669922 37.7576904296875 -26.50802993774414 
v 9.663395881652832 37.55300521850586 41.14217758178711 
v 9.648056030273438 37.54914474487305 41.13508605957031 
v 9.811677932739258 37.55300521850586 40.91523361206055 
v 9.799747467041016 37.54914474487305 40.904598236083984 
v 10.036659240722656 37.55300521850586 40.76630401611328 
v 10.031545639038086 37.54914474487305 40.75212097167969 
v 10.302545547485352 37.55300521850586 40.71311569213867 
v 10.302545547485352 37.54914474487305 40.69538497924805 
v 10.566727638244629 37.55300521850586 40.76630401611328 
v 10.573545455932617 37.54914474487305 40.75212097167969 
v 10.793413162231445 37.55300521850586 40.91523361206055 
v 10.805343627929688 37.54914474487305 40.904598236083984 
v 10.941695213317871 37.55300521850586 41.14217758178711 
v 10.957035064697266 37.54914474487305 41.13508605957031 
v 10.997941017150879 37.55300521850586 41.40812683105469 
v 11.013280868530273 37.54914474487305 41.40812683105469 
v 10.941695213317871 37.55300521850586 41.670528411865234 
v 10.957035064697266 37.54914474487305 41.67761993408203 
v 10.793413162231445 37.55300521850586 41.8974723815918 
v 10.805343627929688 37.54914474487305 41.91165542602539 
v 10.566727638244629 37.55300521850586 42.04640197753906 
v 10.573545455932617 37.54914474487305 42.060585021972656 
v 10.302545547485352 37.55300521850586 42.1031379699707 
v 10.302545547485352 37.54914474487305 42.1173210144043 
v 10.036659240722656 37.55300521850586 42.04640197753906 
v 10.031545639038086 37.54914474487305 42.060585021972656 
v 9.811677932739258 37.55300521850586 41.8974723815918 
v 9.799747467041016 37.54914474487305 41.91165542602539 
v 9.663395881652832 37.55300521850586 41.670528411865234 
v 9.648056030273438 37.54914474487305 41.67761993408203 
v 9.607150077819824 37.55300521850586 41.40812683105469 
v 9.591811180114746 37.54914474487305 41.40812683105469 
v 9.556018829345703 37.54914474487305 41.40812683105469 
v 9.61567211151123 37.54914474487305 41.12090301513672 
v 9.774181365966797 37.54914474487305 40.87977600097656 
v 10.017910957336426 37.54914474487305 40.72020721435547 
v 10.302545547485352 37.54914474487305 40.6599235534668 
v 10.587180137634277 37.54914474487305 40.72020721435547 
v 10.830909729003906 37.54914474487305 40.87977600097656 
v 10.989418983459473 37.54914474487305 41.12090301513672 
v 11.049073219299316 37.54914474487305 41.40812683105469 
v 10.989418983459473 37.54914474487305 41.691802978515625 
v 10.830909729003906 37.54914474487305 41.93292999267578 
v 10.587180137634277 37.54914474487305 42.096046447753906 
v 10.302545547485352 37.54914474487305 42.15278244018555 
v 10.017910957336426 37.54914474487305 42.096046447753906 
v 9.774181365966797 37.54914474487305 41.93292999267578 
v 9.61567211151123 37.54914474487305 41.691802978515625 
v 9.503182411193848 37.54914474487305 41.7379035949707 
v 9.43330192565918 37.54914474487305 41.40812683105469 
v 9.503182411193848 37.54914474487305 41.07480239868164 
v 9.68896198272705 37.54914474487305 40.7911262512207 
v 9.971892356872559 37.54914474487305 40.60673522949219 
v 10.302545547485352 37.54914474487305 40.53936004638672 
v 10.633198738098145 37.54914474487305 40.60673522949219 
v 10.916130065917969 37.54914474487305 40.7911262512207 
v 11.101909637451172 37.54914474487305 41.07480239868164 
v 11.171789169311523 37.54914474487305 41.40812683105469 
v 11.101909637451172 37.54914474487305 41.7379035949707 
v 10.916130065917969 37.54914474487305 42.02157974243164 
v 10.633198738098145 37.54914474487305 42.205970764160156 
v 10.302545547485352 37.54914474487305 42.27688980102539 
v 9.971892356872559 37.54914474487305 42.205970764160156 
v 9.68896198272705 37.54914474487305 42.02157974243164 
v 9.663395881652832 37.54914474487305 42.04640197753906 
v 9.469094276428223 37.54914474487305 41.7520866394043 
v 9.651464462280273 37.55604553222656 42.05704116821289 
v 9.453754425048828 37.55604553222656 41.759178161621094 
v 9.64635181427002 37.57671356201172 42.060585021972656 
v 9.448640823364258 37.57671356201172 41.759178161621094 
v 9.64635181427002 37.58839797973633 42.060585021972656 
v 9.448640823364258 37.58839797973633 41.759178161621094 
v 9.64635181427002 37.7576904296875 42.060585021972656 
v 9.448640823364258 37.7576904296875 41.759178161621094 
v 9.399213790893555 37.54914474487305 41.40812683105469 
v 9.469094276428223 37.54914474487305 41.06061935424805 
v 9.663395881652832 37.54914474487305 40.76630401611328 
v 9.958256721496582 37.54914474487305 40.57482147216797 
v 10.302545547485352 37.54914474487305 40.503902435302734 
v 10.646834373474121 37.54914474487305 40.57482147216797 
v 10.941695213317871 37.54914474487305 40.76630401611328 
v 11.134292602539062 37.54914474487305 41.06061935424805 
v 11.205877304077148 37.54914474487305 41.40812683105469 
v 11.134292602539062 37.54914474487305 41.7520866394043 
v 10.941695213317871 37.54914474487305 42.04640197753906 
v 10.646834373474121 37.54914474487305 42.237884521484375 
v 10.302545547485352 37.54914474487305 42.31235122680664 
v 9.958256721496582 37.54914474487305 42.237884521484375 
v 9.382169723510742 37.55604553222656 41.40812683105469 
v 9.453754425048828 37.55604553222656 41.05707550048828 
v 9.651464462280273 37.55604553222656 40.75566482543945 
v 9.951438903808594 37.55604553222656 40.557090759277344 
v 10.302545547485352 37.55604553222656 40.48617172241211 
v 10.65365219116211 37.55604553222656 40.557090759277344 
v 10.95362663269043 37.55604553222656 40.75566482543945 
v 11.151336669921875 37.55604553222656 41.05707550048828 
v 11.222921371459961 37.55604553222656 41.40812683105469 
v 11.151336669921875 37.55604553222656 41.759178161621094 
v 10.95362663269043 37.55604553222656 42.05704116821289 
v 10.65365219116211 37.55604553222656 42.255615234375 
v 10.302545547485352 37.55604553222656 42.326534271240234 
v 9.951438903808594 37.55604553222656 42.255615234375 
v 9.375351905822754 37.57671356201172 41.40812683105469 
v 9.448640823364258 37.57671356201172 41.05352783203125 
v 9.64635181427002 37.57671356201172 40.75212097167969 
v 9.949734687805176 37.57671356201172 40.55354309082031 
v 10.302545547485352 37.57671356201172 40.47908020019531 
v 10.655356407165527 37.57671356201172 40.55354309082031 
v 10.957035064697266 37.57671356201172 40.75212097167969 
v 11.156450271606445 37.57671356201172 41.05352783203125 
v 11.22973918914795 37.57671356201172 41.40812683105469 
v 11.156450271606445 37.57671356201172 41.759178161621094 
v 10.957035064697266 37.57671356201172 42.060585021972656 
v 10.655356407165527 37.57671356201172 42.25916290283203 
v 10.302545547485352 37.57671356201172 42.33362579345703 
v 9.949734687805176 37.57671356201172 42.25916290283203 
v 9.375351905822754 37.58839797973633 41.40812683105469 
v 9.448640823364258 37.58839797973633 41.05352783203125 
v 9.64635181427002 37.58839797973633 40.75212097167969 
v 9.949734687805176 37.58839797973633 40.55354309082031 
v 10.302545547485352 37.58839797973633 40.47908020019531 
v 10.655356407165527 37.58839797973633 40.55354309082031 
v 10.957035064697266 37.58839797973633 40.75212097167969 
v 11.156450271606445 37.58839797973633 41.05352783203125 
v 11.22973918914795 37.58839797973633 41.40812683105469 
v 11.156450271606445 37.58839797973633 41.759178161621094 
v 10.957035064697266 37.58839797973633 42.060585021972656 
v 10.655356407165527 37.58839797973633 42.25916290283203 
v 10.302545547485352 37.58839797973633 42.33362579345703 
v 9.949734687805176 37.58839797973633 42.25916290283203 
v 9.375351905822754 37.7576904296875 41.40812683105469 
v 9.448640823364258 37.7576904296875 41.05352783203125 
v 9.64635181427002 37.7576904296875 40.75212097167969 
v 9.949734687805176 37.7576904296875 40.55354309082031 
v 10.302545547485352 37.7576904296875 40.47908020019531 
v 10.655356407165527 37.7576904296875 40.55354309082031 
v 10.957035064697266 37.7576904296875 40.75212097167969 
v 11.156450271606445 37.7576904296875 41.05352783203125 
v 11.22973918914795 37.7576904296875 41.40812683105469 
v 11.156450271606445 37.7576904296875 41.759178161621094 
v 10.957035064697266 37.7576904296875 42.060585021972656 
v 10.655356407165527 37.7576904296875 42.25916290283203 
v 10.302545547485352 37.7576904296875 42.33362579345703 
v 9.949734687805176 37.7576904296875 42.25916290283203 
v -27.259021759033203 37.7576904296875 20.593223571777344 
v -27.259021759033203 37.58839797973633 20.593223571777344 
v -26.90450668334961 37.7576904296875 20.667688369750977 
v -26.90450668334961 37.58839797973633 20.667688369750977 
v -26.551694869995117 37.7576904296875 20.593223571777344 
v -26.551694869995117 37.58839797973633 20.593223571777344 
v -26.250017166137695 37.7576904296875 20.398195266723633 
v -26.250017166137695 37.58839797973633 20.398195266723633 
v -26.050601959228516 37.7576904296875 20.09324073791504 
v -26.050601959228516 37.58839797973633 20.09324073791504 
v -25.977312088012695 37.7576904296875 19.7421875 
v -25.977312088012695 37.58839797973633 19.7421875 
v -26.050601959228516 37.7576904296875 19.387590408325195 
v -26.050601959228516 37.58839797973633 19.387590408325195 
v -26.250017166137695 37.7576904296875 19.086181640625 
v -26.250017166137695 37.58839797973633 19.086181640625 
v -26.551694869995117 37.7576904296875 18.88760757446289 
v -26.551694869995117 37.58839797973633 18.88760757446289 
v -26.90450668334961 37.7576904296875 18.813140869140625 
v -26.90450668334961 37.58839797973633 18.813140869140625 
v -27.259021759033203 37.7576904296875 18.88760757446289 
v -27.259021759033203 37.58839797973633 18.88760757446289 
v -27.560699462890625 37.7576904296875 19.086181640625 
v -27.560699462890625 37.58839797973633 19.086181640625 
v -27.758411407470703 37.7576904296875 19.387590408325195 
v -27.758411407470703 37.58839797973633 19.387590408325195 
v -27.83169937133789 37.7576904296875 19.7421875 
v -27.83169937133789 37.58839797973633 19.7421875 
v -27.758411407470703 37.7576904296875 20.09324073791504 
v -27.758411407470703 37.58839797973633 20.09324073791504 
v -27.560699462890625 37.7576904296875 20.398195266723633 
v -27.560699462890625 37.58839797973633 20.398195266723633 
v -27.560699462890625 37.57671356201172 20.398195266723633 
v -27.259021759033203 37.57671356201172 20.593223571777344 
v -27.555587768554688 37.55604553222656 20.391101837158203 
v -27.255613327026367 37.55604553222656 20.589677810668945 
v -27.543657302856445 37.54914474487305 20.380464553833008 
v -27.250499725341797 37.54914474487305 20.57549285888672 
v -27.519794464111328 37.54914474487305 20.355642318725586 
v -27.23686408996582 37.54914474487305 20.5400333404541 
v -27.432870864868164 37.54914474487305 20.270538330078125 
v -27.18914031982422 37.54914474487305 20.43010902404785 
v -27.407304763793945 37.54914474487305 20.245718002319336 
v -27.175506591796875 37.54914474487305 20.398195266723633 
v -27.395374298095703 37.55300521850586 20.23153305053711 
v -27.170392990112305 37.55300521850586 20.380464553833008 
v -26.90450668334961 37.57671356201172 20.667688369750977 
v -26.551694869995117 37.57671356201172 20.593223571777344 
v -26.250017166137695 37.57671356201172 20.398195266723633 
v -26.050601959228516 37.57671356201172 20.09324073791504 
v -25.977312088012695 37.57671356201172 19.7421875 
v -26.050601959228516 37.57671356201172 19.387590408325195 
v -26.250017166137695 37.57671356201172 19.086181640625 
v -26.551694869995117 37.57671356201172 18.88760757446289 
v -26.90450668334961 37.57671356201172 18.813140869140625 
v -27.259021759033203 37.57671356201172 18.88760757446289 
v -27.560699462890625 37.57671356201172 19.086181640625 
v -27.758411407470703 37.57671356201172 19.387590408325195 
v -27.83169937133789 37.57671356201172 19.7421875 
v -27.758411407470703 37.57671356201172 20.09324073791504 
v -26.90450668334961 37.55604553222656 20.664142608642578 
v -26.55340003967285 37.55604553222656 20.589677810668945 
v -26.25342559814453 37.55604553222656 20.391101837158203 
v -26.057418823242188 37.55604553222656 20.09324073791504 
v -25.984130859375 37.55604553222656 19.7421875 
v -26.057418823242188 37.55604553222656 19.391136169433594 
v -26.25342559814453 37.55604553222656 19.0897274017334 
v -26.55340003967285 37.55604553222656 18.894699096679688 
v -26.90450668334961 37.55604553222656 18.820232391357422 
v -27.255613327026367 37.55604553222656 18.894699096679688 
v -27.555587768554688 37.55604553222656 19.0897274017334 
v -27.753297805786133 37.55604553222656 19.391136169433594 
v -27.826587677001953 37.55604553222656 19.7421875 
v -27.753297805786133 37.55604553222656 20.09324073791504 
v -26.90450668334961 37.54914474487305 20.646413803100586 
v -26.560216903686523 37.54914474487305 20.57549285888672 
v -26.265356063842773 37.54914474487305 20.380464553833008 
v -26.0727596282959 37.54914474487305 20.08614730834961 
v -26.001174926757812 37.54914474487305 19.7421875 
v -26.0727596282959 37.54914474487305 19.394681930541992 
v -26.265356063842773 37.54914474487305 19.100366592407227 
v -26.560216903686523 37.54914474487305 18.90888214111328 
v -26.90450668334961 37.54914474487305 18.837963104248047 
v -27.250499725341797 37.54914474487305 18.90888214111328 
v -27.543657302856445 37.54914474487305 19.100366592407227 
v -27.737958908081055 37.54914474487305 19.394681930541992 
v -27.80954360961914 37.54914474487305 19.7421875 
v -27.737958908081055 37.54914474487305 20.08614730834961 
v -26.90450668334961 37.54914474487305 20.610952377319336 
v -26.5738525390625 37.54914474487305 20.5400333404541 
v -26.290922164916992 37.54914474487305 20.355642318725586 
v -26.10514259338379 37.54914474487305 20.071964263916016 
v -26.03696632385254 37.54914474487305 19.7421875 
v -26.10514259338379 37.54914474487305 19.40886688232422 
v -26.290922164916992 37.54914474487305 19.128732681274414 
v -26.5738525390625 37.54914474487305 18.9407958984375 
v -26.90450668334961 37.54914474487305 18.873422622680664 
v -27.23686408996582 37.54914474487305 18.9407958984375 
v -27.519794464111328 37.54914474487305 19.128732681274414 
v -27.70557403564453 37.54914474487305 19.40886688232422 
v -27.77375030517578 37.54914474487305 19.7421875 
v -27.70557403564453 37.54914474487305 20.071964263916016 
v -26.90450668334961 37.54914474487305 20.48684310913086 
v -26.619871139526367 37.54914474487305 20.43010902404785 
v -26.37784767150879 37.54914474487305 20.270538330078125 
v -26.217632293701172 37.54914474487305 20.02586555480957 
v -26.15797996520996 37.54914474487305 19.7421875 
v -26.217632293701172 37.54914474487305 19.45496368408203 
v -26.37784767150879 37.54914474487305 19.213836669921875 
v -26.619871139526367 37.54914474487305 19.05426788330078 
v -26.90450668334961 37.54914474487305 18.993986129760742 
v -27.18914031982422 37.54914474487305 19.05426788330078 
v -27.432870864868164 37.54914474487305 19.213836669921875 
v -27.59308433532715 37.54914474487305 19.45496368408203 
v -27.651033401489258 37.54914474487305 19.7421875 
v -27.59308433532715 37.54914474487305 20.02586555480957 
v -27.560699462890625 37.54914474487305 20.011682510375977 
v -27.545360565185547 37.55300521850586 20.00459098815918 
v -26.90450668334961 37.54914474487305 20.451383590698242 
v -26.633506774902344 37.54914474487305 20.398195266723633 
v -26.401708602905273 37.54914474487305 20.245718002319336 
v -26.250017166137695 37.54914474487305 20.011682510375977 
v -26.193771362304688 37.54914474487305 19.7421875 
v -26.250017166137695 37.54914474487305 19.469146728515625 
v -26.401708602905273 37.54914474487305 19.238658905029297 
v -26.633506774902344 37.54914474487305 19.086181640625 
v -26.90450668334961 37.54914474487305 19.02944564819336 
v -27.175506591796875 37.54914474487305 19.086181640625 
v -27.407304763793945 37.54914474487305 19.238658905029297 
v -27.560699462890625 37.54914474487305 19.469146728515625 
v -27.616945266723633 37.54914474487305 19.7421875 
v -26.90450668334961 37.55300521850586 20.43720054626465 
v -26.640323638916016 37.55300521850586 20.380464553833008 
v -26.413639068603516 37.55300521850586 20.23153305053711 
v -26.265356063842773 37.55300521850586 20.00459098815918 
v -26.2108154296875 37.55300521850586 19.7421875 
v -26.265356063842773 37.55300521850586 19.476240158081055 
v -26.413639068603516 37.55300521850586 19.249296188354492 
v -26.640323638916016 37.55300521850586 19.100366592407227 
v -26.90450668334961 37.55300521850586 19.047176361083984 
v -27.170392990112305 37.55300521850586 19.100366592407227 
v -27.395374298095703 37.55300521850586 19.249296188354492 
v -27.545360565185547 37.55300521850586 19.476240158081055 
v -27.59990119934082 37.55300521850586 19.7421875 
v -14.871442794799805 37.7576904296875 42.25916290283203 
v -15.173121452331543 37.7576904296875 42.060585021972656 
v -14.871442794799805 37.58839797973633 42.25916290283203 
v -15.173121452331543 37.58839797973633 42.060585021972656 
v -15.173121452331543 37.57671356201172 42.060585021972656 
v -15.370831489562988 37.57671356201172 41.759178161621094 
v -15.365718841552734 37.55604553222656 41.759178161621094 
v -15.439007759094238 37.55604553222656 41.40812683105469 
v -15.421963691711426 37.54914474487305 41.40812683105469 
v -15.35037899017334 37.54914474487305 41.06061935424805 
v -15.317995071411133 37.54914474487305 41.07480239868164 
v -15.13221549987793 37.54914474487305 40.7911262512207 
v -15.04529094696045 37.54914474487305 40.87977600097656 
v -14.801562309265137 37.54914474487305 40.72020721435547 
v -14.78792667388916 37.54914474487305 40.75212097167969 
v -14.516926765441895 37.54914474487305 40.69538497924805 
v -14.516926765441895 37.55300521850586 40.71311569213867 
v -14.252745628356934 37.55300521850586 40.76630401611328 
v -14.782814025878906 37.55300521850586 40.76630401611328 
v -15.01972484588623 37.54914474487305 40.904598236083984 
v -15.205504417419434 37.54914474487305 41.12090301513672 
v -15.386171340942383 37.54914474487305 41.40812683105469 
v -15.35037899017334 37.54914474487305 41.7520866394043 
v -15.168007850646973 37.55604553222656 42.05704116821289 
v -14.871442794799805 37.57671356201172 42.25916290283203 
v -14.516926765441895 37.58839797973633 42.33362579345703 
v -14.516926765441895 37.7576904296875 42.33362579345703 
v -14.164116859436035 37.7576904296875 42.25916290283203 
v -15.007794380187988 37.55300521850586 40.91523361206055 
v -15.173121452331543 37.54914474487305 41.13508605957031 
v -15.26345443725586 37.54914474487305 41.40812683105469 
v -15.317995071411133 37.54914474487305 41.7379035949707 
v -15.15607738494873 37.54914474487305 42.04640197753906 
v -14.868033409118652 37.55604553222656 42.255615234375 
v -14.516926765441895 37.57671356201172 42.33362579345703 
v -14.164116859436035 37.58839797973633 42.25916290283203 
v -13.86243724822998 37.7576904296875 42.060585021972656 
v -15.13221549987793 37.54914474487305 42.02157974243164 
v -14.862920761108398 37.54914474487305 42.237884521484375 
v -14.516926765441895 37.55604553222656 42.326534271240234 
v -14.164116859436035 37.57671356201172 42.25916290283203 
v -13.86243724822998 37.58839797973633 42.060585021972656 
v -13.663022994995117 37.7576904296875 41.759178161621094 
v -15.04529094696045 37.54914474487305 41.93292999267578 
v -14.849285125732422 37.54914474487305 42.205970764160156 
v -14.516926765441895 37.54914474487305 42.31235122680664 
v -14.165821075439453 37.55604553222656 42.255615234375 
v -13.86243724822998 37.57671356201172 42.060585021972656 
v -13.663022994995117 37.58839797973633 41.759178161621094 
v -13.589733123779297 37.7576904296875 41.40812683105469 
v -14.801562309265137 37.54914474487305 42.096046447753906 
v -14.516926765441895 37.54914474487305 42.27688980102539 
v -14.172637939453125 37.54914474487305 42.237884521484375 
v -13.865846633911133 37.55604553222656 42.05704116821289 
v -13.663022994995117 37.57671356201172 41.759178161621094 
v -13.589733123779297 37.58839797973633 41.40812683105469 
v -13.663022994995117 37.7576904296875 41.05352783203125 
v -14.516926765441895 37.54914474487305 42.15278244018555 
v -14.186273574829102 37.54914474487305 42.205970764160156 
v -13.877777099609375 37.54914474487305 42.04640197753906 
v -13.669840812683105 37.55604553222656 41.759178161621094 
v -13.589733123779297 37.57671356201172 41.40812683105469 
v -13.663022994995117 37.58839797973633 41.05352783203125 
v -13.86243724822998 37.7576904296875 40.75212097167969 
v -14.232292175292969 37.54914474487305 42.096046447753906 
v -13.903343200683594 37.54914474487305 42.02157974243164 
v -13.685179710388184 37.54914474487305 41.7520866394043 
v -13.596550941467285 37.55604553222656 41.40812683105469 
v -13.663022994995117 37.57671356201172 41.05352783203125 
v -13.86243724822998 37.58839797973633 40.75212097167969 
v -14.164116859436035 37.7576904296875 40.55354309082031 
v -13.990267753601074 37.54914474487305 41.93292999267578 
v -13.71756362915039 37.54914474487305 41.7379035949707 
v -13.613595008850098 37.54914474487305 41.40812683105469 
v -13.669840812683105 37.55604553222656 41.05707550048828 
v -13.86243724822998 37.57671356201172 40.75212097167969 
v -14.164116859436035 37.58839797973633 40.55354309082031 
v -14.516926765441895 37.7576904296875 40.47908020019531 
v -13.83005428314209 37.54914474487305 41.691802978515625 
v -13.64938735961914 37.54914474487305 41.40812683105469 
v -13.685179710388184 37.54914474487305 41.06061935424805 
v -13.865846633911133 37.55604553222656 40.75566482543945 
v -14.164116859436035 37.57671356201172 40.55354309082031 
v -14.516926765441895 37.58839797973633 40.47908020019531 
v -14.871442794799805 37.7576904296875 40.55354309082031 
v -13.770400047302246 37.54914474487305 41.40812683105469 
v -13.71756362915039 37.54914474487305 41.07480239868164 
v -13.877777099609375 37.54914474487305 40.76630401611328 
v -14.165821075439453 37.55604553222656 40.557090759277344 
v -14.516926765441895 37.57671356201172 40.47908020019531 
v -14.871442794799805 37.58839797973633 40.55354309082031 
v -15.173121452331543 37.7576904296875 40.75212097167969 
v -13.83005428314209 37.54914474487305 41.12090301513672 
v -13.903343200683594 37.54914474487305 40.7911262512207 
v -14.172637939453125 37.54914474487305 40.57482147216797 
v -14.516926765441895 37.55604553222656 40.48617172241211 
v -14.871442794799805 37.57671356201172 40.55354309082031 
v -15.173121452331543 37.58839797973633 40.75212097167969 
v -15.370831489562988 37.7576904296875 41.05352783203125 
v -13.990267753601074 37.54914474487305 40.87977600097656 
v -14.186273574829102 37.54914474487305 40.60673522949219 
v -14.516926765441895 37.54914474487305 40.503902435302734 
v -14.868033409118652 37.55604553222656 40.557090759277344 
v -15.173121452331543 37.57671356201172 40.75212097167969 
v -15.370831489562988 37.58839797973633 41.05352783203125 
v -15.444120407104492 37.7576904296875 41.40812683105469 
v -14.232292175292969 37.54914474487305 40.72020721435547 
v -14.516926765441895 37.54914474487305 40.53936004638672 
v -14.862920761108398 37.54914474487305 40.57482147216797 
v -15.168007850646973 37.55604553222656 40.75566482543945 
v -15.370831489562988 37.57671356201172 41.05352783203125 
v -15.444120407104492 37.58839797973633 41.40812683105469 
v -15.370831489562988 37.7576904296875 41.759178161621094 
v -14.516926765441895 37.54914474487305 40.6599235534668 
v -14.849285125732422 37.54914474487305 40.60673522949219 
v -15.15607738494873 37.54914474487305 40.76630401611328 
v -15.365718841552734 37.55604553222656 41.05707550048828 
v -15.444120407104492 37.57671356201172 41.40812683105469 
v -15.370831489562988 37.58839797973633 41.759178161621094 
v -14.245927810668945 37.54914474487305 40.75212097167969 
v -14.026060104370117 37.55300521850586 40.91523361206055 
v -14.014129638671875 37.54914474487305 40.904598236083984 
v -13.877777099609375 37.55300521850586 41.14217758178711 
v -13.86243724822998 37.54914474487305 41.13508605957031 
v -13.823236465454102 37.55300521850586 41.40812683105469 
v -13.806192398071289 37.54914474487305 41.40812683105469 
v -13.877777099609375 37.55300521850586 41.670528411865234 
v -13.86243724822998 37.54914474487305 41.67761993408203 
v -14.026060104370117 37.55300521850586 41.8974723815918 
v -14.014129638671875 37.54914474487305 41.91165542602539 
v -14.252745628356934 37.55300521850586 42.04640197753906 
v -14.245927810668945 37.54914474487305 42.060585021972656 
v -14.516926765441895 37.55300521850586 42.1031379699707 
v -14.516926765441895 37.54914474487305 42.1173210144043 
v -14.782814025878906 37.55300521850586 42.04640197753906 
v -14.78792667388916 37.54914474487305 42.060585021972656 
v -15.007794380187988 37.55300521850586 41.8974723815918 
v -15.01972484588623 37.54914474487305 41.91165542602539 
v -15.157781600952148 37.55300521850586 41.670528411865234 
v -15.173121452331543 37.54914474487305 41.67761993408203 
v -15.205504417419434 37.54914474487305 41.691802978515625 
v -15.212322235107422 37.55300521850586 41.40812683105469 
v -15.229366302490234 37.54914474487305 41.40812683105469 
v -15.157781600952148 37.55300521850586 41.14217758178711 
v 7.924907684326172 36.750545501708984 -72.0774154663086 
v 7.924907684326172 36.58125305175781 -72.0774154663086 
v 8.22658634185791 36.750545501708984 -72.27599334716797 
v 8.22658634185791 36.58125305175781 -72.27599334716797 
v 8.424296379089355 36.750545501708984 -72.57740020751953 
v 8.424296379089355 36.58125305175781 -72.57740020751953 
v 8.497586250305176 36.750545501708984 -72.93199920654297 
v 8.497586250305176 36.58125305175781 -72.93199920654297 
v 8.424296379089355 36.750545501708984 -73.28305053710938 
v 8.424296379089355 36.58125305175781 -73.28305053710938 
v 8.22658634185791 36.750545501708984 -73.58445739746094 
v 8.22658634185791 36.58125305175781 -73.58445739746094 
v 7.924907684326172 36.750545501708984 -73.78303527832031 
v 7.924907684326172 36.58125305175781 -73.78303527832031 
v 7.572096824645996 36.750545501708984 -73.85749816894531 
v 7.572096824645996 36.58125305175781 -73.85749816894531 
v 7.217581748962402 36.750545501708984 -73.78303527832031 
v 7.217581748962402 36.58125305175781 -73.78303527832031 
v 6.915902614593506 36.750545501708984 -73.58445739746094 
v 6.915902614593506 36.58125305175781 -73.58445739746094 
v 6.7181925773620605 36.750545501708984 -73.28305053710938 
v 6.7181925773620605 36.58125305175781 -73.28305053710938 
v 6.644903182983398 36.750545501708984 -72.93199920654297 
v 6.644903182983398 36.58125305175781 -72.93199920654297 
v 6.7181925773620605 36.750545501708984 -72.57740020751953 
v 6.7181925773620605 36.58125305175781 -72.57740020751953 
v 6.915902614593506 36.750545501708984 -72.27599334716797 
v 6.915902614593506 36.58125305175781 -72.27599334716797 
v 7.217581748962402 36.58125305175781 -72.0774154663086 
v 6.915902614593506 36.56956481933594 -72.27599334716797 
v 7.217581748962402 36.56956481933594 -72.0774154663086 
v 6.9193115234375 36.54890060424805 -72.279541015625 
v 7.21928596496582 36.54890060424805 -72.08096313476562 
v 6.9312424659729 36.54199981689453 -72.29017639160156 
v 7.226103782653809 36.54199981689453 -72.09869384765625 
v 6.956808567047119 36.54199981689453 -72.31500244140625 
v 7.239738941192627 36.54199981689453 -72.13060760498047 
v 7.043732643127441 36.54199981689453 -72.40364837646484 
v 7.285757541656494 36.54199981689453 -72.24407958984375 
v 7.067594528198242 36.54199981689453 -72.428466796875 
v 7.2993927001953125 36.54199981689453 -72.27599334716797 
v 7.079524993896484 36.545860290527344 -72.4391098022461 
v 7.306210517883301 36.545860290527344 -72.29017639160156 
v 7.572096824645996 36.58125305175781 -72.0029525756836 
v 7.572096824645996 36.56956481933594 -72.0029525756836 
v 7.924907684326172 36.56956481933594 -72.0774154663086 
v 8.22658634185791 36.56956481933594 -72.27599334716797 
v 8.424296379089355 36.56956481933594 -72.57740020751953 
v 8.497586250305176 36.56956481933594 -72.93199920654297 
v 8.424296379089355 36.56956481933594 -73.28305053710938 
v 8.22658634185791 36.56956481933594 -73.58445739746094 
v 7.924907684326172 36.56956481933594 -73.78303527832031 
v 7.572096824645996 36.56956481933594 -73.85749816894531 
v 7.217581748962402 36.56956481933594 -73.78303527832031 
v 6.915902614593506 36.56956481933594 -73.58445739746094 
v 6.7181925773620605 36.56956481933594 -73.28305053710938 
v 6.644903182983398 36.56956481933594 -72.93199920654297 
v 6.7181925773620605 36.56956481933594 -72.57740020751953 
v 7.572096824645996 36.54890060424805 -72.01004791259766 
v 7.923202991485596 36.54890060424805 -72.08096313476562 
v 8.223177909851074 36.54890060424805 -72.279541015625 
v 8.419183731079102 36.54890060424805 -72.58094787597656 
v 8.492472648620605 36.54890060424805 -72.93199920654297 
v 8.419183731079102 36.54890060424805 -73.28305053710938 
v 8.223177909851074 36.54890060424805 -73.58091735839844 
v 7.923202991485596 36.54890060424805 -73.77948760986328 
v 7.572096824645996 36.54890060424805 -73.85041046142578 
v 7.21928596496582 36.54890060424805 -73.77948760986328 
v 6.9193115234375 36.54890060424805 -73.58091735839844 
v 6.723305702209473 36.54890060424805 -73.28305053710938 
v 6.6500163078308105 36.54890060424805 -72.93199920654297 
v 6.723305702209473 36.54890060424805 -72.58094787597656 
v 7.572096824645996 36.54199981689453 -72.02777099609375 
v 7.916385650634766 36.54199981689453 -72.09869384765625 
v 8.211246490478516 36.54199981689453 -72.29017639160156 
v 8.403843879699707 36.54199981689453 -72.5844955444336 
v 8.475428581237793 36.54199981689453 -72.93199920654297 
v 8.403843879699707 36.54199981689453 -73.27596282958984 
v 8.211246490478516 36.54199981689453 -73.57027435302734 
v 7.916385650634766 36.54199981689453 -73.76175689697266 
v 7.572096824645996 36.54199981689453 -73.83622741699219 
v 7.226103782653809 36.54199981689453 -73.76175689697266 
v 6.9312424659729 36.54199981689453 -73.57027435302734 
v 6.738645076751709 36.54199981689453 -73.27596282958984 
v 6.667060375213623 36.54199981689453 -72.93199920654297 
v 6.738645076751709 36.54199981689453 -72.5844955444336 
v 7.572096824645996 36.54199981689453 -72.063232421875 
v 7.902750492095947 36.54199981689453 -72.13060760498047 
v 8.185680389404297 36.54199981689453 -72.31500244140625 
v 8.3714599609375 36.54199981689453 -72.59867858886719 
v 8.43963623046875 36.54199981689453 -72.93199920654297 
v 8.3714599609375 36.54199981689453 -73.26177215576172 
v 8.185680389404297 36.54199981689453 -73.54545593261719 
v 7.902750492095947 36.54199981689453 -73.72984313964844 
v 7.572096824645996 36.54199981689453 -73.80076599121094 
v 7.239738941192627 36.54199981689453 -73.72984313964844 
v 6.956808567047119 36.54199981689453 -73.54545593261719 
v 6.771028995513916 36.54199981689453 -73.26177215576172 
v 6.702852725982666 36.54199981689453 -72.93199920654297 
v 6.771028995513916 36.54199981689453 -72.59867858886719 
v 7.572096824645996 36.54199981689453 -72.18379974365234 
v 7.856731414794922 36.54199981689453 -72.24407958984375 
v 8.098756790161133 36.54199981689453 -72.40364837646484 
v 8.258970260620117 36.54199981689453 -72.644775390625 
v 8.316919326782227 36.54199981689453 -72.93199920654297 
v 8.258970260620117 36.54199981689453 -73.2156753540039 
v 8.098756790161133 36.54199981689453 -73.45680236816406 
v 7.856731414794922 36.54199981689453 -73.61991882324219 
v 7.572096824645996 36.54199981689453 -73.6766586303711 
v 7.285757541656494 36.54199981689453 -73.61991882324219 
v 7.043732643127441 36.54199981689453 -73.45680236816406 
v 6.883519172668457 36.54199981689453 -73.2156753540039 
v 6.8255696296691895 36.54199981689453 -72.93199920654297 
v 6.883519172668457 36.54199981689453 -72.644775390625 
v 6.915902614593506 36.54199981689453 -72.6589584350586 
v 6.9312424659729 36.545860290527344 -72.66605377197266 
v 7.572096824645996 36.54199981689453 -72.21925354003906 
v 7.8430962562561035 36.54199981689453 -72.27599334716797 
v 8.074894905090332 36.54199981689453 -72.428466796875 
v 8.22658634185791 36.54199981689453 -72.6589584350586 
v 8.282831192016602 36.54199981689453 -72.93199920654297 
v 8.22658634185791 36.54199981689453 -73.20149230957031 
v 8.074894905090332 36.54199981689453 -73.43553161621094 
v 7.8430962562561035 36.54199981689453 -73.58445739746094 
v 7.572096824645996 36.54199981689453 -73.64119720458984 
v 7.2993927001953125 36.54199981689453 -73.58445739746094 
v 7.067594528198242 36.54199981689453 -73.43553161621094 
v 6.915902614593506 36.54199981689453 -73.20149230957031 
v 6.8596577644348145 36.54199981689453 -72.93199920654297 
v 7.572096824645996 36.545860290527344 -72.23698425292969 
v 7.836278915405273 36.545860290527344 -72.29017639160156 
v 8.06296443939209 36.545860290527344 -72.4391098022461 
v 8.211246490478516 36.545860290527344 -72.66605377197266 
v 8.265787124633789 36.545860290527344 -72.93199920654297 
v 8.211246490478516 36.545860290527344 -73.19440460205078 
v 8.06296443939209 36.545860290527344 -73.42134094238281 
v 7.836278915405273 36.545860290527344 -73.57027435302734 
v 7.572096824645996 36.545860290527344 -73.62701416015625 
v 7.306210517883301 36.545860290527344 -73.57027435302734 
v 7.079524993896484 36.545860290527344 -73.42134094238281 
v 6.9312424659729 36.545860290527344 -73.19440460205078 
v 6.876701831817627 36.545860290527344 -72.93199920654297 
v 7.217581748962402 36.750545501708984 -72.0774154663086 
v 7.572096824645996 36.750545501708984 -72.0029525756836 
v 27.35506820678711 37.55300521850586 -12.46240234375 
v 27.360179901123047 37.54914474487305 -12.47658634185791 
v 27.58175277709961 37.55300521850586 -12.313470840454102 
v 27.59197998046875 37.54914474487305 -12.324109077453613 
v 27.73003578186035 37.55300521850586 -12.086528778076172 
v 27.74537467956543 37.54914474487305 -12.093620300292969 
v 27.784576416015625 37.55300521850586 -11.824126243591309 
v 27.801620483398438 37.54914474487305 -11.824126243591309 
v 27.73003578186035 37.55300521850586 -11.55817699432373 
v 27.74537467956543 37.54914474487305 -11.551085472106934 
v 27.58175277709961 37.55300521850586 -11.3312349319458 
v 27.59197998046875 37.54914474487305 -11.320596694946289 
v 27.35506820678711 37.55300521850586 -11.182303428649902 
v 27.360179901123047 37.54914474487305 -11.168119430541992 
v 27.089181900024414 37.55300521850586 -11.129114151000977 
v 27.089181900024414 37.54914474487305 -11.111383438110352 
v 26.82499885559082 37.55300521850586 -11.182303428649902 
v 26.81818199157715 37.54914474487305 -11.168119430541992 
v 26.59831428527832 37.55300521850586 -11.3312349319458 
v 26.586383819580078 37.54914474487305 -11.320596694946289 
v 26.450031280517578 37.55300521850586 -11.55817699432373 
v 26.4346923828125 37.54914474487305 -11.551085472106934 
v 26.395490646362305 37.55300521850586 -11.824126243591309 
v 26.378446578979492 37.54914474487305 -11.824126243591309 
v 26.450031280517578 37.55300521850586 -12.086528778076172 
v 26.4346923828125 37.54914474487305 -12.093620300292969 
v 26.59831428527832 37.55300521850586 -12.313470840454102 
v 26.586383819580078 37.54914474487305 -12.324109077453613 
v 26.82499885559082 37.55300521850586 -12.46240234375 
v 26.81818199157715 37.54914474487305 -12.47658634185791 
v 27.089181900024414 37.55300521850586 -12.515591621398926 
v 27.089181900024414 37.54914474487305 -12.53332233428955 
v 27.089181900024414 37.54914474487305 -12.568781852722168 
v 27.373815536499023 37.54914474487305 -12.508500099182129 
v 27.61754608154297 37.54914474487305 -12.348931312561035 
v 27.777759552001953 37.54914474487305 -12.107804298400879 
v 27.835708618164062 37.54914474487305 -11.824126243591309 
v 27.777759552001953 37.54914474487305 -11.536901473999023 
v 27.61754608154297 37.54914474487305 -11.295774459838867 
v 27.373815536499023 37.54914474487305 -11.136205673217773 
v 27.089181900024414 37.54914474487305 -11.075923919677734 
v 26.804546356201172 37.54914474487305 -11.136205673217773 
v 26.56252098083496 37.54914474487305 -11.295774459838867 
v 26.402307510375977 37.54914474487305 -11.536901473999023 
v 26.342653274536133 37.54914474487305 -11.824126243591309 
v 26.402307510375977 37.54914474487305 -12.107804298400879 
v 26.56252098083496 37.54914474487305 -12.348931312561035 
v 26.804546356201172 37.54914474487305 -12.508500099182129 
v 26.289817810058594 37.54914474487305 -11.490803718566895 
v 26.221641540527344 37.54914474487305 -11.824126243591309 
v 26.289817810058594 37.54914474487305 -12.153902053833008 
v 26.475597381591797 37.54914474487305 -12.437580108642578 
v 26.758527755737305 37.54914474487305 -12.621971130371094 
v 27.089181900024414 37.54914474487305 -12.689345359802246 
v 27.421539306640625 37.54914474487305 -12.621971130371094 
v 27.704469680786133 37.54914474487305 -12.437580108642578 
v 27.890249252319336 37.54914474487305 -12.153902053833008 
v 27.958425521850586 37.54914474487305 -11.824126243591309 
v 27.890249252319336 37.54914474487305 -11.490803718566895 
v 27.704469680786133 37.54914474487305 -11.207125663757324 
v 27.421539306640625 37.54914474487305 -11.022734642028809 
v 27.089181900024414 37.54914474487305 -10.955360412597656 
v 26.758527755737305 37.54914474487305 -11.022734642028809 
v 26.475597381591797 37.54914474487305 -11.207125663757324 
v 26.450031280517578 37.54914474487305 -11.182303428649902 
v 26.257434844970703 37.54914474487305 -11.476619720458984 
v 26.438100814819336 37.55604553222656 -11.17166519165039 
v 26.242094039916992 37.55604553222656 -11.469528198242188 
v 26.4346923828125 37.57671356201172 -11.168119430541992 
v 26.23527717590332 37.57671356201172 -11.469528198242188 
v 26.4346923828125 37.58839797973633 -11.168119430541992 
v 26.23527717590332 37.58839797973633 -11.469528198242188 
v 26.4346923828125 37.7576904296875 -11.168119430541992 
v 26.23527717590332 37.7576904296875 -11.469528198242188 
v 26.185850143432617 37.54914474487305 -11.824126243591309 
v 26.257434844970703 37.54914474487305 -12.168086051940918 
v 26.450031280517578 37.54914474487305 -12.46240234375 
v 26.744892120361328 37.54914474487305 -12.653884887695312 
v 27.089181900024414 37.54914474487305 -12.724804878234863 
v 27.4351749420166 37.54914474487305 -12.653884887695312 
v 27.728330612182617 37.54914474487305 -12.46240234375 
v 27.922632217407227 37.54914474487305 -12.168086051940918 
v 27.994216918945312 37.54914474487305 -11.824126243591309 
v 27.922632217407227 37.54914474487305 -11.476619720458984 
v 27.728330612182617 37.54914474487305 -11.182303428649902 
v 27.4351749420166 37.54914474487305 -10.99082088470459 
v 27.089181900024414 37.54914474487305 -10.919900894165039 
v 26.744892120361328 37.54914474487305 -10.99082088470459 
v 26.168806076049805 37.55604553222656 -11.824126243591309 
v 26.242094039916992 37.55604553222656 -12.175177574157715 
v 26.438100814819336 37.55604553222656 -12.473040580749512 
v 26.738075256347656 37.55604553222656 -12.671614646911621 
v 27.089181900024414 37.55604553222656 -12.742534637451172 
v 27.440288543701172 37.55604553222656 -12.671614646911621 
v 27.74026107788086 37.55604553222656 -12.473040580749512 
v 27.937973022460938 37.55604553222656 -12.175177574157715 
v 28.011260986328125 37.55604553222656 -11.824126243591309 
v 27.937973022460938 37.55604553222656 -11.469528198242188 
v 27.74026107788086 37.55604553222656 -11.17166519165039 
v 27.440288543701172 37.55604553222656 -10.973091125488281 
v 27.089181900024414 37.55604553222656 -10.90217113494873 
v 26.738075256347656 37.55604553222656 -10.973091125488281 
v 26.1619873046875 37.57671356201172 -11.824126243591309 
v 26.23527717590332 37.57671356201172 -12.175177574157715 
v 26.4346923828125 37.57671356201172 -12.47658634185791 
v 26.736370086669922 37.57671356201172 -12.675161361694336 
v 27.089181900024414 37.57671356201172 -12.749627113342285 
v 27.443696975708008 37.57671356201172 -12.675161361694336 
v 27.74537467956543 37.57671356201172 -12.47658634185791 
v 27.943084716796875 37.57671356201172 -12.175177574157715 
v 28.016374588012695 37.57671356201172 -11.824126243591309 
v 27.943084716796875 37.57671356201172 -11.469528198242188 
v 27.74537467956543 37.57671356201172 -11.168119430541992 
v 27.443696975708008 37.57671356201172 -10.969544410705566 
v 27.089181900024414 37.57671356201172 -10.895078659057617 
v 26.736370086669922 37.57671356201172 -10.969544410705566 
v 26.1619873046875 37.58839797973633 -11.824126243591309 
v 26.23527717590332 37.58839797973633 -12.175177574157715 
v 26.4346923828125 37.58839797973633 -12.47658634185791 
v 26.736370086669922 37.58839797973633 -12.675161361694336 
v 27.089181900024414 37.58839797973633 -12.749627113342285 
v 27.443696975708008 37.58839797973633 -12.675161361694336 
v 27.74537467956543 37.58839797973633 -12.47658634185791 
v 27.943084716796875 37.58839797973633 -12.175177574157715 
v 28.016374588012695 37.58839797973633 -11.824126243591309 
v 27.943084716796875 37.58839797973633 -11.469528198242188 
v 27.74537467956543 37.58839797973633 -11.168119430541992 
v 27.443696975708008 37.58839797973633 -10.969544410705566 
v 27.089181900024414 37.58839797973633 -10.895078659057617 
v 26.736370086669922 37.58839797973633 -10.969544410705566 
v 26.1619873046875 37.7576904296875 -11.824126243591309 
v 26.23527717590332 37.7576904296875 -12.175177574157715 
v 26.4346923828125 37.7576904296875 -12.47658634185791 
v 26.736370086669922 37.7576904296875 -12.675161361694336 
v 27.089181900024414 37.7576904296875 -12.749627113342285 
v 27.443696975708008 37.7576904296875 -12.675161361694336 
v 27.74537467956543 37.7576904296875 -12.47658634185791 
v 27.943084716796875 37.7576904296875 -12.175177574157715 
v 28.016374588012695 37.7576904296875 -11.824126243591309 
v 27.943084716796875 37.7576904296875 -11.469528198242188 
v 27.74537467956543 37.7576904296875 -11.168119430541992 
v 27.443696975708008 37.7576904296875 -10.969544410705566 
v 27.089181900024414 37.7576904296875 -10.895078659057617 
v 26.736370086669922 37.7576904296875 -10.969544410705566 
v 26.450031280517578 37.55300521850586 20.00459098815918 
v 26.4346923828125 37.54914474487305 20.011682510375977 
v 26.395490646362305 37.55300521850586 19.7421875 
v 26.378446578979492 37.54914474487305 19.7421875 
v 26.450031280517578 37.55300521850586 19.476240158081055 
v 26.4346923828125 37.54914474487305 19.469146728515625 
v 26.59831428527832 37.55300521850586 19.249296188354492 
v 26.586383819580078 37.54914474487305 19.238658905029297 
v 26.82499885559082 37.55300521850586 19.100366592407227 
v 26.81818199157715 37.54914474487305 19.086181640625 
v 27.089181900024414 37.55300521850586 19.047176361083984 
v 27.089181900024414 37.54914474487305 19.02944564819336 
v 27.35506820678711 37.55300521850586 19.100366592407227 
v 27.360179901123047 37.54914474487305 19.086181640625 
v 27.58175277709961 37.55300521850586 19.249296188354492 
v 27.59197998046875 37.54914474487305 19.238658905029297 
v 27.73003578186035 37.55300521850586 19.476240158081055 
v 27.74537467956543 37.54914474487305 19.469146728515625 
v 27.784576416015625 37.55300521850586 19.7421875 
v 27.801620483398438 37.54914474487305 19.7421875 
v 27.73003578186035 37.55300521850586 20.00459098815918 
v 27.74537467956543 37.54914474487305 20.011682510375977 
v 27.58175277709961 37.55300521850586 20.23153305053711 
v 27.59197998046875 37.54914474487305 20.245718002319336 
v 27.35506820678711 37.55300521850586 20.380464553833008 
v 27.360179901123047 37.54914474487305 20.398195266723633 
v 27.089181900024414 37.55300521850586 20.43720054626465 
v 27.089181900024414 37.54914474487305 20.451383590698242 
v 26.82499885559082 37.55300521850586 20.380464553833008 
v 26.81818199157715 37.54914474487305 20.398195266723633 
v 26.59831428527832 37.55300521850586 20.23153305053711 
v 26.586383819580078 37.54914474487305 20.245718002319336 
v 26.56252098083496 37.54914474487305 20.270538330078125 
v 26.402307510375977 37.54914474487305 20.02586555480957 
v 26.342653274536133 37.54914474487305 19.7421875 
v 26.402307510375977 37.54914474487305 19.45496368408203 
v 26.56252098083496 37.54914474487305 19.213836669921875 
v 26.804546356201172 37.54914474487305 19.05426788330078 
v 27.089181900024414 37.54914474487305 18.993986129760742 
v 27.373815536499023 37.54914474487305 19.05426788330078 
v 27.61754608154297 37.54914474487305 19.213836669921875 
v 27.777759552001953 37.54914474487305 19.45496368408203 
v 27.835708618164062 37.54914474487305 19.7421875 
v 27.777759552001953 37.54914474487305 20.02586555480957 
v 27.61754608154297 37.54914474487305 20.270538330078125 
v 27.373815536499023 37.54914474487305 20.43010902404785 
v 27.089181900024414 37.54914474487305 20.48684310913086 
v 26.804546356201172 37.54914474487305 20.43010902404785 
v 26.289817810058594 37.54914474487305 20.071964263916016 
v 26.221641540527344 37.54914474487305 19.7421875 
v 26.289817810058594 37.54914474487305 19.40886688232422 
v 26.475597381591797 37.54914474487305 19.128732681274414 
v 26.758527755737305 37.54914474487305 18.9407958984375 
v 27.089181900024414 37.54914474487305 18.873422622680664 
v 27.421539306640625 37.54914474487305 18.9407958984375 
v 27.704469680786133 37.54914474487305 19.128732681274414 
v 27.890249252319336 37.54914474487305 19.40886688232422 
v 27.958425521850586 37.54914474487305 19.7421875 
v 27.890249252319336 37.54914474487305 20.071964263916016 
v 27.704469680786133 37.54914474487305 20.355642318725586 
v 27.421539306640625 37.54914474487305 20.5400333404541 
v 27.089181900024414 37.54914474487305 20.610952377319336 
v 26.758527755737305 37.54914474487305 20.5400333404541 
v 26.475597381591797 37.54914474487305 20.355642318725586 
v 26.450031280517578 37.54914474487305 20.380464553833008 
v 26.257434844970703 37.54914474487305 20.08614730834961 
v 26.438100814819336 37.55604553222656 20.391101837158203 
v 26.242094039916992 37.55604553222656 20.09324073791504 
v 26.4346923828125 37.57671356201172 20.398195266723633 
v 26.23527717590332 37.57671356201172 20.09324073791504 
v 26.4346923828125 37.58839797973633 20.398195266723633 
v 26.23527717590332 37.58839797973633 20.09324073791504 
v 26.4346923828125 37.7576904296875 20.398195266723633 
v 26.23527717590332 37.7576904296875 20.09324073791504 
v 26.185850143432617 37.54914474487305 19.7421875 
v 26.257434844970703 37.54914474487305 19.394681930541992 
v 26.450031280517578 37.54914474487305 19.100366592407227 
v 26.744892120361328 37.54914474487305 18.90888214111328 
v 27.089181900024414 37.54914474487305 18.837963104248047 
v 27.4351749420166 37.54914474487305 18.90888214111328 
v 27.728330612182617 37.54914474487305 19.100366592407227 
v 27.922632217407227 37.54914474487305 19.394681930541992 
v 27.994216918945312 37.54914474487305 19.7421875 
v 27.922632217407227 37.54914474487305 20.08614730834961 
v 27.728330612182617 37.54914474487305 20.380464553833008 
v 27.4351749420166 37.54914474487305 20.57549285888672 
v 27.089181900024414 37.54914474487305 20.646413803100586 
v 26.744892120361328 37.54914474487305 20.57549285888672 
v 26.168806076049805 37.55604553222656 19.7421875 
v 26.242094039916992 37.55604553222656 19.391136169433594 
v 26.438100814819336 37.55604553222656 19.0897274017334 
v 26.738075256347656 37.55604553222656 18.894699096679688 
v 27.089181900024414 37.55604553222656 18.820232391357422 
v 27.440288543701172 37.55604553222656 18.894699096679688 
v 27.74026107788086 37.55604553222656 19.0897274017334 
v 27.937973022460938 37.55604553222656 19.391136169433594 
v 28.011260986328125 37.55604553222656 19.7421875 
v 27.937973022460938 37.55604553222656 20.09324073791504 
v 27.74026107788086 37.55604553222656 20.391101837158203 
v 27.440288543701172 37.55604553222656 20.589677810668945 
v 27.089181900024414 37.55604553222656 20.664142608642578 
v 26.738075256347656 37.55604553222656 20.589677810668945 
v 26.1619873046875 37.57671356201172 19.7421875 
v 26.23527717590332 37.57671356201172 19.387590408325195 
v 26.4346923828125 37.57671356201172 19.086181640625 
v 26.736370086669922 37.57671356201172 18.88760757446289 
v 27.089181900024414 37.57671356201172 18.813140869140625 
v 27.443696975708008 37.57671356201172 18.88760757446289 
v 27.74537467956543 37.57671356201172 19.086181640625 
v 27.943084716796875 37.57671356201172 19.387590408325195 
v 28.016374588012695 37.57671356201172 19.7421875 
v 27.943084716796875 37.57671356201172 20.09324073791504 
v 27.74537467956543 37.57671356201172 20.398195266723633 
v 27.443696975708008 37.57671356201172 20.593223571777344 
v 27.089181900024414 37.57671356201172 20.667688369750977 
v 26.736370086669922 37.57671356201172 20.593223571777344 
v 26.1619873046875 37.58839797973633 19.7421875 
v 26.23527717590332 37.58839797973633 19.387590408325195 
v 26.4346923828125 37.58839797973633 19.086181640625 
v 26.736370086669922 37.58839797973633 18.88760757446289 
v 27.089181900024414 37.58839797973633 18.813140869140625 
v 27.443696975708008 37.58839797973633 18.88760757446289 
v 27.74537467956543 37.58839797973633 19.086181640625 
v 27.943084716796875 37.58839797973633 19.387590408325195 
v 28.016374588012695 37.58839797973633 19.7421875 
v 27.943084716796875 37.58839797973633 20.09324073791504 
v 27.74537467956543 37.58839797973633 20.398195266723633 
v 27.443696975708008 37.58839797973633 20.593223571777344 
v 27.089181900024414 37.58839797973633 20.667688369750977 
v 26.736370086669922 37.58839797973633 20.593223571777344 
v 26.1619873046875 37.7576904296875 19.7421875 
v 26.23527717590332 37.7576904296875 19.387590408325195 
v 26.4346923828125 37.7576904296875 19.086181640625 
v 26.736370086669922 37.7576904296875 18.88760757446289 
v 27.089181900024414 37.7576904296875 18.813140869140625 
v 27.443696975708008 37.7576904296875 18.88760757446289 
v 27.74537467956543 37.7576904296875 19.086181640625 
v 27.943084716796875 37.7576904296875 19.387590408325195 
v 28.016374588012695 37.7576904296875 19.7421875 
v 27.943084716796875 37.7576904296875 20.09324073791504 
v 27.74537467956543 37.7576904296875 20.398195266723633 
v 27.443696975708008 37.7576904296875 20.593223571777344 
v 27.089181900024414 37.7576904296875 20.667688369750977 
v 26.736370086669922 37.7576904296875 20.593223571777344 
v -26.21592903137207 37.60999298095703 19.7421875 
v 10.99112319946289 37.60999298095703 41.40812683105469 
v -13.828350067138672 37.60999298095703 -41.13874435424805 
v 10.99112319946289 37.60999298095703 -41.13874435424805 
v 27.779462814331055 37.60999298095703 -11.824126243591309 
v 27.779462814331055 37.60999298095703 -27.36260986328125 
v -13.828350067138672 37.60999298095703 41.40812683105469 
v -26.21592903137207 37.60999298095703 -27.36260986328125 
v -13.828350067138672 37.60999298095703 19.696090698242188 
v 10.99112319946289 37.60999298095703 19.696090698242188 
vn -0.5365904569625854 -0.8438400030136108 -0.002184694167226553 
vn -0.9727190732955933 -0.23197589814662933 0.002184694167226553 
vn -0.497954785823822 -0.8423660397529602 0.2060592919588089 
vn -0.8994348049163818 -0.2276654690504074 0.37307560443878174 
vn -0.3756694495677948 -0.8465509414672852 0.37712597846984863 
vn -0.6876394152641296 -0.23333916068077087 0.6875353455543518 
vn -0.20545516908168793 -0.8420501351356506 0.4987381398677826 
vn -0.37435483932495117 -0.22918400168418884 0.8985171914100647 
vn -0.0018861618591472507 -0.8441384434700012 0.5361219048500061 
vn 7.110110433359781e-14 -0.22951345145702362 0.9733054637908936 
vn 0.20545516908168793 -0.8420501351356506 0.4987381398677826 
vn 0.37435483932495117 -0.22918400168418884 0.8985171914100647 
vn 0.3791157603263855 -0.8450131416320801 0.37712597846984863 
vn 0.6888418197631836 -0.22976532578468323 0.6875353455543518 
vn 0.494704008102417 -0.8442792892456055 0.2060592919588089 
vn 0.8985021114349365 -0.23131902515888214 0.37307560443878174 
vn 0.5365904569625854 -0.8438400030136108 0.002184694167226553 
vn 0.9727190732955933 -0.23197589814662933 -0.002184694167226553 
vn 0.5001311302185059 -0.8410757184028625 -0.2060592919588089 
vn 0.8984265923500061 -0.23161228001117706 -0.37307560443878174 
vn 0.3791157603263855 -0.8450131416320801 -0.37712597846984863 
vn 0.6887192130088806 -0.23013246059417725 -0.6875353455543518 
vn 0.2038998007774353 -0.8424281477928162 -0.4987381398677826 
vn 0.37400946021080017 -0.22974716126918793 -0.8985171914100647 
vn 0.003777687903493643 -0.844132125377655 -0.5361219048500061 
vn -0.0018875121604651213 -0.22950568795204163 -0.9733054637908936 
vn -0.20756854116916656 -0.8415316939353943 -0.4987381398677826 
vn -0.3720181882381439 -0.23295775055885315 -0.8985171914100647 
vn -0.3756694495677948 -0.8465509414672852 -0.37712597846984863 
vn -0.6887192130088806 -0.23013246059417725 -0.6875353455543518 
vn -0.5001311302185059 -0.8410757184028625 -0.2060592919588089 
vn -0.8984265923500061 -0.23161228001117706 -0.37307560443878174 
vn -0.5365904569625854 -0.8438400030136108 -0.002184694167226553 
vn -0.9727190732955933 -0.23197589814662933 0.002184694167226553 
vn -0.999997615814209 -2.0682260971124217e-13 0.002184694167226553 
vn -0.924505352973938 -1.9120906843538704e-13 0.3811691105365753 
vn -0.7078787684440613 -1.4640568759497624e-13 0.7063339352607727 
vn -0.3831879794597626 -7.925212949008026e-14 0.9236704111099243 
vn 0 0 1 
vn 0.3831879794597626 0 0.9236704111099243 
vn 0.7078787684440613 0 0.7063339352607727 
vn 0.924505352973938 0 0.3811691105365753 
vn 0.999997615814209 0 0.002184694167226553 
vn 0.924505352973938 0 -0.3811691105365753 
vn 0.7078787684440613 0 -0.7063339352607727 
vn 0.3831879794597626 0 -0.9236704111099243 
vn -2.0682311115474694e-13 0 -1 
vn -0.3831879794597626 -7.925212949008026e-14 -0.9236704111099243 
vn -0.7078686952590942 0.0037756471429020166 -0.7063339352607727 
vn -0.9244976043701172 0.0037768674083054066 -0.3811691105365753 
vn -0.999997615814209 -2.0682260971124217e-13 0.002184694167226553 
vn -0.999997615814209 -2.0682260971124217e-13 0.002184694167226553 
vn -0.924505352973938 -1.9120906843538704e-13 0.3811691105365753 
vn -0.7078787684440613 -1.4640568759497624e-13 0.7063339352607727 
vn -0.3831879794597626 -7.925212949008026e-14 0.9236704111099243 
vn 0 0 1 
vn 0.3831879794597626 0 0.9236704111099243 
vn 0.7078787684440613 0 0.7063339352607727 
vn 0.924505352973938 0 0.3811691105365753 
vn 0.999997615814209 0 0.002184694167226553 
vn 0.924505352973938 0 -0.3811691105365753 
vn 0.7078787684440613 0 -0.7063339352607727 
vn 0.3831879794597626 0 -0.9236704111099243 
vn -2.0682311115474694e-13 0 -1 
vn -0.3831879794597626 -7.925212949008026e-14 -0.9236704111099243 
vn -0.7078686952590942 0.0037756471429020166 -0.7063339352607727 
vn -0.9244976043701172 0.0037768674083054066 -0.3811691105365753 
vn -0.5365904569625854 -0.8438400030136108 -0.002184694167226553 
vn -0.9727190732955933 -0.23197589814662933 0.002184694167226553 
vn -0.497954785823822 -0.8423660397529602 0.2060592919588089 
vn -0.8994348049163818 -0.2276654690504074 0.37307560443878174 
vn -0.3756694495677948 -0.8465509414672852 0.37712597846984863 
vn -0.6876394152641296 -0.23333916068077087 0.6875353455543518 
vn -0.20545516908168793 -0.8420501351356506 0.4987381398677826 
vn -0.37435483932495117 -0.22918400168418884 0.8985171914100647 
vn -0.0018861618591472507 -0.8441384434700012 0.5361219048500061 
vn 7.110110433359781e-14 -0.22951345145702362 0.9733054637908936 
vn 0.20545516908168793 -0.8420501351356506 0.4987381398677826 
vn 0.37435483932495117 -0.22918400168418884 0.8985171914100647 
vn 0.3791157603263855 -0.8450131416320801 0.37712597846984863 
vn 0.6888418197631836 -0.22976532578468323 0.6875353455543518 
vn 0.494704008102417 -0.8442792892456055 0.2060592919588089 
vn 0.8985021114349365 -0.23131902515888214 0.37307560443878174 
vn 0.5365904569625854 -0.8438400030136108 0.002184694167226553 
vn 0.9727190732955933 -0.23197589814662933 -0.002184694167226553 
vn 0.5001311302185059 -0.8410757184028625 -0.2060592919588089 
vn 0.8984265923500061 -0.23161228001117706 -0.37307560443878174 
vn 0.3791157603263855 -0.8450131416320801 -0.37712597846984863 
vn 0.6887192130088806 -0.23013246059417725 -0.6875353455543518 
vn 0.2038998007774353 -0.8424281477928162 -0.4987381398677826 
vn 0.37400946021080017 -0.22974716126918793 -0.8985171914100647 
vn 0.003777687903493643 -0.844132125377655 -0.5361219048500061 
vn -0.0018875121604651213 -0.22950568795204163 -0.9733054637908936 
vn -0.20756854116916656 -0.8415316939353943 -0.4987381398677826 
vn -0.3720181882381439 -0.23295775055885315 -0.8985171914100647 
vn -0.3756694495677948 -0.8465509414672852 -0.37712597846984863 
vn -0.6887192130088806 -0.23013246059417725 -0.6875353455543518 
vn -0.5001311302185059 -0.8410757184028625 -0.2060592919588089 
vn -0.8984265923500061 -0.23161228001117706 -0.37307560443878174 
vn -0.5365904569625854 -0.8438400030136108 -0.002184694167226553 
vn -0.9727190732955933 -0.23197589814662933 0.002184694167226553 
vn -0.999997615814209 -2.0682260971124217e-13 0.002184694167226553 
vn -0.924505352973938 -1.9120906843538704e-13 0.3811691105365753 
vn -0.7078787684440613 -1.4640568759497624e-13 0.7063339352607727 
vn -0.3831879794597626 -7.925212949008026e-14 0.9236704111099243 
vn 0 0 1 
vn 0.3831879794597626 0 0.9236704111099243 
vn 0.7078787684440613 0 0.7063339352607727 
vn 0.924505352973938 0 0.3811691105365753 
vn 0.999997615814209 0 0.002184694167226553 
vn 0.924505352973938 0 -0.3811691105365753 
vn 0.7078787684440613 0 -0.7063339352607727 
vn 0.3831879794597626 0 -0.9236704111099243 
vn -2.0682311115474694e-13 0 -1 
vn -0.3831879794597626 -7.925212949008026e-14 -0.9236704111099243 
vn -0.7078686952590942 0.0037756471429020166 -0.7063339352607727 
vn -0.9244976043701172 0.0037768674083054066 -0.3811691105365753 
vn -0.999997615814209 -2.0682260971124217e-13 0.002184694167226553 
vn -0.999997615814209 -2.0682260971124217e-13 0.002184694167226553 
vn -0.924505352973938 -1.9120906843538704e-13 0.3811691105365753 
vn -0.7078787684440613 -1.4640568759497624e-13 0.7063339352607727 
vn -0.3831879794597626 -7.925212949008026e-14 0.9236704111099243 
vn 0 0 1 
vn 0.3831879794597626 0 0.9236704111099243 
vn 0.7078787684440613 0 0.7063339352607727 
vn 0.924505352973938 0 0.3811691105365753 
vn 0.999997615814209 0 0.002184694167226553 
vn 0.924505352973938 0 -0.3811691105365753 
vn 0.7078787684440613 0 -0.7063339352607727 
vn 0.3831879794597626 0 -0.9236704111099243 
vn -2.0682311115474694e-13 0 -1 
vn -0.3831879794597626 -7.925212949008026e-14 -0.9236704111099243 
vn -0.7078686952590942 0.0037756471429020166 -0.7063339352607727 
vn -0.9244976043701172 0.0037768674083054066 -0.3811691105365753 
vn -0.999997615814209 -2.0682260971124217e-13 0.002184694167226553 
vn -0.999997615814209 -2.0682260971124217e-13 0.002184694167226553 
vn -0.9244976043701172 0.0037768674083054066 -0.3811691105365753 
vn -0.9244976043701172 0.0037768674083054066 -0.3811691105365753 
vn -0.7078686952590942 0.0037756471429020166 -0.7063339352607727 
vn -0.7078686952590942 0.0037756471429020166 -0.7063339352607727 
vn -0.3831879794597626 -7.925212949008026e-14 -0.9236704111099243 
vn -0.3831879794597626 -7.925212949008026e-14 -0.9236704111099243 
vn -2.0682311115474694e-13 0 -1 
vn -2.0682311115474694e-13 0 -1 
vn 0.3831879794597626 0 -0.9236704111099243 
vn 0.3831879794597626 0 -0.9236704111099243 
vn 0.7078787684440613 0 -0.7063339352607727 
vn 0.7078787684440613 0 -0.7063339352607727 
vn 0.924505352973938 0 -0.3811691105365753 
vn 0.6887192130088806 -0.23013246059417725 -0.6875353455543518 
vn 0.8984265923500061 -0.23161228001117706 -0.37307560443878174 
vn 0.3791157603263855 -0.8450131416320801 -0.37712597846984863 
vn 0.5001311302185059 -0.8410757184028625 -0.2060592919588089 
vn -0.9727190732955933 -0.23197589814662933 0.002184694167226553 
vn -0.8984265923500061 -0.23161228001117706 -0.37307560443878174 
vn -0.6887192130088806 -0.23013246059417725 -0.6875353455543518 
vn -0.3720181882381439 -0.23295775055885315 -0.8985171914100647 
vn -0.0018875121604651213 -0.22950568795204163 -0.9733054637908936 
vn 0.37400946021080017 -0.22974716126918793 -0.8985171914100647 
vn -0.5365904569625854 -0.8438400030136108 -0.002184694167226553 
vn -0.5001311302185059 -0.8410757184028625 -0.2060592919588089 
vn -0.3756694495677948 -0.8465509414672852 -0.37712597846984863 
vn -0.20756854116916656 -0.8415316939353943 -0.4987381398677826 
vn 0.003777687903493643 -0.844132125377655 -0.5361219048500061 
vn 0.2038998007774353 -0.8424281477928162 -0.4987381398677826 
vn -0.5365904569625854 -0.8438400030136108 -0.002184694167226553 
vn -0.9727190732955933 -0.23197589814662933 0.002184694167226553 
vn -0.497954785823822 -0.8423660397529602 0.2060592919588089 
vn -0.8994348049163818 -0.2276654690504074 0.37307560443878174 
vn -0.3756694495677948 -0.8465509414672852 0.37712597846984863 
vn -0.6876394152641296 -0.23333916068077087 0.6875353455543518 
vn -0.20545516908168793 -0.8420501351356506 0.4987381398677826 
vn -0.37435483932495117 -0.22918400168418884 0.8985171914100647 
vn -0.0018861618591472507 -0.8441384434700012 0.5361219048500061 
vn 7.110110433359781e-14 -0.22951345145702362 0.9733054637908936 
vn 0.20545516908168793 -0.8420501351356506 0.4987381398677826 
vn 0.37435483932495117 -0.22918400168418884 0.8985171914100647 
vn 0.3791157603263855 -0.8450131416320801 0.37712597846984863 
vn 0.6888418197631836 -0.22976532578468323 0.6875353455543518 
vn 0.494704008102417 -0.8442792892456055 0.2060592919588089 
vn 0.8985021114349365 -0.23131902515888214 0.37307560443878174 
vn 0.5365904569625854 -0.8438400030136108 0.002184694167226553 
vn 0.9727190732955933 -0.23197589814662933 -0.002184694167226553 
vn 0.5001311302185059 -0.8410757184028625 -0.2060592919588089 
vn 0.8984265923500061 -0.23161228001117706 -0.37307560443878174 
vn 0.3791157603263855 -0.8450131416320801 -0.37712597846984863 
vn 0.6887192130088806 -0.23013246059417725 -0.6875353455543518 
vn 0.2038998007774353 -0.8424281477928162 -0.4987381398677826 
vn 0.37400946021080017 -0.22974716126918793 -0.8985171914100647 
vn 0.003777687903493643 -0.844132125377655 -0.5361219048500061 
vn -0.0018875121604651213 -0.22950568795204163 -0.9733054637908936 
vn -0.20756854116916656 -0.8415316939353943 -0.4987381398677826 
vn -0.3720181882381439 -0.23295775055885315 -0.8985171914100647 
vn -0.3756694495677948 -0.8465509414672852 -0.37712597846984863 
vn -0.6887192130088806 -0.23013246059417725 -0.6875353455543518 
vn -0.5001311302185059 -0.8410757184028625 -0.2060592919588089 
vn -0.8984265923500061 -0.23161228001117706 -0.37307560443878174 
vn -0.5365904569625854 -0.8438400030136108 -0.002184694167226553 
vn -0.9727190732955933 -0.23197589814662933 0.002184694167226553 
vn -0.999997615814209 -2.0682260971124217e-13 0.002184694167226553 
vn -0.924505352973938 -1.9120906843538704e-13 0.3811691105365753 
vn -0.7078787684440613 -1.4640568759497624e-13 0.7063339352607727 
vn -0.3831879794597626 -7.925212949008026e-14 0.9236704111099243 
vn 0 0 1 
vn 0.3831879794597626 0 0.9236704111099243 
vn 0.7078787684440613 0 0.7063339352607727 
vn 0.924505352973938 0 0.3811691105365753 
vn 0.999997615814209 0 0.002184694167226553 
vn 0.924505352973938 0 -0.3811691105365753 
vn 0.7078787684440613 0 -0.7063339352607727 
vn 0.3831879794597626 0 -0.9236704111099243 
vn -2.0682311115474694e-13 0 -1 
vn -0.3831879794597626 -7.925212949008026e-14 -0.9236704111099243 
vn -0.7078686952590942 0.0037756471429020166 -0.7063339352607727 
vn -0.9244976043701172 0.0037768674083054066 -0.3811691105365753 
vn -0.999997615814209 -2.0682260971124217e-13 0.002184694167226553 
vn -0.999997615814209 -2.0682260971124217e-13 0.002184694167226553 
vn -0.924505352973938 -1.9120906843538704e-13 0.3811691105365753 
vn -0.7078787684440613 -1.4640568759497624e-13 0.7063339352607727 
vn -0.3831879794597626 -7.925212949008026e-14 0.9236704111099243 
vn 0 0 1 
vn 0.3831879794597626 0 0.9236704111099243 
vn 0.7078787684440613 0 0.7063339352607727 
vn 0.924505352973938 0 0.3811691105365753 
vn 0.999997615814209 0 0.002184694167226553 
vn 0.924505352973938 0 -0.3811691105365753 
vn 0.7078787684440613 0 -0.7063339352607727 
vn 0.3831879794597626 0 -0.9236704111099243 
vn -2.0682311115474694e-13 0 -1 
vn -0.3831879794597626 -7.925212949008026e-14 -0.9236704111099243 
vn -0.7078686952590942 0.0037756471429020166 -0.7063339352607727 
vn -0.9244976043701172 0.0037768674083054066 -0.3811691105365753 
vn -0.5365904569625854 -0.8438400030136108 -0.002184694167226553 
vn -0.9727190732955933 -0.23197589814662933 0.002184694167226553 
vn -0.497954785823822 -0.8423660397529602 0.2060592919588089 
vn -0.8994348049163818 -0.2276654690504074 0.37307560443878174 
vn -0.3756694495677948 -0.8465509414672852 0.37712597846984863 
vn -0.6876394152641296 -0.23333916068077087 0.6875353455543518 
vn -0.20545516908168793 -0.8420501351356506 0.4987381398677826 
vn -0.37435483932495117 -0.22918400168418884 0.8985171914100647 
vn -0.0018861618591472507 -0.8441384434700012 0.5361219048500061 
vn 7.110110433359781e-14 -0.22951345145702362 0.9733054637908936 
vn 0.20545516908168793 -0.8420501351356506 0.4987381398677826 
vn 0.37435483932495117 -0.22918400168418884 0.8985171914100647 
vn 0.3791157603263855 -0.8450131416320801 0.37712597846984863 
vn 0.6888418197631836 -0.22976532578468323 0.6875353455543518 
vn 0.494704008102417 -0.8442792892456055 0.2060592919588089 
vn 0.8985021114349365 -0.23131902515888214 0.37307560443878174 
vn 0.5365904569625854 -0.8438400030136108 0.002184694167226553 
vn 0.9727190732955933 -0.23197589814662933 -0.002184694167226553 
vn 0.5001311302185059 -0.8410757184028625 -0.2060592919588089 
vn 0.8984265923500061 -0.23161228001117706 -0.37307560443878174 
vn 0.3791157603263855 -0.8450131416320801 -0.37712597846984863 
vn 0.6887192130088806 -0.23013246059417725 -0.6875353455543518 
vn 0.2038998007774353 -0.8424281477928162 -0.4987381398677826 
vn 0.37400946021080017 -0.22974716126918793 -0.8985171914100647 
vn 0.003777687903493643 -0.844132125377655 -0.5361219048500061 
vn -0.0018875121604651213 -0.22950568795204163 -0.9733054637908936 
vn -0.20756854116916656 -0.8415316939353943 -0.4987381398677826 
vn -0.3720181882381439 -0.23295775055885315 -0.8985171914100647 
vn -0.3756694495677948 -0.8465509414672852 -0.37712597846984863 
vn -0.6887192130088806 -0.23013246059417725 -0.6875353455543518 
vn -0.5001311302185059 -0.8410757184028625 -0.2060592919588089 
vn -0.8984265923500061 -0.23161228001117706 -0.37307560443878174 
vn -0.5365904569625854 -0.8438400030136108 -0.002184694167226553 
vn -0.9727190732955933 -0.23197589814662933 0.002184694167226553 
vn -0.999997615814209 -2.0682260971124217e-13 0.002184694167226553 
vn -0.924505352973938 -1.9120906843538704e-13 0.3811691105365753 
vn -0.7078787684440613 -1.4640568759497624e-13 0.7063339352607727 
vn -0.3831879794597626 -7.925212949008026e-14 0.9236704111099243 
vn 0 0 1 
vn 0.3831879794597626 0 0.9236704111099243 
vn 0.7078787684440613 0 0.7063339352607727 
vn 0.924505352973938 0 0.3811691105365753 
vn 0.999997615814209 0 0.002184694167226553 
vn 0.924505352973938 0 -0.3811691105365753 
vn 0.7078787684440613 0 -0.7063339352607727 
vn 0.3831879794597626 0 -0.9236704111099243 
vn -2.0682311115474694e-13 0 -1 
vn -0.3831879794597626 -7.925212949008026e-14 -0.9236704111099243 
vn -0.7078686952590942 0.0037756471429020166 -0.7063339352607727 
vn -0.9244976043701172 0.0037768674083054066 -0.3811691105365753 
vn -0.999997615814209 -2.0682260971124217e-13 0.002184694167226553 
vn -0.999997615814209 -2.0682260971124217e-13 0.002184694167226553 
vn -0.924505352973938 -1.9120906843538704e-13 0.3811691105365753 
vn -0.7078787684440613 -1.4640568759497624e-13 0.7063339352607727 
vn -0.3831879794597626 -7.925212949008026e-14 0.9236704111099243 
vn 0 0 1 
vn 0.3831879794597626 0 0.9236704111099243 
vn 0.7078787684440613 0 0.7063339352607727 
vn 0.924505352973938 0 0.3811691105365753 
vn 0.999997615814209 0 0.002184694167226553 
vn 0.924505352973938 0 -0.3811691105365753 
vn 0.7078787684440613 0 -0.7063339352607727 
vn 0.3831879794597626 0 -0.9236704111099243 
vn -2.0682311115474694e-13 0 -1 
vn -0.3831879794597626 -7.925212949008026e-14 -0.9236704111099243 
vn -0.7078686952590942 0.0037756471429020166 -0.7063339352607727 
vn -0.9244976043701172 0.0037768674083054066 -0.3811691105365753 
vn 0.924505352973938 0 -0.3811691105365753 
vn 0.999997615814209 0 0.002184694167226553 
vn 0.999997615814209 0 0.002184694167226553 
vn 0.9727190732955933 -0.23197589814662933 -0.002184694167226553 
vn 0.5365904569625854 -0.8438400030136108 0.002184694167226553 
vn 0.8985021114349365 -0.23131902515888214 0.37307560443878174 
vn 0.924505352973938 0 0.3811691105365753 
vn 0.924505352973938 0 0.3811691105365753 
vn 0.7078787684440613 0 0.7063339352607727 
vn 0.7078787684440613 0 0.7063339352607727 
vn 0.3831879794597626 0 0.9236704111099243 
vn 0.3831879794597626 0 0.9236704111099243 
vn 0 0 1 
vn 0 0 1 
vn -0.3831879794597626 -7.925212949008026e-14 0.9236704111099243 
vn -0.3831879794597626 -7.925212949008026e-14 0.9236704111099243 
vn -0.7078787684440613 -1.4640568759497624e-13 0.7063339352607727 
vn -0.7078787684440613 -1.4640568759497624e-13 0.7063339352607727 
vn -0.924505352973938 -1.9120906843538704e-13 0.3811691105365753 
vn -0.924505352973938 -1.9120906843538704e-13 0.3811691105365753 
vn -0.999997615814209 -2.0682260971124217e-13 0.002184694167226553 
vn -0.999997615814209 -2.0682260971124217e-13 0.002184694167226553 
vn 0.6888418197631836 -0.22976532578468323 0.6875353455543518 
vn 0.37435483932495117 -0.22918400168418884 0.8985171914100647 
vn 7.110110433359781e-14 -0.22951345145702362 0.9733054637908936 
vn -0.37435483932495117 -0.22918400168418884 0.8985171914100647 
vn -0.6876394152641296 -0.23333916068077087 0.6875353455543518 
vn -0.8994348049163818 -0.2276654690504074 0.37307560443878174 
vn -0.9727190732955933 -0.23197589814662933 0.002184694167226553 
vn 0.3791157603263855 -0.8450131416320801 0.37712597846984863 
vn 0.20545516908168793 -0.8420501351356506 0.4987381398677826 
vn -0.0018861618591472507 -0.8441384434700012 0.5361219048500061 
vn -0.20545516908168793 -0.8420501351356506 0.4987381398677826 
vn -0.3756694495677948 -0.8465509414672852 0.37712597846984863 
vn -0.497954785823822 -0.8423660397529602 0.2060592919588089 
vn -0.5365904569625854 -0.8438400030136108 -0.002184694167226553 
vn 0.494704008102417 -0.8442792892456055 0.2060592919588089 
vn -0.999997615814209 -2.0682260971124217e-13 0.002184694167226553 
vn -0.999997615814209 -2.0682260971124217e-13 0.002184694167226553 
vn -0.9244976043701172 0.0037768674083054066 -0.3811691105365753 
vn -0.9244976043701172 0.0037768674083054066 -0.3811691105365753 
vn -0.7078686952590942 0.0037756471429020166 -0.7063339352607727 
vn -0.7078686952590942 0.0037756471429020166 -0.7063339352607727 
vn -0.3831879794597626 -7.925212949008026e-14 -0.9236704111099243 
vn -0.3831879794597626 -7.925212949008026e-14 -0.9236704111099243 
vn -2.0682311115474694e-13 0 -1 
vn -2.0682311115474694e-13 0 -1 
vn 0.3831879794597626 0 -0.9236704111099243 
vn 0.3831879794597626 0 -0.9236704111099243 
vn 0.7078787684440613 0 -0.7063339352607727 
vn 0.7078787684440613 0 -0.7063339352607727 
vn 0.924505352973938 0 -0.3811691105365753 
vn 0.6887192130088806 -0.23013246059417725 -0.6875353455543518 
vn 0.8984265923500061 -0.23161228001117706 -0.37307560443878174 
vn 0.3791157603263855 -0.8450131416320801 -0.37712597846984863 
vn 0.5001311302185059 -0.8410757184028625 -0.2060592919588089 
vn -0.9727190732955933 -0.23197589814662933 0.002184694167226553 
vn -0.8984265923500061 -0.23161228001117706 -0.37307560443878174 
vn -0.6887192130088806 -0.23013246059417725 -0.6875353455543518 
vn -0.3720181882381439 -0.23295775055885315 -0.8985171914100647 
vn -0.0018875121604651213 -0.22950568795204163 -0.9733054637908936 
vn 0.37400946021080017 -0.22974716126918793 -0.8985171914100647 
vn -0.5365904569625854 -0.8438400030136108 -0.002184694167226553 
vn -0.5001311302185059 -0.8410757184028625 -0.2060592919588089 
vn -0.3756694495677948 -0.8465509414672852 -0.37712597846984863 
vn -0.20756854116916656 -0.8415316939353943 -0.4987381398677826 
vn 0.003777687903493643 -0.844132125377655 -0.5361219048500061 
vn 0.2038998007774353 -0.8424281477928162 -0.4987381398677826 
vn -0.5365904569625854 -0.8438400030136108 -0.002184694167226553 
vn -0.9727190732955933 -0.23197589814662933 0.002184694167226553 
vn -0.497954785823822 -0.8423660397529602 0.2060592919588089 
vn -0.8994348049163818 -0.2276654690504074 0.37307560443878174 
vn -0.3756694495677948 -0.8465509414672852 0.37712597846984863 
vn -0.6876394152641296 -0.23333916068077087 0.6875353455543518 
vn -0.20545516908168793 -0.8420501351356506 0.4987381398677826 
vn -0.37435483932495117 -0.22918400168418884 0.8985171914100647 
vn -0.0018861618591472507 -0.8441384434700012 0.5361219048500061 
vn 7.110110433359781e-14 -0.22951345145702362 0.9733054637908936 
vn 0.20545516908168793 -0.8420501351356506 0.4987381398677826 
vn 0.37435483932495117 -0.22918400168418884 0.8985171914100647 
vn 0.3791157603263855 -0.8450131416320801 0.37712597846984863 
vn 0.6888418197631836 -0.22976532578468323 0.6875353455543518 
vn 0.494704008102417 -0.8442792892456055 0.2060592919588089 
vn 0.8985021114349365 -0.23131902515888214 0.37307560443878174 
vn 0.5365904569625854 -0.8438400030136108 0.002184694167226553 
vn 0.9727190732955933 -0.23197589814662933 -0.002184694167226553 
vn 0.5001311302185059 -0.8410757184028625 -0.2060592919588089 
vn 0.8984265923500061 -0.23161228001117706 -0.37307560443878174 
vn 0.3791157603263855 -0.8450131416320801 -0.37712597846984863 
vn 0.6887192130088806 -0.23013246059417725 -0.6875353455543518 
vn 0.2038998007774353 -0.8424281477928162 -0.4987381398677826 
vn 0.37400946021080017 -0.22974716126918793 -0.8985171914100647 
vn 0.003777687903493643 -0.844132125377655 -0.5361219048500061 
vn -0.0018875121604651213 -0.22950568795204163 -0.9733054637908936 
vn -0.20756854116916656 -0.8415316939353943 -0.4987381398677826 
vn -0.3720181882381439 -0.23295775055885315 -0.8985171914100647 
vn -0.3756694495677948 -0.8465509414672852 -0.37712597846984863 
vn -0.6887192130088806 -0.23013246059417725 -0.6875353455543518 
vn -0.5001311302185059 -0.8410757184028625 -0.2060592919588089 
vn -0.8984265923500061 -0.23161228001117706 -0.37307560443878174 
vn -0.5365904569625854 -0.8438400030136108 -0.002184694167226553 
vn -0.9727190732955933 -0.23197589814662933 0.002184694167226553 
vn -0.999997615814209 -2.0682260971124217e-13 0.002184694167226553 
vn -0.924505352973938 -1.9120906843538704e-13 0.3811691105365753 
vn -0.7078787684440613 -1.4640568759497624e-13 0.7063339352607727 
vn -0.3831879794597626 -7.925212949008026e-14 0.9236704111099243 
vn 0 0 1 
vn 0.3831879794597626 0 0.9236704111099243 
vn 0.7078787684440613 0 0.7063339352607727 
vn 0.924505352973938 0 0.3811691105365753 
vn 0.999997615814209 0 0.002184694167226553 
vn 0.924505352973938 0 -0.3811691105365753 
vn 0.7078787684440613 0 -0.7063339352607727 
vn 0.3831879794597626 0 -0.9236704111099243 
vn -2.0682311115474694e-13 0 -1 
vn -0.3831879794597626 -7.925212949008026e-14 -0.9236704111099243 
vn -0.7078686952590942 0.0037756471429020166 -0.7063339352607727 
vn -0.9244976043701172 0.0037768674083054066 -0.3811691105365753 
vn -0.999997615814209 -2.0682260971124217e-13 0.002184694167226553 
vn -0.999997615814209 -2.0682260971124217e-13 0.002184694167226553 
vn -0.924505352973938 -1.9120906843538704e-13 0.3811691105365753 
vn -0.7078787684440613 -1.4640568759497624e-13 0.7063339352607727 
vn -0.3831879794597626 -7.925212949008026e-14 0.9236704111099243 
vn 0 0 1 
vn 0.3831879794597626 0 0.9236704111099243 
vn 0.7078787684440613 0 0.7063339352607727 
vn 0.924505352973938 0 0.3811691105365753 
vn 0.999997615814209 0 0.002184694167226553 
vn 0.924505352973938 0 -0.3811691105365753 
vn 0.7078787684440613 0 -0.7063339352607727 
vn 0.3831879794597626 0 -0.9236704111099243 
vn -2.0682311115474694e-13 0 -1 
vn -0.3831879794597626 -7.925212949008026e-14 -0.9236704111099243 
vn -0.7078686952590942 0.0037756471429020166 -0.7063339352607727 
vn -0.9244976043701172 0.0037768674083054066 -0.3811691105365753 
vn -0.999997615814209 -2.0682260971124217e-13 0.002184694167226553 
vn -0.999997615814209 -2.0682260971124217e-13 0.002184694167226553 
vn -0.9244976043701172 0.0037768674083054066 -0.3811691105365753 
vn -0.9244976043701172 0.0037768674083054066 -0.3811691105365753 
vn -0.7078686952590942 0.0037756471429020166 -0.7063339352607727 
vn -0.7078686952590942 0.0037756471429020166 -0.7063339352607727 
vn -0.3831879794597626 -7.925212949008026e-14 -0.9236704111099243 
vn -0.3831879794597626 -7.925212949008026e-14 -0.9236704111099243 
vn -2.0682311115474694e-13 0 -1 
vn -2.0682311115474694e-13 0 -1 
vn 0.3831879794597626 0 -0.9236704111099243 
vn 0.3831879794597626 0 -0.9236704111099243 
vn 0.7078787684440613 0 -0.7063339352607727 
vn 0.7078787684440613 0 -0.7063339352607727 
vn 0.924505352973938 0 -0.3811691105365753 
vn 0.6887192130088806 -0.23013246059417725 -0.6875353455543518 
vn 0.8984265923500061 -0.23161228001117706 -0.37307560443878174 
vn 0.3791157603263855 -0.8450131416320801 -0.37712597846984863 
vn 0.5001311302185059 -0.8410757184028625 -0.2060592919588089 
vn -0.9727190732955933 -0.23197589814662933 0.002184694167226553 
vn -0.8984265923500061 -0.23161228001117706 -0.37307560443878174 
vn -0.6887192130088806 -0.23013246059417725 -0.6875353455543518 
vn -0.3720181882381439 -0.23295775055885315 -0.8985171914100647 
vn -0.0018875121604651213 -0.22950568795204163 -0.9733054637908936 
vn 0.37400946021080017 -0.22974716126918793 -0.8985171914100647 
vn -0.5365904569625854 -0.8438400030136108 -0.002184694167226553 
vn -0.5001311302185059 -0.8410757184028625 -0.2060592919588089 
vn -0.3756694495677948 -0.8465509414672852 -0.37712597846984863 
vn -0.20756854116916656 -0.8415316939353943 -0.4987381398677826 
vn 0.003777687903493643 -0.844132125377655 -0.5361219048500061 
vn 0.2038998007774353 -0.8424281477928162 -0.4987381398677826 
vn -0.999997615814209 -2.0682260971124217e-13 0.002184694167226553 
vn -0.999997615814209 -2.0682260971124217e-13 0.002184694167226553 
vn -0.9244976043701172 0.0037768674083054066 -0.3811691105365753 
vn -0.9244976043701172 0.0037768674083054066 -0.3811691105365753 
vn -0.7078686952590942 0.0037756471429020166 -0.7063339352607727 
vn -0.7078686952590942 0.0037756471429020166 -0.7063339352607727 
vn -0.3831879794597626 -7.925212949008026e-14 -0.9236704111099243 
vn -0.3831879794597626 -7.925212949008026e-14 -0.9236704111099243 
vn -2.0682311115474694e-13 0 -1 
vn -2.0682311115474694e-13 0 -1 
vn 0.3831879794597626 0 -0.9236704111099243 
vn 0.3831879794597626 0 -0.9236704111099243 
vn 0.7078787684440613 0 -0.7063339352607727 
vn 0.7078787684440613 0 -0.7063339352607727 
vn 0.924505352973938 0 -0.3811691105365753 
vn 0.6887192130088806 -0.23013246059417725 -0.6875353455543518 
vn 0.8984265923500061 -0.23161228001117706 -0.37307560443878174 
vn 0.3791157603263855 -0.8450131416320801 -0.37712597846984863 
vn 0.5001311302185059 -0.8410757184028625 -0.2060592919588089 
vn -0.9727190732955933 -0.23197589814662933 0.002184694167226553 
vn -0.8984265923500061 -0.23161228001117706 -0.37307560443878174 
vn -0.6887192130088806 -0.23013246059417725 -0.6875353455543518 
vn -0.3720181882381439 -0.23295775055885315 -0.8985171914100647 
vn -0.0018875121604651213 -0.22950568795204163 -0.9733054637908936 
vn 0.37400946021080017 -0.22974716126918793 -0.8985171914100647 
vn -0.5365904569625854 -0.8438400030136108 -0.002184694167226553 
vn -0.5001311302185059 -0.8410757184028625 -0.2060592919588089 
vn -0.3756694495677948 -0.8465509414672852 -0.37712597846984863 
vn -0.20756854116916656 -0.8415316939353943 -0.4987381398677826 
vn 0.003777687903493643 -0.844132125377655 -0.5361219048500061 
vn 0.2038998007774353 -0.8424281477928162 -0.4987381398677826 
vn 0.924505352973938 0 -0.3811691105365753 
vn 0.999997615814209 0 0.002184694167226553 
vn 0.999997615814209 0 0.002184694167226553 
vn 0.9727190732955933 -0.23197589814662933 -0.002184694167226553 
vn 0.5365904569625854 -0.8438400030136108 0.002184694167226553 
vn 0.8985021114349365 -0.23131902515888214 0.37307560443878174 
vn 0.924505352973938 0 0.3811691105365753 
vn 0.924505352973938 0 0.3811691105365753 
vn 0.7078787684440613 0 0.7063339352607727 
vn 0.7078787684440613 0 0.7063339352607727 
vn 0.3831879794597626 0 0.9236704111099243 
vn 0.3831879794597626 0 0.9236704111099243 
vn 0 0 1 
vn 0 0 1 
vn -0.3831879794597626 -7.925212949008026e-14 0.9236704111099243 
vn -0.3831879794597626 -7.925212949008026e-14 0.9236704111099243 
vn -0.7078787684440613 -1.4640568759497624e-13 0.7063339352607727 
vn -0.7078787684440613 -1.4640568759497624e-13 0.7063339352607727 
vn -0.924505352973938 -1.9120906843538704e-13 0.3811691105365753 
vn -0.924505352973938 -1.9120906843538704e-13 0.3811691105365753 
vn -0.999997615814209 -2.0682260971124217e-13 0.002184694167226553 
vn -0.999997615814209 -2.0682260971124217e-13 0.002184694167226553 
vn 0.6888418197631836 -0.22976532578468323 0.6875353455543518 
vn 0.37435483932495117 -0.22918400168418884 0.8985171914100647 
vn 7.110110433359781e-14 -0.22951345145702362 0.9733054637908936 
vn -0.37435483932495117 -0.22918400168418884 0.8985171914100647 
vn -0.6876394152641296 -0.23333916068077087 0.6875353455543518 
vn -0.8994348049163818 -0.2276654690504074 0.37307560443878174 
vn -0.9727190732955933 -0.23197589814662933 0.002184694167226553 
vn 0.3791157603263855 -0.8450131416320801 0.37712597846984863 
vn 0.20545516908168793 -0.8420501351356506 0.4987381398677826 
vn -0.0018861618591472507 -0.8441384434700012 0.5361219048500061 
vn -0.20545516908168793 -0.8420501351356506 0.4987381398677826 
vn -0.3756694495677948 -0.8465509414672852 0.37712597846984863 
vn -0.497954785823822 -0.8423660397529602 0.2060592919588089 
vn -0.5365904569625854 -0.8438400030136108 -0.002184694167226553 
vn 0.494704008102417 -0.8442792892456055 0.2060592919588089 
vn -0.5365904569625854 -0.8438400030136108 -0.002184694167226553 
vn -0.9727190732955933 -0.23197589814662933 0.002184694167226553 
vn -0.497954785823822 -0.8423660397529602 0.2060592919588089 
vn -0.8994348049163818 -0.2276654690504074 0.37307560443878174 
vn -0.3756694495677948 -0.8465509414672852 0.37712597846984863 
vn -0.6876394152641296 -0.23333916068077087 0.6875353455543518 
vn -0.20545516908168793 -0.8420501351356506 0.4987381398677826 
vn -0.37435483932495117 -0.22918400168418884 0.8985171914100647 
vn -0.0018861618591472507 -0.8441384434700012 0.5361219048500061 
vn 7.110110433359781e-14 -0.22951345145702362 0.9733054637908936 
vn 0.20545516908168793 -0.8420501351356506 0.4987381398677826 
vn 0.37435483932495117 -0.22918400168418884 0.8985171914100647 
vn 0.3791157603263855 -0.8450131416320801 0.37712597846984863 
vn 0.6888418197631836 -0.22976532578468323 0.6875353455543518 
vn 0.494704008102417 -0.8442792892456055 0.2060592919588089 
vn 0.8985021114349365 -0.23131902515888214 0.37307560443878174 
vn 0.5365904569625854 -0.8438400030136108 0.002184694167226553 
vn 0.9727190732955933 -0.23197589814662933 -0.002184694167226553 
vn 0.5001311302185059 -0.8410757184028625 -0.2060592919588089 
vn 0.8984265923500061 -0.23161228001117706 -0.37307560443878174 
vn 0.3791157603263855 -0.8450131416320801 -0.37712597846984863 
vn 0.6887192130088806 -0.23013246059417725 -0.6875353455543518 
vn 0.2038998007774353 -0.8424281477928162 -0.4987381398677826 
vn 0.37400946021080017 -0.22974716126918793 -0.8985171914100647 
vn 0.003777687903493643 -0.844132125377655 -0.5361219048500061 
vn -0.0018875121604651213 -0.22950568795204163 -0.9733054637908936 
vn -0.20756854116916656 -0.8415316939353943 -0.4987381398677826 
vn -0.3720181882381439 -0.23295775055885315 -0.8985171914100647 
vn -0.3756694495677948 -0.8465509414672852 -0.37712597846984863 
vn -0.6887192130088806 -0.23013246059417725 -0.6875353455543518 
vn -0.5001311302185059 -0.8410757184028625 -0.2060592919588089 
vn -0.8984265923500061 -0.23161228001117706 -0.37307560443878174 
vn -0.5365904569625854 -0.8438400030136108 -0.002184694167226553 
vn -0.9727190732955933 -0.23197589814662933 0.002184694167226553 
vn -0.999997615814209 -2.0682260971124217e-13 0.002184694167226553 
vn -0.924505352973938 -1.9120906843538704e-13 0.3811691105365753 
vn -0.7078787684440613 -1.4640568759497624e-13 0.7063339352607727 
vn -0.3831879794597626 -7.925212949008026e-14 0.9236704111099243 
vn 0 0 1 
vn 0.3831879794597626 0 0.9236704111099243 
vn 0.7078787684440613 0 0.7063339352607727 
vn 0.924505352973938 0 0.3811691105365753 
vn 0.999997615814209 0 0.002184694167226553 
vn 0.924505352973938 0 -0.3811691105365753 
vn 0.7078787684440613 0 -0.7063339352607727 
vn 0.3831879794597626 0 -0.9236704111099243 
vn -2.0682311115474694e-13 0 -1 
vn -0.3831879794597626 -7.925212949008026e-14 -0.9236704111099243 
vn -0.7078686952590942 0.0037756471429020166 -0.7063339352607727 
vn -0.9244976043701172 0.0037768674083054066 -0.3811691105365753 
vn -0.999997615814209 -2.0682260971124217e-13 0.002184694167226553 
vn -0.999997615814209 -2.0682260971124217e-13 0.002184694167226553 
vn -0.924505352973938 -1.9120906843538704e-13 0.3811691105365753 
vn -0.7078787684440613 -1.4640568759497624e-13 0.7063339352607727 
vn -0.3831879794597626 -7.925212949008026e-14 0.9236704111099243 
vn 0 0 1 
vn 0.3831879794597626 0 0.9236704111099243 
vn 0.7078787684440613 0 0.7063339352607727 
vn 0.924505352973938 0 0.3811691105365753 
vn 0.999997615814209 0 0.002184694167226553 
vn 0.924505352973938 0 -0.3811691105365753 
vn 0.7078787684440613 0 -0.7063339352607727 
vn 0.3831879794597626 0 -0.9236704111099243 
vn -2.0682311115474694e-13 0 -1 
vn -0.3831879794597626 -7.925212949008026e-14 -0.9236704111099243 
vn -0.7078686952590942 0.0037756471429020166 -0.7063339352607727 
vn -0.9244976043701172 0.0037768674083054066 -0.3811691105365753 
vn 0.924505352973938 0 -0.3811691105365753 
vn 0.999997615814209 0 0.002184694167226553 
vn 0.999997615814209 0 0.002184694167226553 
vn 0.9727190732955933 -0.23197589814662933 -0.002184694167226553 
vn 0.5365904569625854 -0.8438400030136108 0.002184694167226553 
vn 0.8985021114349365 -0.23131902515888214 0.37307560443878174 
vn 0.924505352973938 0 0.3811691105365753 
vn 0.924505352973938 0 0.3811691105365753 
vn 0.7078787684440613 0 0.7063339352607727 
vn 0.7078787684440613 0 0.7063339352607727 
vn 0.3831879794597626 0 0.9236704111099243 
vn 0.3831879794597626 0 0.9236704111099243 
vn 0 0 1 
vn 0 0 1 
vn -0.3831879794597626 -7.925212949008026e-14 0.9236704111099243 
vn -0.3831879794597626 -7.925212949008026e-14 0.9236704111099243 
vn -0.7078787684440613 -1.4640568759497624e-13 0.7063339352607727 
vn -0.7078787684440613 -1.4640568759497624e-13 0.7063339352607727 
vn -0.924505352973938 -1.9120906843538704e-13 0.3811691105365753 
vn -0.924505352973938 -1.9120906843538704e-13 0.3811691105365753 
vn -0.999997615814209 -2.0682260971124217e-13 0.002184694167226553 
vn -0.999997615814209 -2.0682260971124217e-13 0.002184694167226553 
vn 0.6888418197631836 -0.22976532578468323 0.6875353455543518 
vn 0.37435483932495117 -0.22918400168418884 0.8985171914100647 
vn 7.110110433359781e-14 -0.22951345145702362 0.9733054637908936 
vn -0.37435483932495117 -0.22918400168418884 0.8985171914100647 
vn -0.6876394152641296 -0.23333916068077087 0.6875353455543518 
vn -0.8994348049163818 -0.2276654690504074 0.37307560443878174 
vn -0.9727190732955933 -0.23197589814662933 0.002184694167226553 
vn 0.3791157603263855 -0.8450131416320801 0.37712597846984863 
vn 0.20545516908168793 -0.8420501351356506 0.4987381398677826 
vn -0.0018861618591472507 -0.8441384434700012 0.5361219048500061 
vn -0.20545516908168793 -0.8420501351356506 0.4987381398677826 
vn -0.3756694495677948 -0.8465509414672852 0.37712597846984863 
vn -0.497954785823822 -0.8423660397529602 0.2060592919588089 
vn -0.5365904569625854 -0.8438400030136108 -0.002184694167226553 
vn 0.494704008102417 -0.8442792892456055 0.2060592919588089 
vn -0.5365904569625854 -0.8438400030136108 -0.002184694167226553 
vn -0.9727190732955933 -0.23197589814662933 0.002184694167226553 
vn -0.497954785823822 -0.8423660397529602 0.2060592919588089 
vn -0.8994348049163818 -0.2276654690504074 0.37307560443878174 
vn -0.3756694495677948 -0.8465509414672852 0.37712597846984863 
vn -0.6876394152641296 -0.23333916068077087 0.6875353455543518 
vn -0.20545516908168793 -0.8420501351356506 0.4987381398677826 
vn -0.37435483932495117 -0.22918400168418884 0.8985171914100647 
vn -0.0018861618591472507 -0.8441384434700012 0.5361219048500061 
vn 7.110110433359781e-14 -0.22951345145702362 0.9733054637908936 
vn 0.20545516908168793 -0.8420501351356506 0.4987381398677826 
vn 0.37435483932495117 -0.22918400168418884 0.8985171914100647 
vn 0.3791157603263855 -0.8450131416320801 0.37712597846984863 
vn 0.6888418197631836 -0.22976532578468323 0.6875353455543518 
vn 0.494704008102417 -0.8442792892456055 0.2060592919588089 
vn 0.8985021114349365 -0.23131902515888214 0.37307560443878174 
vn 0.5365904569625854 -0.8438400030136108 0.002184694167226553 
vn 0.9727190732955933 -0.23197589814662933 -0.002184694167226553 
vn 0.5001311302185059 -0.8410757184028625 -0.2060592919588089 
vn 0.8984265923500061 -0.23161228001117706 -0.37307560443878174 
vn 0.3791157603263855 -0.8450131416320801 -0.37712597846984863 
vn 0.6887192130088806 -0.23013246059417725 -0.6875353455543518 
vn 0.2038998007774353 -0.8424281477928162 -0.4987381398677826 
vn 0.37400946021080017 -0.22974716126918793 -0.8985171914100647 
vn 0.003777687903493643 -0.844132125377655 -0.5361219048500061 
vn -0.0018875121604651213 -0.22950568795204163 -0.9733054637908936 
vn -0.20756854116916656 -0.8415316939353943 -0.4987381398677826 
vn -0.3720181882381439 -0.23295775055885315 -0.8985171914100647 
vn -0.3756694495677948 -0.8465509414672852 -0.37712597846984863 
vn -0.6887192130088806 -0.23013246059417725 -0.6875353455543518 
vn -0.5001311302185059 -0.8410757184028625 -0.2060592919588089 
vn -0.8984265923500061 -0.23161228001117706 -0.37307560443878174 
vn -0.5365904569625854 -0.8438400030136108 -0.002184694167226553 
vn -0.9727190732955933 -0.23197589814662933 0.002184694167226553 
vn -0.999997615814209 -2.0682260971124217e-13 0.002184694167226553 
vn -0.924505352973938 -1.9120906843538704e-13 0.3811691105365753 
vn -0.7078787684440613 -1.4640568759497624e-13 0.7063339352607727 
vn -0.3831879794597626 -7.925212949008026e-14 0.9236704111099243 
vn 0 0 1 
vn 0.3831879794597626 0 0.9236704111099243 
vn 0.7078787684440613 0 0.7063339352607727 
vn 0.924505352973938 0 0.3811691105365753 
vn 0.999997615814209 0 0.002184694167226553 
vn 0.924505352973938 0 -0.3811691105365753 
vn 0.7078787684440613 0 -0.7063339352607727 
vn 0.3831879794597626 0 -0.9236704111099243 
vn -2.0682311115474694e-13 0 -1 
vn -0.3831879794597626 -7.925212949008026e-14 -0.9236704111099243 
vn -0.7078686952590942 0.0037756471429020166 -0.7063339352607727 
vn -0.9244976043701172 0.0037768674083054066 -0.3811691105365753 
vn -0.999997615814209 -2.0682260971124217e-13 0.002184694167226553 
vn -0.999997615814209 -2.0682260971124217e-13 0.002184694167226553 
vn -0.924505352973938 -1.9120906843538704e-13 0.3811691105365753 
vn -0.7078787684440613 -1.4640568759497624e-13 0.7063339352607727 
vn -0.3831879794597626 -7.925212949008026e-14 0.9236704111099243 
vn 0 0 1 
vn 0.3831879794597626 0 0.9236704111099243 
vn 0.7078787684440613 0 0.7063339352607727 
vn 0.924505352973938 0 0.3811691105365753 
vn 0.999997615814209 0 0.002184694167226553 
vn 0.924505352973938 0 -0.3811691105365753 
vn 0.7078787684440613 0 -0.7063339352607727 
vn 0.3831879794597626 0 -0.9236704111099243 
vn -2.0682311115474694e-13 0 -1 
vn -0.3831879794597626 -7.925212949008026e-14 -0.9236704111099243 
vn -0.7078686952590942 0.0037756471429020166 -0.7063339352607727 
vn -0.9244976043701172 0.0037768674083054066 -0.3811691105365753 
vn -0.5365904569625854 -0.8438400030136108 -0.002184694167226553 
vn -0.9727190732955933 -0.23197589814662933 0.002184694167226553 
vn -0.497954785823822 -0.8423660397529602 0.2060592919588089 
vn -0.8994348049163818 -0.2276654690504074 0.37307560443878174 
vn -0.3756694495677948 -0.8465509414672852 0.37712597846984863 
vn -0.6876394152641296 -0.23333916068077087 0.6875353455543518 
vn -0.20545516908168793 -0.8420501351356506 0.4987381398677826 
vn -0.37435483932495117 -0.22918400168418884 0.8985171914100647 
vn -0.0018861618591472507 -0.8441384434700012 0.5361219048500061 
vn 7.110110433359781e-14 -0.22951345145702362 0.9733054637908936 
vn 0.20545516908168793 -0.8420501351356506 0.4987381398677826 
vn 0.37435483932495117 -0.22918400168418884 0.8985171914100647 
vn 0.3791157603263855 -0.8450131416320801 0.37712597846984863 
vn 0.6888418197631836 -0.22976532578468323 0.6875353455543518 
vn 0.494704008102417 -0.8442792892456055 0.2060592919588089 
vn 0.8985021114349365 -0.23131902515888214 0.37307560443878174 
vn 0.5365904569625854 -0.8438400030136108 0.002184694167226553 
vn 0.9727190732955933 -0.23197589814662933 -0.002184694167226553 
vn -0.999997615814209 -2.0682260971124217e-13 0.002184694167226553 
vn -0.924505352973938 -1.9120906843538704e-13 0.3811691105365753 
vn -0.7078787684440613 -1.4640568759497624e-13 0.7063339352607727 
vn -0.3831879794597626 -7.925212949008026e-14 0.9236704111099243 
vn 0 0 1 
vn 0.3831879794597626 0 0.9236704111099243 
vn 0.7078787684440613 0 0.7063339352607727 
vn 0.924505352973938 0 0.3811691105365753 
vn 0.999997615814209 0 0.002184694167226553 
vn -0.999997615814209 -2.0682260971124217e-13 0.002184694167226553 
vn -0.924505352973938 -1.9120906843538704e-13 0.3811691105365753 
vn -0.7078787684440613 -1.4640568759497624e-13 0.7063339352607727 
vn -0.3831879794597626 -7.925212949008026e-14 0.9236704111099243 
vn 0 0 1 
vn 0.3831879794597626 0 0.9236704111099243 
vn 0.7078787684440613 0 0.7063339352607727 
vn 0.924505352973938 0 0.3811691105365753 
vn 0.999997615814209 0 0.002184694167226553 
vn 0.924505352973938 0 -0.3811691105365753 
vn -0.5365904569625854 -0.8438400030136108 -0.002184694167226553 
vn -0.9727190732955933 -0.23197589814662933 0.002184694167226553 
vn -0.497954785823822 -0.8423660397529602 0.2060592919588089 
vn -0.8994348049163818 -0.2276654690504074 0.37307560443878174 
vn -0.3756694495677948 -0.8465509414672852 0.37712597846984863 
vn -0.6876394152641296 -0.23333916068077087 0.6875353455543518 
vn -0.20545516908168793 -0.8420501351356506 0.4987381398677826 
vn -0.37435483932495117 -0.22918400168418884 0.8985171914100647 
vn -0.0018861618591472507 -0.8441384434700012 0.5361219048500061 
vn 7.110110433359781e-14 -0.22951345145702362 0.9733054637908936 
vn 0.20545516908168793 -0.8420501351356506 0.4987381398677826 
vn 0.37435483932495117 -0.22918400168418884 0.8985171914100647 
vn 0.3791157603263855 -0.8450131416320801 0.37712597846984863 
vn 0.6888418197631836 -0.22976532578468323 0.6875353455543518 
vn 0.494704008102417 -0.8442792892456055 0.2060592919588089 
vn 0.8985021114349365 -0.23131902515888214 0.37307560443878174 
vn 0.5365904569625854 -0.8438400030136108 0.002184694167226553 
vn 0.9727190732955933 -0.23197589814662933 -0.002184694167226553 
vn 0.5001311302185059 -0.8410757184028625 -0.2060592919588089 
vn 0.8984265923500061 -0.23161228001117706 -0.37307560443878174 
vn 0.3791157603263855 -0.8450131416320801 -0.37712597846984863 
vn 0.6887192130088806 -0.23013246059417725 -0.6875353455543518 
vn 0.2038998007774353 -0.8424281477928162 -0.4987381398677826 
vn 0.37400946021080017 -0.22974716126918793 -0.8985171914100647 
vn 0.003777687903493643 -0.844132125377655 -0.5361219048500061 
vn -0.0018875121604651213 -0.22950568795204163 -0.9733054637908936 
vn -0.20756854116916656 -0.8415316939353943 -0.4987381398677826 
vn -0.3720181882381439 -0.23295775055885315 -0.8985171914100647 
vn -0.3756694495677948 -0.8465509414672852 -0.37712597846984863 
vn -0.6887192130088806 -0.23013246059417725 -0.6875353455543518 
vn -0.5001311302185059 -0.8410757184028625 -0.2060592919588089 
vn -0.8984265923500061 -0.23161228001117706 -0.37307560443878174 
vn -0.5365904569625854 -0.8438400030136108 -0.002184694167226553 
vn -0.9727190732955933 -0.23197589814662933 0.002184694167226553 
vn -0.999997615814209 -2.0682260971124217e-13 0.002184694167226553 
vn -0.924505352973938 -1.9120906843538704e-13 0.3811691105365753 
vn -0.7078787684440613 -1.4640568759497624e-13 0.7063339352607727 
vn -0.3831879794597626 -7.925212949008026e-14 0.9236704111099243 
vn 0 0 1 
vn 0.3831879794597626 0 0.9236704111099243 
vn 0.7078787684440613 0 0.7063339352607727 
vn 0.924505352973938 0 0.3811691105365753 
vn 0.999997615814209 0 0.002184694167226553 
vn 0.924505352973938 0 -0.3811691105365753 
vn 0.7078787684440613 0 -0.7063339352607727 
vn 0.3831879794597626 0 -0.9236704111099243 
vn -2.0682311115474694e-13 0 -1 
vn -0.3831879794597626 -7.925212949008026e-14 -0.9236704111099243 
vn -0.7078686952590942 0.0037756471429020166 -0.7063339352607727 
vn -0.9244976043701172 0.0037768674083054066 -0.3811691105365753 
vn -0.999997615814209 -2.0682260971124217e-13 0.002184694167226553 
vn -0.999997615814209 -2.0682260971124217e-13 0.002184694167226553 
vn -0.924505352973938 -1.9120906843538704e-13 0.3811691105365753 
vn -0.7078787684440613 -1.4640568759497624e-13 0.7063339352607727 
vn -0.3831879794597626 -7.925212949008026e-14 0.9236704111099243 
vn 0 0 1 
vn 0.3831879794597626 0 0.9236704111099243 
vn 0.7078787684440613 0 0.7063339352607727 
vn 0.924505352973938 0 0.3811691105365753 
vn 0.999997615814209 0 0.002184694167226553 
vn 0.924505352973938 0 -0.3811691105365753 
vn 0.7078787684440613 0 -0.7063339352607727 
vn 0.3831879794597626 0 -0.9236704111099243 
vn -2.0682311115474694e-13 0 -1 
vn -0.3831879794597626 -7.925212949008026e-14 -0.9236704111099243 
vn -0.7078686952590942 0.0037756471429020166 -0.7063339352607727 
vn -0.9244976043701172 0.0037768674083054066 -0.3811691105365753 
vn -0.5365904569625854 -0.8438400030136108 -0.002184694167226553 
vn -0.9727190732955933 -0.23197589814662933 0.002184694167226553 
vn -0.497954785823822 -0.8423660397529602 0.2060592919588089 
vn -0.8994348049163818 -0.2276654690504074 0.37307560443878174 
vn -0.3756694495677948 -0.8465509414672852 0.37712597846984863 
vn -0.6876394152641296 -0.23333916068077087 0.6875353455543518 
vn -0.20545516908168793 -0.8420501351356506 0.4987381398677826 
vn -0.37435483932495117 -0.22918400168418884 0.8985171914100647 
vn -0.0018861618591472507 -0.8441384434700012 0.5361219048500061 
vn 7.110110433359781e-14 -0.22951345145702362 0.9733054637908936 
vn 0.20545516908168793 -0.8420501351356506 0.4987381398677826 
vn 0.37435483932495117 -0.22918400168418884 0.8985171914100647 
vn 0.3791157603263855 -0.8450131416320801 0.37712597846984863 
vn 0.6888418197631836 -0.22976532578468323 0.6875353455543518 
vn 0.494704008102417 -0.8442792892456055 0.2060592919588089 
vn 0.8985021114349365 -0.23131902515888214 0.37307560443878174 
vn 0.5365904569625854 -0.8438400030136108 0.002184694167226553 
vn 0.9727190732955933 -0.23197589814662933 -0.002184694167226553 
vn 0.5001311302185059 -0.8410757184028625 -0.2060592919588089 
vn 0.8984265923500061 -0.23161228001117706 -0.37307560443878174 
vn 0.3791157603263855 -0.8450131416320801 -0.37712597846984863 
vn 0.6887192130088806 -0.23013246059417725 -0.6875353455543518 
vn 0.2038998007774353 -0.8424281477928162 -0.4987381398677826 
vn 0.37400946021080017 -0.22974716126918793 -0.8985171914100647 
vn 0.003777687903493643 -0.844132125377655 -0.5361219048500061 
vn -0.0018875121604651213 -0.22950568795204163 -0.9733054637908936 
vn -0.20756854116916656 -0.8415316939353943 -0.4987381398677826 
vn -0.3720181882381439 -0.23295775055885315 -0.8985171914100647 
vn -0.3756694495677948 -0.8465509414672852 -0.37712597846984863 
vn -0.6887192130088806 -0.23013246059417725 -0.6875353455543518 
vn -0.5001311302185059 -0.8410757184028625 -0.2060592919588089 
vn -0.8984265923500061 -0.23161228001117706 -0.37307560443878174 
vn -0.5365904569625854 -0.8438400030136108 -0.002184694167226553 
vn -0.9727190732955933 -0.23197589814662933 0.002184694167226553 
vn -0.999997615814209 -2.0682260971124217e-13 0.002184694167226553 
vn -0.924505352973938 -1.9120906843538704e-13 0.3811691105365753 
vn -0.7078787684440613 -1.4640568759497624e-13 0.7063339352607727 
vn -0.3831879794597626 -7.925212949008026e-14 0.9236704111099243 
vn 0 0 1 
vn 0.3831879794597626 0 0.9236704111099243 
vn 0.7078787684440613 0 0.7063339352607727 
vn 0.924505352973938 0 0.3811691105365753 
vn 0.999997615814209 0 0.002184694167226553 
vn 0.924505352973938 0 -0.3811691105365753 
vn 0.7078787684440613 0 -0.7063339352607727 
vn 0.3831879794597626 0 -0.9236704111099243 
vn -2.0682311115474694e-13 0 -1 
vn -0.3831879794597626 -7.925212949008026e-14 -0.9236704111099243 
vn -0.7078686952590942 0.0037756471429020166 -0.7063339352607727 
vn -0.9244976043701172 0.0037768674083054066 -0.3811691105365753 
vn -0.999997615814209 -2.0682260971124217e-13 0.002184694167226553 
vn -0.999997615814209 -2.0682260971124217e-13 0.002184694167226553 
vn -0.924505352973938 -1.9120906843538704e-13 0.3811691105365753 
vn -0.7078787684440613 -1.4640568759497624e-13 0.7063339352607727 
vn -0.3831879794597626 -7.925212949008026e-14 0.9236704111099243 
vn 0 0 1 
vn 0.3831879794597626 0 0.9236704111099243 
vn 0.7078787684440613 0 0.7063339352607727 
vn 0.924505352973938 0 0.3811691105365753 
vn 0.999997615814209 0 0.002184694167226553 
vn 0.924505352973938 0 -0.3811691105365753 
vn 0.7078787684440613 0 -0.7063339352607727 
vn 0.3831879794597626 0 -0.9236704111099243 
vn -2.0682311115474694e-13 0 -1 
vn -0.3831879794597626 -7.925212949008026e-14 -0.9236704111099243 
vn -0.7078686952590942 0.0037756471429020166 -0.7063339352607727 
vn -0.9244976043701172 0.0037768674083054066 -0.3811691105365753 
vn -0.999997615814209 -2.0682260971124217e-13 0.002184694167226553 
vn -0.999997615814209 -2.0682260971124217e-13 0.002184694167226553 
vn -0.9244976043701172 0.0037768674083054066 -0.3811691105365753 
vn -0.9244976043701172 0.0037768674083054066 -0.3811691105365753 
vn -0.7078686952590942 0.0037756471429020166 -0.7063339352607727 
vn -0.7078686952590942 0.0037756471429020166 -0.7063339352607727 
vn -0.3831879794597626 -7.925212949008026e-14 -0.9236704111099243 
vn -0.3831879794597626 -7.925212949008026e-14 -0.9236704111099243 
vn -2.0682311115474694e-13 0 -1 
vn -2.0682311115474694e-13 0 -1 
vn 0.3831879794597626 0 -0.9236704111099243 
vn 0.3831879794597626 0 -0.9236704111099243 
vn 0.7078787684440613 0 -0.7063339352607727 
vn 0.7078787684440613 0 -0.7063339352607727 
vn 0.924505352973938 0 -0.3811691105365753 
vn 0.6887192130088806 -0.23013246059417725 -0.6875353455543518 
vn 0.8984265923500061 -0.23161228001117706 -0.37307560443878174 
vn 0.3791157603263855 -0.8450131416320801 -0.37712597846984863 
vn 0.5001311302185059 -0.8410757184028625 -0.2060592919588089 
vn -0.9727190732955933 -0.23197589814662933 0.002184694167226553 
vn -0.8984265923500061 -0.23161228001117706 -0.37307560443878174 
vn -0.6887192130088806 -0.23013246059417725 -0.6875353455543518 
vn -0.3720181882381439 -0.23295775055885315 -0.8985171914100647 
vn -0.0018875121604651213 -0.22950568795204163 -0.9733054637908936 
vn 0.37400946021080017 -0.22974716126918793 -0.8985171914100647 
vn -0.5365904569625854 -0.8438400030136108 -0.002184694167226553 
vn -0.5001311302185059 -0.8410757184028625 -0.2060592919588089 
vn -0.3756694495677948 -0.8465509414672852 -0.37712597846984863 
vn -0.20756854116916656 -0.8415316939353943 -0.4987381398677826 
vn 0.003777687903493643 -0.844132125377655 -0.5361219048500061 
vn 0.2038998007774353 -0.8424281477928162 -0.4987381398677826 
vn 0.924505352973938 0 -0.3811691105365753 
vn 0.999997615814209 0 0.002184694167226553 
vn 0.999997615814209 0 0.002184694167226553 
vn 0.9727190732955933 -0.23197589814662933 -0.002184694167226553 
vn 0.5365904569625854 -0.8438400030136108 0.002184694167226553 
vn 0.8985021114349365 -0.23131902515888214 0.37307560443878174 
vn 0.924505352973938 0 0.3811691105365753 
vn 0.924505352973938 0 0.3811691105365753 
vn 0.7078787684440613 0 0.7063339352607727 
vn 0.7078787684440613 0 0.7063339352607727 
vn 0.3831879794597626 0 0.9236704111099243 
vn 0.3831879794597626 0 0.9236704111099243 
vn 0 0 1 
vn 0 0 1 
vn -0.3831879794597626 -7.925212949008026e-14 0.9236704111099243 
vn -0.3831879794597626 -7.925212949008026e-14 0.9236704111099243 
vn -0.7078787684440613 -1.4640568759497624e-13 0.7063339352607727 
vn -0.7078787684440613 -1.4640568759497624e-13 0.7063339352607727 
vn -0.924505352973938 -1.9120906843538704e-13 0.3811691105365753 
vn -0.924505352973938 -1.9120906843538704e-13 0.3811691105365753 
vn -0.999997615814209 -2.0682260971124217e-13 0.002184694167226553 
vn -0.999997615814209 -2.0682260971124217e-13 0.002184694167226553 
vn 0.6888418197631836 -0.22976532578468323 0.6875353455543518 
vn 0.37435483932495117 -0.22918400168418884 0.8985171914100647 
vn 7.110110433359781e-14 -0.22951345145702362 0.9733054637908936 
vn -0.37435483932495117 -0.22918400168418884 0.8985171914100647 
vn -0.6876394152641296 -0.23333916068077087 0.6875353455543518 
vn -0.8994348049163818 -0.2276654690504074 0.37307560443878174 
vn -0.9727190732955933 -0.23197589814662933 0.002184694167226553 
vn 0.3791157603263855 -0.8450131416320801 0.37712597846984863 
vn 0.20545516908168793 -0.8420501351356506 0.4987381398677826 
vn -0.0018861618591472507 -0.8441384434700012 0.5361219048500061 
vn -0.20545516908168793 -0.8420501351356506 0.4987381398677826 
vn -0.3756694495677948 -0.8465509414672852 0.37712597846984863 
vn -0.497954785823822 -0.8423660397529602 0.2060592919588089 
vn -0.5365904569625854 -0.8438400030136108 -0.002184694167226553 
vn 0.494704008102417 -0.8442792892456055 0.2060592919588089 
vn -0.999997615814209 -2.0682260971124217e-13 0.002184694167226553 
vn -0.999997615814209 -2.0682260971124217e-13 0.002184694167226553 
vn -0.9244976043701172 0.0037768674083054066 -0.3811691105365753 
vn -0.9244976043701172 0.0037768674083054066 -0.3811691105365753 
vn -0.7078686952590942 0.0037756471429020166 -0.7063339352607727 
vn -0.7078686952590942 0.0037756471429020166 -0.7063339352607727 
vn -0.3831879794597626 -7.925212949008026e-14 -0.9236704111099243 
vn -0.3831879794597626 -7.925212949008026e-14 -0.9236704111099243 
vn -2.0682311115474694e-13 0 -1 
vn -2.0682311115474694e-13 0 -1 
vn 0.3831879794597626 0 -0.9236704111099243 
vn 0.3831879794597626 0 -0.9236704111099243 
vn 0.7078787684440613 0 -0.7063339352607727 
vn 0.7078787684440613 0 -0.7063339352607727 
vn 0.924505352973938 0 -0.3811691105365753 
vn 0.6887192130088806 -0.23013246059417725 -0.6875353455543518 
vn 0.8984265923500061 -0.23161228001117706 -0.37307560443878174 
vn 0.3791157603263855 -0.8450131416320801 -0.37712597846984863 
vn 0.5001311302185059 -0.8410757184028625 -0.2060592919588089 
vn -0.9727190732955933 -0.23197589814662933 0.002184694167226553 
vn -0.8984265923500061 -0.23161228001117706 -0.37307560443878174 
vn -0.6887192130088806 -0.23013246059417725 -0.6875353455543518 
vn -0.3720181882381439 -0.23295775055885315 -0.8985171914100647 
vn -0.0018875121604651213 -0.22950568795204163 -0.9733054637908936 
vn 0.37400946021080017 -0.22974716126918793 -0.8985171914100647 
vn -0.5365904569625854 -0.8438400030136108 -0.002184694167226553 
vn -0.5001311302185059 -0.8410757184028625 -0.2060592919588089 
vn -0.3756694495677948 -0.8465509414672852 -0.37712597846984863 
vn -0.20756854116916656 -0.8415316939353943 -0.4987381398677826 
vn 0.003777687903493643 -0.844132125377655 -0.5361219048500061 
vn 0.2038998007774353 -0.8424281477928162 -0.4987381398677826 
vn -0.5365904569625854 -0.8438400030136108 -0.002184694167226553 
vn -0.9727190732955933 -0.23197589814662933 0.002184694167226553 
vn -0.497954785823822 -0.8423660397529602 0.2060592919588089 
vn -0.8994348049163818 -0.2276654690504074 0.37307560443878174 
vn -0.3756694495677948 -0.8465509414672852 0.37712597846984863 
vn -0.6876394152641296 -0.23333916068077087 0.6875353455543518 
vn -0.20545516908168793 -0.8420501351356506 0.4987381398677826 
vn -0.37435483932495117 -0.22918400168418884 0.8985171914100647 
vn -0.0018861618591472507 -0.8441384434700012 0.5361219048500061 
vn 7.110110433359781e-14 -0.22951345145702362 0.9733054637908936 
vn 0.20545516908168793 -0.8420501351356506 0.4987381398677826 
vn 0.37435483932495117 -0.22918400168418884 0.8985171914100647 
vn 0.3791157603263855 -0.8450131416320801 0.37712597846984863 
vn 0.6888418197631836 -0.22976532578468323 0.6875353455543518 
vn 0.494704008102417 -0.8442792892456055 0.2060592919588089 
vn 0.8985021114349365 -0.23131902515888214 0.37307560443878174 
vn 0.5365904569625854 -0.8438400030136108 0.002184694167226553 
vn 0.9727190732955933 -0.23197589814662933 -0.002184694167226553 
vn -0.999997615814209 -2.0682260971124217e-13 0.002184694167226553 
vn -0.924505352973938 -1.9120906843538704e-13 0.3811691105365753 
vn -0.7078787684440613 -1.4640568759497624e-13 0.7063339352607727 
vn -0.3831879794597626 -7.925212949008026e-14 0.9236704111099243 
vn 0 0 1 
vn 0.3831879794597626 0 0.9236704111099243 
vn 0.7078787684440613 0 0.7063339352607727 
vn 0.924505352973938 0 0.3811691105365753 
vn 0.999997615814209 0 0.002184694167226553 
vn -0.999997615814209 -2.0682260971124217e-13 0.002184694167226553 
vn -0.924505352973938 -1.9120906843538704e-13 0.3811691105365753 
vn -0.7078787684440613 -1.4640568759497624e-13 0.7063339352607727 
vn -0.3831879794597626 -7.925212949008026e-14 0.9236704111099243 
vn 0 0 1 
vn 0.3831879794597626 0 0.9236704111099243 
vn 0.7078787684440613 0 0.7063339352607727 
vn 0.924505352973938 0 0.3811691105365753 
vn 0.999997615814209 0 0.002184694167226553 
vn 0.924505352973938 0 -0.3811691105365753 
vn -0.5365904569625854 -0.8438400030136108 -0.002184694167226553 
vn -0.9727190732955933 -0.23197589814662933 0.002184694167226553 
vn -0.497954785823822 -0.8423660397529602 0.2060592919588089 
vn -0.8994348049163818 -0.2276654690504074 0.37307560443878174 
vn -0.3756694495677948 -0.8465509414672852 0.37712597846984863 
vn -0.6876394152641296 -0.23333916068077087 0.6875353455543518 
vn -0.20545516908168793 -0.8420501351356506 0.4987381398677826 
vn -0.37435483932495117 -0.22918400168418884 0.8985171914100647 
vn -0.0018861618591472507 -0.8441384434700012 0.5361219048500061 
vn 7.110110433359781e-14 -0.22951345145702362 0.9733054637908936 
vn 0.20545516908168793 -0.8420501351356506 0.4987381398677826 
vn 0.37435483932495117 -0.22918400168418884 0.8985171914100647 
vn 0.3791157603263855 -0.8450131416320801 0.37712597846984863 
vn 0.6888418197631836 -0.22976532578468323 0.6875353455543518 
vn 0.494704008102417 -0.8442792892456055 0.2060592919588089 
vn 0.8985021114349365 -0.23131902515888214 0.37307560443878174 
vn 0.5365904569625854 -0.8438400030136108 0.002184694167226553 
vn 0.9727190732955933 -0.23197589814662933 -0.002184694167226553 
vn 0.5001311302185059 -0.8410757184028625 -0.2060592919588089 
vn 0.8984265923500061 -0.23161228001117706 -0.37307560443878174 
vn 0.3791157603263855 -0.8450131416320801 -0.37712597846984863 
vn 0.6887192130088806 -0.23013246059417725 -0.6875353455543518 
vn 0.2038998007774353 -0.8424281477928162 -0.4987381398677826 
vn 0.37400946021080017 -0.22974716126918793 -0.8985171914100647 
vn 0.003777687903493643 -0.844132125377655 -0.5361219048500061 
vn -0.0018875121604651213 -0.22950568795204163 -0.9733054637908936 
vn -0.20756854116916656 -0.8415316939353943 -0.4987381398677826 
vn -0.3720181882381439 -0.23295775055885315 -0.8985171914100647 
vn -0.3756694495677948 -0.8465509414672852 -0.37712597846984863 
vn -0.6887192130088806 -0.23013246059417725 -0.6875353455543518 
vn -0.5001311302185059 -0.8410757184028625 -0.2060592919588089 
vn -0.8984265923500061 -0.23161228001117706 -0.37307560443878174 
vn -0.5365904569625854 -0.8438400030136108 -0.002184694167226553 
vn -0.9727190732955933 -0.23197589814662933 0.002184694167226553 
vn -0.999997615814209 -2.0682260971124217e-13 0.002184694167226553 
vn -0.924505352973938 -1.9120906843538704e-13 0.3811691105365753 
vn -0.7078787684440613 -1.4640568759497624e-13 0.7063339352607727 
vn -0.3831879794597626 -7.925212949008026e-14 0.9236704111099243 
vn 0 0 1 
vn 0.3831879794597626 0 0.9236704111099243 
vn 0.7078787684440613 0 0.7063339352607727 
vn 0.924505352973938 0 0.3811691105365753 
vn 0.999997615814209 0 0.002184694167226553 
vn 0.924505352973938 0 -0.3811691105365753 
vn 0.7078787684440613 0 -0.7063339352607727 
vn 0.3831879794597626 0 -0.9236704111099243 
vn -2.0682311115474694e-13 0 -1 
vn -0.3831879794597626 -7.925212949008026e-14 -0.9236704111099243 
vn -0.7078686952590942 0.0037756471429020166 -0.7063339352607727 
vn -0.9244976043701172 0.0037768674083054066 -0.3811691105365753 
vn -0.999997615814209 -2.0682260971124217e-13 0.002184694167226553 
vn -0.999997615814209 -2.0682260971124217e-13 0.002184694167226553 
vn -0.924505352973938 -1.9120906843538704e-13 0.3811691105365753 
vn -0.7078787684440613 -1.4640568759497624e-13 0.7063339352607727 
vn -0.3831879794597626 -7.925212949008026e-14 0.9236704111099243 
vn 0 0 1 
vn 0.3831879794597626 0 0.9236704111099243 
vn 0.7078787684440613 0 0.7063339352607727 
vn 0.924505352973938 0 0.3811691105365753 
vn 0.999997615814209 0 0.002184694167226553 
vn 0.924505352973938 0 -0.3811691105365753 
vn 0.7078787684440613 0 -0.7063339352607727 
vn 0.3831879794597626 0 -0.9236704111099243 
vn -2.0682311115474694e-13 0 -1 
vn -0.3831879794597626 -7.925212949008026e-14 -0.9236704111099243 
vn -0.7078686952590942 0.0037756471429020166 -0.7063339352607727 
vn -0.9244976043701172 0.0037768674083054066 -0.3811691105365753 
vn 0.494704008102417 -0.8442792892456055 0.2060592919588089 
vn 0.06036106497049332 -0.9978873133659363 0.024029340595006943 
vn 0.3791157603263855 -0.8450131416320801 0.37712597846984863 
vn 0.04525691270828247 -0.9981130957603455 0.04149730131030083 
vn 0.20545516908168793 -0.8420501351356506 0.4987381398677826 
vn 0.020755073055624962 -0.998045027256012 0.058952588587999344 
vn -0.0018861618591472507 -0.8441384434700012 0.5361219048500061 
vn -0.0018869596533477306 -0.9982590079307556 0.058952588587999344 
vn -0.20545516908168793 -0.8420501351356506 0.4987381398677826 
vn -0.0245280209928751 -0.9979593753814697 0.058952588587999344 
vn -0.3756694495677948 -0.8465509414672852 0.37712597846984863 
vn -0.04525691270828247 -0.9981130957603455 0.04149730131030083 
vn -0.497954785823822 -0.8423660397529602 0.2060592919588089 
vn -0.06036106497049332 -0.9978873133659363 0.024029340595006943 
vn -0.5365904569625854 -0.8438400030136108 -0.002184694167226553 
vn -0.06037835404276848 -0.998173177242279 0.002184694167226553 
vn -0.5001311302185059 -0.8410757184028625 -0.2060592919588089 
vn -0.06036106497049332 -0.9978873133659363 -0.024029340595006943 
vn -0.3756694495677948 -0.8465509414672852 -0.37712597846984863 
vn -0.04525691270828247 -0.9981130957603455 -0.04149730131030083 
vn -0.20756854116916656 -0.8415316939353943 -0.4987381398677826 
vn -0.0245280209928751 -0.9979593753814697 -0.058952588587999344 
vn 0.003777687903493643 -0.844132125377655 -0.5361219048500061 
vn -0.0018869596533477306 -0.9982590079307556 -0.058952588587999344 
vn 0.2038998007774353 -0.8424281477928162 -0.4987381398677826 
vn 0.020755073055624962 -0.998045027256012 -0.058952588587999344 
vn 0.3791157603263855 -0.8450131416320801 -0.37712597846984863 
vn 0.04525691270828247 -0.9981130957603455 -0.04149730131030083 
vn 0.5001311302185059 -0.8410757184028625 -0.2060592919588089 
vn 0.06036106497049332 -0.9978873133659363 -0.024029340595006943 
vn 0.5365904569625854 -0.8438400030136108 0.002184694167226553 
vn 0.06037835404276848 -0.998173177242279 -0.002184694167226553 
vn 3.097898456858039e-13 -0.999997615814209 -0.002184694167226553 
vn 3.097898456858039e-13 -0.999997615814209 -0.002184694167226553 
vn 3.097898456858039e-13 -0.999997615814209 -0.002184694167226553 
vn 3.097898456858039e-13 -0.999997615814209 -0.002184694167226553 
vn 3.097898456858039e-13 -0.999997615814209 0.002184694167226553 
vn 3.097898456858039e-13 -0.999997615814209 0.002184694167226553 
vn 3.097898456858039e-13 -0.999997615814209 0.002184694167226553 
vn 3.097898456858039e-13 -0.999997615814209 -0.002184694167226553 
vn 3.097898456858039e-13 -0.999997615814209 0.002184694167226553 
vn 3.097898456858039e-13 -0.999997615814209 0.002184694167226553 
vn 3.097898456858039e-13 -0.999997615814209 0.002184694167226553 
vn 3.097898456858039e-13 -0.999997615814209 0.002184694167226553 
vn 3.097898456858039e-13 -0.999997615814209 0.002184694167226553 
vn 3.097898456858039e-13 -0.999997615814209 -0.002184694167226553 
vn 3.097898456858039e-13 -0.999997615814209 -0.002184694167226553 
vn 3.097898456858039e-13 -0.999997615814209 0.002184694167226553 
vn 3.097898456858039e-13 -0.999997615814209 0.002184694167226553 
vn 3.097898456858039e-13 -0.999997615814209 0.002184694167226553 
vn 3.097898456858039e-13 -0.999997615814209 -0.002184694167226553 
vn 3.097898456858039e-13 -0.999997615814209 -0.002184694167226553 
vn 3.097898456858039e-13 -0.999997615814209 -0.002184694167226553 
vn 3.097898456858039e-13 -0.999997615814209 -0.002184694167226553 
vn 3.097898456858039e-13 -0.999997615814209 0.002184694167226553 
vn 3.097898456858039e-13 -0.999997615814209 0.002184694167226553 
vn 3.097898456858039e-13 -0.999997615814209 0.002184694167226553 
vn 3.097898456858039e-13 -0.999997615814209 0.002184694167226553 
vn 3.097898456858039e-13 -0.999997615814209 0.002184694167226553 
vn 3.097898456858039e-13 -0.999997615814209 0.002184694167226553 
vn 3.097898456858039e-13 -0.999997615814209 -0.002184694167226553 
vn 3.097898456858039e-13 -0.999997615814209 -0.002184694167226553 
vn 3.097898456858039e-13 -0.999997615814209 -0.002184694167226553 
vn 3.097898456858039e-13 -0.999997615814209 0.002184694167226553 
vn -0.10738389194011688 -0.9879806041717529 0.1111890971660614 
vn -0.14478351175785065 -0.9877055883407593 0.058952588587999344 
vn -0.5636292695999146 -0.6022982001304626 0.5652954578399658 
vn -0.737745463848114 -0.6031627655029297 0.30319350957870483 
vn -0.6962394714355469 -0.1716076284646988 0.6969945430755615 
vn -0.9106361269950867 -0.1688723862171173 0.37712597846984863 
vn -0.7078787684440613 -1.4640568759497624e-13 0.7063339352607727 
vn -0.924505352973938 -1.9120906843538704e-13 0.3811691105365753 
vn -0.7078787684440613 -1.4640568759497624e-13 0.7063339352607727 
vn -0.924505352973938 -1.9120906843538704e-13 0.3811691105365753 
vn -0.15792569518089294 -0.9874485731124878 0.002184694167226553 
vn -0.14478351175785065 -0.9877055883407593 -0.058952588587999344 
vn -0.10738389194011688 -0.9879806041717529 -0.1111890971660614 
vn -0.06035032123327255 -0.9880928993225098 -0.1415284425020218 
vn -0.003775994060561061 -0.9879868030548096 -0.15449213981628418 
vn 0.06035032123327255 -0.9880928993225098 -0.1415284425020218 
vn 0.11113623529672623 -0.9875655770301819 -0.1111890971660614 
vn 0.14104847609996796 -0.9882459044456482 -0.058952588587999344 
vn 0.15792569518089294 -0.9874485731124878 -0.002184694167226553 
vn 0.14104847609996796 -0.9882459044456482 0.058952588587999344 
vn 0.11113623529672623 -0.9875655770301819 0.1111890971660614 
vn 0.06035032123327255 -0.9880928993225098 0.1415284425020218 
vn 0.003775994060561061 -0.9879868030548096 0.15449213981628418 
vn -0.06035032123327255 -0.9880928993225098 0.1415284425020218 
vn -0.7964062690734863 -0.604758083820343 0.002184694167226553 
vn -0.737745463848114 -0.6031627655029297 -0.30319350957870483 
vn -0.5656656622886658 -0.6003860831260681 -0.5652954578399658 
vn -0.3026692569255829 -0.6048481464385986 -0.736579954624176 
vn 0.0018891289364546537 -0.6025291085243225 -0.7980946898460388 
vn 0.3026692569255829 -0.6048481464385986 -0.736579954624176 
vn 0.5656656622886658 -0.6003860831260681 -0.5652954578399658 
vn 0.7353501319885254 -0.6060807704925537 -0.30319350957870483 
vn 0.7964062690734863 -0.604758083820343 -0.002184694167226553 
vn 0.7353501319885254 -0.6060807704925537 0.30319350957870483 
vn 0.5608691573143005 -0.6048693060874939 0.5652954578399658 
vn 0.3050408959388733 -0.6036555171012878 0.736579954624176 
vn -0.0037707132287323475 -0.6025202870368958 0.7980946898460388 
vn -0.3050408959388733 -0.6036555171012878 0.736579954624176 
vn -0.9849507808685303 -0.17282135784626007 0.002184694167226553 
vn -0.9106361269950867 -0.1688723862171173 -0.37712597846984863 
vn -0.696100115776062 -0.1721721738576889 -0.6969945430755615 
vn -0.37778180837631226 -0.17233823239803314 -0.9097144603729248 
vn 0.001889180624857545 -0.16957223415374756 -0.9855159521102905 
vn 0.3793354630470276 -0.1688910275697708 -0.9097144603729248 
vn 0.696100115776062 -0.1721721738576889 -0.6969945430755615 
vn 0.9099404215812683 -0.1725815385580063 -0.37712597846984863 
vn 0.9849507808685303 -0.17282135784626007 0.002184694167226553 
vn 0.9099404215812683 -0.1725815385580063 0.37712597846984863 
vn 0.6962394714355469 -0.1716076284646988 0.6969945430755615 
vn 0.3797420859336853 -0.16797471046447754 0.9097144603729248 
vn -0.003751524491235614 -0.16954125463962555 0.9855159521102905 
vn -0.3782057762145996 -0.17140580713748932 0.9097144603729248 
vn -0.999997615814209 -2.0682260971124217e-13 0.002184694167226553 
vn -0.9244976043701172 0.0037768674083054066 -0.3811691105365753 
vn -0.7078686952590942 0.0037756471429020166 -0.7063339352607727 
vn -0.3831879794597626 -7.925212949008026e-14 -0.9236704111099243 
vn -2.0682311115474694e-13 0 -1 
vn 0.3831879794597626 0 -0.9236704111099243 
vn 0.7078787684440613 0 -0.7063339352607727 
vn 0.924505352973938 0 -0.3811691105365753 
vn 0.999997615814209 0 0.002184694167226553 
vn 0.924505352973938 0 0.3811691105365753 
vn 0.7078787684440613 0 0.7063339352607727 
vn 0.3831879794597626 0 0.9236704111099243 
vn 0 0 1 
vn -0.3831879794597626 -7.925212949008026e-14 0.9236704111099243 
vn -0.999997615814209 -2.0682260971124217e-13 0.002184694167226553 
vn -0.9244976043701172 0.0037768674083054066 -0.3811691105365753 
vn -0.7078686952590942 0.0037756471429020166 -0.7063339352607727 
vn -0.3831879794597626 -7.925212949008026e-14 -0.9236704111099243 
vn -2.0682311115474694e-13 0 -1 
vn 0.3831879794597626 0 -0.9236704111099243 
vn 0.7078787684440613 0 -0.7063339352607727 
vn 0.924505352973938 0 -0.3811691105365753 
vn 0.999997615814209 0 0.002184694167226553 
vn 0.924505352973938 0 0.3811691105365753 
vn 0.7078787684440613 0 0.7063339352607727 
vn 0.3831879794597626 0 0.9236704111099243 
vn 0 0 1 
vn -0.3831879794597626 -7.925212949008026e-14 0.9236704111099243 
vn 0.003777687903493643 -0.844132125377655 -0.5361219048500061 
vn -0.0018869596533477306 -0.9982590079307556 -0.058952588587999344 
vn 0.2038998007774353 -0.8424281477928162 -0.4987381398677826 
vn 0.020755073055624962 -0.998045027256012 -0.058952588587999344 
vn 0.3791157603263855 -0.8450131416320801 -0.37712597846984863 
vn 0.04525691270828247 -0.9981130957603455 -0.04149730131030083 
vn 0.5001311302185059 -0.8410757184028625 -0.2060592919588089 
vn 0.06036106497049332 -0.9978873133659363 -0.024029340595006943 
vn 0.5365904569625854 -0.8438400030136108 0.002184694167226553 
vn 0.06037835404276848 -0.998173177242279 -0.002184694167226553 
vn 0.494704008102417 -0.8442792892456055 0.2060592919588089 
vn 0.06036106497049332 -0.9978873133659363 0.024029340595006943 
vn 0.3791157603263855 -0.8450131416320801 0.37712597846984863 
vn 0.04525691270828247 -0.9981130957603455 0.04149730131030083 
vn 0.20545516908168793 -0.8420501351356506 0.4987381398677826 
vn 0.020755073055624962 -0.998045027256012 0.058952588587999344 
vn -0.0018861618591472507 -0.8441384434700012 0.5361219048500061 
vn -0.0018869596533477306 -0.9982590079307556 0.058952588587999344 
vn -0.20545516908168793 -0.8420501351356506 0.4987381398677826 
vn -0.0245280209928751 -0.9979593753814697 0.058952588587999344 
vn -0.3756694495677948 -0.8465509414672852 0.37712597846984863 
vn -0.04525691270828247 -0.9981130957603455 0.04149730131030083 
vn -0.497954785823822 -0.8423660397529602 0.2060592919588089 
vn -0.06036106497049332 -0.9978873133659363 0.024029340595006943 
vn -0.5365904569625854 -0.8438400030136108 -0.002184694167226553 
vn -0.06037835404276848 -0.998173177242279 0.002184694167226553 
vn -0.5001311302185059 -0.8410757184028625 -0.2060592919588089 
vn -0.06036106497049332 -0.9978873133659363 -0.024029340595006943 
vn -0.3756694495677948 -0.8465509414672852 -0.37712597846984863 
vn -0.04525691270828247 -0.9981130957603455 -0.04149730131030083 
vn -0.20756854116916656 -0.8415316939353943 -0.4987381398677826 
vn -0.0245280209928751 -0.9979593753814697 -0.058952588587999344 
vn 3.097898456858039e-13 -0.999997615814209 0.002184694167226553 
vn 3.097898456858039e-13 -0.999997615814209 0.002184694167226553 
vn 3.097898456858039e-13 -0.999997615814209 -0.002184694167226553 
vn 3.097898456858039e-13 -0.999997615814209 -0.002184694167226553 
vn 3.097898456858039e-13 -0.999997615814209 0.002184694167226553 
vn 3.097898456858039e-13 -0.999997615814209 -0.002184694167226553 
vn 3.097898456858039e-13 -0.999997615814209 -0.002184694167226553 
vn 3.097898456858039e-13 -0.999997615814209 -0.002184694167226553 
vn 3.097898456858039e-13 -0.999997615814209 -0.002184694167226553 
vn 3.097898456858039e-13 -0.999997615814209 0.002184694167226553 
vn 3.097898456858039e-13 -0.999997615814209 0.002184694167226553 
vn 3.097898456858039e-13 -0.999997615814209 0.002184694167226553 
vn 3.097898456858039e-13 -0.999997615814209 -0.002184694167226553 
vn 3.097898456858039e-13 -0.999997615814209 0.002184694167226553 
vn 3.097898456858039e-13 -0.999997615814209 0.002184694167226553 
vn 3.097898456858039e-13 -0.999997615814209 0.002184694167226553 
vn 3.097898456858039e-13 -0.999997615814209 0.002184694167226553 
vn 3.097898456858039e-13 -0.999997615814209 0.002184694167226553 
vn 3.097898456858039e-13 -0.999997615814209 -0.002184694167226553 
vn 3.097898456858039e-13 -0.999997615814209 -0.002184694167226553 
vn 3.097898456858039e-13 -0.999997615814209 -0.002184694167226553 
vn 3.097898456858039e-13 -0.999997615814209 -0.002184694167226553 
vn 3.097898456858039e-13 -0.999997615814209 0.002184694167226553 
vn 3.097898456858039e-13 -0.999997615814209 0.002184694167226553 
vn 3.097898456858039e-13 -0.999997615814209 0.002184694167226553 
vn 3.097898456858039e-13 -0.999997615814209 0.002184694167226553 
vn 3.097898456858039e-13 -0.999997615814209 0.002184694167226553 
vn 3.097898456858039e-13 -0.999997615814209 0.002184694167226553 
vn 3.097898456858039e-13 -0.999997615814209 -0.002184694167226553 
vn 3.097898456858039e-13 -0.999997615814209 -0.002184694167226553 
vn 3.097898456858039e-13 -0.999997615814209 -0.002184694167226553 
vn 3.097898456858039e-13 -0.999997615814209 0.002184694167226553 
vn -0.10738389194011688 -0.9879806041717529 0.1111890971660614 
vn -0.14478351175785065 -0.9877055883407593 0.058952588587999344 
vn -0.5636292695999146 -0.6022982001304626 0.5652954578399658 
vn -0.737745463848114 -0.6031627655029297 0.30319350957870483 
vn -0.6962394714355469 -0.1716076284646988 0.6969945430755615 
vn -0.9106361269950867 -0.1688723862171173 0.37712597846984863 
vn -0.7078787684440613 -1.4640568759497624e-13 0.7063339352607727 
vn -0.924505352973938 -1.9120906843538704e-13 0.3811691105365753 
vn -0.7078787684440613 -1.4640568759497624e-13 0.7063339352607727 
vn -0.924505352973938 -1.9120906843538704e-13 0.3811691105365753 
vn -0.15792569518089294 -0.9874485731124878 0.002184694167226553 
vn -0.14478351175785065 -0.9877055883407593 -0.058952588587999344 
vn -0.10738389194011688 -0.9879806041717529 -0.1111890971660614 
vn -0.06035032123327255 -0.9880928993225098 -0.1415284425020218 
vn -0.003775994060561061 -0.9879868030548096 -0.15449213981628418 
vn 0.06035032123327255 -0.9880928993225098 -0.1415284425020218 
vn 0.11113623529672623 -0.9875655770301819 -0.1111890971660614 
vn 0.14104847609996796 -0.9882459044456482 -0.058952588587999344 
vn 0.15792569518089294 -0.9874485731124878 -0.002184694167226553 
vn 0.14104847609996796 -0.9882459044456482 0.058952588587999344 
vn 0.11113623529672623 -0.9875655770301819 0.1111890971660614 
vn 0.06035032123327255 -0.9880928993225098 0.1415284425020218 
vn 0.003775994060561061 -0.9879868030548096 0.15449213981628418 
vn -0.06035032123327255 -0.9880928993225098 0.1415284425020218 
vn -0.7964062690734863 -0.604758083820343 0.002184694167226553 
vn -0.737745463848114 -0.6031627655029297 -0.30319350957870483 
vn -0.5656656622886658 -0.6003860831260681 -0.5652954578399658 
vn -0.3026692569255829 -0.6048481464385986 -0.736579954624176 
vn 0.0018891289364546537 -0.6025291085243225 -0.7980946898460388 
vn 0.3026692569255829 -0.6048481464385986 -0.736579954624176 
vn 0.5656656622886658 -0.6003860831260681 -0.5652954578399658 
vn 0.7353501319885254 -0.6060807704925537 -0.30319350957870483 
vn 0.7964062690734863 -0.604758083820343 -0.002184694167226553 
vn 0.7353501319885254 -0.6060807704925537 0.30319350957870483 
vn 0.5608691573143005 -0.6048693060874939 0.5652954578399658 
vn 0.3050408959388733 -0.6036555171012878 0.736579954624176 
vn -0.0037707132287323475 -0.6025202870368958 0.7980946898460388 
vn -0.3050408959388733 -0.6036555171012878 0.736579954624176 
vn -0.9849507808685303 -0.17282135784626007 0.002184694167226553 
vn -0.9106361269950867 -0.1688723862171173 -0.37712597846984863 
vn -0.696100115776062 -0.1721721738576889 -0.6969945430755615 
vn -0.37778180837631226 -0.17233823239803314 -0.9097144603729248 
vn 0.001889180624857545 -0.16957223415374756 -0.9855159521102905 
vn 0.3793354630470276 -0.1688910275697708 -0.9097144603729248 
vn 0.696100115776062 -0.1721721738576889 -0.6969945430755615 
vn 0.9099404215812683 -0.1725815385580063 -0.37712597846984863 
vn 0.9849507808685303 -0.17282135784626007 0.002184694167226553 
vn 0.9099404215812683 -0.1725815385580063 0.37712597846984863 
vn 0.6962394714355469 -0.1716076284646988 0.6969945430755615 
vn 0.3797420859336853 -0.16797471046447754 0.9097144603729248 
vn -0.003751524491235614 -0.16954125463962555 0.9855159521102905 
vn -0.3782057762145996 -0.17140580713748932 0.9097144603729248 
vn -0.999997615814209 -2.0682260971124217e-13 0.002184694167226553 
vn -0.9244976043701172 0.0037768674083054066 -0.3811691105365753 
vn -0.7078686952590942 0.0037756471429020166 -0.7063339352607727 
vn -0.3831879794597626 -7.925212949008026e-14 -0.9236704111099243 
vn -2.0682311115474694e-13 0 -1 
vn 0.3831879794597626 0 -0.9236704111099243 
vn 0.7078787684440613 0 -0.7063339352607727 
vn 0.924505352973938 0 -0.3811691105365753 
vn 0.999997615814209 0 0.002184694167226553 
vn 0.924505352973938 0 0.3811691105365753 
vn 0.7078787684440613 0 0.7063339352607727 
vn 0.3831879794597626 0 0.9236704111099243 
vn 0 0 1 
vn -0.3831879794597626 -7.925212949008026e-14 0.9236704111099243 
vn -0.999997615814209 -2.0682260971124217e-13 0.002184694167226553 
vn -0.9244976043701172 0.0037768674083054066 -0.3811691105365753 
vn -0.7078686952590942 0.0037756471429020166 -0.7063339352607727 
vn -0.3831879794597626 -7.925212949008026e-14 -0.9236704111099243 
vn -2.0682311115474694e-13 0 -1 
vn 0.3831879794597626 0 -0.9236704111099243 
vn 0.7078787684440613 0 -0.7063339352607727 
vn 0.924505352973938 0 -0.3811691105365753 
vn 0.999997615814209 0 0.002184694167226553 
vn 0.924505352973938 0 0.3811691105365753 
vn 0.7078787684440613 0 0.7063339352607727 
vn 0.3831879794597626 0 0.9236704111099243 
vn 0 0 1 
vn -0.3831879794597626 -7.925212949008026e-14 0.9236704111099243 
vn 0.5365904569625854 -0.8438400030136108 0.002184694167226553 
vn 0.06037835404276848 -0.998173177242279 -0.002184694167226553 
vn 0.494704008102417 -0.8442792892456055 0.2060592919588089 
vn 0.06036106497049332 -0.9978873133659363 0.024029340595006943 
vn 0.3791157603263855 -0.8450131416320801 0.37712597846984863 
vn 0.04525691270828247 -0.9981130957603455 0.04149730131030083 
vn 0.20545516908168793 -0.8420501351356506 0.4987381398677826 
vn 0.020755073055624962 -0.998045027256012 0.058952588587999344 
vn -0.0018861618591472507 -0.8441384434700012 0.5361219048500061 
vn -0.0018869596533477306 -0.9982590079307556 0.058952588587999344 
vn -0.20545516908168793 -0.8420501351356506 0.4987381398677826 
vn -0.0245280209928751 -0.9979593753814697 0.058952588587999344 
vn -0.3756694495677948 -0.8465509414672852 0.37712597846984863 
vn -0.04525691270828247 -0.9981130957603455 0.04149730131030083 
vn -0.497954785823822 -0.8423660397529602 0.2060592919588089 
vn -0.06036106497049332 -0.9978873133659363 0.024029340595006943 
vn -0.5365904569625854 -0.8438400030136108 -0.002184694167226553 
vn -0.06037835404276848 -0.998173177242279 0.002184694167226553 
vn -0.5001311302185059 -0.8410757184028625 -0.2060592919588089 
vn -0.06036106497049332 -0.9978873133659363 -0.024029340595006943 
vn -0.3756694495677948 -0.8465509414672852 -0.37712597846984863 
vn -0.04525691270828247 -0.9981130957603455 -0.04149730131030083 
vn -0.20756854116916656 -0.8415316939353943 -0.4987381398677826 
vn -0.0245280209928751 -0.9979593753814697 -0.058952588587999344 
vn 0.003777687903493643 -0.844132125377655 -0.5361219048500061 
vn -0.0018869596533477306 -0.9982590079307556 -0.058952588587999344 
vn 0.2038998007774353 -0.8424281477928162 -0.4987381398677826 
vn 0.020755073055624962 -0.998045027256012 -0.058952588587999344 
vn 0.3791157603263855 -0.8450131416320801 -0.37712597846984863 
vn 0.04525691270828247 -0.9981130957603455 -0.04149730131030083 
vn 0.5001311302185059 -0.8410757184028625 -0.2060592919588089 
vn 0.06036106497049332 -0.9978873133659363 -0.024029340595006943 
vn 3.097898456858039e-13 -0.999997615814209 0.002184694167226553 
vn 3.097898456858039e-13 -0.999997615814209 -0.002184694167226553 
vn 3.097898456858039e-13 -0.999997615814209 -0.002184694167226553 
vn 3.097898456858039e-13 -0.999997615814209 -0.002184694167226553 
vn 3.097898456858039e-13 -0.999997615814209 -0.002184694167226553 
vn 3.097898456858039e-13 -0.999997615814209 0.002184694167226553 
vn 3.097898456858039e-13 -0.999997615814209 0.002184694167226553 
vn 3.097898456858039e-13 -0.999997615814209 0.002184694167226553 
vn 3.097898456858039e-13 -0.999997615814209 -0.002184694167226553 
vn 3.097898456858039e-13 -0.999997615814209 0.002184694167226553 
vn 3.097898456858039e-13 -0.999997615814209 0.002184694167226553 
vn 3.097898456858039e-13 -0.999997615814209 0.002184694167226553 
vn 3.097898456858039e-13 -0.999997615814209 0.002184694167226553 
vn 3.097898456858039e-13 -0.999997615814209 0.002184694167226553 
vn 3.097898456858039e-13 -0.999997615814209 -0.002184694167226553 
vn 3.097898456858039e-13 -0.999997615814209 -0.002184694167226553 
vn 3.097898456858039e-13 -0.999997615814209 0.002184694167226553 
vn 3.097898456858039e-13 -0.999997615814209 0.002184694167226553 
vn 3.097898456858039e-13 -0.999997615814209 -0.002184694167226553 
vn 3.097898456858039e-13 -0.999997615814209 -0.002184694167226553 
vn 3.097898456858039e-13 -0.999997615814209 -0.002184694167226553 
vn 3.097898456858039e-13 -0.999997615814209 -0.002184694167226553 
vn 3.097898456858039e-13 -0.999997615814209 0.002184694167226553 
vn 3.097898456858039e-13 -0.999997615814209 0.002184694167226553 
vn 3.097898456858039e-13 -0.999997615814209 0.002184694167226553 
vn 3.097898456858039e-13 -0.999997615814209 0.002184694167226553 
vn 3.097898456858039e-13 -0.999997615814209 0.002184694167226553 
vn 3.097898456858039e-13 -0.999997615814209 0.002184694167226553 
vn 3.097898456858039e-13 -0.999997615814209 -0.002184694167226553 
vn 3.097898456858039e-13 -0.999997615814209 -0.002184694167226553 
vn 3.097898456858039e-13 -0.999997615814209 -0.002184694167226553 
vn 3.097898456858039e-13 -0.999997615814209 0.002184694167226553 
vn -0.10738389194011688 -0.9879806041717529 0.1111890971660614 
vn -0.14478351175785065 -0.9877055883407593 0.058952588587999344 
vn -0.5636292695999146 -0.6022982001304626 0.5652954578399658 
vn -0.737745463848114 -0.6031627655029297 0.30319350957870483 
vn -0.6962394714355469 -0.1716076284646988 0.6969945430755615 
vn -0.9106361269950867 -0.1688723862171173 0.37712597846984863 
vn -0.7078787684440613 -1.4640568759497624e-13 0.7063339352607727 
vn -0.924505352973938 -1.9120906843538704e-13 0.3811691105365753 
vn -0.7078787684440613 -1.4640568759497624e-13 0.7063339352607727 
vn -0.924505352973938 -1.9120906843538704e-13 0.3811691105365753 
vn -0.15792569518089294 -0.9874485731124878 0.002184694167226553 
vn -0.14478351175785065 -0.9877055883407593 -0.058952588587999344 
vn -0.10738389194011688 -0.9879806041717529 -0.1111890971660614 
vn -0.06035032123327255 -0.9880928993225098 -0.1415284425020218 
vn -0.003775994060561061 -0.9879868030548096 -0.15449213981628418 
vn 0.06035032123327255 -0.9880928993225098 -0.1415284425020218 
vn 0.11113623529672623 -0.9875655770301819 -0.1111890971660614 
vn 0.14104847609996796 -0.9882459044456482 -0.058952588587999344 
vn 0.15792569518089294 -0.9874485731124878 -0.002184694167226553 
vn 0.14104847609996796 -0.9882459044456482 0.058952588587999344 
vn 0.11113623529672623 -0.9875655770301819 0.1111890971660614 
vn 0.06035032123327255 -0.9880928993225098 0.1415284425020218 
vn 0.003775994060561061 -0.9879868030548096 0.15449213981628418 
vn -0.06035032123327255 -0.9880928993225098 0.1415284425020218 
vn -0.7964062690734863 -0.604758083820343 0.002184694167226553 
vn -0.737745463848114 -0.6031627655029297 -0.30319350957870483 
vn -0.5656656622886658 -0.6003860831260681 -0.5652954578399658 
vn -0.3026692569255829 -0.6048481464385986 -0.736579954624176 
vn 0.0018891289364546537 -0.6025291085243225 -0.7980946898460388 
vn 0.3026692569255829 -0.6048481464385986 -0.736579954624176 
vn 0.5656656622886658 -0.6003860831260681 -0.5652954578399658 
vn 0.7353501319885254 -0.6060807704925537 -0.30319350957870483 
vn 0.7964062690734863 -0.604758083820343 -0.002184694167226553 
vn 0.7353501319885254 -0.6060807704925537 0.30319350957870483 
vn 0.5608691573143005 -0.6048693060874939 0.5652954578399658 
vn 0.3050408959388733 -0.6036555171012878 0.736579954624176 
vn -0.0037707132287323475 -0.6025202870368958 0.7980946898460388 
vn -0.3050408959388733 -0.6036555171012878 0.736579954624176 
vn -0.9849507808685303 -0.17282135784626007 0.002184694167226553 
vn -0.9106361269950867 -0.1688723862171173 -0.37712597846984863 
vn -0.696100115776062 -0.1721721738576889 -0.6969945430755615 
vn -0.37778180837631226 -0.17233823239803314 -0.9097144603729248 
vn 0.001889180624857545 -0.16957223415374756 -0.9855159521102905 
vn 0.3793354630470276 -0.1688910275697708 -0.9097144603729248 
vn 0.696100115776062 -0.1721721738576889 -0.6969945430755615 
vn 0.9099404215812683 -0.1725815385580063 -0.37712597846984863 
vn 0.9849507808685303 -0.17282135784626007 0.002184694167226553 
vn 0.9099404215812683 -0.1725815385580063 0.37712597846984863 
vn 0.6962394714355469 -0.1716076284646988 0.6969945430755615 
vn 0.3797420859336853 -0.16797471046447754 0.9097144603729248 
vn -0.003751524491235614 -0.16954125463962555 0.9855159521102905 
vn -0.3782057762145996 -0.17140580713748932 0.9097144603729248 
vn -0.999997615814209 -2.0682260971124217e-13 0.002184694167226553 
vn -0.9244976043701172 0.0037768674083054066 -0.3811691105365753 
vn -0.7078686952590942 0.0037756471429020166 -0.7063339352607727 
vn -0.3831879794597626 -7.925212949008026e-14 -0.9236704111099243 
vn -2.0682311115474694e-13 0 -1 
vn 0.3831879794597626 0 -0.9236704111099243 
vn 0.7078787684440613 0 -0.7063339352607727 
vn 0.924505352973938 0 -0.3811691105365753 
vn 0.999997615814209 0 0.002184694167226553 
vn 0.924505352973938 0 0.3811691105365753 
vn 0.7078787684440613 0 0.7063339352607727 
vn 0.3831879794597626 0 0.9236704111099243 
vn 0 0 1 
vn -0.3831879794597626 -7.925212949008026e-14 0.9236704111099243 
vn -0.999997615814209 -2.0682260971124217e-13 0.002184694167226553 
vn -0.9244976043701172 0.0037768674083054066 -0.3811691105365753 
vn -0.7078686952590942 0.0037756471429020166 -0.7063339352607727 
vn -0.3831879794597626 -7.925212949008026e-14 -0.9236704111099243 
vn -2.0682311115474694e-13 0 -1 
vn 0.3831879794597626 0 -0.9236704111099243 
vn 0.7078787684440613 0 -0.7063339352607727 
vn 0.924505352973938 0 -0.3811691105365753 
vn 0.999997615814209 0 0.002184694167226553 
vn 0.924505352973938 0 0.3811691105365753 
vn 0.7078787684440613 0 0.7063339352607727 
vn 0.3831879794597626 0 0.9236704111099243 
vn 0 0 1 
vn -0.3831879794597626 -7.925212949008026e-14 0.9236704111099243 
vn -0.3756694495677948 -0.8465509414672852 -0.37712597846984863 
vn -0.04525691270828247 -0.9981130957603455 -0.04149730131030083 
vn -0.20756854116916656 -0.8415316939353943 -0.4987381398677826 
vn -0.0245280209928751 -0.9979593753814697 -0.058952588587999344 
vn 0.003777687903493643 -0.844132125377655 -0.5361219048500061 
vn -0.0018869596533477306 -0.9982590079307556 -0.058952588587999344 
vn 0.2038998007774353 -0.8424281477928162 -0.4987381398677826 
vn 0.020755073055624962 -0.998045027256012 -0.058952588587999344 
vn 0.3791157603263855 -0.8450131416320801 -0.37712597846984863 
vn 0.04525691270828247 -0.9981130957603455 -0.04149730131030083 
vn 0.5001311302185059 -0.8410757184028625 -0.2060592919588089 
vn 0.06036106497049332 -0.9978873133659363 -0.024029340595006943 
vn 0.5365904569625854 -0.8438400030136108 0.002184694167226553 
vn 0.06037835404276848 -0.998173177242279 -0.002184694167226553 
vn 0.494704008102417 -0.8442792892456055 0.2060592919588089 
vn 0.06036106497049332 -0.9978873133659363 0.024029340595006943 
vn 0.3791157603263855 -0.8450131416320801 0.37712597846984863 
vn 0.04525691270828247 -0.9981130957603455 0.04149730131030083 
vn 0.20545516908168793 -0.8420501351356506 0.4987381398677826 
vn 0.020755073055624962 -0.998045027256012 0.058952588587999344 
vn -0.0018861618591472507 -0.8441384434700012 0.5361219048500061 
vn -0.0018869596533477306 -0.9982590079307556 0.058952588587999344 
vn -0.20545516908168793 -0.8420501351356506 0.4987381398677826 
vn -0.0245280209928751 -0.9979593753814697 0.058952588587999344 
vn -0.3756694495677948 -0.8465509414672852 0.37712597846984863 
vn -0.04525691270828247 -0.9981130957603455 0.04149730131030083 
vn -0.497954785823822 -0.8423660397529602 0.2060592919588089 
vn -0.06036106497049332 -0.9978873133659363 0.024029340595006943 
vn -0.5365904569625854 -0.8438400030136108 -0.002184694167226553 
vn -0.06037835404276848 -0.998173177242279 0.002184694167226553 
vn -0.5001311302185059 -0.8410757184028625 -0.2060592919588089 
vn -0.06036106497049332 -0.9978873133659363 -0.024029340595006943 
vn 3.097898456858039e-13 -0.999997615814209 0.002184694167226553 
vn 3.097898456858039e-13 -0.999997615814209 0.002184694167226553 
vn 3.097898456858039e-13 -0.999997615814209 0.002184694167226553 
vn 3.097898456858039e-13 -0.999997615814209 0.002184694167226553 
vn 3.097898456858039e-13 -0.999997615814209 -0.002184694167226553 
vn 3.097898456858039e-13 -0.999997615814209 -0.002184694167226553 
vn 3.097898456858039e-13 -0.999997615814209 0.002184694167226553 
vn 3.097898456858039e-13 -0.999997615814209 -0.002184694167226553 
vn 3.097898456858039e-13 -0.999997615814209 -0.002184694167226553 
vn 3.097898456858039e-13 -0.999997615814209 -0.002184694167226553 
vn 3.097898456858039e-13 -0.999997615814209 -0.002184694167226553 
vn 3.097898456858039e-13 -0.999997615814209 0.002184694167226553 
vn 3.097898456858039e-13 -0.999997615814209 0.002184694167226553 
vn 3.097898456858039e-13 -0.999997615814209 0.002184694167226553 
vn 3.097898456858039e-13 -0.999997615814209 -0.002184694167226553 
vn 3.097898456858039e-13 -0.999997615814209 0.002184694167226553 
vn 3.097898456858039e-13 -0.999997615814209 0.002184694167226553 
vn 3.097898456858039e-13 -0.999997615814209 0.002184694167226553 
vn 3.097898456858039e-13 -0.999997615814209 -0.002184694167226553 
vn 3.097898456858039e-13 -0.999997615814209 -0.002184694167226553 
vn 3.097898456858039e-13 -0.999997615814209 -0.002184694167226553 
vn 3.097898456858039e-13 -0.999997615814209 -0.002184694167226553 
vn 3.097898456858039e-13 -0.999997615814209 0.002184694167226553 
vn 3.097898456858039e-13 -0.999997615814209 0.002184694167226553 
vn 3.097898456858039e-13 -0.999997615814209 0.002184694167226553 
vn 3.097898456858039e-13 -0.999997615814209 0.002184694167226553 
vn 3.097898456858039e-13 -0.999997615814209 0.002184694167226553 
vn 3.097898456858039e-13 -0.999997615814209 0.002184694167226553 
vn 3.097898456858039e-13 -0.999997615814209 -0.002184694167226553 
vn 3.097898456858039e-13 -0.999997615814209 -0.002184694167226553 
vn 3.097898456858039e-13 -0.999997615814209 -0.002184694167226553 
vn 3.097898456858039e-13 -0.999997615814209 0.002184694167226553 
vn -0.10738389194011688 -0.9879806041717529 0.1111890971660614 
vn -0.14478351175785065 -0.9877055883407593 0.058952588587999344 
vn -0.5636292695999146 -0.6022982001304626 0.5652954578399658 
vn -0.737745463848114 -0.6031627655029297 0.30319350957870483 
vn -0.6962394714355469 -0.1716076284646988 0.6969945430755615 
vn -0.9106361269950867 -0.1688723862171173 0.37712597846984863 
vn -0.7078787684440613 -1.4640568759497624e-13 0.7063339352607727 
vn -0.924505352973938 -1.9120906843538704e-13 0.3811691105365753 
vn -0.7078787684440613 -1.4640568759497624e-13 0.7063339352607727 
vn -0.924505352973938 -1.9120906843538704e-13 0.3811691105365753 
vn -0.15792569518089294 -0.9874485731124878 0.002184694167226553 
vn -0.14478351175785065 -0.9877055883407593 -0.058952588587999344 
vn -0.10738389194011688 -0.9879806041717529 -0.1111890971660614 
vn -0.06035032123327255 -0.9880928993225098 -0.1415284425020218 
vn -0.003775994060561061 -0.9879868030548096 -0.15449213981628418 
vn 0.06035032123327255 -0.9880928993225098 -0.1415284425020218 
vn 0.11113623529672623 -0.9875655770301819 -0.1111890971660614 
vn 0.14104847609996796 -0.9882459044456482 -0.058952588587999344 
vn 0.15792569518089294 -0.9874485731124878 -0.002184694167226553 
vn 0.14104847609996796 -0.9882459044456482 0.058952588587999344 
vn 0.11113623529672623 -0.9875655770301819 0.1111890971660614 
vn 0.06035032123327255 -0.9880928993225098 0.1415284425020218 
vn 0.003775994060561061 -0.9879868030548096 0.15449213981628418 
vn -0.06035032123327255 -0.9880928993225098 0.1415284425020218 
vn -0.7964062690734863 -0.604758083820343 0.002184694167226553 
vn -0.737745463848114 -0.6031627655029297 -0.30319350957870483 
vn -0.5656656622886658 -0.6003860831260681 -0.5652954578399658 
vn -0.3026692569255829 -0.6048481464385986 -0.736579954624176 
vn 0.0018891289364546537 -0.6025291085243225 -0.7980946898460388 
vn 0.3026692569255829 -0.6048481464385986 -0.736579954624176 
vn 0.5656656622886658 -0.6003860831260681 -0.5652954578399658 
vn 0.7353501319885254 -0.6060807704925537 -0.30319350957870483 
vn 0.7964062690734863 -0.604758083820343 -0.002184694167226553 
vn 0.7353501319885254 -0.6060807704925537 0.30319350957870483 
vn 0.5608691573143005 -0.6048693060874939 0.5652954578399658 
vn 0.3050408959388733 -0.6036555171012878 0.736579954624176 
vn -0.0037707132287323475 -0.6025202870368958 0.7980946898460388 
vn -0.3050408959388733 -0.6036555171012878 0.736579954624176 
vn -0.9849507808685303 -0.17282135784626007 0.002184694167226553 
vn -0.9106361269950867 -0.1688723862171173 -0.37712597846984863 
vn -0.696100115776062 -0.1721721738576889 -0.6969945430755615 
vn -0.37778180837631226 -0.17233823239803314 -0.9097144603729248 
vn 0.001889180624857545 -0.16957223415374756 -0.9855159521102905 
vn 0.3793354630470276 -0.1688910275697708 -0.9097144603729248 
vn 0.696100115776062 -0.1721721738576889 -0.6969945430755615 
vn 0.9099404215812683 -0.1725815385580063 -0.37712597846984863 
vn 0.9849507808685303 -0.17282135784626007 0.002184694167226553 
vn 0.9099404215812683 -0.1725815385580063 0.37712597846984863 
vn 0.6962394714355469 -0.1716076284646988 0.6969945430755615 
vn 0.3797420859336853 -0.16797471046447754 0.9097144603729248 
vn -0.003751524491235614 -0.16954125463962555 0.9855159521102905 
vn -0.3782057762145996 -0.17140580713748932 0.9097144603729248 
vn -0.999997615814209 -2.0682260971124217e-13 0.002184694167226553 
vn -0.9244976043701172 0.0037768674083054066 -0.3811691105365753 
vn -0.7078686952590942 0.0037756471429020166 -0.7063339352607727 
vn -0.3831879794597626 -7.925212949008026e-14 -0.9236704111099243 
vn -2.0682311115474694e-13 0 -1 
vn 0.3831879794597626 0 -0.9236704111099243 
vn 0.7078787684440613 0 -0.7063339352607727 
vn 0.924505352973938 0 -0.3811691105365753 
vn 0.999997615814209 0 0.002184694167226553 
vn 0.924505352973938 0 0.3811691105365753 
vn 0.7078787684440613 0 0.7063339352607727 
vn 0.3831879794597626 0 0.9236704111099243 
vn 0 0 1 
vn -0.3831879794597626 -7.925212949008026e-14 0.9236704111099243 
vn -0.999997615814209 -2.0682260971124217e-13 0.002184694167226553 
vn -0.9244976043701172 0.0037768674083054066 -0.3811691105365753 
vn -0.7078686952590942 0.0037756471429020166 -0.7063339352607727 
vn -0.3831879794597626 -7.925212949008026e-14 -0.9236704111099243 
vn -2.0682311115474694e-13 0 -1 
vn 0.3831879794597626 0 -0.9236704111099243 
vn 0.7078787684440613 0 -0.7063339352607727 
vn 0.924505352973938 0 -0.3811691105365753 
vn 0.999997615814209 0 0.002184694167226553 
vn 0.924505352973938 0 0.3811691105365753 
vn 0.7078787684440613 0 0.7063339352607727 
vn 0.3831879794597626 0 0.9236704111099243 
vn 0 0 1 
vn -0.3831879794597626 -7.925212949008026e-14 0.9236704111099243 
vn -0.3831879794597626 -7.925212949008026e-14 -0.9236704111099243 
vn -0.3831879794597626 -7.925212949008026e-14 -0.9236704111099243 
vn -0.7078686952590942 0.0037756471429020166 -0.7063339352607727 
vn -0.7078686952590942 0.0037756471429020166 -0.7063339352607727 
vn -0.9244976043701172 0.0037768674083054066 -0.3811691105365753 
vn -0.9244976043701172 0.0037768674083054066 -0.3811691105365753 
vn -0.999997615814209 -2.0682260971124217e-13 0.002184694167226553 
vn -0.999997615814209 -2.0682260971124217e-13 0.002184694167226553 
vn -0.924505352973938 -1.9120906843538704e-13 0.3811691105365753 
vn -0.924505352973938 -1.9120906843538704e-13 0.3811691105365753 
vn -0.7078787684440613 -1.4640568759497624e-13 0.7063339352607727 
vn -0.7078787684440613 -1.4640568759497624e-13 0.7063339352607727 
vn -0.3831879794597626 -7.925212949008026e-14 0.9236704111099243 
vn -0.6962394714355469 -0.1716076284646988 0.6969945430755615 
vn -0.3782057762145996 -0.17140580713748932 0.9097144603729248 
vn -0.5636292695999146 -0.6022982001304626 0.5652954578399658 
vn -0.3050408959388733 -0.6036555171012878 0.736579954624176 
vn -0.10738389194011688 -0.9879806041717529 0.1111890971660614 
vn -0.06035032123327255 -0.9880928993225098 0.1415284425020218 
vn 3.097898456858039e-13 -0.999997615814209 0.002184694167226553 
vn 3.097898456858039e-13 -0.999997615814209 -0.002184694167226553 
vn 3.097898456858039e-13 -0.999997615814209 -0.002184694167226553 
vn 3.097898456858039e-13 -0.999997615814209 -0.002184694167226553 
vn 0.04525691270828247 -0.9981130957603455 -0.04149730131030083 
vn 0.020755073055624962 -0.998045027256012 -0.058952588587999344 
vn 0.3791157603263855 -0.8450131416320801 -0.37712597846984863 
vn 0.2038998007774353 -0.8424281477928162 -0.4987381398677826 
vn 0 0 1 
vn -0.003751524491235614 -0.16954125463962555 0.9855159521102905 
vn 0.3831879794597626 0 0.9236704111099243 
vn 0.3797420859336853 -0.16797471046447754 0.9097144603729248 
vn 0.7078787684440613 0 0.7063339352607727 
vn 0.6962394714355469 -0.1716076284646988 0.6969945430755615 
vn 0.924505352973938 0 0.3811691105365753 
vn 0.9099404215812683 -0.1725815385580063 0.37712597846984863 
vn 0.999997615814209 0 0.002184694167226553 
vn 0.9849507808685303 -0.17282135784626007 0.002184694167226553 
vn 0.924505352973938 0 -0.3811691105365753 
vn 0.9099404215812683 -0.1725815385580063 -0.37712597846984863 
vn 0.7078787684440613 0 -0.7063339352607727 
vn 0.696100115776062 -0.1721721738576889 -0.6969945430755615 
vn 0.3831879794597626 0 -0.9236704111099243 
vn 0.3793354630470276 -0.1688910275697708 -0.9097144603729248 
vn -2.0682311115474694e-13 0 -1 
vn 0.001889180624857545 -0.16957223415374756 -0.9855159521102905 
vn -0.37778180837631226 -0.17233823239803314 -0.9097144603729248 
vn -0.696100115776062 -0.1721721738576889 -0.6969945430755615 
vn -0.9106361269950867 -0.1688723862171173 -0.37712597846984863 
vn -0.9849507808685303 -0.17282135784626007 0.002184694167226553 
vn -0.9106361269950867 -0.1688723862171173 0.37712597846984863 
vn -0.0037707132287323475 -0.6025202870368958 0.7980946898460388 
vn 0.3050408959388733 -0.6036555171012878 0.736579954624176 
vn 0.5608691573143005 -0.6048693060874939 0.5652954578399658 
vn 0.7353501319885254 -0.6060807704925537 0.30319350957870483 
vn 0.7964062690734863 -0.604758083820343 -0.002184694167226553 
vn 0.7353501319885254 -0.6060807704925537 -0.30319350957870483 
vn 0.5656656622886658 -0.6003860831260681 -0.5652954578399658 
vn 0.3026692569255829 -0.6048481464385986 -0.736579954624176 
vn 0.0018891289364546537 -0.6025291085243225 -0.7980946898460388 
vn -0.3026692569255829 -0.6048481464385986 -0.736579954624176 
vn -0.5656656622886658 -0.6003860831260681 -0.5652954578399658 
vn -0.737745463848114 -0.6031627655029297 -0.30319350957870483 
vn -0.7964062690734863 -0.604758083820343 0.002184694167226553 
vn -0.737745463848114 -0.6031627655029297 0.30319350957870483 
vn 0.003775994060561061 -0.9879868030548096 0.15449213981628418 
vn 0.06035032123327255 -0.9880928993225098 0.1415284425020218 
vn 0.11113623529672623 -0.9875655770301819 0.1111890971660614 
vn 0.14104847609996796 -0.9882459044456482 0.058952588587999344 
vn 0.15792569518089294 -0.9874485731124878 -0.002184694167226553 
vn 0.14104847609996796 -0.9882459044456482 -0.058952588587999344 
vn 0.11113623529672623 -0.9875655770301819 -0.1111890971660614 
vn 0.06035032123327255 -0.9880928993225098 -0.1415284425020218 
vn -0.003775994060561061 -0.9879868030548096 -0.15449213981628418 
vn -0.06035032123327255 -0.9880928993225098 -0.1415284425020218 
vn -0.10738389194011688 -0.9879806041717529 -0.1111890971660614 
vn -0.14478351175785065 -0.9877055883407593 -0.058952588587999344 
vn -0.15792569518089294 -0.9874485731124878 0.002184694167226553 
vn -0.14478351175785065 -0.9877055883407593 0.058952588587999344 
vn 3.097898456858039e-13 -0.999997615814209 -0.002184694167226553 
vn 3.097898456858039e-13 -0.999997615814209 -0.002184694167226553 
vn 3.097898456858039e-13 -0.999997615814209 0.002184694167226553 
vn 3.097898456858039e-13 -0.999997615814209 0.002184694167226553 
vn 3.097898456858039e-13 -0.999997615814209 0.002184694167226553 
vn 3.097898456858039e-13 -0.999997615814209 0.002184694167226553 
vn 3.097898456858039e-13 -0.999997615814209 0.002184694167226553 
vn 3.097898456858039e-13 -0.999997615814209 0.002184694167226553 
vn 3.097898456858039e-13 -0.999997615814209 -0.002184694167226553 
vn 3.097898456858039e-13 -0.999997615814209 -0.002184694167226553 
vn 3.097898456858039e-13 -0.999997615814209 -0.002184694167226553 
vn 3.097898456858039e-13 -0.999997615814209 -0.002184694167226553 
vn 3.097898456858039e-13 -0.999997615814209 0.002184694167226553 
vn 3.097898456858039e-13 -0.999997615814209 0.002184694167226553 
vn 3.097898456858039e-13 -0.999997615814209 0.002184694167226553 
vn 3.097898456858039e-13 -0.999997615814209 0.002184694167226553 
vn 3.097898456858039e-13 -0.999997615814209 0.002184694167226553 
vn 3.097898456858039e-13 -0.999997615814209 0.002184694167226553 
vn 3.097898456858039e-13 -0.999997615814209 0.002184694167226553 
vn 3.097898456858039e-13 -0.999997615814209 -0.002184694167226553 
vn 3.097898456858039e-13 -0.999997615814209 0.002184694167226553 
vn 3.097898456858039e-13 -0.999997615814209 0.002184694167226553 
vn 3.097898456858039e-13 -0.999997615814209 0.002184694167226553 
vn 3.097898456858039e-13 -0.999997615814209 -0.002184694167226553 
vn 3.097898456858039e-13 -0.999997615814209 -0.002184694167226553 
vn 3.097898456858039e-13 -0.999997615814209 -0.002184694167226553 
vn 3.097898456858039e-13 -0.999997615814209 -0.002184694167226553 
vn 3.097898456858039e-13 -0.999997615814209 0.002184694167226553 
vn 0.06036106497049332 -0.9978873133659363 -0.024029340595006943 
vn 0.5001311302185059 -0.8410757184028625 -0.2060592919588089 
vn -0.0018869596533477306 -0.9982590079307556 -0.058952588587999344 
vn -0.0245280209928751 -0.9979593753814697 -0.058952588587999344 
vn -0.04525691270828247 -0.9981130957603455 -0.04149730131030083 
vn -0.06036106497049332 -0.9978873133659363 -0.024029340595006943 
vn -0.06037835404276848 -0.998173177242279 0.002184694167226553 
vn -0.06036106497049332 -0.9978873133659363 0.024029340595006943 
vn -0.04525691270828247 -0.9981130957603455 0.04149730131030083 
vn -0.0245280209928751 -0.9979593753814697 0.058952588587999344 
vn -0.0018869596533477306 -0.9982590079307556 0.058952588587999344 
vn 0.020755073055624962 -0.998045027256012 0.058952588587999344 
vn 0.04525691270828247 -0.9981130957603455 0.04149730131030083 
vn 0.06036106497049332 -0.9978873133659363 0.024029340595006943 
vn 0.06037835404276848 -0.998173177242279 -0.002184694167226553 
vn 0.003777687903493643 -0.844132125377655 -0.5361219048500061 
vn -0.20756854116916656 -0.8415316939353943 -0.4987381398677826 
vn -0.3756694495677948 -0.8465509414672852 -0.37712597846984863 
vn -0.5001311302185059 -0.8410757184028625 -0.2060592919588089 
vn -0.5365904569625854 -0.8438400030136108 -0.002184694167226553 
vn -0.497954785823822 -0.8423660397529602 0.2060592919588089 
vn -0.3756694495677948 -0.8465509414672852 0.37712597846984863 
vn -0.20545516908168793 -0.8420501351356506 0.4987381398677826 
vn -0.0018861618591472507 -0.8441384434700012 0.5361219048500061 
vn 0.20545516908168793 -0.8420501351356506 0.4987381398677826 
vn 0.3791157603263855 -0.8450131416320801 0.37712597846984863 
vn 0.494704008102417 -0.8442792892456055 0.2060592919588089 
vn 0.5365904569625854 -0.8438400030136108 0.002184694167226553 
vn -0.3831879794597626 -7.925212949008026e-14 0.9236704111099243 
vn 0 0 1 
vn 0.3831879794597626 0 0.9236704111099243 
vn 0.7078787684440613 0 0.7063339352607727 
vn 0.924505352973938 0 0.3811691105365753 
vn 0.999997615814209 0 0.002184694167226553 
vn 0.924505352973938 0 -0.3811691105365753 
vn 0.7078787684440613 0 -0.7063339352607727 
vn 0.3831879794597626 0 -0.9236704111099243 
vn -2.0682311115474694e-13 0 -1 
vn -0.999997615814209 -2.0682260971124217e-13 0.002184694167226553 
vn -0.999997615814209 -2.0682260971124217e-13 0.002184694167226553 
vn -0.924505352973938 -1.9120906843538704e-13 0.3811691105365753 
vn -0.924505352973938 -1.9120906843538704e-13 0.3811691105365753 
vn -0.7078787684440613 -1.4640568759497624e-13 0.7063339352607727 
vn -0.7078787684440613 -1.4640568759497624e-13 0.7063339352607727 
vn -0.3831879794597626 -7.925212949008026e-14 0.9236704111099243 
vn -0.6962394714355469 -0.1716076284646988 0.6969945430755615 
vn -0.3782057762145996 -0.17140580713748932 0.9097144603729248 
vn -0.5636292695999146 -0.6022982001304626 0.5652954578399658 
vn -0.3050408959388733 -0.6036555171012878 0.736579954624176 
vn -0.10738389194011688 -0.9879806041717529 0.1111890971660614 
vn -0.06035032123327255 -0.9880928993225098 0.1415284425020218 
vn 3.097898456858039e-13 -0.999997615814209 0.002184694167226553 
vn 3.097898456858039e-13 -0.999997615814209 -0.002184694167226553 
vn 3.097898456858039e-13 -0.999997615814209 -0.002184694167226553 
vn 3.097898456858039e-13 -0.999997615814209 -0.002184694167226553 
vn 0.04525691270828247 -0.9981130957603455 -0.04149730131030083 
vn 0.020755073055624962 -0.998045027256012 -0.058952588587999344 
vn 0.3791157603263855 -0.8450131416320801 -0.37712597846984863 
vn 0.2038998007774353 -0.8424281477928162 -0.4987381398677826 
vn -0.0018869596533477306 -0.9982590079307556 -0.058952588587999344 
vn 3.097898456858039e-13 -0.999997615814209 0.002184694167226553 
vn 3.097898456858039e-13 -0.999997615814209 -0.002184694167226553 
vn 0.003775994060561061 -0.9879868030548096 0.15449213981628418 
vn -0.0037707132287323475 -0.6025202870368958 0.7980946898460388 
vn -0.003751524491235614 -0.16954125463962555 0.9855159521102905 
vn 0 0 1 
vn 0 0 1 
vn -0.3831879794597626 -7.925212949008026e-14 0.9236704111099243 
vn 3.097898456858039e-13 -0.999997615814209 0.002184694167226553 
vn 3.097898456858039e-13 -0.999997615814209 -0.002184694167226553 
vn 0.06035032123327255 -0.9880928993225098 0.1415284425020218 
vn 0.3050408959388733 -0.6036555171012878 0.736579954624176 
vn 0.3797420859336853 -0.16797471046447754 0.9097144603729248 
vn 0.3831879794597626 0 0.9236704111099243 
vn 0.3831879794597626 0 0.9236704111099243 
vn 3.097898456858039e-13 -0.999997615814209 0.002184694167226553 
vn 0.11113623529672623 -0.9875655770301819 0.1111890971660614 
vn 0.5608691573143005 -0.6048693060874939 0.5652954578399658 
vn 0.6962394714355469 -0.1716076284646988 0.6969945430755615 
vn 0.7078787684440613 0 0.7063339352607727 
vn 0.7078787684440613 0 0.7063339352607727 
vn 0.924505352973938 0 0.3811691105365753 
vn 0.9099404215812683 -0.1725815385580063 0.37712597846984863 
vn 0.999997615814209 0 0.002184694167226553 
vn 0.9849507808685303 -0.17282135784626007 0.002184694167226553 
vn 0.924505352973938 0 -0.3811691105365753 
vn 0.9099404215812683 -0.1725815385580063 -0.37712597846984863 
vn 0.7078787684440613 0 -0.7063339352607727 
vn 0.696100115776062 -0.1721721738576889 -0.6969945430755615 
vn 0.3831879794597626 0 -0.9236704111099243 
vn 0.3793354630470276 -0.1688910275697708 -0.9097144603729248 
vn -2.0682311115474694e-13 0 -1 
vn 0.001889180624857545 -0.16957223415374756 -0.9855159521102905 
vn -0.3831879794597626 -7.925212949008026e-14 -0.9236704111099243 
vn -0.37778180837631226 -0.17233823239803314 -0.9097144603729248 
vn -0.7078686952590942 0.0037756471429020166 -0.7063339352607727 
vn -0.696100115776062 -0.1721721738576889 -0.6969945430755615 
vn -0.9244976043701172 0.0037768674083054066 -0.3811691105365753 
vn -0.9106361269950867 -0.1688723862171173 -0.37712597846984863 
vn -0.9849507808685303 -0.17282135784626007 0.002184694167226553 
vn -0.9106361269950867 -0.1688723862171173 0.37712597846984863 
vn 0.7353501319885254 -0.6060807704925537 0.30319350957870483 
vn 0.7964062690734863 -0.604758083820343 -0.002184694167226553 
vn 0.7353501319885254 -0.6060807704925537 -0.30319350957870483 
vn 0.5656656622886658 -0.6003860831260681 -0.5652954578399658 
vn 0.3026692569255829 -0.6048481464385986 -0.736579954624176 
vn 0.0018891289364546537 -0.6025291085243225 -0.7980946898460388 
vn -0.3026692569255829 -0.6048481464385986 -0.736579954624176 
vn -0.5656656622886658 -0.6003860831260681 -0.5652954578399658 
vn -0.737745463848114 -0.6031627655029297 -0.30319350957870483 
vn -0.7964062690734863 -0.604758083820343 0.002184694167226553 
vn -0.737745463848114 -0.6031627655029297 0.30319350957870483 
vn 0.14104847609996796 -0.9882459044456482 0.058952588587999344 
vn 0.15792569518089294 -0.9874485731124878 -0.002184694167226553 
vn 0.14104847609996796 -0.9882459044456482 -0.058952588587999344 
vn 0.11113623529672623 -0.9875655770301819 -0.1111890971660614 
vn 0.06035032123327255 -0.9880928993225098 -0.1415284425020218 
vn -0.003775994060561061 -0.9879868030548096 -0.15449213981628418 
vn -0.06035032123327255 -0.9880928993225098 -0.1415284425020218 
vn -0.10738389194011688 -0.9879806041717529 -0.1111890971660614 
vn -0.14478351175785065 -0.9877055883407593 -0.058952588587999344 
vn -0.15792569518089294 -0.9874485731124878 0.002184694167226553 
vn -0.14478351175785065 -0.9877055883407593 0.058952588587999344 
vn 3.097898456858039e-13 -0.999997615814209 0.002184694167226553 
vn 3.097898456858039e-13 -0.999997615814209 0.002184694167226553 
vn 3.097898456858039e-13 -0.999997615814209 0.002184694167226553 
vn 3.097898456858039e-13 -0.999997615814209 0.002184694167226553 
vn 3.097898456858039e-13 -0.999997615814209 0.002184694167226553 
vn 3.097898456858039e-13 -0.999997615814209 -0.002184694167226553 
vn 3.097898456858039e-13 -0.999997615814209 -0.002184694167226553 
vn 3.097898456858039e-13 -0.999997615814209 -0.002184694167226553 
vn 3.097898456858039e-13 -0.999997615814209 -0.002184694167226553 
vn 3.097898456858039e-13 -0.999997615814209 0.002184694167226553 
vn 3.097898456858039e-13 -0.999997615814209 0.002184694167226553 
vn 3.097898456858039e-13 -0.999997615814209 0.002184694167226553 
vn 3.097898456858039e-13 -0.999997615814209 0.002184694167226553 
vn 3.097898456858039e-13 -0.999997615814209 0.002184694167226553 
vn 3.097898456858039e-13 -0.999997615814209 -0.002184694167226553 
vn 3.097898456858039e-13 -0.999997615814209 0.002184694167226553 
vn 3.097898456858039e-13 -0.999997615814209 0.002184694167226553 
vn 3.097898456858039e-13 -0.999997615814209 0.002184694167226553 
vn 3.097898456858039e-13 -0.999997615814209 -0.002184694167226553 
vn 3.097898456858039e-13 -0.999997615814209 -0.002184694167226553 
vn 3.097898456858039e-13 -0.999997615814209 -0.002184694167226553 
vn 3.097898456858039e-13 -0.999997615814209 -0.002184694167226553 
vn 3.097898456858039e-13 -0.999997615814209 0.002184694167226553 
vn 0.06036106497049332 -0.9978873133659363 -0.024029340595006943 
vn 0.5001311302185059 -0.8410757184028625 -0.2060592919588089 
vn 0.06037835404276848 -0.998173177242279 -0.002184694167226553 
vn 0.06036106497049332 -0.9978873133659363 0.024029340595006943 
vn 0.04525691270828247 -0.9981130957603455 0.04149730131030083 
vn 0.020755073055624962 -0.998045027256012 0.058952588587999344 
vn -0.0018869596533477306 -0.9982590079307556 0.058952588587999344 
vn -0.0245280209928751 -0.9979593753814697 0.058952588587999344 
vn -0.04525691270828247 -0.9981130957603455 0.04149730131030083 
vn -0.06036106497049332 -0.9978873133659363 0.024029340595006943 
vn -0.06037835404276848 -0.998173177242279 0.002184694167226553 
vn -0.06036106497049332 -0.9978873133659363 -0.024029340595006943 
vn -0.04525691270828247 -0.9981130957603455 -0.04149730131030083 
vn -0.0245280209928751 -0.9979593753814697 -0.058952588587999344 
vn 0.003777687903493643 -0.844132125377655 -0.5361219048500061 
vn -0.20756854116916656 -0.8415316939353943 -0.4987381398677826 
vn -0.3756694495677948 -0.8465509414672852 -0.37712597846984863 
vn -0.5001311302185059 -0.8410757184028625 -0.2060592919588089 
vn -0.5365904569625854 -0.8438400030136108 -0.002184694167226553 
vn -0.497954785823822 -0.8423660397529602 0.2060592919588089 
vn -0.3756694495677948 -0.8465509414672852 0.37712597846984863 
vn -0.20545516908168793 -0.8420501351356506 0.4987381398677826 
vn -0.0018861618591472507 -0.8441384434700012 0.5361219048500061 
vn 0.20545516908168793 -0.8420501351356506 0.4987381398677826 
vn 0.3791157603263855 -0.8450131416320801 0.37712597846984863 
vn 0.494704008102417 -0.8442792892456055 0.2060592919588089 
vn 0.5365904569625854 -0.8438400030136108 0.002184694167226553 
vn 0.924505352973938 0 0.3811691105365753 
vn 0.999997615814209 0 0.002184694167226553 
vn 0.924505352973938 0 -0.3811691105365753 
vn 0.7078787684440613 0 -0.7063339352607727 
vn 0.3831879794597626 0 -0.9236704111099243 
vn -2.0682311115474694e-13 0 -1 
vn -0.3831879794597626 -7.925212949008026e-14 -0.9236704111099243 
vn -0.7078686952590942 0.0037756471429020166 -0.7063339352607727 
vn -0.9244976043701172 0.0037768674083054066 -0.3811691105365753 
vn -0.3831879794597626 -7.925212949008026e-14 -0.9236704111099243 
vn -0.3831879794597626 -7.925212949008026e-14 -0.9236704111099243 
vn -0.7078686952590942 0.0037756471429020166 -0.7063339352607727 
vn -0.7078686952590942 0.0037756471429020166 -0.7063339352607727 
vn -0.9244976043701172 0.0037768674083054066 -0.3811691105365753 
vn -0.9244976043701172 0.0037768674083054066 -0.3811691105365753 
vn -0.999997615814209 -2.0682260971124217e-13 0.002184694167226553 
vn -0.999997615814209 -2.0682260971124217e-13 0.002184694167226553 
vn -0.924505352973938 -1.9120906843538704e-13 0.3811691105365753 
vn -0.924505352973938 -1.9120906843538704e-13 0.3811691105365753 
vn -0.7078787684440613 -1.4640568759497624e-13 0.7063339352607727 
vn -0.7078787684440613 -1.4640568759497624e-13 0.7063339352607727 
vn -0.3831879794597626 -7.925212949008026e-14 0.9236704111099243 
vn -0.6962394714355469 -0.1716076284646988 0.6969945430755615 
vn -0.3782057762145996 -0.17140580713748932 0.9097144603729248 
vn -0.5636292695999146 -0.6022982001304626 0.5652954578399658 
vn -0.3050408959388733 -0.6036555171012878 0.736579954624176 
vn -0.10738389194011688 -0.9879806041717529 0.1111890971660614 
vn -0.06035032123327255 -0.9880928993225098 0.1415284425020218 
vn 3.097898456858039e-13 -0.999997615814209 0.002184694167226553 
vn 3.097898456858039e-13 -0.999997615814209 -0.002184694167226553 
vn 3.097898456858039e-13 -0.999997615814209 -0.002184694167226553 
vn 3.097898456858039e-13 -0.999997615814209 -0.002184694167226553 
vn 0.04525691270828247 -0.9981130957603455 -0.04149730131030083 
vn 0.020755073055624962 -0.998045027256012 -0.058952588587999344 
vn 0.3791157603263855 -0.8450131416320801 -0.37712597846984863 
vn 0.2038998007774353 -0.8424281477928162 -0.4987381398677826 
vn 0 0 1 
vn -0.003751524491235614 -0.16954125463962555 0.9855159521102905 
vn 0.3831879794597626 0 0.9236704111099243 
vn 0.3797420859336853 -0.16797471046447754 0.9097144603729248 
vn 0.7078787684440613 0 0.7063339352607727 
vn 0.6962394714355469 -0.1716076284646988 0.6969945430755615 
vn 0.924505352973938 0 0.3811691105365753 
vn 0.9099404215812683 -0.1725815385580063 0.37712597846984863 
vn 0.999997615814209 0 0.002184694167226553 
vn 0.9849507808685303 -0.17282135784626007 0.002184694167226553 
vn 0.924505352973938 0 -0.3811691105365753 
vn 0.9099404215812683 -0.1725815385580063 -0.37712597846984863 
vn 0.7078787684440613 0 -0.7063339352607727 
vn 0.696100115776062 -0.1721721738576889 -0.6969945430755615 
vn 0.3831879794597626 0 -0.9236704111099243 
vn 0.3793354630470276 -0.1688910275697708 -0.9097144603729248 
vn -2.0682311115474694e-13 0 -1 
vn 0.001889180624857545 -0.16957223415374756 -0.9855159521102905 
vn -0.37778180837631226 -0.17233823239803314 -0.9097144603729248 
vn -0.696100115776062 -0.1721721738576889 -0.6969945430755615 
vn -0.9106361269950867 -0.1688723862171173 -0.37712597846984863 
vn -0.9849507808685303 -0.17282135784626007 0.002184694167226553 
vn -0.9106361269950867 -0.1688723862171173 0.37712597846984863 
vn -0.0037707132287323475 -0.6025202870368958 0.7980946898460388 
vn 0.3050408959388733 -0.6036555171012878 0.736579954624176 
vn 0.5608691573143005 -0.6048693060874939 0.5652954578399658 
vn 0.7353501319885254 -0.6060807704925537 0.30319350957870483 
vn 0.7964062690734863 -0.604758083820343 -0.002184694167226553 
vn 0.7353501319885254 -0.6060807704925537 -0.30319350957870483 
vn 0.5656656622886658 -0.6003860831260681 -0.5652954578399658 
vn 0.3026692569255829 -0.6048481464385986 -0.736579954624176 
vn 0.0018891289364546537 -0.6025291085243225 -0.7980946898460388 
vn -0.3026692569255829 -0.6048481464385986 -0.736579954624176 
vn -0.5656656622886658 -0.6003860831260681 -0.5652954578399658 
vn -0.737745463848114 -0.6031627655029297 -0.30319350957870483 
vn -0.7964062690734863 -0.604758083820343 0.002184694167226553 
vn -0.737745463848114 -0.6031627655029297 0.30319350957870483 
vn 0.003775994060561061 -0.9879868030548096 0.15449213981628418 
vn 0.06035032123327255 -0.9880928993225098 0.1415284425020218 
vn 0.11113623529672623 -0.9875655770301819 0.1111890971660614 
vn 0.14104847609996796 -0.9882459044456482 0.058952588587999344 
vn 0.15792569518089294 -0.9874485731124878 -0.002184694167226553 
vn 0.14104847609996796 -0.9882459044456482 -0.058952588587999344 
vn 0.11113623529672623 -0.9875655770301819 -0.1111890971660614 
vn 0.06035032123327255 -0.9880928993225098 -0.1415284425020218 
vn -0.003775994060561061 -0.9879868030548096 -0.15449213981628418 
vn -0.06035032123327255 -0.9880928993225098 -0.1415284425020218 
vn -0.10738389194011688 -0.9879806041717529 -0.1111890971660614 
vn -0.14478351175785065 -0.9877055883407593 -0.058952588587999344 
vn -0.15792569518089294 -0.9874485731124878 0.002184694167226553 
vn -0.14478351175785065 -0.9877055883407593 0.058952588587999344 
vn 3.097898456858039e-13 -0.999997615814209 -0.002184694167226553 
vn 3.097898456858039e-13 -0.999997615814209 -0.002184694167226553 
vn 3.097898456858039e-13 -0.999997615814209 0.002184694167226553 
vn 3.097898456858039e-13 -0.999997615814209 0.002184694167226553 
vn 3.097898456858039e-13 -0.999997615814209 0.002184694167226553 
vn 3.097898456858039e-13 -0.999997615814209 0.002184694167226553 
vn 3.097898456858039e-13 -0.999997615814209 0.002184694167226553 
vn 3.097898456858039e-13 -0.999997615814209 0.002184694167226553 
vn 3.097898456858039e-13 -0.999997615814209 -0.002184694167226553 
vn 3.097898456858039e-13 -0.999997615814209 -0.002184694167226553 
vn 3.097898456858039e-13 -0.999997615814209 -0.002184694167226553 
vn 3.097898456858039e-13 -0.999997615814209 -0.002184694167226553 
vn 3.097898456858039e-13 -0.999997615814209 0.002184694167226553 
vn 3.097898456858039e-13 -0.999997615814209 0.002184694167226553 
vn 3.097898456858039e-13 -0.999997615814209 0.002184694167226553 
vn 3.097898456858039e-13 -0.999997615814209 0.002184694167226553 
vn 3.097898456858039e-13 -0.999997615814209 0.002184694167226553 
vn 3.097898456858039e-13 -0.999997615814209 0.002184694167226553 
vn 3.097898456858039e-13 -0.999997615814209 0.002184694167226553 
vn 3.097898456858039e-13 -0.999997615814209 -0.002184694167226553 
vn 3.097898456858039e-13 -0.999997615814209 0.002184694167226553 
vn 3.097898456858039e-13 -0.999997615814209 0.002184694167226553 
vn 3.097898456858039e-13 -0.999997615814209 0.002184694167226553 
vn 3.097898456858039e-13 -0.999997615814209 -0.002184694167226553 
vn 3.097898456858039e-13 -0.999997615814209 -0.002184694167226553 
vn 3.097898456858039e-13 -0.999997615814209 -0.002184694167226553 
vn 3.097898456858039e-13 -0.999997615814209 -0.002184694167226553 
vn 3.097898456858039e-13 -0.999997615814209 0.002184694167226553 
vn 0.06036106497049332 -0.9978873133659363 -0.024029340595006943 
vn 0.5001311302185059 -0.8410757184028625 -0.2060592919588089 
vn -0.0018869596533477306 -0.9982590079307556 -0.058952588587999344 
vn -0.0245280209928751 -0.9979593753814697 -0.058952588587999344 
vn -0.04525691270828247 -0.9981130957603455 -0.04149730131030083 
vn -0.06036106497049332 -0.9978873133659363 -0.024029340595006943 
vn -0.06037835404276848 -0.998173177242279 0.002184694167226553 
vn -0.06036106497049332 -0.9978873133659363 0.024029340595006943 
vn -0.04525691270828247 -0.9981130957603455 0.04149730131030083 
vn -0.0245280209928751 -0.9979593753814697 0.058952588587999344 
vn -0.0018869596533477306 -0.9982590079307556 0.058952588587999344 
vn 0.020755073055624962 -0.998045027256012 0.058952588587999344 
vn 0.04525691270828247 -0.9981130957603455 0.04149730131030083 
vn 0.06036106497049332 -0.9978873133659363 0.024029340595006943 
vn 0.06037835404276848 -0.998173177242279 -0.002184694167226553 
vn 0.003777687903493643 -0.844132125377655 -0.5361219048500061 
vn -0.20756854116916656 -0.8415316939353943 -0.4987381398677826 
vn -0.3756694495677948 -0.8465509414672852 -0.37712597846984863 
vn -0.5001311302185059 -0.8410757184028625 -0.2060592919588089 
vn -0.5365904569625854 -0.8438400030136108 -0.002184694167226553 
vn -0.497954785823822 -0.8423660397529602 0.2060592919588089 
vn -0.3756694495677948 -0.8465509414672852 0.37712597846984863 
vn -0.20545516908168793 -0.8420501351356506 0.4987381398677826 
vn -0.0018861618591472507 -0.8441384434700012 0.5361219048500061 
vn 0.20545516908168793 -0.8420501351356506 0.4987381398677826 
vn 0.3791157603263855 -0.8450131416320801 0.37712597846984863 
vn 0.494704008102417 -0.8442792892456055 0.2060592919588089 
vn 0.5365904569625854 -0.8438400030136108 0.002184694167226553 
vn -0.3831879794597626 -7.925212949008026e-14 0.9236704111099243 
vn 0 0 1 
vn 0.3831879794597626 0 0.9236704111099243 
vn 0.7078787684440613 0 0.7063339352607727 
vn 0.924505352973938 0 0.3811691105365753 
vn 0.999997615814209 0 0.002184694167226553 
vn 0.924505352973938 0 -0.3811691105365753 
vn 0.7078787684440613 0 -0.7063339352607727 
vn 0.3831879794597626 0 -0.9236704111099243 
vn -2.0682311115474694e-13 0 -1 
vn 0.5365904569625854 -0.8438400030136108 0.002184694167226553 
vn 0.06037835404276848 -0.998173177242279 -0.002184694167226553 
vn 0.494704008102417 -0.8442792892456055 0.2060592919588089 
vn 0.06036106497049332 -0.9978873133659363 0.024029340595006943 
vn 0.3791157603263855 -0.8450131416320801 0.37712597846984863 
vn 0.04525691270828247 -0.9981130957603455 0.04149730131030083 
vn 0.20545516908168793 -0.8420501351356506 0.4987381398677826 
vn 0.020755073055624962 -0.998045027256012 0.058952588587999344 
vn -0.0018861618591472507 -0.8441384434700012 0.5361219048500061 
vn -0.0018869596533477306 -0.9982590079307556 0.058952588587999344 
vn -0.20545516908168793 -0.8420501351356506 0.4987381398677826 
vn -0.0245280209928751 -0.9979593753814697 0.058952588587999344 
vn -0.3756694495677948 -0.8465509414672852 0.37712597846984863 
vn -0.04525691270828247 -0.9981130957603455 0.04149730131030083 
vn -0.497954785823822 -0.8423660397529602 0.2060592919588089 
vn -0.06036106497049332 -0.9978873133659363 0.024029340595006943 
vn -0.5365904569625854 -0.8438400030136108 -0.002184694167226553 
vn -0.06037835404276848 -0.998173177242279 0.002184694167226553 
vn -0.5001311302185059 -0.8410757184028625 -0.2060592919588089 
vn -0.06036106497049332 -0.9978873133659363 -0.024029340595006943 
vn -0.3756694495677948 -0.8465509414672852 -0.37712597846984863 
vn -0.04525691270828247 -0.9981130957603455 -0.04149730131030083 
vn -0.20756854116916656 -0.8415316939353943 -0.4987381398677826 
vn -0.0245280209928751 -0.9979593753814697 -0.058952588587999344 
vn 0.003777687903493643 -0.844132125377655 -0.5361219048500061 
vn -0.0018869596533477306 -0.9982590079307556 -0.058952588587999344 
vn 0.2038998007774353 -0.8424281477928162 -0.4987381398677826 
vn 0.020755073055624962 -0.998045027256012 -0.058952588587999344 
vn 0.3791157603263855 -0.8450131416320801 -0.37712597846984863 
vn 0.04525691270828247 -0.9981130957603455 -0.04149730131030083 
vn 0.5001311302185059 -0.8410757184028625 -0.2060592919588089 
vn 0.06036106497049332 -0.9978873133659363 -0.024029340595006943 
vn 3.097898456858039e-13 -0.999997615814209 0.002184694167226553 
vn 3.097898456858039e-13 -0.999997615814209 -0.002184694167226553 
vn 3.097898456858039e-13 -0.999997615814209 -0.002184694167226553 
vn 3.097898456858039e-13 -0.999997615814209 -0.002184694167226553 
vn 3.097898456858039e-13 -0.999997615814209 -0.002184694167226553 
vn 3.097898456858039e-13 -0.999997615814209 0.002184694167226553 
vn 3.097898456858039e-13 -0.999997615814209 0.002184694167226553 
vn 3.097898456858039e-13 -0.999997615814209 0.002184694167226553 
vn 3.097898456858039e-13 -0.999997615814209 -0.002184694167226553 
vn 3.097898456858039e-13 -0.999997615814209 0.002184694167226553 
vn 3.097898456858039e-13 -0.999997615814209 0.002184694167226553 
vn 3.097898456858039e-13 -0.999997615814209 0.002184694167226553 
vn 3.097898456858039e-13 -0.999997615814209 0.002184694167226553 
vn 3.097898456858039e-13 -0.999997615814209 0.002184694167226553 
vn 3.097898456858039e-13 -0.999997615814209 -0.002184694167226553 
vn 3.097898456858039e-13 -0.999997615814209 -0.002184694167226553 
vn 3.097898456858039e-13 -0.999997615814209 0.002184694167226553 
vn 3.097898456858039e-13 -0.999997615814209 0.002184694167226553 
vn 3.097898456858039e-13 -0.999997615814209 -0.002184694167226553 
vn 3.097898456858039e-13 -0.999997615814209 -0.002184694167226553 
vn 3.097898456858039e-13 -0.999997615814209 -0.002184694167226553 
vn 3.097898456858039e-13 -0.999997615814209 -0.002184694167226553 
vn 3.097898456858039e-13 -0.999997615814209 0.002184694167226553 
vn 3.097898456858039e-13 -0.999997615814209 0.002184694167226553 
vn 3.097898456858039e-13 -0.999997615814209 0.002184694167226553 
vn 3.097898456858039e-13 -0.999997615814209 0.002184694167226553 
vn 3.097898456858039e-13 -0.999997615814209 0.002184694167226553 
vn 3.097898456858039e-13 -0.999997615814209 0.002184694167226553 
vn 3.097898456858039e-13 -0.999997615814209 -0.002184694167226553 
vn 3.097898456858039e-13 -0.999997615814209 -0.002184694167226553 
vn 3.097898456858039e-13 -0.999997615814209 -0.002184694167226553 
vn 3.097898456858039e-13 -0.999997615814209 0.002184694167226553 
vn -0.10738389194011688 -0.9879806041717529 0.1111890971660614 
vn -0.14478351175785065 -0.9877055883407593 0.058952588587999344 
vn -0.5636292695999146 -0.6022982001304626 0.5652954578399658 
vn -0.737745463848114 -0.6031627655029297 0.30319350957870483 
vn -0.6962394714355469 -0.1716076284646988 0.6969945430755615 
vn -0.9106361269950867 -0.1688723862171173 0.37712597846984863 
vn -0.7078787684440613 -1.4640568759497624e-13 0.7063339352607727 
vn -0.924505352973938 -1.9120906843538704e-13 0.3811691105365753 
vn -0.7078787684440613 -1.4640568759497624e-13 0.7063339352607727 
vn -0.924505352973938 -1.9120906843538704e-13 0.3811691105365753 
vn -0.15792569518089294 -0.9874485731124878 0.002184694167226553 
vn -0.14478351175785065 -0.9877055883407593 -0.058952588587999344 
vn -0.10738389194011688 -0.9879806041717529 -0.1111890971660614 
vn -0.06035032123327255 -0.9880928993225098 -0.1415284425020218 
vn -0.003775994060561061 -0.9879868030548096 -0.15449213981628418 
vn 0.06035032123327255 -0.9880928993225098 -0.1415284425020218 
vn 0.11113623529672623 -0.9875655770301819 -0.1111890971660614 
vn 0.14104847609996796 -0.9882459044456482 -0.058952588587999344 
vn 0.15792569518089294 -0.9874485731124878 -0.002184694167226553 
vn 0.14104847609996796 -0.9882459044456482 0.058952588587999344 
vn 0.11113623529672623 -0.9875655770301819 0.1111890971660614 
vn 0.06035032123327255 -0.9880928993225098 0.1415284425020218 
vn 0.003775994060561061 -0.9879868030548096 0.15449213981628418 
vn -0.06035032123327255 -0.9880928993225098 0.1415284425020218 
vn -0.7964062690734863 -0.604758083820343 0.002184694167226553 
vn -0.737745463848114 -0.6031627655029297 -0.30319350957870483 
vn -0.5656656622886658 -0.6003860831260681 -0.5652954578399658 
vn -0.3026692569255829 -0.6048481464385986 -0.736579954624176 
vn 0.0018891289364546537 -0.6025291085243225 -0.7980946898460388 
vn 0.3026692569255829 -0.6048481464385986 -0.736579954624176 
vn 0.5656656622886658 -0.6003860831260681 -0.5652954578399658 
vn 0.7353501319885254 -0.6060807704925537 -0.30319350957870483 
vn 0.7964062690734863 -0.604758083820343 -0.002184694167226553 
vn 0.7353501319885254 -0.6060807704925537 0.30319350957870483 
vn 0.5608691573143005 -0.6048693060874939 0.5652954578399658 
vn 0.3050408959388733 -0.6036555171012878 0.736579954624176 
vn -0.0037707132287323475 -0.6025202870368958 0.7980946898460388 
vn -0.3050408959388733 -0.6036555171012878 0.736579954624176 
vn -0.9849507808685303 -0.17282135784626007 0.002184694167226553 
vn -0.9106361269950867 -0.1688723862171173 -0.37712597846984863 
vn -0.696100115776062 -0.1721721738576889 -0.6969945430755615 
vn -0.37778180837631226 -0.17233823239803314 -0.9097144603729248 
vn 0.001889180624857545 -0.16957223415374756 -0.9855159521102905 
vn 0.3793354630470276 -0.1688910275697708 -0.9097144603729248 
vn 0.696100115776062 -0.1721721738576889 -0.6969945430755615 
vn 0.9099404215812683 -0.1725815385580063 -0.37712597846984863 
vn 0.9849507808685303 -0.17282135784626007 0.002184694167226553 
vn 0.9099404215812683 -0.1725815385580063 0.37712597846984863 
vn 0.6962394714355469 -0.1716076284646988 0.6969945430755615 
vn 0.3797420859336853 -0.16797471046447754 0.9097144603729248 
vn -0.003751524491235614 -0.16954125463962555 0.9855159521102905 
vn -0.3782057762145996 -0.17140580713748932 0.9097144603729248 
vn -0.999997615814209 -2.0682260971124217e-13 0.002184694167226553 
vn -0.9244976043701172 0.0037768674083054066 -0.3811691105365753 
vn -0.7078686952590942 0.0037756471429020166 -0.7063339352607727 
vn -0.3831879794597626 -7.925212949008026e-14 -0.9236704111099243 
vn -2.0682311115474694e-13 0 -1 
vn 0.3831879794597626 0 -0.9236704111099243 
vn 0.7078787684440613 0 -0.7063339352607727 
vn 0.924505352973938 0 -0.3811691105365753 
vn 0.999997615814209 0 0.002184694167226553 
vn 0.924505352973938 0 0.3811691105365753 
vn 0.7078787684440613 0 0.7063339352607727 
vn 0.3831879794597626 0 0.9236704111099243 
vn 0 0 1 
vn -0.3831879794597626 -7.925212949008026e-14 0.9236704111099243 
vn -0.999997615814209 -2.0682260971124217e-13 0.002184694167226553 
vn -0.9244976043701172 0.0037768674083054066 -0.3811691105365753 
vn -0.7078686952590942 0.0037756471429020166 -0.7063339352607727 
vn -0.3831879794597626 -7.925212949008026e-14 -0.9236704111099243 
vn -2.0682311115474694e-13 0 -1 
vn 0.3831879794597626 0 -0.9236704111099243 
vn 0.7078787684440613 0 -0.7063339352607727 
vn 0.924505352973938 0 -0.3811691105365753 
vn 0.999997615814209 0 0.002184694167226553 
vn 0.924505352973938 0 0.3811691105365753 
vn 0.7078787684440613 0 0.7063339352607727 
vn 0.3831879794597626 0 0.9236704111099243 
vn 0 0 1 
vn -0.3831879794597626 -7.925212949008026e-14 0.9236704111099243 
vn 0.20545516908168793 -0.8420501351356506 0.4987381398677826 
vn 0.020755073055624962 -0.998045027256012 0.058952588587999344 
vn -0.0018861618591472507 -0.8441384434700012 0.5361219048500061 
vn -0.0018869596533477306 -0.9982590079307556 0.058952588587999344 
vn -0.20545516908168793 -0.8420501351356506 0.4987381398677826 
vn -0.0245280209928751 -0.9979593753814697 0.058952588587999344 
vn -0.3756694495677948 -0.8465509414672852 0.37712597846984863 
vn -0.04525691270828247 -0.9981130957603455 0.04149730131030083 
vn -0.497954785823822 -0.8423660397529602 0.2060592919588089 
vn -0.06036106497049332 -0.9978873133659363 0.024029340595006943 
vn -0.5365904569625854 -0.8438400030136108 -0.002184694167226553 
vn -0.06037835404276848 -0.998173177242279 0.002184694167226553 
vn -0.5001311302185059 -0.8410757184028625 -0.2060592919588089 
vn -0.06036106497049332 -0.9978873133659363 -0.024029340595006943 
vn -0.3756694495677948 -0.8465509414672852 -0.37712597846984863 
vn -0.04525691270828247 -0.9981130957603455 -0.04149730131030083 
vn -0.20756854116916656 -0.8415316939353943 -0.4987381398677826 
vn -0.0245280209928751 -0.9979593753814697 -0.058952588587999344 
vn 0.003777687903493643 -0.844132125377655 -0.5361219048500061 
vn -0.0018869596533477306 -0.9982590079307556 -0.058952588587999344 
vn 0.2038998007774353 -0.8424281477928162 -0.4987381398677826 
vn 0.020755073055624962 -0.998045027256012 -0.058952588587999344 
vn 0.3791157603263855 -0.8450131416320801 -0.37712597846984863 
vn 0.04525691270828247 -0.9981130957603455 -0.04149730131030083 
vn 0.5001311302185059 -0.8410757184028625 -0.2060592919588089 
vn 0.06036106497049332 -0.9978873133659363 -0.024029340595006943 
vn 0.5365904569625854 -0.8438400030136108 0.002184694167226553 
vn 0.06037835404276848 -0.998173177242279 -0.002184694167226553 
vn 0.494704008102417 -0.8442792892456055 0.2060592919588089 
vn 0.06036106497049332 -0.9978873133659363 0.024029340595006943 
vn 0.3791157603263855 -0.8450131416320801 0.37712597846984863 
vn 0.04525691270828247 -0.9981130957603455 0.04149730131030083 
vn 3.097898456858039e-13 -0.999997615814209 -0.002184694167226553 
vn 3.097898456858039e-13 -0.999997615814209 -0.002184694167226553 
vn 3.097898456858039e-13 -0.999997615814209 0.002184694167226553 
vn 3.097898456858039e-13 -0.999997615814209 0.002184694167226553 
vn 3.097898456858039e-13 -0.999997615814209 0.002184694167226553 
vn 3.097898456858039e-13 -0.999997615814209 -0.002184694167226553 
vn 3.097898456858039e-13 -0.999997615814209 0.002184694167226553 
vn 3.097898456858039e-13 -0.999997615814209 0.002184694167226553 
vn 3.097898456858039e-13 -0.999997615814209 0.002184694167226553 
vn 3.097898456858039e-13 -0.999997615814209 0.002184694167226553 
vn 3.097898456858039e-13 -0.999997615814209 0.002184694167226553 
vn 3.097898456858039e-13 -0.999997615814209 -0.002184694167226553 
vn 3.097898456858039e-13 -0.999997615814209 -0.002184694167226553 
vn 3.097898456858039e-13 -0.999997615814209 0.002184694167226553 
vn 3.097898456858039e-13 -0.999997615814209 -0.002184694167226553 
vn 3.097898456858039e-13 -0.999997615814209 -0.002184694167226553 
vn 3.097898456858039e-13 -0.999997615814209 0.002184694167226553 
vn 3.097898456858039e-13 -0.999997615814209 0.002184694167226553 
vn 3.097898456858039e-13 -0.999997615814209 -0.002184694167226553 
vn 3.097898456858039e-13 -0.999997615814209 -0.002184694167226553 
vn 3.097898456858039e-13 -0.999997615814209 -0.002184694167226553 
vn 3.097898456858039e-13 -0.999997615814209 -0.002184694167226553 
vn 3.097898456858039e-13 -0.999997615814209 0.002184694167226553 
vn 3.097898456858039e-13 -0.999997615814209 0.002184694167226553 
vn 3.097898456858039e-13 -0.999997615814209 0.002184694167226553 
vn 3.097898456858039e-13 -0.999997615814209 0.002184694167226553 
vn 3.097898456858039e-13 -0.999997615814209 0.002184694167226553 
vn 3.097898456858039e-13 -0.999997615814209 0.002184694167226553 
vn 3.097898456858039e-13 -0.999997615814209 -0.002184694167226553 
vn 3.097898456858039e-13 -0.999997615814209 -0.002184694167226553 
vn 3.097898456858039e-13 -0.999997615814209 -0.002184694167226553 
vn 3.097898456858039e-13 -0.999997615814209 0.002184694167226553 
vn -0.10738389194011688 -0.9879806041717529 0.1111890971660614 
vn -0.14478351175785065 -0.9877055883407593 0.058952588587999344 
vn -0.5636292695999146 -0.6022982001304626 0.5652954578399658 
vn -0.737745463848114 -0.6031627655029297 0.30319350957870483 
vn -0.6962394714355469 -0.1716076284646988 0.6969945430755615 
vn -0.9106361269950867 -0.1688723862171173 0.37712597846984863 
vn -0.7078787684440613 -1.4640568759497624e-13 0.7063339352607727 
vn -0.924505352973938 -1.9120906843538704e-13 0.3811691105365753 
vn -0.7078787684440613 -1.4640568759497624e-13 0.7063339352607727 
vn -0.924505352973938 -1.9120906843538704e-13 0.3811691105365753 
vn -0.15792569518089294 -0.9874485731124878 0.002184694167226553 
vn -0.14478351175785065 -0.9877055883407593 -0.058952588587999344 
vn -0.10738389194011688 -0.9879806041717529 -0.1111890971660614 
vn -0.06035032123327255 -0.9880928993225098 -0.1415284425020218 
vn -0.003775994060561061 -0.9879868030548096 -0.15449213981628418 
vn 0.06035032123327255 -0.9880928993225098 -0.1415284425020218 
vn 0.11113623529672623 -0.9875655770301819 -0.1111890971660614 
vn 0.14104847609996796 -0.9882459044456482 -0.058952588587999344 
vn 0.15792569518089294 -0.9874485731124878 -0.002184694167226553 
vn 0.14104847609996796 -0.9882459044456482 0.058952588587999344 
vn 0.11113623529672623 -0.9875655770301819 0.1111890971660614 
vn 0.06035032123327255 -0.9880928993225098 0.1415284425020218 
vn 0.003775994060561061 -0.9879868030548096 0.15449213981628418 
vn -0.06035032123327255 -0.9880928993225098 0.1415284425020218 
vn -0.7964062690734863 -0.604758083820343 0.002184694167226553 
vn -0.737745463848114 -0.6031627655029297 -0.30319350957870483 
vn -0.5656656622886658 -0.6003860831260681 -0.5652954578399658 
vn -0.3026692569255829 -0.6048481464385986 -0.736579954624176 
vn 0.0018891289364546537 -0.6025291085243225 -0.7980946898460388 
vn 0.3026692569255829 -0.6048481464385986 -0.736579954624176 
vn 0.5656656622886658 -0.6003860831260681 -0.5652954578399658 
vn 0.7353501319885254 -0.6060807704925537 -0.30319350957870483 
vn 0.7964062690734863 -0.604758083820343 -0.002184694167226553 
vn 0.7353501319885254 -0.6060807704925537 0.30319350957870483 
vn 0.5608691573143005 -0.6048693060874939 0.5652954578399658 
vn 0.3050408959388733 -0.6036555171012878 0.736579954624176 
vn -0.0037707132287323475 -0.6025202870368958 0.7980946898460388 
vn -0.3050408959388733 -0.6036555171012878 0.736579954624176 
vn -0.9849507808685303 -0.17282135784626007 0.002184694167226553 
vn -0.9106361269950867 -0.1688723862171173 -0.37712597846984863 
vn -0.696100115776062 -0.1721721738576889 -0.6969945430755615 
vn -0.37778180837631226 -0.17233823239803314 -0.9097144603729248 
vn 0.001889180624857545 -0.16957223415374756 -0.9855159521102905 
vn 0.3793354630470276 -0.1688910275697708 -0.9097144603729248 
vn 0.696100115776062 -0.1721721738576889 -0.6969945430755615 
vn 0.9099404215812683 -0.1725815385580063 -0.37712597846984863 
vn 0.9849507808685303 -0.17282135784626007 0.002184694167226553 
vn 0.9099404215812683 -0.1725815385580063 0.37712597846984863 
vn 0.6962394714355469 -0.1716076284646988 0.6969945430755615 
vn 0.3797420859336853 -0.16797471046447754 0.9097144603729248 
vn -0.003751524491235614 -0.16954125463962555 0.9855159521102905 
vn -0.3782057762145996 -0.17140580713748932 0.9097144603729248 
vn -0.999997615814209 -2.0682260971124217e-13 0.002184694167226553 
vn -0.9244976043701172 0.0037768674083054066 -0.3811691105365753 
vn -0.7078686952590942 0.0037756471429020166 -0.7063339352607727 
vn -0.3831879794597626 -7.925212949008026e-14 -0.9236704111099243 
vn -2.0682311115474694e-13 0 -1 
vn 0.3831879794597626 0 -0.9236704111099243 
vn 0.7078787684440613 0 -0.7063339352607727 
vn 0.924505352973938 0 -0.3811691105365753 
vn 0.999997615814209 0 0.002184694167226553 
vn 0.924505352973938 0 0.3811691105365753 
vn 0.7078787684440613 0 0.7063339352607727 
vn 0.3831879794597626 0 0.9236704111099243 
vn 0 0 1 
vn -0.3831879794597626 -7.925212949008026e-14 0.9236704111099243 
vn -0.999997615814209 -2.0682260971124217e-13 0.002184694167226553 
vn -0.9244976043701172 0.0037768674083054066 -0.3811691105365753 
vn -0.7078686952590942 0.0037756471429020166 -0.7063339352607727 
vn -0.3831879794597626 -7.925212949008026e-14 -0.9236704111099243 
vn -2.0682311115474694e-13 0 -1 
vn 0.3831879794597626 0 -0.9236704111099243 
vn 0.7078787684440613 0 -0.7063339352607727 
vn 0.924505352973938 0 -0.3811691105365753 
vn 0.999997615814209 0 0.002184694167226553 
vn 0.924505352973938 0 0.3811691105365753 
vn 0.7078787684440613 0 0.7063339352607727 
vn 0.3831879794597626 0 0.9236704111099243 
vn 0 0 1 
vn -0.3831879794597626 -7.925212949008026e-14 0.9236704111099243 
vn 0.5365904569625854 -0.8438400030136108 0.002184694167226553 
vn 0.06037835404276848 -0.998173177242279 -0.002184694167226553 
vn 0.494704008102417 -0.8442792892456055 0.2060592919588089 
vn 0.06036106497049332 -0.9978873133659363 0.024029340595006943 
vn 0.3791157603263855 -0.8450131416320801 0.37712597846984863 
vn 0.04525691270828247 -0.9981130957603455 0.04149730131030083 
vn 0.20545516908168793 -0.8420501351356506 0.4987381398677826 
vn 0.020755073055624962 -0.998045027256012 0.058952588587999344 
vn -0.0018861618591472507 -0.8441384434700012 0.5361219048500061 
vn -0.0018869596533477306 -0.9982590079307556 0.058952588587999344 
vn -0.20545516908168793 -0.8420501351356506 0.4987381398677826 
vn -0.0245280209928751 -0.9979593753814697 0.058952588587999344 
vn -0.3756694495677948 -0.8465509414672852 0.37712597846984863 
vn -0.04525691270828247 -0.9981130957603455 0.04149730131030083 
vn -0.497954785823822 -0.8423660397529602 0.2060592919588089 
vn -0.06036106497049332 -0.9978873133659363 0.024029340595006943 
vn -0.5365904569625854 -0.8438400030136108 -0.002184694167226553 
vn -0.06037835404276848 -0.998173177242279 0.002184694167226553 
vn -0.5001311302185059 -0.8410757184028625 -0.2060592919588089 
vn -0.06036106497049332 -0.9978873133659363 -0.024029340595006943 
vn -0.3756694495677948 -0.8465509414672852 -0.37712597846984863 
vn -0.04525691270828247 -0.9981130957603455 -0.04149730131030083 
vn -0.20756854116916656 -0.8415316939353943 -0.4987381398677826 
vn -0.0245280209928751 -0.9979593753814697 -0.058952588587999344 
vn 0.003777687903493643 -0.844132125377655 -0.5361219048500061 
vn -0.0018869596533477306 -0.9982590079307556 -0.058952588587999344 
vn 0.2038998007774353 -0.8424281477928162 -0.4987381398677826 
vn 0.020755073055624962 -0.998045027256012 -0.058952588587999344 
vn 0.3791157603263855 -0.8450131416320801 -0.37712597846984863 
vn 0.04525691270828247 -0.9981130957603455 -0.04149730131030083 
vn 0.5001311302185059 -0.8410757184028625 -0.2060592919588089 
vn 0.06036106497049332 -0.9978873133659363 -0.024029340595006943 
vn 3.097898456858039e-13 -0.999997615814209 0.002184694167226553 
vn 3.097898456858039e-13 -0.999997615814209 -0.002184694167226553 
vn 3.097898456858039e-13 -0.999997615814209 -0.002184694167226553 
vn 3.097898456858039e-13 -0.999997615814209 -0.002184694167226553 
vn 3.097898456858039e-13 -0.999997615814209 -0.002184694167226553 
vn 3.097898456858039e-13 -0.999997615814209 0.002184694167226553 
vn 3.097898456858039e-13 -0.999997615814209 0.002184694167226553 
vn 3.097898456858039e-13 -0.999997615814209 0.002184694167226553 
vn 3.097898456858039e-13 -0.999997615814209 -0.002184694167226553 
vn 3.097898456858039e-13 -0.999997615814209 0.002184694167226553 
vn 3.097898456858039e-13 -0.999997615814209 0.002184694167226553 
vn 3.097898456858039e-13 -0.999997615814209 0.002184694167226553 
vn 3.097898456858039e-13 -0.999997615814209 0.002184694167226553 
vn 3.097898456858039e-13 -0.999997615814209 0.002184694167226553 
vn 3.097898456858039e-13 -0.999997615814209 -0.002184694167226553 
vn 3.097898456858039e-13 -0.999997615814209 -0.002184694167226553 
vn 3.097898456858039e-13 -0.999997615814209 0.002184694167226553 
vn 3.097898456858039e-13 -0.999997615814209 0.002184694167226553 
vn 3.097898456858039e-13 -0.999997615814209 -0.002184694167226553 
vn 3.097898456858039e-13 -0.999997615814209 -0.002184694167226553 
vn 3.097898456858039e-13 -0.999997615814209 -0.002184694167226553 
vn 3.097898456858039e-13 -0.999997615814209 -0.002184694167226553 
vn 3.097898456858039e-13 -0.999997615814209 0.002184694167226553 
vn 3.097898456858039e-13 -0.999997615814209 0.002184694167226553 
vn 3.097898456858039e-13 -0.999997615814209 0.002184694167226553 
vn 3.097898456858039e-13 -0.999997615814209 0.002184694167226553 
vn 3.097898456858039e-13 -0.999997615814209 0.002184694167226553 
vn 3.097898456858039e-13 -0.999997615814209 0.002184694167226553 
vn 3.097898456858039e-13 -0.999997615814209 -0.002184694167226553 
vn 3.097898456858039e-13 -0.999997615814209 -0.002184694167226553 
vn 3.097898456858039e-13 -0.999997615814209 -0.002184694167226553 
vn 3.097898456858039e-13 -0.999997615814209 0.002184694167226553 
vn -0.10738389194011688 -0.9879806041717529 0.1111890971660614 
vn -0.14478351175785065 -0.9877055883407593 0.058952588587999344 
vn -0.5636292695999146 -0.6022982001304626 0.5652954578399658 
vn -0.737745463848114 -0.6031627655029297 0.30319350957870483 
vn -0.6962394714355469 -0.1716076284646988 0.6969945430755615 
vn -0.9106361269950867 -0.1688723862171173 0.37712597846984863 
vn -0.7078787684440613 -1.4640568759497624e-13 0.7063339352607727 
vn -0.924505352973938 -1.9120906843538704e-13 0.3811691105365753 
vn -0.7078787684440613 -1.4640568759497624e-13 0.7063339352607727 
vn -0.924505352973938 -1.9120906843538704e-13 0.3811691105365753 
vn -0.15792569518089294 -0.9874485731124878 0.002184694167226553 
vn -0.14478351175785065 -0.9877055883407593 -0.058952588587999344 
vn -0.10738389194011688 -0.9879806041717529 -0.1111890971660614 
vn -0.06035032123327255 -0.9880928993225098 -0.1415284425020218 
vn -0.003775994060561061 -0.9879868030548096 -0.15449213981628418 
vn 0.06035032123327255 -0.9880928993225098 -0.1415284425020218 
vn 0.11113623529672623 -0.9875655770301819 -0.1111890971660614 
vn 0.14104847609996796 -0.9882459044456482 -0.058952588587999344 
vn 0.15792569518089294 -0.9874485731124878 -0.002184694167226553 
vn 0.14104847609996796 -0.9882459044456482 0.058952588587999344 
vn 0.11113623529672623 -0.9875655770301819 0.1111890971660614 
vn 0.06035032123327255 -0.9880928993225098 0.1415284425020218 
vn 0.003775994060561061 -0.9879868030548096 0.15449213981628418 
vn -0.06035032123327255 -0.9880928993225098 0.1415284425020218 
vn -0.7964062690734863 -0.604758083820343 0.002184694167226553 
vn -0.737745463848114 -0.6031627655029297 -0.30319350957870483 
vn -0.5656656622886658 -0.6003860831260681 -0.5652954578399658 
vn -0.3026692569255829 -0.6048481464385986 -0.736579954624176 
vn 0.0018891289364546537 -0.6025291085243225 -0.7980946898460388 
vn 0.3026692569255829 -0.6048481464385986 -0.736579954624176 
vn 0.5656656622886658 -0.6003860831260681 -0.5652954578399658 
vn 0.7353501319885254 -0.6060807704925537 -0.30319350957870483 
vn 0.7964062690734863 -0.604758083820343 -0.002184694167226553 
vn 0.7353501319885254 -0.6060807704925537 0.30319350957870483 
vn 0.5608691573143005 -0.6048693060874939 0.5652954578399658 
vn 0.3050408959388733 -0.6036555171012878 0.736579954624176 
vn -0.0037707132287323475 -0.6025202870368958 0.7980946898460388 
vn -0.3050408959388733 -0.6036555171012878 0.736579954624176 
vn -0.9849507808685303 -0.17282135784626007 0.002184694167226553 
vn -0.9106361269950867 -0.1688723862171173 -0.37712597846984863 
vn -0.696100115776062 -0.1721721738576889 -0.6969945430755615 
vn -0.37778180837631226 -0.17233823239803314 -0.9097144603729248 
vn 0.001889180624857545 -0.16957223415374756 -0.9855159521102905 
vn 0.3793354630470276 -0.1688910275697708 -0.9097144603729248 
vn 0.696100115776062 -0.1721721738576889 -0.6969945430755615 
vn 0.9099404215812683 -0.1725815385580063 -0.37712597846984863 
vn 0.9849507808685303 -0.17282135784626007 0.002184694167226553 
vn 0.9099404215812683 -0.1725815385580063 0.37712597846984863 
vn 0.6962394714355469 -0.1716076284646988 0.6969945430755615 
vn 0.3797420859336853 -0.16797471046447754 0.9097144603729248 
vn -0.003751524491235614 -0.16954125463962555 0.9855159521102905 
vn -0.3782057762145996 -0.17140580713748932 0.9097144603729248 
vn -0.999997615814209 -2.0682260971124217e-13 0.002184694167226553 
vn -0.9244976043701172 0.0037768674083054066 -0.3811691105365753 
vn -0.7078686952590942 0.0037756471429020166 -0.7063339352607727 
vn -0.3831879794597626 -7.925212949008026e-14 -0.9236704111099243 
vn -2.0682311115474694e-13 0 -1 
vn 0.3831879794597626 0 -0.9236704111099243 
vn 0.7078787684440613 0 -0.7063339352607727 
vn 0.924505352973938 0 -0.3811691105365753 
vn 0.999997615814209 0 0.002184694167226553 
vn 0.924505352973938 0 0.3811691105365753 
vn 0.7078787684440613 0 0.7063339352607727 
vn 0.3831879794597626 0 0.9236704111099243 
vn 0 0 1 
vn -0.3831879794597626 -7.925212949008026e-14 0.9236704111099243 
vn -0.999997615814209 -2.0682260971124217e-13 0.002184694167226553 
vn -0.9244976043701172 0.0037768674083054066 -0.3811691105365753 
vn -0.7078686952590942 0.0037756471429020166 -0.7063339352607727 
vn -0.3831879794597626 -7.925212949008026e-14 -0.9236704111099243 
vn -2.0682311115474694e-13 0 -1 
vn 0.3831879794597626 0 -0.9236704111099243 
vn 0.7078787684440613 0 -0.7063339352607727 
vn 0.924505352973938 0 -0.3811691105365753 
vn 0.999997615814209 0 0.002184694167226553 
vn 0.924505352973938 0 0.3811691105365753 
vn 0.7078787684440613 0 0.7063339352607727 
vn 0.3831879794597626 0 0.9236704111099243 
vn 0 0 1 
vn -0.3831879794597626 -7.925212949008026e-14 0.9236704111099243 
vn 0.494704008102417 -0.8442792892456055 0.2060592919588089 
vn 0.06036106497049332 -0.9978873133659363 0.024029340595006943 
vn 0.3791157603263855 -0.8450131416320801 0.37712597846984863 
vn 0.04525691270828247 -0.9981130957603455 0.04149730131030083 
vn 0.20545516908168793 -0.8420501351356506 0.4987381398677826 
vn 0.020755073055624962 -0.998045027256012 0.058952588587999344 
vn -0.0018861618591472507 -0.8441384434700012 0.5361219048500061 
vn -0.0018869596533477306 -0.9982590079307556 0.058952588587999344 
vn -0.20545516908168793 -0.8420501351356506 0.4987381398677826 
vn -0.0245280209928751 -0.9979593753814697 0.058952588587999344 
vn -0.3756694495677948 -0.8465509414672852 0.37712597846984863 
vn -0.04525691270828247 -0.9981130957603455 0.04149730131030083 
vn -0.497954785823822 -0.8423660397529602 0.2060592919588089 
vn -0.06036106497049332 -0.9978873133659363 0.024029340595006943 
vn -0.5365904569625854 -0.8438400030136108 -0.002184694167226553 
vn -0.06037835404276848 -0.998173177242279 0.002184694167226553 
vn -0.5001311302185059 -0.8410757184028625 -0.2060592919588089 
vn -0.06036106497049332 -0.9978873133659363 -0.024029340595006943 
vn -0.3756694495677948 -0.8465509414672852 -0.37712597846984863 
vn -0.04525691270828247 -0.9981130957603455 -0.04149730131030083 
vn -0.20756854116916656 -0.8415316939353943 -0.4987381398677826 
vn -0.0245280209928751 -0.9979593753814697 -0.058952588587999344 
vn 0.003777687903493643 -0.844132125377655 -0.5361219048500061 
vn -0.0018869596533477306 -0.9982590079307556 -0.058952588587999344 
vn 0.2038998007774353 -0.8424281477928162 -0.4987381398677826 
vn 0.020755073055624962 -0.998045027256012 -0.058952588587999344 
vn 0.3791157603263855 -0.8450131416320801 -0.37712597846984863 
vn 0.04525691270828247 -0.9981130957603455 -0.04149730131030083 
vn 0.5001311302185059 -0.8410757184028625 -0.2060592919588089 
vn 0.06036106497049332 -0.9978873133659363 -0.024029340595006943 
vn 0.5365904569625854 -0.8438400030136108 0.002184694167226553 
vn 0.06037835404276848 -0.998173177242279 -0.002184694167226553 
vn 3.097898456858039e-13 -0.999997615814209 -0.002184694167226553 
vn 3.097898456858039e-13 -0.999997615814209 -0.002184694167226553 
vn 3.097898456858039e-13 -0.999997615814209 -0.002184694167226553 
vn 3.097898456858039e-13 -0.999997615814209 -0.002184694167226553 
vn 3.097898456858039e-13 -0.999997615814209 0.002184694167226553 
vn 3.097898456858039e-13 -0.999997615814209 0.002184694167226553 
vn 3.097898456858039e-13 -0.999997615814209 0.002184694167226553 
vn 3.097898456858039e-13 -0.999997615814209 -0.002184694167226553 
vn 3.097898456858039e-13 -0.999997615814209 0.002184694167226553 
vn 3.097898456858039e-13 -0.999997615814209 0.002184694167226553 
vn 3.097898456858039e-13 -0.999997615814209 0.002184694167226553 
vn 3.097898456858039e-13 -0.999997615814209 0.002184694167226553 
vn 3.097898456858039e-13 -0.999997615814209 0.002184694167226553 
vn 3.097898456858039e-13 -0.999997615814209 -0.002184694167226553 
vn 3.097898456858039e-13 -0.999997615814209 -0.002184694167226553 
vn 3.097898456858039e-13 -0.999997615814209 0.002184694167226553 
vn 3.097898456858039e-13 -0.999997615814209 0.002184694167226553 
vn 3.097898456858039e-13 -0.999997615814209 0.002184694167226553 
vn 3.097898456858039e-13 -0.999997615814209 -0.002184694167226553 
vn 3.097898456858039e-13 -0.999997615814209 -0.002184694167226553 
vn 3.097898456858039e-13 -0.999997615814209 -0.002184694167226553 
vn 3.097898456858039e-13 -0.999997615814209 -0.002184694167226553 
vn 3.097898456858039e-13 -0.999997615814209 0.002184694167226553 
vn 3.097898456858039e-13 -0.999997615814209 0.002184694167226553 
vn 3.097898456858039e-13 -0.999997615814209 0.002184694167226553 
vn 3.097898456858039e-13 -0.999997615814209 0.002184694167226553 
vn 3.097898456858039e-13 -0.999997615814209 0.002184694167226553 
vn 3.097898456858039e-13 -0.999997615814209 0.002184694167226553 
vn 3.097898456858039e-13 -0.999997615814209 -0.002184694167226553 
vn 3.097898456858039e-13 -0.999997615814209 -0.002184694167226553 
vn 3.097898456858039e-13 -0.999997615814209 -0.002184694167226553 
vn 3.097898456858039e-13 -0.999997615814209 0.002184694167226553 
vn -0.10738389194011688 -0.9879806041717529 0.1111890971660614 
vn -0.14478351175785065 -0.9877055883407593 0.058952588587999344 
vn -0.5636292695999146 -0.6022982001304626 0.5652954578399658 
vn -0.737745463848114 -0.6031627655029297 0.30319350957870483 
vn -0.6962394714355469 -0.1716076284646988 0.6969945430755615 
vn -0.9106361269950867 -0.1688723862171173 0.37712597846984863 
vn -0.7078787684440613 -1.4640568759497624e-13 0.7063339352607727 
vn -0.924505352973938 -1.9120906843538704e-13 0.3811691105365753 
vn -0.7078787684440613 -1.4640568759497624e-13 0.7063339352607727 
vn -0.924505352973938 -1.9120906843538704e-13 0.3811691105365753 
vn -0.15792569518089294 -0.9874485731124878 0.002184694167226553 
vn -0.14478351175785065 -0.9877055883407593 -0.058952588587999344 
vn -0.10738389194011688 -0.9879806041717529 -0.1111890971660614 
vn -0.06035032123327255 -0.9880928993225098 -0.1415284425020218 
vn -0.003775994060561061 -0.9879868030548096 -0.15449213981628418 
vn 0.06035032123327255 -0.9880928993225098 -0.1415284425020218 
vn 0.11113623529672623 -0.9875655770301819 -0.1111890971660614 
vn 0.14104847609996796 -0.9882459044456482 -0.058952588587999344 
vn 0.15792569518089294 -0.9874485731124878 -0.002184694167226553 
vn 0.14104847609996796 -0.9882459044456482 0.058952588587999344 
vn 0.11113623529672623 -0.9875655770301819 0.1111890971660614 
vn 0.06035032123327255 -0.9880928993225098 0.1415284425020218 
vn 0.003775994060561061 -0.9879868030548096 0.15449213981628418 
vn -0.06035032123327255 -0.9880928993225098 0.1415284425020218 
vn -0.7964062690734863 -0.604758083820343 0.002184694167226553 
vn -0.737745463848114 -0.6031627655029297 -0.30319350957870483 
vn -0.5656656622886658 -0.6003860831260681 -0.5652954578399658 
vn -0.3026692569255829 -0.6048481464385986 -0.736579954624176 
vn 0.0018891289364546537 -0.6025291085243225 -0.7980946898460388 
vn 0.3026692569255829 -0.6048481464385986 -0.736579954624176 
vn 0.5656656622886658 -0.6003860831260681 -0.5652954578399658 
vn 0.7353501319885254 -0.6060807704925537 -0.30319350957870483 
vn 0.7964062690734863 -0.604758083820343 -0.002184694167226553 
vn 0.7353501319885254 -0.6060807704925537 0.30319350957870483 
vn 0.5608691573143005 -0.6048693060874939 0.5652954578399658 
vn 0.3050408959388733 -0.6036555171012878 0.736579954624176 
vn -0.0037707132287323475 -0.6025202870368958 0.7980946898460388 
vn -0.3050408959388733 -0.6036555171012878 0.736579954624176 
vn -0.9849507808685303 -0.17282135784626007 0.002184694167226553 
vn -0.9106361269950867 -0.1688723862171173 -0.37712597846984863 
vn -0.696100115776062 -0.1721721738576889 -0.6969945430755615 
vn -0.37778180837631226 -0.17233823239803314 -0.9097144603729248 
vn 0.001889180624857545 -0.16957223415374756 -0.9855159521102905 
vn 0.3793354630470276 -0.1688910275697708 -0.9097144603729248 
vn 0.696100115776062 -0.1721721738576889 -0.6969945430755615 
vn 0.9099404215812683 -0.1725815385580063 -0.37712597846984863 
vn 0.9849507808685303 -0.17282135784626007 0.002184694167226553 
vn 0.9099404215812683 -0.1725815385580063 0.37712597846984863 
vn 0.6962394714355469 -0.1716076284646988 0.6969945430755615 
vn 0.3797420859336853 -0.16797471046447754 0.9097144603729248 
vn -0.003751524491235614 -0.16954125463962555 0.9855159521102905 
vn -0.3782057762145996 -0.17140580713748932 0.9097144603729248 
vn -0.999997615814209 -2.0682260971124217e-13 0.002184694167226553 
vn -0.9244976043701172 0.0037768674083054066 -0.3811691105365753 
vn -0.7078686952590942 0.0037756471429020166 -0.7063339352607727 
vn -0.3831879794597626 -7.925212949008026e-14 -0.9236704111099243 
vn -2.0682311115474694e-13 0 -1 
vn 0.3831879794597626 0 -0.9236704111099243 
vn 0.7078787684440613 0 -0.7063339352607727 
vn 0.924505352973938 0 -0.3811691105365753 
vn 0.999997615814209 0 0.002184694167226553 
vn 0.924505352973938 0 0.3811691105365753 
vn 0.7078787684440613 0 0.7063339352607727 
vn 0.3831879794597626 0 0.9236704111099243 
vn 0 0 1 
vn -0.3831879794597626 -7.925212949008026e-14 0.9236704111099243 
vn -0.999997615814209 -2.0682260971124217e-13 0.002184694167226553 
vn -0.9244976043701172 0.0037768674083054066 -0.3811691105365753 
vn -0.7078686952590942 0.0037756471429020166 -0.7063339352607727 
vn -0.3831879794597626 -7.925212949008026e-14 -0.9236704111099243 
vn -2.0682311115474694e-13 0 -1 
vn 0.3831879794597626 0 -0.9236704111099243 
vn 0.7078787684440613 0 -0.7063339352607727 
vn 0.924505352973938 0 -0.3811691105365753 
vn 0.999997615814209 0 0.002184694167226553 
vn 0.924505352973938 0 0.3811691105365753 
vn 0.7078787684440613 0 0.7063339352607727 
vn 0.3831879794597626 0 0.9236704111099243 
vn 0 0 1 
vn -0.3831879794597626 -7.925212949008026e-14 0.9236704111099243 
vn -0.3831879794597626 -7.925212949008026e-14 0.9236704111099243 
vn -0.3831879794597626 -7.925212949008026e-14 0.9236704111099243 
vn 0 0 1 
vn 0 0 1 
vn 0.3831879794597626 0 0.9236704111099243 
vn 0.3831879794597626 0 0.9236704111099243 
vn 0.7078787684440613 0 0.7063339352607727 
vn 0.7078787684440613 0 0.7063339352607727 
vn 0.924505352973938 0 0.3811691105365753 
vn 0.924505352973938 0 0.3811691105365753 
vn 0.999997615814209 0 0.002184694167226553 
vn 0.999997615814209 0 0.002184694167226553 
vn 0.924505352973938 0 -0.3811691105365753 
vn 0.924505352973938 0 -0.3811691105365753 
vn 0.7078787684440613 0 -0.7063339352607727 
vn 0.7078787684440613 0 -0.7063339352607727 
vn 0.3831879794597626 0 -0.9236704111099243 
vn 0.3831879794597626 0 -0.9236704111099243 
vn -2.0682311115474694e-13 0 -1 
vn -2.0682311115474694e-13 0 -1 
vn -0.3831879794597626 -7.925212949008026e-14 -0.9236704111099243 
vn -0.3831879794597626 -7.925212949008026e-14 -0.9236704111099243 
vn -0.7078686952590942 0.0037756471429020166 -0.7063339352607727 
vn -0.7078686952590942 0.0037756471429020166 -0.7063339352607727 
vn -0.9244976043701172 0.0037768674083054066 -0.3811691105365753 
vn -0.9244976043701172 0.0037768674083054066 -0.3811691105365753 
vn -0.999997615814209 -2.0682260971124217e-13 0.002184694167226553 
vn -0.999997615814209 -2.0682260971124217e-13 0.002184694167226553 
vn -0.924505352973938 -1.9120906843538704e-13 0.3811691105365753 
vn -0.924505352973938 -1.9120906843538704e-13 0.3811691105365753 
vn -0.7078787684440613 -1.4640568759497624e-13 0.7063339352607727 
vn -0.7078787684440613 -1.4640568759497624e-13 0.7063339352607727 
vn -0.6962394714355469 -0.1716076284646988 0.6969945430755615 
vn -0.3782057762145996 -0.17140580713748932 0.9097144603729248 
vn -0.5636292695999146 -0.6022982001304626 0.5652954578399658 
vn -0.3050408959388733 -0.6036555171012878 0.736579954624176 
vn -0.10738389194011688 -0.9879806041717529 0.1111890971660614 
vn -0.06035032123327255 -0.9880928993225098 0.1415284425020218 
vn 3.097898456858039e-13 -0.999997615814209 0.002184694167226553 
vn 3.097898456858039e-13 -0.999997615814209 -0.002184694167226553 
vn 3.097898456858039e-13 -0.999997615814209 -0.002184694167226553 
vn 3.097898456858039e-13 -0.999997615814209 -0.002184694167226553 
vn 0.04525691270828247 -0.9981130957603455 -0.04149730131030083 
vn 0.020755073055624962 -0.998045027256012 -0.058952588587999344 
vn 0.3791157603263855 -0.8450131416320801 -0.37712597846984863 
vn 0.2038998007774353 -0.8424281477928162 -0.4987381398677826 
vn -0.003751524491235614 -0.16954125463962555 0.9855159521102905 
vn 0.3797420859336853 -0.16797471046447754 0.9097144603729248 
vn 0.6962394714355469 -0.1716076284646988 0.6969945430755615 
vn 0.9099404215812683 -0.1725815385580063 0.37712597846984863 
vn 0.9849507808685303 -0.17282135784626007 0.002184694167226553 
vn 0.9099404215812683 -0.1725815385580063 -0.37712597846984863 
vn 0.696100115776062 -0.1721721738576889 -0.6969945430755615 
vn 0.3793354630470276 -0.1688910275697708 -0.9097144603729248 
vn 0.001889180624857545 -0.16957223415374756 -0.9855159521102905 
vn -0.37778180837631226 -0.17233823239803314 -0.9097144603729248 
vn -0.696100115776062 -0.1721721738576889 -0.6969945430755615 
vn -0.9106361269950867 -0.1688723862171173 -0.37712597846984863 
vn -0.9849507808685303 -0.17282135784626007 0.002184694167226553 
vn -0.9106361269950867 -0.1688723862171173 0.37712597846984863 
vn -0.0037707132287323475 -0.6025202870368958 0.7980946898460388 
vn 0.3050408959388733 -0.6036555171012878 0.736579954624176 
vn 0.5608691573143005 -0.6048693060874939 0.5652954578399658 
vn 0.7353501319885254 -0.6060807704925537 0.30319350957870483 
vn 0.7964062690734863 -0.604758083820343 -0.002184694167226553 
vn 0.7353501319885254 -0.6060807704925537 -0.30319350957870483 
vn 0.5656656622886658 -0.6003860831260681 -0.5652954578399658 
vn 0.3026692569255829 -0.6048481464385986 -0.736579954624176 
vn 0.0018891289364546537 -0.6025291085243225 -0.7980946898460388 
vn -0.3026692569255829 -0.6048481464385986 -0.736579954624176 
vn -0.5656656622886658 -0.6003860831260681 -0.5652954578399658 
vn -0.737745463848114 -0.6031627655029297 -0.30319350957870483 
vn -0.7964062690734863 -0.604758083820343 0.002184694167226553 
vn -0.737745463848114 -0.6031627655029297 0.30319350957870483 
vn 0.003775994060561061 -0.9879868030548096 0.15449213981628418 
vn 0.06035032123327255 -0.9880928993225098 0.1415284425020218 
vn 0.11113623529672623 -0.9875655770301819 0.1111890971660614 
vn 0.14104847609996796 -0.9882459044456482 0.058952588587999344 
vn 0.15792569518089294 -0.9874485731124878 -0.002184694167226553 
vn 0.14104847609996796 -0.9882459044456482 -0.058952588587999344 
vn 0.11113623529672623 -0.9875655770301819 -0.1111890971660614 
vn 0.06035032123327255 -0.9880928993225098 -0.1415284425020218 
vn -0.003775994060561061 -0.9879868030548096 -0.15449213981628418 
vn -0.06035032123327255 -0.9880928993225098 -0.1415284425020218 
vn -0.10738389194011688 -0.9879806041717529 -0.1111890971660614 
vn -0.14478351175785065 -0.9877055883407593 -0.058952588587999344 
vn -0.15792569518089294 -0.9874485731124878 0.002184694167226553 
vn -0.14478351175785065 -0.9877055883407593 0.058952588587999344 
vn 3.097898456858039e-13 -0.999997615814209 -0.002184694167226553 
vn 3.097898456858039e-13 -0.999997615814209 -0.002184694167226553 
vn 3.097898456858039e-13 -0.999997615814209 0.002184694167226553 
vn 3.097898456858039e-13 -0.999997615814209 0.002184694167226553 
vn 3.097898456858039e-13 -0.999997615814209 0.002184694167226553 
vn 3.097898456858039e-13 -0.999997615814209 0.002184694167226553 
vn 3.097898456858039e-13 -0.999997615814209 0.002184694167226553 
vn 3.097898456858039e-13 -0.999997615814209 0.002184694167226553 
vn 3.097898456858039e-13 -0.999997615814209 -0.002184694167226553 
vn 3.097898456858039e-13 -0.999997615814209 -0.002184694167226553 
vn 3.097898456858039e-13 -0.999997615814209 -0.002184694167226553 
vn 3.097898456858039e-13 -0.999997615814209 -0.002184694167226553 
vn 3.097898456858039e-13 -0.999997615814209 0.002184694167226553 
vn 3.097898456858039e-13 -0.999997615814209 0.002184694167226553 
vn 3.097898456858039e-13 -0.999997615814209 0.002184694167226553 
vn 3.097898456858039e-13 -0.999997615814209 0.002184694167226553 
vn 3.097898456858039e-13 -0.999997615814209 0.002184694167226553 
vn 3.097898456858039e-13 -0.999997615814209 0.002184694167226553 
vn 3.097898456858039e-13 -0.999997615814209 0.002184694167226553 
vn 3.097898456858039e-13 -0.999997615814209 -0.002184694167226553 
vn 3.097898456858039e-13 -0.999997615814209 0.002184694167226553 
vn 3.097898456858039e-13 -0.999997615814209 0.002184694167226553 
vn 3.097898456858039e-13 -0.999997615814209 0.002184694167226553 
vn 3.097898456858039e-13 -0.999997615814209 -0.002184694167226553 
vn 3.097898456858039e-13 -0.999997615814209 -0.002184694167226553 
vn 3.097898456858039e-13 -0.999997615814209 -0.002184694167226553 
vn 3.097898456858039e-13 -0.999997615814209 -0.002184694167226553 
vn 3.097898456858039e-13 -0.999997615814209 0.002184694167226553 
vn 0.06036106497049332 -0.9978873133659363 -0.024029340595006943 
vn 0.5001311302185059 -0.8410757184028625 -0.2060592919588089 
vn -0.0018869596533477306 -0.9982590079307556 -0.058952588587999344 
vn -0.0245280209928751 -0.9979593753814697 -0.058952588587999344 
vn -0.04525691270828247 -0.9981130957603455 -0.04149730131030083 
vn -0.06036106497049332 -0.9978873133659363 -0.024029340595006943 
vn -0.06037835404276848 -0.998173177242279 0.002184694167226553 
vn -0.06036106497049332 -0.9978873133659363 0.024029340595006943 
vn -0.04525691270828247 -0.9981130957603455 0.04149730131030083 
vn -0.0245280209928751 -0.9979593753814697 0.058952588587999344 
vn -0.0018869596533477306 -0.9982590079307556 0.058952588587999344 
vn 0.020755073055624962 -0.998045027256012 0.058952588587999344 
vn 0.04525691270828247 -0.9981130957603455 0.04149730131030083 
vn 0.06036106497049332 -0.9978873133659363 0.024029340595006943 
vn 0.06037835404276848 -0.998173177242279 -0.002184694167226553 
vn 0.003777687903493643 -0.844132125377655 -0.5361219048500061 
vn -0.20756854116916656 -0.8415316939353943 -0.4987381398677826 
vn -0.3756694495677948 -0.8465509414672852 -0.37712597846984863 
vn -0.5001311302185059 -0.8410757184028625 -0.2060592919588089 
vn -0.5365904569625854 -0.8438400030136108 -0.002184694167226553 
vn -0.497954785823822 -0.8423660397529602 0.2060592919588089 
vn -0.3756694495677948 -0.8465509414672852 0.37712597846984863 
vn -0.20545516908168793 -0.8420501351356506 0.4987381398677826 
vn -0.0018861618591472507 -0.8441384434700012 0.5361219048500061 
vn 0.20545516908168793 -0.8420501351356506 0.4987381398677826 
vn 0.3791157603263855 -0.8450131416320801 0.37712597846984863 
vn 0.494704008102417 -0.8442792892456055 0.2060592919588089 
vn 0.5365904569625854 -0.8438400030136108 0.002184694167226553 
vn -0.3831879794597626 -7.925212949008026e-14 0.9236704111099243 
vn -0.7078787684440613 -1.4640568759497624e-13 0.7063339352607727 
vn -0.3831879794597626 -7.925212949008026e-14 0.9236704111099243 
vn -0.7078787684440613 -1.4640568759497624e-13 0.7063339352607727 
vn -0.6962394714355469 -0.1716076284646988 0.6969945430755615 
vn -0.9106361269950867 -0.1688723862171173 0.37712597846984863 
vn -0.737745463848114 -0.6031627655029297 0.30319350957870483 
vn -0.7964062690734863 -0.604758083820343 0.002184694167226553 
vn -0.15792569518089294 -0.9874485731124878 0.002184694167226553 
vn -0.14478351175785065 -0.9877055883407593 -0.058952588587999344 
vn 3.097898456858039e-13 -0.999997615814209 -0.002184694167226553 
vn 3.097898456858039e-13 -0.999997615814209 -0.002184694167226553 
vn 3.097898456858039e-13 -0.999997615814209 -0.002184694167226553 
vn 3.097898456858039e-13 -0.999997615814209 -0.002184694167226553 
vn 0.020755073055624962 -0.998045027256012 0.058952588587999344 
vn -0.0018869596533477306 -0.9982590079307556 0.058952588587999344 
vn -0.0018861618591472507 -0.8441384434700012 0.5361219048500061 
vn -0.20545516908168793 -0.8420501351356506 0.4987381398677826 
vn 0.20545516908168793 -0.8420501351356506 0.4987381398677826 
vn 0.04525691270828247 -0.9981130957603455 0.04149730131030083 
vn 3.097898456858039e-13 -0.999997615814209 -0.002184694167226553 
vn 3.097898456858039e-13 -0.999997615814209 0.002184694167226553 
vn -0.14478351175785065 -0.9877055883407593 0.058952588587999344 
vn -0.5636292695999146 -0.6022982001304626 0.5652954578399658 
vn -0.3782057762145996 -0.17140580713748932 0.9097144603729248 
vn 0 0 1 
vn 0 0 1 
vn 0.3831879794597626 0 0.9236704111099243 
vn 0.3791157603263855 -0.8450131416320801 0.37712597846984863 
vn 0.06036106497049332 -0.9978873133659363 0.024029340595006943 
vn 3.097898456858039e-13 -0.999997615814209 -0.002184694167226553 
vn 3.097898456858039e-13 -0.999997615814209 0.002184694167226553 
vn -0.10738389194011688 -0.9879806041717529 0.1111890971660614 
vn -0.3050408959388733 -0.6036555171012878 0.736579954624176 
vn -0.003751524491235614 -0.16954125463962555 0.9855159521102905 
vn 0.3831879794597626 0 0.9236704111099243 
vn 0.7078787684440613 0 0.7063339352607727 
vn 3.097898456858039e-13 -0.999997615814209 0.002184694167226553 
vn -0.06035032123327255 -0.9880928993225098 0.1415284425020218 
vn -0.0037707132287323475 -0.6025202870368958 0.7980946898460388 
vn 0.3797420859336853 -0.16797471046447754 0.9097144603729248 
vn 0.7078787684440613 0 0.7063339352607727 
vn 0.924505352973938 0 0.3811691105365753 
vn 3.097898456858039e-13 -0.999997615814209 -0.002184694167226553 
vn 3.097898456858039e-13 -0.999997615814209 -0.002184694167226553 
vn 0.003775994060561061 -0.9879868030548096 0.15449213981628418 
vn 0.3050408959388733 -0.6036555171012878 0.736579954624176 
vn 0.6962394714355469 -0.1716076284646988 0.6969945430755615 
vn 0.924505352973938 0 0.3811691105365753 
vn 0.999997615814209 0 0.002184694167226553 
vn 3.097898456858039e-13 -0.999997615814209 -0.002184694167226553 
vn 3.097898456858039e-13 -0.999997615814209 -0.002184694167226553 
vn 0.06035032123327255 -0.9880928993225098 0.1415284425020218 
vn 0.5608691573143005 -0.6048693060874939 0.5652954578399658 
vn 0.9099404215812683 -0.1725815385580063 0.37712597846984863 
vn 0.999997615814209 0 0.002184694167226553 
vn 0.924505352973938 0 -0.3811691105365753 
vn 3.097898456858039e-13 -0.999997615814209 0.002184694167226553 
vn 3.097898456858039e-13 -0.999997615814209 -0.002184694167226553 
vn 0.11113623529672623 -0.9875655770301819 0.1111890971660614 
vn 0.7353501319885254 -0.6060807704925537 0.30319350957870483 
vn 0.9849507808685303 -0.17282135784626007 0.002184694167226553 
vn 0.924505352973938 0 -0.3811691105365753 
vn 0.7078787684440613 0 -0.7063339352607727 
vn 3.097898456858039e-13 -0.999997615814209 0.002184694167226553 
vn 3.097898456858039e-13 -0.999997615814209 0.002184694167226553 
vn 0.14104847609996796 -0.9882459044456482 0.058952588587999344 
vn 0.7964062690734863 -0.604758083820343 -0.002184694167226553 
vn 0.9099404215812683 -0.1725815385580063 -0.37712597846984863 
vn 0.7078787684440613 0 -0.7063339352607727 
vn 0.3831879794597626 0 -0.9236704111099243 
vn 3.097898456858039e-13 -0.999997615814209 0.002184694167226553 
vn 3.097898456858039e-13 -0.999997615814209 0.002184694167226553 
vn 0.15792569518089294 -0.9874485731124878 -0.002184694167226553 
vn 0.7353501319885254 -0.6060807704925537 -0.30319350957870483 
vn 0.696100115776062 -0.1721721738576889 -0.6969945430755615 
vn 0.3831879794597626 0 -0.9236704111099243 
vn -2.0682311115474694e-13 0 -1 
vn 3.097898456858039e-13 -0.999997615814209 0.002184694167226553 
vn 3.097898456858039e-13 -0.999997615814209 0.002184694167226553 
vn 0.14104847609996796 -0.9882459044456482 -0.058952588587999344 
vn 0.5656656622886658 -0.6003860831260681 -0.5652954578399658 
vn 0.3793354630470276 -0.1688910275697708 -0.9097144603729248 
vn -2.0682311115474694e-13 0 -1 
vn -0.3831879794597626 -7.925212949008026e-14 -0.9236704111099243 
vn 3.097898456858039e-13 -0.999997615814209 0.002184694167226553 
vn 3.097898456858039e-13 -0.999997615814209 0.002184694167226553 
vn 0.11113623529672623 -0.9875655770301819 -0.1111890971660614 
vn 0.3026692569255829 -0.6048481464385986 -0.736579954624176 
vn 0.001889180624857545 -0.16957223415374756 -0.9855159521102905 
vn -0.3831879794597626 -7.925212949008026e-14 -0.9236704111099243 
vn -0.7078686952590942 0.0037756471429020166 -0.7063339352607727 
vn 3.097898456858039e-13 -0.999997615814209 -0.002184694167226553 
vn 3.097898456858039e-13 -0.999997615814209 0.002184694167226553 
vn 0.06035032123327255 -0.9880928993225098 -0.1415284425020218 
vn 0.0018891289364546537 -0.6025291085243225 -0.7980946898460388 
vn -0.37778180837631226 -0.17233823239803314 -0.9097144603729248 
vn -0.7078686952590942 0.0037756471429020166 -0.7063339352607727 
vn -0.9244976043701172 0.0037768674083054066 -0.3811691105365753 
vn 3.097898456858039e-13 -0.999997615814209 0.002184694167226553 
vn 3.097898456858039e-13 -0.999997615814209 0.002184694167226553 
vn -0.003775994060561061 -0.9879868030548096 -0.15449213981628418 
vn -0.3026692569255829 -0.6048481464385986 -0.736579954624176 
vn -0.696100115776062 -0.1721721738576889 -0.6969945430755615 
vn -0.9244976043701172 0.0037768674083054066 -0.3811691105365753 
vn -0.999997615814209 -2.0682260971124217e-13 0.002184694167226553 
vn 3.097898456858039e-13 -0.999997615814209 0.002184694167226553 
vn 3.097898456858039e-13 -0.999997615814209 -0.002184694167226553 
vn -0.06035032123327255 -0.9880928993225098 -0.1415284425020218 
vn -0.5656656622886658 -0.6003860831260681 -0.5652954578399658 
vn -0.9106361269950867 -0.1688723862171173 -0.37712597846984863 
vn -0.999997615814209 -2.0682260971124217e-13 0.002184694167226553 
vn -0.924505352973938 -1.9120906843538704e-13 0.3811691105365753 
vn 3.097898456858039e-13 -0.999997615814209 0.002184694167226553 
vn 3.097898456858039e-13 -0.999997615814209 -0.002184694167226553 
vn -0.10738389194011688 -0.9879806041717529 -0.1111890971660614 
vn -0.737745463848114 -0.6031627655029297 -0.30319350957870483 
vn -0.9849507808685303 -0.17282135784626007 0.002184694167226553 
vn -0.924505352973938 -1.9120906843538704e-13 0.3811691105365753 
vn -0.0245280209928751 -0.9979593753814697 0.058952588587999344 
vn -0.3756694495677948 -0.8465509414672852 0.37712597846984863 
vn -0.04525691270828247 -0.9981130957603455 0.04149730131030083 
vn -0.497954785823822 -0.8423660397529602 0.2060592919588089 
vn -0.06036106497049332 -0.9978873133659363 0.024029340595006943 
vn -0.5365904569625854 -0.8438400030136108 -0.002184694167226553 
vn -0.06037835404276848 -0.998173177242279 0.002184694167226553 
vn -0.5001311302185059 -0.8410757184028625 -0.2060592919588089 
vn -0.06036106497049332 -0.9978873133659363 -0.024029340595006943 
vn -0.3756694495677948 -0.8465509414672852 -0.37712597846984863 
vn -0.04525691270828247 -0.9981130957603455 -0.04149730131030083 
vn -0.20756854116916656 -0.8415316939353943 -0.4987381398677826 
vn -0.0245280209928751 -0.9979593753814697 -0.058952588587999344 
vn 0.003777687903493643 -0.844132125377655 -0.5361219048500061 
vn -0.0018869596533477306 -0.9982590079307556 -0.058952588587999344 
vn 0.2038998007774353 -0.8424281477928162 -0.4987381398677826 
vn 0.020755073055624962 -0.998045027256012 -0.058952588587999344 
vn 0.3791157603263855 -0.8450131416320801 -0.37712597846984863 
vn 0.04525691270828247 -0.9981130957603455 -0.04149730131030083 
vn 0.5001311302185059 -0.8410757184028625 -0.2060592919588089 
vn 0.06036106497049332 -0.9978873133659363 -0.024029340595006943 
vn 3.097898456858039e-13 -0.999997615814209 0.002184694167226553 
vn 0.5365904569625854 -0.8438400030136108 0.002184694167226553 
vn 0.06037835404276848 -0.998173177242279 -0.002184694167226553 
vn 0.494704008102417 -0.8442792892456055 0.2060592919588089 
vn 0.3831879794597626 0 0.9236704111099243 
vn 0.3831879794597626 0 0.9236704111099243 
vn 0.7078787684440613 0 0.7063339352607727 
vn 0.7078787684440613 0 0.7063339352607727 
vn 0.924505352973938 0 0.3811691105365753 
vn 0.924505352973938 0 0.3811691105365753 
vn 0.999997615814209 0 0.002184694167226553 
vn 0.999997615814209 0 0.002184694167226553 
vn 0.924505352973938 0 -0.3811691105365753 
vn 0.924505352973938 0 -0.3811691105365753 
vn 0.7078787684440613 0 -0.7063339352607727 
vn 0.7078787684440613 0 -0.7063339352607727 
vn 0.3831879794597626 0 -0.9236704111099243 
vn 0.3831879794597626 0 -0.9236704111099243 
vn -2.0682311115474694e-13 0 -1 
vn -2.0682311115474694e-13 0 -1 
vn -0.3831879794597626 -7.925212949008026e-14 -0.9236704111099243 
vn -0.3831879794597626 -7.925212949008026e-14 -0.9236704111099243 
vn -0.7078686952590942 0.0037756471429020166 -0.7063339352607727 
vn -0.7078686952590942 0.0037756471429020166 -0.7063339352607727 
vn -0.9244976043701172 0.0037768674083054066 -0.3811691105365753 
vn -0.9244976043701172 0.0037768674083054066 -0.3811691105365753 
vn -0.999997615814209 -2.0682260971124217e-13 0.002184694167226553 
vn -0.999997615814209 -2.0682260971124217e-13 0.002184694167226553 
vn -0.924505352973938 -1.9120906843538704e-13 0.3811691105365753 
vn -0.924505352973938 -1.9120906843538704e-13 0.3811691105365753 
vn -0.7078787684440613 -1.4640568759497624e-13 0.7063339352607727 
vn -0.7078787684440613 -1.4640568759497624e-13 0.7063339352607727 
vn -0.3831879794597626 -7.925212949008026e-14 0.9236704111099243 
vn -0.6962394714355469 -0.1716076284646988 0.6969945430755615 
vn -0.3782057762145996 -0.17140580713748932 0.9097144603729248 
vn -0.5636292695999146 -0.6022982001304626 0.5652954578399658 
vn -0.3050408959388733 -0.6036555171012878 0.736579954624176 
vn -0.10738389194011688 -0.9879806041717529 0.1111890971660614 
vn -0.06035032123327255 -0.9880928993225098 0.1415284425020218 
vn 3.097898456858039e-13 -0.999997615814209 0.002184694167226553 
vn 3.097898456858039e-13 -0.999997615814209 -0.002184694167226553 
vn 3.097898456858039e-13 -0.999997615814209 -0.002184694167226553 
vn 3.097898456858039e-13 -0.999997615814209 -0.002184694167226553 
vn 0.04525691270828247 -0.9981130957603455 -0.04149730131030083 
vn 0.020755073055624962 -0.998045027256012 -0.058952588587999344 
vn 0.3791157603263855 -0.8450131416320801 -0.37712597846984863 
vn 0.2038998007774353 -0.8424281477928162 -0.4987381398677826 
vn 0 0 1 
vn -0.003751524491235614 -0.16954125463962555 0.9855159521102905 
vn 0.3797420859336853 -0.16797471046447754 0.9097144603729248 
vn 0.6962394714355469 -0.1716076284646988 0.6969945430755615 
vn 0.9099404215812683 -0.1725815385580063 0.37712597846984863 
vn 0.9849507808685303 -0.17282135784626007 0.002184694167226553 
vn 0.9099404215812683 -0.1725815385580063 -0.37712597846984863 
vn 0.696100115776062 -0.1721721738576889 -0.6969945430755615 
vn 0.3793354630470276 -0.1688910275697708 -0.9097144603729248 
vn 0.001889180624857545 -0.16957223415374756 -0.9855159521102905 
vn -0.37778180837631226 -0.17233823239803314 -0.9097144603729248 
vn -0.696100115776062 -0.1721721738576889 -0.6969945430755615 
vn -0.9106361269950867 -0.1688723862171173 -0.37712597846984863 
vn -0.9849507808685303 -0.17282135784626007 0.002184694167226553 
vn -0.9106361269950867 -0.1688723862171173 0.37712597846984863 
vn -0.0037707132287323475 -0.6025202870368958 0.7980946898460388 
vn 0.3050408959388733 -0.6036555171012878 0.736579954624176 
vn 0.5608691573143005 -0.6048693060874939 0.5652954578399658 
vn 0.7353501319885254 -0.6060807704925537 0.30319350957870483 
vn 0.7964062690734863 -0.604758083820343 -0.002184694167226553 
vn 0.7353501319885254 -0.6060807704925537 -0.30319350957870483 
vn 0.5656656622886658 -0.6003860831260681 -0.5652954578399658 
vn 0.3026692569255829 -0.6048481464385986 -0.736579954624176 
vn 0.0018891289364546537 -0.6025291085243225 -0.7980946898460388 
vn -0.3026692569255829 -0.6048481464385986 -0.736579954624176 
vn -0.5656656622886658 -0.6003860831260681 -0.5652954578399658 
vn -0.737745463848114 -0.6031627655029297 -0.30319350957870483 
vn -0.7964062690734863 -0.604758083820343 0.002184694167226553 
vn -0.737745463848114 -0.6031627655029297 0.30319350957870483 
vn 0.003775994060561061 -0.9879868030548096 0.15449213981628418 
vn 0.06035032123327255 -0.9880928993225098 0.1415284425020218 
vn 0.11113623529672623 -0.9875655770301819 0.1111890971660614 
vn 0.14104847609996796 -0.9882459044456482 0.058952588587999344 
vn 0.15792569518089294 -0.9874485731124878 -0.002184694167226553 
vn 0.14104847609996796 -0.9882459044456482 -0.058952588587999344 
vn 0.11113623529672623 -0.9875655770301819 -0.1111890971660614 
vn 0.06035032123327255 -0.9880928993225098 -0.1415284425020218 
vn -0.003775994060561061 -0.9879868030548096 -0.15449213981628418 
vn -0.06035032123327255 -0.9880928993225098 -0.1415284425020218 
vn -0.10738389194011688 -0.9879806041717529 -0.1111890971660614 
vn -0.14478351175785065 -0.9877055883407593 -0.058952588587999344 
vn -0.15792569518089294 -0.9874485731124878 0.002184694167226553 
vn -0.14478351175785065 -0.9877055883407593 0.058952588587999344 
vn 3.097898456858039e-13 -0.999997615814209 -0.002184694167226553 
vn 3.097898456858039e-13 -0.999997615814209 -0.002184694167226553 
vn 3.097898456858039e-13 -0.999997615814209 0.002184694167226553 
vn 3.097898456858039e-13 -0.999997615814209 0.002184694167226553 
vn 3.097898456858039e-13 -0.999997615814209 0.002184694167226553 
vn 3.097898456858039e-13 -0.999997615814209 0.002184694167226553 
vn 3.097898456858039e-13 -0.999997615814209 0.002184694167226553 
vn 3.097898456858039e-13 -0.999997615814209 0.002184694167226553 
vn 3.097898456858039e-13 -0.999997615814209 -0.002184694167226553 
vn 3.097898456858039e-13 -0.999997615814209 -0.002184694167226553 
vn 3.097898456858039e-13 -0.999997615814209 -0.002184694167226553 
vn 3.097898456858039e-13 -0.999997615814209 -0.002184694167226553 
vn 3.097898456858039e-13 -0.999997615814209 0.002184694167226553 
vn 3.097898456858039e-13 -0.999997615814209 0.002184694167226553 
vn 3.097898456858039e-13 -0.999997615814209 0.002184694167226553 
vn 3.097898456858039e-13 -0.999997615814209 0.002184694167226553 
vn 3.097898456858039e-13 -0.999997615814209 0.002184694167226553 
vn 3.097898456858039e-13 -0.999997615814209 0.002184694167226553 
vn 3.097898456858039e-13 -0.999997615814209 0.002184694167226553 
vn 3.097898456858039e-13 -0.999997615814209 -0.002184694167226553 
vn 3.097898456858039e-13 -0.999997615814209 0.002184694167226553 
vn 3.097898456858039e-13 -0.999997615814209 0.002184694167226553 
vn 3.097898456858039e-13 -0.999997615814209 0.002184694167226553 
vn 3.097898456858039e-13 -0.999997615814209 -0.002184694167226553 
vn 3.097898456858039e-13 -0.999997615814209 -0.002184694167226553 
vn 3.097898456858039e-13 -0.999997615814209 -0.002184694167226553 
vn 3.097898456858039e-13 -0.999997615814209 -0.002184694167226553 
vn 3.097898456858039e-13 -0.999997615814209 0.002184694167226553 
vn 0.06036106497049332 -0.9978873133659363 -0.024029340595006943 
vn 0.5001311302185059 -0.8410757184028625 -0.2060592919588089 
vn -0.0018869596533477306 -0.9982590079307556 -0.058952588587999344 
vn -0.0245280209928751 -0.9979593753814697 -0.058952588587999344 
vn -0.04525691270828247 -0.9981130957603455 -0.04149730131030083 
vn -0.06036106497049332 -0.9978873133659363 -0.024029340595006943 
vn -0.06037835404276848 -0.998173177242279 0.002184694167226553 
vn -0.06036106497049332 -0.9978873133659363 0.024029340595006943 
vn -0.04525691270828247 -0.9981130957603455 0.04149730131030083 
vn -0.0245280209928751 -0.9979593753814697 0.058952588587999344 
vn -0.0018869596533477306 -0.9982590079307556 0.058952588587999344 
vn 0.020755073055624962 -0.998045027256012 0.058952588587999344 
vn 0.04525691270828247 -0.9981130957603455 0.04149730131030083 
vn 0.06036106497049332 -0.9978873133659363 0.024029340595006943 
vn 0.06037835404276848 -0.998173177242279 -0.002184694167226553 
vn 0.003777687903493643 -0.844132125377655 -0.5361219048500061 
vn -0.20756854116916656 -0.8415316939353943 -0.4987381398677826 
vn -0.3756694495677948 -0.8465509414672852 -0.37712597846984863 
vn -0.5001311302185059 -0.8410757184028625 -0.2060592919588089 
vn -0.5365904569625854 -0.8438400030136108 -0.002184694167226553 
vn -0.497954785823822 -0.8423660397529602 0.2060592919588089 
vn -0.3756694495677948 -0.8465509414672852 0.37712597846984863 
vn -0.20545516908168793 -0.8420501351356506 0.4987381398677826 
vn -0.0018861618591472507 -0.8441384434700012 0.5361219048500061 
vn 0.20545516908168793 -0.8420501351356506 0.4987381398677826 
vn 0.3791157603263855 -0.8450131416320801 0.37712597846984863 
vn 0.494704008102417 -0.8442792892456055 0.2060592919588089 
vn 0.5365904569625854 -0.8438400030136108 0.002184694167226553 
vn -0.3831879794597626 -7.925212949008026e-14 0.9236704111099243 
vn 0 0 1 
vn -0.20545516908168793 -0.8420501351356506 0.4987381398677826 
vn -0.0245280209928751 -0.9979593753814697 0.058952588587999344 
vn -0.3756694495677948 -0.8465509414672852 0.37712597846984863 
vn -0.04525691270828247 -0.9981130957603455 0.04149730131030083 
vn -0.497954785823822 -0.8423660397529602 0.2060592919588089 
vn -0.06036106497049332 -0.9978873133659363 0.024029340595006943 
vn -0.5365904569625854 -0.8438400030136108 -0.002184694167226553 
vn -0.06037835404276848 -0.998173177242279 0.002184694167226553 
vn -0.5001311302185059 -0.8410757184028625 -0.2060592919588089 
vn -0.06036106497049332 -0.9978873133659363 -0.024029340595006943 
vn -0.3756694495677948 -0.8465509414672852 -0.37712597846984863 
vn -0.04525691270828247 -0.9981130957603455 -0.04149730131030083 
vn -0.20756854116916656 -0.8415316939353943 -0.4987381398677826 
vn -0.0245280209928751 -0.9979593753814697 -0.058952588587999344 
vn 0.003777687903493643 -0.844132125377655 -0.5361219048500061 
vn -0.0018869596533477306 -0.9982590079307556 -0.058952588587999344 
vn 0.2038998007774353 -0.8424281477928162 -0.4987381398677826 
vn 0.020755073055624962 -0.998045027256012 -0.058952588587999344 
vn 0.3791157603263855 -0.8450131416320801 -0.37712597846984863 
vn 0.04525691270828247 -0.9981130957603455 -0.04149730131030083 
vn 0.5001311302185059 -0.8410757184028625 -0.2060592919588089 
vn 0.06036106497049332 -0.9978873133659363 -0.024029340595006943 
vn 0.5365904569625854 -0.8438400030136108 0.002184694167226553 
vn 0.06037835404276848 -0.998173177242279 -0.002184694167226553 
vn 0.494704008102417 -0.8442792892456055 0.2060592919588089 
vn 0.06036106497049332 -0.9978873133659363 0.024029340595006943 
vn 0.3791157603263855 -0.8450131416320801 0.37712597846984863 
vn 0.04525691270828247 -0.9981130957603455 0.04149730131030083 
vn 0.20545516908168793 -0.8420501351356506 0.4987381398677826 
vn 0.020755073055624962 -0.998045027256012 0.058952588587999344 
vn -0.0018861618591472507 -0.8441384434700012 0.5361219048500061 
vn -0.0018869596533477306 -0.9982590079307556 0.058952588587999344 
vn 3.097898456858039e-13 -0.999997615814209 0.002184694167226553 
vn 3.097898456858039e-13 -0.999997615814209 0.002184694167226553 
vn 3.097898456858039e-13 -0.999997615814209 0.002184694167226553 
vn 3.097898456858039e-13 -0.999997615814209 -0.002184694167226553 
vn 3.097898456858039e-13 -0.999997615814209 0.002184694167226553 
vn 3.097898456858039e-13 -0.999997615814209 0.002184694167226553 
vn 3.097898456858039e-13 -0.999997615814209 0.002184694167226553 
vn 3.097898456858039e-13 -0.999997615814209 0.002184694167226553 
vn 3.097898456858039e-13 -0.999997615814209 0.002184694167226553 
vn 3.097898456858039e-13 -0.999997615814209 -0.002184694167226553 
vn 3.097898456858039e-13 -0.999997615814209 -0.002184694167226553 
vn 3.097898456858039e-13 -0.999997615814209 0.002184694167226553 
vn 3.097898456858039e-13 -0.999997615814209 -0.002184694167226553 
vn 3.097898456858039e-13 -0.999997615814209 -0.002184694167226553 
vn 3.097898456858039e-13 -0.999997615814209 -0.002184694167226553 
vn 3.097898456858039e-13 -0.999997615814209 -0.002184694167226553 
vn 3.097898456858039e-13 -0.999997615814209 0.002184694167226553 
vn 3.097898456858039e-13 -0.999997615814209 0.002184694167226553 
vn 3.097898456858039e-13 -0.999997615814209 -0.002184694167226553 
vn 3.097898456858039e-13 -0.999997615814209 -0.002184694167226553 
vn 3.097898456858039e-13 -0.999997615814209 -0.002184694167226553 
vn 3.097898456858039e-13 -0.999997615814209 -0.002184694167226553 
vn 3.097898456858039e-13 -0.999997615814209 0.002184694167226553 
vn 3.097898456858039e-13 -0.999997615814209 0.002184694167226553 
vn 3.097898456858039e-13 -0.999997615814209 0.002184694167226553 
vn 3.097898456858039e-13 -0.999997615814209 0.002184694167226553 
vn 3.097898456858039e-13 -0.999997615814209 0.002184694167226553 
vn 3.097898456858039e-13 -0.999997615814209 0.002184694167226553 
vn 3.097898456858039e-13 -0.999997615814209 -0.002184694167226553 
vn 3.097898456858039e-13 -0.999997615814209 -0.002184694167226553 
vn 3.097898456858039e-13 -0.999997615814209 -0.002184694167226553 
vn 3.097898456858039e-13 -0.999997615814209 0.002184694167226553 
vn -0.10738389194011688 -0.9879806041717529 0.1111890971660614 
vn -0.14478351175785065 -0.9877055883407593 0.058952588587999344 
vn -0.5636292695999146 -0.6022982001304626 0.5652954578399658 
vn -0.737745463848114 -0.6031627655029297 0.30319350957870483 
vn -0.6962394714355469 -0.1716076284646988 0.6969945430755615 
vn -0.9106361269950867 -0.1688723862171173 0.37712597846984863 
vn -0.7078787684440613 -1.4640568759497624e-13 0.7063339352607727 
vn -0.924505352973938 -1.9120906843538704e-13 0.3811691105365753 
vn -0.7078787684440613 -1.4640568759497624e-13 0.7063339352607727 
vn -0.924505352973938 -1.9120906843538704e-13 0.3811691105365753 
vn -0.15792569518089294 -0.9874485731124878 0.002184694167226553 
vn -0.14478351175785065 -0.9877055883407593 -0.058952588587999344 
vn -0.10738389194011688 -0.9879806041717529 -0.1111890971660614 
vn -0.06035032123327255 -0.9880928993225098 -0.1415284425020218 
vn -0.003775994060561061 -0.9879868030548096 -0.15449213981628418 
vn 0.06035032123327255 -0.9880928993225098 -0.1415284425020218 
vn 0.11113623529672623 -0.9875655770301819 -0.1111890971660614 
vn 0.14104847609996796 -0.9882459044456482 -0.058952588587999344 
vn 0.15792569518089294 -0.9874485731124878 -0.002184694167226553 
vn 0.14104847609996796 -0.9882459044456482 0.058952588587999344 
vn 0.11113623529672623 -0.9875655770301819 0.1111890971660614 
vn 0.06035032123327255 -0.9880928993225098 0.1415284425020218 
vn 0.003775994060561061 -0.9879868030548096 0.15449213981628418 
vn -0.06035032123327255 -0.9880928993225098 0.1415284425020218 
vn -0.7964062690734863 -0.604758083820343 0.002184694167226553 
vn -0.737745463848114 -0.6031627655029297 -0.30319350957870483 
vn -0.5656656622886658 -0.6003860831260681 -0.5652954578399658 
vn -0.3026692569255829 -0.6048481464385986 -0.736579954624176 
vn 0.0018891289364546537 -0.6025291085243225 -0.7980946898460388 
vn 0.3026692569255829 -0.6048481464385986 -0.736579954624176 
vn 0.5656656622886658 -0.6003860831260681 -0.5652954578399658 
vn 0.7353501319885254 -0.6060807704925537 -0.30319350957870483 
vn 0.7964062690734863 -0.604758083820343 -0.002184694167226553 
vn 0.7353501319885254 -0.6060807704925537 0.30319350957870483 
vn 0.5608691573143005 -0.6048693060874939 0.5652954578399658 
vn 0.3050408959388733 -0.6036555171012878 0.736579954624176 
vn -0.0037707132287323475 -0.6025202870368958 0.7980946898460388 
vn -0.3050408959388733 -0.6036555171012878 0.736579954624176 
vn -0.9849507808685303 -0.17282135784626007 0.002184694167226553 
vn -0.9106361269950867 -0.1688723862171173 -0.37712597846984863 
vn -0.696100115776062 -0.1721721738576889 -0.6969945430755615 
vn -0.37778180837631226 -0.17233823239803314 -0.9097144603729248 
vn 0.001889180624857545 -0.16957223415374756 -0.9855159521102905 
vn 0.3793354630470276 -0.1688910275697708 -0.9097144603729248 
vn 0.696100115776062 -0.1721721738576889 -0.6969945430755615 
vn 0.9099404215812683 -0.1725815385580063 -0.37712597846984863 
vn 0.9849507808685303 -0.17282135784626007 0.002184694167226553 
vn 0.9099404215812683 -0.1725815385580063 0.37712597846984863 
vn 0.6962394714355469 -0.1716076284646988 0.6969945430755615 
vn 0.3797420859336853 -0.16797471046447754 0.9097144603729248 
vn -0.003751524491235614 -0.16954125463962555 0.9855159521102905 
vn -0.3782057762145996 -0.17140580713748932 0.9097144603729248 
vn -0.999997615814209 -2.0682260971124217e-13 0.002184694167226553 
vn -0.9244976043701172 0.0037768674083054066 -0.3811691105365753 
vn -0.7078686952590942 0.0037756471429020166 -0.7063339352607727 
vn -0.3831879794597626 -7.925212949008026e-14 -0.9236704111099243 
vn -2.0682311115474694e-13 0 -1 
vn 0.3831879794597626 0 -0.9236704111099243 
vn 0.7078787684440613 0 -0.7063339352607727 
vn 0.924505352973938 0 -0.3811691105365753 
vn 0.999997615814209 0 0.002184694167226553 
vn 0.924505352973938 0 0.3811691105365753 
vn 0.7078787684440613 0 0.7063339352607727 
vn 0.3831879794597626 0 0.9236704111099243 
vn 0 0 1 
vn -0.3831879794597626 -7.925212949008026e-14 0.9236704111099243 
vn -0.999997615814209 -2.0682260971124217e-13 0.002184694167226553 
vn -0.9244976043701172 0.0037768674083054066 -0.3811691105365753 
vn -0.7078686952590942 0.0037756471429020166 -0.7063339352607727 
vn -0.3831879794597626 -7.925212949008026e-14 -0.9236704111099243 
vn -2.0682311115474694e-13 0 -1 
vn 0.3831879794597626 0 -0.9236704111099243 
vn 0.7078787684440613 0 -0.7063339352607727 
vn 0.924505352973938 0 -0.3811691105365753 
vn 0.999997615814209 0 0.002184694167226553 
vn 0.924505352973938 0 0.3811691105365753 
vn 0.7078787684440613 0 0.7063339352607727 
vn 0.3831879794597626 0 0.9236704111099243 
vn 0 0 1 
vn -0.3831879794597626 -7.925212949008026e-14 0.9236704111099243 
vn 0.5001311302185059 -0.8410757184028625 -0.2060592919588089 
vn 0.06036106497049332 -0.9978873133659363 -0.024029340595006943 
vn 0.5365904569625854 -0.8438400030136108 0.002184694167226553 
vn 0.06037835404276848 -0.998173177242279 -0.002184694167226553 
vn 0.494704008102417 -0.8442792892456055 0.2060592919588089 
vn 0.06036106497049332 -0.9978873133659363 0.024029340595006943 
vn 0.3791157603263855 -0.8450131416320801 0.37712597846984863 
vn 0.04525691270828247 -0.9981130957603455 0.04149730131030083 
vn 0.20545516908168793 -0.8420501351356506 0.4987381398677826 
vn 0.020755073055624962 -0.998045027256012 0.058952588587999344 
vn -0.0018861618591472507 -0.8441384434700012 0.5361219048500061 
vn -0.0018869596533477306 -0.9982590079307556 0.058952588587999344 
vn -0.20545516908168793 -0.8420501351356506 0.4987381398677826 
vn -0.0245280209928751 -0.9979593753814697 0.058952588587999344 
vn -0.3756694495677948 -0.8465509414672852 0.37712597846984863 
vn -0.04525691270828247 -0.9981130957603455 0.04149730131030083 
vn -0.497954785823822 -0.8423660397529602 0.2060592919588089 
vn -0.06036106497049332 -0.9978873133659363 0.024029340595006943 
vn -0.5365904569625854 -0.8438400030136108 -0.002184694167226553 
vn -0.06037835404276848 -0.998173177242279 0.002184694167226553 
vn -0.5001311302185059 -0.8410757184028625 -0.2060592919588089 
vn -0.06036106497049332 -0.9978873133659363 -0.024029340595006943 
vn -0.3756694495677948 -0.8465509414672852 -0.37712597846984863 
vn -0.04525691270828247 -0.9981130957603455 -0.04149730131030083 
vn -0.20756854116916656 -0.8415316939353943 -0.4987381398677826 
vn -0.0245280209928751 -0.9979593753814697 -0.058952588587999344 
vn 0.003777687903493643 -0.844132125377655 -0.5361219048500061 
vn -0.0018869596533477306 -0.9982590079307556 -0.058952588587999344 
vn 0.2038998007774353 -0.8424281477928162 -0.4987381398677826 
vn 0.020755073055624962 -0.998045027256012 -0.058952588587999344 
vn 0.3791157603263855 -0.8450131416320801 -0.37712597846984863 
vn 0.04525691270828247 -0.9981130957603455 -0.04149730131030083 
vn 3.097898456858039e-13 -0.999997615814209 -0.002184694167226553 
vn 3.097898456858039e-13 -0.999997615814209 0.002184694167226553 
vn 3.097898456858039e-13 -0.999997615814209 -0.002184694167226553 
vn 3.097898456858039e-13 -0.999997615814209 -0.002184694167226553 
vn 3.097898456858039e-13 -0.999997615814209 -0.002184694167226553 
vn 3.097898456858039e-13 -0.999997615814209 -0.002184694167226553 
vn 3.097898456858039e-13 -0.999997615814209 0.002184694167226553 
vn 3.097898456858039e-13 -0.999997615814209 0.002184694167226553 
vn 3.097898456858039e-13 -0.999997615814209 0.002184694167226553 
vn 3.097898456858039e-13 -0.999997615814209 -0.002184694167226553 
vn 3.097898456858039e-13 -0.999997615814209 0.002184694167226553 
vn 3.097898456858039e-13 -0.999997615814209 0.002184694167226553 
vn 3.097898456858039e-13 -0.999997615814209 0.002184694167226553 
vn 3.097898456858039e-13 -0.999997615814209 0.002184694167226553 
vn 3.097898456858039e-13 -0.999997615814209 0.002184694167226553 
vn 3.097898456858039e-13 -0.999997615814209 -0.002184694167226553 
vn 3.097898456858039e-13 -0.999997615814209 0.002184694167226553 
vn 3.097898456858039e-13 -0.999997615814209 0.002184694167226553 
vn 3.097898456858039e-13 -0.999997615814209 -0.002184694167226553 
vn 3.097898456858039e-13 -0.999997615814209 -0.002184694167226553 
vn 3.097898456858039e-13 -0.999997615814209 -0.002184694167226553 
vn 3.097898456858039e-13 -0.999997615814209 -0.002184694167226553 
vn 3.097898456858039e-13 -0.999997615814209 0.002184694167226553 
vn 3.097898456858039e-13 -0.999997615814209 0.002184694167226553 
vn 3.097898456858039e-13 -0.999997615814209 0.002184694167226553 
vn 3.097898456858039e-13 -0.999997615814209 0.002184694167226553 
vn 3.097898456858039e-13 -0.999997615814209 0.002184694167226553 
vn 3.097898456858039e-13 -0.999997615814209 0.002184694167226553 
vn 3.097898456858039e-13 -0.999997615814209 -0.002184694167226553 
vn 3.097898456858039e-13 -0.999997615814209 -0.002184694167226553 
vn 3.097898456858039e-13 -0.999997615814209 -0.002184694167226553 
vn 3.097898456858039e-13 -0.999997615814209 0.002184694167226553 
vn -0.10738389194011688 -0.9879806041717529 0.1111890971660614 
vn -0.14478351175785065 -0.9877055883407593 0.058952588587999344 
vn -0.5636292695999146 -0.6022982001304626 0.5652954578399658 
vn -0.737745463848114 -0.6031627655029297 0.30319350957870483 
vn -0.6962394714355469 -0.1716076284646988 0.6969945430755615 
vn -0.9106361269950867 -0.1688723862171173 0.37712597846984863 
vn -0.7078787684440613 -1.4640568759497624e-13 0.7063339352607727 
vn -0.924505352973938 -1.9120906843538704e-13 0.3811691105365753 
vn -0.7078787684440613 -1.4640568759497624e-13 0.7063339352607727 
vn -0.924505352973938 -1.9120906843538704e-13 0.3811691105365753 
vn -0.15792569518089294 -0.9874485731124878 0.002184694167226553 
vn -0.14478351175785065 -0.9877055883407593 -0.058952588587999344 
vn -0.10738389194011688 -0.9879806041717529 -0.1111890971660614 
vn -0.06035032123327255 -0.9880928993225098 -0.1415284425020218 
vn -0.003775994060561061 -0.9879868030548096 -0.15449213981628418 
vn 0.06035032123327255 -0.9880928993225098 -0.1415284425020218 
vn 0.11113623529672623 -0.9875655770301819 -0.1111890971660614 
vn 0.14104847609996796 -0.9882459044456482 -0.058952588587999344 
vn 0.15792569518089294 -0.9874485731124878 -0.002184694167226553 
vn 0.14104847609996796 -0.9882459044456482 0.058952588587999344 
vn 0.11113623529672623 -0.9875655770301819 0.1111890971660614 
vn 0.06035032123327255 -0.9880928993225098 0.1415284425020218 
vn 0.003775994060561061 -0.9879868030548096 0.15449213981628418 
vn -0.06035032123327255 -0.9880928993225098 0.1415284425020218 
vn -0.7964062690734863 -0.604758083820343 0.002184694167226553 
vn -0.737745463848114 -0.6031627655029297 -0.30319350957870483 
vn -0.5656656622886658 -0.6003860831260681 -0.5652954578399658 
vn -0.3026692569255829 -0.6048481464385986 -0.736579954624176 
vn 0.0018891289364546537 -0.6025291085243225 -0.7980946898460388 
vn 0.3026692569255829 -0.6048481464385986 -0.736579954624176 
vn 0.5656656622886658 -0.6003860831260681 -0.5652954578399658 
vn 0.7353501319885254 -0.6060807704925537 -0.30319350957870483 
vn 0.7964062690734863 -0.604758083820343 -0.002184694167226553 
vn 0.7353501319885254 -0.6060807704925537 0.30319350957870483 
vn 0.5608691573143005 -0.6048693060874939 0.5652954578399658 
vn 0.3050408959388733 -0.6036555171012878 0.736579954624176 
vn -0.0037707132287323475 -0.6025202870368958 0.7980946898460388 
vn -0.3050408959388733 -0.6036555171012878 0.736579954624176 
vn -0.9849507808685303 -0.17282135784626007 0.002184694167226553 
vn -0.9106361269950867 -0.1688723862171173 -0.37712597846984863 
vn -0.696100115776062 -0.1721721738576889 -0.6969945430755615 
vn -0.37778180837631226 -0.17233823239803314 -0.9097144603729248 
vn 0.001889180624857545 -0.16957223415374756 -0.9855159521102905 
vn 0.3793354630470276 -0.1688910275697708 -0.9097144603729248 
vn 0.696100115776062 -0.1721721738576889 -0.6969945430755615 
vn 0.9099404215812683 -0.1725815385580063 -0.37712597846984863 
vn 0.9849507808685303 -0.17282135784626007 0.002184694167226553 
vn 0.9099404215812683 -0.1725815385580063 0.37712597846984863 
vn 0.6962394714355469 -0.1716076284646988 0.6969945430755615 
vn 0.3797420859336853 -0.16797471046447754 0.9097144603729248 
vn -0.003751524491235614 -0.16954125463962555 0.9855159521102905 
vn -0.3782057762145996 -0.17140580713748932 0.9097144603729248 
vn -0.999997615814209 -2.0682260971124217e-13 0.002184694167226553 
vn -0.9244976043701172 0.0037768674083054066 -0.3811691105365753 
vn -0.7078686952590942 0.0037756471429020166 -0.7063339352607727 
vn -0.3831879794597626 -7.925212949008026e-14 -0.9236704111099243 
vn -2.0682311115474694e-13 0 -1 
vn 0.3831879794597626 0 -0.9236704111099243 
vn 0.7078787684440613 0 -0.7063339352607727 
vn 0.924505352973938 0 -0.3811691105365753 
vn 0.999997615814209 0 0.002184694167226553 
vn 0.924505352973938 0 0.3811691105365753 
vn 0.7078787684440613 0 0.7063339352607727 
vn 0.3831879794597626 0 0.9236704111099243 
vn 0 0 1 
vn -0.3831879794597626 -7.925212949008026e-14 0.9236704111099243 
vn -0.999997615814209 -2.0682260971124217e-13 0.002184694167226553 
vn -0.9244976043701172 0.0037768674083054066 -0.3811691105365753 
vn -0.7078686952590942 0.0037756471429020166 -0.7063339352607727 
vn -0.3831879794597626 -7.925212949008026e-14 -0.9236704111099243 
vn -2.0682311115474694e-13 0 -1 
vn 0.3831879794597626 0 -0.9236704111099243 
vn 0.7078787684440613 0 -0.7063339352607727 
vn 0.924505352973938 0 -0.3811691105365753 
vn 0.999997615814209 0 0.002184694167226553 
vn 0.924505352973938 0 0.3811691105365753 
vn 0.7078787684440613 0 0.7063339352607727 
vn 0.3831879794597626 0 0.9236704111099243 
vn 0 0 1 
vn -0.3831879794597626 -7.925212949008026e-14 0.9236704111099243 
vn -0.999997615814209 -2.0682260971124217e-13 0.002184694167226553 
vn -0.999997615814209 -2.0682260971124217e-13 0.002184694167226553 
vn -0.999997615814209 -2.0682260971124217e-13 0.002184694167226553 
vn -0.999997615814209 -2.0682260971124217e-13 0.002184694167226553 
vn -0.999997615814209 -2.0682260971124217e-13 0.002184694167226553 
vn -0.999997615814209 -2.0682260971124217e-13 0.002184694167226553 
vn -0.999997615814209 -2.0682260971124217e-13 0.002184694167226553 
vn -0.999997615814209 -2.0682260971124217e-13 0.002184694167226553 
vn -0.999997615814209 -2.0682260971124217e-13 0.002184694167226553 
vn -0.999997615814209 -2.0682260971124217e-13 0.002184694167226553 
s on 
f 1//1 2//2 3//3 
f 2//2 4//4 3//3 
f 3//3 4//4 5//5 
f 4//4 6//6 5//5 
f 5//5 6//6 7//7 
f 6//6 8//8 7//7 
f 7//7 8//8 9//9 
f 8//8 10//10 9//9 
f 9//9 10//10 11//11 
f 10//10 12//12 11//11 
f 11//11 12//12 13//13 
f 12//12 14//14 13//13 
f 13//13 14//14 15//15 
f 14//14 16//16 15//15 
f 15//15 16//16 17//17 
f 16//16 18//18 17//17 
f 17//17 18//18 19//19 
f 18//18 20//20 19//19 
f 19//19 20//20 21//21 
f 20//20 22//22 21//21 
f 21//21 22//22 23//23 
f 22//22 24//24 23//23 
f 23//23 24//24 25//25 
f 24//24 26//26 25//25 
f 25//25 26//26 27//27 
f 26//26 28//28 27//27 
f 27//27 28//28 29//29 
f 28//28 30//30 29//29 
f 29//29 30//30 31//31 
f 30//30 32//32 31//31 
f 31//31 32//32 33//33 
f 32//32 34//34 33//33 
f 33//33 34//34 34//34 
f 34//34 2//2 34//34 
f 34//34 2//2 2//2 
f 2//2 35//35 2//2 
f 2//2 35//35 4//4 
f 35//35 36//36 4//4 
f 4//4 36//36 6//6 
f 36//36 37//37 6//6 
f 6//6 37//37 8//8 
f 37//37 38//38 8//8 
f 8//8 38//38 10//10 
f 38//38 39//39 10//10 
f 10//10 39//39 12//12 
f 39//39 40//40 12//12 
f 12//12 40//40 14//14 
f 40//40 41//41 14//14 
f 14//14 41//41 16//16 
f 41//41 42//42 16//16 
f 16//16 42//42 18//18 
f 42//42 43//43 18//18 
f 18//18 43//43 20//20 
f 43//43 44//44 20//20 
f 20//20 44//44 22//22 
f 44//44 45//45 22//22 
f 22//22 45//45 24//24 
f 45//45 46//46 24//24 
f 24//24 46//46 26//26 
f 46//46 47//47 26//26 
f 26//26 47//47 28//28 
f 47//47 48//48 28//28 
f 28//28 48//48 30//30 
f 48//48 49//49 30//30 
f 30//30 49//49 32//32 
f 49//49 50//50 32//32 
f 32//32 50//50 34//34 
f 50//50 51//51 34//34 
f 34//34 51//51 51//51 
f 51//51 35//35 51//51 
f 51//51 35//35 35//35 
f 35//35 52//52 35//35 
f 35//35 52//52 36//36 
f 52//52 53//53 36//36 
f 36//36 53//53 37//37 
f 53//53 54//54 37//37 
f 37//37 54//54 38//38 
f 54//54 55//55 38//38 
f 38//38 55//55 39//39 
f 55//55 56//56 39//39 
f 39//39 56//56 40//40 
f 56//56 57//57 40//40 
f 40//40 57//57 41//41 
f 57//57 58//58 41//41 
f 41//41 58//58 42//42 
f 58//58 59//59 42//42 
f 42//42 59//59 43//43 
f 59//59 60//60 43//43 
f 43//43 60//60 44//44 
f 60//60 61//61 44//44 
f 44//44 61//61 62//62 
f 61//61 62//62 62//62 
f 62//62 62//62 44//44 
f 62//62 44//44 44//44 
f 44//44 44//44 44//44 
f 44//44 62//62 44//44 
f 44//44 62//62 45//45 
f 62//62 46//46 45//45 
f 45//45 46//46 46//46 
f 46//46 62//62 46//46 
f 46//46 62//62 62//62 
f 62//62 63//63 62//62 
f 62//62 63//63 46//46 
f 63//63 47//47 46//46 
f 46//46 47//47 47//47 
f 47//47 63//63 47//47 
f 47//47 63//63 63//63 
f 63//63 64//64 63//63 
f 63//63 64//64 47//47 
f 64//64 48//48 47//47 
f 47//47 48//48 48//48 
f 48//48 64//64 48//48 
f 48//48 64//64 64//64 
f 64//64 65//65 64//64 
f 64//64 65//65 48//48 
f 65//65 49//49 48//48 
f 48//48 49//49 49//49 
f 49//49 65//65 49//49 
f 49//49 65//65 65//65 
f 65//65 66//66 65//65 
f 65//65 66//66 49//49 
f 66//66 50//50 49//49 
f 49//49 50//50 50//50 
f 50//50 66//66 50//50 
f 50//50 66//66 66//66 
f 66//66 67//67 66//66 
f 66//66 67//67 50//50 
f 67//67 51//51 50//50 
f 50//50 51//51 51//51 
f 51//51 68//68 51//51 
f 51//51 68//68 68//68 
f 68//68 69//69 68//68 
f 68//68 69//69 70//70 
f 69//69 71//71 70//70 
f 70//70 71//71 72//72 
f 71//71 73//73 72//72 
f 72//72 73//73 74//74 
f 73//73 75//75 74//74 
f 74//74 75//75 76//76 
f 75//75 77//77 76//76 
f 76//76 77//77 78//78 
f 77//77 79//79 78//78 
f 78//78 79//79 80//80 
f 79//79 81//81 80//80 
f 80//80 81//81 82//82 
f 81//81 83//83 82//82 
f 82//82 83//83 84//84 
f 83//83 85//85 84//84 
f 84//84 85//85 86//86 
f 85//85 87//87 86//86 
f 86//86 87//87 88//88 
f 87//87 89//89 88//88 
f 88//88 89//89 90//90 
f 89//89 91//91 90//90 
f 90//90 91//91 92//92 
f 91//91 93//93 92//92 
f 92//92 93//93 94//94 
f 93//93 95//95 94//94 
f 94//94 95//95 96//96 
f 95//95 97//97 96//96 
f 96//96 97//97 98//98 
f 97//97 99//99 98//98 
f 98//98 99//99 100//100 
f 99//99 101//101 100//100 
f 100//100 101//101 101//101 
f 101//101 69//69 101//101 
f 101//101 69//69 69//69 
f 69//69 102//102 69//69 
f 69//69 102//102 71//71 
f 102//102 103//103 71//71 
f 71//71 103//103 73//73 
f 103//103 104//104 73//73 
f 73//73 104//104 75//75 
f 104//104 105//105 75//75 
f 75//75 105//105 77//77 
f 105//105 106//106 77//77 
f 77//77 106//106 79//79 
f 106//106 107//107 79//79 
f 79//79 107//107 81//81 
f 107//107 108//108 81//81 
f 81//81 108//108 83//83 
f 108//108 109//109 83//83 
f 83//83 109//109 85//85 
f 109//109 110//110 85//85 
f 85//85 110//110 87//87 
f 110//110 111//111 87//87 
f 87//87 111//111 89//89 
f 111//111 112//112 89//89 
f 89//89 112//112 91//91 
f 112//112 113//113 91//91 
f 91//91 113//113 93//93 
f 113//113 114//114 93//93 
f 93//93 114//114 95//95 
f 114//114 115//115 95//95 
f 95//95 115//115 97//97 
f 115//115 116//116 97//97 
f 97//97 116//116 99//99 
f 116//116 117//117 99//99 
f 99//99 117//117 101//101 
f 117//117 118//118 101//101 
f 101//101 118//118 118//118 
f 118//118 102//102 118//118 
f 118//118 102//102 102//102 
f 102//102 119//119 102//102 
f 102//102 119//119 103//103 
f 119//119 120//120 103//103 
f 103//103 120//120 104//104 
f 120//120 121//121 104//104 
f 104//104 121//121 105//105 
f 121//121 122//122 105//105 
f 105//105 122//122 106//106 
f 122//122 123//123 106//106 
f 106//106 123//123 107//107 
f 123//123 124//124 107//107 
f 107//107 124//124 108//108 
f 124//124 125//125 108//108 
f 108//108 125//125 109//109 
f 125//125 126//126 109//109 
f 109//109 126//126 110//110 
f 126//126 127//127 110//110 
f 110//110 127//127 111//111 
f 127//127 128//128 111//111 
f 111//111 128//128 129//129 
f 128//128 129//129 129//129 
f 129//129 129//129 111//111 
f 129//129 111//111 111//111 
f 111//111 111//111 111//111 
f 111//111 129//129 111//111 
f 111//111 129//129 112//112 
f 129//129 113//113 112//112 
f 112//112 113//113 113//113 
f 113//113 129//129 113//113 
f 113//113 129//129 129//129 
f 129//129 130//130 129//129 
f 129//129 130//130 113//113 
f 130//130 114//114 113//113 
f 113//113 114//114 114//114 
f 114//114 130//130 114//114 
f 114//114 130//130 130//130 
f 130//130 131//131 130//130 
f 130//130 131//131 114//114 
f 131//131 115//115 114//114 
f 114//114 115//115 115//115 
f 115//115 131//131 115//115 
f 115//115 131//131 131//131 
f 131//131 132//132 131//131 
f 131//131 132//132 115//115 
f 132//132 116//116 115//115 
f 115//115 116//116 116//116 
f 116//116 132//132 116//116 
f 116//116 132//132 132//132 
f 132//132 133//133 132//132 
f 132//132 133//133 116//116 
f 133//133 117//117 116//116 
f 116//116 117//117 117//117 
f 117//117 133//133 117//117 
f 117//117 133//133 133//133 
f 133//133 134//134 133//133 
f 133//133 134//134 117//117 
f 134//134 118//118 117//117 
f 117//117 118//118 118//118 
f 118//118 135//135 118//118 
f 118//118 135//135 135//135 
f 135//135 136//136 135//135 
f 135//135 136//136 137//137 
f 136//136 138//138 137//137 
f 137//137 138//138 139//139 
f 138//138 140//140 139//139 
f 139//139 140//140 141//141 
f 140//140 142//142 141//141 
f 141//141 142//142 143//143 
f 142//142 144//144 143//143 
f 143//143 144//144 145//145 
f 144//144 146//146 145//145 
f 145//145 146//146 147//147 
f 146//146 148//148 147//147 
f 147//147 148//148 149//149 
f 148//148 150//150 149//149 
f 149//149 150//150 151//151 
f 150//150 152//152 151//151 
f 151//151 152//152 153//153 
f 152//152 153//153 153//153 
f 153//153 153//153 136//136 
f 153//153 136//136 136//136 
f 136//136 136//136 136//136 
f 136//136 154//154 136//136 
f 136//136 154//154 138//138 
f 154//154 155//155 138//138 
f 138//138 155//155 140//140 
f 155//155 156//156 140//140 
f 140//140 156//156 142//142 
f 156//156 157//157 142//142 
f 142//142 157//157 144//144 
f 157//157 158//158 144//144 
f 144//144 158//158 146//146 
f 158//158 159//159 146//146 
f 146//146 159//159 148//148 
f 159//159 150//150 148//148 
f 148//148 150//150 150//150 
f 150//150 154//154 150//150 
f 150//150 154//154 154//154 
f 154//154 160//160 154//154 
f 154//154 160//160 155//155 
f 160//160 161//161 155//155 
f 155//155 161//161 156//156 
f 161//161 162//162 156//156 
f 156//156 162//162 157//157 
f 162//162 163//163 157//157 
f 157//157 163//163 158//158 
f 163//163 164//164 158//158 
f 158//158 164//164 159//159 
f 164//164 165//165 159//159 
f 159//159 165//165 150//150 
f 165//165 152//152 150//150 
f 150//150 152//152 152//152 
f 152//152 166//166 152//152 
f 152//152 166//166 166//166 
f 166//166 167//167 166//166 
f 166//166 167//167 168//168 
f 167//167 169//169 168//168 
f 168//168 169//169 170//170 
f 169//169 171//171 170//170 
f 170//170 171//171 172//172 
f 171//171 173//173 172//172 
f 172//172 173//173 174//174 
f 173//173 175//175 174//174 
f 174//174 175//175 176//176 
f 175//175 177//177 176//176 
f 176//176 177//177 178//178 
f 177//177 179//179 178//178 
f 178//178 179//179 180//180 
f 179//179 181//181 180//180 
f 180//180 181//181 182//182 
f 181//181 183//183 182//182 
f 182//182 183//183 184//184 
f 183//183 185//185 184//184 
f 184//184 185//185 186//186 
f 185//185 187//187 186//186 
f 186//186 187//187 188//188 
f 187//187 189//189 188//188 
f 188//188 189//189 190//190 
f 189//189 191//191 190//190 
f 190//190 191//191 192//192 
f 191//191 193//193 192//192 
f 192//192 193//193 194//194 
f 193//193 195//195 194//194 
f 194//194 195//195 196//196 
f 195//195 197//197 196//196 
f 196//196 197//197 198//198 
f 197//197 199//199 198//198 
f 198//198 199//199 199//199 
f 199//199 167//167 199//199 
f 199//199 167//167 167//167 
f 167//167 200//200 167//167 
f 167//167 200//200 169//169 
f 200//200 201//201 169//169 
f 169//169 201//201 171//171 
f 201//201 202//202 171//171 
f 171//171 202//202 173//173 
f 202//202 203//203 173//173 
f 173//173 203//203 175//175 
f 203//203 204//204 175//175 
f 175//175 204//204 177//177 
f 204//204 205//205 177//177 
f 177//177 205//205 179//179 
f 205//205 206//206 179//179 
f 179//179 206//206 181//181 
f 206//206 207//207 181//181 
f 181//181 207//207 183//183 
f 207//207 208//208 183//183 
f 183//183 208//208 185//185 
f 208//208 209//209 185//185 
f 185//185 209//209 187//187 
f 209//209 210//210 187//187 
f 187//187 210//210 189//189 
f 210//210 211//211 189//189 
f 189//189 211//211 191//191 
f 211//211 212//212 191//191 
f 191//191 212//212 193//193 
f 212//212 213//213 193//193 
f 193//193 213//213 195//195 
f 213//213 214//214 195//195 
f 195//195 214//214 197//197 
f 214//214 215//215 197//197 
f 197//197 215//215 199//199 
f 215//215 216//216 199//199 
f 199//199 216//216 216//216 
f 216//216 200//200 216//216 
f 216//216 200//200 200//200 
f 200//200 217//217 200//200 
f 200//200 217//217 201//201 
f 217//217 218//218 201//201 
f 201//201 218//218 202//202 
f 218//218 219//219 202//202 
f 202//202 219//219 203//203 
f 219//219 220//220 203//203 
f 203//203 220//220 204//204 
f 220//220 221//221 204//204 
f 204//204 221//221 205//205 
f 221//221 222//222 205//205 
f 205//205 222//222 206//206 
f 222//222 223//223 206//206 
f 206//206 223//223 207//207 
f 223//223 224//224 207//207 
f 207//207 224//224 208//208 
f 224//224 225//225 208//208 
f 208//208 225//225 209//209 
f 225//225 226//226 209//209 
f 209//209 226//226 227//227 
f 226//226 227//227 227//227 
f 227//227 227//227 209//209 
f 227//227 209//209 209//209 
f 209//209 209//209 209//209 
f 209//209 227//227 209//209 
f 209//209 227//227 210//210 
f 227//227 211//211 210//210 
f 210//210 211//211 211//211 
f 211//211 227//227 211//211 
f 211//211 227//227 227//227 
f 227//227 228//228 227//227 
f 227//227 228//228 211//211 
f 228//228 212//212 211//211 
f 211//211 212//212 212//212 
f 212//212 228//228 212//212 
f 212//212 228//228 228//228 
f 228//228 229//229 228//228 
f 228//228 229//229 212//212 
f 229//229 213//213 212//212 
f 212//212 213//213 213//213 
f 213//213 229//229 213//213 
f 213//213 229//229 229//229 
f 229//229 230//230 229//229 
f 229//229 230//230 213//213 
f 230//230 214//214 213//213 
f 213//213 214//214 214//214 
f 214//214 230//230 214//214 
f 214//214 230//230 230//230 
f 230//230 231//231 230//230 
f 230//230 231//231 214//214 
f 231//231 215//215 214//214 
f 214//214 215//215 215//215 
f 215//215 231//231 215//215 
f 215//215 231//231 231//231 
f 231//231 232//232 231//231 
f 231//231 232//232 215//215 
f 232//232 216//216 215//215 
f 215//215 216//216 216//216 
f 216//216 233//233 216//216 
f 216//216 233//233 233//233 
f 233//233 234//234 233//233 
f 233//233 234//234 235//235 
f 234//234 236//236 235//235 
f 235//235 236//236 237//237 
f 236//236 238//238 237//237 
f 237//237 238//238 239//239 
f 238//238 240//240 239//239 
f 239//239 240//240 241//241 
f 240//240 242//242 241//241 
f 241//241 242//242 243//243 
f 242//242 244//244 243//243 
f 243//243 244//244 245//245 
f 244//244 246//246 245//245 
f 245//245 246//246 247//247 
f 246//246 248//248 247//247 
f 247//247 248//248 249//249 
f 248//248 250//250 249//249 
f 249//249 250//250 251//251 
f 250//250 252//252 251//251 
f 251//251 252//252 253//253 
f 252//252 254//254 253//253 
f 253//253 254//254 255//255 
f 254//254 256//256 255//255 
f 255//255 256//256 257//257 
f 256//256 258//258 257//257 
f 257//257 258//258 259//259 
f 258//258 260//260 259//259 
f 259//259 260//260 261//261 
f 260//260 262//262 261//261 
f 261//261 262//262 263//263 
f 262//262 264//264 263//263 
f 263//263 264//264 265//265 
f 264//264 266//266 265//265 
f 265//265 266//266 266//266 
f 266//266 234//234 266//266 
f 266//266 234//234 234//234 
f 234//234 267//267 234//234 
f 234//234 267//267 236//236 
f 267//267 268//268 236//236 
f 236//236 268//268 238//238 
f 268//268 269//269 238//238 
f 238//238 269//269 240//240 
f 269//269 270//270 240//240 
f 240//240 270//270 242//242 
f 270//270 271//271 242//242 
f 242//242 271//271 244//244 
f 271//271 272//272 244//244 
f 244//244 272//272 246//246 
f 272//272 273//273 246//246 
f 246//246 273//273 248//248 
f 273//273 274//274 248//248 
f 248//248 274//274 250//250 
f 274//274 275//275 250//250 
f 250//250 275//275 252//252 
f 275//275 276//276 252//252 
f 252//252 276//276 254//254 
f 276//276 277//277 254//254 
f 254//254 277//277 256//256 
f 277//277 278//278 256//256 
f 256//256 278//278 258//258 
f 278//278 279//279 258//258 
f 258//258 279//279 260//260 
f 279//279 280//280 260//260 
f 260//260 280//280 262//262 
f 280//280 281//281 262//262 
f 262//262 281//281 264//264 
f 281//281 282//282 264//264 
f 264//264 282//282 266//266 
f 282//282 283//283 266//266 
f 266//266 283//283 283//283 
f 283//283 267//267 283//283 
f 283//283 267//267 267//267 
f 267//267 284//284 267//267 
f 267//267 284//284 268//268 
f 284//284 285//285 268//268 
f 268//268 285//285 269//269 
f 285//285 286//286 269//269 
f 269//269 286//286 270//270 
f 286//286 287//287 270//270 
f 270//270 287//287 271//271 
f 287//287 288//288 271//271 
f 271//271 288//288 272//272 
f 288//288 289//289 272//272 
f 272//272 289//289 273//273 
f 289//289 290//290 273//273 
f 273//273 290//290 274//274 
f 290//290 291//291 274//274 
f 274//274 291//291 275//275 
f 291//291 292//292 275//275 
f 275//275 292//292 276//276 
f 292//292 293//293 276//276 
f 276//276 293//293 294//294 
f 293//293 294//294 294//294 
f 294//294 294//294 276//276 
f 294//294 276//276 276//276 
f 276//276 276//276 276//276 
f 276//276 294//294 276//276 
f 276//276 294//294 277//277 
f 294//294 278//278 277//277 
f 277//277 278//278 278//278 
f 278//278 294//294 278//278 
f 278//278 294//294 294//294 
f 294//294 295//295 294//294 
f 294//294 295//295 278//278 
f 295//295 279//279 278//278 
f 278//278 279//279 279//279 
f 279//279 295//295 279//279 
f 279//279 295//295 295//295 
f 295//295 296//296 295//295 
f 295//295 296//296 279//279 
f 296//296 280//280 279//279 
f 279//279 280//280 280//280 
f 280//280 296//296 280//280 
f 280//280 296//296 296//296 
f 296//296 297//297 296//296 
f 296//296 297//297 280//280 
f 297//297 281//281 280//280 
f 280//280 281//281 281//281 
f 281//281 297//297 281//281 
f 281//281 297//297 297//297 
f 297//297 298//298 297//297 
f 297//297 298//298 281//281 
f 298//298 282//282 281//281 
f 281//281 282//282 282//282 
f 282//282 298//298 282//282 
f 282//282 298//298 298//298 
f 298//298 299//299 298//298 
f 298//298 299//299 282//282 
f 299//299 283//283 282//282 
f 282//282 283//283 283//283 
f 283//283 147//147 283//283 
f 283//283 147//147 147//147 
f 147//147 149//149 147//147 
f 147//147 149//149 300//300 
f 149//149 301//301 300//300 
f 300//300 301//301 301//301 
f 301//301 149//149 301//301 
f 301//301 149//149 302//302 
f 149//149 151//151 302//302 
f 302//302 151//151 303//303 
f 151//151 153//153 303//303 
f 303//303 153//153 304//304 
f 153//153 304//304 304//304 
f 304//304 304//304 304//304 
f 304//304 305//305 304//304 
f 304//304 305//305 303//303 
f 305//305 306//306 303//303 
f 303//303 306//306 302//302 
f 306//306 307//307 302//302 
f 302//302 307//307 301//301 
f 307//307 301//301 301//301 
f 301//301 301//301 305//305 
f 301//301 305//305 305//305 
f 305//305 305//305 305//305 
f 305//305 308//308 305//305 
f 305//305 308//308 306//306 
f 308//308 309//309 306//306 
f 306//306 309//309 307//307 
f 309//309 307//307 307//307 
f 307//307 307//307 309//309 
f 307//307 309//309 309//309 
f 309//309 309//309 309//309 
f 309//309 308//308 309//309 
f 309//309 308//308 310//310 
f 308//308 311//311 310//310 
f 310//310 311//311 312//312 
f 311//311 313//313 312//312 
f 312//312 313//313 314//314 
f 313//313 315//315 314//314 
f 314//314 315//315 316//316 
f 315//315 317//317 316//316 
f 316//316 317//317 318//318 
f 317//317 319//319 318//318 
f 318//318 319//319 320//320 
f 319//319 321//321 320//320 
f 320//320 321//321 321//321 
f 321//321 308//308 321//321 
f 321//321 308//308 308//308 
f 308//308 322//322 308//308 
f 308//308 322//322 311//311 
f 322//322 323//323 311//311 
f 311//311 323//323 313//313 
f 323//323 324//324 313//313 
f 313//313 324//324 315//315 
f 324//324 325//325 315//315 
f 315//315 325//325 317//317 
f 325//325 326//326 317//317 
f 317//317 326//326 319//319 
f 326//326 327//327 319//319 
f 319//319 327//327 321//321 
f 327//327 328//328 321//321 
f 321//321 328//328 328//328 
f 328//328 322//322 328//328 
f 328//328 322//322 322//322 
f 322//322 329//329 322//322 
f 322//322 329//329 323//323 
f 329//329 330//330 323//323 
f 323//323 330//330 324//324 
f 330//330 331//331 324//324 
f 324//324 331//331 325//325 
f 331//331 332//332 325//325 
f 325//325 332//332 326//326 
f 332//332 333//333 326//326 
f 326//326 333//333 327//327 
f 333//333 334//334 327//327 
f 327//327 334//334 328//328 
f 334//334 335//335 328//328 
f 328//328 335//335 335//335 
f 335//335 329//329 335//335 
f 335//335 329//329 329//329 
f 329//329 322//322 329//329 
f 329//329 322//322 336//336 
f 322//322 305//305 336//336 
f 336//336 305//305 304//304 
f 305//305 304//304 304//304 
f 304//304 304//304 337//337 
f 304//304 337//337 337//337 
f 337//337 337//337 337//337 
f 337//337 338//338 337//337 
f 337//337 338//338 339//339 
f 338//338 340//340 339//339 
f 339//339 340//340 341//341 
f 340//340 342//342 341//341 
f 341//341 342//342 343//343 
f 342//342 344//344 343//343 
f 343//343 344//344 345//345 
f 344//344 346//346 345//345 
f 345//345 346//346 347//347 
f 346//346 348//348 347//347 
f 347//347 348//348 349//349 
f 348//348 350//350 349//349 
f 349//349 350//350 351//351 
f 350//350 352//352 351//351 
f 351//351 352//352 353//353 
f 352//352 354//354 353//353 
f 353//353 354//354 355//355 
f 354//354 355//355 355//355 
f 355//355 355//355 338//338 
f 355//355 338//338 338//338 
f 338//338 338//338 338//338 
f 338//338 356//356 338//338 
f 338//338 356//356 340//340 
f 356//356 357//357 340//340 
f 340//340 357//357 342//342 
f 357//357 358//358 342//342 
f 342//342 358//358 344//344 
f 358//358 359//359 344//344 
f 344//344 359//359 346//346 
f 359//359 360//360 346//346 
f 346//346 360//360 348//348 
f 360//360 361//361 348//348 
f 348//348 361//361 350//350 
f 361//361 352//352 350//350 
f 350//350 352//352 352//352 
f 352//352 356//356 352//352 
f 352//352 356//356 356//356 
f 356//356 362//362 356//356 
f 356//356 362//362 357//357 
f 362//362 363//363 357//357 
f 357//357 363//363 358//358 
f 363//363 364//364 358//358 
f 358//358 364//364 359//359 
f 364//364 365//365 359//359 
f 359//359 365//365 360//360 
f 365//365 366//366 360//360 
f 360//360 366//366 361//361 
f 366//366 367//367 361//361 
f 361//361 367//367 352//352 
f 367//367 354//354 352//352 
f 352//352 354//354 354//354 
f 354//354 368//368 354//354 
f 354//354 368//368 368//368 
f 368//368 369//369 368//368 
f 368//368 369//369 370//370 
f 369//369 371//371 370//370 
f 370//370 371//371 372//372 
f 371//371 373//373 372//372 
f 372//372 373//373 374//374 
f 373//373 375//375 374//374 
f 374//374 375//375 376//376 
f 375//375 377//377 376//376 
f 376//376 377//377 378//378 
f 377//377 379//379 378//378 
f 378//378 379//379 380//380 
f 379//379 381//381 380//380 
f 380//380 381//381 382//382 
f 381//381 383//383 382//382 
f 382//382 383//383 384//384 
f 383//383 385//385 384//384 
f 384//384 385//385 386//386 
f 385//385 387//387 386//386 
f 386//386 387//387 388//388 
f 387//387 389//389 388//388 
f 388//388 389//389 390//390 
f 389//389 391//391 390//390 
f 390//390 391//391 392//392 
f 391//391 393//393 392//392 
f 392//392 393//393 394//394 
f 393//393 395//395 394//394 
f 394//394 395//395 396//396 
f 395//395 397//397 396//396 
f 396//396 397//397 398//398 
f 397//397 399//399 398//398 
f 398//398 399//399 400//400 
f 399//399 401//401 400//400 
f 400//400 401//401 401//401 
f 401//401 369//369 401//401 
f 401//401 369//369 369//369 
f 369//369 402//402 369//369 
f 369//369 402//402 371//371 
f 402//402 403//403 371//371 
f 371//371 403//403 373//373 
f 403//403 404//404 373//373 
f 373//373 404//404 375//375 
f 404//404 405//405 375//375 
f 375//375 405//405 377//377 
f 405//405 406//406 377//377 
f 377//377 406//406 379//379 
f 406//406 407//407 379//379 
f 379//379 407//407 381//381 
f 407//407 408//408 381//381 
f 381//381 408//408 383//383 
f 408//408 409//409 383//383 
f 383//383 409//409 385//385 
f 409//409 410//410 385//385 
f 385//385 410//410 387//387 
f 410//410 411//411 387//387 
f 387//387 411//411 389//389 
f 411//411 412//412 389//389 
f 389//389 412//412 391//391 
f 412//412 413//413 391//391 
f 391//391 413//413 393//393 
f 413//413 414//414 393//393 
f 393//393 414//414 395//395 
f 414//414 415//415 395//395 
f 395//395 415//415 397//397 
f 415//415 416//416 397//397 
f 397//397 416//416 399//399 
f 416//416 417//417 399//399 
f 399//399 417//417 401//401 
f 417//417 418//418 401//401 
f 401//401 418//418 418//418 
f 418//418 402//402 418//418 
f 418//418 402//402 402//402 
f 402//402 419//419 402//402 
f 402//402 419//419 403//403 
f 419//419 420//420 403//403 
f 403//403 420//420 404//404 
f 420//420 421//421 404//404 
f 404//404 421//421 405//405 
f 421//421 422//422 405//405 
f 405//405 422//422 406//406 
f 422//422 423//423 406//406 
f 406//406 423//423 407//407 
f 423//423 424//424 407//407 
f 407//407 424//424 408//408 
f 424//424 425//425 408//408 
f 408//408 425//425 409//409 
f 425//425 426//426 409//409 
f 409//409 426//426 410//410 
f 426//426 427//427 410//410 
f 410//410 427//427 411//411 
f 427//427 428//428 411//411 
f 411//411 428//428 429//429 
f 428//428 429//429 429//429 
f 429//429 429//429 411//411 
f 429//429 411//411 411//411 
f 411//411 411//411 411//411 
f 411//411 429//429 411//411 
f 411//411 429//429 412//412 
f 429//429 413//413 412//412 
f 412//412 413//413 413//413 
f 413//413 429//429 413//413 
f 413//413 429//429 429//429 
f 429//429 430//430 429//429 
f 429//429 430//430 413//413 
f 430//430 414//414 413//413 
f 413//413 414//414 414//414 
f 414//414 430//430 414//414 
f 414//414 430//430 430//430 
f 430//430 431//431 430//430 
f 430//430 431//431 414//414 
f 431//431 415//415 414//414 
f 414//414 415//415 415//415 
f 415//415 431//431 415//415 
f 415//415 431//431 431//431 
f 431//431 432//432 431//431 
f 431//431 432//432 415//415 
f 432//432 416//416 415//415 
f 415//415 416//416 416//416 
f 416//416 432//432 416//416 
f 416//416 432//432 432//432 
f 432//432 433//433 432//432 
f 432//432 433//433 416//416 
f 433//433 417//417 416//416 
f 416//416 417//417 417//417 
f 417//417 433//433 417//417 
f 417//417 433//433 433//433 
f 433//433 434//434 433//433 
f 433//433 434//434 417//417 
f 434//434 418//418 417//417 
f 417//417 418//418 418//418 
f 418//418 435//435 418//418 
f 418//418 435//435 435//435 
f 435//435 436//436 435//435 
f 435//435 436//436 437//437 
f 436//436 438//438 437//437 
f 437//437 438//438 439//439 
f 438//438 440//440 439//439 
f 439//439 440//440 441//441 
f 440//440 442//442 441//441 
f 441//441 442//442 443//443 
f 442//442 444//444 443//443 
f 443//443 444//444 445//445 
f 444//444 446//446 445//445 
f 445//445 446//446 447//447 
f 446//446 448//448 447//447 
f 447//447 448//448 449//449 
f 448//448 450//450 449//449 
f 449//449 450//450 451//451 
f 450//450 452//452 451//451 
f 451//451 452//452 453//453 
f 452//452 453//453 453//453 
f 453//453 453//453 436//436 
f 453//453 436//436 436//436 
f 436//436 436//436 436//436 
f 436//436 454//454 436//436 
f 436//436 454//454 438//438 
f 454//454 455//455 438//438 
f 438//438 455//455 440//440 
f 455//455 456//456 440//440 
f 440//440 456//456 442//442 
f 456//456 457//457 442//442 
f 442//442 457//457 444//444 
f 457//457 458//458 444//444 
f 444//444 458//458 446//446 
f 458//458 459//459 446//446 
f 446//446 459//459 448//448 
f 459//459 450//450 448//448 
f 448//448 450//450 450//450 
f 450//450 454//454 450//450 
f 450//450 454//454 454//454 
f 454//454 460//460 454//454 
f 454//454 460//460 455//455 
f 460//460 461//461 455//455 
f 455//455 461//461 456//456 
f 461//461 462//462 456//456 
f 456//456 462//462 457//457 
f 462//462 463//463 457//457 
f 457//457 463//463 458//458 
f 463//463 464//464 458//458 
f 458//458 464//464 459//459 
f 464//464 465//465 459//459 
f 459//459 465//465 450//450 
f 465//465 452//452 450//450 
f 450//450 452//452 452//452 
f 452//452 466//466 452//452 
f 452//452 466//466 466//466 
f 466//466 467//467 466//466 
f 466//466 467//467 468//468 
f 467//467 469//469 468//468 
f 468//468 469//469 470//470 
f 469//469 471//471 470//470 
f 470//470 471//471 472//472 
f 471//471 473//473 472//472 
f 472//472 473//473 474//474 
f 473//473 475//475 474//474 
f 474//474 475//475 476//476 
f 475//475 477//477 476//476 
f 476//476 477//477 478//478 
f 477//477 479//479 478//478 
f 478//478 479//479 480//480 
f 479//479 481//481 480//480 
f 480//480 481//481 482//482 
f 481//481 483//483 482//482 
f 482//482 483//483 484//484 
f 483//483 484//484 484//484 
f 484//484 484//484 467//467 
f 484//484 467//467 467//467 
f 467//467 467//467 467//467 
f 467//467 485//485 467//467 
f 467//467 485//485 469//469 
f 485//485 486//486 469//469 
f 469//469 486//486 471//471 
f 486//486 487//487 471//471 
f 471//471 487//487 473//473 
f 487//487 488//488 473//473 
f 473//473 488//488 475//475 
f 488//488 489//489 475//475 
f 475//475 489//489 477//477 
f 489//489 490//490 477//477 
f 477//477 490//490 479//479 
f 490//490 481//481 479//479 
f 479//479 481//481 481//481 
f 481//481 485//485 481//481 
f 481//481 485//485 485//485 
f 485//485 491//491 485//485 
f 485//485 491//491 486//486 
f 491//491 492//492 486//486 
f 486//486 492//492 487//487 
f 492//492 493//493 487//487 
f 487//487 493//493 488//488 
f 493//493 494//494 488//488 
f 488//488 494//494 489//489 
f 494//494 495//495 489//489 
f 489//489 495//495 490//490 
f 495//495 496//496 490//490 
f 490//490 496//496 481//481 
f 496//496 483//483 481//481 
f 481//481 483//483 483//483 
f 483//483 447//447 483//483 
f 483//483 447//447 447//447 
f 447//447 449//449 447//447 
f 447//447 449//449 497//497 
f 449//449 498//498 497//497 
f 497//497 498//498 498//498 
f 498//498 449//449 498//498 
f 498//498 449//449 499//499 
f 449//449 451//451 499//499 
f 499//499 451//451 500//500 
f 451//451 453//453 500//500 
f 500//500 453//453 501//501 
f 453//453 501//501 501//501 
f 501//501 501//501 501//501 
f 501//501 502//502 501//501 
f 501//501 502//502 500//500 
f 502//502 503//503 500//500 
f 500//500 503//503 499//499 
f 503//503 504//504 499//499 
f 499//499 504//504 498//498 
f 504//504 498//498 498//498 
f 498//498 498//498 502//502 
f 498//498 502//502 502//502 
f 502//502 502//502 502//502 
f 502//502 505//505 502//502 
f 502//502 505//505 503//503 
f 505//505 506//506 503//503 
f 503//503 506//506 504//504 
f 506//506 504//504 504//504 
f 504//504 504//504 506//506 
f 504//504 506//506 506//506 
f 506//506 506//506 506//506 
f 506//506 505//505 506//506 
f 506//506 505//505 507//507 
f 505//505 508//508 507//507 
f 507//507 508//508 509//509 
f 508//508 510//510 509//509 
f 509//509 510//510 511//511 
f 510//510 512//512 511//511 
f 511//511 512//512 513//513 
f 512//512 514//514 513//513 
f 513//513 514//514 515//515 
f 514//514 516//516 515//515 
f 515//515 516//516 517//517 
f 516//516 518//518 517//517 
f 517//517 518//518 518//518 
f 518//518 505//505 518//518 
f 518//518 505//505 505//505 
f 505//505 519//519 505//505 
f 505//505 519//519 508//508 
f 519//519 520//520 508//508 
f 508//508 520//520 510//510 
f 520//520 521//521 510//510 
f 510//510 521//521 512//512 
f 521//521 522//522 512//512 
f 512//512 522//522 514//514 
f 522//522 523//523 514//514 
f 514//514 523//523 516//516 
f 523//523 524//524 516//516 
f 516//516 524//524 518//518 
f 524//524 525//525 518//518 
f 518//518 525//525 525//525 
f 525//525 519//519 525//525 
f 525//525 519//519 519//519 
f 519//519 526//526 519//519 
f 519//519 526//526 520//520 
f 526//526 527//527 520//520 
f 520//520 527//527 521//521 
f 527//527 528//528 521//521 
f 521//521 528//528 522//522 
f 528//528 529//529 522//522 
f 522//522 529//529 523//523 
f 529//529 530//530 523//523 
f 523//523 530//530 524//524 
f 530//530 531//531 524//524 
f 524//524 531//531 525//525 
f 531//531 532//532 525//525 
f 525//525 532//532 532//532 
f 532//532 526//526 532//532 
f 532//532 526//526 526//526 
f 526//526 519//519 526//526 
f 526//526 519//519 533//533 
f 519//519 502//502 533//533 
f 533//533 502//502 501//501 
f 502//502 501//501 501//501 
f 501//501 501//501 534//534 
f 501//501 534//534 534//534 
f 534//534 534//534 534//534 
f 534//534 535//535 534//534 
f 534//534 535//535 536//536 
f 535//535 537//537 536//536 
f 536//536 537//537 538//538 
f 537//537 539//539 538//538 
f 538//538 539//539 540//540 
f 539//539 541//541 540//540 
f 540//540 541//541 542//542 
f 541//541 543//543 542//542 
f 542//542 543//543 544//544 
f 543//543 545//545 544//544 
f 544//544 545//545 546//546 
f 545//545 547//547 546//546 
f 546//546 547//547 548//548 
f 547//547 549//549 548//548 
f 548//548 549//549 550//550 
f 549//549 551//551 550//550 
f 550//550 551//551 552//552 
f 551//551 553//553 552//552 
f 552//552 553//553 554//554 
f 553//553 555//555 554//554 
f 554//554 555//555 556//556 
f 555//555 557//557 556//556 
f 556//556 557//557 558//558 
f 557//557 559//559 558//558 
f 558//558 559//559 560//560 
f 559//559 561//561 560//560 
f 560//560 561//561 562//562 
f 561//561 563//563 562//562 
f 562//562 563//563 564//564 
f 563//563 565//565 564//564 
f 564//564 565//565 566//566 
f 565//565 567//567 566//566 
f 566//566 567//567 567//567 
f 567//567 535//535 567//567 
f 567//567 535//535 535//535 
f 535//535 568//568 535//535 
f 535//535 568//568 537//537 
f 568//568 569//569 537//537 
f 537//537 569//569 539//539 
f 569//569 570//570 539//539 
f 539//539 570//570 541//541 
f 570//570 571//571 541//541 
f 541//541 571//571 543//543 
f 571//571 572//572 543//543 
f 543//543 572//572 545//545 
f 572//572 573//573 545//545 
f 545//545 573//573 547//547 
f 573//573 574//574 547//547 
f 547//547 574//574 549//549 
f 574//574 575//575 549//549 
f 549//549 575//575 551//551 
f 575//575 576//576 551//551 
f 551//551 576//576 553//553 
f 576//576 577//577 553//553 
f 553//553 577//577 555//555 
f 577//577 578//578 555//555 
f 555//555 578//578 557//557 
f 578//578 579//579 557//557 
f 557//557 579//579 559//559 
f 579//579 580//580 559//559 
f 559//559 580//580 561//561 
f 580//580 581//581 561//561 
f 561//561 581//581 563//563 
f 581//581 582//582 563//563 
f 563//563 582//582 565//565 
f 582//582 583//583 565//565 
f 565//565 583//583 567//567 
f 583//583 584//584 567//567 
f 567//567 584//584 584//584 
f 584//584 568//568 584//584 
f 584//584 568//568 568//568 
f 568//568 585//585 568//568 
f 568//568 585//585 569//569 
f 585//585 586//586 569//569 
f 569//569 586//586 570//570 
f 586//586 587//587 570//570 
f 570//570 587//587 571//571 
f 587//587 588//588 571//571 
f 571//571 588//588 572//572 
f 588//588 589//589 572//572 
f 572//572 589//589 573//573 
f 589//589 590//590 573//573 
f 573//573 590//590 574//574 
f 590//590 591//591 574//574 
f 574//574 591//591 575//575 
f 591//591 592//592 575//575 
f 575//575 592//592 576//576 
f 592//592 593//593 576//576 
f 576//576 593//593 577//577 
f 593//593 594//594 577//577 
f 577//577 594//594 595//595 
f 594//594 595//595 595//595 
f 595//595 595//595 577//577 
f 595//595 577//577 577//577 
f 577//577 577//577 577//577 
f 577//577 595//595 577//577 
f 577//577 595//595 578//578 
f 595//595 579//579 578//578 
f 578//578 579//579 579//579 
f 579//579 595//595 579//579 
f 579//579 595//595 595//595 
f 595//595 596//596 595//595 
f 595//595 596//596 579//579 
f 596//596 580//580 579//579 
f 579//579 580//580 580//580 
f 580//580 596//596 580//580 
f 580//580 596//596 596//596 
f 596//596 597//597 596//596 
f 596//596 597//597 580//580 
f 597//597 581//581 580//580 
f 580//580 581//581 581//581 
f 581//581 597//597 581//581 
f 581//581 597//597 597//597 
f 597//597 598//598 597//597 
f 597//597 598//598 581//581 
f 598//598 582//582 581//581 
f 581//581 582//582 582//582 
f 582//582 598//598 582//582 
f 582//582 598//598 598//598 
f 598//598 599//599 598//598 
f 598//598 599//599 582//582 
f 599//599 583//583 582//582 
f 582//582 583//583 583//583 
f 583//583 599//599 583//583 
f 583//583 599//599 599//599 
f 599//599 600//600 599//599 
f 599//599 600//600 583//583 
f 600//600 584//584 583//583 
f 583//583 584//584 584//584 
f 584//584 478//478 584//584 
f 584//584 478//478 478//478 
f 478//478 480//480 478//478 
f 478//478 480//480 601//601 
f 480//480 602//602 601//601 
f 601//601 602//602 602//602 
f 602//602 480//480 602//602 
f 602//602 480//480 603//603 
f 480//480 482//482 603//603 
f 603//603 482//482 604//604 
f 482//482 484//484 604//604 
f 604//604 484//484 605//605 
f 484//484 605//605 605//605 
f 605//605 605//605 605//605 
f 605//605 606//606 605//605 
f 605//605 606//606 604//604 
f 606//606 607//607 604//604 
f 604//604 607//607 603//603 
f 607//607 608//608 603//603 
f 603//603 608//608 602//602 
f 608//608 602//602 602//602 
f 602//602 602//602 606//606 
f 602//602 606//606 606//606 
f 606//606 606//606 606//606 
f 606//606 609//609 606//606 
f 606//606 609//609 607//607 
f 609//609 610//610 607//607 
f 607//607 610//610 608//608 
f 610//610 608//608 608//608 
f 608//608 608//608 610//610 
f 608//608 610//610 610//610 
f 610//610 610//610 610//610 
f 610//610 609//609 610//610 
f 610//610 609//609 611//611 
f 609//609 612//612 611//611 
f 611//611 612//612 613//613 
f 612//612 614//614 613//613 
f 613//613 614//614 615//615 
f 614//614 616//616 615//615 
f 615//615 616//616 617//617 
f 616//616 618//618 617//617 
f 617//617 618//618 619//619 
f 618//618 620//620 619//619 
f 619//619 620//620 621//621 
f 620//620 622//622 621//621 
f 621//621 622//622 622//622 
f 622//622 609//609 622//622 
f 622//622 609//609 609//609 
f 609//609 623//623 609//609 
f 609//609 623//623 612//612 
f 623//623 624//624 612//612 
f 612//612 624//624 614//614 
f 624//624 625//625 614//614 
f 614//614 625//625 616//616 
f 625//625 626//626 616//616 
f 616//616 626//626 618//618 
f 626//626 627//627 618//618 
f 618//618 627//627 620//620 
f 627//627 628//628 620//620 
f 620//620 628//628 622//622 
f 628//628 629//629 622//622 
f 622//622 629//629 629//629 
f 629//629 623//623 629//629 
f 629//629 623//623 623//623 
f 623//623 630//630 623//623 
f 623//623 630//630 624//624 
f 630//630 631//631 624//624 
f 624//624 631//631 625//625 
f 631//631 632//632 625//625 
f 625//625 632//632 626//626 
f 632//632 633//633 626//626 
f 626//626 633//633 627//627 
f 633//633 634//634 627//627 
f 627//627 634//634 628//628 
f 634//634 635//635 628//628 
f 628//628 635//635 629//629 
f 635//635 636//636 629//629 
f 629//629 636//636 636//636 
f 636//636 630//630 636//636 
f 636//636 630//630 630//630 
f 630//630 623//623 630//630 
f 630//630 623//623 637//637 
f 623//623 606//606 637//637 
f 637//637 606//606 605//605 
f 606//606 605//605 605//605 
f 605//605 605//605 638//638 
f 605//605 638//638 638//638 
f 638//638 638//638 638//638 
f 638//638 639//639 638//638 
f 638//638 639//639 640//640 
f 639//639 641//641 640//640 
f 640//640 641//641 642//642 
f 641//641 643//643 642//642 
f 642//642 643//643 644//644 
f 643//643 645//645 644//644 
f 644//644 645//645 646//646 
f 645//645 647//647 646//646 
f 646//646 647//647 648//648 
f 647//647 649//649 648//648 
f 648//648 649//649 650//650 
f 649//649 651//651 650//650 
f 650//650 651//651 652//652 
f 651//651 653//653 652//652 
f 652//652 653//653 654//654 
f 653//653 655//655 654//654 
f 654//654 655//655 656//656 
f 655//655 657//657 656//656 
f 656//656 657//657 658//658 
f 657//657 659//659 658//658 
f 658//658 659//659 660//660 
f 659//659 661//661 660//660 
f 660//660 661//661 662//662 
f 661//661 663//663 662//662 
f 662//662 663//663 664//664 
f 663//663 665//665 664//664 
f 664//664 665//665 666//666 
f 665//665 667//667 666//666 
f 666//666 667//667 668//668 
f 667//667 669//669 668//668 
f 668//668 669//669 670//670 
f 669//669 671//671 670//670 
f 670//670 671//671 671//671 
f 671//671 639//639 671//671 
f 671//671 639//639 639//639 
f 639//639 672//672 639//639 
f 639//639 672//672 641//641 
f 672//672 673//673 641//641 
f 641//641 673//673 643//643 
f 673//673 674//674 643//643 
f 643//643 674//674 645//645 
f 674//674 675//675 645//645 
f 645//645 675//675 647//647 
f 675//675 676//676 647//647 
f 647//647 676//676 649//649 
f 676//676 677//677 649//649 
f 649//649 677//677 651//651 
f 677//677 678//678 651//651 
f 651//651 678//678 653//653 
f 678//678 679//679 653//653 
f 653//653 679//679 655//655 
f 679//679 680//680 655//655 
f 655//655 680//680 657//657 
f 680//680 681//681 657//657 
f 657//657 681//681 659//659 
f 681//681 682//682 659//659 
f 659//659 682//682 661//661 
f 682//682 683//683 661//661 
f 661//661 683//683 663//663 
f 683//683 684//684 663//663 
f 663//663 684//684 665//665 
f 684//684 685//685 665//665 
f 665//665 685//685 667//667 
f 685//685 686//686 667//667 
f 667//667 686//686 669//669 
f 686//686 687//687 669//669 
f 669//669 687//687 671//671 
f 687//687 688//688 671//671 
f 671//671 688//688 688//688 
f 688//688 672//672 688//688 
f 688//688 672//672 672//672 
f 672//672 689//689 672//672 
f 672//672 689//689 673//673 
f 689//689 690//690 673//673 
f 673//673 690//690 674//674 
f 690//690 691//691 674//674 
f 674//674 691//691 675//675 
f 691//691 692//692 675//675 
f 675//675 692//692 676//676 
f 692//692 693//693 676//676 
f 676//676 693//693 677//677 
f 693//693 694//694 677//677 
f 677//677 694//694 678//678 
f 694//694 695//695 678//678 
f 678//678 695//695 679//679 
f 695//695 696//696 679//679 
f 679//679 696//696 680//680 
f 696//696 697//697 680//680 
f 680//680 697//697 681//681 
f 697//697 698//698 681//681 
f 681//681 698//698 699//699 
f 698//698 699//699 699//699 
f 699//699 699//699 681//681 
f 699//699 681//681 681//681 
f 681//681 681//681 681//681 
f 681//681 699//699 681//681 
f 681//681 699//699 682//682 
f 699//699 683//683 682//682 
f 682//682 683//683 683//683 
f 683//683 699//699 683//683 
f 683//683 699//699 699//699 
f 699//699 700//700 699//699 
f 699//699 700//700 683//683 
f 700//700 684//684 683//683 
f 683//683 684//684 684//684 
f 684//684 700//700 684//684 
f 684//684 700//700 700//700 
f 700//700 701//701 700//700 
f 700//700 701//701 684//684 
f 701//701 685//685 684//684 
f 684//684 685//685 685//685 
f 685//685 701//701 685//685 
f 685//685 701//701 701//701 
f 701//701 702//702 701//701 
f 701//701 702//702 685//685 
f 702//702 686//686 685//685 
f 685//685 686//686 686//686 
f 686//686 702//702 686//686 
f 686//686 702//702 702//702 
f 702//702 703//703 702//702 
f 702//702 703//703 686//686 
f 703//703 687//687 686//686 
f 686//686 687//687 687//687 
f 687//687 703//703 687//687 
f 687//687 703//703 703//703 
f 703//703 704//704 703//703 
f 703//703 704//704 687//687 
f 704//704 688//688 687//687 
f 687//687 688//688 688//688 
f 688//688 705//705 688//688 
f 688//688 705//705 705//705 
f 705//705 706//706 705//705 
f 705//705 706//706 707//707 
f 706//706 708//708 707//707 
f 707//707 708//708 709//709 
f 708//708 710//710 709//709 
f 709//709 710//710 711//711 
f 710//710 712//712 711//711 
f 711//711 712//712 713//713 
f 712//712 714//714 713//713 
f 713//713 714//714 715//715 
f 714//714 716//716 715//715 
f 715//715 716//716 717//717 
f 716//716 718//718 717//717 
f 717//717 718//718 719//719 
f 718//718 720//720 719//719 
f 719//719 720//720 721//721 
f 720//720 722//722 721//721 
f 721//721 722//722 355//355 
f 722//722 353//353 355//355 
f 355//355 353//353 353//353 
f 353//353 706//706 353//353 
f 353//353 706//706 706//706 
f 706//706 723//723 706//706 
f 706//706 723//723 708//708 
f 723//723 724//724 708//708 
f 708//708 724//724 710//710 
f 724//724 725//725 710//710 
f 710//710 725//725 712//712 
f 725//725 726//726 712//712 
f 712//712 726//726 714//714 
f 726//726 727//727 714//714 
f 714//714 727//727 716//716 
f 727//727 728//728 716//716 
f 716//716 728//728 718//718 
f 728//728 729//729 718//718 
f 718//718 729//729 720//720 
f 729//729 730//730 720//720 
f 720//720 730//730 722//722 
f 730//730 731//731 722//722 
f 722//722 731//731 353//353 
f 731//731 351//351 353//353 
f 353//353 351//351 351//351 
f 351//351 723//723 351//351 
f 351//351 723//723 723//723 
f 723//723 732//732 723//723 
f 723//723 732//732 724//724 
f 732//732 733//733 724//724 
f 724//724 733//733 725//725 
f 733//733 734//734 725//725 
f 725//725 734//734 726//726 
f 734//734 735//735 726//726 
f 726//726 735//735 727//727 
f 735//735 736//736 727//727 
f 727//727 736//736 728//728 
f 736//736 737//737 728//728 
f 728//728 737//737 729//729 
f 737//737 738//738 729//729 
f 729//729 738//738 730//730 
f 738//738 739//739 730//730 
f 730//730 739//739 731//731 
f 739//739 740//740 731//731 
f 731//731 740//740 351//351 
f 740//740 741//741 351//351 
f 351//351 741//741 349//349 
f 741//741 349//349 349//349 
f 349//349 349//349 742//742 
f 349//349 742//742 742//742 
f 742//742 742//742 742//742 
f 742//742 743//743 742//742 
f 742//742 743//743 744//744 
f 743//743 745//745 744//744 
f 744//744 745//745 746//746 
f 745//745 747//747 746//746 
f 746//746 747//747 748//748 
f 747//747 749//749 748//748 
f 748//748 749//749 750//750 
f 749//749 751//751 750//750 
f 750//750 751//751 752//752 
f 751//751 753//753 752//752 
f 752//752 753//753 754//754 
f 753//753 755//755 754//754 
f 754//754 755//755 756//756 
f 755//755 757//757 756//756 
f 756//756 757//757 758//758 
f 757//757 759//759 758//758 
f 758//758 759//759 760//760 
f 759//759 761//761 760//760 
f 760//760 761//761 762//762 
f 761//761 763//763 762//762 
f 762//762 763//763 764//764 
f 763//763 765//765 764//764 
f 764//764 765//765 766//766 
f 765//765 767//767 766//766 
f 766//766 767//767 768//768 
f 767//767 769//769 768//768 
f 768//768 769//769 770//770 
f 769//769 771//771 770//770 
f 770//770 771//771 772//772 
f 771//771 773//773 772//772 
f 772//772 773//773 774//774 
f 773//773 775//775 774//774 
f 774//774 775//775 775//775 
f 775//775 743//743 775//775 
f 775//775 743//743 743//743 
f 743//743 776//776 743//743 
f 743//743 776//776 745//745 
f 776//776 777//777 745//745 
f 745//745 777//777 747//747 
f 777//777 778//778 747//747 
f 747//747 778//778 749//749 
f 778//778 779//779 749//749 
f 749//749 779//779 751//751 
f 779//779 780//780 751//751 
f 751//751 780//780 753//753 
f 780//780 781//781 753//753 
f 753//753 781//781 755//755 
f 781//781 782//782 755//755 
f 755//755 782//782 757//757 
f 782//782 783//783 757//757 
f 757//757 783//783 759//759 
f 783//783 784//784 759//759 
f 759//759 784//784 761//761 
f 784//784 785//785 761//761 
f 761//761 785//785 763//763 
f 785//785 786//786 763//763 
f 763//763 786//786 765//765 
f 786//786 787//787 765//765 
f 765//765 787//787 767//767 
f 787//787 788//788 767//767 
f 767//767 788//788 769//769 
f 788//788 789//789 769//769 
f 769//769 789//789 771//771 
f 789//789 790//790 771//771 
f 771//771 790//790 773//773 
f 790//790 791//791 773//773 
f 773//773 791//791 775//775 
f 791//791 792//792 775//775 
f 775//775 792//792 792//792 
f 792//792 776//776 792//792 
f 792//792 776//776 776//776 
f 776//776 793//793 776//776 
f 776//776 793//793 777//777 
f 793//793 794//794 777//777 
f 777//777 794//794 778//778 
f 794//794 795//795 778//778 
f 778//778 795//795 779//779 
f 795//795 796//796 779//779 
f 779//779 796//796 780//780 
f 796//796 797//797 780//780 
f 780//780 797//797 781//781 
f 797//797 798//798 781//781 
f 781//781 798//798 782//782 
f 798//798 799//799 782//782 
f 782//782 799//799 783//783 
f 799//799 800//800 783//783 
f 783//783 800//800 784//784 
f 800//800 801//801 784//784 
f 784//784 801//801 785//785 
f 801//801 802//802 785//785 
f 785//785 802//802 803//803 
f 802//802 803//803 803//803 
f 803//803 803//803 785//785 
f 803//803 785//785 785//785 
f 785//785 785//785 785//785 
f 785//785 803//803 785//785 
f 785//785 803//803 786//786 
f 803//803 787//787 786//786 
f 786//786 787//787 787//787 
f 787//787 803//803 787//787 
f 787//787 803//803 803//803 
f 803//803 804//804 803//803 
f 803//803 804//804 787//787 
f 804//804 788//788 787//787 
f 787//787 788//788 788//788 
f 788//788 804//804 788//788 
f 788//788 804//804 804//804 
f 804//804 805//805 804//804 
f 804//804 805//805 788//788 
f 805//805 789//789 788//788 
f 788//788 789//789 789//789 
f 789//789 805//805 789//789 
f 789//789 805//805 805//805 
f 805//805 806//806 805//805 
f 805//805 806//806 789//789 
f 806//806 790//790 789//789 
f 789//789 790//790 790//790 
f 790//790 806//806 790//790 
f 790//790 806//806 806//806 
f 806//806 807//807 806//806 
f 806//806 807//807 790//790 
f 807//807 791//791 790//790 
f 790//790 791//791 791//791 
f 791//791 807//807 791//791 
f 791//791 807//807 807//807 
f 807//807 808//808 807//807 
f 807//807 808//808 791//791 
f 808//808 792//792 791//791 
f 791//791 792//792 792//792 
f 792//792 809//809 792//792 
f 792//792 809//809 809//809 
f 809//809 810//810 809//809 
f 809//809 810//810 811//811 
f 810//810 812//812 811//811 
f 811//811 812//812 813//813 
f 812//812 814//814 813//813 
f 813//813 814//814 815//815 
f 814//814 816//816 815//815 
f 815//815 816//816 817//817 
f 816//816 818//818 817//817 
f 817//817 818//818 819//819 
f 818//818 820//820 819//819 
f 819//819 820//820 821//821 
f 820//820 822//822 821//821 
f 821//821 822//822 823//823 
f 822//822 824//824 823//823 
f 823//823 824//824 825//825 
f 824//824 826//826 825//825 
f 825//825 826//826 827//827 
f 826//826 828//828 827//827 
f 827//827 828//828 829//829 
f 828//828 830//830 829//829 
f 829//829 830//830 831//831 
f 830//830 832//832 831//831 
f 831//831 832//832 833//833 
f 832//832 834//834 833//833 
f 833//833 834//834 835//835 
f 834//834 836//836 835//835 
f 835//835 836//836 837//837 
f 836//836 838//838 837//837 
f 837//837 838//838 839//839 
f 838//838 840//840 839//839 
f 839//839 840//840 841//841 
f 840//840 842//842 841//841 
f 841//841 842//842 842//842 
f 842//842 810//810 842//842 
f 842//842 810//810 810//810 
f 810//810 843//843 810//810 
f 810//810 843//843 812//812 
f 843//843 844//844 812//812 
f 812//812 844//844 814//814 
f 844//844 845//845 814//814 
f 814//814 845//845 816//816 
f 845//845 846//846 816//816 
f 816//816 846//846 818//818 
f 846//846 847//847 818//818 
f 818//818 847//847 820//820 
f 847//847 848//848 820//820 
f 820//820 848//848 822//822 
f 848//848 849//849 822//822 
f 822//822 849//849 824//824 
f 849//849 850//850 824//824 
f 824//824 850//850 826//826 
f 850//850 851//851 826//826 
f 826//826 851//851 828//828 
f 851//851 852//852 828//828 
f 828//828 852//852 830//830 
f 852//852 853//853 830//830 
f 830//830 853//853 832//832 
f 853//853 854//854 832//832 
f 832//832 854//854 834//834 
f 854//854 855//855 834//834 
f 834//834 855//855 836//836 
f 855//855 856//856 836//836 
f 836//836 856//856 838//838 
f 856//856 857//857 838//838 
f 838//838 857//857 840//840 
f 857//857 858//858 840//840 
f 840//840 858//858 842//842 
f 858//858 859//859 842//842 
f 842//842 859//859 859//859 
f 859//859 843//843 859//859 
f 859//859 843//843 843//843 
f 843//843 860//860 843//843 
f 843//843 860//860 844//844 
f 860//860 861//861 844//844 
f 844//844 861//861 845//845 
f 861//861 862//862 845//845 
f 845//845 862//862 846//846 
f 862//862 863//863 846//846 
f 846//846 863//863 847//847 
f 863//863 864//864 847//847 
f 847//847 864//864 848//848 
f 864//864 865//865 848//848 
f 848//848 865//865 849//849 
f 865//865 866//866 849//849 
f 849//849 866//866 850//850 
f 866//866 867//867 850//850 
f 850//850 867//867 851//851 
f 867//867 868//868 851//851 
f 851//851 868//868 852//852 
f 868//868 869//869 852//852 
f 852//852 869//869 870//870 
f 869//869 870//870 870//870 
f 870//870 870//870 852//852 
f 870//870 852//852 852//852 
f 852//852 852//852 852//852 
f 852//852 870//870 852//852 
f 852//852 870//870 853//853 
f 870//870 854//854 853//853 
f 853//853 854//854 854//854 
f 854//854 870//870 854//854 
f 854//854 870//870 870//870 
f 870//870 871//871 870//870 
f 870//870 871//871 854//854 
f 871//871 855//855 854//854 
f 854//854 855//855 855//855 
f 855//855 871//871 855//855 
f 855//855 871//871 871//871 
f 871//871 872//872 871//871 
f 871//871 872//872 855//855 
f 872//872 856//856 855//855 
f 855//855 856//856 856//856 
f 856//856 872//872 856//856 
f 856//856 872//872 872//872 
f 872//872 873//873 872//872 
f 872//872 873//873 856//856 
f 873//873 857//857 856//856 
f 856//856 857//857 857//857 
f 857//857 873//873 857//857 
f 857//857 873//873 873//873 
f 873//873 874//874 873//873 
f 873//873 874//874 857//857 
f 874//874 858//858 857//857 
f 857//857 858//858 858//858 
f 858//858 874//874 858//858 
f 858//858 874//874 874//874 
f 874//874 875//875 874//874 
f 874//874 875//875 858//858 
f 875//875 859//859 858//858 
f 858//858 859//859 859//859 
f 859//859 876//876 859//859 
f 859//859 876//876 876//876 
f 876//876 877//877 876//876 
f 876//876 877//877 878//878 
f 877//877 879//879 878//878 
f 878//878 879//879 880//880 
f 879//879 881//881 880//880 
f 880//880 881//881 882//882 
f 881//881 883//883 882//882 
f 882//882 883//883 884//884 
f 883//883 885//885 884//884 
f 884//884 885//885 886//886 
f 885//885 887//887 886//886 
f 886//886 887//887 888//888 
f 887//887 889//889 888//888 
f 888//888 889//889 890//890 
f 889//889 891//891 890//890 
f 890//890 891//891 892//892 
f 891//891 893//893 892//892 
f 892//892 893//893 894//894 
f 893//893 894//894 894//894 
f 894//894 894//894 877//877 
f 894//894 877//877 877//877 
f 877//877 877//877 877//877 
f 877//877 895//895 877//877 
f 877//877 895//895 879//879 
f 895//895 896//896 879//879 
f 879//879 896//896 881//881 
f 896//896 897//897 881//881 
f 881//881 897//897 883//883 
f 897//897 898//898 883//883 
f 883//883 898//898 885//885 
f 898//898 899//899 885//885 
f 885//885 899//899 887//887 
f 899//899 900//900 887//887 
f 887//887 900//900 889//889 
f 900//900 891//891 889//889 
f 889//889 891//891 891//891 
f 891//891 895//895 891//891 
f 891//891 895//895 895//895 
f 895//895 901//901 895//895 
f 895//895 901//901 896//896 
f 901//901 902//902 896//896 
f 896//896 902//902 897//897 
f 902//902 903//903 897//897 
f 897//897 903//903 898//898 
f 903//903 904//904 898//898 
f 898//898 904//904 899//899 
f 904//904 905//905 899//899 
f 899//899 905//905 900//900 
f 905//905 906//906 900//900 
f 900//900 906//906 891//891 
f 906//906 893//893 891//891 
f 891//891 893//893 893//893 
f 893//893 888//888 893//893 
f 893//893 888//888 888//888 
f 888//888 890//890 888//888 
f 888//888 890//890 907//907 
f 890//890 908//908 907//907 
f 907//907 908//908 908//908 
f 908//908 890//890 908//908 
f 908//908 890//890 909//909 
f 890//890 892//892 909//909 
f 909//909 892//892 910//910 
f 892//892 894//894 910//910 
f 910//910 894//894 911//911 
f 894//894 911//911 911//911 
f 911//911 911//911 911//911 
f 911//911 912//912 911//911 
f 911//911 912//912 910//910 
f 912//912 913//913 910//910 
f 910//910 913//913 909//909 
f 913//913 914//914 909//909 
f 909//909 914//914 908//908 
f 914//914 908//908 908//908 
f 908//908 908//908 912//912 
f 908//908 912//912 912//912 
f 912//912 912//912 912//912 
f 912//912 915//915 912//912 
f 912//912 915//915 913//913 
f 915//915 916//916 913//913 
f 913//913 916//916 914//914 
f 916//916 914//914 914//914 
f 914//914 914//914 916//916 
f 914//914 916//916 916//916 
f 916//916 916//916 916//916 
f 916//916 915//915 916//916 
f 916//916 915//915 917//917 
f 915//915 918//918 917//917 
f 917//917 918//918 919//919 
f 918//918 920//920 919//919 
f 919//919 920//920 921//921 
f 920//920 922//922 921//921 
f 921//921 922//922 923//923 
f 922//922 924//924 923//923 
f 923//923 924//924 925//925 
f 924//924 926//926 925//925 
f 925//925 926//926 927//927 
f 926//926 928//928 927//927 
f 927//927 928//928 928//928 
f 928//928 915//915 928//928 
f 928//928 915//915 915//915 
f 915//915 929//929 915//915 
f 915//915 929//929 918//918 
f 929//929 930//930 918//918 
f 918//918 930//930 920//920 
f 930//930 931//931 920//920 
f 920//920 931//931 922//922 
f 931//931 932//932 922//922 
f 922//922 932//932 924//924 
f 932//932 933//933 924//924 
f 924//924 933//933 926//926 
f 933//933 934//934 926//926 
f 926//926 934//934 928//928 
f 934//934 935//935 928//928 
f 928//928 935//935 935//935 
f 935//935 929//929 935//935 
f 935//935 929//929 929//929 
f 929//929 936//936 929//929 
f 929//929 936//936 930//930 
f 936//936 937//937 930//930 
f 930//930 937//937 931//931 
f 937//937 938//938 931//931 
f 931//931 938//938 932//932 
f 938//938 939//939 932//932 
f 932//932 939//939 933//933 
f 939//939 940//940 933//933 
f 933//933 940//940 934//934 
f 940//940 941//941 934//934 
f 934//934 941//941 935//935 
f 941//941 942//942 935//935 
f 935//935 942//942 942//942 
f 942//942 936//936 942//942 
f 942//942 936//936 936//936 
f 936//936 929//929 936//936 
f 936//936 929//929 943//943 
f 929//929 912//912 943//943 
f 943//943 912//912 911//911 
f 912//912 911//911 911//911 
f 911//911 911//911 944//944 
f 911//911 944//944 944//944 
f 944//944 944//944 944//944 
f 944//944 945//945 944//944 
f 944//944 945//945 946//946 
f 945//945 947//947 946//946 
f 946//946 947//947 948//948 
f 947//947 949//949 948//948 
f 948//948 949//949 950//950 
f 949//949 951//951 950//950 
f 950//950 951//951 952//952 
f 951//951 953//953 952//952 
f 952//952 953//953 954//954 
f 953//953 955//955 954//954 
f 954//954 955//955 956//956 
f 955//955 957//957 956//956 
f 956//956 957//957 958//958 
f 957//957 959//959 958//958 
f 958//958 959//959 960//960 
f 959//959 961//961 960//960 
f 960//960 961//961 962//962 
f 961//961 962//962 962//962 
f 962//962 962//962 945//945 
f 962//962 945//945 945//945 
f 945//945 945//945 945//945 
f 945//945 963//963 945//945 
f 945//945 963//963 947//947 
f 963//963 964//964 947//947 
f 947//947 964//964 949//949 
f 964//964 965//965 949//949 
f 949//949 965//965 951//951 
f 965//965 966//966 951//951 
f 951//951 966//966 953//953 
f 966//966 967//967 953//953 
f 953//953 967//967 955//955 
f 967//967 968//968 955//955 
f 955//955 968//968 957//957 
f 968//968 959//959 957//957 
f 957//957 959//959 959//959 
f 959//959 963//963 959//959 
f 959//959 963//963 963//963 
f 963//963 969//969 963//963 
f 963//963 969//969 964//964 
f 969//969 970//970 964//964 
f 964//964 970//970 965//965 
f 970//970 971//971 965//965 
f 965//965 971//971 966//966 
f 971//971 972//972 966//966 
f 966//966 972//972 967//967 
f 972//972 973//973 967//967 
f 967//967 973//973 968//968 
f 973//973 974//974 968//968 
f 968//968 974//974 959//959 
f 974//974 961//961 959//959 
f 959//959 961//961 961//961 
f 961//961 975//975 961//961 
f 961//961 975//975 975//975 
f 975//975 976//976 975//975 
f 975//975 976//976 977//977 
f 976//976 978//978 977//977 
f 977//977 978//978 979//979 
f 978//978 980//980 979//979 
f 979//979 980//980 981//981 
f 980//980 982//982 981//981 
f 981//981 982//982 983//983 
f 982//982 984//984 983//983 
f 983//983 984//984 985//985 
f 984//984 986//986 985//985 
f 985//985 986//986 987//987 
f 986//986 988//988 987//987 
f 987//987 988//988 989//989 
f 988//988 990//990 989//989 
f 989//989 990//990 991//991 
f 990//990 992//992 991//991 
f 991//991 992//992 962//962 
f 992//992 960//960 962//962 
f 962//962 960//960 960//960 
f 960//960 976//976 960//960 
f 960//960 976//976 976//976 
f 976//976 993//993 976//976 
f 976//976 993//993 978//978 
f 993//993 994//994 978//978 
f 978//978 994//994 980//980 
f 994//994 995//995 980//980 
f 980//980 995//995 982//982 
f 995//995 996//996 982//982 
f 982//982 996//996 984//984 
f 996//996 997//997 984//984 
f 984//984 997//997 986//986 
f 997//997 998//998 986//986 
f 986//986 998//998 988//988 
f 998//998 999//999 988//988 
f 988//988 999//999 990//990 
f 999//999 1000//1000 990//990 
f 990//990 1000//1000 992//992 
f 1000//1000 1001//1001 992//992 
f 992//992 1001//1001 960//960 
f 1001//1001 958//958 960//960 
f 960//960 958//958 958//958 
f 958//958 993//993 958//958 
f 958//958 993//993 993//993 
f 993//993 1002//1002 993//993 
f 993//993 1002//1002 994//994 
f 1002//1002 1003//1003 994//994 
f 994//994 1003//1003 995//995 
f 1003//1003 1004//1004 995//995 
f 995//995 1004//1004 996//996 
f 1004//1004 1005//1005 996//996 
f 996//996 1005//1005 997//997 
f 1005//1005 1006//1006 997//997 
f 997//997 1006//1006 998//998 
f 1006//1006 1007//1007 998//998 
f 998//998 1007//1007 999//999 
f 1007//1007 1008//1008 999//999 
f 999//999 1008//1008 1000//1000 
f 1008//1008 1009//1009 1000//1000 
f 1000//1000 1009//1009 1001//1001 
f 1009//1009 1010//1010 1001//1001 
f 1001//1001 1010//1010 958//958 
f 1010//1010 1011//1011 958//958 
f 958//958 1011//1011 956//956 
f 1011//1011 956//956 956//956 
f 956//956 956//956 1012//1012 
f 956//956 1012//1012 1012//1012 
f 1012//1012 1012//1012 1012//1012 
f 1012//1012 1013//1013 1012//1012 
f 1012//1012 1013//1013 1014//1014 
f 1013//1013 1015//1015 1014//1014 
f 1014//1014 1015//1015 1016//1016 
f 1015//1015 1017//1017 1016//1016 
f 1016//1016 1017//1017 1018//1018 
f 1017//1017 1019//1019 1018//1018 
f 1018//1018 1019//1019 1020//1020 
f 1019//1019 1021//1021 1020//1020 
f 1020//1020 1021//1021 1022//1022 
f 1021//1021 1023//1023 1022//1022 
f 1022//1022 1023//1023 1024//1024 
f 1023//1023 1025//1025 1024//1024 
f 1024//1024 1025//1025 1026//1026 
f 1025//1025 1027//1027 1026//1026 
f 1026//1026 1027//1027 1028//1028 
f 1027//1027 1029//1029 1028//1028 
f 1028//1028 1029//1029 1030//1030 
f 1029//1029 1031//1031 1030//1030 
f 1030//1030 1031//1031 1032//1032 
f 1031//1031 1033//1033 1032//1032 
f 1032//1032 1033//1033 1034//1034 
f 1033//1033 1035//1035 1034//1034 
f 1034//1034 1035//1035 1036//1036 
f 1035//1035 1037//1037 1036//1036 
f 1036//1036 1037//1037 1038//1038 
f 1037//1037 1039//1039 1038//1038 
f 1038//1038 1039//1039 1040//1040 
f 1039//1039 1041//1041 1040//1040 
f 1040//1040 1041//1041 1042//1042 
f 1041//1041 1043//1043 1042//1042 
f 1042//1042 1043//1043 1044//1044 
f 1043//1043 1045//1045 1044//1044 
f 1044//1044 1045//1045 1045//1045 
f 1045//1045 1013//1013 1045//1045 
f 1045//1045 1013//1013 1013//1013 
f 1013//1013 1046//1046 1013//1013 
f 1013//1013 1046//1046 1015//1015 
f 1046//1046 1047//1047 1015//1015 
f 1015//1015 1047//1047 1017//1017 
f 1047//1047 1048//1048 1017//1017 
f 1017//1017 1048//1048 1019//1019 
f 1048//1048 1049//1049 1019//1019 
f 1019//1019 1049//1049 1021//1021 
f 1049//1049 1050//1050 1021//1021 
f 1021//1021 1050//1050 1023//1023 
f 1050//1050 1051//1051 1023//1023 
f 1023//1023 1051//1051 1025//1025 
f 1051//1051 1052//1052 1025//1025 
f 1025//1025 1052//1052 1027//1027 
f 1052//1052 1053//1053 1027//1027 
f 1027//1027 1053//1053 1029//1029 
f 1053//1053 1054//1054 1029//1029 
f 1029//1029 1054//1054 1031//1031 
f 1054//1054 1055//1055 1031//1031 
f 1031//1031 1055//1055 1033//1033 
f 1055//1055 1056//1056 1033//1033 
f 1033//1033 1056//1056 1035//1035 
f 1056//1056 1057//1057 1035//1035 
f 1035//1035 1057//1057 1037//1037 
f 1057//1057 1058//1058 1037//1037 
f 1037//1037 1058//1058 1039//1039 
f 1058//1058 1059//1059 1039//1039 
f 1039//1039 1059//1059 1041//1041 
f 1059//1059 1060//1060 1041//1041 
f 1041//1041 1060//1060 1043//1043 
f 1060//1060 1061//1061 1043//1043 
f 1043//1043 1061//1061 1045//1045 
f 1061//1061 1062//1062 1045//1045 
f 1045//1045 1062//1062 1062//1062 
f 1062//1062 1046//1046 1062//1062 
f 1062//1062 1046//1046 1046//1046 
f 1046//1046 1063//1063 1046//1046 
f 1046//1046 1063//1063 1047//1047 
f 1063//1063 1064//1064 1047//1047 
f 1047//1047 1064//1064 1048//1048 
f 1064//1064 1065//1065 1048//1048 
f 1048//1048 1065//1065 1049//1049 
f 1065//1065 1066//1066 1049//1049 
f 1049//1049 1066//1066 1050//1050 
f 1066//1066 1067//1067 1050//1050 
f 1050//1050 1067//1067 1051//1051 
f 1067//1067 1068//1068 1051//1051 
f 1051//1051 1068//1068 1052//1052 
f 1068//1068 1069//1069 1052//1052 
f 1052//1052 1069//1069 1053//1053 
f 1069//1069 1070//1070 1053//1053 
f 1053//1053 1070//1070 1054//1054 
f 1070//1070 1071//1071 1054//1054 
f 1054//1054 1071//1071 1055//1055 
f 1071//1071 1072//1072 1055//1055 
f 1055//1055 1072//1072 1073//1073 
f 1072//1072 1073//1073 1073//1073 
f 1073//1073 1073//1073 1055//1055 
f 1073//1073 1055//1055 1055//1055 
f 1055//1055 1055//1055 1055//1055 
f 1055//1055 1073//1073 1055//1055 
f 1055//1055 1073//1073 1056//1056 
f 1073//1073 1057//1057 1056//1056 
f 1056//1056 1057//1057 1057//1057 
f 1057//1057 1073//1073 1057//1057 
f 1057//1057 1073//1073 1073//1073 
f 1073//1073 1074//1074 1073//1073 
f 1073//1073 1074//1074 1057//1057 
f 1074//1074 1058//1058 1057//1057 
f 1057//1057 1058//1058 1058//1058 
f 1058//1058 1074//1074 1058//1058 
f 1058//1058 1074//1074 1074//1074 
f 1074//1074 1075//1075 1074//1074 
f 1074//1074 1075//1075 1058//1058 
f 1075//1075 1059//1059 1058//1058 
f 1058//1058 1059//1059 1059//1059 
f 1059//1059 1075//1075 1059//1059 
f 1059//1059 1075//1075 1075//1075 
f 1075//1075 1076//1076 1075//1075 
f 1075//1075 1076//1076 1059//1059 
f 1076//1076 1060//1060 1059//1059 
f 1059//1059 1060//1060 1060//1060 
f 1060//1060 1076//1076 1060//1060 
f 1060//1060 1076//1076 1076//1076 
f 1076//1076 1077//1077 1076//1076 
f 1076//1076 1077//1077 1060//1060 
f 1077//1077 1061//1061 1060//1060 
f 1060//1060 1061//1061 1061//1061 
f 1061//1061 1077//1077 1061//1061 
f 1061//1061 1077//1077 1077//1077 
f 1077//1077 1078//1078 1077//1077 
f 1077//1077 1078//1078 1061//1061 
f 1078//1078 1062//1062 1061//1061 
f 1061//1061 1062//1062 1062//1062 
f 1062//1062 1079//1079 1062//1062 
f 1062//1062 1079//1079 1079//1079 
f 1079//1079 1080//1080 1079//1079 
f 1079//1079 1080//1080 1081//1081 
f 1080//1080 1082//1082 1081//1081 
f 1081//1081 1082//1082 1083//1083 
f 1082//1082 1084//1084 1083//1083 
f 1083//1083 1084//1084 1085//1085 
f 1084//1084 1086//1086 1085//1085 
f 1085//1085 1086//1086 1087//1087 
f 1086//1086 1088//1088 1087//1087 
f 1087//1087 1088//1088 1089//1089 
f 1088//1088 1090//1090 1089//1089 
f 1089//1089 1090//1090 1091//1091 
f 1090//1090 1092//1092 1091//1091 
f 1091//1091 1092//1092 1093//1093 
f 1092//1092 1094//1094 1093//1093 
f 1093//1093 1094//1094 1095//1095 
f 1094//1094 1096//1096 1095//1095 
f 1095//1095 1096//1096 1097//1097 
f 1096//1096 1098//1098 1097//1097 
f 1097//1097 1098//1098 1099//1099 
f 1098//1098 1100//1100 1099//1099 
f 1099//1099 1100//1100 1101//1101 
f 1100//1100 1102//1102 1101//1101 
f 1101//1101 1102//1102 1103//1103 
f 1102//1102 1104//1104 1103//1103 
f 1103//1103 1104//1104 1105//1105 
f 1104//1104 1106//1106 1105//1105 
f 1105//1105 1106//1106 1107//1107 
f 1106//1106 1108//1108 1107//1107 
f 1107//1107 1108//1108 1109//1109 
f 1108//1108 1110//1110 1109//1109 
f 1109//1109 1110//1110 1079//1079 
f 1110//1110 1080//1080 1079//1079 
f 1079//1079 1080//1080 1080//1080 
f 1080//1080 1110//1110 1080//1080 
f 1080//1080 1110//1110 1110//1110 
f 1110//1110 1111//1111 1110//1110 
f 1110//1110 1111//1111 1080//1080 
f 1111//1111 1112//1112 1080//1080 
f 1080//1080 1112//1112 1082//1082 
f 1112//1112 1113//1113 1082//1082 
f 1082//1082 1113//1113 1084//1084 
f 1113//1113 1114//1114 1084//1084 
f 1084//1084 1114//1114 1086//1086 
f 1114//1114 1115//1115 1086//1086 
f 1086//1086 1115//1115 1088//1088 
f 1115//1115 1116//1116 1088//1088 
f 1088//1088 1116//1116 1090//1090 
f 1116//1116 1117//1117 1090//1090 
f 1090//1090 1117//1117 1092//1092 
f 1117//1117 1118//1118 1092//1092 
f 1092//1092 1118//1118 1094//1094 
f 1118//1118 1119//1119 1094//1094 
f 1094//1094 1119//1119 1096//1096 
f 1119//1119 1120//1120 1096//1096 
f 1096//1096 1120//1120 1098//1098 
f 1120//1120 1121//1121 1098//1098 
f 1098//1098 1121//1121 1100//1100 
f 1121//1121 1122//1122 1100//1100 
f 1100//1100 1122//1122 1102//1102 
f 1122//1122 1123//1123 1102//1102 
f 1102//1102 1123//1123 1104//1104 
f 1123//1123 1124//1124 1104//1104 
f 1104//1104 1124//1124 1106//1106 
f 1124//1124 1125//1125 1106//1106 
f 1106//1106 1125//1125 1108//1108 
f 1125//1125 1126//1126 1108//1108 
f 1108//1108 1126//1126 1110//1110 
f 1126//1126 1111//1111 1110//1110 
f 1110//1110 1111//1111 1111//1111 
f 1111//1111 1126//1126 1111//1111 
f 1111//1111 1126//1126 1126//1126 
f 1126//1126 1127//1127 1126//1126 
f 1126//1126 1127//1127 1111//1111 
f 1127//1127 1128//1128 1111//1111 
f 1111//1111 1128//1128 1112//1112 
f 1128//1128 1129//1129 1112//1112 
f 1112//1112 1129//1129 1113//1113 
f 1129//1129 1130//1130 1113//1113 
f 1113//1113 1130//1130 1114//1114 
f 1130//1130 1131//1131 1114//1114 
f 1114//1114 1131//1131 1115//1115 
f 1131//1131 1132//1132 1115//1115 
f 1115//1115 1132//1132 1116//1116 
f 1132//1132 1133//1133 1116//1116 
f 1116//1116 1133//1133 1117//1117 
f 1133//1133 1134//1134 1117//1117 
f 1117//1117 1134//1134 1118//1118 
f 1134//1134 1135//1135 1118//1118 
f 1118//1118 1135//1135 1119//1119 
f 1135//1135 1136//1136 1119//1119 
f 1119//1119 1136//1136 1120//1120 
f 1136//1136 1137//1137 1120//1120 
f 1120//1120 1137//1137 1121//1121 
f 1137//1137 1138//1138 1121//1121 
f 1121//1121 1138//1138 1122//1122 
f 1138//1138 1139//1139 1122//1122 
f 1122//1122 1139//1139 1123//1123 
f 1139//1139 1140//1140 1123//1123 
f 1123//1123 1140//1140 1124//1124 
f 1140//1140 1141//1141 1124//1124 
f 1124//1124 1141//1141 1125//1125 
f 1141//1141 1142//1142 1125//1125 
f 1125//1125 1142//1142 1127//1127 
f 1142//1142 1143//1143 1127//1127 
f 1127//1127 1143//1143 1144//1144 
f 1143//1143 1145//1145 1144//1144 
f 1144//1144 1145//1145 1146//1146 
f 1145//1145 1147//1147 1146//1146 
f 1146//1146 1147//1147 1148//1148 
f 1147//1147 1149//1149 1148//1148 
f 1148//1148 1149//1149 1150//1150 
f 1149//1149 1151//1151 1150//1150 
f 1150//1150 1151//1151 1152//1152 
f 1151//1151 1152//1152 1152//1152 
f 1152//1152 1152//1152 1127//1127 
f 1152//1152 1127//1127 1127//1127 
f 1127//1127 1127//1127 1127//1127 
f 1127//1127 1144//1144 1127//1127 
f 1127//1127 1144//1144 1128//1128 
f 1144//1144 1153//1153 1128//1128 
f 1128//1128 1153//1153 1129//1129 
f 1153//1153 1154//1154 1129//1129 
f 1129//1129 1154//1154 1130//1130 
f 1154//1154 1155//1155 1130//1130 
f 1130//1130 1155//1155 1131//1131 
f 1155//1155 1156//1156 1131//1131 
f 1131//1131 1156//1156 1132//1132 
f 1156//1156 1157//1157 1132//1132 
f 1132//1132 1157//1157 1133//1133 
f 1157//1157 1158//1158 1133//1133 
f 1133//1133 1158//1158 1134//1134 
f 1158//1158 1159//1159 1134//1134 
f 1134//1134 1159//1159 1135//1135 
f 1159//1159 1160//1160 1135//1135 
f 1135//1135 1160//1160 1136//1136 
f 1160//1160 1161//1161 1136//1136 
f 1136//1136 1161//1161 1137//1137 
f 1161//1161 1162//1162 1137//1137 
f 1137//1137 1162//1162 1138//1138 
f 1162//1162 1163//1163 1138//1138 
f 1138//1138 1163//1163 1139//1139 
f 1163//1163 1164//1164 1139//1139 
f 1139//1139 1164//1164 1140//1140 
f 1164//1164 1165//1165 1140//1140 
f 1140//1140 1165//1165 1141//1141 
f 1165//1165 1166//1166 1141//1141 
f 1141//1141 1166//1166 1142//1142 
f 1166//1166 1143//1143 1142//1142 
f 1142//1142 1143//1143 1143//1143 
f 1143//1143 1144//1144 1143//1143 
f 1143//1143 1144//1144 1144//1144 
f 1144//1144 1146//1146 1144//1144 
f 1144//1144 1146//1146 1153//1153 
f 1146//1146 1167//1167 1153//1153 
f 1153//1153 1167//1167 1154//1154 
f 1167//1167 1168//1168 1154//1154 
f 1154//1154 1168//1168 1155//1155 
f 1168//1168 1169//1169 1155//1155 
f 1155//1155 1169//1169 1156//1156 
f 1169//1169 1170//1170 1156//1156 
f 1156//1156 1170//1170 1157//1157 
f 1170//1170 1171//1171 1157//1157 
f 1157//1157 1171//1171 1158//1158 
f 1171//1171 1172//1172 1158//1158 
f 1158//1158 1172//1172 1159//1159 
f 1172//1172 1173//1173 1159//1159 
f 1159//1159 1173//1173 1160//1160 
f 1173//1173 1174//1174 1160//1160 
f 1160//1160 1174//1174 1161//1161 
f 1174//1174 1175//1175 1161//1161 
f 1161//1161 1175//1175 1162//1162 
f 1175//1175 1176//1176 1162//1162 
f 1162//1162 1176//1176 1163//1163 
f 1176//1176 1177//1177 1163//1163 
f 1163//1163 1177//1177 1164//1164 
f 1177//1177 1178//1178 1164//1164 
f 1164//1164 1178//1178 1165//1165 
f 1178//1178 1179//1179 1165//1165 
f 1165//1165 1179//1179 1166//1166 
f 1179//1179 1180//1180 1166//1166 
f 1166//1166 1180//1180 1143//1143 
f 1180//1180 1145//1145 1143//1143 
f 1143//1143 1145//1145 1145//1145 
f 1145//1145 1146//1146 1145//1145 
f 1145//1145 1146//1146 1146//1146 
f 1146//1146 1148//1148 1146//1146 
f 1146//1146 1148//1148 1167//1167 
f 1148//1148 1181//1181 1167//1167 
f 1167//1167 1181//1181 1168//1168 
f 1181//1181 1182//1182 1168//1168 
f 1168//1168 1182//1182 1169//1169 
f 1182//1182 1183//1183 1169//1169 
f 1169//1169 1183//1183 1170//1170 
f 1183//1183 1184//1184 1170//1170 
f 1170//1170 1184//1184 1171//1171 
f 1184//1184 1185//1185 1171//1171 
f 1171//1171 1185//1185 1172//1172 
f 1185//1185 1186//1186 1172//1172 
f 1172//1172 1186//1186 1173//1173 
f 1186//1186 1187//1187 1173//1173 
f 1173//1173 1187//1187 1174//1174 
f 1187//1187 1188//1188 1174//1174 
f 1174//1174 1188//1188 1175//1175 
f 1188//1188 1189//1189 1175//1175 
f 1175//1175 1189//1189 1176//1176 
f 1189//1189 1190//1190 1176//1176 
f 1176//1176 1190//1190 1177//1177 
f 1190//1190 1191//1191 1177//1177 
f 1177//1177 1191//1191 1178//1178 
f 1191//1191 1192//1192 1178//1178 
f 1178//1178 1192//1192 1179//1179 
f 1192//1192 1193//1193 1179//1179 
f 1179//1179 1193//1193 1180//1180 
f 1193//1193 1194//1194 1180//1180 
f 1180//1180 1194//1194 1145//1145 
f 1194//1194 1147//1147 1145//1145 
f 1145//1145 1147//1147 1147//1147 
f 1147//1147 1148//1148 1147//1147 
f 1147//1147 1148//1148 1148//1148 
f 1148//1148 1150//1150 1148//1148 
f 1148//1148 1150//1150 1181//1181 
f 1150//1150 1195//1195 1181//1181 
f 1181//1181 1195//1195 1182//1182 
f 1195//1195 1196//1196 1182//1182 
f 1182//1182 1196//1196 1183//1183 
f 1196//1196 1197//1197 1183//1183 
f 1183//1183 1197//1197 1184//1184 
f 1197//1197 1198//1198 1184//1184 
f 1184//1184 1198//1198 1185//1185 
f 1198//1198 1199//1199 1185//1185 
f 1185//1185 1199//1199 1186//1186 
f 1199//1199 1200//1200 1186//1186 
f 1186//1186 1200//1200 1187//1187 
f 1200//1200 1201//1201 1187//1187 
f 1187//1187 1201//1201 1188//1188 
f 1201//1201 1202//1202 1188//1188 
f 1188//1188 1202//1202 1189//1189 
f 1202//1202 1203//1203 1189//1189 
f 1189//1189 1203//1203 1190//1190 
f 1203//1203 1204//1204 1190//1190 
f 1190//1190 1204//1204 1191//1191 
f 1204//1204 1205//1205 1191//1191 
f 1191//1191 1205//1205 1192//1192 
f 1205//1205 1206//1206 1192//1192 
f 1192//1192 1206//1206 1193//1193 
f 1206//1206 1207//1207 1193//1193 
f 1193//1193 1207//1207 1194//1194 
f 1207//1207 1208//1208 1194//1194 
f 1194//1194 1208//1208 1147//1147 
f 1208//1208 1149//1149 1147//1147 
f 1147//1147 1149//1149 1149//1149 
f 1149//1149 1150//1150 1149//1149 
f 1149//1149 1150//1150 1150//1150 
f 1150//1150 1152//1152 1150//1150 
f 1150//1150 1152//1152 1195//1195 
f 1152//1152 1209//1209 1195//1195 
f 1195//1195 1209//1209 1196//1196 
f 1209//1209 1210//1210 1196//1196 
f 1196//1196 1210//1210 1197//1197 
f 1210//1210 1211//1211 1197//1197 
f 1197//1197 1211//1211 1198//1198 
f 1211//1211 1212//1212 1198//1198 
f 1198//1198 1212//1212 1199//1199 
f 1212//1212 1213//1213 1199//1199 
f 1199//1199 1213//1213 1200//1200 
f 1213//1213 1214//1214 1200//1200 
f 1200//1200 1214//1214 1201//1201 
f 1214//1214 1215//1215 1201//1201 
f 1201//1201 1215//1215 1202//1202 
f 1215//1215 1216//1216 1202//1202 
f 1202//1202 1216//1216 1203//1203 
f 1216//1216 1217//1217 1203//1203 
f 1203//1203 1217//1217 1204//1204 
f 1217//1217 1218//1218 1204//1204 
f 1204//1204 1218//1218 1205//1205 
f 1218//1218 1219//1219 1205//1205 
f 1205//1205 1219//1219 1206//1206 
f 1219//1219 1220//1220 1206//1206 
f 1206//1206 1220//1220 1207//1207 
f 1220//1220 1221//1221 1207//1207 
f 1207//1207 1221//1221 1208//1208 
f 1221//1221 1222//1222 1208//1208 
f 1208//1208 1222//1222 1151//1151 
f 1222//1222 1151//1151 1151//1151 
f 1151//1151 1151//1151 1223//1223 
f 1151//1151 1223//1223 1223//1223 
f 1223//1223 1223//1223 1223//1223 
f 1223//1223 1224//1224 1223//1223 
f 1223//1223 1224//1224 1225//1225 
f 1224//1224 1226//1226 1225//1225 
f 1225//1225 1226//1226 1227//1227 
f 1226//1226 1228//1228 1227//1227 
f 1227//1227 1228//1228 1229//1229 
f 1228//1228 1230//1230 1229//1229 
f 1229//1229 1230//1230 1231//1231 
f 1230//1230 1232//1232 1231//1231 
f 1231//1231 1232//1232 1233//1233 
f 1232//1232 1234//1234 1233//1233 
f 1233//1233 1234//1234 1235//1235 
f 1234//1234 1236//1236 1235//1235 
f 1235//1235 1236//1236 1237//1237 
f 1236//1236 1238//1238 1237//1237 
f 1237//1237 1238//1238 1239//1239 
f 1238//1238 1240//1240 1239//1239 
f 1239//1239 1240//1240 1241//1241 
f 1240//1240 1242//1242 1241//1241 
f 1241//1241 1242//1242 1243//1243 
f 1242//1242 1244//1244 1243//1243 
f 1243//1243 1244//1244 1245//1245 
f 1244//1244 1246//1246 1245//1245 
f 1245//1245 1246//1246 1247//1247 
f 1246//1246 1248//1248 1247//1247 
f 1247//1247 1248//1248 1249//1249 
f 1248//1248 1250//1250 1249//1249 
f 1249//1249 1250//1250 1251//1251 
f 1250//1250 1252//1252 1251//1251 
f 1251//1251 1252//1252 1253//1253 
f 1252//1252 1254//1254 1253//1253 
f 1253//1253 1254//1254 1223//1223 
f 1254//1254 1224//1224 1223//1223 
f 1223//1223 1224//1224 1224//1224 
f 1224//1224 1254//1254 1224//1224 
f 1224//1224 1254//1254 1254//1254 
f 1254//1254 1255//1255 1254//1254 
f 1254//1254 1255//1255 1224//1224 
f 1255//1255 1256//1256 1224//1224 
f 1224//1224 1256//1256 1226//1226 
f 1256//1256 1257//1257 1226//1226 
f 1226//1226 1257//1257 1228//1228 
f 1257//1257 1258//1258 1228//1228 
f 1228//1228 1258//1258 1230//1230 
f 1258//1258 1259//1259 1230//1230 
f 1230//1230 1259//1259 1232//1232 
f 1259//1259 1260//1260 1232//1232 
f 1232//1232 1260//1260 1234//1234 
f 1260//1260 1261//1261 1234//1234 
f 1234//1234 1261//1261 1236//1236 
f 1261//1261 1262//1262 1236//1236 
f 1236//1236 1262//1262 1238//1238 
f 1262//1262 1263//1263 1238//1238 
f 1238//1238 1263//1263 1240//1240 
f 1263//1263 1264//1264 1240//1240 
f 1240//1240 1264//1264 1242//1242 
f 1264//1264 1265//1265 1242//1242 
f 1242//1242 1265//1265 1244//1244 
f 1265//1265 1266//1266 1244//1244 
f 1244//1244 1266//1266 1246//1246 
f 1266//1266 1267//1267 1246//1246 
f 1246//1246 1267//1267 1248//1248 
f 1267//1267 1268//1268 1248//1248 
f 1248//1248 1268//1268 1250//1250 
f 1268//1268 1269//1269 1250//1250 
f 1250//1250 1269//1269 1252//1252 
f 1269//1269 1270//1270 1252//1252 
f 1252//1252 1270//1270 1254//1254 
f 1270//1270 1255//1255 1254//1254 
f 1254//1254 1255//1255 1255//1255 
f 1255//1255 1259//1259 1255//1255 
f 1255//1255 1259//1259 1259//1259 
f 1259//1259 1271//1271 1259//1259 
f 1259//1259 1271//1271 1260//1260 
f 1271//1271 1272//1272 1260//1260 
f 1260//1260 1272//1272 1261//1261 
f 1272//1272 1273//1273 1261//1261 
f 1261//1261 1273//1273 1262//1262 
f 1273//1273 1274//1274 1262//1262 
f 1262//1262 1274//1274 1263//1263 
f 1274//1274 1275//1275 1263//1263 
f 1263//1263 1275//1275 1264//1264 
f 1275//1275 1276//1276 1264//1264 
f 1264//1264 1276//1276 1265//1265 
f 1276//1276 1277//1277 1265//1265 
f 1265//1265 1277//1277 1266//1266 
f 1277//1277 1278//1278 1266//1266 
f 1266//1266 1278//1278 1267//1267 
f 1278//1278 1279//1279 1267//1267 
f 1267//1267 1279//1279 1268//1268 
f 1279//1279 1280//1280 1268//1268 
f 1268//1268 1280//1280 1269//1269 
f 1280//1280 1281//1281 1269//1269 
f 1269//1269 1281//1281 1270//1270 
f 1281//1281 1282//1282 1270//1270 
f 1270//1270 1282//1282 1255//1255 
f 1282//1282 1283//1283 1255//1255 
f 1255//1255 1283//1283 1256//1256 
f 1283//1283 1284//1284 1256//1256 
f 1256//1256 1284//1284 1257//1257 
f 1284//1284 1285//1285 1257//1257 
f 1257//1257 1285//1285 1258//1258 
f 1285//1285 1286//1286 1258//1258 
f 1258//1258 1286//1286 1271//1271 
f 1286//1286 1287//1287 1271//1271 
f 1271//1271 1287//1287 1288//1288 
f 1287//1287 1289//1289 1288//1288 
f 1288//1288 1289//1289 1290//1290 
f 1289//1289 1291//1291 1290//1290 
f 1290//1290 1291//1291 1292//1292 
f 1291//1291 1293//1293 1292//1292 
f 1292//1292 1293//1293 1294//1294 
f 1293//1293 1295//1295 1294//1294 
f 1294//1294 1295//1295 1296//1296 
f 1295//1295 1296//1296 1296//1296 
f 1296//1296 1296//1296 1271//1271 
f 1296//1296 1271//1271 1271//1271 
f 1271//1271 1271//1271 1271//1271 
f 1271//1271 1288//1288 1271//1271 
f 1271//1271 1288//1288 1272//1272 
f 1288//1288 1297//1297 1272//1272 
f 1272//1272 1297//1297 1273//1273 
f 1297//1297 1298//1298 1273//1273 
f 1273//1273 1298//1298 1274//1274 
f 1298//1298 1299//1299 1274//1274 
f 1274//1274 1299//1299 1275//1275 
f 1299//1299 1300//1300 1275//1275 
f 1275//1275 1300//1300 1276//1276 
f 1300//1300 1301//1301 1276//1276 
f 1276//1276 1301//1301 1277//1277 
f 1301//1301 1302//1302 1277//1277 
f 1277//1277 1302//1302 1278//1278 
f 1302//1302 1303//1303 1278//1278 
f 1278//1278 1303//1303 1279//1279 
f 1303//1303 1304//1304 1279//1279 
f 1279//1279 1304//1304 1280//1280 
f 1304//1304 1305//1305 1280//1280 
f 1280//1280 1305//1305 1281//1281 
f 1305//1305 1306//1306 1281//1281 
f 1281//1281 1306//1306 1282//1282 
f 1306//1306 1307//1307 1282//1282 
f 1282//1282 1307//1307 1283//1283 
f 1307//1307 1308//1308 1283//1283 
f 1283//1283 1308//1308 1284//1284 
f 1308//1308 1309//1309 1284//1284 
f 1284//1284 1309//1309 1285//1285 
f 1309//1309 1310//1310 1285//1285 
f 1285//1285 1310//1310 1286//1286 
f 1310//1310 1287//1287 1286//1286 
f 1286//1286 1287//1287 1287//1287 
f 1287//1287 1288//1288 1287//1287 
f 1287//1287 1288//1288 1288//1288 
f 1288//1288 1290//1290 1288//1288 
f 1288//1288 1290//1290 1297//1297 
f 1290//1290 1311//1311 1297//1297 
f 1297//1297 1311//1311 1298//1298 
f 1311//1311 1312//1312 1298//1298 
f 1298//1298 1312//1312 1299//1299 
f 1312//1312 1313//1313 1299//1299 
f 1299//1299 1313//1313 1300//1300 
f 1313//1313 1314//1314 1300//1300 
f 1300//1300 1314//1314 1301//1301 
f 1314//1314 1315//1315 1301//1301 
f 1301//1301 1315//1315 1302//1302 
f 1315//1315 1316//1316 1302//1302 
f 1302//1302 1316//1316 1303//1303 
f 1316//1316 1317//1317 1303//1303 
f 1303//1303 1317//1317 1304//1304 
f 1317//1317 1318//1318 1304//1304 
f 1304//1304 1318//1318 1305//1305 
f 1318//1318 1319//1319 1305//1305 
f 1305//1305 1319//1319 1306//1306 
f 1319//1319 1320//1320 1306//1306 
f 1306//1306 1320//1320 1307//1307 
f 1320//1320 1321//1321 1307//1307 
f 1307//1307 1321//1321 1308//1308 
f 1321//1321 1322//1322 1308//1308 
f 1308//1308 1322//1322 1309//1309 
f 1322//1322 1323//1323 1309//1309 
f 1309//1309 1323//1323 1310//1310 
f 1323//1323 1324//1324 1310//1310 
f 1310//1310 1324//1324 1287//1287 
f 1324//1324 1289//1289 1287//1287 
f 1287//1287 1289//1289 1289//1289 
f 1289//1289 1290//1290 1289//1289 
f 1289//1289 1290//1290 1290//1290 
f 1290//1290 1292//1292 1290//1290 
f 1290//1290 1292//1292 1311//1311 
f 1292//1292 1325//1325 1311//1311 
f 1311//1311 1325//1325 1312//1312 
f 1325//1325 1326//1326 1312//1312 
f 1312//1312 1326//1326 1313//1313 
f 1326//1326 1327//1327 1313//1313 
f 1313//1313 1327//1327 1314//1314 
f 1327//1327 1328//1328 1314//1314 
f 1314//1314 1328//1328 1315//1315 
f 1328//1328 1329//1329 1315//1315 
f 1315//1315 1329//1329 1316//1316 
f 1329//1329 1330//1330 1316//1316 
f 1316//1316 1330//1330 1317//1317 
f 1330//1330 1331//1331 1317//1317 
f 1317//1317 1331//1331 1318//1318 
f 1331//1331 1332//1332 1318//1318 
f 1318//1318 1332//1332 1319//1319 
f 1332//1332 1333//1333 1319//1319 
f 1319//1319 1333//1333 1320//1320 
f 1333//1333 1334//1334 1320//1320 
f 1320//1320 1334//1334 1321//1321 
f 1334//1334 1335//1335 1321//1321 
f 1321//1321 1335//1335 1322//1322 
f 1335//1335 1336//1336 1322//1322 
f 1322//1322 1336//1336 1323//1323 
f 1336//1336 1337//1337 1323//1323 
f 1323//1323 1337//1337 1324//1324 
f 1337//1337 1338//1338 1324//1324 
f 1324//1324 1338//1338 1289//1289 
f 1338//1338 1291//1291 1289//1289 
f 1289//1289 1291//1291 1291//1291 
f 1291//1291 1292//1292 1291//1291 
f 1291//1291 1292//1292 1292//1292 
f 1292//1292 1294//1294 1292//1292 
f 1292//1292 1294//1294 1325//1325 
f 1294//1294 1339//1339 1325//1325 
f 1325//1325 1339//1339 1326//1326 
f 1339//1339 1340//1340 1326//1326 
f 1326//1326 1340//1340 1327//1327 
f 1340//1340 1341//1341 1327//1327 
f 1327//1327 1341//1341 1328//1328 
f 1341//1341 1342//1342 1328//1328 
f 1328//1328 1342//1342 1329//1329 
f 1342//1342 1343//1343 1329//1329 
f 1329//1329 1343//1343 1330//1330 
f 1343//1343 1344//1344 1330//1330 
f 1330//1330 1344//1344 1331//1331 
f 1344//1344 1345//1345 1331//1331 
f 1331//1331 1345//1345 1332//1332 
f 1345//1345 1346//1346 1332//1332 
f 1332//1332 1346//1346 1333//1333 
f 1346//1346 1347//1347 1333//1333 
f 1333//1333 1347//1347 1334//1334 
f 1347//1347 1348//1348 1334//1334 
f 1334//1334 1348//1348 1335//1335 
f 1348//1348 1349//1349 1335//1335 
f 1335//1335 1349//1349 1336//1336 
f 1349//1349 1350//1350 1336//1336 
f 1336//1336 1350//1350 1337//1337 
f 1350//1350 1351//1351 1337//1337 
f 1337//1337 1351//1351 1338//1338 
f 1351//1351 1352//1352 1338//1338 
f 1338//1338 1352//1352 1291//1291 
f 1352//1352 1293//1293 1291//1291 
f 1291//1291 1293//1293 1293//1293 
f 1293//1293 1294//1294 1293//1293 
f 1293//1293 1294//1294 1294//1294 
f 1294//1294 1296//1296 1294//1294 
f 1294//1294 1296//1296 1339//1339 
f 1296//1296 1353//1353 1339//1339 
f 1339//1339 1353//1353 1340//1340 
f 1353//1353 1354//1354 1340//1340 
f 1340//1340 1354//1354 1341//1341 
f 1354//1354 1355//1355 1341//1341 
f 1341//1341 1355//1355 1342//1342 
f 1355//1355 1356//1356 1342//1342 
f 1342//1342 1356//1356 1343//1343 
f 1356//1356 1357//1357 1343//1343 
f 1343//1343 1357//1357 1344//1344 
f 1357//1357 1358//1358 1344//1344 
f 1344//1344 1358//1358 1345//1345 
f 1358//1358 1359//1359 1345//1345 
f 1345//1345 1359//1359 1346//1346 
f 1359//1359 1360//1360 1346//1346 
f 1346//1346 1360//1360 1347//1347 
f 1360//1360 1361//1361 1347//1347 
f 1347//1347 1361//1361 1348//1348 
f 1361//1361 1362//1362 1348//1348 
f 1348//1348 1362//1362 1349//1349 
f 1362//1362 1363//1363 1349//1349 
f 1349//1349 1363//1363 1350//1350 
f 1363//1363 1364//1364 1350//1350 
f 1350//1350 1364//1364 1351//1351 
f 1364//1364 1365//1365 1351//1351 
f 1351//1351 1365//1365 1352//1352 
f 1365//1365 1366//1366 1352//1352 
f 1352//1352 1366//1366 1295//1295 
f 1366//1366 1295//1295 1295//1295 
f 1295//1295 1295//1295 1367//1367 
f 1295//1295 1367//1367 1367//1367 
f 1367//1367 1367//1367 1367//1367 
f 1367//1367 1368//1368 1367//1367 
f 1367//1367 1368//1368 1369//1369 
f 1368//1368 1370//1370 1369//1369 
f 1369//1369 1370//1370 1371//1371 
f 1370//1370 1372//1372 1371//1371 
f 1371//1371 1372//1372 1373//1373 
f 1372//1372 1374//1374 1373//1373 
f 1373//1373 1374//1374 1375//1375 
f 1374//1374 1376//1376 1375//1375 
f 1375//1375 1376//1376 1377//1377 
f 1376//1376 1378//1378 1377//1377 
f 1377//1377 1378//1378 1379//1379 
f 1378//1378 1380//1380 1379//1379 
f 1379//1379 1380//1380 1381//1381 
f 1380//1380 1382//1382 1381//1381 
f 1381//1381 1382//1382 1383//1383 
f 1382//1382 1384//1384 1383//1383 
f 1383//1383 1384//1384 1385//1385 
f 1384//1384 1386//1386 1385//1385 
f 1385//1385 1386//1386 1387//1387 
f 1386//1386 1388//1388 1387//1387 
f 1387//1387 1388//1388 1389//1389 
f 1388//1388 1390//1390 1389//1389 
f 1389//1389 1390//1390 1391//1391 
f 1390//1390 1392//1392 1391//1391 
f 1391//1391 1392//1392 1393//1393 
f 1392//1392 1394//1394 1393//1393 
f 1393//1393 1394//1394 1395//1395 
f 1394//1394 1396//1396 1395//1395 
f 1395//1395 1396//1396 1397//1397 
f 1396//1396 1398//1398 1397//1397 
f 1397//1397 1398//1398 1367//1367 
f 1398//1398 1368//1368 1367//1367 
f 1367//1367 1368//1368 1368//1368 
f 1368//1368 1398//1398 1368//1368 
f 1368//1368 1398//1398 1398//1398 
f 1398//1398 1399//1399 1398//1398 
f 1398//1398 1399//1399 1368//1368 
f 1399//1399 1400//1400 1368//1368 
f 1368//1368 1400//1400 1370//1370 
f 1400//1400 1401//1401 1370//1370 
f 1370//1370 1401//1401 1372//1372 
f 1401//1401 1402//1402 1372//1372 
f 1372//1372 1402//1402 1374//1374 
f 1402//1402 1403//1403 1374//1374 
f 1374//1374 1403//1403 1376//1376 
f 1403//1403 1404//1404 1376//1376 
f 1376//1376 1404//1404 1378//1378 
f 1404//1404 1405//1405 1378//1378 
f 1378//1378 1405//1405 1380//1380 
f 1405//1405 1406//1406 1380//1380 
f 1380//1380 1406//1406 1382//1382 
f 1406//1406 1407//1407 1382//1382 
f 1382//1382 1407//1407 1384//1384 
f 1407//1407 1408//1408 1384//1384 
f 1384//1384 1408//1408 1386//1386 
f 1408//1408 1409//1409 1386//1386 
f 1386//1386 1409//1409 1388//1388 
f 1409//1409 1410//1410 1388//1388 
f 1388//1388 1410//1410 1390//1390 
f 1410//1410 1411//1411 1390//1390 
f 1390//1390 1411//1411 1392//1392 
f 1411//1411 1412//1412 1392//1392 
f 1392//1392 1412//1412 1394//1394 
f 1412//1412 1413//1413 1394//1394 
f 1394//1394 1413//1413 1396//1396 
f 1413//1413 1414//1414 1396//1396 
f 1396//1396 1414//1414 1398//1398 
f 1414//1414 1399//1399 1398//1398 
f 1398//1398 1399//1399 1399//1399 
f 1399//1399 1415//1415 1399//1399 
f 1399//1399 1415//1415 1400//1400 
f 1415//1415 1416//1416 1400//1400 
f 1400//1400 1416//1416 1401//1401 
f 1416//1416 1417//1417 1401//1401 
f 1401//1401 1417//1417 1402//1402 
f 1417//1417 1418//1418 1402//1402 
f 1402//1402 1418//1418 1403//1403 
f 1418//1418 1419//1419 1403//1403 
f 1403//1403 1419//1419 1404//1404 
f 1419//1419 1420//1420 1404//1404 
f 1404//1404 1420//1420 1405//1405 
f 1420//1420 1421//1421 1405//1405 
f 1405//1405 1421//1421 1406//1406 
f 1421//1421 1422//1422 1406//1406 
f 1406//1406 1422//1422 1407//1407 
f 1422//1422 1423//1423 1407//1407 
f 1407//1407 1423//1423 1408//1408 
f 1423//1423 1424//1424 1408//1408 
f 1408//1408 1424//1424 1409//1409 
f 1424//1424 1425//1425 1409//1409 
f 1409//1409 1425//1425 1410//1410 
f 1425//1425 1426//1426 1410//1410 
f 1410//1410 1426//1426 1411//1411 
f 1426//1426 1427//1427 1411//1411 
f 1411//1411 1427//1427 1412//1412 
f 1427//1427 1428//1428 1412//1412 
f 1412//1412 1428//1428 1413//1413 
f 1428//1428 1429//1429 1413//1413 
f 1413//1413 1429//1429 1414//1414 
f 1429//1429 1430//1430 1414//1414 
f 1414//1414 1430//1430 1415//1415 
f 1430//1430 1431//1431 1415//1415 
f 1415//1415 1431//1431 1432//1432 
f 1431//1431 1433//1433 1432//1432 
f 1432//1432 1433//1433 1434//1434 
f 1433//1433 1435//1435 1434//1434 
f 1434//1434 1435//1435 1436//1436 
f 1435//1435 1437//1437 1436//1436 
f 1436//1436 1437//1437 1438//1438 
f 1437//1437 1439//1439 1438//1438 
f 1438//1438 1439//1439 1440//1440 
f 1439//1439 1440//1440 1440//1440 
f 1440//1440 1440//1440 1415//1415 
f 1440//1440 1415//1415 1415//1415 
f 1415//1415 1415//1415 1415//1415 
f 1415//1415 1432//1432 1415//1415 
f 1415//1415 1432//1432 1416//1416 
f 1432//1432 1441//1441 1416//1416 
f 1416//1416 1441//1441 1417//1417 
f 1441//1441 1442//1442 1417//1417 
f 1417//1417 1442//1442 1418//1418 
f 1442//1442 1443//1443 1418//1418 
f 1418//1418 1443//1443 1419//1419 
f 1443//1443 1444//1444 1419//1419 
f 1419//1419 1444//1444 1420//1420 
f 1444//1444 1445//1445 1420//1420 
f 1420//1420 1445//1445 1421//1421 
f 1445//1445 1446//1446 1421//1421 
f 1421//1421 1446//1446 1422//1422 
f 1446//1446 1447//1447 1422//1422 
f 1422//1422 1447//1447 1423//1423 
f 1447//1447 1448//1448 1423//1423 
f 1423//1423 1448//1448 1424//1424 
f 1448//1448 1449//1449 1424//1424 
f 1424//1424 1449//1449 1425//1425 
f 1449//1449 1450//1450 1425//1425 
f 1425//1425 1450//1450 1426//1426 
f 1450//1450 1451//1451 1426//1426 
f 1426//1426 1451//1451 1427//1427 
f 1451//1451 1452//1452 1427//1427 
f 1427//1427 1452//1452 1428//1428 
f 1452//1452 1453//1453 1428//1428 
f 1428//1428 1453//1453 1429//1429 
f 1453//1453 1454//1454 1429//1429 
f 1429//1429 1454//1454 1430//1430 
f 1454//1454 1431//1431 1430//1430 
f 1430//1430 1431//1431 1431//1431 
f 1431//1431 1432//1432 1431//1431 
f 1431//1431 1432//1432 1432//1432 
f 1432//1432 1434//1434 1432//1432 
f 1432//1432 1434//1434 1441//1441 
f 1434//1434 1455//1455 1441//1441 
f 1441//1441 1455//1455 1442//1442 
f 1455//1455 1456//1456 1442//1442 
f 1442//1442 1456//1456 1443//1443 
f 1456//1456 1457//1457 1443//1443 
f 1443//1443 1457//1457 1444//1444 
f 1457//1457 1458//1458 1444//1444 
f 1444//1444 1458//1458 1445//1445 
f 1458//1458 1459//1459 1445//1445 
f 1445//1445 1459//1459 1446//1446 
f 1459//1459 1460//1460 1446//1446 
f 1446//1446 1460//1460 1447//1447 
f 1460//1460 1461//1461 1447//1447 
f 1447//1447 1461//1461 1448//1448 
f 1461//1461 1462//1462 1448//1448 
f 1448//1448 1462//1462 1449//1449 
f 1462//1462 1463//1463 1449//1449 
f 1449//1449 1463//1463 1450//1450 
f 1463//1463 1464//1464 1450//1450 
f 1450//1450 1464//1464 1451//1451 
f 1464//1464 1465//1465 1451//1451 
f 1451//1451 1465//1465 1452//1452 
f 1465//1465 1466//1466 1452//1452 
f 1452//1452 1466//1466 1453//1453 
f 1466//1466 1467//1467 1453//1453 
f 1453//1453 1467//1467 1454//1454 
f 1467//1467 1468//1468 1454//1454 
f 1454//1454 1468//1468 1431//1431 
f 1468//1468 1433//1433 1431//1431 
f 1431//1431 1433//1433 1433//1433 
f 1433//1433 1434//1434 1433//1433 
f 1433//1433 1434//1434 1434//1434 
f 1434//1434 1436//1436 1434//1434 
f 1434//1434 1436//1436 1455//1455 
f 1436//1436 1469//1469 1455//1455 
f 1455//1455 1469//1469 1456//1456 
f 1469//1469 1470//1470 1456//1456 
f 1456//1456 1470//1470 1457//1457 
f 1470//1470 1471//1471 1457//1457 
f 1457//1457 1471//1471 1458//1458 
f 1471//1471 1472//1472 1458//1458 
f 1458//1458 1472//1472 1459//1459 
f 1472//1472 1473//1473 1459//1459 
f 1459//1459 1473//1473 1460//1460 
f 1473//1473 1474//1474 1460//1460 
f 1460//1460 1474//1474 1461//1461 
f 1474//1474 1475//1475 1461//1461 
f 1461//1461 1475//1475 1462//1462 
f 1475//1475 1476//1476 1462//1462 
f 1462//1462 1476//1476 1463//1463 
f 1476//1476 1477//1477 1463//1463 
f 1463//1463 1477//1477 1464//1464 
f 1477//1477 1478//1478 1464//1464 
f 1464//1464 1478//1478 1465//1465 
f 1478//1478 1479//1479 1465//1465 
f 1465//1465 1479//1479 1466//1466 
f 1479//1479 1480//1480 1466//1466 
f 1466//1466 1480//1480 1467//1467 
f 1480//1480 1481//1481 1467//1467 
f 1467//1467 1481//1481 1468//1468 
f 1481//1481 1482//1482 1468//1468 
f 1468//1468 1482//1482 1433//1433 
f 1482//1482 1435//1435 1433//1433 
f 1433//1433 1435//1435 1435//1435 
f 1435//1435 1436//1436 1435//1435 
f 1435//1435 1436//1436 1436//1436 
f 1436//1436 1438//1438 1436//1436 
f 1436//1436 1438//1438 1469//1469 
f 1438//1438 1483//1483 1469//1469 
f 1469//1469 1483//1483 1470//1470 
f 1483//1483 1484//1484 1470//1470 
f 1470//1470 1484//1484 1471//1471 
f 1484//1484 1485//1485 1471//1471 
f 1471//1471 1485//1485 1472//1472 
f 1485//1485 1486//1486 1472//1472 
f 1472//1472 1486//1486 1473//1473 
f 1486//1486 1487//1487 1473//1473 
f 1473//1473 1487//1487 1474//1474 
f 1487//1487 1488//1488 1474//1474 
f 1474//1474 1488//1488 1475//1475 
f 1488//1488 1489//1489 1475//1475 
f 1475//1475 1489//1489 1476//1476 
f 1489//1489 1490//1490 1476//1476 
f 1476//1476 1490//1490 1477//1477 
f 1490//1490 1491//1491 1477//1477 
f 1477//1477 1491//1491 1478//1478 
f 1491//1491 1492//1492 1478//1478 
f 1478//1478 1492//1492 1479//1479 
f 1492//1492 1493//1493 1479//1479 
f 1479//1479 1493//1493 1480//1480 
f 1493//1493 1494//1494 1480//1480 
f 1480//1480 1494//1494 1481//1481 
f 1494//1494 1495//1495 1481//1481 
f 1481//1481 1495//1495 1482//1482 
f 1495//1495 1496//1496 1482//1482 
f 1482//1482 1496//1496 1435//1435 
f 1496//1496 1437//1437 1435//1435 
f 1435//1435 1437//1437 1437//1437 
f 1437//1437 1438//1438 1437//1437 
f 1437//1437 1438//1438 1438//1438 
f 1438//1438 1440//1440 1438//1438 
f 1438//1438 1440//1440 1483//1483 
f 1440//1440 1497//1497 1483//1483 
f 1483//1483 1497//1497 1484//1484 
f 1497//1497 1498//1498 1484//1484 
f 1484//1484 1498//1498 1485//1485 
f 1498//1498 1499//1499 1485//1485 
f 1485//1485 1499//1499 1486//1486 
f 1499//1499 1500//1500 1486//1486 
f 1486//1486 1500//1500 1487//1487 
f 1500//1500 1501//1501 1487//1487 
f 1487//1487 1501//1501 1488//1488 
f 1501//1501 1502//1502 1488//1488 
f 1488//1488 1502//1502 1489//1489 
f 1502//1502 1503//1503 1489//1489 
f 1489//1489 1503//1503 1490//1490 
f 1503//1503 1504//1504 1490//1490 
f 1490//1490 1504//1504 1491//1491 
f 1504//1504 1505//1505 1491//1491 
f 1491//1491 1505//1505 1492//1492 
f 1505//1505 1506//1506 1492//1492 
f 1492//1492 1506//1506 1493//1493 
f 1506//1506 1507//1507 1493//1493 
f 1493//1493 1507//1507 1494//1494 
f 1507//1507 1508//1508 1494//1494 
f 1494//1494 1508//1508 1495//1495 
f 1508//1508 1509//1509 1495//1495 
f 1495//1495 1509//1509 1496//1496 
f 1509//1509 1510//1510 1496//1496 
f 1496//1496 1510//1510 1439//1439 
f 1510//1510 1439//1439 1439//1439 
f 1439//1439 1439//1439 1511//1511 
f 1439//1439 1511//1511 1511//1511 
f 1511//1511 1511//1511 1511//1511 
f 1511//1511 1512//1512 1511//1511 
f 1511//1511 1512//1512 1513//1513 
f 1512//1512 1514//1514 1513//1513 
f 1513//1513 1514//1514 1515//1515 
f 1514//1514 1516//1516 1515//1515 
f 1515//1515 1516//1516 1517//1517 
f 1516//1516 1518//1518 1517//1517 
f 1517//1517 1518//1518 1519//1519 
f 1518//1518 1520//1520 1519//1519 
f 1519//1519 1520//1520 1521//1521 
f 1520//1520 1522//1522 1521//1521 
f 1521//1521 1522//1522 1523//1523 
f 1522//1522 1524//1524 1523//1523 
f 1523//1523 1524//1524 1525//1525 
f 1524//1524 1526//1526 1525//1525 
f 1525//1525 1526//1526 1527//1527 
f 1526//1526 1528//1528 1527//1527 
f 1527//1527 1528//1528 1529//1529 
f 1528//1528 1530//1530 1529//1529 
f 1529//1529 1530//1530 1531//1531 
f 1530//1530 1532//1532 1531//1531 
f 1531//1531 1532//1532 1533//1533 
f 1532//1532 1534//1534 1533//1533 
f 1533//1533 1534//1534 1535//1535 
f 1534//1534 1536//1536 1535//1535 
f 1535//1535 1536//1536 1537//1537 
f 1536//1536 1538//1538 1537//1537 
f 1537//1537 1538//1538 1539//1539 
f 1538//1538 1540//1540 1539//1539 
f 1539//1539 1540//1540 1541//1541 
f 1540//1540 1542//1542 1541//1541 
f 1541//1541 1542//1542 1511//1511 
f 1542//1542 1512//1512 1511//1511 
f 1511//1511 1512//1512 1512//1512 
f 1512//1512 1542//1542 1512//1512 
f 1512//1512 1542//1542 1542//1542 
f 1542//1542 1543//1543 1542//1542 
f 1542//1542 1543//1543 1512//1512 
f 1543//1543 1544//1544 1512//1512 
f 1512//1512 1544//1544 1514//1514 
f 1544//1544 1545//1545 1514//1514 
f 1514//1514 1545//1545 1516//1516 
f 1545//1545 1546//1546 1516//1516 
f 1516//1516 1546//1546 1518//1518 
f 1546//1546 1547//1547 1518//1518 
f 1518//1518 1547//1547 1520//1520 
f 1547//1547 1548//1548 1520//1520 
f 1520//1520 1548//1548 1522//1522 
f 1548//1548 1549//1549 1522//1522 
f 1522//1522 1549//1549 1524//1524 
f 1549//1549 1550//1550 1524//1524 
f 1524//1524 1550//1550 1526//1526 
f 1550//1550 1551//1551 1526//1526 
f 1526//1526 1551//1551 1528//1528 
f 1551//1551 1552//1552 1528//1528 
f 1528//1528 1552//1552 1530//1530 
f 1552//1552 1553//1553 1530//1530 
f 1530//1530 1553//1553 1532//1532 
f 1553//1553 1554//1554 1532//1532 
f 1532//1532 1554//1554 1534//1534 
f 1554//1554 1555//1555 1534//1534 
f 1534//1534 1555//1555 1536//1536 
f 1555//1555 1556//1556 1536//1536 
f 1536//1536 1556//1556 1538//1538 
f 1556//1556 1557//1557 1538//1538 
f 1538//1538 1557//1557 1540//1540 
f 1557//1557 1558//1558 1540//1540 
f 1540//1540 1558//1558 1542//1542 
f 1558//1558 1543//1543 1542//1542 
f 1542//1542 1543//1543 1543//1543 
f 1543//1543 1549//1549 1543//1543 
f 1543//1543 1549//1549 1549//1549 
f 1549//1549 1559//1559 1549//1549 
f 1549//1549 1559//1559 1550//1550 
f 1559//1559 1560//1560 1550//1550 
f 1550//1550 1560//1560 1551//1551 
f 1560//1560 1561//1561 1551//1551 
f 1551//1551 1561//1561 1552//1552 
f 1561//1561 1562//1562 1552//1552 
f 1552//1552 1562//1562 1553//1553 
f 1562//1562 1563//1563 1553//1553 
f 1553//1553 1563//1563 1554//1554 
f 1563//1563 1564//1564 1554//1554 
f 1554//1554 1564//1564 1555//1555 
f 1564//1564 1565//1565 1555//1555 
f 1555//1555 1565//1565 1556//1556 
f 1565//1565 1566//1566 1556//1556 
f 1556//1556 1566//1566 1557//1557 
f 1566//1566 1567//1567 1557//1557 
f 1557//1557 1567//1567 1558//1558 
f 1567//1567 1568//1568 1558//1558 
f 1558//1558 1568//1568 1543//1543 
f 1568//1568 1569//1569 1543//1543 
f 1543//1543 1569//1569 1544//1544 
f 1569//1569 1570//1570 1544//1544 
f 1544//1544 1570//1570 1545//1545 
f 1570//1570 1571//1571 1545//1545 
f 1545//1545 1571//1571 1546//1546 
f 1571//1571 1572//1572 1546//1546 
f 1546//1546 1572//1572 1547//1547 
f 1572//1572 1573//1573 1547//1547 
f 1547//1547 1573//1573 1548//1548 
f 1573//1573 1574//1574 1548//1548 
f 1548//1548 1574//1574 1559//1559 
f 1574//1574 1575//1575 1559//1559 
f 1559//1559 1575//1575 1576//1576 
f 1575//1575 1577//1577 1576//1576 
f 1576//1576 1577//1577 1578//1578 
f 1577//1577 1579//1579 1578//1578 
f 1578//1578 1579//1579 1580//1580 
f 1579//1579 1581//1581 1580//1580 
f 1580//1580 1581//1581 1582//1582 
f 1581//1581 1583//1583 1582//1582 
f 1582//1582 1583//1583 1584//1584 
f 1583//1583 1584//1584 1584//1584 
f 1584//1584 1584//1584 1559//1559 
f 1584//1584 1559//1559 1559//1559 
f 1559//1559 1559//1559 1559//1559 
f 1559//1559 1576//1576 1559//1559 
f 1559//1559 1576//1576 1560//1560 
f 1576//1576 1585//1585 1560//1560 
f 1560//1560 1585//1585 1561//1561 
f 1585//1585 1586//1586 1561//1561 
f 1561//1561 1586//1586 1562//1562 
f 1586//1586 1587//1587 1562//1562 
f 1562//1562 1587//1587 1563//1563 
f 1587//1587 1588//1588 1563//1563 
f 1563//1563 1588//1588 1564//1564 
f 1588//1588 1589//1589 1564//1564 
f 1564//1564 1589//1589 1565//1565 
f 1589//1589 1590//1590 1565//1565 
f 1565//1565 1590//1590 1566//1566 
f 1590//1590 1591//1591 1566//1566 
f 1566//1566 1591//1591 1567//1567 
f 1591//1591 1592//1592 1567//1567 
f 1567//1567 1592//1592 1568//1568 
f 1592//1592 1593//1593 1568//1568 
f 1568//1568 1593//1593 1569//1569 
f 1593//1593 1594//1594 1569//1569 
f 1569//1569 1594//1594 1570//1570 
f 1594//1594 1595//1595 1570//1570 
f 1570//1570 1595//1595 1571//1571 
f 1595//1595 1596//1596 1571//1571 
f 1571//1571 1596//1596 1572//1572 
f 1596//1596 1597//1597 1572//1572 
f 1572//1572 1597//1597 1573//1573 
f 1597//1597 1598//1598 1573//1573 
f 1573//1573 1598//1598 1574//1574 
f 1598//1598 1575//1575 1574//1574 
f 1574//1574 1575//1575 1575//1575 
f 1575//1575 1576//1576 1575//1575 
f 1575//1575 1576//1576 1576//1576 
f 1576//1576 1578//1578 1576//1576 
f 1576//1576 1578//1578 1585//1585 
f 1578//1578 1599//1599 1585//1585 
f 1585//1585 1599//1599 1586//1586 
f 1599//1599 1600//1600 1586//1586 
f 1586//1586 1600//1600 1587//1587 
f 1600//1600 1601//1601 1587//1587 
f 1587//1587 1601//1601 1588//1588 
f 1601//1601 1602//1602 1588//1588 
f 1588//1588 1602//1602 1589//1589 
f 1602//1602 1603//1603 1589//1589 
f 1589//1589 1603//1603 1590//1590 
f 1603//1603 1604//1604 1590//1590 
f 1590//1590 1604//1604 1591//1591 
f 1604//1604 1605//1605 1591//1591 
f 1591//1591 1605//1605 1592//1592 
f 1605//1605 1606//1606 1592//1592 
f 1592//1592 1606//1606 1593//1593 
f 1606//1606 1607//1607 1593//1593 
f 1593//1593 1607//1607 1594//1594 
f 1607//1607 1608//1608 1594//1594 
f 1594//1594 1608//1608 1595//1595 
f 1608//1608 1609//1609 1595//1595 
f 1595//1595 1609//1609 1596//1596 
f 1609//1609 1610//1610 1596//1596 
f 1596//1596 1610//1610 1597//1597 
f 1610//1610 1611//1611 1597//1597 
f 1597//1597 1611//1611 1598//1598 
f 1611//1611 1612//1612 1598//1598 
f 1598//1598 1612//1612 1575//1575 
f 1612//1612 1577//1577 1575//1575 
f 1575//1575 1577//1577 1577//1577 
f 1577//1577 1578//1578 1577//1577 
f 1577//1577 1578//1578 1578//1578 
f 1578//1578 1580//1580 1578//1578 
f 1578//1578 1580//1580 1599//1599 
f 1580//1580 1613//1613 1599//1599 
f 1599//1599 1613//1613 1600//1600 
f 1613//1613 1614//1614 1600//1600 
f 1600//1600 1614//1614 1601//1601 
f 1614//1614 1615//1615 1601//1601 
f 1601//1601 1615//1615 1602//1602 
f 1615//1615 1616//1616 1602//1602 
f 1602//1602 1616//1616 1603//1603 
f 1616//1616 1617//1617 1603//1603 
f 1603//1603 1617//1617 1604//1604 
f 1617//1617 1618//1618 1604//1604 
f 1604//1604 1618//1618 1605//1605 
f 1618//1618 1619//1619 1605//1605 
f 1605//1605 1619//1619 1606//1606 
f 1619//1619 1620//1620 1606//1606 
f 1606//1606 1620//1620 1607//1607 
f 1620//1620 1621//1621 1607//1607 
f 1607//1607 1621//1621 1608//1608 
f 1621//1621 1622//1622 1608//1608 
f 1608//1608 1622//1622 1609//1609 
f 1622//1622 1623//1623 1609//1609 
f 1609//1609 1623//1623 1610//1610 
f 1623//1623 1624//1624 1610//1610 
f 1610//1610 1624//1624 1611//1611 
f 1624//1624 1625//1625 1611//1611 
f 1611//1611 1625//1625 1612//1612 
f 1625//1625 1626//1626 1612//1612 
f 1612//1612 1626//1626 1577//1577 
f 1626//1626 1579//1579 1577//1577 
f 1577//1577 1579//1579 1579//1579 
f 1579//1579 1580//1580 1579//1579 
f 1579//1579 1580//1580 1580//1580 
f 1580//1580 1582//1582 1580//1580 
f 1580//1580 1582//1582 1613//1613 
f 1582//1582 1627//1627 1613//1613 
f 1613//1613 1627//1627 1614//1614 
f 1627//1627 1628//1628 1614//1614 
f 1614//1614 1628//1628 1615//1615 
f 1628//1628 1629//1629 1615//1615 
f 1615//1615 1629//1629 1616//1616 
f 1629//1629 1630//1630 1616//1616 
f 1616//1616 1630//1630 1617//1617 
f 1630//1630 1631//1631 1617//1617 
f 1617//1617 1631//1631 1618//1618 
f 1631//1631 1632//1632 1618//1618 
f 1618//1618 1632//1632 1619//1619 
f 1632//1632 1633//1633 1619//1619 
f 1619//1619 1633//1633 1620//1620 
f 1633//1633 1634//1634 1620//1620 
f 1620//1620 1634//1634 1621//1621 
f 1634//1634 1635//1635 1621//1621 
f 1621//1621 1635//1635 1622//1622 
f 1635//1635 1636//1636 1622//1622 
f 1622//1622 1636//1636 1623//1623 
f 1636//1636 1637//1637 1623//1623 
f 1623//1623 1637//1637 1624//1624 
f 1637//1637 1638//1638 1624//1624 
f 1624//1624 1638//1638 1625//1625 
f 1638//1638 1639//1639 1625//1625 
f 1625//1625 1639//1639 1626//1626 
f 1639//1639 1640//1640 1626//1626 
f 1626//1626 1640//1640 1579//1579 
f 1640//1640 1581//1581 1579//1579 
f 1579//1579 1581//1581 1581//1581 
f 1581//1581 1582//1582 1581//1581 
f 1581//1581 1582//1582 1582//1582 
f 1582//1582 1584//1584 1582//1582 
f 1582//1582 1584//1584 1627//1627 
f 1584//1584 1641//1641 1627//1627 
f 1627//1627 1641//1641 1628//1628 
f 1641//1641 1642//1642 1628//1628 
f 1628//1628 1642//1642 1629//1629 
f 1642//1642 1643//1643 1629//1629 
f 1629//1629 1643//1643 1630//1630 
f 1643//1643 1644//1644 1630//1630 
f 1630//1630 1644//1644 1631//1631 
f 1644//1644 1645//1645 1631//1631 
f 1631//1631 1645//1645 1632//1632 
f 1645//1645 1646//1646 1632//1632 
f 1632//1632 1646//1646 1633//1633 
f 1646//1646 1647//1647 1633//1633 
f 1633//1633 1647//1647 1634//1634 
f 1647//1647 1648//1648 1634//1634 
f 1634//1634 1648//1648 1635//1635 
f 1648//1648 1649//1649 1635//1635 
f 1635//1635 1649//1649 1636//1636 
f 1649//1649 1650//1650 1636//1636 
f 1636//1636 1650//1650 1637//1637 
f 1650//1650 1651//1651 1637//1637 
f 1637//1637 1651//1651 1638//1638 
f 1651//1651 1652//1652 1638//1638 
f 1638//1638 1652//1652 1639//1639 
f 1652//1652 1653//1653 1639//1639 
f 1639//1639 1653//1653 1640//1640 
f 1653//1653 1654//1654 1640//1640 
f 1640//1640 1654//1654 1583//1583 
f 1654//1654 1583//1583 1583//1583 
f 1583//1583 1583//1583 1655//1655 
f 1583//1583 1655//1655 1655//1655 
f 1655//1655 1655//1655 1655//1655 
f 1655//1655 1656//1656 1655//1655 
f 1655//1655 1656//1656 1657//1657 
f 1656//1656 1658//1658 1657//1657 
f 1657//1657 1658//1658 1659//1659 
f 1658//1658 1660//1660 1659//1659 
f 1659//1659 1660//1660 1661//1661 
f 1660//1660 1662//1662 1661//1661 
f 1661//1661 1662//1662 1663//1663 
f 1662//1662 1664//1664 1663//1663 
f 1663//1663 1664//1664 1665//1665 
f 1664//1664 1666//1666 1665//1665 
f 1665//1665 1666//1666 1667//1667 
f 1666//1666 1668//1668 1667//1667 
f 1667//1667 1668//1668 1669//1669 
f 1668//1668 1670//1670 1669//1669 
f 1669//1669 1670//1670 1671//1671 
f 1670//1670 1672//1672 1671//1671 
f 1671//1671 1672//1672 1673//1673 
f 1672//1672 1674//1674 1673//1673 
f 1673//1673 1674//1674 1675//1675 
f 1674//1674 1676//1676 1675//1675 
f 1675//1675 1676//1676 1677//1677 
f 1676//1676 1678//1678 1677//1677 
f 1677//1677 1678//1678 1679//1679 
f 1678//1678 1680//1680 1679//1679 
f 1679//1679 1680//1680 1681//1681 
f 1680//1680 1681//1681 1681//1681 
f 1681//1681 1681//1681 1667//1667 
f 1681//1681 1667//1667 1667//1667 
f 1667//1667 1667//1667 1667//1667 
f 1667//1667 1669//1669 1667//1667 
f 1667//1667 1669//1669 1682//1682 
f 1669//1669 1683//1683 1682//1682 
f 1682//1682 1683//1683 1684//1684 
f 1683//1683 1685//1685 1684//1684 
f 1684//1684 1685//1685 1686//1686 
f 1685//1685 1687//1687 1686//1686 
f 1686//1686 1687//1687 1688//1688 
f 1687//1687 1689//1689 1688//1688 
f 1688//1688 1689//1689 1690//1690 
f 1689//1689 1691//1691 1690//1690 
f 1690//1690 1691//1691 1692//1692 
f 1691//1691 1693//1693 1692//1692 
f 1692//1692 1693//1693 1694//1694 
f 1693//1693 1695//1695 1694//1694 
f 1694//1694 1695//1695 1696//1696 
f 1695//1695 1697//1697 1696//1696 
f 1696//1696 1697//1697 1698//1698 
f 1697//1697 1699//1699 1698//1698 
f 1698//1698 1699//1699 1656//1656 
f 1699//1699 1700//1700 1656//1656 
f 1656//1656 1700//1700 1658//1658 
f 1700//1700 1701//1701 1658//1658 
f 1658//1658 1701//1701 1660//1660 
f 1701//1701 1702//1702 1660//1660 
f 1660//1660 1702//1702 1662//1662 
f 1702//1702 1703//1703 1662//1662 
f 1662//1662 1703//1703 1664//1664 
f 1703//1703 1704//1704 1664//1664 
f 1664//1664 1704//1704 1666//1666 
f 1704//1704 1668//1668 1666//1666 
f 1666//1666 1668//1668 1668//1668 
f 1668//1668 1669//1669 1668//1668 
f 1668//1668 1669//1669 1669//1669 
f 1669//1669 1671//1671 1669//1669 
f 1669//1669 1671//1671 1683//1683 
f 1671//1671 1705//1705 1683//1683 
f 1683//1683 1705//1705 1685//1685 
f 1705//1705 1706//1706 1685//1685 
f 1685//1685 1706//1706 1687//1687 
f 1706//1706 1707//1707 1687//1687 
f 1687//1687 1707//1707 1689//1689 
f 1707//1707 1708//1708 1689//1689 
f 1689//1689 1708//1708 1691//1691 
f 1708//1708 1709//1709 1691//1691 
f 1691//1691 1709//1709 1693//1693 
f 1709//1709 1710//1710 1693//1693 
f 1693//1693 1710//1710 1695//1695 
f 1710//1710 1711//1711 1695//1695 
f 1695//1695 1711//1711 1697//1697 
f 1711//1711 1712//1712 1697//1697 
f 1697//1697 1712//1712 1699//1699 
f 1712//1712 1713//1713 1699//1699 
f 1699//1699 1713//1713 1700//1700 
f 1713//1713 1714//1714 1700//1700 
f 1700//1700 1714//1714 1701//1701 
f 1714//1714 1715//1715 1701//1701 
f 1701//1701 1715//1715 1702//1702 
f 1715//1715 1716//1716 1702//1702 
f 1702//1702 1716//1716 1703//1703 
f 1716//1716 1717//1717 1703//1703 
f 1703//1703 1717//1717 1704//1704 
f 1717//1717 1718//1718 1704//1704 
f 1704//1704 1718//1718 1668//1668 
f 1718//1718 1670//1670 1668//1668 
f 1668//1668 1670//1670 1670//1670 
f 1670//1670 1671//1671 1670//1670 
f 1670//1670 1671//1671 1671//1671 
f 1671//1671 1673//1673 1671//1671 
f 1671//1671 1673//1673 1705//1705 
f 1673//1673 1719//1719 1705//1705 
f 1705//1705 1719//1719 1706//1706 
f 1719//1719 1720//1720 1706//1706 
f 1706//1706 1720//1720 1707//1707 
f 1720//1720 1721//1721 1707//1707 
f 1707//1707 1721//1721 1708//1708 
f 1721//1721 1722//1722 1708//1708 
f 1708//1708 1722//1722 1709//1709 
f 1722//1722 1723//1723 1709//1709 
f 1709//1709 1723//1723 1710//1710 
f 1723//1723 1724//1724 1710//1710 
f 1710//1710 1724//1724 1711//1711 
f 1724//1724 1725//1725 1711//1711 
f 1711//1711 1725//1725 1712//1712 
f 1725//1725 1726//1726 1712//1712 
f 1712//1712 1726//1726 1713//1713 
f 1726//1726 1727//1727 1713//1713 
f 1713//1713 1727//1727 1714//1714 
f 1727//1727 1728//1728 1714//1714 
f 1714//1714 1728//1728 1715//1715 
f 1728//1728 1729//1729 1715//1715 
f 1715//1715 1729//1729 1716//1716 
f 1729//1729 1730//1730 1716//1716 
f 1716//1716 1730//1730 1717//1717 
f 1730//1730 1731//1731 1717//1717 
f 1717//1717 1731//1731 1718//1718 
f 1731//1731 1732//1732 1718//1718 
f 1718//1718 1732//1732 1670//1670 
f 1732//1732 1672//1672 1670//1670 
f 1670//1670 1672//1672 1672//1672 
f 1672//1672 1673//1673 1672//1672 
f 1672//1672 1673//1673 1673//1673 
f 1673//1673 1675//1675 1673//1673 
f 1673//1673 1675//1675 1719//1719 
f 1675//1675 1733//1733 1719//1719 
f 1719//1719 1733//1733 1720//1720 
f 1733//1733 1734//1734 1720//1720 
f 1720//1720 1734//1734 1721//1721 
f 1734//1734 1735//1735 1721//1721 
f 1721//1721 1735//1735 1722//1722 
f 1735//1735 1736//1736 1722//1722 
f 1722//1722 1736//1736 1723//1723 
f 1736//1736 1737//1737 1723//1723 
f 1723//1723 1737//1737 1724//1724 
f 1737//1737 1738//1738 1724//1724 
f 1724//1724 1738//1738 1725//1725 
f 1738//1738 1739//1739 1725//1725 
f 1725//1725 1739//1739 1726//1726 
f 1739//1739 1740//1740 1726//1726 
f 1726//1726 1740//1740 1727//1727 
f 1740//1740 1741//1741 1727//1727 
f 1727//1727 1741//1741 1728//1728 
f 1741//1741 1742//1742 1728//1728 
f 1728//1728 1742//1742 1729//1729 
f 1742//1742 1743//1743 1729//1729 
f 1729//1729 1743//1743 1730//1730 
f 1743//1743 1744//1744 1730//1730 
f 1730//1730 1744//1744 1731//1731 
f 1744//1744 1745//1745 1731//1731 
f 1731//1731 1745//1745 1732//1732 
f 1745//1745 1746//1746 1732//1732 
f 1732//1732 1746//1746 1672//1672 
f 1746//1746 1674//1674 1672//1672 
f 1672//1672 1674//1674 1674//1674 
f 1674//1674 1675//1675 1674//1674 
f 1674//1674 1675//1675 1675//1675 
f 1675//1675 1677//1677 1675//1675 
f 1675//1675 1677//1677 1733//1733 
f 1677//1677 1747//1747 1733//1733 
f 1733//1733 1747//1747 1734//1734 
f 1747//1747 1748//1748 1734//1734 
f 1734//1734 1748//1748 1735//1735 
f 1748//1748 1749//1749 1735//1735 
f 1735//1735 1749//1749 1736//1736 
f 1749//1749 1750//1750 1736//1736 
f 1736//1736 1750//1750 1737//1737 
f 1750//1750 1751//1751 1737//1737 
f 1737//1737 1751//1751 1738//1738 
f 1751//1751 1752//1752 1738//1738 
f 1738//1738 1752//1752 1739//1739 
f 1752//1752 1753//1753 1739//1739 
f 1739//1739 1753//1753 1740//1740 
f 1753//1753 1754//1754 1740//1740 
f 1740//1740 1754//1754 1741//1741 
f 1754//1754 1755//1755 1741//1741 
f 1741//1741 1755//1755 1742//1742 
f 1755//1755 1756//1756 1742//1742 
f 1742//1742 1756//1756 1743//1743 
f 1756//1756 1757//1757 1743//1743 
f 1743//1743 1757//1757 1744//1744 
f 1757//1757 1758//1758 1744//1744 
f 1744//1744 1758//1758 1745//1745 
f 1758//1758 1759//1759 1745//1745 
f 1745//1745 1759//1759 1746//1746 
f 1759//1759 1760//1760 1746//1746 
f 1746//1746 1760//1760 1676//1676 
f 1760//1760 1761//1761 1676//1676 
f 1676//1676 1761//1761 1678//1678 
f 1761//1761 1762//1762 1678//1678 
f 1678//1678 1762//1762 1680//1680 
f 1762//1762 1680//1680 1680//1680 
f 1680//1680 1680//1680 1677//1677 
f 1680//1680 1677//1677 1677//1677 
f 1677//1677 1677//1677 1677//1677 
f 1677//1677 1679//1679 1677//1677 
f 1677//1677 1679//1679 1747//1747 
f 1679//1679 1763//1763 1747//1747 
f 1747//1747 1763//1763 1748//1748 
f 1763//1763 1764//1764 1748//1748 
f 1748//1748 1764//1764 1749//1749 
f 1764//1764 1765//1765 1749//1749 
f 1749//1749 1765//1765 1750//1750 
f 1765//1765 1766//1766 1750//1750 
f 1750//1750 1766//1766 1751//1751 
f 1766//1766 1767//1767 1751//1751 
f 1751//1751 1767//1767 1752//1752 
f 1767//1767 1768//1768 1752//1752 
f 1752//1752 1768//1768 1753//1753 
f 1768//1768 1769//1769 1753//1753 
f 1753//1753 1769//1769 1754//1754 
f 1769//1769 1770//1770 1754//1754 
f 1754//1754 1770//1770 1755//1755 
f 1770//1770 1771//1771 1755//1755 
f 1755//1755 1771//1771 1756//1756 
f 1771//1771 1772//1772 1756//1756 
f 1756//1756 1772//1772 1757//1757 
f 1772//1772 1773//1773 1757//1757 
f 1757//1757 1773//1773 1758//1758 
f 1773//1773 1774//1774 1758//1758 
f 1758//1758 1774//1774 1759//1759 
f 1774//1774 1775//1775 1759//1759 
f 1759//1759 1775//1775 1760//1760 
f 1775//1775 1761//1761 1760//1760 
f 1760//1760 1761//1761 1761//1761 
f 1761//1761 1679//1679 1761//1761 
f 1761//1761 1679//1679 1679//1679 
f 1679//1679 1681//1681 1679//1679 
f 1679//1679 1681//1681 1763//1763 
f 1681//1681 1776//1776 1763//1763 
f 1763//1763 1776//1776 1764//1764 
f 1776//1776 1777//1777 1764//1764 
f 1764//1764 1777//1777 1765//1765 
f 1777//1777 1778//1778 1765//1765 
f 1765//1765 1778//1778 1766//1766 
f 1778//1778 1779//1779 1766//1766 
f 1766//1766 1779//1779 1767//1767 
f 1779//1779 1780//1780 1767//1767 
f 1767//1767 1780//1780 1768//1768 
f 1780//1780 1781//1781 1768//1768 
f 1768//1768 1781//1781 1769//1769 
f 1781//1781 1782//1782 1769//1769 
f 1769//1769 1782//1782 1770//1770 
f 1782//1782 1783//1783 1770//1770 
f 1770//1770 1783//1783 1771//1771 
f 1783//1783 1784//1784 1771//1771 
f 1771//1771 1784//1784 1772//1772 
f 1784//1784 1785//1785 1772//1772 
f 1772//1772 1785//1785 1773//1773 
f 1785//1785 1786//1786 1773//1773 
f 1773//1773 1786//1786 1774//1774 
f 1786//1786 1787//1787 1774//1774 
f 1774//1774 1787//1787 1775//1775 
f 1787//1787 1788//1788 1775//1775 
f 1775//1775 1788//1788 1761//1761 
f 1788//1788 1762//1762 1761//1761 
f 1761//1761 1762//1762 1762//1762 
f 1762//1762 1665//1665 1762//1762 
f 1762//1762 1665//1665 1665//1665 
f 1665//1665 1667//1667 1665//1665 
f 1665//1665 1667//1667 1789//1789 
f 1667//1667 1790//1790 1789//1789 
f 1789//1789 1790//1790 1790//1790 
f 1790//1790 1667//1667 1790//1790 
f 1790//1790 1667//1667 1667//1667 
f 1667//1667 1682//1682 1667//1667 
f 1667//1667 1682//1682 1790//1790 
f 1682//1682 1791//1791 1790//1790 
f 1790//1790 1791//1791 1791//1791 
f 1791//1791 1682//1682 1791//1791 
f 1791//1791 1682//1682 1682//1682 
f 1682//1682 1684//1684 1682//1682 
f 1682//1682 1684//1684 1791//1791 
f 1684//1684 1792//1792 1791//1791 
f 1791//1791 1792//1792 1792//1792 
f 1792//1792 1684//1684 1792//1792 
f 1792//1792 1684//1684 1684//1684 
f 1684//1684 1686//1686 1684//1684 
f 1684//1684 1686//1686 1792//1792 
f 1686//1686 1793//1793 1792//1792 
f 1792//1792 1793//1793 1793//1793 
f 1793//1793 1686//1686 1793//1793 
f 1793//1793 1686//1686 1686//1686 
f 1686//1686 1688//1688 1686//1686 
f 1686//1686 1688//1688 1793//1793 
f 1688//1688 1794//1794 1793//1793 
f 1793//1793 1794//1794 1794//1794 
f 1794//1794 1688//1688 1794//1794 
f 1794//1794 1688//1688 1688//1688 
f 1688//1688 1690//1690 1688//1688 
f 1688//1688 1690//1690 1794//1794 
f 1690//1690 1795//1795 1794//1794 
f 1794//1794 1795//1795 1795//1795 
f 1795//1795 1690//1690 1795//1795 
f 1795//1795 1690//1690 1690//1690 
f 1690//1690 1692//1692 1690//1690 
f 1690//1690 1692//1692 1795//1795 
f 1692//1692 1796//1796 1795//1795 
f 1795//1795 1796//1796 1796//1796 
f 1796//1796 1692//1692 1796//1796 
f 1796//1796 1692//1692 1692//1692 
f 1692//1692 1694//1694 1692//1692 
f 1692//1692 1694//1694 1796//1796 
f 1694//1694 1797//1797 1796//1796 
f 1796//1796 1797//1797 1797//1797 
f 1797//1797 1694//1694 1797//1797 
f 1797//1797 1694//1694 1694//1694 
f 1694//1694 1696//1696 1694//1694 
f 1694//1694 1696//1696 1797//1797 
f 1696//1696 1798//1798 1797//1797 
f 1797//1797 1798//1798 1798//1798 
f 1798//1798 1696//1696 1798//1798 
f 1798//1798 1696//1696 1696//1696 
f 1696//1696 1698//1698 1696//1696 
f 1696//1696 1698//1698 1798//1798 
f 1698//1698 1655//1655 1798//1798 
f 1798//1798 1655//1655 1655//1655 
f 1655//1655 1799//1799 1655//1655 
f 1655//1655 1799//1799 1799//1799 
f 1799//1799 1800//1800 1799//1799 
f 1799//1799 1800//1800 1801//1801 
f 1800//1800 1802//1802 1801//1801 
f 1801//1801 1802//1802 1803//1803 
f 1802//1802 1804//1804 1803//1803 
f 1803//1803 1804//1804 1805//1805 
f 1804//1804 1806//1806 1805//1805 
f 1805//1805 1806//1806 1807//1807 
f 1806//1806 1808//1808 1807//1807 
f 1807//1807 1808//1808 1809//1809 
f 1808//1808 1810//1810 1809//1809 
f 1809//1809 1810//1810 1811//1811 
f 1810//1810 1812//1812 1811//1811 
f 1811//1811 1812//1812 1813//1813 
f 1812//1812 1814//1814 1813//1813 
f 1813//1813 1814//1814 1815//1815 
f 1814//1814 1816//1816 1815//1815 
f 1815//1815 1816//1816 1817//1817 
f 1816//1816 1818//1818 1817//1817 
f 1817//1817 1818//1818 1819//1819 
f 1818//1818 1819//1819 1819//1819 
f 1819//1819 1819//1819 1819//1819 
f 1819//1819 1820//1820 1819//1819 
f 1819//1819 1820//1820 1817//1817 
f 1820//1820 1821//1821 1817//1817 
f 1817//1817 1821//1821 1815//1815 
f 1821//1821 1822//1822 1815//1815 
f 1815//1815 1822//1822 1813//1813 
f 1822//1822 1823//1823 1813//1813 
f 1813//1813 1823//1823 1811//1811 
f 1823//1823 1824//1824 1811//1811 
f 1811//1811 1824//1824 1809//1809 
f 1824//1824 1825//1825 1809//1809 
f 1809//1809 1825//1825 1807//1807 
f 1825//1825 1826//1826 1807//1807 
f 1807//1807 1826//1826 1805//1805 
f 1826//1826 1827//1827 1805//1805 
f 1805//1805 1827//1827 1828//1828 
f 1827//1827 1828//1828 1828//1828 
f 1828//1828 1828//1828 1820//1820 
f 1828//1828 1820//1820 1820//1820 
f 1820//1820 1820//1820 1820//1820 
f 1820//1820 1829//1829 1820//1820 
f 1820//1820 1829//1829 1821//1821 
f 1829//1829 1830//1830 1821//1821 
f 1821//1821 1830//1830 1822//1822 
f 1830//1830 1831//1831 1822//1822 
f 1822//1822 1831//1831 1823//1823 
f 1831//1831 1832//1832 1823//1823 
f 1823//1823 1832//1832 1824//1824 
f 1832//1832 1833//1833 1824//1824 
f 1824//1824 1833//1833 1825//1825 
f 1833//1833 1834//1834 1825//1825 
f 1825//1825 1834//1834 1826//1826 
f 1834//1834 1835//1835 1826//1826 
f 1826//1826 1835//1835 1827//1827 
f 1835//1835 1827//1827 1827//1827 
f 1827//1827 1827//1827 1829//1829 
f 1827//1827 1829//1829 1829//1829 
f 1829//1829 1829//1829 1829//1829 
f 1829//1829 1836//1836 1829//1829 
f 1829//1829 1836//1836 1830//1830 
f 1836//1836 1837//1837 1830//1830 
f 1830//1830 1837//1837 1831//1831 
f 1837//1837 1838//1838 1831//1831 
f 1831//1831 1838//1838 1832//1832 
f 1838//1838 1839//1839 1832//1832 
f 1832//1832 1839//1839 1833//1833 
f 1839//1839 1840//1840 1833//1833 
f 1833//1833 1840//1840 1834//1834 
f 1840//1840 1841//1841 1834//1834 
f 1834//1834 1841//1841 1835//1835 
f 1841//1841 1835//1835 1835//1835 
f 1835//1835 1835//1835 1840//1840 
f 1835//1835 1840//1840 1840//1840 
f 1840//1840 1840//1840 1840//1840 
f 1840//1840 1839//1839 1840//1840 
f 1840//1840 1839//1839 1842//1842 
f 1839//1839 1843//1843 1842//1842 
f 1842//1842 1843//1843 1844//1844 
f 1843//1843 1845//1845 1844//1844 
f 1844//1844 1845//1845 1846//1846 
f 1845//1845 1847//1847 1846//1846 
f 1846//1846 1847//1847 1848//1848 
f 1847//1847 1849//1849 1848//1848 
f 1848//1848 1849//1849 1850//1850 
f 1849//1849 1851//1851 1850//1850 
f 1850//1850 1851//1851 1852//1852 
f 1851//1851 1853//1853 1852//1852 
f 1852//1852 1853//1853 1854//1854 
f 1853//1853 1855//1855 1854//1854 
f 1854//1854 1855//1855 1856//1856 
f 1855//1855 1857//1857 1856//1856 
f 1856//1856 1857//1857 1858//1858 
f 1857//1857 1859//1859 1858//1858 
f 1858//1858 1859//1859 1800//1800 
f 1859//1859 1860//1860 1800//1800 
f 1800//1800 1860//1860 1802//1802 
f 1860//1860 1861//1861 1802//1802 
f 1802//1802 1861//1861 1804//1804 
f 1861//1861 1806//1806 1804//1804 
f 1804//1804 1806//1806 1806//1806 
f 1806//1806 1839//1839 1806//1806 
f 1806//1806 1839//1839 1839//1839 
f 1839//1839 1838//1838 1839//1839 
f 1839//1839 1838//1838 1843//1843 
f 1838//1838 1862//1862 1843//1843 
f 1843//1843 1862//1862 1845//1845 
f 1862//1862 1863//1863 1845//1845 
f 1845//1845 1863//1863 1847//1847 
f 1863//1863 1864//1864 1847//1847 
f 1847//1847 1864//1864 1849//1849 
f 1864//1864 1865//1865 1849//1849 
f 1849//1849 1865//1865 1851//1851 
f 1865//1865 1866//1866 1851//1851 
f 1851//1851 1866//1866 1853//1853 
f 1866//1866 1867//1867 1853//1853 
f 1853//1853 1867//1867 1855//1855 
f 1867//1867 1868//1868 1855//1855 
f 1855//1855 1868//1868 1857//1857 
f 1868//1868 1869//1869 1857//1857 
f 1857//1857 1869//1869 1859//1859 
f 1869//1869 1870//1870 1859//1859 
f 1859//1859 1870//1870 1860//1860 
f 1870//1870 1871//1871 1860//1860 
f 1860//1860 1871//1871 1861//1861 
f 1871//1871 1872//1872 1861//1861 
f 1861//1861 1872//1872 1806//1806 
f 1872//1872 1808//1808 1806//1806 
f 1806//1806 1808//1808 1808//1808 
f 1808//1808 1838//1838 1808//1808 
f 1808//1808 1838//1838 1838//1838 
f 1838//1838 1837//1837 1838//1838 
f 1838//1838 1837//1837 1862//1862 
f 1837//1837 1873//1873 1862//1862 
f 1862//1862 1873//1873 1863//1863 
f 1873//1873 1874//1874 1863//1863 
f 1863//1863 1874//1874 1864//1864 
f 1874//1874 1875//1875 1864//1864 
f 1864//1864 1875//1875 1865//1865 
f 1875//1875 1876//1876 1865//1865 
f 1865//1865 1876//1876 1866//1866 
f 1876//1876 1877//1877 1866//1866 
f 1866//1866 1877//1877 1867//1867 
f 1877//1877 1878//1878 1867//1867 
f 1867//1867 1878//1878 1868//1868 
f 1878//1878 1879//1879 1868//1868 
f 1868//1868 1879//1879 1869//1869 
f 1879//1879 1880//1880 1869//1869 
f 1869//1869 1880//1880 1870//1870 
f 1880//1880 1881//1881 1870//1870 
f 1870//1870 1881//1881 1871//1871 
f 1881//1881 1882//1882 1871//1871 
f 1871//1871 1882//1882 1872//1872 
f 1882//1882 1883//1883 1872//1872 
f 1872//1872 1883//1883 1808//1808 
f 1883//1883 1810//1810 1808//1808 
f 1808//1808 1810//1810 1810//1810 
f 1810//1810 1837//1837 1810//1810 
f 1810//1810 1837//1837 1837//1837 
f 1837//1837 1836//1836 1837//1837 
f 1837//1837 1836//1836 1873//1873 
f 1836//1836 1884//1884 1873//1873 
f 1873//1873 1884//1884 1874//1874 
f 1884//1884 1885//1885 1874//1874 
f 1874//1874 1885//1885 1875//1875 
f 1885//1885 1886//1886 1875//1875 
f 1875//1875 1886//1886 1876//1876 
f 1886//1886 1887//1887 1876//1876 
f 1876//1876 1887//1887 1877//1877 
f 1887//1887 1888//1888 1877//1877 
f 1877//1877 1888//1888 1878//1878 
f 1888//1888 1889//1889 1878//1878 
f 1878//1878 1889//1889 1879//1879 
f 1889//1889 1890//1890 1879//1879 
f 1879//1879 1890//1890 1880//1880 
f 1890//1890 1891//1891 1880//1880 
f 1880//1880 1891//1891 1881//1881 
f 1891//1891 1892//1892 1881//1881 
f 1881//1881 1892//1892 1882//1882 
f 1892//1892 1893//1893 1882//1882 
f 1882//1882 1893//1893 1883//1883 
f 1893//1893 1894//1894 1883//1883 
f 1883//1883 1894//1894 1810//1810 
f 1894//1894 1812//1812 1810//1810 
f 1810//1810 1812//1812 1812//1812 
f 1812//1812 1836//1836 1812//1812 
f 1812//1812 1836//1836 1836//1836 
f 1836//1836 1895//1895 1836//1836 
f 1836//1836 1895//1895 1884//1884 
f 1895//1895 1896//1896 1884//1884 
f 1884//1884 1896//1896 1885//1885 
f 1896//1896 1897//1897 1885//1885 
f 1885//1885 1897//1897 1886//1886 
f 1897//1897 1898//1898 1886//1886 
f 1886//1886 1898//1898 1887//1887 
f 1898//1898 1899//1899 1887//1887 
f 1887//1887 1899//1899 1888//1888 
f 1899//1899 1900//1900 1888//1888 
f 1888//1888 1900//1900 1889//1889 
f 1900//1900 1901//1901 1889//1889 
f 1889//1889 1901//1901 1890//1890 
f 1901//1901 1902//1902 1890//1890 
f 1890//1890 1902//1902 1891//1891 
f 1902//1902 1903//1903 1891//1891 
f 1891//1891 1903//1903 1892//1892 
f 1903//1903 1904//1904 1892//1892 
f 1892//1892 1904//1904 1893//1893 
f 1904//1904 1905//1905 1893//1893 
f 1893//1893 1905//1905 1894//1894 
f 1905//1905 1906//1906 1894//1894 
f 1894//1894 1906//1906 1814//1814 
f 1906//1906 1907//1907 1814//1814 
f 1814//1814 1907//1907 1816//1816 
f 1907//1907 1908//1908 1816//1816 
f 1816//1816 1908//1908 1818//1818 
f 1908//1908 1818//1818 1818//1818 
f 1818//1818 1818//1818 1907//1907 
f 1818//1818 1907//1907 1907//1907 
f 1907//1907 1907//1907 1907//1907 
f 1907//1907 1906//1906 1907//1907 
f 1907//1907 1906//1906 1909//1909 
f 1906//1906 1905//1905 1909//1909 
f 1909//1909 1905//1905 1910//1910 
f 1905//1905 1904//1904 1910//1910 
f 1910//1910 1904//1904 1911//1911 
f 1904//1904 1903//1903 1911//1911 
f 1911//1911 1903//1903 1912//1912 
f 1903//1903 1902//1902 1912//1912 
f 1912//1912 1902//1902 1913//1913 
f 1902//1902 1901//1901 1913//1913 
f 1913//1913 1901//1901 1914//1914 
f 1901//1901 1900//1900 1914//1914 
f 1914//1914 1900//1900 1915//1915 
f 1900//1900 1899//1899 1915//1915 
f 1915//1915 1899//1899 1916//1916 
f 1899//1899 1898//1898 1916//1916 
f 1916//1916 1898//1898 1917//1917 
f 1898//1898 1897//1897 1917//1917 
f 1917//1917 1897//1897 1918//1918 
f 1897//1897 1896//1896 1918//1918 
f 1918//1918 1896//1896 1919//1919 
f 1896//1896 1895//1895 1919//1919 
f 1919//1919 1895//1895 1920//1920 
f 1895//1895 1829//1829 1920//1920 
f 1920//1920 1829//1829 1820//1820 
f 1829//1829 1820//1820 1820//1820 
f 1820//1820 1820//1820 1820//1820 
f 1820//1820 1921//1921 1820//1820 
f 1820//1820 1921//1921 1920//1920 
f 1921//1921 1922//1922 1920//1920 
f 1920//1920 1922//1922 1919//1919 
f 1922//1922 1923//1923 1919//1919 
f 1919//1919 1923//1923 1918//1918 
f 1923//1923 1924//1924 1918//1918 
f 1918//1918 1924//1924 1917//1917 
f 1924//1924 1925//1925 1917//1917 
f 1917//1917 1925//1925 1916//1916 
f 1925//1925 1926//1926 1916//1916 
f 1916//1916 1926//1926 1915//1915 
f 1926//1926 1927//1927 1915//1915 
f 1915//1915 1927//1927 1914//1914 
f 1927//1927 1928//1928 1914//1914 
f 1914//1914 1928//1928 1913//1913 
f 1928//1928 1929//1929 1913//1913 
f 1913//1913 1929//1929 1912//1912 
f 1929//1929 1930//1930 1912//1912 
f 1912//1912 1930//1930 1911//1911 
f 1930//1930 1931//1931 1911//1911 
f 1911//1911 1931//1931 1910//1910 
f 1931//1931 1932//1932 1910//1910 
f 1910//1910 1932//1932 1909//1909 
f 1932//1932 1933//1933 1909//1909 
f 1909//1909 1933//1933 1907//1907 
f 1933//1933 1908//1908 1907//1907 
f 1907//1907 1908//1908 1908//1908 
f 1908//1908 1841//1841 1908//1908 
f 1908//1908 1841//1841 1841//1841 
f 1841//1841 1840//1840 1841//1841 
f 1841//1841 1840//1840 1934//1934 
f 1840//1840 1842//1842 1934//1934 
f 1934//1934 1842//1842 1935//1935 
f 1842//1842 1844//1844 1935//1935 
f 1935//1935 1844//1844 1936//1936 
f 1844//1844 1846//1846 1936//1936 
f 1936//1936 1846//1846 1937//1937 
f 1846//1846 1848//1848 1937//1937 
f 1937//1937 1848//1848 1938//1938 
f 1848//1848 1850//1850 1938//1938 
f 1938//1938 1850//1850 1939//1939 
f 1850//1850 1852//1852 1939//1939 
f 1939//1939 1852//1852 1940//1940 
f 1852//1852 1854//1854 1940//1940 
f 1940//1940 1854//1854 1941//1941 
f 1854//1854 1856//1856 1941//1941 
f 1941//1941 1856//1856 1942//1942 
f 1856//1856 1858//1858 1942//1942 
f 1942//1942 1858//1858 1799//1799 
f 1858//1858 1800//1800 1799//1799 
f 1799//1799 1800//1800 1800//1800 
f 1800//1800 1943//1943 1800//1800 
f 1800//1800 1943//1943 1943//1943 
f 1943//1943 1944//1944 1943//1943 
f 1943//1943 1944//1944 1945//1945 
f 1944//1944 1946//1946 1945//1945 
f 1945//1945 1946//1946 1947//1947 
f 1946//1946 1948//1948 1947//1947 
f 1947//1947 1948//1948 1949//1949 
f 1948//1948 1950//1950 1949//1949 
f 1949//1949 1950//1950 1951//1951 
f 1950//1950 1952//1952 1951//1951 
f 1951//1951 1952//1952 1953//1953 
f 1952//1952 1954//1954 1953//1953 
f 1953//1953 1954//1954 1955//1955 
f 1954//1954 1956//1956 1955//1955 
f 1955//1955 1956//1956 1957//1957 
f 1956//1956 1958//1958 1957//1957 
f 1957//1957 1958//1958 1959//1959 
f 1958//1958 1960//1960 1959//1959 
f 1959//1959 1960//1960 1961//1961 
f 1960//1960 1962//1962 1961//1961 
f 1961//1961 1962//1962 1963//1963 
f 1962//1962 1964//1964 1963//1963 
f 1963//1963 1964//1964 1965//1965 
f 1964//1964 1966//1966 1965//1965 
f 1965//1965 1966//1966 1967//1967 
f 1966//1966 1968//1968 1967//1967 
f 1967//1967 1968//1968 1969//1969 
f 1968//1968 1969//1969 1969//1969 
f 1969//1969 1969//1969 1955//1955 
f 1969//1969 1955//1955 1955//1955 
f 1955//1955 1955//1955 1955//1955 
f 1955//1955 1957//1957 1955//1955 
f 1955//1955 1957//1957 1970//1970 
f 1957//1957 1971//1971 1970//1970 
f 1970//1970 1971//1971 1972//1972 
f 1971//1971 1973//1973 1972//1972 
f 1972//1972 1973//1973 1974//1974 
f 1973//1973 1975//1975 1974//1974 
f 1974//1974 1975//1975 1976//1976 
f 1975//1975 1977//1977 1976//1976 
f 1976//1976 1977//1977 1978//1978 
f 1977//1977 1979//1979 1978//1978 
f 1978//1978 1979//1979 1980//1980 
f 1979//1979 1981//1981 1980//1980 
f 1980//1980 1981//1981 1982//1982 
f 1981//1981 1983//1983 1982//1982 
f 1982//1982 1983//1983 1984//1984 
f 1983//1983 1985//1985 1984//1984 
f 1984//1984 1985//1985 1986//1986 
f 1985//1985 1987//1987 1986//1986 
f 1986//1986 1987//1987 1944//1944 
f 1987//1987 1988//1988 1944//1944 
f 1944//1944 1988//1988 1946//1946 
f 1988//1988 1989//1989 1946//1946 
f 1946//1946 1989//1989 1948//1948 
f 1989//1989 1990//1990 1948//1948 
f 1948//1948 1990//1990 1950//1950 
f 1990//1990 1991//1991 1950//1950 
f 1950//1950 1991//1991 1952//1952 
f 1991//1991 1992//1992 1952//1952 
f 1952//1952 1992//1992 1954//1954 
f 1992//1992 1956//1956 1954//1954 
f 1954//1954 1956//1956 1956//1956 
f 1956//1956 1957//1957 1956//1956 
f 1956//1956 1957//1957 1957//1957 
f 1957//1957 1959//1959 1957//1957 
f 1957//1957 1959//1959 1971//1971 
f 1959//1959 1993//1993 1971//1971 
f 1971//1971 1993//1993 1973//1973 
f 1993//1993 1994//1994 1973//1973 
f 1973//1973 1994//1994 1975//1975 
f 1994//1994 1995//1995 1975//1975 
f 1975//1975 1995//1995 1977//1977 
f 1995//1995 1996//1996 1977//1977 
f 1977//1977 1996//1996 1979//1979 
f 1996//1996 1997//1997 1979//1979 
f 1979//1979 1997//1997 1981//1981 
f 1997//1997 1998//1998 1981//1981 
f 1981//1981 1998//1998 1983//1983 
f 1998//1998 1999//1999 1983//1983 
f 1983//1983 1999//1999 1985//1985 
f 1999//1999 2000//2000 1985//1985 
f 1985//1985 2000//2000 1987//1987 
f 2000//2000 2001//2001 1987//1987 
f 1987//1987 2001//2001 1988//1988 
f 2001//2001 2002//2002 1988//1988 
f 1988//1988 2002//2002 1989//1989 
f 2002//2002 2003//2003 1989//1989 
f 1989//1989 2003//2003 1990//1990 
f 2003//2003 2004//2004 1990//1990 
f 1990//1990 2004//2004 1991//1991 
f 2004//2004 2005//2005 1991//1991 
f 1991//1991 2005//2005 1992//1992 
f 2005//2005 2006//2006 1992//1992 
f 1992//1992 2006//2006 1956//1956 
f 2006//2006 1958//1958 1956//1956 
f 1956//1956 1958//1958 1958//1958 
f 1958//1958 1959//1959 1958//1958 
f 1958//1958 1959//1959 1959//1959 
f 1959//1959 1961//1961 1959//1959 
f 1959//1959 1961//1961 1993//1993 
f 1961//1961 2007//2007 1993//1993 
f 1993//1993 2007//2007 1994//1994 
f 2007//2007 2008//2008 1994//1994 
f 1994//1994 2008//2008 1995//1995 
f 2008//2008 2009//2009 1995//1995 
f 1995//1995 2009//2009 1996//1996 
f 2009//2009 2010//2010 1996//1996 
f 1996//1996 2010//2010 1997//1997 
f 2010//2010 2011//2011 1997//1997 
f 1997//1997 2011//2011 1998//1998 
f 2011//2011 2012//2012 1998//1998 
f 1998//1998 2012//2012 1999//1999 
f 2012//2012 2013//2013 1999//1999 
f 1999//1999 2013//2013 2000//2000 
f 2013//2013 2014//2014 2000//2000 
f 2000//2000 2014//2014 2001//2001 
f 2014//2014 2015//2015 2001//2001 
f 2001//2001 2015//2015 2002//2002 
f 2015//2015 2016//2016 2002//2002 
f 2002//2002 2016//2016 2003//2003 
f 2016//2016 2017//2017 2003//2003 
f 2003//2003 2017//2017 2004//2004 
f 2017//2017 2018//2018 2004//2004 
f 2004//2004 2018//2018 2005//2005 
f 2018//2018 2019//2019 2005//2005 
f 2005//2005 2019//2019 2006//2006 
f 2019//2019 2020//2020 2006//2006 
f 2006//2006 2020//2020 1958//1958 
f 2020//2020 1960//1960 1958//1958 
f 1958//1958 1960//1960 1960//1960 
f 1960//1960 1961//1961 1960//1960 
f 1960//1960 1961//1961 1961//1961 
f 1961//1961 1963//1963 1961//1961 
f 1961//1961 1963//1963 2007//2007 
f 1963//1963 2021//2021 2007//2007 
f 2007//2007 2021//2021 2008//2008 
f 2021//2021 2022//2022 2008//2008 
f 2008//2008 2022//2022 2009//2009 
f 2022//2022 2023//2023 2009//2009 
f 2009//2009 2023//2023 2010//2010 
f 2023//2023 2024//2024 2010//2010 
f 2010//2010 2024//2024 2011//2011 
f 2024//2024 2025//2025 2011//2011 
f 2011//2011 2025//2025 2012//2012 
f 2025//2025 2026//2026 2012//2012 
f 2012//2012 2026//2026 2013//2013 
f 2026//2026 2027//2027 2013//2013 
f 2013//2013 2027//2027 2014//2014 
f 2027//2027 2028//2028 2014//2014 
f 2014//2014 2028//2028 2015//2015 
f 2028//2028 2029//2029 2015//2015 
f 2015//2015 2029//2029 2016//2016 
f 2029//2029 2030//2030 2016//2016 
f 2016//2016 2030//2030 2017//2017 
f 2030//2030 2031//2031 2017//2017 
f 2017//2017 2031//2031 2018//2018 
f 2031//2031 2032//2032 2018//2018 
f 2018//2018 2032//2032 2019//2019 
f 2032//2032 2033//2033 2019//2019 
f 2019//2019 2033//2033 2020//2020 
f 2033//2033 2034//2034 2020//2020 
f 2020//2020 2034//2034 1960//1960 
f 2034//2034 1962//1962 1960//1960 
f 1960//1960 1962//1962 1962//1962 
f 1962//1962 1963//1963 1962//1962 
f 1962//1962 1963//1963 1963//1963 
f 1963//1963 1965//1965 1963//1963 
f 1963//1963 1965//1965 2021//2021 
f 1965//1965 2035//2035 2021//2021 
f 2021//2021 2035//2035 2022//2022 
f 2035//2035 2036//2036 2022//2022 
f 2022//2022 2036//2036 2023//2023 
f 2036//2036 2037//2037 2023//2023 
f 2023//2023 2037//2037 2024//2024 
f 2037//2037 2038//2038 2024//2024 
f 2024//2024 2038//2038 2025//2025 
f 2038//2038 2039//2039 2025//2025 
f 2025//2025 2039//2039 2026//2026 
f 2039//2039 2040//2040 2026//2026 
f 2026//2026 2040//2040 2027//2027 
f 2040//2040 2041//2041 2027//2027 
f 2027//2027 2041//2041 2028//2028 
f 2041//2041 2042//2042 2028//2028 
f 2028//2028 2042//2042 2029//2029 
f 2042//2042 2043//2043 2029//2029 
f 2029//2029 2043//2043 2030//2030 
f 2043//2043 2044//2044 2030//2030 
f 2030//2030 2044//2044 2031//2031 
f 2044//2044 2045//2045 2031//2031 
f 2031//2031 2045//2045 2032//2032 
f 2045//2045 2046//2046 2032//2032 
f 2032//2032 2046//2046 2033//2033 
f 2046//2046 2047//2047 2033//2033 
f 2033//2033 2047//2047 2034//2034 
f 2047//2047 2048//2048 2034//2034 
f 2034//2034 2048//2048 1964//1964 
f 2048//2048 2049//2049 1964//1964 
f 1964//1964 2049//2049 1966//1966 
f 2049//2049 2050//2050 1966//1966 
f 1966//1966 2050//2050 1968//1968 
f 2050//2050 1968//1968 1968//1968 
f 1968//1968 1968//1968 1965//1965 
f 1968//1968 1965//1965 1965//1965 
f 1965//1965 1965//1965 1965//1965 
f 1965//1965 1967//1967 1965//1965 
f 1965//1965 1967//1967 2035//2035 
f 1967//1967 2051//2051 2035//2035 
f 2035//2035 2051//2051 2036//2036 
f 2051//2051 2052//2052 2036//2036 
f 2036//2036 2052//2052 2037//2037 
f 2052//2052 2053//2053 2037//2037 
f 2037//2037 2053//2053 2038//2038 
f 2053//2053 2054//2054 2038//2038 
f 2038//2038 2054//2054 2039//2039 
f 2054//2054 2055//2055 2039//2039 
f 2039//2039 2055//2055 2040//2040 
f 2055//2055 2056//2056 2040//2040 
f 2040//2040 2056//2056 2041//2041 
f 2056//2056 2057//2057 2041//2041 
f 2041//2041 2057//2057 2042//2042 
f 2057//2057 2058//2058 2042//2042 
f 2042//2042 2058//2058 2043//2043 
f 2058//2058 2059//2059 2043//2043 
f 2043//2043 2059//2059 2044//2044 
f 2059//2059 2060//2060 2044//2044 
f 2044//2044 2060//2060 2045//2045 
f 2060//2060 2061//2061 2045//2045 
f 2045//2045 2061//2061 2046//2046 
f 2061//2061 2062//2062 2046//2046 
f 2046//2046 2062//2062 2047//2047 
f 2062//2062 2063//2063 2047//2047 
f 2047//2047 2063//2063 2048//2048 
f 2063//2063 2049//2049 2048//2048 
f 2048//2048 2049//2049 2049//2049 
f 2049//2049 1967//1967 2049//2049 
f 2049//2049 1967//1967 1967//1967 
f 1967//1967 1969//1969 1967//1967 
f 1967//1967 1969//1969 2051//2051 
f 1969//1969 2064//2064 2051//2051 
f 2051//2051 2064//2064 2052//2052 
f 2064//2064 2065//2065 2052//2052 
f 2052//2052 2065//2065 2053//2053 
f 2065//2065 2066//2066 2053//2053 
f 2053//2053 2066//2066 2054//2054 
f 2066//2066 2067//2067 2054//2054 
f 2054//2054 2067//2067 2055//2055 
f 2067//2067 2068//2068 2055//2055 
f 2055//2055 2068//2068 2056//2056 
f 2068//2068 2069//2069 2056//2056 
f 2056//2056 2069//2069 2057//2057 
f 2069//2069 2070//2070 2057//2057 
f 2057//2057 2070//2070 2058//2058 
f 2070//2070 2071//2071 2058//2058 
f 2058//2058 2071//2071 2059//2059 
f 2071//2071 2072//2072 2059//2059 
f 2059//2059 2072//2072 2060//2060 
f 2072//2072 2073//2073 2060//2060 
f 2060//2060 2073//2073 2061//2061 
f 2073//2073 2074//2074 2061//2061 
f 2061//2061 2074//2074 2062//2062 
f 2074//2074 2075//2075 2062//2062 
f 2062//2062 2075//2075 2063//2063 
f 2075//2075 2076//2076 2063//2063 
f 2063//2063 2076//2076 2049//2049 
f 2076//2076 2050//2050 2049//2049 
f 2049//2049 2050//2050 2050//2050 
f 2050//2050 1953//1953 2050//2050 
f 2050//2050 1953//1953 1953//1953 
f 1953//1953 1955//1955 1953//1953 
f 1953//1953 1955//1955 2077//2077 
f 1955//1955 2078//2078 2077//2077 
f 2077//2077 2078//2078 2078//2078 
f 2078//2078 1955//1955 2078//2078 
f 2078//2078 1955//1955 1955//1955 
f 1955//1955 1970//1970 1955//1955 
f 1955//1955 1970//1970 2078//2078 
f 1970//1970 2079//2079 2078//2078 
f 2078//2078 2079//2079 2079//2079 
f 2079//2079 1970//1970 2079//2079 
f 2079//2079 1970//1970 1970//1970 
f 1970//1970 1972//1972 1970//1970 
f 1970//1970 1972//1972 2079//2079 
f 1972//1972 2080//2080 2079//2079 
f 2079//2079 2080//2080 2080//2080 
f 2080//2080 1972//1972 2080//2080 
f 2080//2080 1972//1972 1972//1972 
f 1972//1972 1974//1974 1972//1972 
f 1972//1972 1974//1974 2080//2080 
f 1974//1974 2081//2081 2080//2080 
f 2080//2080 2081//2081 2081//2081 
f 2081//2081 1974//1974 2081//2081 
f 2081//2081 1974//1974 1974//1974 
f 1974//1974 1976//1976 1974//1974 
f 1974//1974 1976//1976 2081//2081 
f 1976//1976 2082//2082 2081//2081 
f 2081//2081 2082//2082 2082//2082 
f 2082//2082 1976//1976 2082//2082 
f 2082//2082 1976//1976 1976//1976 
f 1976//1976 1978//1978 1976//1976 
f 1976//1976 1978//1978 2082//2082 
f 1978//1978 2083//2083 2082//2082 
f 2082//2082 2083//2083 2083//2083 
f 2083//2083 1978//1978 2083//2083 
f 2083//2083 1978//1978 1978//1978 
f 1978//1978 1980//1980 1978//1978 
f 1978//1978 1980//1980 2083//2083 
f 1980//1980 2084//2084 2083//2083 
f 2083//2083 2084//2084 2084//2084 
f 2084//2084 1980//1980 2084//2084 
f 2084//2084 1980//1980 1980//1980 
f 1980//1980 1982//1982 1980//1980 
f 1980//1980 1982//1982 2084//2084 
f 1982//1982 2085//2085 2084//2084 
f 2084//2084 2085//2085 2085//2085 
f 2085//2085 1982//1982 2085//2085 
f 2085//2085 1982//1982 1982//1982 
f 1982//1982 1984//1984 1982//1982 
f 1982//1982 1984//1984 2085//2085 
f 1984//1984 2086//2086 2085//2085 
f 2085//2085 2086//2086 2086//2086 
f 2086//2086 1984//1984 2086//2086 
f 2086//2086 1984//1984 1984//1984 
f 1984//1984 1986//1986 1984//1984 
f 1984//1984 1986//1986 2086//2086 
f 1986//1986 1943//1943 2086//2086 
f 2086//2086 1943//1943 1943//1943 
f 1943//1943 2087//2087 1943//1943 
f 1943//1943 2087//2087 2087//2087 
f 2087//2087 2088//2088 2087//2087 
f 2087//2087 2088//2088 2089//2089 
f 2088//2088 2090//2090 2089//2089 
f 2089//2089 2090//2090 2091//2091 
f 2090//2090 2092//2092 2091//2091 
f 2091//2091 2092//2092 2093//2093 
f 2092//2092 2094//2094 2093//2093 
f 2093//2093 2094//2094 2095//2095 
f 2094//2094 2096//2096 2095//2095 
f 2095//2095 2096//2096 2097//2097 
f 2096//2096 2098//2098 2097//2097 
f 2097//2097 2098//2098 2099//2099 
f 2098//2098 2100//2100 2099//2099 
f 2099//2099 2100//2100 2101//2101 
f 2100//2100 2102//2102 2101//2101 
f 2101//2101 2102//2102 2103//2103 
f 2102//2102 2104//2104 2103//2103 
f 2103//2103 2104//2104 2105//2105 
f 2104//2104 2106//2106 2105//2105 
f 2105//2105 2106//2106 2107//2107 
f 2106//2106 2108//2108 2107//2107 
f 2107//2107 2108//2108 2109//2109 
f 2108//2108 2110//2110 2109//2109 
f 2109//2109 2110//2110 2111//2111 
f 2110//2110 2112//2112 2111//2111 
f 2111//2111 2112//2112 2113//2113 
f 2112//2112 2114//2114 2113//2113 
f 2113//2113 2114//2114 2115//2115 
f 2114//2114 2116//2116 2115//2115 
f 2115//2115 2116//2116 2117//2117 
f 2116//2116 2118//2118 2117//2117 
f 2117//2117 2118//2118 2087//2087 
f 2118//2118 2088//2088 2087//2087 
f 2087//2087 2088//2088 2088//2088 
f 2088//2088 2118//2118 2088//2088 
f 2088//2088 2118//2118 2118//2118 
f 2118//2118 2119//2119 2118//2118 
f 2118//2118 2119//2119 2088//2088 
f 2119//2119 2120//2120 2088//2088 
f 2088//2088 2120//2120 2090//2090 
f 2120//2120 2121//2121 2090//2090 
f 2090//2090 2121//2121 2092//2092 
f 2121//2121 2122//2122 2092//2092 
f 2092//2092 2122//2122 2094//2094 
f 2122//2122 2123//2123 2094//2094 
f 2094//2094 2123//2123 2096//2096 
f 2123//2123 2124//2124 2096//2096 
f 2096//2096 2124//2124 2098//2098 
f 2124//2124 2125//2125 2098//2098 
f 2098//2098 2125//2125 2100//2100 
f 2125//2125 2126//2126 2100//2100 
f 2100//2100 2126//2126 2102//2102 
f 2126//2126 2127//2127 2102//2102 
f 2102//2102 2127//2127 2104//2104 
f 2127//2127 2128//2128 2104//2104 
f 2104//2104 2128//2128 2106//2106 
f 2128//2128 2129//2129 2106//2106 
f 2106//2106 2129//2129 2108//2108 
f 2129//2129 2130//2130 2108//2108 
f 2108//2108 2130//2130 2110//2110 
f 2130//2130 2131//2131 2110//2110 
f 2110//2110 2131//2131 2112//2112 
f 2131//2131 2132//2132 2112//2112 
f 2112//2112 2132//2132 2114//2114 
f 2132//2132 2133//2133 2114//2114 
f 2114//2114 2133//2133 2116//2116 
f 2133//2133 2134//2134 2116//2116 
f 2116//2116 2134//2134 2118//2118 
f 2134//2134 2119//2119 2118//2118 
f 2118//2118 2119//2119 2119//2119 
f 2119//2119 2135//2135 2119//2119 
f 2119//2119 2135//2135 2120//2120 
f 2135//2135 2136//2136 2120//2120 
f 2120//2120 2136//2136 2121//2121 
f 2136//2136 2137//2137 2121//2121 
f 2121//2121 2137//2137 2122//2122 
f 2137//2137 2138//2138 2122//2122 
f 2122//2122 2138//2138 2123//2123 
f 2138//2138 2139//2139 2123//2123 
f 2123//2123 2139//2139 2124//2124 
f 2139//2139 2140//2140 2124//2124 
f 2124//2124 2140//2140 2125//2125 
f 2140//2140 2141//2141 2125//2125 
f 2125//2125 2141//2141 2126//2126 
f 2141//2141 2142//2142 2126//2126 
f 2126//2126 2142//2142 2127//2127 
f 2142//2142 2143//2143 2127//2127 
f 2127//2127 2143//2143 2128//2128 
f 2143//2143 2144//2144 2128//2128 
f 2128//2128 2144//2144 2129//2129 
f 2144//2144 2145//2145 2129//2129 
f 2129//2129 2145//2145 2130//2130 
f 2145//2145 2146//2146 2130//2130 
f 2130//2130 2146//2146 2131//2131 
f 2146//2146 2147//2147 2131//2131 
f 2131//2131 2147//2147 2132//2132 
f 2147//2147 2148//2148 2132//2132 
f 2132//2132 2148//2148 2133//2133 
f 2148//2148 2149//2149 2133//2133 
f 2133//2133 2149//2149 2134//2134 
f 2149//2149 2150//2150 2134//2134 
f 2134//2134 2150//2150 2135//2135 
f 2150//2150 2151//2151 2135//2135 
f 2135//2135 2151//2151 2152//2152 
f 2151//2151 2153//2153 2152//2152 
f 2152//2152 2153//2153 2154//2154 
f 2153//2153 2155//2155 2154//2154 
f 2154//2154 2155//2155 2156//2156 
f 2155//2155 2157//2157 2156//2156 
f 2156//2156 2157//2157 2158//2158 
f 2157//2157 2159//2159 2158//2158 
f 2158//2158 2159//2159 2160//2160 
f 2159//2159 2160//2160 2160//2160 
f 2160//2160 2160//2160 2135//2135 
f 2160//2160 2135//2135 2135//2135 
f 2135//2135 2135//2135 2135//2135 
f 2135//2135 2152//2152 2135//2135 
f 2135//2135 2152//2152 2136//2136 
f 2152//2152 2161//2161 2136//2136 
f 2136//2136 2161//2161 2137//2137 
f 2161//2161 2162//2162 2137//2137 
f 2137//2137 2162//2162 2138//2138 
f 2162//2162 2163//2163 2138//2138 
f 2138//2138 2163//2163 2139//2139 
f 2163//2163 2164//2164 2139//2139 
f 2139//2139 2164//2164 2140//2140 
f 2164//2164 2165//2165 2140//2140 
f 2140//2140 2165//2165 2141//2141 
f 2165//2165 2166//2166 2141//2141 
f 2141//2141 2166//2166 2142//2142 
f 2166//2166 2167//2167 2142//2142 
f 2142//2142 2167//2167 2143//2143 
f 2167//2167 2168//2168 2143//2143 
f 2143//2143 2168//2168 2144//2144 
f 2168//2168 2169//2169 2144//2144 
f 2144//2144 2169//2169 2145//2145 
f 2169//2169 2170//2170 2145//2145 
f 2145//2145 2170//2170 2146//2146 
f 2170//2170 2171//2171 2146//2146 
f 2146//2146 2171//2171 2147//2147 
f 2171//2171 2172//2172 2147//2147 
f 2147//2147 2172//2172 2148//2148 
f 2172//2172 2173//2173 2148//2148 
f 2148//2148 2173//2173 2149//2149 
f 2173//2173 2174//2174 2149//2149 
f 2149//2149 2174//2174 2150//2150 
f 2174//2174 2151//2151 2150//2150 
f 2150//2150 2151//2151 2151//2151 
f 2151//2151 2152//2152 2151//2151 
f 2151//2151 2152//2152 2152//2152 
f 2152//2152 2154//2154 2152//2152 
f 2152//2152 2154//2154 2161//2161 
f 2154//2154 2175//2175 2161//2161 
f 2161//2161 2175//2175 2162//2162 
f 2175//2175 2176//2176 2162//2162 
f 2162//2162 2176//2176 2163//2163 
f 2176//2176 2177//2177 2163//2163 
f 2163//2163 2177//2177 2164//2164 
f 2177//2177 2178//2178 2164//2164 
f 2164//2164 2178//2178 2165//2165 
f 2178//2178 2179//2179 2165//2165 
f 2165//2165 2179//2179 2166//2166 
f 2179//2179 2180//2180 2166//2166 
f 2166//2166 2180//2180 2167//2167 
f 2180//2180 2181//2181 2167//2167 
f 2167//2167 2181//2181 2168//2168 
f 2181//2181 2182//2182 2168//2168 
f 2168//2168 2182//2182 2169//2169 
f 2182//2182 2183//2183 2169//2169 
f 2169//2169 2183//2183 2170//2170 
f 2183//2183 2184//2184 2170//2170 
f 2170//2170 2184//2184 2171//2171 
f 2184//2184 2185//2185 2171//2171 
f 2171//2171 2185//2185 2172//2172 
f 2185//2185 2186//2186 2172//2172 
f 2172//2172 2186//2186 2173//2173 
f 2186//2186 2187//2187 2173//2173 
f 2173//2173 2187//2187 2174//2174 
f 2187//2187 2188//2188 2174//2174 
f 2174//2174 2188//2188 2151//2151 
f 2188//2188 2153//2153 2151//2151 
f 2151//2151 2153//2153 2153//2153 
f 2153//2153 2154//2154 2153//2153 
f 2153//2153 2154//2154 2154//2154 
f 2154//2154 2156//2156 2154//2154 
f 2154//2154 2156//2156 2175//2175 
f 2156//2156 2189//2189 2175//2175 
f 2175//2175 2189//2189 2176//2176 
f 2189//2189 2190//2190 2176//2176 
f 2176//2176 2190//2190 2177//2177 
f 2190//2190 2191//2191 2177//2177 
f 2177//2177 2191//2191 2178//2178 
f 2191//2191 2192//2192 2178//2178 
f 2178//2178 2192//2192 2179//2179 
f 2192//2192 2193//2193 2179//2179 
f 2179//2179 2193//2193 2180//2180 
f 2193//2193 2194//2194 2180//2180 
f 2180//2180 2194//2194 2181//2181 
f 2194//2194 2195//2195 2181//2181 
f 2181//2181 2195//2195 2182//2182 
f 2195//2195 2196//2196 2182//2182 
f 2182//2182 2196//2196 2183//2183 
f 2196//2196 2197//2197 2183//2183 
f 2183//2183 2197//2197 2184//2184 
f 2197//2197 2198//2198 2184//2184 
f 2184//2184 2198//2198 2185//2185 
f 2198//2198 2199//2199 2185//2185 
f 2185//2185 2199//2199 2186//2186 
f 2199//2199 2200//2200 2186//2186 
f 2186//2186 2200//2200 2187//2187 
f 2200//2200 2201//2201 2187//2187 
f 2187//2187 2201//2201 2188//2188 
f 2201//2201 2202//2202 2188//2188 
f 2188//2188 2202//2202 2153//2153 
f 2202//2202 2155//2155 2153//2153 
f 2153//2153 2155//2155 2155//2155 
f 2155//2155 2156//2156 2155//2155 
f 2155//2155 2156//2156 2156//2156 
f 2156//2156 2158//2158 2156//2156 
f 2156//2156 2158//2158 2189//2189 
f 2158//2158 2203//2203 2189//2189 
f 2189//2189 2203//2203 2190//2190 
f 2203//2203 2204//2204 2190//2190 
f 2190//2190 2204//2204 2191//2191 
f 2204//2204 2205//2205 2191//2191 
f 2191//2191 2205//2205 2192//2192 
f 2205//2205 2206//2206 2192//2192 
f 2192//2192 2206//2206 2193//2193 
f 2206//2206 2207//2207 2193//2193 
f 2193//2193 2207//2207 2194//2194 
f 2207//2207 2208//2208 2194//2194 
f 2194//2194 2208//2208 2195//2195 
f 2208//2208 2209//2209 2195//2195 
f 2195//2195 2209//2209 2196//2196 
f 2209//2209 2210//2210 2196//2196 
f 2196//2196 2210//2210 2197//2197 
f 2210//2210 2211//2211 2197//2197 
f 2197//2197 2211//2211 2198//2198 
f 2211//2211 2212//2212 2198//2198 
f 2198//2198 2212//2212 2199//2199 
f 2212//2212 2213//2213 2199//2199 
f 2199//2199 2213//2213 2200//2200 
f 2213//2213 2214//2214 2200//2200 
f 2200//2200 2214//2214 2201//2201 
f 2214//2214 2215//2215 2201//2201 
f 2201//2201 2215//2215 2202//2202 
f 2215//2215 2216//2216 2202//2202 
f 2202//2202 2216//2216 2155//2155 
f 2216//2216 2157//2157 2155//2155 
f 2155//2155 2157//2157 2157//2157 
f 2157//2157 2158//2158 2157//2157 
f 2157//2157 2158//2158 2158//2158 
f 2158//2158 2160//2160 2158//2158 
f 2158//2158 2160//2160 2203//2203 
f 2160//2160 2217//2217 2203//2203 
f 2203//2203 2217//2217 2204//2204 
f 2217//2217 2218//2218 2204//2204 
f 2204//2204 2218//2218 2205//2205 
f 2218//2218 2219//2219 2205//2205 
f 2205//2205 2219//2219 2206//2206 
f 2219//2219 2220//2220 2206//2206 
f 2206//2206 2220//2220 2207//2207 
f 2220//2220 2221//2221 2207//2207 
f 2207//2207 2221//2221 2208//2208 
f 2221//2221 2222//2222 2208//2208 
f 2208//2208 2222//2222 2209//2209 
f 2222//2222 2223//2223 2209//2209 
f 2209//2209 2223//2223 2210//2210 
f 2223//2223 2224//2224 2210//2210 
f 2210//2210 2224//2224 2211//2211 
f 2224//2224 2225//2225 2211//2211 
f 2211//2211 2225//2225 2212//2212 
f 2225//2225 2226//2226 2212//2212 
f 2212//2212 2226//2226 2213//2213 
f 2226//2226 2227//2227 2213//2213 
f 2213//2213 2227//2227 2214//2214 
f 2227//2227 2228//2228 2214//2214 
f 2214//2214 2228//2228 2215//2215 
f 2228//2228 2229//2229 2215//2215 
f 2215//2215 2229//2229 2216//2216 
f 2229//2229 2230//2230 2216//2216 
f 2216//2216 2230//2230 2159//2159 
f 2230//2230 2159//2159 2159//2159 
f 2159//2159 2159//2159 2231//2231 
f 2159//2159 2231//2231 2231//2231 
f 2231//2231 2231//2231 2231//2231 
f 2231//2231 2232//2232 2231//2231 
f 2231//2231 2232//2232 2233//2233 
f 2232//2232 2234//2234 2233//2233 
f 2233//2233 2234//2234 2235//2235 
f 2234//2234 2236//2236 2235//2235 
f 2235//2235 2236//2236 2237//2237 
f 2236//2236 2238//2238 2237//2237 
f 2237//2237 2238//2238 2239//2239 
f 2238//2238 2240//2240 2239//2239 
f 2239//2239 2240//2240 2241//2241 
f 2240//2240 2242//2242 2241//2241 
f 2241//2241 2242//2242 2243//2243 
f 2242//2242 2244//2244 2243//2243 
f 2243//2243 2244//2244 2245//2245 
f 2244//2244 2246//2246 2245//2245 
f 2245//2245 2246//2246 2247//2247 
f 2246//2246 2248//2248 2247//2247 
f 2247//2247 2248//2248 2249//2249 
f 2248//2248 2250//2250 2249//2249 
f 2249//2249 2250//2250 2251//2251 
f 2250//2250 2252//2252 2251//2251 
f 2251//2251 2252//2252 2253//2253 
f 2252//2252 2254//2254 2253//2253 
f 2253//2253 2254//2254 2255//2255 
f 2254//2254 2256//2256 2255//2255 
f 2255//2255 2256//2256 2257//2257 
f 2256//2256 2258//2258 2257//2257 
f 2257//2257 2258//2258 2259//2259 
f 2258//2258 2260//2260 2259//2259 
f 2259//2259 2260//2260 2261//2261 
f 2260//2260 2262//2262 2261//2261 
f 2261//2261 2262//2262 2231//2231 
f 2262//2262 2232//2232 2231//2231 
f 2231//2231 2232//2232 2232//2232 
f 2232//2232 2262//2262 2232//2232 
f 2232//2232 2262//2262 2262//2262 
f 2262//2262 2263//2263 2262//2262 
f 2262//2262 2263//2263 2232//2232 
f 2263//2263 2264//2264 2232//2232 
f 2232//2232 2264//2264 2234//2234 
f 2264//2264 2265//2265 2234//2234 
f 2234//2234 2265//2265 2236//2236 
f 2265//2265 2266//2266 2236//2236 
f 2236//2236 2266//2266 2238//2238 
f 2266//2266 2267//2267 2238//2238 
f 2238//2238 2267//2267 2240//2240 
f 2267//2267 2268//2268 2240//2240 
f 2240//2240 2268//2268 2242//2242 
f 2268//2268 2269//2269 2242//2242 
f 2242//2242 2269//2269 2244//2244 
f 2269//2269 2270//2270 2244//2244 
f 2244//2244 2270//2270 2246//2246 
f 2270//2270 2271//2271 2246//2246 
f 2246//2246 2271//2271 2248//2248 
f 2271//2271 2272//2272 2248//2248 
f 2248//2248 2272//2272 2250//2250 
f 2272//2272 2273//2273 2250//2250 
f 2250//2250 2273//2273 2252//2252 
f 2273//2273 2274//2274 2252//2252 
f 2252//2252 2274//2274 2254//2254 
f 2274//2274 2275//2275 2254//2254 
f 2254//2254 2275//2275 2256//2256 
f 2275//2275 2276//2276 2256//2256 
f 2256//2256 2276//2276 2258//2258 
f 2276//2276 2277//2277 2258//2258 
f 2258//2258 2277//2277 2260//2260 
f 2277//2277 2278//2278 2260//2260 
f 2260//2260 2278//2278 2262//2262 
f 2278//2278 2263//2263 2262//2262 
f 2262//2262 2263//2263 2263//2263 
f 2263//2263 2276//2276 2263//2263 
f 2263//2263 2276//2276 2276//2276 
f 2276//2276 2279//2279 2276//2276 
f 2276//2276 2279//2279 2277//2277 
f 2279//2279 2280//2280 2277//2277 
f 2277//2277 2280//2280 2278//2278 
f 2280//2280 2281//2281 2278//2278 
f 2278//2278 2281//2281 2263//2263 
f 2281//2281 2282//2282 2263//2263 
f 2263//2263 2282//2282 2264//2264 
f 2282//2282 2283//2283 2264//2264 
f 2264//2264 2283//2283 2265//2265 
f 2283//2283 2284//2284 2265//2265 
f 2265//2265 2284//2284 2266//2266 
f 2284//2284 2285//2285 2266//2266 
f 2266//2266 2285//2285 2267//2267 
f 2285//2285 2286//2286 2267//2267 
f 2267//2267 2286//2286 2268//2268 
f 2286//2286 2287//2287 2268//2268 
f 2268//2268 2287//2287 2269//2269 
f 2287//2287 2288//2288 2269//2269 
f 2269//2269 2288//2288 2270//2270 
f 2288//2288 2289//2289 2270//2270 
f 2270//2270 2289//2289 2271//2271 
f 2289//2289 2290//2290 2271//2271 
f 2271//2271 2290//2290 2272//2272 
f 2290//2290 2291//2291 2272//2272 
f 2272//2272 2291//2291 2273//2273 
f 2291//2291 2292//2292 2273//2273 
f 2273//2273 2292//2292 2274//2274 
f 2292//2292 2293//2293 2274//2274 
f 2274//2274 2293//2293 2275//2275 
f 2293//2293 2294//2294 2275//2275 
f 2275//2275 2294//2294 2279//2279 
f 2294//2294 2295//2295 2279//2279 
f 2279//2279 2295//2295 2296//2296 
f 2295//2295 2297//2297 2296//2296 
f 2296//2296 2297//2297 2298//2298 
f 2297//2297 2299//2299 2298//2298 
f 2298//2298 2299//2299 2300//2300 
f 2299//2299 2301//2301 2300//2300 
f 2300//2300 2301//2301 2302//2302 
f 2301//2301 2303//2303 2302//2302 
f 2302//2302 2303//2303 2304//2304 
f 2303//2303 2304//2304 2304//2304 
f 2304//2304 2304//2304 2279//2279 
f 2304//2304 2279//2279 2279//2279 
f 2279//2279 2279//2279 2279//2279 
f 2279//2279 2296//2296 2279//2279 
f 2279//2279 2296//2296 2280//2280 
f 2296//2296 2305//2305 2280//2280 
f 2280//2280 2305//2305 2281//2281 
f 2305//2305 2306//2306 2281//2281 
f 2281//2281 2306//2306 2282//2282 
f 2306//2306 2307//2307 2282//2282 
f 2282//2282 2307//2307 2283//2283 
f 2307//2307 2308//2308 2283//2283 
f 2283//2283 2308//2308 2284//2284 
f 2308//2308 2309//2309 2284//2284 
f 2284//2284 2309//2309 2285//2285 
f 2309//2309 2310//2310 2285//2285 
f 2285//2285 2310//2310 2286//2286 
f 2310//2310 2311//2311 2286//2286 
f 2286//2286 2311//2311 2287//2287 
f 2311//2311 2312//2312 2287//2287 
f 2287//2287 2312//2312 2288//2288 
f 2312//2312 2313//2313 2288//2288 
f 2288//2288 2313//2313 2289//2289 
f 2313//2313 2314//2314 2289//2289 
f 2289//2289 2314//2314 2290//2290 
f 2314//2314 2315//2315 2290//2290 
f 2290//2290 2315//2315 2291//2291 
f 2315//2315 2316//2316 2291//2291 
f 2291//2291 2316//2316 2292//2292 
f 2316//2316 2317//2317 2292//2292 
f 2292//2292 2317//2317 2293//2293 
f 2317//2317 2318//2318 2293//2293 
f 2293//2293 2318//2318 2294//2294 
f 2318//2318 2295//2295 2294//2294 
f 2294//2294 2295//2295 2295//2295 
f 2295//2295 2296//2296 2295//2295 
f 2295//2295 2296//2296 2296//2296 
f 2296//2296 2298//2298 2296//2296 
f 2296//2296 2298//2298 2305//2305 
f 2298//2298 2319//2319 2305//2305 
f 2305//2305 2319//2319 2306//2306 
f 2319//2319 2320//2320 2306//2306 
f 2306//2306 2320//2320 2307//2307 
f 2320//2320 2321//2321 2307//2307 
f 2307//2307 2321//2321 2308//2308 
f 2321//2321 2322//2322 2308//2308 
f 2308//2308 2322//2322 2309//2309 
f 2322//2322 2323//2323 2309//2309 
f 2309//2309 2323//2323 2310//2310 
f 2323//2323 2324//2324 2310//2310 
f 2310//2310 2324//2324 2311//2311 
f 2324//2324 2325//2325 2311//2311 
f 2311//2311 2325//2325 2312//2312 
f 2325//2325 2326//2326 2312//2312 
f 2312//2312 2326//2326 2313//2313 
f 2326//2326 2327//2327 2313//2313 
f 2313//2313 2327//2327 2314//2314 
f 2327//2327 2328//2328 2314//2314 
f 2314//2314 2328//2328 2315//2315 
f 2328//2328 2329//2329 2315//2315 
f 2315//2315 2329//2329 2316//2316 
f 2329//2329 2330//2330 2316//2316 
f 2316//2316 2330//2330 2317//2317 
f 2330//2330 2331//2331 2317//2317 
f 2317//2317 2331//2331 2318//2318 
f 2331//2331 2332//2332 2318//2318 
f 2318//2318 2332//2332 2295//2295 
f 2332//2332 2297//2297 2295//2295 
f 2295//2295 2297//2297 2297//2297 
f 2297//2297 2298//2298 2297//2297 
f 2297//2297 2298//2298 2298//2298 
f 2298//2298 2300//2300 2298//2298 
f 2298//2298 2300//2300 2319//2319 
f 2300//2300 2333//2333 2319//2319 
f 2319//2319 2333//2333 2320//2320 
f 2333//2333 2334//2334 2320//2320 
f 2320//2320 2334//2334 2321//2321 
f 2334//2334 2335//2335 2321//2321 
f 2321//2321 2335//2335 2322//2322 
f 2335//2335 2336//2336 2322//2322 
f 2322//2322 2336//2336 2323//2323 
f 2336//2336 2337//2337 2323//2323 
f 2323//2323 2337//2337 2324//2324 
f 2337//2337 2338//2338 2324//2324 
f 2324//2324 2338//2338 2325//2325 
f 2338//2338 2339//2339 2325//2325 
f 2325//2325 2339//2339 2326//2326 
f 2339//2339 2340//2340 2326//2326 
f 2326//2326 2340//2340 2327//2327 
f 2340//2340 2341//2341 2327//2327 
f 2327//2327 2341//2341 2328//2328 
f 2341//2341 2342//2342 2328//2328 
f 2328//2328 2342//2342 2329//2329 
f 2342//2342 2343//2343 2329//2329 
f 2329//2329 2343//2343 2330//2330 
f 2343//2343 2344//2344 2330//2330 
f 2330//2330 2344//2344 2331//2331 
f 2344//2344 2345//2345 2331//2331 
f 2331//2331 2345//2345 2332//2332 
f 2345//2345 2346//2346 2332//2332 
f 2332//2332 2346//2346 2297//2297 
f 2346//2346 2299//2299 2297//2297 
f 2297//2297 2299//2299 2299//2299 
f 2299//2299 2300//2300 2299//2299 
f 2299//2299 2300//2300 2300//2300 
f 2300//2300 2302//2302 2300//2300 
f 2300//2300 2302//2302 2333//2333 
f 2302//2302 2347//2347 2333//2333 
f 2333//2333 2347//2347 2334//2334 
f 2347//2347 2348//2348 2334//2334 
f 2334//2334 2348//2348 2335//2335 
f 2348//2348 2349//2349 2335//2335 
f 2335//2335 2349//2349 2336//2336 
f 2349//2349 2350//2350 2336//2336 
f 2336//2336 2350//2350 2337//2337 
f 2350//2350 2351//2351 2337//2337 
f 2337//2337 2351//2351 2338//2338 
f 2351//2351 2352//2352 2338//2338 
f 2338//2338 2352//2352 2339//2339 
f 2352//2352 2353//2353 2339//2339 
f 2339//2339 2353//2353 2340//2340 
f 2353//2353 2354//2354 2340//2340 
f 2340//2340 2354//2354 2341//2341 
f 2354//2354 2355//2355 2341//2341 
f 2341//2341 2355//2355 2342//2342 
f 2355//2355 2356//2356 2342//2342 
f 2342//2342 2356//2356 2343//2343 
f 2356//2356 2357//2357 2343//2343 
f 2343//2343 2357//2357 2344//2344 
f 2357//2357 2358//2358 2344//2344 
f 2344//2344 2358//2358 2345//2345 
f 2358//2358 2359//2359 2345//2345 
f 2345//2345 2359//2359 2346//2346 
f 2359//2359 2360//2360 2346//2346 
f 2346//2346 2360//2360 2299//2299 
f 2360//2360 2301//2301 2299//2299 
f 2299//2299 2301//2301 2301//2301 
f 2301//2301 2302//2302 2301//2301 
f 2301//2301 2302//2302 2302//2302 
f 2302//2302 2304//2304 2302//2302 
f 2302//2302 2304//2304 2347//2347 
f 2304//2304 2361//2361 2347//2347 
f 2347//2347 2361//2361 2348//2348 
f 2361//2361 2362//2362 2348//2348 
f 2348//2348 2362//2362 2349//2349 
f 2362//2362 2363//2363 2349//2349 
f 2349//2349 2363//2363 2350//2350 
f 2363//2363 2364//2364 2350//2350 
f 2350//2350 2364//2364 2351//2351 
f 2364//2364 2365//2365 2351//2351 
f 2351//2351 2365//2365 2352//2352 
f 2365//2365 2366//2366 2352//2352 
f 2352//2352 2366//2366 2353//2353 
f 2366//2366 2367//2367 2353//2353 
f 2353//2353 2367//2367 2354//2354 
f 2367//2367 2368//2368 2354//2354 
f 2354//2354 2368//2368 2355//2355 
f 2368//2368 2369//2369 2355//2355 
f 2355//2355 2369//2369 2356//2356 
f 2369//2369 2370//2370 2356//2356 
f 2356//2356 2370//2370 2357//2357 
f 2370//2370 2371//2371 2357//2357 
f 2357//2357 2371//2371 2358//2358 
f 2371//2371 2372//2372 2358//2358 
f 2358//2358 2372//2372 2359//2359 
f 2372//2372 2373//2373 2359//2359 
f 2359//2359 2373//2373 2360//2360 
f 2373//2373 2374//2374 2360//2360 
f 2360//2360 2374//2374 2303//2303 
f 2374//2374 2303//2303 2303//2303 
f 2303//2303 2303//2303 2375//2375 
f 2303//2303 2375//2375 2375//2375 
f 2375//2375 2375//2375 2375//2375 
f 2375//2375 2376//2376 2375//2375 
f 2375//2375 2376//2376 2377//2377 
f 2376//2376 2378//2378 2377//2377 
f 2377//2377 2378//2378 2379//2379 
f 2378//2378 2380//2380 2379//2379 
f 2379//2379 2380//2380 2381//2381 
f 2380//2380 2382//2382 2381//2381 
f 2381//2381 2382//2382 2383//2383 
f 2382//2382 2384//2384 2383//2383 
f 2383//2383 2384//2384 2385//2385 
f 2384//2384 2386//2386 2385//2385 
f 2385//2385 2386//2386 2387//2387 
f 2386//2386 2388//2388 2387//2387 
f 2387//2387 2388//2388 2389//2389 
f 2388//2388 2390//2390 2389//2389 
f 2389//2389 2390//2390 2391//2391 
f 2390//2390 2392//2392 2391//2391 
f 2391//2391 2392//2392 2393//2393 
f 2392//2392 2394//2394 2393//2393 
f 2393//2393 2394//2394 2395//2395 
f 2394//2394 2396//2396 2395//2395 
f 2395//2395 2396//2396 2397//2397 
f 2396//2396 2398//2398 2397//2397 
f 2397//2397 2398//2398 2399//2399 
f 2398//2398 2400//2400 2399//2399 
f 2399//2399 2400//2400 2401//2401 
f 2400//2400 2402//2402 2401//2401 
f 2401//2401 2402//2402 2403//2403 
f 2402//2402 2404//2404 2403//2403 
f 2403//2403 2404//2404 2405//2405 
f 2404//2404 2406//2406 2405//2405 
f 2405//2405 2406//2406 2375//2375 
f 2406//2406 2376//2376 2375//2375 
f 2375//2375 2376//2376 2376//2376 
f 2376//2376 2406//2406 2376//2376 
f 2376//2376 2406//2406 2406//2406 
f 2406//2406 2407//2407 2406//2406 
f 2406//2406 2407//2407 2376//2376 
f 2407//2407 2408//2408 2376//2376 
f 2376//2376 2408//2408 2378//2378 
f 2408//2408 2409//2409 2378//2378 
f 2378//2378 2409//2409 2380//2380 
f 2409//2409 2410//2410 2380//2380 
f 2380//2380 2410//2410 2382//2382 
f 2410//2410 2411//2411 2382//2382 
f 2382//2382 2411//2411 2384//2384 
f 2411//2411 2412//2412 2384//2384 
f 2384//2384 2412//2412 2386//2386 
f 2412//2412 2413//2413 2386//2386 
f 2386//2386 2413//2413 2388//2388 
f 2413//2413 2414//2414 2388//2388 
f 2388//2388 2414//2414 2390//2390 
f 2414//2414 2415//2415 2390//2390 
f 2390//2390 2415//2415 2392//2392 
f 2415//2415 2416//2416 2392//2392 
f 2392//2392 2416//2416 2394//2394 
f 2416//2416 2417//2417 2394//2394 
f 2394//2394 2417//2417 2396//2396 
f 2417//2417 2418//2418 2396//2396 
f 2396//2396 2418//2418 2398//2398 
f 2418//2418 2419//2419 2398//2398 
f 2398//2398 2419//2419 2400//2400 
f 2419//2419 2420//2420 2400//2400 
f 2400//2400 2420//2420 2402//2402 
f 2420//2420 2421//2421 2402//2402 
f 2402//2402 2421//2421 2404//2404 
f 2421//2421 2422//2422 2404//2404 
f 2404//2404 2422//2422 2406//2406 
f 2422//2422 2407//2407 2406//2406 
f 2406//2406 2407//2407 2407//2407 
f 2407//2407 2423//2423 2407//2407 
f 2407//2407 2423//2423 2408//2408 
f 2423//2423 2424//2424 2408//2408 
f 2408//2408 2424//2424 2409//2409 
f 2424//2424 2425//2425 2409//2409 
f 2409//2409 2425//2425 2410//2410 
f 2425//2425 2426//2426 2410//2410 
f 2410//2410 2426//2426 2411//2411 
f 2426//2426 2427//2427 2411//2411 
f 2411//2411 2427//2427 2412//2412 
f 2427//2427 2428//2428 2412//2412 
f 2412//2412 2428//2428 2413//2413 
f 2428//2428 2429//2429 2413//2413 
f 2413//2413 2429//2429 2414//2414 
f 2429//2429 2430//2430 2414//2414 
f 2414//2414 2430//2430 2415//2415 
f 2430//2430 2431//2431 2415//2415 
f 2415//2415 2431//2431 2416//2416 
f 2431//2431 2432//2432 2416//2416 
f 2416//2416 2432//2432 2417//2417 
f 2432//2432 2433//2433 2417//2417 
f 2417//2417 2433//2433 2418//2418 
f 2433//2433 2434//2434 2418//2418 
f 2418//2418 2434//2434 2419//2419 
f 2434//2434 2435//2435 2419//2419 
f 2419//2419 2435//2435 2420//2420 
f 2435//2435 2436//2436 2420//2420 
f 2420//2420 2436//2436 2421//2421 
f 2436//2436 2437//2437 2421//2421 
f 2421//2421 2437//2437 2422//2422 
f 2437//2437 2438//2438 2422//2422 
f 2422//2422 2438//2438 2423//2423 
f 2438//2438 2439//2439 2423//2423 
f 2423//2423 2439//2439 2440//2440 
f 2439//2439 2441//2441 2440//2440 
f 2440//2440 2441//2441 2442//2442 
f 2441//2441 2443//2443 2442//2442 
f 2442//2442 2443//2443 2444//2444 
f 2443//2443 2445//2445 2444//2444 
f 2444//2444 2445//2445 2446//2446 
f 2445//2445 2447//2447 2446//2446 
f 2446//2446 2447//2447 2448//2448 
f 2447//2447 2448//2448 2448//2448 
f 2448//2448 2448//2448 2423//2423 
f 2448//2448 2423//2423 2423//2423 
f 2423//2423 2423//2423 2423//2423 
f 2423//2423 2440//2440 2423//2423 
f 2423//2423 2440//2440 2424//2424 
f 2440//2440 2449//2449 2424//2424 
f 2424//2424 2449//2449 2425//2425 
f 2449//2449 2450//2450 2425//2425 
f 2425//2425 2450//2450 2426//2426 
f 2450//2450 2451//2451 2426//2426 
f 2426//2426 2451//2451 2427//2427 
f 2451//2451 2452//2452 2427//2427 
f 2427//2427 2452//2452 2428//2428 
f 2452//2452 2453//2453 2428//2428 
f 2428//2428 2453//2453 2429//2429 
f 2453//2453 2454//2454 2429//2429 
f 2429//2429 2454//2454 2430//2430 
f 2454//2454 2455//2455 2430//2430 
f 2430//2430 2455//2455 2431//2431 
f 2455//2455 2456//2456 2431//2431 
f 2431//2431 2456//2456 2432//2432 
f 2456//2456 2457//2457 2432//2432 
f 2432//2432 2457//2457 2433//2433 
f 2457//2457 2458//2458 2433//2433 
f 2433//2433 2458//2458 2434//2434 
f 2458//2458 2459//2459 2434//2434 
f 2434//2434 2459//2459 2435//2435 
f 2459//2459 2460//2460 2435//2435 
f 2435//2435 2460//2460 2436//2436 
f 2460//2460 2461//2461 2436//2436 
f 2436//2436 2461//2461 2437//2437 
f 2461//2461 2462//2462 2437//2437 
f 2437//2437 2462//2462 2438//2438 
f 2462//2462 2439//2439 2438//2438 
f 2438//2438 2439//2439 2439//2439 
f 2439//2439 2440//2440 2439//2439 
f 2439//2439 2440//2440 2440//2440 
f 2440//2440 2442//2442 2440//2440 
f 2440//2440 2442//2442 2449//2449 
f 2442//2442 2463//2463 2449//2449 
f 2449//2449 2463//2463 2450//2450 
f 2463//2463 2464//2464 2450//2450 
f 2450//2450 2464//2464 2451//2451 
f 2464//2464 2465//2465 2451//2451 
f 2451//2451 2465//2465 2452//2452 
f 2465//2465 2466//2466 2452//2452 
f 2452//2452 2466//2466 2453//2453 
f 2466//2466 2467//2467 2453//2453 
f 2453//2453 2467//2467 2454//2454 
f 2467//2467 2468//2468 2454//2454 
f 2454//2454 2468//2468 2455//2455 
f 2468//2468 2469//2469 2455//2455 
f 2455//2455 2469//2469 2456//2456 
f 2469//2469 2470//2470 2456//2456 
f 2456//2456 2470//2470 2457//2457 
f 2470//2470 2471//2471 2457//2457 
f 2457//2457 2471//2471 2458//2458 
f 2471//2471 2472//2472 2458//2458 
f 2458//2458 2472//2472 2459//2459 
f 2472//2472 2473//2473 2459//2459 
f 2459//2459 2473//2473 2460//2460 
f 2473//2473 2474//2474 2460//2460 
f 2460//2460 2474//2474 2461//2461 
f 2474//2474 2475//2475 2461//2461 
f 2461//2461 2475//2475 2462//2462 
f 2475//2475 2476//2476 2462//2462 
f 2462//2462 2476//2476 2439//2439 
f 2476//2476 2441//2441 2439//2439 
f 2439//2439 2441//2441 2441//2441 
f 2441//2441 2442//2442 2441//2441 
f 2441//2441 2442//2442 2442//2442 
f 2442//2442 2444//2444 2442//2442 
f 2442//2442 2444//2444 2463//2463 
f 2444//2444 2477//2477 2463//2463 
f 2463//2463 2477//2477 2464//2464 
f 2477//2477 2478//2478 2464//2464 
f 2464//2464 2478//2478 2465//2465 
f 2478//2478 2479//2479 2465//2465 
f 2465//2465 2479//2479 2466//2466 
f 2479//2479 2480//2480 2466//2466 
f 2466//2466 2480//2480 2467//2467 
f 2480//2480 2481//2481 2467//2467 
f 2467//2467 2481//2481 2468//2468 
f 2481//2481 2482//2482 2468//2468 
f 2468//2468 2482//2482 2469//2469 
f 2482//2482 2483//2483 2469//2469 
f 2469//2469 2483//2483 2470//2470 
f 2483//2483 2484//2484 2470//2470 
f 2470//2470 2484//2484 2471//2471 
f 2484//2484 2485//2485 2471//2471 
f 2471//2471 2485//2485 2472//2472 
f 2485//2485 2486//2486 2472//2472 
f 2472//2472 2486//2486 2473//2473 
f 2486//2486 2487//2487 2473//2473 
f 2473//2473 2487//2487 2474//2474 
f 2487//2487 2488//2488 2474//2474 
f 2474//2474 2488//2488 2475//2475 
f 2488//2488 2489//2489 2475//2475 
f 2475//2475 2489//2489 2476//2476 
f 2489//2489 2490//2490 2476//2476 
f 2476//2476 2490//2490 2441//2441 
f 2490//2490 2443//2443 2441//2441 
f 2441//2441 2443//2443 2443//2443 
f 2443//2443 2444//2444 2443//2443 
f 2443//2443 2444//2444 2444//2444 
f 2444//2444 2446//2446 2444//2444 
f 2444//2444 2446//2446 2477//2477 
f 2446//2446 2491//2491 2477//2477 
f 2477//2477 2491//2491 2478//2478 
f 2491//2491 2492//2492 2478//2478 
f 2478//2478 2492//2492 2479//2479 
f 2492//2492 2493//2493 2479//2479 
f 2479//2479 2493//2493 2480//2480 
f 2493//2493 2494//2494 2480//2480 
f 2480//2480 2494//2494 2481//2481 
f 2494//2494 2495//2495 2481//2481 
f 2481//2481 2495//2495 2482//2482 
f 2495//2495 2496//2496 2482//2482 
f 2482//2482 2496//2496 2483//2483 
f 2496//2496 2497//2497 2483//2483 
f 2483//2483 2497//2497 2484//2484 
f 2497//2497 2498//2498 2484//2484 
f 2484//2484 2498//2498 2485//2485 
f 2498//2498 2499//2499 2485//2485 
f 2485//2485 2499//2499 2486//2486 
f 2499//2499 2500//2500 2486//2486 
f 2486//2486 2500//2500 2487//2487 
f 2500//2500 2501//2501 2487//2487 
f 2487//2487 2501//2501 2488//2488 
f 2501//2501 2502//2502 2488//2488 
f 2488//2488 2502//2502 2489//2489 
f 2502//2502 2503//2503 2489//2489 
f 2489//2489 2503//2503 2490//2490 
f 2503//2503 2504//2504 2490//2490 
f 2490//2490 2504//2504 2443//2443 
f 2504//2504 2445//2445 2443//2443 
f 2443//2443 2445//2445 2445//2445 
f 2445//2445 2446//2446 2445//2445 
f 2445//2445 2446//2446 2446//2446 
f 2446//2446 2448//2448 2446//2446 
f 2446//2446 2448//2448 2491//2491 
f 2448//2448 2505//2505 2491//2491 
f 2491//2491 2505//2505 2492//2492 
f 2505//2505 2506//2506 2492//2492 
f 2492//2492 2506//2506 2493//2493 
f 2506//2506 2507//2507 2493//2493 
f 2493//2493 2507//2507 2494//2494 
f 2507//2507 2508//2508 2494//2494 
f 2494//2494 2508//2508 2495//2495 
f 2508//2508 2509//2509 2495//2495 
f 2495//2495 2509//2509 2496//2496 
f 2509//2509 2510//2510 2496//2496 
f 2496//2496 2510//2510 2497//2497 
f 2510//2510 2511//2511 2497//2497 
f 2497//2497 2511//2511 2498//2498 
f 2511//2511 2512//2512 2498//2498 
f 2498//2498 2512//2512 2499//2499 
f 2512//2512 2513//2513 2499//2499 
f 2499//2499 2513//2513 2500//2500 
f 2513//2513 2514//2514 2500//2500 
f 2500//2500 2514//2514 2501//2501 
f 2514//2514 2515//2515 2501//2501 
f 2501//2501 2515//2515 2502//2502 
f 2515//2515 2516//2516 2502//2502 
f 2502//2502 2516//2516 2503//2503 
f 2516//2516 2517//2517 2503//2503 
f 2503//2503 2517//2517 2504//2504 
f 2517//2517 2518//2518 2504//2504 
f 2504//2504 2518//2518 2447//2447 
f 2518//2518 2447//2447 2447//2447 
f 2447//2447 2447//2447 2519//2519 
f 2447//2447 2519//2519 2519//2519 
f 2519//2519 2519//2519 2519//2519 
f 2519//2519 2520//2520 2519//2519 
f 2519//2519 2520//2520 2521//2521 
f 2520//2520 2522//2522 2521//2521 
f 2521//2521 2522//2522 2523//2523 
f 2522//2522 2524//2524 2523//2523 
f 2523//2523 2524//2524 2525//2525 
f 2524//2524 2526//2526 2525//2525 
f 2525//2525 2526//2526 2527//2527 
f 2526//2526 2528//2528 2527//2527 
f 2527//2527 2528//2528 2529//2529 
f 2528//2528 2530//2530 2529//2529 
f 2529//2529 2530//2530 2531//2531 
f 2530//2530 2532//2532 2531//2531 
f 2531//2531 2532//2532 2533//2533 
f 2532//2532 2534//2534 2533//2533 
f 2533//2533 2534//2534 2535//2535 
f 2534//2534 2536//2536 2535//2535 
f 2535//2535 2536//2536 2537//2537 
f 2536//2536 2538//2538 2537//2537 
f 2537//2537 2538//2538 2539//2539 
f 2538//2538 2540//2540 2539//2539 
f 2539//2539 2540//2540 2541//2541 
f 2540//2540 2542//2542 2541//2541 
f 2541//2541 2542//2542 2543//2543 
f 2542//2542 2544//2544 2543//2543 
f 2543//2543 2544//2544 2545//2545 
f 2544//2544 2546//2546 2545//2545 
f 2545//2545 2546//2546 2547//2547 
f 2546//2546 2548//2548 2547//2547 
f 2547//2547 2548//2548 2549//2549 
f 2548//2548 2550//2550 2549//2549 
f 2549//2549 2550//2550 2519//2519 
f 2550//2550 2520//2520 2519//2519 
f 2519//2519 2520//2520 2520//2520 
f 2520//2520 2550//2550 2520//2520 
f 2520//2520 2550//2550 2550//2550 
f 2550//2550 2551//2551 2550//2550 
f 2550//2550 2551//2551 2520//2520 
f 2551//2551 2552//2552 2520//2520 
f 2520//2520 2552//2552 2522//2522 
f 2552//2552 2553//2553 2522//2522 
f 2522//2522 2553//2553 2524//2524 
f 2553//2553 2554//2554 2524//2524 
f 2524//2524 2554//2554 2526//2526 
f 2554//2554 2555//2555 2526//2526 
f 2526//2526 2555//2555 2528//2528 
f 2555//2555 2556//2556 2528//2528 
f 2528//2528 2556//2556 2530//2530 
f 2556//2556 2557//2557 2530//2530 
f 2530//2530 2557//2557 2532//2532 
f 2557//2557 2558//2558 2532//2532 
f 2532//2532 2558//2558 2534//2534 
f 2558//2558 2559//2559 2534//2534 
f 2534//2534 2559//2559 2536//2536 
f 2559//2559 2560//2560 2536//2536 
f 2536//2536 2560//2560 2538//2538 
f 2560//2560 2561//2561 2538//2538 
f 2538//2538 2561//2561 2540//2540 
f 2561//2561 2562//2562 2540//2540 
f 2540//2540 2562//2562 2542//2542 
f 2562//2562 2563//2563 2542//2542 
f 2542//2542 2563//2563 2544//2544 
f 2563//2563 2564//2564 2544//2544 
f 2544//2544 2564//2564 2546//2546 
f 2564//2564 2565//2565 2546//2546 
f 2546//2546 2565//2565 2548//2548 
f 2565//2565 2566//2566 2548//2548 
f 2548//2548 2566//2566 2550//2550 
f 2566//2566 2551//2551 2550//2550 
f 2550//2550 2551//2551 2551//2551 
f 2551//2551 2566//2566 2551//2551 
f 2551//2551 2566//2566 2566//2566 
f 2566//2566 2567//2567 2566//2566 
f 2566//2566 2567//2567 2551//2551 
f 2567//2567 2568//2568 2551//2551 
f 2551//2551 2568//2568 2552//2552 
f 2568//2568 2569//2569 2552//2552 
f 2552//2552 2569//2569 2553//2553 
f 2569//2569 2570//2570 2553//2553 
f 2553//2553 2570//2570 2554//2554 
f 2570//2570 2571//2571 2554//2554 
f 2554//2554 2571//2571 2555//2555 
f 2571//2571 2572//2572 2555//2555 
f 2555//2555 2572//2572 2556//2556 
f 2572//2572 2573//2573 2556//2556 
f 2556//2556 2573//2573 2557//2557 
f 2573//2573 2574//2574 2557//2557 
f 2557//2557 2574//2574 2558//2558 
f 2574//2574 2575//2575 2558//2558 
f 2558//2558 2575//2575 2559//2559 
f 2575//2575 2576//2576 2559//2559 
f 2559//2559 2576//2576 2560//2560 
f 2576//2576 2577//2577 2560//2560 
f 2560//2560 2577//2577 2561//2561 
f 2577//2577 2578//2578 2561//2561 
f 2561//2561 2578//2578 2562//2562 
f 2578//2578 2579//2579 2562//2562 
f 2562//2562 2579//2579 2563//2563 
f 2579//2579 2580//2580 2563//2563 
f 2563//2563 2580//2580 2564//2564 
f 2580//2580 2581//2581 2564//2564 
f 2564//2564 2581//2581 2565//2565 
f 2581//2581 2582//2582 2565//2565 
f 2565//2565 2582//2582 2567//2567 
f 2582//2582 2583//2583 2567//2567 
f 2567//2567 2583//2583 2584//2584 
f 2583//2583 2585//2585 2584//2584 
f 2584//2584 2585//2585 2586//2586 
f 2585//2585 2587//2587 2586//2586 
f 2586//2586 2587//2587 2588//2588 
f 2587//2587 2589//2589 2588//2588 
f 2588//2588 2589//2589 2590//2590 
f 2589//2589 2591//2591 2590//2590 
f 2590//2590 2591//2591 2592//2592 
f 2591//2591 2592//2592 2592//2592 
f 2592//2592 2592//2592 2567//2567 
f 2592//2592 2567//2567 2567//2567 
f 2567//2567 2567//2567 2567//2567 
f 2567//2567 2584//2584 2567//2567 
f 2567//2567 2584//2584 2568//2568 
f 2584//2584 2593//2593 2568//2568 
f 2568//2568 2593//2593 2569//2569 
f 2593//2593 2594//2594 2569//2569 
f 2569//2569 2594//2594 2570//2570 
f 2594//2594 2595//2595 2570//2570 
f 2570//2570 2595//2595 2571//2571 
f 2595//2595 2596//2596 2571//2571 
f 2571//2571 2596//2596 2572//2572 
f 2596//2596 2597//2597 2572//2572 
f 2572//2572 2597//2597 2573//2573 
f 2597//2597 2598//2598 2573//2573 
f 2573//2573 2598//2598 2574//2574 
f 2598//2598 2599//2599 2574//2574 
f 2574//2574 2599//2599 2575//2575 
f 2599//2599 2600//2600 2575//2575 
f 2575//2575 2600//2600 2576//2576 
f 2600//2600 2601//2601 2576//2576 
f 2576//2576 2601//2601 2577//2577 
f 2601//2601 2602//2602 2577//2577 
f 2577//2577 2602//2602 2578//2578 
f 2602//2602 2603//2603 2578//2578 
f 2578//2578 2603//2603 2579//2579 
f 2603//2603 2604//2604 2579//2579 
f 2579//2579 2604//2604 2580//2580 
f 2604//2604 2605//2605 2580//2580 
f 2580//2580 2605//2605 2581//2581 
f 2605//2605 2606//2606 2581//2581 
f 2581//2581 2606//2606 2582//2582 
f 2606//2606 2583//2583 2582//2582 
f 2582//2582 2583//2583 2583//2583 
f 2583//2583 2584//2584 2583//2583 
f 2583//2583 2584//2584 2584//2584 
f 2584//2584 2586//2586 2584//2584 
f 2584//2584 2586//2586 2593//2593 
f 2586//2586 2607//2607 2593//2593 
f 2593//2593 2607//2607 2594//2594 
f 2607//2607 2608//2608 2594//2594 
f 2594//2594 2608//2608 2595//2595 
f 2608//2608 2609//2609 2595//2595 
f 2595//2595 2609//2609 2596//2596 
f 2609//2609 2610//2610 2596//2596 
f 2596//2596 2610//2610 2597//2597 
f 2610//2610 2611//2611 2597//2597 
f 2597//2597 2611//2611 2598//2598 
f 2611//2611 2612//2612 2598//2598 
f 2598//2598 2612//2612 2599//2599 
f 2612//2612 2613//2613 2599//2599 
f 2599//2599 2613//2613 2600//2600 
f 2613//2613 2614//2614 2600//2600 
f 2600//2600 2614//2614 2601//2601 
f 2614//2614 2615//2615 2601//2601 
f 2601//2601 2615//2615 2602//2602 
f 2615//2615 2616//2616 2602//2602 
f 2602//2602 2616//2616 2603//2603 
f 2616//2616 2617//2617 2603//2603 
f 2603//2603 2617//2617 2604//2604 
f 2617//2617 2618//2618 2604//2604 
f 2604//2604 2618//2618 2605//2605 
f 2618//2618 2619//2619 2605//2605 
f 2605//2605 2619//2619 2606//2606 
f 2619//2619 2620//2620 2606//2606 
f 2606//2606 2620//2620 2583//2583 
f 2620//2620 2585//2585 2583//2583 
f 2583//2583 2585//2585 2585//2585 
f 2585//2585 2586//2586 2585//2585 
f 2585//2585 2586//2586 2586//2586 
f 2586//2586 2588//2588 2586//2586 
f 2586//2586 2588//2588 2607//2607 
f 2588//2588 2621//2621 2607//2607 
f 2607//2607 2621//2621 2608//2608 
f 2621//2621 2622//2622 2608//2608 
f 2608//2608 2622//2622 2609//2609 
f 2622//2622 2623//2623 2609//2609 
f 2609//2609 2623//2623 2610//2610 
f 2623//2623 2624//2624 2610//2610 
f 2610//2610 2624//2624 2611//2611 
f 2624//2624 2625//2625 2611//2611 
f 2611//2611 2625//2625 2612//2612 
f 2625//2625 2626//2626 2612//2612 
f 2612//2612 2626//2626 2613//2613 
f 2626//2626 2627//2627 2613//2613 
f 2613//2613 2627//2627 2614//2614 
f 2627//2627 2628//2628 2614//2614 
f 2614//2614 2628//2628 2615//2615 
f 2628//2628 2629//2629 2615//2615 
f 2615//2615 2629//2629 2616//2616 
f 2629//2629 2630//2630 2616//2616 
f 2616//2616 2630//2630 2617//2617 
f 2630//2630 2631//2631 2617//2617 
f 2617//2617 2631//2631 2618//2618 
f 2631//2631 2632//2632 2618//2618 
f 2618//2618 2632//2632 2619//2619 
f 2632//2632 2633//2633 2619//2619 
f 2619//2619 2633//2633 2620//2620 
f 2633//2633 2634//2634 2620//2620 
f 2620//2620 2634//2634 2585//2585 
f 2634//2634 2587//2587 2585//2585 
f 2585//2585 2587//2587 2587//2587 
f 2587//2587 2588//2588 2587//2587 
f 2587//2587 2588//2588 2588//2588 
f 2588//2588 2590//2590 2588//2588 
f 2588//2588 2590//2590 2621//2621 
f 2590//2590 2635//2635 2621//2621 
f 2621//2621 2635//2635 2622//2622 
f 2635//2635 2636//2636 2622//2622 
f 2622//2622 2636//2636 2623//2623 
f 2636//2636 2637//2637 2623//2623 
f 2623//2623 2637//2637 2624//2624 
f 2637//2637 2638//2638 2624//2624 
f 2624//2624 2638//2638 2625//2625 
f 2638//2638 2639//2639 2625//2625 
f 2625//2625 2639//2639 2626//2626 
f 2639//2639 2640//2640 2626//2626 
f 2626//2626 2640//2640 2627//2627 
f 2640//2640 2641//2641 2627//2627 
f 2627//2627 2641//2641 2628//2628 
f 2641//2641 2642//2642 2628//2628 
f 2628//2628 2642//2642 2629//2629 
f 2642//2642 2643//2643 2629//2629 
f 2629//2629 2643//2643 2630//2630 
f 2643//2643 2644//2644 2630//2630 
f 2630//2630 2644//2644 2631//2631 
f 2644//2644 2645//2645 2631//2631 
f 2631//2631 2645//2645 2632//2632 
f 2645//2645 2646//2646 2632//2632 
f 2632//2632 2646//2646 2633//2633 
f 2646//2646 2647//2647 2633//2633 
f 2633//2633 2647//2647 2634//2634 
f 2647//2647 2648//2648 2634//2634 
f 2634//2634 2648//2648 2587//2587 
f 2648//2648 2589//2589 2587//2587 
f 2587//2587 2589//2589 2589//2589 
f 2589//2589 2590//2590 2589//2589 
f 2589//2589 2590//2590 2590//2590 
f 2590//2590 2592//2592 2590//2590 
f 2590//2590 2592//2592 2635//2635 
f 2592//2592 2649//2649 2635//2635 
f 2635//2635 2649//2649 2636//2636 
f 2649//2649 2650//2650 2636//2636 
f 2636//2636 2650//2650 2637//2637 
f 2650//2650 2651//2651 2637//2637 
f 2637//2637 2651//2651 2638//2638 
f 2651//2651 2652//2652 2638//2638 
f 2638//2638 2652//2652 2639//2639 
f 2652//2652 2653//2653 2639//2639 
f 2639//2639 2653//2653 2640//2640 
f 2653//2653 2654//2654 2640//2640 
f 2640//2640 2654//2654 2641//2641 
f 2654//2654 2655//2655 2641//2641 
f 2641//2641 2655//2655 2642//2642 
f 2655//2655 2656//2656 2642//2642 
f 2642//2642 2656//2656 2643//2643 
f 2656//2656 2657//2657 2643//2643 
f 2643//2643 2657//2657 2644//2644 
f 2657//2657 2658//2658 2644//2644 
f 2644//2644 2658//2658 2645//2645 
f 2658//2658 2659//2659 2645//2645 
f 2645//2645 2659//2659 2646//2646 
f 2659//2659 2660//2660 2646//2646 
f 2646//2646 2660//2660 2647//2647 
f 2660//2660 2661//2661 2647//2647 
f 2647//2647 2661//2661 2648//2648 
f 2661//2661 2662//2662 2648//2648 
f 2648//2648 2662//2662 2591//2591 
f 2662//2662 2591//2591 2591//2591 
f 2591//2591 2591//2591 2663//2663 
f 2591//2591 2663//2663 2663//2663 
f 2663//2663 2663//2663 2663//2663 
f 2663//2663 2664//2664 2663//2663 
f 2663//2663 2664//2664 2665//2665 
f 2664//2664 2666//2666 2665//2665 
f 2665//2665 2666//2666 2667//2667 
f 2666//2666 2668//2668 2667//2667 
f 2667//2667 2668//2668 2669//2669 
f 2668//2668 2670//2670 2669//2669 
f 2669//2669 2670//2670 2671//2671 
f 2670//2670 2672//2672 2671//2671 
f 2671//2671 2672//2672 2673//2673 
f 2672//2672 2674//2674 2673//2673 
f 2673//2673 2674//2674 2675//2675 
f 2674//2674 2676//2676 2675//2675 
f 2675//2675 2676//2676 2677//2677 
f 2676//2676 2678//2678 2677//2677 
f 2677//2677 2678//2678 2679//2679 
f 2678//2678 2680//2680 2679//2679 
f 2679//2679 2680//2680 2681//2681 
f 2680//2680 2682//2682 2681//2681 
f 2681//2681 2682//2682 2683//2683 
f 2682//2682 2684//2684 2683//2683 
f 2683//2683 2684//2684 2685//2685 
f 2684//2684 2686//2686 2685//2685 
f 2685//2685 2686//2686 2687//2687 
f 2686//2686 2688//2688 2687//2687 
f 2687//2687 2688//2688 2689//2689 
f 2688//2688 2690//2690 2689//2689 
f 2689//2689 2690//2690 2691//2691 
f 2690//2690 2692//2692 2691//2691 
f 2691//2691 2692//2692 2693//2693 
f 2692//2692 2694//2694 2693//2693 
f 2693//2693 2694//2694 2664//2664 
f 2694//2694 2695//2695 2664//2664 
f 2664//2664 2695//2695 2696//2696 
f 2695//2695 2697//2697 2696//2696 
f 2696//2696 2697//2697 2698//2698 
f 2697//2697 2699//2699 2698//2698 
f 2698//2698 2699//2699 2700//2700 
f 2699//2699 2701//2701 2700//2700 
f 2700//2700 2701//2701 2702//2702 
f 2701//2701 2703//2703 2702//2702 
f 2702//2702 2703//2703 2704//2704 
f 2703//2703 2705//2705 2704//2704 
f 2704//2704 2705//2705 2706//2706 
f 2705//2705 2707//2707 2706//2706 
f 2706//2706 2707//2707 2708//2708 
f 2707//2707 2708//2708 2708//2708 
f 2708//2708 2708//2708 2664//2664 
f 2708//2708 2664//2664 2664//2664 
f 2664//2664 2664//2664 2664//2664 
f 2664//2664 2696//2696 2664//2664 
f 2664//2664 2696//2696 2666//2666 
f 2696//2696 2709//2709 2666//2666 
f 2666//2666 2709//2709 2668//2668 
f 2709//2709 2710//2710 2668//2668 
f 2668//2668 2710//2710 2670//2670 
f 2710//2710 2711//2711 2670//2670 
f 2670//2670 2711//2711 2672//2672 
f 2711//2711 2712//2712 2672//2672 
f 2672//2672 2712//2712 2674//2674 
f 2712//2712 2713//2713 2674//2674 
f 2674//2674 2713//2713 2676//2676 
f 2713//2713 2714//2714 2676//2676 
f 2676//2676 2714//2714 2678//2678 
f 2714//2714 2715//2715 2678//2678 
f 2678//2678 2715//2715 2680//2680 
f 2715//2715 2716//2716 2680//2680 
f 2680//2680 2716//2716 2682//2682 
f 2716//2716 2717//2717 2682//2682 
f 2682//2682 2717//2717 2684//2684 
f 2717//2717 2718//2718 2684//2684 
f 2684//2684 2718//2718 2686//2686 
f 2718//2718 2719//2719 2686//2686 
f 2686//2686 2719//2719 2688//2688 
f 2719//2719 2720//2720 2688//2688 
f 2688//2688 2720//2720 2690//2690 
f 2720//2720 2721//2721 2690//2690 
f 2690//2690 2721//2721 2692//2692 
f 2721//2721 2722//2722 2692//2692 
f 2692//2692 2722//2722 2694//2694 
f 2722//2722 2695//2695 2694//2694 
f 2694//2694 2695//2695 2695//2695 
f 2695//2695 2696//2696 2695//2695 
f 2695//2695 2696//2696 2696//2696 
f 2696//2696 2698//2698 2696//2696 
f 2696//2696 2698//2698 2709//2709 
f 2698//2698 2723//2723 2709//2709 
f 2709//2709 2723//2723 2710//2710 
f 2723//2723 2724//2724 2710//2710 
f 2710//2710 2724//2724 2711//2711 
f 2724//2724 2725//2725 2711//2711 
f 2711//2711 2725//2725 2712//2712 
f 2725//2725 2726//2726 2712//2712 
f 2712//2712 2726//2726 2713//2713 
f 2726//2726 2727//2727 2713//2713 
f 2713//2713 2727//2727 2714//2714 
f 2727//2727 2728//2728 2714//2714 
f 2714//2714 2728//2728 2715//2715 
f 2728//2728 2729//2729 2715//2715 
f 2715//2715 2729//2729 2716//2716 
f 2729//2729 2730//2730 2716//2716 
f 2716//2716 2730//2730 2717//2717 
f 2730//2730 2731//2731 2717//2717 
f 2717//2717 2731//2731 2718//2718 
f 2731//2731 2732//2732 2718//2718 
f 2718//2718 2732//2732 2719//2719 
f 2732//2732 2733//2733 2719//2719 
f 2719//2719 2733//2733 2720//2720 
f 2733//2733 2734//2734 2720//2720 
f 2720//2720 2734//2734 2721//2721 
f 2734//2734 2735//2735 2721//2721 
f 2721//2721 2735//2735 2722//2722 
f 2735//2735 2736//2736 2722//2722 
f 2722//2722 2736//2736 2695//2695 
f 2736//2736 2697//2697 2695//2695 
f 2695//2695 2697//2697 2697//2697 
f 2697//2697 2698//2698 2697//2697 
f 2697//2697 2698//2698 2698//2698 
f 2698//2698 2700//2700 2698//2698 
f 2698//2698 2700//2700 2723//2723 
f 2700//2700 2737//2737 2723//2723 
f 2723//2723 2737//2737 2724//2724 
f 2737//2737 2738//2738 2724//2724 
f 2724//2724 2738//2738 2725//2725 
f 2738//2738 2739//2739 2725//2725 
f 2725//2725 2739//2739 2726//2726 
f 2739//2739 2740//2740 2726//2726 
f 2726//2726 2740//2740 2727//2727 
f 2740//2740 2741//2741 2727//2727 
f 2727//2727 2741//2741 2728//2728 
f 2741//2741 2742//2742 2728//2728 
f 2728//2728 2742//2742 2729//2729 
f 2742//2742 2743//2743 2729//2729 
f 2729//2729 2743//2743 2730//2730 
f 2743//2743 2744//2744 2730//2730 
f 2730//2730 2744//2744 2731//2731 
f 2744//2744 2745//2745 2731//2731 
f 2731//2731 2745//2745 2732//2732 
f 2745//2745 2746//2746 2732//2732 
f 2732//2732 2746//2746 2733//2733 
f 2746//2746 2747//2747 2733//2733 
f 2733//2733 2747//2747 2734//2734 
f 2747//2747 2748//2748 2734//2734 
f 2734//2734 2748//2748 2735//2735 
f 2748//2748 2749//2749 2735//2735 
f 2735//2735 2749//2749 2736//2736 
f 2749//2749 2750//2750 2736//2736 
f 2736//2736 2750//2750 2697//2697 
f 2750//2750 2699//2699 2697//2697 
f 2697//2697 2699//2699 2699//2699 
f 2699//2699 2700//2700 2699//2699 
f 2699//2699 2700//2700 2700//2700 
f 2700//2700 2702//2702 2700//2700 
f 2700//2700 2702//2702 2737//2737 
f 2702//2702 2751//2751 2737//2737 
f 2737//2737 2751//2751 2738//2738 
f 2751//2751 2752//2752 2738//2738 
f 2738//2738 2752//2752 2739//2739 
f 2752//2752 2753//2753 2739//2739 
f 2739//2739 2753//2753 2740//2740 
f 2753//2753 2754//2754 2740//2740 
f 2740//2740 2754//2754 2741//2741 
f 2754//2754 2755//2755 2741//2741 
f 2741//2741 2755//2755 2742//2742 
f 2755//2755 2756//2756 2742//2742 
f 2742//2742 2756//2756 2743//2743 
f 2756//2756 2757//2757 2743//2743 
f 2743//2743 2757//2757 2744//2744 
f 2757//2757 2758//2758 2744//2744 
f 2744//2744 2758//2758 2745//2745 
f 2758//2758 2759//2759 2745//2745 
f 2745//2745 2759//2759 2746//2746 
f 2759//2759 2760//2760 2746//2746 
f 2746//2746 2760//2760 2747//2747 
f 2760//2760 2761//2761 2747//2747 
f 2747//2747 2761//2761 2748//2748 
f 2761//2761 2762//2762 2748//2748 
f 2748//2748 2762//2762 2749//2749 
f 2762//2762 2763//2763 2749//2749 
f 2749//2749 2763//2763 2750//2750 
f 2763//2763 2764//2764 2750//2750 
f 2750//2750 2764//2764 2699//2699 
f 2764//2764 2701//2701 2699//2699 
f 2699//2699 2701//2701 2701//2701 
f 2701//2701 2702//2702 2701//2701 
f 2701//2701 2702//2702 2702//2702 
f 2702//2702 2704//2704 2702//2702 
f 2702//2702 2704//2704 2751//2751 
f 2704//2704 2765//2765 2751//2751 
f 2751//2751 2765//2765 2752//2752 
f 2765//2765 2766//2766 2752//2752 
f 2752//2752 2766//2766 2753//2753 
f 2766//2766 2767//2767 2753//2753 
f 2753//2753 2767//2767 2754//2754 
f 2767//2767 2768//2768 2754//2754 
f 2754//2754 2768//2768 2755//2755 
f 2768//2768 2769//2769 2755//2755 
f 2755//2755 2769//2769 2756//2756 
f 2769//2769 2770//2770 2756//2756 
f 2756//2756 2770//2770 2757//2757 
f 2770//2770 2771//2771 2757//2757 
f 2757//2757 2771//2771 2758//2758 
f 2771//2771 2772//2772 2758//2758 
f 2758//2758 2772//2772 2759//2759 
f 2772//2772 2773//2773 2759//2759 
f 2759//2759 2773//2773 2760//2760 
f 2773//2773 2774//2774 2760//2760 
f 2760//2760 2774//2774 2761//2761 
f 2774//2774 2775//2775 2761//2761 
f 2761//2761 2775//2775 2762//2762 
f 2775//2775 2776//2776 2762//2762 
f 2762//2762 2776//2776 2763//2763 
f 2776//2776 2777//2777 2763//2763 
f 2763//2763 2777//2777 2764//2764 
f 2777//2777 2778//2778 2764//2764 
f 2764//2764 2778//2778 2703//2703 
f 2778//2778 2779//2779 2703//2703 
f 2703//2703 2779//2779 2705//2705 
f 2779//2779 2780//2780 2705//2705 
f 2705//2705 2780//2780 2707//2707 
f 2780//2780 2707//2707 2707//2707 
f 2707//2707 2707//2707 2704//2704 
f 2707//2707 2704//2704 2704//2704 
f 2704//2704 2704//2704 2704//2704 
f 2704//2704 2706//2706 2704//2704 
f 2704//2704 2706//2706 2765//2765 
f 2706//2706 2781//2781 2765//2765 
f 2765//2765 2781//2781 2766//2766 
f 2781//2781 2782//2782 2766//2766 
f 2766//2766 2782//2782 2767//2767 
f 2782//2782 2783//2783 2767//2767 
f 2767//2767 2783//2783 2768//2768 
f 2783//2783 2784//2784 2768//2768 
f 2768//2768 2784//2784 2769//2769 
f 2784//2784 2785//2785 2769//2769 
f 2769//2769 2785//2785 2770//2770 
f 2785//2785 2786//2786 2770//2770 
f 2770//2770 2786//2786 2771//2771 
f 2786//2786 2787//2787 2771//2771 
f 2771//2771 2787//2787 2772//2772 
f 2787//2787 2788//2788 2772//2772 
f 2772//2772 2788//2788 2773//2773 
f 2788//2788 2789//2789 2773//2773 
f 2773//2773 2789//2789 2774//2774 
f 2789//2789 2790//2790 2774//2774 
f 2774//2774 2790//2790 2775//2775 
f 2790//2790 2791//2791 2775//2775 
f 2775//2775 2791//2791 2776//2776 
f 2791//2791 2792//2792 2776//2776 
f 2776//2776 2792//2792 2777//2777 
f 2792//2792 2793//2793 2777//2777 
f 2777//2777 2793//2793 2778//2778 
f 2793//2793 2779//2779 2778//2778 
f 2778//2778 2779//2779 2779//2779 
f 2779//2779 2706//2706 2779//2779 
f 2779//2779 2706//2706 2706//2706 
f 2706//2706 2708//2708 2706//2706 
f 2706//2706 2708//2708 2781//2781 
f 2708//2708 2794//2794 2781//2781 
f 2781//2781 2794//2794 2782//2782 
f 2794//2794 2795//2795 2782//2782 
f 2782//2782 2795//2795 2783//2783 
f 2795//2795 2796//2796 2783//2783 
f 2783//2783 2796//2796 2784//2784 
f 2796//2796 2797//2797 2784//2784 
f 2784//2784 2797//2797 2785//2785 
f 2797//2797 2798//2798 2785//2785 
f 2785//2785 2798//2798 2786//2786 
f 2798//2798 2799//2799 2786//2786 
f 2786//2786 2799//2799 2787//2787 
f 2799//2799 2800//2800 2787//2787 
f 2787//2787 2800//2800 2788//2788 
f 2800//2800 2801//2801 2788//2788 
f 2788//2788 2801//2801 2789//2789 
f 2801//2801 2802//2802 2789//2789 
f 2789//2789 2802//2802 2790//2790 
f 2802//2802 2803//2803 2790//2790 
f 2790//2790 2803//2803 2791//2791 
f 2803//2803 2804//2804 2791//2791 
f 2791//2791 2804//2804 2792//2792 
f 2804//2804 2805//2805 2792//2792 
f 2792//2792 2805//2805 2793//2793 
f 2805//2805 2806//2806 2793//2793 
f 2793//2793 2806//2806 2779//2779 
f 2806//2806 2780//2780 2779//2779 
f 2779//2779 2780//2780 2780//2780 
f 2780//2780 2807//2807 2780//2780 
f 2780//2780 2807//2807 2807//2807 
f 2807//2807 2808//2808 2807//2807 
f 2807//2807 2808//2808 2809//2809 
f 2808//2808 2810//2810 2809//2809 
f 2809//2809 2810//2810 2811//2811 
f 2810//2810 2812//2812 2811//2811 
f 2811//2811 2812//2812 2813//2813 
f 2812//2812 2814//2814 2813//2813 
f 2813//2813 2814//2814 2815//2815 
f 2814//2814 2816//2816 2815//2815 
f 2815//2815 2816//2816 2817//2817 
f 2816//2816 2818//2818 2817//2817 
f 2817//2817 2818//2818 2819//2819 
f 2818//2818 2820//2820 2819//2819 
f 2819//2819 2820//2820 2821//2821 
f 2820//2820 2822//2822 2821//2821 
f 2821//2821 2822//2822 2823//2823 
f 2822//2822 2824//2824 2823//2823 
f 2823//2823 2824//2824 2824//2824 
f 2824//2824 2823//2823 2824//2824 
f 2824//2824 2823//2823 2823//2823 
f 2823//2823 2825//2825 2823//2823 
f 2823//2823 2825//2825 2821//2821 
f 2825//2825 2826//2826 2821//2821 
f 2821//2821 2826//2826 2819//2819 
f 2826//2826 2827//2827 2819//2819 
f 2819//2819 2827//2827 2817//2817 
f 2827//2827 2828//2828 2817//2817 
f 2817//2817 2828//2828 2815//2815 
f 2828//2828 2829//2829 2815//2815 
f 2815//2815 2829//2829 2813//2813 
f 2829//2829 2830//2830 2813//2813 
f 2813//2813 2830//2830 2811//2811 
f 2830//2830 2831//2831 2811//2811 
f 2811//2811 2831//2831 2809//2809 
f 2831//2831 2832//2832 2809//2809 
f 2809//2809 2832//2832 2833//2833 
f 2832//2832 2834//2834 2833//2833 
f 2833//2833 2834//2834 2834//2834 
f 2834//2834 2825//2825 2834//2834 
f 2834//2834 2825//2825 2825//2825 
f 2825//2825 2835//2835 2825//2825 
f 2825//2825 2835//2835 2826//2826 
f 2835//2835 2836//2836 2826//2826 
f 2826//2826 2836//2836 2827//2827 
f 2836//2836 2837//2837 2827//2827 
f 2827//2827 2837//2837 2828//2828 
f 2837//2837 2838//2838 2828//2828 
f 2828//2828 2838//2838 2829//2829 
f 2838//2838 2839//2839 2829//2829 
f 2829//2829 2839//2839 2830//2830 
f 2839//2839 2840//2840 2830//2830 
f 2830//2830 2840//2840 2831//2831 
f 2840//2840 2841//2841 2831//2831 
f 2831//2831 2841//2841 2832//2832 
f 2841//2841 2842//2842 2832//2832 
f 2832//2832 2842//2842 2834//2834 
f 2842//2842 2843//2843 2834//2834 
f 2834//2834 2843//2843 2843//2843 
f 2843//2843 2838//2838 2843//2843 
f 2843//2843 2838//2838 2838//2838 
f 2838//2838 2844//2844 2838//2838 
f 2838//2838 2844//2844 2839//2839 
f 2844//2844 2845//2845 2839//2839 
f 2839//2839 2845//2845 2840//2840 
f 2845//2845 2846//2846 2840//2840 
f 2840//2840 2846//2846 2841//2841 
f 2846//2846 2847//2847 2841//2841 
f 2841//2841 2847//2847 2842//2842 
f 2847//2847 2848//2848 2842//2842 
f 2842//2842 2848//2848 2843//2843 
f 2848//2848 2849//2849 2843//2843 
f 2843//2843 2849//2849 2849//2849 
f 2849//2849 2838//2838 2849//2849 
f 2849//2849 2838//2838 2838//2838 
f 2838//2838 2850//2850 2838//2838 
f 2838//2838 2850//2850 2844//2844 
f 2850//2850 2851//2851 2844//2844 
f 2844//2844 2851//2851 2845//2845 
f 2851//2851 2852//2852 2845//2845 
f 2845//2845 2852//2852 2846//2846 
f 2852//2852 2853//2853 2846//2846 
f 2846//2846 2853//2853 2847//2847 
f 2853//2853 2854//2854 2847//2847 
f 2847//2847 2854//2854 2848//2848 
f 2854//2854 2855//2855 2848//2848 
f 2848//2848 2855//2855 2849//2849 
f 2855//2855 2856//2856 2849//2849 
f 2849//2849 2856//2856 2856//2856 
f 2856//2856 2850//2850 2856//2856 
f 2856//2856 2850//2850 2850//2850 
f 2850//2850 2857//2857 2850//2850 
f 2850//2850 2857//2857 2851//2851 
f 2857//2857 2858//2858 2851//2851 
f 2851//2851 2858//2858 2852//2852 
f 2858//2858 2859//2859 2852//2852 
f 2852//2852 2859//2859 2853//2853 
f 2859//2859 2860//2860 2853//2853 
f 2853//2853 2860//2860 2854//2854 
f 2860//2860 2861//2861 2854//2854 
f 2854//2854 2861//2861 2855//2855 
f 2861//2861 2862//2862 2855//2855 
f 2855//2855 2862//2862 2856//2856 
f 2862//2862 2863//2863 2856//2856 
f 2856//2856 2863//2863 2863//2863 
f 2863//2863 2857//2857 2863//2863 
f 2863//2863 2857//2857 2857//2857 
f 2857//2857 2864//2864 2857//2857 
f 2857//2857 2864//2864 2858//2858 
f 2864//2864 2865//2865 2858//2858 
f 2858//2858 2865//2865 2859//2859 
f 2865//2865 2866//2866 2859//2859 
f 2859//2859 2866//2866 2860//2860 
f 2866//2866 2867//2867 2860//2860 
f 2860//2860 2867//2867 2861//2861 
f 2867//2867 2868//2868 2861//2861 
f 2861//2861 2868//2868 2862//2862 
f 2868//2868 2869//2869 2862//2862 
f 2862//2862 2869//2869 2863//2863 
f 2869//2869 2870//2870 2863//2863 
f 2863//2863 2870//2870 2870//2870 
f 2870//2870 2864//2864 2870//2870 
f 2870//2870 2864//2864 2864//2864 
f 2864//2864 2871//2871 2864//2864 
f 2864//2864 2871//2871 2865//2865 
f 2871//2871 2872//2872 2865//2865 
f 2865//2865 2872//2872 2866//2866 
f 2872//2872 2873//2873 2866//2866 
f 2866//2866 2873//2873 2867//2867 
f 2873//2873 2874//2874 2867//2867 
f 2867//2867 2874//2874 2868//2868 
f 2874//2874 2875//2875 2868//2868 
f 2868//2868 2875//2875 2869//2869 
f 2875//2875 2876//2876 2869//2869 
f 2869//2869 2876//2876 2870//2870 
f 2876//2876 2877//2877 2870//2870 
f 2870//2870 2877//2877 2877//2877 
f 2877//2877 2871//2871 2877//2877 
f 2877//2877 2871//2871 2871//2871 
f 2871//2871 2878//2878 2871//2871 
f 2871//2871 2878//2878 2872//2872 
f 2878//2878 2879//2879 2872//2872 
f 2872//2872 2879//2879 2873//2873 
f 2879//2879 2880//2880 2873//2873 
f 2873//2873 2880//2880 2874//2874 
f 2880//2880 2881//2881 2874//2874 
f 2874//2874 2881//2881 2875//2875 
f 2881//2881 2882//2882 2875//2875 
f 2875//2875 2882//2882 2876//2876 
f 2882//2882 2883//2883 2876//2876 
f 2876//2876 2883//2883 2877//2877 
f 2883//2883 2884//2884 2877//2877 
f 2877//2877 2884//2884 2884//2884 
f 2884//2884 2878//2878 2884//2884 
f 2884//2884 2878//2878 2878//2878 
f 2878//2878 2885//2885 2878//2878 
f 2878//2878 2885//2885 2879//2879 
f 2885//2885 2886//2886 2879//2879 
f 2879//2879 2886//2886 2880//2880 
f 2886//2886 2887//2887 2880//2880 
f 2880//2880 2887//2887 2881//2881 
f 2887//2887 2888//2888 2881//2881 
f 2881//2881 2888//2888 2882//2882 
f 2888//2888 2889//2889 2882//2882 
f 2882//2882 2889//2889 2883//2883 
f 2889//2889 2890//2890 2883//2883 
f 2883//2883 2890//2890 2884//2884 
f 2890//2890 2891//2891 2884//2884 
f 2884//2884 2891//2891 2891//2891 
f 2891//2891 2885//2885 2891//2891 
f 2891//2891 2885//2885 2885//2885 
f 2885//2885 2892//2892 2885//2885 
f 2885//2885 2892//2892 2886//2886 
f 2892//2892 2893//2893 2886//2886 
f 2886//2886 2893//2893 2887//2887 
f 2893//2893 2894//2894 2887//2887 
f 2887//2887 2894//2894 2888//2888 
f 2894//2894 2895//2895 2888//2888 
f 2888//2888 2895//2895 2889//2889 
f 2895//2895 2896//2896 2889//2889 
f 2889//2889 2896//2896 2890//2890 
f 2896//2896 2897//2897 2890//2890 
f 2890//2890 2897//2897 2891//2891 
f 2897//2897 2898//2898 2891//2891 
f 2891//2891 2898//2898 2898//2898 
f 2898//2898 2892//2892 2898//2898 
f 2898//2898 2892//2892 2892//2892 
f 2892//2892 2899//2899 2892//2892 
f 2892//2892 2899//2899 2893//2893 
f 2899//2899 2900//2900 2893//2893 
f 2893//2893 2900//2900 2894//2894 
f 2900//2900 2901//2901 2894//2894 
f 2894//2894 2901//2901 2895//2895 
f 2901//2901 2902//2902 2895//2895 
f 2895//2895 2902//2902 2896//2896 
f 2902//2902 2903//2903 2896//2896 
f 2896//2896 2903//2903 2897//2897 
f 2903//2903 2904//2904 2897//2897 
f 2897//2897 2904//2904 2898//2898 
f 2904//2904 2905//2905 2898//2898 
f 2898//2898 2905//2905 2905//2905 
f 2905//2905 2899//2899 2905//2905 
f 2905//2905 2899//2899 2899//2899 
f 2899//2899 2906//2906 2899//2899 
f 2899//2899 2906//2906 2900//2900 
f 2906//2906 2907//2907 2900//2900 
f 2900//2900 2907//2907 2901//2901 
f 2907//2907 2908//2908 2901//2901 
f 2901//2901 2908//2908 2902//2902 
f 2908//2908 2909//2909 2902//2902 
f 2902//2902 2909//2909 2903//2903 
f 2909//2909 2910//2910 2903//2903 
f 2903//2903 2910//2910 2904//2904 
f 2910//2910 2911//2911 2904//2904 
f 2904//2904 2911//2911 2905//2905 
f 2911//2911 2912//2912 2905//2905 
f 2905//2905 2912//2912 2912//2912 
f 2912//2912 2906//2906 2912//2912 
f 2912//2912 2906//2906 2906//2906 
f 2906//2906 2913//2913 2906//2906 
f 2906//2906 2913//2913 2907//2907 
f 2913//2913 2914//2914 2907//2907 
f 2907//2907 2914//2914 2908//2908 
f 2914//2914 2915//2915 2908//2908 
f 2908//2908 2915//2915 2909//2909 
f 2915//2915 2916//2916 2909//2909 
f 2909//2909 2916//2916 2910//2910 
f 2916//2916 2917//2917 2910//2910 
f 2910//2910 2917//2917 2911//2911 
f 2917//2917 2918//2918 2911//2911 
f 2911//2911 2918//2918 2912//2912 
f 2918//2918 2919//2919 2912//2912 
f 2912//2912 2919//2919 2919//2919 
f 2919//2919 2913//2913 2919//2919 
f 2919//2919 2913//2913 2913//2913 
f 2913//2913 2920//2920 2913//2913 
f 2913//2913 2920//2920 2914//2914 
f 2920//2920 2921//2921 2914//2914 
f 2914//2914 2921//2921 2915//2915 
f 2921//2921 2922//2922 2915//2915 
f 2915//2915 2922//2922 2916//2916 
f 2922//2922 2923//2923 2916//2916 
f 2916//2916 2923//2923 2917//2917 
f 2923//2923 2924//2924 2917//2917 
f 2917//2917 2924//2924 2918//2918 
f 2924//2924 2925//2925 2918//2918 
f 2918//2918 2925//2925 2919//2919 
f 2925//2925 2808//2808 2919//2919 
f 2919//2919 2808//2808 2808//2808 
f 2808//2808 2920//2920 2808//2808 
f 2808//2808 2920//2920 2920//2920 
f 2920//2920 2820//2820 2920//2920 
f 2920//2920 2820//2820 2921//2921 
f 2820//2820 2818//2818 2921//2921 
f 2921//2921 2818//2818 2922//2922 
f 2818//2818 2816//2816 2922//2922 
f 2922//2922 2816//2816 2923//2923 
f 2816//2816 2814//2814 2923//2923 
f 2923//2923 2814//2814 2924//2924 
f 2814//2814 2812//2812 2924//2924 
f 2924//2924 2812//2812 2925//2925 
f 2812//2812 2810//2810 2925//2925 
f 2925//2925 2810//2810 2808//2808 
f 2810//2810 2808//2808 2808//2808 
f 2808//2808 2808//2808 2820//2820 
f 2808//2808 2820//2820 2820//2820 
f 2820//2820 2820//2820 2820//2820 
f 2820//2820 2920//2920 2820//2820 
f 2820//2820 2920//2920 2822//2822 
f 2920//2920 2926//2926 2822//2822 
f 2822//2822 2926//2926 2824//2824 
f 2926//2926 2927//2927 2824//2824 
f 2824//2824 2927//2927 2927//2927 
f 2927//2927 2920//2920 2927//2927 
f 2927//2927 2920//2920 2920//2920 
f 2920//2920 2913//2913 2920//2920 
f 2920//2920 2913//2913 2926//2926 
f 2913//2913 2928//2928 2926//2926 
f 2926//2926 2928//2928 2927//2927 
f 2928//2928 2929//2929 2927//2927 
f 2927//2927 2929//2929 2929//2929 
f 2929//2929 2913//2913 2929//2929 
f 2929//2929 2913//2913 2913//2913 
f 2913//2913 2906//2906 2913//2913 
f 2913//2913 2906//2906 2928//2928 
f 2906//2906 2930//2930 2928//2928 
f 2928//2928 2930//2930 2929//2929 
f 2930//2930 2931//2931 2929//2929 
f 2929//2929 2931//2931 2931//2931 
f 2931//2931 2906//2906 2931//2931 
f 2931//2931 2906//2906 2906//2906 
f 2906//2906 2899//2899 2906//2906 
f 2906//2906 2899//2899 2930//2930 
f 2899//2899 2932//2932 2930//2930 
f 2930//2930 2932//2932 2931//2931 
f 2932//2932 2933//2933 2931//2931 
f 2931//2931 2933//2933 2933//2933 
f 2933//2933 2899//2899 2933//2933 
f 2933//2933 2899//2899 2899//2899 
f 2899//2899 2892//2892 2899//2899 
f 2899//2899 2892//2892 2932//2932 
f 2892//2892 2934//2934 2932//2932 
f 2932//2932 2934//2934 2933//2933 
f 2934//2934 2935//2935 2933//2933 
f 2933//2933 2935//2935 2935//2935 
f 2935//2935 2892//2892 2935//2935 
f 2935//2935 2892//2892 2892//2892 
f 2892//2892 2885//2885 2892//2892 
f 2892//2892 2885//2885 2934//2934 
f 2885//2885 2936//2936 2934//2934 
f 2934//2934 2936//2936 2935//2935 
f 2936//2936 2937//2937 2935//2935 
f 2935//2935 2937//2937 2937//2937 
f 2937//2937 2885//2885 2937//2937 
f 2937//2937 2885//2885 2885//2885 
f 2885//2885 2878//2878 2885//2885 
f 2885//2885 2878//2878 2936//2936 
f 2878//2878 2938//2938 2936//2936 
f 2936//2936 2938//2938 2937//2937 
f 2938//2938 2939//2939 2937//2937 
f 2937//2937 2939//2939 2939//2939 
f 2939//2939 2878//2878 2939//2939 
f 2939//2939 2878//2878 2878//2878 
f 2878//2878 2871//2871 2878//2878 
f 2878//2878 2871//2871 2938//2938 
f 2871//2871 2940//2940 2938//2938 
f 2938//2938 2940//2940 2939//2939 
f 2940//2940 2941//2941 2939//2939 
f 2939//2939 2941//2941 2941//2941 
f 2941//2941 2871//2871 2941//2941 
f 2941//2941 2871//2871 2871//2871 
f 2871//2871 2864//2864 2871//2871 
f 2871//2871 2864//2864 2940//2940 
f 2864//2864 2942//2942 2940//2940 
f 2940//2940 2942//2942 2941//2941 
f 2942//2942 2943//2943 2941//2941 
f 2941//2941 2943//2943 2943//2943 
f 2943//2943 2864//2864 2943//2943 
f 2943//2943 2864//2864 2864//2864 
f 2864//2864 2857//2857 2864//2864 
f 2864//2864 2857//2857 2942//2942 
f 2857//2857 2944//2944 2942//2942 
f 2942//2942 2944//2944 2943//2943 
f 2944//2944 2945//2945 2943//2943 
f 2943//2943 2945//2945 2945//2945 
f 2945//2945 2944//2944 2945//2945 
f 2945//2945 2944//2944 2946//2946 
f 2944//2944 2850//2850 2946//2946 
f 2946//2946 2850//2850 2947//2947 
f 2850//2850 2838//2838 2947//2947 
f 2947//2947 2838//2838 2837//2837 
f 2838//2838 2837//2837 2837//2837 
f 2837//2837 2837//2837 2945//2945 
f 2837//2837 2945//2945 2945//2945 
f 2945//2945 2945//2945 2945//2945 
f 2945//2945 2946//2946 2945//2945 
f 2945//2945 2946//2946 2948//2948 
f 2946//2946 2949//2949 2948//2948 
f 2948//2948 2949//2949 2950//2950 
f 2949//2949 2836//2836 2950//2950 
f 2950//2950 2836//2836 2835//2835 
f 2836//2836 2835//2835 2835//2835 
f 2835//2835 2835//2835 2946//2946 
f 2835//2835 2946//2946 2946//2946 
f 2946//2946 2946//2946 2946//2946 
f 2946//2946 2947//2947 2946//2946 
f 2946//2946 2947//2947 2949//2949 
f 2947//2947 2837//2837 2949//2949 
f 2949//2949 2837//2837 2836//2836 
f 2837//2837 2836//2836 2836//2836 
f 2836//2836 2836//2836 2951//2951 
f 2836//2836 2951//2951 2951//2951 
f 2951//2951 2951//2951 2951//2951 
f 2951//2951 2952//2952 2951//2951 
f 2951//2951 2952//2952 2953//2953 
f 2952//2952 2954//2954 2953//2953 
f 2953//2953 2954//2954 2955//2955 
f 2954//2954 2956//2956 2955//2955 
f 2955//2955 2956//2956 2957//2957 
f 2956//2956 2958//2958 2957//2957 
f 2957//2957 2958//2958 2959//2959 
f 2958//2958 2960//2960 2959//2959 
f 2959//2959 2960//2960 2961//2961 
f 2960//2960 2962//2962 2961//2961 
f 2961//2961 2962//2962 2963//2963 
f 2962//2962 2964//2964 2963//2963 
f 2963//2963 2964//2964 2965//2965 
f 2964//2964 2966//2966 2965//2965 
f 2965//2965 2966//2966 2967//2967 
f 2966//2966 2968//2968 2967//2967 
f 2967//2967 2968//2968 2969//2969 
f 2968//2968 2970//2970 2969//2969 
f 2969//2969 2970//2970 2971//2971 
f 2970//2970 2972//2972 2971//2971 
f 2971//2971 2972//2972 2973//2973 
f 2972//2972 2974//2974 2973//2973 
f 2973//2973 2974//2974 2975//2975 
f 2974//2974 2976//2976 2975//2975 
f 2975//2975 2976//2976 2977//2977 
f 2976//2976 2978//2978 2977//2977 
f 2977//2977 2978//2978 2979//2979 
f 2978//2978 2980//2980 2979//2979 
f 2979//2979 2980//2980 2981//2981 
f 2980//2980 2982//2982 2981//2981 
f 2981//2981 2982//2982 2983//2983 
f 2982//2982 2984//2984 2983//2983 
f 2983//2983 2984//2984 2985//2985 
f 2984//2984 2986//2986 2985//2985 
f 2985//2985 2986//2986 2987//2987 
f 2986//2986 2988//2988 2987//2987 
f 2987//2987 2988//2988 2989//2989 
f 2988//2988 2990//2990 2989//2989 
f 2989//2989 2990//2990 2991//2991 
f 2990//2990 2992//2992 2991//2991 
f 2991//2991 2992//2992 2993//2993 
f 2992//2992 2993//2993 2993//2993 
f 2993//2993 2993//2993 2979//2979 
f 2993//2993 2979//2979 2979//2979 
f 2979//2979 2979//2979 2979//2979 
f 2979//2979 2981//2981 2979//2979 
f 2979//2979 2981//2981 2994//2994 
f 2981//2981 2995//2995 2994//2994 
f 2994//2994 2995//2995 2952//2952 
f 2995//2995 2996//2996 2952//2952 
f 2952//2952 2996//2996 2954//2954 
f 2996//2996 2997//2997 2954//2954 
f 2954//2954 2997//2997 2956//2956 
f 2997//2997 2998//2998 2956//2956 
f 2956//2956 2998//2998 2958//2958 
f 2998//2998 2999//2999 2958//2958 
f 2958//2958 2999//2999 2960//2960 
f 2999//2999 3000//3000 2960//2960 
f 2960//2960 3000//3000 2962//2962 
f 3000//3000 3001//3001 2962//2962 
f 2962//2962 3001//3001 2964//2964 
f 3001//3001 3002//3002 2964//2964 
f 2964//2964 3002//3002 2966//2966 
f 3002//3002 3003//3003 2966//2966 
f 2966//2966 3003//3003 2968//2968 
f 3003//3003 3004//3004 2968//2968 
f 2968//2968 3004//3004 2970//2970 
f 3004//3004 3005//3005 2970//2970 
f 2970//2970 3005//3005 2972//2972 
f 3005//3005 3006//3006 2972//2972 
f 2972//2972 3006//3006 2974//2974 
f 3006//3006 3007//3007 2974//2974 
f 2974//2974 3007//3007 2976//2976 
f 3007//3007 3008//3008 2976//2976 
f 2976//2976 3008//3008 2978//2978 
f 3008//3008 2980//2980 2978//2978 
f 2978//2978 2980//2980 2980//2980 
f 2980//2980 2981//2981 2980//2980 
f 2980//2980 2981//2981 2981//2981 
f 2981//2981 2983//2983 2981//2981 
f 2981//2981 2983//2983 2995//2995 
f 2983//2983 3009//3009 2995//2995 
f 2995//2995 3009//3009 2996//2996 
f 3009//3009 3010//3010 2996//2996 
f 2996//2996 3010//3010 2997//2997 
f 3010//3010 3011//3011 2997//2997 
f 2997//2997 3011//3011 2998//2998 
f 3011//3011 3012//3012 2998//2998 
f 2998//2998 3012//3012 2999//2999 
f 3012//3012 3013//3013 2999//2999 
f 2999//2999 3013//3013 3000//3000 
f 3013//3013 3014//3014 3000//3000 
f 3000//3000 3014//3014 3001//3001 
f 3014//3014 3015//3015 3001//3001 
f 3001//3001 3015//3015 3002//3002 
f 3015//3015 3016//3016 3002//3002 
f 3002//3002 3016//3016 3003//3003 
f 3016//3016 3017//3017 3003//3003 
f 3003//3003 3017//3017 3004//3004 
f 3017//3017 3018//3018 3004//3004 
f 3004//3004 3018//3018 3005//3005 
f 3018//3018 3019//3019 3005//3005 
f 3005//3005 3019//3019 3006//3006 
f 3019//3019 3020//3020 3006//3006 
f 3006//3006 3020//3020 3007//3007 
f 3020//3020 3021//3021 3007//3007 
f 3007//3007 3021//3021 3008//3008 
f 3021//3021 3022//3022 3008//3008 
f 3008//3008 3022//3022 2980//2980 
f 3022//3022 2982//2982 2980//2980 
f 2980//2980 2982//2982 2982//2982 
f 2982//2982 2983//2983 2982//2982 
f 2982//2982 2983//2983 2983//2983 
f 2983//2983 2985//2985 2983//2983 
f 2983//2983 2985//2985 3009//3009 
f 2985//2985 3023//3023 3009//3009 
f 3009//3009 3023//3023 3010//3010 
f 3023//3023 3024//3024 3010//3010 
f 3010//3010 3024//3024 3011//3011 
f 3024//3024 3025//3025 3011//3011 
f 3011//3011 3025//3025 3012//3012 
f 3025//3025 3026//3026 3012//3012 
f 3012//3012 3026//3026 3013//3013 
f 3026//3026 3027//3027 3013//3013 
f 3013//3013 3027//3027 3014//3014 
f 3027//3027 3028//3028 3014//3014 
f 3014//3014 3028//3028 3015//3015 
f 3028//3028 3029//3029 3015//3015 
f 3015//3015 3029//3029 3016//3016 
f 3029//3029 3030//3030 3016//3016 
f 3016//3016 3030//3030 3017//3017 
f 3030//3030 3031//3031 3017//3017 
f 3017//3017 3031//3031 3018//3018 
f 3031//3031 3032//3032 3018//3018 
f 3018//3018 3032//3032 3019//3019 
f 3032//3032 3033//3033 3019//3019 
f 3019//3019 3033//3033 3020//3020 
f 3033//3033 3034//3034 3020//3020 
f 3020//3020 3034//3034 3021//3021 
f 3034//3034 3035//3035 3021//3021 
f 3021//3021 3035//3035 3022//3022 
f 3035//3035 3036//3036 3022//3022 
f 3022//3022 3036//3036 2982//2982 
f 3036//3036 2984//2984 2982//2982 
f 2982//2982 2984//2984 2984//2984 
f 2984//2984 2985//2985 2984//2984 
f 2984//2984 2985//2985 2985//2985 
f 2985//2985 2987//2987 2985//2985 
f 2985//2985 2987//2987 3023//3023 
f 2987//2987 3037//3037 3023//3023 
f 3023//3023 3037//3037 3024//3024 
f 3037//3037 3038//3038 3024//3024 
f 3024//3024 3038//3038 3025//3025 
f 3038//3038 3039//3039 3025//3025 
f 3025//3025 3039//3039 3026//3026 
f 3039//3039 3040//3040 3026//3026 
f 3026//3026 3040//3040 3027//3027 
f 3040//3040 3041//3041 3027//3027 
f 3027//3027 3041//3041 3028//3028 
f 3041//3041 3042//3042 3028//3028 
f 3028//3028 3042//3042 3029//3029 
f 3042//3042 3043//3043 3029//3029 
f 3029//3029 3043//3043 3030//3030 
f 3043//3043 3044//3044 3030//3030 
f 3030//3030 3044//3044 3031//3031 
f 3044//3044 3045//3045 3031//3031 
f 3031//3031 3045//3045 3032//3032 
f 3045//3045 3046//3046 3032//3032 
f 3032//3032 3046//3046 3033//3033 
f 3046//3046 3047//3047 3033//3033 
f 3033//3033 3047//3047 3034//3034 
f 3047//3047 3048//3048 3034//3034 
f 3034//3034 3048//3048 3035//3035 
f 3048//3048 3049//3049 3035//3035 
f 3035//3035 3049//3049 3036//3036 
f 3049//3049 3050//3050 3036//3036 
f 3036//3036 3050//3050 2984//2984 
f 3050//3050 2986//2986 2984//2984 
f 2984//2984 2986//2986 2986//2986 
f 2986//2986 2987//2987 2986//2986 
f 2986//2986 2987//2987 2987//2987 
f 2987//2987 2989//2989 2987//2987 
f 2987//2987 2989//2989 3037//3037 
f 2989//2989 3051//3051 3037//3037 
f 3037//3037 3051//3051 3038//3038 
f 3051//3051 3052//3052 3038//3038 
f 3038//3038 3052//3052 3039//3039 
f 3052//3052 3053//3053 3039//3039 
f 3039//3039 3053//3053 3040//3040 
f 3053//3053 3054//3054 3040//3040 
f 3040//3040 3054//3054 3041//3041 
f 3054//3054 3055//3055 3041//3041 
f 3041//3041 3055//3055 3042//3042 
f 3055//3055 3056//3056 3042//3042 
f 3042//3042 3056//3056 3043//3043 
f 3056//3056 3057//3057 3043//3043 
f 3043//3043 3057//3057 3044//3044 
f 3057//3057 3058//3058 3044//3044 
f 3044//3044 3058//3058 3045//3045 
f 3058//3058 3059//3059 3045//3045 
f 3045//3045 3059//3059 3046//3046 
f 3059//3059 3060//3060 3046//3046 
f 3046//3046 3060//3060 3047//3047 
f 3060//3060 3061//3061 3047//3047 
f 3047//3047 3061//3061 3048//3048 
f 3061//3061 3062//3062 3048//3048 
f 3048//3048 3062//3062 3049//3049 
f 3062//3062 3063//3063 3049//3049 
f 3049//3049 3063//3063 3050//3050 
f 3063//3063 3064//3064 3050//3050 
f 3050//3050 3064//3064 2988//2988 
f 3064//3064 3065//3065 2988//2988 
f 2988//2988 3065//3065 2990//2990 
f 3065//3065 3066//3066 2990//2990 
f 2990//2990 3066//3066 2992//2992 
f 3066//3066 2992//2992 2992//2992 
f 2992//2992 2992//2992 2989//2989 
f 2992//2992 2989//2989 2989//2989 
f 2989//2989 2989//2989 2989//2989 
f 2989//2989 2991//2991 2989//2989 
f 2989//2989 2991//2991 3051//3051 
f 2991//2991 3067//3067 3051//3051 
f 3051//3051 3067//3067 3052//3052 
f 3067//3067 3068//3068 3052//3052 
f 3052//3052 3068//3068 3053//3053 
f 3068//3068 3069//3069 3053//3053 
f 3053//3053 3069//3069 3054//3054 
f 3069//3069 3070//3070 3054//3054 
f 3054//3054 3070//3070 3055//3055 
f 3070//3070 3071//3071 3055//3055 
f 3055//3055 3071//3071 3056//3056 
f 3071//3071 3072//3072 3056//3056 
f 3056//3056 3072//3072 3057//3057 
f 3072//3072 3073//3073 3057//3057 
f 3057//3057 3073//3073 3058//3058 
f 3073//3073 3074//3074 3058//3058 
f 3058//3058 3074//3074 3059//3059 
f 3074//3074 3075//3075 3059//3059 
f 3059//3059 3075//3075 3060//3060 
f 3075//3075 3076//3076 3060//3060 
f 3060//3060 3076//3076 3061//3061 
f 3076//3076 3077//3077 3061//3061 
f 3061//3061 3077//3077 3062//3062 
f 3077//3077 3078//3078 3062//3062 
f 3062//3062 3078//3078 3063//3063 
f 3078//3078 3079//3079 3063//3063 
f 3063//3063 3079//3079 3064//3064 
f 3079//3079 3065//3065 3064//3064 
f 3064//3064 3065//3065 3065//3065 
f 3065//3065 2991//2991 3065//3065 
f 3065//3065 2991//2991 2991//2991 
f 2991//2991 2993//2993 2991//2991 
f 2991//2991 2993//2993 3067//3067 
f 2993//2993 3080//3080 3067//3067 
f 3067//3067 3080//3080 3068//3068 
f 3080//3080 3081//3081 3068//3068 
f 3068//3068 3081//3081 3069//3069 
f 3081//3081 3082//3082 3069//3069 
f 3069//3069 3082//3082 3070//3070 
f 3082//3082 3083//3083 3070//3070 
f 3070//3070 3083//3083 3071//3071 
f 3083//3083 3084//3084 3071//3071 
f 3071//3071 3084//3084 3072//3072 
f 3084//3084 3085//3085 3072//3072 
f 3072//3072 3085//3085 3073//3073 
f 3085//3085 3086//3086 3073//3073 
f 3073//3073 3086//3086 3074//3074 
f 3086//3086 3087//3087 3074//3074 
f 3074//3074 3087//3087 3075//3075 
f 3087//3087 3088//3088 3075//3075 
f 3075//3075 3088//3088 3076//3076 
f 3088//3088 3089//3089 3076//3076 
f 3076//3076 3089//3089 3077//3077 
f 3089//3089 3090//3090 3077//3077 
f 3077//3077 3090//3090 3078//3078 
f 3090//3090 3091//3091 3078//3078 
f 3078//3078 3091//3091 3079//3079 
f 3091//3091 3092//3092 3079//3079 
f 3079//3079 3092//3092 3065//3065 
f 3092//3092 3066//3066 3065//3065 
f 3065//3065 3066//3066 3066//3066 
f 3066//3066 2977//2977 3066//3066 
f 3066//3066 2977//2977 2977//2977 
f 2977//2977 2979//2979 2977//2977 
f 2977//2977 2979//2979 3093//3093 
f 2979//2979 3094//3094 3093//3093 
f 3093//3093 3094//3094 3094//3094 
f 3094//3094 2979//2979 3094//3094 
f 3094//3094 2979//2979 2979//2979 
f 2979//2979 2994//2994 2979//2979 
f 2979//2979 2994//2994 3094//3094 
f 2994//2994 2951//2951 3094//3094 
f 3094//3094 2951//2951 2951//2951 
f 2951//2951 3095//3095 2951//2951 
f 2951//2951 3095//3095 3095//3095 
f 3095//3095 3096//3096 3095//3095 
f 3095//3095 3096//3096 3097//3097 
f 3096//3096 3098//3098 3097//3097 
f 3097//3097 3098//3098 3099//3099 
f 3098//3098 3100//3100 3099//3099 
f 3099//3099 3100//3100 3101//3101 
f 3100//3100 3102//3102 3101//3101 
f 3101//3101 3102//3102 3103//3103 
f 3102//3102 3104//3104 3103//3103 
f 3103//3103 3104//3104 3105//3105 
f 3104//3104 3106//3106 3105//3105 
f 3105//3105 3106//3106 3107//3107 
f 3106//3106 3108//3108 3107//3107 
f 3107//3107 3108//3108 3109//3109 
f 3108//3108 3110//3110 3109//3109 
f 3109//3109 3110//3110 3111//3111 
f 3110//3110 3112//3112 3111//3111 
f 3111//3111 3112//3112 3113//3113 
f 3112//3112 3114//3114 3113//3113 
f 3113//3113 3114//3114 3115//3115 
f 3114//3114 3116//3116 3115//3115 
f 3115//3115 3116//3116 3117//3117 
f 3116//3116 3118//3118 3117//3117 
f 3117//3117 3118//3118 3119//3119 
f 3118//3118 3120//3120 3119//3119 
f 3119//3119 3120//3120 3121//3121 
f 3120//3120 3122//3122 3121//3121 
f 3121//3121 3122//3122 3123//3123 
f 3122//3122 3124//3124 3123//3123 
f 3123//3123 3124//3124 3125//3125 
f 3124//3124 3126//3126 3125//3125 
f 3125//3125 3126//3126 3095//3095 
f 3126//3126 3096//3096 3095//3095 
f 3095//3095 3096//3096 3096//3096 
f 3096//3096 3126//3126 3096//3096 
f 3096//3096 3126//3126 3126//3126 
f 3126//3126 3127//3127 3126//3126 
f 3126//3126 3127//3127 3096//3096 
f 3127//3127 3128//3128 3096//3096 
f 3096//3096 3128//3128 3098//3098 
f 3128//3128 3129//3129 3098//3098 
f 3098//3098 3129//3129 3100//3100 
f 3129//3129 3130//3130 3100//3100 
f 3100//3100 3130//3130 3102//3102 
f 3130//3130 3131//3131 3102//3102 
f 3102//3102 3131//3131 3104//3104 
f 3131//3131 3132//3132 3104//3104 
f 3104//3104 3132//3132 3106//3106 
f 3132//3132 3133//3133 3106//3106 
f 3106//3106 3133//3133 3108//3108 
f 3133//3133 3134//3134 3108//3108 
f 3108//3108 3134//3134 3110//3110 
f 3134//3134 3135//3135 3110//3110 
f 3110//3110 3135//3135 3112//3112 
f 3135//3135 3136//3136 3112//3112 
f 3112//3112 3136//3136 3114//3114 
f 3136//3136 3137//3137 3114//3114 
f 3114//3114 3137//3137 3116//3116 
f 3137//3137 3138//3138 3116//3116 
f 3116//3116 3138//3138 3118//3118 
f 3138//3138 3139//3139 3118//3118 
f 3118//3118 3139//3139 3120//3120 
f 3139//3139 3140//3140 3120//3120 
f 3120//3120 3140//3140 3122//3122 
f 3140//3140 3141//3141 3122//3122 
f 3122//3122 3141//3141 3124//3124 
f 3141//3141 3142//3142 3124//3124 
f 3124//3124 3142//3142 3126//3126 
f 3142//3142 3127//3127 3126//3126 
f 3126//3126 3127//3127 3127//3127 
f 3127//3127 3138//3138 3127//3127 
f 3127//3127 3138//3138 3138//3138 
f 3138//3138 3143//3143 3138//3138 
f 3138//3138 3143//3143 3139//3139 
f 3143//3143 3144//3144 3139//3139 
f 3139//3139 3144//3144 3140//3140 
f 3144//3144 3145//3145 3140//3140 
f 3140//3140 3145//3145 3141//3141 
f 3145//3145 3146//3146 3141//3141 
f 3141//3141 3146//3146 3142//3142 
f 3146//3146 3147//3147 3142//3142 
f 3142//3142 3147//3147 3127//3127 
f 3147//3147 3148//3148 3127//3127 
f 3127//3127 3148//3148 3128//3128 
f 3148//3148 3149//3149 3128//3128 
f 3128//3128 3149//3149 3129//3129 
f 3149//3149 3150//3150 3129//3129 
f 3129//3129 3150//3150 3130//3130 
f 3150//3150 3151//3151 3130//3130 
f 3130//3130 3151//3151 3131//3131 
f 3151//3151 3152//3152 3131//3131 
f 3131//3131 3152//3152 3132//3132 
f 3152//3152 3153//3153 3132//3132 
f 3132//3132 3153//3153 3133//3133 
f 3153//3153 3154//3154 3133//3133 
f 3133//3133 3154//3154 3134//3134 
f 3154//3154 3155//3155 3134//3134 
f 3134//3134 3155//3155 3135//3135 
f 3155//3155 3156//3156 3135//3135 
f 3135//3135 3156//3156 3136//3136 
f 3156//3156 3157//3157 3136//3136 
f 3136//3136 3157//3157 3137//3137 
f 3157//3157 3158//3158 3137//3137 
f 3137//3137 3158//3158 3143//3143 
f 3158//3158 3159//3159 3143//3143 
f 3143//3143 3159//3159 3160//3160 
f 3159//3159 3161//3161 3160//3160 
f 3160//3160 3161//3161 3162//3162 
f 3161//3161 3163//3163 3162//3162 
f 3162//3162 3163//3163 3164//3164 
f 3163//3163 3165//3165 3164//3164 
f 3164//3164 3165//3165 3166//3166 
f 3165//3165 3167//3167 3166//3166 
f 3166//3166 3167//3167 3168//3168 
f 3167//3167 3168//3168 3168//3168 
f 3168//3168 3168//3168 3143//3143 
f 3168//3168 3143//3143 3143//3143 
f 3143//3143 3143//3143 3143//3143 
f 3143//3143 3160//3160 3143//3143 
f 3143//3143 3160//3160 3144//3144 
f 3160//3160 3169//3169 3144//3144 
f 3144//3144 3169//3169 3145//3145 
f 3169//3169 3170//3170 3145//3145 
f 3145//3145 3170//3170 3146//3146 
f 3170//3170 3171//3171 3146//3146 
f 3146//3146 3171//3171 3147//3147 
f 3171//3171 3172//3172 3147//3147 
f 3147//3147 3172//3172 3148//3148 
f 3172//3172 3173//3173 3148//3148 
f 3148//3148 3173//3173 3149//3149 
f 3173//3173 3174//3174 3149//3149 
f 3149//3149 3174//3174 3150//3150 
f 3174//3174 3175//3175 3150//3150 
f 3150//3150 3175//3175 3151//3151 
f 3175//3175 3176//3176 3151//3151 
f 3151//3151 3176//3176 3152//3152 
f 3176//3176 3177//3177 3152//3152 
f 3152//3152 3177//3177 3153//3153 
f 3177//3177 3178//3178 3153//3153 
f 3153//3153 3178//3178 3154//3154 
f 3178//3178 3179//3179 3154//3154 
f 3154//3154 3179//3179 3155//3155 
f 3179//3179 3180//3180 3155//3155 
f 3155//3155 3180//3180 3156//3156 
f 3180//3180 3181//3181 3156//3156 
f 3156//3156 3181//3181 3157//3157 
f 3181//3181 3182//3182 3157//3157 
f 3157//3157 3182//3182 3158//3158 
f 3182//3182 3159//3159 3158//3158 
f 3158//3158 3159//3159 3159//3159 
f 3159//3159 3160//3160 3159//3159 
f 3159//3159 3160//3160 3160//3160 
f 3160//3160 3162//3162 3160//3160 
f 3160//3160 3162//3162 3169//3169 
f 3162//3162 3183//3183 3169//3169 
f 3169//3169 3183//3183 3170//3170 
f 3183//3183 3184//3184 3170//3170 
f 3170//3170 3184//3184 3171//3171 
f 3184//3184 3185//3185 3171//3171 
f 3171//3171 3185//3185 3172//3172 
f 3185//3185 3186//3186 3172//3172 
f 3172//3172 3186//3186 3173//3173 
f 3186//3186 3187//3187 3173//3173 
f 3173//3173 3187//3187 3174//3174 
f 3187//3187 3188//3188 3174//3174 
f 3174//3174 3188//3188 3175//3175 
f 3188//3188 3189//3189 3175//3175 
f 3175//3175 3189//3189 3176//3176 
f 3189//3189 3190//3190 3176//3176 
f 3176//3176 3190//3190 3177//3177 
f 3190//3190 3191//3191 3177//3177 
f 3177//3177 3191//3191 3178//3178 
f 3191//3191 3192//3192 3178//3178 
f 3178//3178 3192//3192 3179//3179 
f 3192//3192 3193//3193 3179//3179 
f 3179//3179 3193//3193 3180//3180 
f 3193//3193 3194//3194 3180//3180 
f 3180//3180 3194//3194 3181//3181 
f 3194//3194 3195//3195 3181//3181 
f 3181//3181 3195//3195 3182//3182 
f 3195//3195 3196//3196 3182//3182 
f 3182//3182 3196//3196 3159//3159 
f 3196//3196 3161//3161 3159//3159 
f 3159//3159 3161//3161 3161//3161 
f 3161//3161 3162//3162 3161//3161 
f 3161//3161 3162//3162 3162//3162 
f 3162//3162 3164//3164 3162//3162 
f 3162//3162 3164//3164 3183//3183 
f 3164//3164 3197//3197 3183//3183 
f 3183//3183 3197//3197 3184//3184 
f 3197//3197 3198//3198 3184//3184 
f 3184//3184 3198//3198 3185//3185 
f 3198//3198 3199//3199 3185//3185 
f 3185//3185 3199//3199 3186//3186 
f 3199//3199 3200//3200 3186//3186 
f 3186//3186 3200//3200 3187//3187 
f 3200//3200 3201//3201 3187//3187 
f 3187//3187 3201//3201 3188//3188 
f 3201//3201 3202//3202 3188//3188 
f 3188//3188 3202//3202 3189//3189 
f 3202//3202 3203//3203 3189//3189 
f 3189//3189 3203//3203 3190//3190 
f 3203//3203 3204//3204 3190//3190 
f 3190//3190 3204//3204 3191//3191 
f 3204//3204 3205//3205 3191//3191 
f 3191//3191 3205//3205 3192//3192 
f 3205//3205 3206//3206 3192//3192 
f 3192//3192 3206//3206 3193//3193 
f 3206//3206 3207//3207 3193//3193 
f 3193//3193 3207//3207 3194//3194 
f 3207//3207 3208//3208 3194//3194 
f 3194//3194 3208//3208 3195//3195 
f 3208//3208 3209//3209 3195//3195 
f 3195//3195 3209//3209 3196//3196 
f 3209//3209 3210//3210 3196//3196 
f 3196//3196 3210//3210 3161//3161 
f 3210//3210 3163//3163 3161//3161 
f 3161//3161 3163//3163 3163//3163 
f 3163//3163 3164//3164 3163//3163 
f 3163//3163 3164//3164 3164//3164 
f 3164//3164 3166//3166 3164//3164 
f 3164//3164 3166//3166 3197//3197 
f 3166//3166 3211//3211 3197//3197 
f 3197//3197 3211//3211 3198//3198 
f 3211//3211 3212//3212 3198//3198 
f 3198//3198 3212//3212 3199//3199 
f 3212//3212 3213//3213 3199//3199 
f 3199//3199 3213//3213 3200//3200 
f 3213//3213 3214//3214 3200//3200 
f 3200//3200 3214//3214 3201//3201 
f 3214//3214 3215//3215 3201//3201 
f 3201//3201 3215//3215 3202//3202 
f 3215//3215 3216//3216 3202//3202 
f 3202//3202 3216//3216 3203//3203 
f 3216//3216 3217//3217 3203//3203 
f 3203//3203 3217//3217 3204//3204 
f 3217//3217 3218//3218 3204//3204 
f 3204//3204 3218//3218 3205//3205 
f 3218//3218 3219//3219 3205//3205 
f 3205//3205 3219//3219 3206//3206 
f 3219//3219 3220//3220 3206//3206 
f 3206//3206 3220//3220 3207//3207 
f 3220//3220 3221//3221 3207//3207 
f 3207//3207 3221//3221 3208//3208 
f 3221//3221 3222//3222 3208//3208 
f 3208//3208 3222//3222 3209//3209 
f 3222//3222 3223//3223 3209//3209 
f 3209//3209 3223//3223 3210//3210 
f 3223//3223 3224//3224 3210//3210 
f 3210//3210 3224//3224 3163//3163 
f 3224//3224 3165//3165 3163//3163 
f 3163//3163 3165//3165 3165//3165 
f 3165//3165 3166//3166 3165//3165 
f 3165//3165 3166//3166 3166//3166 
f 3166//3166 3168//3168 3166//3166 
f 3166//3166 3168//3168 3211//3211 
f 3168//3168 3225//3225 3211//3211 
f 3211//3211 3225//3225 3212//3212 
f 3225//3225 3226//3226 3212//3212 
f 3212//3212 3226//3226 3213//3213 
f 3226//3226 3227//3227 3213//3213 
f 3213//3213 3227//3227 3214//3214 
f 3227//3227 3228//3228 3214//3214 
f 3214//3214 3228//3228 3215//3215 
f 3228//3228 3229//3229 3215//3215 
f 3215//3215 3229//3229 3216//3216 
f 3229//3229 3230//3230 3216//3216 
f 3216//3216 3230//3230 3217//3217 
f 3230//3230 3231//3231 3217//3217 
f 3217//3217 3231//3231 3218//3218 
f 3231//3231 3232//3232 3218//3218 
f 3218//3218 3232//3232 3219//3219 
f 3232//3232 3233//3233 3219//3219 
f 3219//3219 3233//3233 3220//3220 
f 3233//3233 3234//3234 3220//3220 
f 3220//3220 3234//3234 3221//3221 
f 3234//3234 3235//3235 3221//3221 
f 3221//3221 3235//3235 3222//3222 
f 3235//3235 3236//3236 3222//3222 
f 3222//3222 3236//3236 3223//3223 
f 3236//3236 3237//3237 3223//3223 
f 3223//3223 3237//3237 3224//3224 
f 3237//3237 3238//3238 3224//3224 
f 3224//3224 3238//3238 3167//3167 
f 3238//3238 3167//3167 3167//3167 
f 3167//3167 3167//3167 3239//3239 
f 3167//3167 3239//3239 3239//3239 
f 3239//3239 3239//3239 3239//3239 
f 3239//3239 3240//3240 3239//3239 
f 3239//3239 3240//3240 3241//3241 
f 3240//3240 3242//3242 3241//3241 
f 3241//3241 3242//3242 3243//3243 
f 3242//3242 3244//3244 3243//3243 
f 3243//3243 3244//3244 3245//3245 
f 3244//3244 3246//3246 3245//3245 
f 3245//3245 3246//3246 3247//3247 
f 3246//3246 3248//3248 3247//3247 
f 3247//3247 3248//3248 3249//3249 
f 3248//3248 3250//3250 3249//3249 
f 3249//3249 3250//3250 3251//3251 
f 3250//3250 3252//3252 3251//3251 
f 3251//3251 3252//3252 3253//3253 
f 3252//3252 3254//3254 3253//3253 
f 3253//3253 3254//3254 3255//3255 
f 3254//3254 3256//3256 3255//3255 
f 3255//3255 3256//3256 3257//3257 
f 3256//3256 3258//3258 3257//3257 
f 3257//3257 3258//3258 3259//3259 
f 3258//3258 3260//3260 3259//3259 
f 3259//3259 3260//3260 3261//3261 
f 3260//3260 3262//3262 3261//3261 
f 3261//3261 3262//3262 3263//3263 
f 3262//3262 3264//3264 3263//3263 
f 3263//3263 3264//3264 3265//3265 
f 3264//3264 3266//3266 3265//3265 
f 3265//3265 3266//3266 3267//3267 
f 3266//3266 3268//3268 3267//3267 
f 3267//3267 3268//3268 3269//3269 
f 3268//3268 3270//3270 3269//3269 
f 3269//3269 3270//3270 3239//3239 
f 3270//3270 3240//3240 3239//3239 
f 3239//3239 3240//3240 3240//3240 
f 3240//3240 3270//3270 3240//3240 
f 3240//3240 3270//3270 3270//3270 
f 3270//3270 3271//3271 3270//3270 
f 3270//3270 3271//3271 3240//3240 
f 3271//3271 3272//3272 3240//3240 
f 3240//3240 3272//3272 3242//3242 
f 3272//3272 3273//3273 3242//3242 
f 3242//3242 3273//3273 3244//3244 
f 3273//3273 3274//3274 3244//3244 
f 3244//3244 3274//3274 3246//3246 
f 3274//3274 3275//3275 3246//3246 
f 3246//3246 3275//3275 3248//3248 
f 3275//3275 3276//3276 3248//3248 
f 3248//3248 3276//3276 3250//3250 
f 3276//3276 3277//3277 3250//3250 
f 3250//3250 3277//3277 3252//3252 
f 3277//3277 3278//3278 3252//3252 
f 3252//3252 3278//3278 3254//3254 
f 3278//3278 3279//3279 3254//3254 
f 3254//3254 3279//3279 3256//3256 
f 3279//3279 3280//3280 3256//3256 
f 3256//3256 3280//3280 3258//3258 
f 3280//3280 3281//3281 3258//3258 
f 3258//3258 3281//3281 3260//3260 
f 3281//3281 3282//3282 3260//3260 
f 3260//3260 3282//3282 3262//3262 
f 3282//3282 3283//3283 3262//3262 
f 3262//3262 3283//3283 3264//3264 
f 3283//3283 3284//3284 3264//3264 
f 3264//3264 3284//3284 3266//3266 
f 3284//3284 3285//3285 3266//3266 
f 3266//3266 3285//3285 3268//3268 
f 3285//3285 3286//3286 3268//3268 
f 3268//3268 3286//3286 3270//3270 
f 3286//3286 3271//3271 3270//3270 
f 3270//3270 3271//3271 3271//3271 
f 3271//3271 3272//3272 3271//3271 
f 3271//3271 3272//3272 3272//3272 
f 3272//3272 3287//3287 3272//3272 
f 3272//3272 3287//3287 3273//3273 
f 3287//3287 3288//3288 3273//3273 
f 3273//3273 3288//3288 3274//3274 
f 3288//3288 3289//3289 3274//3274 
f 3274//3274 3289//3289 3275//3275 
f 3289//3289 3290//3290 3275//3275 
f 3275//3275 3290//3290 3276//3276 
f 3290//3290 3291//3291 3276//3276 
f 3276//3276 3291//3291 3277//3277 
f 3291//3291 3292//3292 3277//3277 
f 3277//3277 3292//3292 3278//3278 
f 3292//3292 3293//3293 3278//3278 
f 3278//3278 3293//3293 3279//3279 
f 3293//3293 3294//3294 3279//3279 
f 3279//3279 3294//3294 3280//3280 
f 3294//3294 3295//3295 3280//3280 
f 3280//3280 3295//3295 3281//3281 
f 3295//3295 3296//3296 3281//3281 
f 3281//3281 3296//3296 3282//3282 
f 3296//3296 3297//3297 3282//3282 
f 3282//3282 3297//3297 3283//3283 
f 3297//3297 3298//3298 3283//3283 
f 3283//3283 3298//3298 3284//3284 
f 3298//3298 3299//3299 3284//3284 
f 3284//3284 3299//3299 3285//3285 
f 3299//3299 3300//3300 3285//3285 
f 3285//3285 3300//3300 3286//3286 
f 3300//3300 3301//3301 3286//3286 
f 3286//3286 3301//3301 3271//3271 
f 3301//3301 3302//3302 3271//3271 
f 3271//3271 3302//3302 3287//3287 
f 3302//3302 3303//3303 3287//3287 
f 3287//3287 3303//3303 3304//3304 
f 3303//3303 3305//3305 3304//3304 
f 3304//3304 3305//3305 3306//3306 
f 3305//3305 3307//3307 3306//3306 
f 3306//3306 3307//3307 3308//3308 
f 3307//3307 3309//3309 3308//3308 
f 3308//3308 3309//3309 3310//3310 
f 3309//3309 3311//3311 3310//3310 
f 3310//3310 3311//3311 3312//3312 
f 3311//3311 3312//3312 3312//3312 
f 3312//3312 3312//3312 3287//3287 
f 3312//3312 3287//3287 3287//3287 
f 3287//3287 3287//3287 3287//3287 
f 3287//3287 3304//3304 3287//3287 
f 3287//3287 3304//3304 3288//3288 
f 3304//3304 3313//3313 3288//3288 
f 3288//3288 3313//3313 3289//3289 
f 3313//3313 3314//3314 3289//3289 
f 3289//3289 3314//3314 3290//3290 
f 3314//3314 3315//3315 3290//3290 
f 3290//3290 3315//3315 3291//3291 
f 3315//3315 3316//3316 3291//3291 
f 3291//3291 3316//3316 3292//3292 
f 3316//3316 3317//3317 3292//3292 
f 3292//3292 3317//3317 3293//3293 
f 3317//3317 3318//3318 3293//3293 
f 3293//3293 3318//3318 3294//3294 
f 3318//3318 3319//3319 3294//3294 
f 3294//3294 3319//3319 3295//3295 
f 3319//3319 3320//3320 3295//3295 
f 3295//3295 3320//3320 3296//3296 
f 3320//3320 3321//3321 3296//3296 
f 3296//3296 3321//3321 3297//3297 
f 3321//3321 3322//3322 3297//3297 
f 3297//3297 3322//3322 3298//3298 
f 3322//3322 3323//3323 3298//3298 
f 3298//3298 3323//3323 3299//3299 
f 3323//3323 3324//3324 3299//3299 
f 3299//3299 3324//3324 3300//3300 
f 3324//3324 3325//3325 3300//3300 
f 3300//3300 3325//3325 3301//3301 
f 3325//3325 3326//3326 3301//3301 
f 3301//3301 3326//3326 3302//3302 
f 3326//3326 3303//3303 3302//3302 
f 3302//3302 3303//3303 3303//3303 
f 3303//3303 3304//3304 3303//3303 
f 3303//3303 3304//3304 3304//3304 
f 3304//3304 3306//3306 3304//3304 
f 3304//3304 3306//3306 3313//3313 
f 3306//3306 3327//3327 3313//3313 
f 3313//3313 3327//3327 3314//3314 
f 3327//3327 3328//3328 3314//3314 
f 3314//3314 3328//3328 3315//3315 
f 3328//3328 3329//3329 3315//3315 
f 3315//3315 3329//3329 3316//3316 
f 3329//3329 3330//3330 3316//3316 
f 3316//3316 3330//3330 3317//3317 
f 3330//3330 3331//3331 3317//3317 
f 3317//3317 3331//3331 3318//3318 
f 3331//3331 3332//3332 3318//3318 
f 3318//3318 3332//3332 3319//3319 
f 3332//3332 3333//3333 3319//3319 
f 3319//3319 3333//3333 3320//3320 
f 3333//3333 3334//3334 3320//3320 
f 3320//3320 3334//3334 3321//3321 
f 3334//3334 3335//3335 3321//3321 
f 3321//3321 3335//3335 3322//3322 
f 3335//3335 3336//3336 3322//3322 
f 3322//3322 3336//3336 3323//3323 
f 3336//3336 3337//3337 3323//3323 
f 3323//3323 3337//3337 3324//3324 
f 3337//3337 3338//3338 3324//3324 
f 3324//3324 3338//3338 3325//3325 
f 3338//3338 3339//3339 3325//3325 
f 3325//3325 3339//3339 3326//3326 
f 3339//3339 3340//3340 3326//3326 
f 3326//3326 3340//3340 3303//3303 
f 3340//3340 3305//3305 3303//3303 
f 3303//3303 3305//3305 3305//3305 
f 3305//3305 3306//3306 3305//3305 
f 3305//3305 3306//3306 3306//3306 
f 3306//3306 3308//3308 3306//3306 
f 3306//3306 3308//3308 3327//3327 
f 3308//3308 3341//3341 3327//3327 
f 3327//3327 3341//3341 3328//3328 
f 3341//3341 3342//3342 3328//3328 
f 3328//3328 3342//3342 3329//3329 
f 3342//3342 3343//3343 3329//3329 
f 3329//3329 3343//3343 3330//3330 
f 3343//3343 3344//3344 3330//3330 
f 3330//3330 3344//3344 3331//3331 
f 3344//3344 3345//3345 3331//3331 
f 3331//3331 3345//3345 3332//3332 
f 3345//3345 3346//3346 3332//3332 
f 3332//3332 3346//3346 3333//3333 
f 3346//3346 3347//3347 3333//3333 
f 3333//3333 3347//3347 3334//3334 
f 3347//3347 3348//3348 3334//3334 
f 3334//3334 3348//3348 3335//3335 
f 3348//3348 3349//3349 3335//3335 
f 3335//3335 3349//3349 3336//3336 
f 3349//3349 3350//3350 3336//3336 
f 3336//3336 3350//3350 3337//3337 
f 3350//3350 3351//3351 3337//3337 
f 3337//3337 3351//3351 3338//3338 
f 3351//3351 3352//3352 3338//3338 
f 3338//3338 3352//3352 3339//3339 
f 3352//3352 3353//3353 3339//3339 
f 3339//3339 3353//3353 3340//3340 
f 3353//3353 3354//3354 3340//3340 
f 3340//3340 3354//3354 3305//3305 
f 3354//3354 3307//3307 3305//3305 
f 3305//3305 3307//3307 3307//3307 
f 3307//3307 3308//3308 3307//3307 
f 3307//3307 3308//3308 3308//3308 
f 3308//3308 3310//3310 3308//3308 
f 3308//3308 3310//3310 3341//3341 
f 3310//3310 3355//3355 3341//3341 
f 3341//3341 3355//3355 3342//3342 
f 3355//3355 3356//3356 3342//3342 
f 3342//3342 3356//3356 3343//3343 
f 3356//3356 3357//3357 3343//3343 
f 3343//3343 3357//3357 3344//3344 
f 3357//3357 3358//3358 3344//3344 
f 3344//3344 3358//3358 3345//3345 
f 3358//3358 3359//3359 3345//3345 
f 3345//3345 3359//3359 3346//3346 
f 3359//3359 3360//3360 3346//3346 
f 3346//3346 3360//3360 3347//3347 
f 3360//3360 3361//3361 3347//3347 
f 3347//3347 3361//3361 3348//3348 
f 3361//3361 3362//3362 3348//3348 
f 3348//3348 3362//3362 3349//3349 
f 3362//3362 3363//3363 3349//3349 
f 3349//3349 3363//3363 3350//3350 
f 3363//3363 3364//3364 3350//3350 
f 3350//3350 3364//3364 3351//3351 
f 3364//3364 3365//3365 3351//3351 
f 3351//3351 3365//3365 3352//3352 
f 3365//3365 3366//3366 3352//3352 
f 3352//3352 3366//3366 3353//3353 
f 3366//3366 3367//3367 3353//3353 
f 3353//3353 3367//3367 3354//3354 
f 3367//3367 3368//3368 3354//3354 
f 3354//3354 3368//3368 3307//3307 
f 3368//3368 3309//3309 3307//3307 
f 3307//3307 3309//3309 3309//3309 
f 3309//3309 3310//3310 3309//3309 
f 3309//3309 3310//3310 3310//3310 
f 3310//3310 3312//3312 3310//3310 
f 3310//3310 3312//3312 3355//3355 
f 3312//3312 3369//3369 3355//3355 
f 3355//3355 3369//3369 3356//3356 
f 3369//3369 3370//3370 3356//3356 
f 3356//3356 3370//3370 3357//3357 
f 3370//3370 3371//3371 3357//3357 
f 3357//3357 3371//3371 3358//3358 
f 3371//3371 3372//3372 3358//3358 
f 3358//3358 3372//3372 3359//3359 
f 3372//3372 3373//3373 3359//3359 
f 3359//3359 3373//3373 3360//3360 
f 3373//3373 3374//3374 3360//3360 
f 3360//3360 3374//3374 3361//3361 
f 3374//3374 3375//3375 3361//3361 
f 3361//3361 3375//3375 3362//3362 
f 3375//3375 3376//3376 3362//3362 
f 3362//3362 3376//3376 3363//3363 
f 3376//3376 3377//3377 3363//3363 
f 3363//3363 3377//3377 3364//3364 
f 3377//3377 3378//3378 3364//3364 
f 3364//3364 3378//3378 3365//3365 
f 3378//3378 3379//3379 3365//3365 
f 3365//3365 3379//3379 3366//3366 
f 3379//3379 3380//3380 3366//3366 
f 3366//3366 3380//3380 3367//3367 
f 3380//3380 3381//3381 3367//3367 
f 3367//3367 3381//3381 3368//3368 
f 3381//3381 3382//3382 3368//3368 
f 3368//3368 3382//3382 3311//3311 
f 2703//2703 2701//2701 2764//2764 
f 2693//2693 2664//2664 2663//2663 
f 51//51 67//67 3383//3383 
f 2565//2565 2567//2567 2566//2566 
f 2591//2591 2589//2589 2648//2648 
f 118//118 134//134 3384//3384 
f 305//305 322//322 308//308 
f 2988//2988 2986//2986 3050//3050 
f 2994//2994 2952//2952 2951//2951 
f 606//606 623//623 609//609 
f 2134//2134 2135//2135 2119//2119 
f 2159//2159 2157//2157 2216//2216 
f 1548//1548 1559//1559 1549//1549 
f 1583//1583 1581//1581 1640//1640 
f 792//792 808//808 3385//3385 
f 502//502 519//519 505//505 
f 3271//3271 3287//3287 3272//3272 
f 3311//3311 3309//3309 3368//3368 
f 1414//1414 1415//1415 1399//1399 
f 1439//1439 1437//1437 1496//1496 
f 216//216 232//232 3386//3386 
f 2275//2275 2279//2279 2276//2276 
f 2303//2303 2301//2301 2360//2360 
f 3137//3137 3143//3143 3138//3138 
f 3167//3167 3165//3165 3224//3224 
f 688//688 704//704 3387//3387 
f 2422//2422 2423//2423 2407//2407 
f 2447//2447 2445//2445 2504//2504 
f 859//859 875//875 3388//3388 
f 2857//2857 2850//2850 2944//2944 
f 2809//2809 2833//2833 2807//2807 
f 1062//1062 1078//1078 3389//3389 
f 912//912 929//929 915//915 
f 1676//1676 1674//1674 1746//1746 
f 1698//1698 1656//1656 1655//1655 
f 1125//1125 1127//1127 1126//1126 
f 1151//1151 1149//1149 1208//1208 
f 283//283 299//299 3390//3390 
f 1258//1258 1271//1271 1259//1259 
f 1295//1295 1293//1293 1352//1352 
f 1820//1820 1819//1819 1921//1921 
f 1836//1836 1829//1829 1895//1895 
f 1814//1814 1812//1812 1894//1894 
f 1803//1803 1805//1805 1828//1828 
f 418//418 434//434 3391//3391 
f 1964//1964 1962//1962 2034//2034 
f 1986//1986 1944//1944 1943//1943 
f 584//584 600//600 3392//3392 

