mtllib model_34.mtl
o model_34
v -22.42896270751953 9.043317794799805 10.098695755004883 
v -22.486095428466797 9.045127868652344 10.16771411895752 
v -22.428377151489258 9.225624084472656 10.099136352539062 
v -22.48649787902832 9.22865104675293 10.167420387268066 
v -22.43031883239746 9.230270385742188 10.09761905670166 
v -25.153076171875 9.227827072143555 13.481329917907715 
v -25.208267211914062 9.229637145996094 13.551865577697754 
v -25.156665802001953 9.231444358825684 13.4783935546875 
v -25.21544647216797 9.23239803314209 13.536544799804688 
v -25.163917541503906 9.232392311096191 13.472518920898438 
v -25.270782470703125 9.225488662719727 13.491658210754395 
v -25.219253540039062 9.225480079650879 13.427633285522461 
v -27.1096134185791 9.224586486816406 11.893173217773438 
v -25.21994972229004 9.233039855957031 13.542369842529297 
v -25.2691707611084 9.226714134216309 13.502476692199707 
v -27.21820068359375 9.2252197265625 11.920389175415039 
v -9.177955627441406 7.735310077667236 29.679012298583984 
v -11.350603103637695 7.735255241394043 30.315401077270508 
v -9.16495418548584 7.735310077667236 29.723360061645508 
v -11.294533729553223 7.735255241394043 30.34712028503418 
v -10.203027725219727 7.735260963439941 34.07357406616211 
v -10.233131408691406 7.735260963439941 34.13059997558594 
v -8.073448181152344 7.735315799713135 33.44981384277344 
v -8.060446739196777 7.735315799713135 33.49420928955078 
v -25.208267211914062 9.229637145996094 13.551865577697754 
v -25.208267211914062 9.04396915435791 13.551865577697754 
v -25.205923080444336 9.230674743652344 13.557005882263184 
v -25.207937240600586 9.04129695892334 13.555341720581055 
v -25.212039947509766 9.041595458984375 13.54883098602295 
v -25.21994972229004 9.040556907653809 13.542418479919434 
v -25.163917541503906 9.041181564331055 13.472518920898438 
v -25.21921730041504 9.048079490661621 13.427633285522461 
v -25.2691707611084 9.046865463256836 13.502476692199707 
v -25.277191162109375 9.048493385314941 13.486420631408691 
v -27.218162536621094 9.047820091247559 11.920389175415039 
v -27.109577178955078 9.04843807220459 11.893173217773438 
v -25.271038055419922 9.044965744018555 13.504091262817383 
v -10.233131408691406 7.910946369171143 34.13059997558594 
v -11.350639343261719 7.910940647125244 30.315401077270508 
v -10.233131408691406 7.901501178741455 34.13059997558594 
v -11.350639343261719 7.901495456695557 30.315401077270508 
v -9.238309860229492 7.725864887237549 29.69668197631836 
v -11.350603103637695 7.7258100509643555 30.315401077270508 
v -9.233548164367676 7.726787090301514 29.6953125 
v -9.228384971618652 7.727593898773193 29.69379425048828 
v -9.177955627441406 7.735310077667236 29.679012298583984 
v -11.350603103637695 7.735255241394043 30.315401077270508 
v -9.222854614257812 7.728276252746582 29.69217872619629 
v -9.217031478881836 7.728819847106934 29.690465927124023 
v -9.210988998413086 7.729221343994141 29.688655853271484 
v -9.204726219177246 7.72947883605957 29.686843872070312 
v -9.198427200317383 7.729582786560059 29.68498420715332 
v -9.192091941833496 7.7295451164245605 29.683124542236328 
v -9.185792922973633 7.729345798492432 29.681312561035156 
v -9.17963981628418 7.729004859924316 29.679502487182617 
v -9.173707008361816 7.728527545928955 29.67778778076172 
v -9.16806697845459 7.908957481384277 29.676124572753906 
v -9.16806697845459 7.727903366088867 29.676124572753906 
v -9.16550350189209 7.727591037750244 29.67534065246582 
v -9.16550350189209 7.909278392791748 29.67534065246582 
v -9.16294002532959 7.909567356109619 29.674606323242188 
v -9.16294002532959 7.727298736572266 29.674606323242188 
v -9.160303115844727 7.909830570220947 29.673824310302734 
v -9.160303115844727 7.727030277252197 29.673824310302734 
v -9.1575927734375 7.910067558288574 29.67304039001465 
v -9.1575927734375 7.726792812347412 29.67304039001465 
v -9.15484619140625 7.910281658172607 29.672256469726562 
v -9.15484619140625 7.726579189300537 29.672256469726562 
v -9.15206241607666 7.9104695320129395 29.671424865722656 
v -9.15206241607666 7.7263970375061035 29.671424865722656 
v -9.149243354797363 7.910628318786621 29.67059326171875 
v -9.149243354797363 7.726237773895264 29.67059326171875 
v -9.14642333984375 7.91076135635376 29.669761657714844 
v -9.14638614654541 7.726107597351074 29.669761657714844 
v -9.143529891967773 7.9108567237854 29.668928146362305 
v -9.143529891967773 7.726006507873535 29.668928146362305 
v -9.140673637390137 7.910934925079346 29.6680965423584 
v -9.140636444091797 7.725931644439697 29.6680965423584 
v -9.13774299621582 7.910963535308838 29.66721534729004 
v -9.13774299621582 7.725896835327148 29.66721534729004 
v -9.13485050201416 7.9109954833984375 29.666383743286133 
v -9.13485050201416 7.725870609283447 29.666383743286133 
v -11.350639343261719 7.910940647125244 30.315401077270508 
v -9.155981063842773 7.910984039306641 29.672550201416016 
v -11.350639343261719 7.901495456695557 30.315401077270508 
v -9.157373428344727 7.910897254943848 29.672990798950195 
v -9.158801078796387 7.910769939422607 29.673383712768555 
v -9.160229682922363 7.910605430603027 29.673824310302734 
v -9.16165828704834 7.9104084968566895 29.67421531677246 
v -9.163049697875977 7.9101715087890625 29.67465591430664 
v -9.16440486907959 7.909908294677734 29.675046920776367 
v -9.16568660736084 7.909616470336914 29.675437927246094 
v -9.166932106018066 7.909298419952393 29.67578125 
v -9.177955627441406 7.90155029296875 29.679012298583984 
v -25.208267211914062 9.229637145996094 13.551865577697754 
v -25.153076171875 9.227827072143555 13.481329917907715 
v -25.208267211914062 9.04396915435791 13.551865577697754 
v -25.153406143188477 9.044303894042969 13.481036186218262 
v -22.486095428466797 9.045127868652344 10.16771411895752 
v -22.42896270751953 9.043317794799805 10.098695755004883 
v -22.489721298217773 9.041502952575684 10.164776802062988 
v -22.43636131286621 9.040175437927246 10.092723846435547 
v -22.49693489074707 9.040565490722656 10.158903121948242 
v -22.533374786376953 9.045408248901367 10.129338264465332 
v -22.433320999145508 9.038373947143555 10.091989517211914 
v -22.477598190307617 9.044783592224121 10.059243202209473 
v -22.500743865966797 9.047446250915527 10.049942016601562 
v -22.565162658691406 9.048079490661621 10.103492736816406 
v -24.442630767822266 9.047820091247559 8.579508781433105 
v -22.50901985168457 9.04743766784668 10.033740043640137 
v -24.43889617919922 9.047171592712402 8.467169761657715 
v -8.035799980163574 7.911038875579834 33.48701477050781 
v -8.034591674804688 7.911001205444336 33.48662185668945 
v -9.153307914733887 7.9110331535339355 29.671768188476562 
v -9.15206241607666 7.9109954833984375 29.671424865722656 
v -10.233131408691406 7.910946369171143 34.13059997558594 
v -8.038473129272461 7.910984039306641 33.487796783447266 
v -11.350639343261719 7.910940647125244 30.315401077270508 
v -9.155981063842773 7.910984039306641 29.672550201416016 
v -8.035799980163574 7.911038875579834 33.48701477050781 
v -8.037117958068848 7.9110331535339355 33.48735809326172 
v -9.153307914733887 7.9110331535339355 29.671768188476562 
v -9.154626846313477 7.911030292510986 29.67215919494629 
v -8.038106918334961 7.911001205444336 33.48765182495117 
v -8.038473129272461 7.910984039306641 33.487796783447266 
v -9.155981063842773 7.910984039306641 29.672550201416016 
v -8.039865493774414 7.910902976989746 33.488189697265625 
v -9.157373428344727 7.910897254943848 29.672990798950195 
v -8.041293144226074 7.910775661468506 33.488582611083984 
v -9.158801078796387 7.910769939422607 29.673383712768555 
v -8.04272174835205 7.910611152648926 33.48902130126953 
v -9.160229682922363 7.910605430603027 29.673824310302734 
v -8.044150352478027 7.910414218902588 33.489463806152344 
v -9.16165828704834 7.9104084968566895 29.67421531677246 
v -8.045541763305664 7.910177230834961 33.48985290527344 
v -9.163049697875977 7.9101715087890625 29.67465591430664 
v -8.046896934509277 7.909914493560791 33.4902458190918 
v -9.16440486907959 7.909908294677734 29.675046920776367 
v -9.16568660736084 7.909616470336914 29.675437927246094 
v -8.04821491241455 7.909616470336914 33.490638732910156 
v -9.166932106018066 7.909298419952393 29.67578125 
v -8.049423217773438 7.909304141998291 33.4909782409668 
v -9.16806697845459 7.908957481384277 29.676124572753906 
v -8.12080192565918 7.725870609283447 33.51188278198242 
v -8.116077423095703 7.726792812347412 33.5105094909668 
v -10.233131408691406 7.725815773010254 34.13059997558594 
v -8.110913276672363 7.727599620819092 33.508995056152344 
v -8.060446739196777 7.735315799713135 33.49420928955078 
v -8.105382919311523 7.728276252746582 33.50737762451172 
v -8.099559783935547 7.728819847106934 33.50566482543945 
v -8.093481063842773 7.729227542877197 33.503902435302734 
v -8.087254524230957 7.729484558105469 33.50204086303711 
v -8.08091926574707 7.729588508605957 33.5002326965332 
v -8.074583053588867 7.7295451164245605 33.49837112426758 
v -8.068321228027344 7.72935152053833 33.49650955200195 
v -8.06216812133789 7.729010581970215 33.49470138549805 
v -8.056235313415527 7.728527545928955 33.49298858642578 
v -8.050559043884277 7.908963203430176 33.4913215637207 
v -8.060446739196777 7.901556015014648 33.49420928955078 
v -10.233131408691406 7.910946369171143 34.13059997558594 
v -10.233131408691406 7.901501178741455 34.13059997558594 
v -8.050559043884277 7.727909088134766 33.4913215637207 
v -8.0480318069458 7.727591037750244 33.4905891418457 
v -8.0480318069458 7.909278392791748 33.4905891418457 
v -8.045432090759277 7.909567356109619 33.48980712890625 
v -8.045432090759277 7.727304935455322 33.48980712890625 
v -8.042795181274414 7.909836292266846 33.48902130126953 
v -8.042795181274414 7.727035999298096 33.48902130126953 
v -8.040084838867188 7.910073280334473 33.48823928833008 
v -8.040084838867188 7.7267985343933105 33.48823928833008 
v -8.037374496459961 7.910287380218506 33.487457275390625 
v -8.037374496459961 7.7265849113464355 33.487457275390625 
v -8.034591674804688 7.910475254058838 33.48662185668945 
v -8.034591674804688 7.7263970375061035 33.48662185668945 
v -8.031771659851074 7.9106340408325195 33.48579025268555 
v -8.031771659851074 7.726243495941162 33.48579025268555 
v -8.028914451599121 7.91076135635376 33.48495864868164 
v -8.028914451599121 7.726110458374023 33.48495864868164 
v -8.026058197021484 7.910862445831299 33.484127044677734 
v -8.026021957397461 7.726006507873535 33.484127044677734 
v -8.023164749145508 7.910934925079346 33.48329544067383 
v -8.023164749145508 7.725937366485596 33.48329544067383 
v -8.020235061645508 7.910984039306641 33.48241424560547 
v -8.020235061645508 7.725885391235352 33.48241424560547 
v -8.017341613769531 7.911001205444336 33.48158264160156 
v -27.218162536621094 9.032302856445312 11.920389175415039 
v -25.276569366455078 9.033257484436035 13.496455192565918 
v -27.218162536621094 9.047820091247559 11.920389175415039 
v -25.271038055419922 9.044965744018555 13.504091262817383 
v -25.2604923248291 9.033858299255371 13.509475708007812 
v -25.21994972229004 9.040556907653809 13.542418479919434 
v -25.198598861694336 9.032600402832031 13.559698104858398 
v -25.207937240600586 9.04129695892334 13.555341720581055 
v -25.189077377319336 9.033560752868652 13.56748104095459 
v -25.183767318725586 9.037232398986816 13.571739196777344 
v -25.205923080444336 9.230674743652344 13.557005882263184 
v -25.18380355834961 9.236372947692871 13.571739196777344 
v -25.189077377319336 9.240042686462402 13.567431449890137 
v -25.218887329101562 9.239706993103027 13.543299674987793 
v -25.21994972229004 9.233039855957031 13.542369842529297 
v -25.2607479095459 9.232077598571777 13.512511253356934 
v -25.260528564453125 9.240632057189941 13.509475708007812 
v -25.2766056060791 9.240325927734375 13.496455192565918 
v -25.2691707611084 9.226714134216309 13.502476692199707 
v -27.21820068359375 9.2252197265625 11.920389175415039 
v -27.21820068359375 9.24073600769043 11.920389175415039 
v -10.233131408691406 7.735260963439941 34.13059997558594 
v -11.350603103637695 7.735255241394043 30.315401077270508 
v -10.233131408691406 7.725815773010254 34.13059997558594 
v -11.350603103637695 7.7258100509643555 30.315401077270508 
v -22.48649787902832 9.22865104675293 10.167420387268066 
v -22.496971130371094 9.231767654418945 10.158854484558105 
v -22.43031883239746 9.230270385742188 10.09761905670166 
v -22.440683364868164 9.232392311096191 10.089200019836426 
v -22.496166229248047 9.225480079650879 10.044166564941406 
v -22.50718879699707 9.224441528320312 10.044754028320312 
v -24.438932418823242 9.22457218170166 8.467169761657715 
v -22.55227279663086 9.224852561950684 10.113967895507812 
v -24.44266700744629 9.22396183013916 8.579508781433105 
v -27.218162536621094 9.047820091247559 11.920389175415039 
v -24.43889617919922 9.047171592712402 8.467169761657715 
v -27.218162536621094 9.032302856445312 11.920389175415039 
v -24.43889617919922 9.031652450561523 8.467169761657715 
v -25.153406143188477 9.044303894042969 13.481036186218262 
v -25.208267211914062 9.04396915435791 13.551865577697754 
v -24.438932418823242 9.24008846282959 8.467169761657715 
v -24.438932418823242 9.22457218170166 8.467169761657715 
v -27.21820068359375 9.24073600769043 11.920389175415039 
v -27.21820068359375 9.2252197265625 11.920389175415039 
v -24.438932418823242 9.24008846282959 8.467169761657715 
v -22.509057998657227 9.240363121032715 10.033740043640137 
v -24.438932418823242 9.22457218170166 8.467169761657715 
v -22.496166229248047 9.225480079650879 10.044166564941406 
v -22.497337341308594 9.239684104919434 10.04323673248291 
v -22.481260299682617 9.233710289001465 10.056257247924805 
v -22.471372604370117 9.230209350585938 10.061102867126465 
v -22.44906997680664 9.237761497497559 10.082395553588867 
v -22.440683364868164 9.232392311096191 10.089200019836426 
v -22.43031883239746 9.230270385742188 10.09761905670166 
v -22.409809112548828 9.239394187927246 10.114261627197266 
v -22.4045352935791 9.235725402832031 10.118569374084473 
v -22.428377151489258 9.225624084472656 10.099136352539062 
v -22.402667999267578 9.041114807128906 10.120038032531738 
v -22.409809112548828 9.032913208007812 10.114261627197266 
v -22.419330596923828 9.03195858001709 10.106527328491211 
v -22.47269058227539 9.040290832519531 10.060026168823242 
v -22.449031829833984 9.034538269042969 10.082444190979004 
v -22.481224060058594 9.038582801818848 10.056257247924805 
v -22.50901985168457 9.04743766784668 10.033740043640137 
v -22.49730110168457 9.03260612487793 10.04323673248291 
v -24.43889617919922 9.047171592712402 8.467169761657715 
v -24.43889617919922 9.031652450561523 8.467169761657715 
v -9.13485050201416 7.9109954833984375 29.666383743286133 
v -8.017341613769531 7.911001205444336 33.48158264160156 
v -9.13485050201416 7.725870609283447 29.666383743286133 
v -8.017341613769531 7.725870609283447 33.48158264160156 
v -25.18380355834961 9.236372947692871 13.571739196777344 
v -25.181678771972656 9.04610538482666 13.573452949523926 
v -25.17593002319336 9.232053756713867 13.56860637664795 
v -25.175893783569336 9.041548728942871 13.56860637664795 
v -22.40589141845703 9.04090690612793 10.12693977355957 
v -25.183767318725586 9.037232398986816 13.571739196777344 
v -22.41277503967285 9.036246299743652 10.13144302368164 
v -22.413362503051758 9.032447814941406 10.120918273925781 
v -22.409809112548828 9.032913208007812 10.114261627197266 
v -22.419330596923828 9.03195858001709 10.106527328491211 
v -25.189077377319336 9.033560752868652 13.56748104095459 
v -25.198598861694336 9.032600402832031 13.559698104858398 
v -25.21409034729004 9.033233642578125 13.53762149810791 
v -22.449031829833984 9.034538269042969 10.082444190979004 
v -22.481224060058594 9.038582801818848 10.056257247924805 
v -25.2604923248291 9.033858299255371 13.509475708007812 
v -25.256317138671875 9.038466453552246 13.50335693359375 
v -25.271991729736328 9.032523155212402 13.490630149841309 
v -22.49730110168457 9.03260612487793 10.04323673248291 
v -22.507665634155273 9.031293869018555 10.04436206817627 
v -24.43889617919922 9.031652450561523 8.467169761657715 
v -27.218162536621094 9.032302856445312 11.920389175415039 
v -25.276569366455078 9.033257484436035 13.496455192565918 
v -24.442630767822266 9.047820091247559 8.579508781433105 
v -27.109577178955078 9.04843807220459 11.893173217773438 
v -22.402667999267578 9.041114807128906 10.120038032531738 
v -22.4027042388916 9.231201171875 10.120038032531738 
v -22.4045352935791 9.235725402832031 10.118569374084473 
v -25.18380355834961 9.236372947692871 13.571739196777344 
v -25.189077377319336 9.240042686462402 13.567431449890137 
v -22.409809112548828 9.239394187927246 10.114261627197266 
v -22.423139572143555 9.240949630737305 10.112939834594727 
v -22.44906997680664 9.237761497497559 10.082395553588867 
v -25.209218978881836 9.240363121032715 13.5315523147583 
v -25.260528564453125 9.240632057189941 13.509475708007812 
v -25.218887329101562 9.239706993103027 13.543299674987793 
v -25.19314193725586 9.241591453552246 13.554656028747559 
v -8.049423217773438 7.909304141998291 33.4909782409668 
v -8.04821491241455 7.909616470336914 33.490638732910156 
v -8.046896934509277 7.909914493560791 33.4902458190918 
v -8.045541763305664 7.910177230834961 33.48985290527344 
v -8.044150352478027 7.910414218902588 33.489463806152344 
v -8.04272174835205 7.910611152648926 33.48902130126953 
v -8.041293144226074 7.910775661468506 33.488582611083984 
v -8.039865493774414 7.910902976989746 33.488189697265625 
v -8.038473129272461 7.910984039306641 33.487796783447266 
v -9.177955627441406 7.90155029296875 29.679012298583984 
v -9.177955627441406 7.735310077667236 29.679012298583984 
v -9.16495418548584 7.90155029296875 29.723360061645508 
v -9.16495418548584 7.735310077667236 29.723360061645508 
v -22.481260299682617 9.233710289001465 10.056257247924805 
v -22.497337341308594 9.239684104919434 10.04323673248291 
v -25.271991729736328 9.241057395935059 13.490630149841309 
v -22.507701873779297 9.24099063873291 10.04436206817627 
v -27.21820068359375 9.24073600769043 11.920389175415039 
v -24.438932418823242 9.24008846282959 8.467169761657715 
v -22.509057998657227 9.240363121032715 10.033740043640137 
v -8.060446739196777 7.901556015014648 33.49420928955078 
v -8.073448181152344 7.901556015014648 33.44981384277344 
v -8.060446739196777 7.735315799713135 33.49420928955078 
v -8.073448181152344 7.735315799713135 33.44981384277344 
v -8.073448181152344 7.901556015014648 33.44981384277344 
v -8.060446739196777 7.901556015014648 33.49420928955078 
v -10.203027725219727 7.901501178741455 34.07357406616211 
v -10.233131408691406 7.901501178741455 34.13059997558594 
v -11.350639343261719 7.901495456695557 30.315401077270508 
v -11.294533729553223 7.901501178741455 30.34712028503418 
v -9.16495418548584 7.90155029296875 29.723360061645508 
v -25.2766056060791 9.240325927734375 13.496455192565918 
v -11.350603103637695 7.7258100509643555 30.315401077270508 
v -9.238309860229492 7.725864887237549 29.69668197631836 
v -10.233131408691406 7.725815773010254 34.13059997558594 
v -8.12080192565918 7.725870609283447 33.51188278198242 
v -9.233548164367676 7.726787090301514 29.6953125 
v -8.116077423095703 7.726792812347412 33.5105094909668 
v -9.228384971618652 7.727593898773193 29.69379425048828 
v -8.110913276672363 7.727599620819092 33.508995056152344 
v -9.222854614257812 7.728276252746582 29.69217872619629 
v -8.105382919311523 7.728276252746582 33.50737762451172 
v -9.217031478881836 7.728819847106934 29.690465927124023 
v -8.099559783935547 7.728819847106934 33.50566482543945 
v -9.210988998413086 7.729221343994141 29.688655853271484 
v -8.093481063842773 7.729227542877197 33.503902435302734 
v -9.204726219177246 7.72947883605957 29.686843872070312 
v -8.087254524230957 7.729484558105469 33.50204086303711 
v -9.198427200317383 7.729582786560059 29.68498420715332 
v -8.08091926574707 7.729588508605957 33.5002326965332 
v -9.192091941833496 7.7295451164245605 29.683124542236328 
v -8.074583053588867 7.7295451164245605 33.49837112426758 
v -9.185792922973633 7.729345798492432 29.681312561035156 
v -8.068321228027344 7.72935152053833 33.49650955200195 
v -9.17963981628418 7.729004859924316 29.679502487182617 
v -8.06216812133789 7.729010581970215 33.49470138549805 
v -9.173707008361816 7.728527545928955 29.67778778076172 
v -8.056235313415527 7.728527545928955 33.49298858642578 
v -9.16806697845459 7.727903366088867 29.676124572753906 
v -8.050559043884277 7.727909088134766 33.4913215637207 
v -9.16550350189209 7.727591037750244 29.67534065246582 
v -8.0480318069458 7.727591037750244 33.4905891418457 
v -9.16294002532959 7.727298736572266 29.674606323242188 
v -8.045432090759277 7.727304935455322 33.48980712890625 
v -9.160303115844727 7.727030277252197 29.673824310302734 
v -8.042795181274414 7.727035999298096 33.48902130126953 
v -9.1575927734375 7.726792812347412 29.67304039001465 
v -8.040084838867188 7.7267985343933105 33.48823928833008 
v -9.15484619140625 7.726579189300537 29.672256469726562 
v -8.037374496459961 7.7265849113464355 33.487457275390625 
v -9.15206241607666 7.7263970375061035 29.671424865722656 
v -8.034591674804688 7.7263970375061035 33.48662185668945 
v -9.149243354797363 7.726237773895264 29.67059326171875 
v -8.031771659851074 7.726243495941162 33.48579025268555 
v -9.14638614654541 7.726107597351074 29.669761657714844 
v -8.028914451599121 7.726110458374023 33.48495864868164 
v -9.143529891967773 7.726006507873535 29.668928146362305 
v -8.026021957397461 7.726006507873535 33.484127044677734 
v -9.140636444091797 7.725931644439697 29.6680965423584 
v -8.023164749145508 7.725937366485596 33.48329544067383 
v -9.13774299621582 7.725896835327148 29.66721534729004 
v -8.020235061645508 7.725885391235352 33.48241424560547 
v -9.13485050201416 7.725870609283447 29.666383743286133 
v -8.017341613769531 7.725870609283447 33.48158264160156 
v -8.050559043884277 7.908963203430176 33.4913215637207 
v -8.0480318069458 7.909278392791748 33.4905891418457 
v -9.16806697845459 7.908957481384277 29.676124572753906 
v -9.16550350189209 7.909278392791748 29.67534065246582 
v -8.045432090759277 7.909567356109619 33.48980712890625 
v -9.16294002532959 7.909567356109619 29.674606323242188 
v -8.042795181274414 7.909836292266846 33.48902130126953 
v -9.160303115844727 7.909830570220947 29.673824310302734 
v -8.040084838867188 7.910073280334473 33.48823928833008 
v -9.1575927734375 7.910067558288574 29.67304039001465 
v -8.037374496459961 7.910287380218506 33.487457275390625 
v -9.15484619140625 7.910281658172607 29.672256469726562 
v -8.034591674804688 7.910475254058838 33.48662185668945 
v -9.15206241607666 7.9104695320129395 29.671424865722656 
v -8.031771659851074 7.9106340408325195 33.48579025268555 
v -9.149243354797363 7.910628318786621 29.67059326171875 
v -8.028914451599121 7.91076135635376 33.48495864868164 
v -9.14642333984375 7.91076135635376 29.669761657714844 
v -8.026058197021484 7.910862445831299 33.484127044677734 
v -9.143529891967773 7.9108567237854 29.668928146362305 
v -8.023164749145508 7.910934925079346 33.48329544067383 
v -9.140673637390137 7.910934925079346 29.6680965423584 
v -9.13774299621582 7.910963535308838 29.66721534729004 
v -8.020235061645508 7.910984039306641 33.48241424560547 
v -9.13485050201416 7.9109954833984375 29.666383743286133 
v -8.017341613769531 7.911001205444336 33.48158264160156 
v -22.47269058227539 9.040290832519531 10.060026168823242 
v -22.50901985168457 9.04743766784668 10.033740043640137 
v -24.44266700744629 9.22396183013916 8.579508781433105 
v -27.1096134185791 9.224586486816406 11.893173217773438 
v -25.205923080444336 9.230674743652344 13.557005882263184 
v -22.4027042388916 9.231201171875 10.120038032531738 
v -22.402667999267578 9.041114807128906 10.120038032531738 
v -22.4045352935791 9.235725402832031 10.118569374084473 
v -22.471372604370117 9.230209350585938 10.061102867126465 
v -25.183767318725586 9.037232398986816 13.571739196777344 
v -25.181678771972656 9.04610538482666 13.573452949523926 
v -25.18380355834961 9.236372947692871 13.571739196777344 
v -9.177955627441406 7.90155029296875 29.679012298583984 
v -8.050559043884277 7.908963203430176 33.4913215637207 
v -10.233131408691406 7.735260963439941 34.13059997558594 
v -8.017341613769531 7.725870609283447 33.48158264160156 
v 23.385326385498047 5.12851095199585 -15.91100025177002 
v 22.924800872802734 5.129352569580078 -10.74342155456543 
v 23.385326385498047 5.146787643432617 -15.91100025177002 
v 22.924800872802734 5.1475090980529785 -10.74342155456543 
v 25.83917236328125 5.373688220977783 -10.479715347290039 
v 26.28938865661621 5.373568058013916 -15.631311416625977 
v 22.924800872802734 5.373327732086182 -10.74342155456543 
v 26.28938865661621 5.12814998626709 -15.631311416625977 
v 25.83917236328125 5.1295928955078125 -10.479715347290039 
v 22.924800872802734 5.129352569580078 -10.74342155456543 
v 23.385326385498047 5.12851095199585 -15.91100025177002 
v 26.28938865661621 5.12814998626709 -15.631311416625977 
v 22.924800872802734 5.129352569580078 -10.74342155456543 
v 26.28938865661621 5.373568058013916 -15.631311416625977 
v 23.385326385498047 5.372485637664795 -15.91100025177002 
v 22.924800872802734 5.373327732086182 -10.74342155456543 
v 25.983516693115234 5.363106727600098 -10.466397285461426 
v 25.983516693115234 5.140174388885498 -10.466397285461426 
v 26.442323684692383 5.139452934265137 -15.617993354797363 
v 25.983516693115234 5.363106727600098 -10.466397285461426 
v 26.442323684692383 5.139452934265137 -15.617993354797363 
v 26.44060516357422 5.362144947052002 -15.625984191894531 
v 26.27220344543457 5.147749900817871 -15.535418510437012 
v 26.299697875976562 5.14702844619751 -15.631311416625977 
v 23.45406150817871 5.1475090980529785 -15.799124717712402 
v 26.40108299255371 5.142218589782715 -15.628647804260254 
v 26.390771865844727 5.144382953643799 -15.524763107299805 
v 26.402801513671875 5.35565185546875 -15.628647804260254 
v 25.849483489990234 5.355411052703857 -10.57560920715332 
v 25.840890884399414 5.355411052703857 -10.479715347290039 
v 23.01243782043457 5.3543291091918945 -10.839315414428711 
v 25.942276000976562 5.142940044403076 -10.46107006072998 
v 25.942276000976562 5.3603410720825195 -10.46107006072998 
v 25.949148178100586 5.3581767082214355 -10.567617416381836 
v 25.832298278808594 5.14823055267334 -10.479715347290039 
v 25.849483489990234 5.147749900817871 -10.57560920715332 
v 22.924800872802734 5.1475090980529785 -10.74342155456543 
v 25.949148178100586 5.143421173095703 -10.567617416381836 
v 25.942276000976562 5.142940044403076 -10.46107006072998 
v 25.949148178100586 5.3581767082214355 -10.567617416381836 
v 26.291107177734375 5.354208946228027 -15.631311416625977 
v 26.291107177734375 5.354689598083496 -15.535418510437012 
v 23.385326385498047 5.3543291091918945 -15.91100025177002 
v 26.390771865844727 5.144382953643799 -15.524763107299805 
v 26.390771865844727 5.359138488769531 -15.524763107299805 
v 26.402801513671875 5.35565185546875 -15.628647804260254 
v 25.933683395385742 5.363467693328857 -10.567617416381836 
v 25.925090789794922 5.363587856292725 -10.471724510192871 
v 25.840890884399414 5.355411052703857 -10.479715347290039 
v 25.926809310913086 5.372846603393555 -10.482378959655762 
v 26.371870040893555 5.369840621948242 -15.6339750289917 
v 25.863229751586914 5.373207092285156 -10.469060897827148 
v 25.83917236328125 5.130434513092041 -10.471724510192871 
v 25.849483489990234 5.1441426277160645 -10.469060897827148 
v 22.924800872802734 5.1475090980529785 -10.74342155456543 
v 26.323755264282227 5.136687278747559 -15.636638641357422 
v 25.926809310913086 5.130434513092041 -10.471724510192871 
v 25.863229751586914 5.136567115783691 -10.477051734924316 
v 26.301416397094727 5.355411052703857 -15.639302253723145 
v 23.385326385498047 5.3543291091918945 -15.91100025177002 
v 26.28079605102539 5.372846603393555 -15.641965866088867 
v 25.863229751586914 5.373207092285156 -10.469060897827148 
v 26.371870040893555 5.369840621948242 -15.6339750289917 
v 26.323755264282227 5.365030765533447 -15.636638641357422 
v 26.416547775268555 5.128871440887451 -15.628647804260254 
v 25.926809310913086 5.130434513092041 -10.471724510192871 
v 26.371870040893555 5.131997585296631 -15.6339750289917 
v 26.44060516357422 5.139693260192871 -15.625984191894531 
v 26.40108299255371 5.142218589782715 -15.628647804260254 
v 26.402801513671875 5.35565185546875 -15.628647804260254 
v 23.01243782043457 5.14823055267334 -10.839315414428711 
v 23.385326385498047 5.146787643432617 -15.91100025177002 
v 22.924800872802734 5.1475090980529785 -10.74342155456543 
v 25.849483489990234 5.147749900817871 -10.57560920715332 
v 23.01243782043457 5.14823055267334 -10.839315414428711 
v 22.924800872802734 5.1475090980529785 -10.74342155456543 
v 23.01243782043457 5.14823055267334 -10.839315414428711 
v 23.45406150817871 5.1475090980529785 -15.799124717712402 
v 23.385326385498047 5.146787643432617 -15.91100025177002 
v 23.45406150817871 5.1475090980529785 -15.799124717712402 
v 26.299697875976562 5.14702844619751 -15.631311416625977 
v 23.385326385498047 5.146787643432617 -15.91100025177002 
v 23.01243782043457 5.3543291091918945 -10.839315414428711 
v 25.840890884399414 5.355411052703857 -10.479715347290039 
v 22.924800872802734 5.355170726776123 -10.74342155456543 
v 23.45406150817871 5.353607654571533 -15.799124717712402 
v 23.01243782043457 5.3543291091918945 -10.839315414428711 
v 22.924800872802734 5.355170726776123 -10.74342155456543 
v 26.291107177734375 5.354689598083496 -15.535418510437012 
v 23.45406150817871 5.353607654571533 -15.799124717712402 
v 23.385326385498047 5.3543291091918945 -15.91100025177002 
v 23.385326385498047 5.3543291091918945 -15.91100025177002 
v 23.45406150817871 5.353607654571533 -15.799124717712402 
v 22.924800872802734 5.355170726776123 -10.74342155456543 
v 25.863229751586914 5.131155967712402 -10.469060897827148 
v 25.956022262573242 5.12971305847168 -10.46107006072998 
v 25.923372268676758 5.13897180557251 -10.463733673095703 
v 25.943994522094727 5.1398138999938965 -10.458406448364258 
v 25.978361129760742 5.135124206542969 -10.458406448364258 
v 25.947429656982422 5.361543655395508 -10.458406448364258 
v 26.335784912109375 5.360942363739014 -15.639302253723145 
v 26.301416397094727 5.355411052703857 -15.639302253723145 
v 26.323755264282227 5.365030765533447 -15.636638641357422 
v 26.383899688720703 5.363467693328857 -15.631311416625977 
v 26.375307083129883 5.362746238708496 -15.527427673339844 
v 26.301416397094727 5.355411052703857 -15.639302253723145 
v 26.28079605102539 5.14702844619751 -15.641965866088867 
v 26.299697875976562 5.12971305847168 -15.639302253723145 
v 23.385326385498047 5.146787643432617 -15.91100025177002 
v 26.33406639099121 5.138731479644775 -15.639302253723145 
v 26.323755264282227 5.136687278747559 -15.636638641357422 
v 26.28079605102539 5.14702844619751 -15.641965866088867 
v 25.947429656982422 5.361543655395508 -10.458406448364258 
v 25.978361129760742 5.135124206542969 -10.458406448364258 
v 25.978361129760742 5.368156909942627 -10.458406448364258 
v 25.864948272705078 5.363106727600098 -10.466397285461426 
v 25.923372268676758 5.364309310913086 -10.463733673095703 
v 25.925090789794922 5.372125148773193 -10.463733673095703 
v 26.335784912109375 5.360942363739014 -15.639302253723145 
v 26.323755264282227 5.365030765533447 -15.636638641357422 
v 26.371870040893555 5.369840621948242 -15.6339750289917 
v 26.44060516357422 5.139693260192871 -15.625984191894531 
v 26.402801513671875 5.35565185546875 -15.628647804260254 
v 26.438886642456055 5.367435455322266 -15.625984191894531 
v 22.924800872802734 5.355170726776123 -10.74342155456543 
v 25.849483489990234 5.35685396194458 -10.471724510192871 
v 25.83917236328125 5.372846603393555 -10.471724510192871 
v 25.864948272705078 5.363106727600098 -10.466397285461426 
v 25.849483489990234 5.35685396194458 -10.471724510192871 
v 25.923372268676758 5.364309310913086 -10.463733673095703 
v 25.978361129760742 5.135124206542969 -10.458406448364258 
v 25.969768524169922 5.130795478820801 -10.458406448364258 
v 26.43201446533203 5.129472732543945 -15.617993354797363 
v 25.969768524169922 5.130795478820801 -10.458406448364258 
v 25.978361129760742 5.135124206542969 -10.458406448364258 
v 25.943994522094727 5.1398138999938965 -10.458406448364258 
v 22.924800872802734 5.129352569580078 -10.74342155456543 
v 25.83917236328125 5.130434513092041 -10.471724510192871 
v 22.924800872802734 5.1475090980529785 -10.74342155456543 
v 23.385326385498047 5.3543291091918945 -15.91100025177002 
v 22.924800872802734 5.373327732086182 -10.74342155456543 
v 23.385326385498047 5.372485637664795 -15.91100025177002 
v 23.385326385498047 5.3543291091918945 -15.91100025177002 
v 23.385326385498047 5.372485637664795 -15.91100025177002 
v 26.28079605102539 5.372846603393555 -15.641965866088867 
v 22.924800872802734 5.355170726776123 -10.74342155456543 
v 22.924800872802734 5.373327732086182 -10.74342155456543 
v 23.385326385498047 5.3543291091918945 -15.91100025177002 
v 22.924800872802734 5.355170726776123 -10.74342155456543 
v 25.83917236328125 5.372846603393555 -10.471724510192871 
v 22.924800872802734 5.373327732086182 -10.74342155456543 
v 26.299697875976562 5.12971305847168 -15.639302253723145 
v 23.385326385498047 5.12851095199585 -15.91100025177002 
v 23.385326385498047 5.146787643432617 -15.91100025177002 
v 25.863229751586914 5.373207092285156 -10.469060897827148 
v 26.299697875976562 5.372004985809326 -15.639302253723145 
v 25.83917236328125 5.373688220977783 -10.479715347290039 
v 25.849483489990234 5.35685396194458 -10.471724510192871 
v 25.864948272705078 5.363106727600098 -10.466397285461426 
v 25.83917236328125 5.372846603393555 -10.471724510192871 
v 25.863229751586914 5.131155967712402 -10.469060897827148 
v 25.923372268676758 5.13897180557251 -10.463733673095703 
v 25.849483489990234 5.1441426277160645 -10.469060897827148 
v 25.849483489990234 5.146427154541016 -10.471724510192871 
v 25.923372268676758 5.13897180557251 -10.463733673095703 
v 25.849483489990234 5.147749900817871 -10.57560920715332 
v 26.3203182220459 5.144623279571533 -15.532754898071289 
v 26.32891082763672 5.143901824951172 -15.636638641357422 
v 26.299697875976562 5.14702844619751 -15.631311416625977 
v 26.32891082763672 5.143901824951172 -15.636638641357422 
v 26.33406639099121 5.138731479644775 -15.639302253723145 
v 26.28079605102539 5.14702844619751 -15.641965866088867 
v 26.299697875976562 5.12971305847168 -15.639302253723145 
v 26.323755264282227 5.136687278747559 -15.636638641357422 
v 25.83917236328125 5.1295928955078125 -10.479715347290039 
v 26.323755264282227 5.136687278747559 -15.636638641357422 
v 26.299697875976562 5.12971305847168 -15.639302253723145 
v 26.28079605102539 5.14702844619751 -15.641965866088867 
v 26.323755264282227 5.136687278747559 -15.636638641357422 
v 25.863229751586914 5.136567115783691 -10.477051734924316 
v 25.83917236328125 5.1295928955078125 -10.479715347290039 
v 25.83917236328125 5.130434513092041 -10.471724510192871 
v 25.863229751586914 5.131155967712402 -10.469060897827148 
v 25.849483489990234 5.1441426277160645 -10.469060897827148 
v 25.969768524169922 5.372485637664795 -10.458406448364258 
v 25.978361129760742 5.368156909942627 -10.458406448364258 
v 26.438886642456055 5.367435455322266 -15.625984191894531 
v 25.947429656982422 5.361543655395508 -10.458406448364258 
v 25.978361129760742 5.368156909942627 -10.458406448364258 
v 25.969768524169922 5.372485637664795 -10.458406448364258 
v 25.863229751586914 5.373207092285156 -10.469060897827148 
v 26.323755264282227 5.365030765533447 -15.636638641357422 
v 26.299697875976562 5.372004985809326 -15.639302253723145 
v 26.323755264282227 5.365030765533447 -15.636638641357422 
v 26.301416397094727 5.355411052703857 -15.639302253723145 
v 26.299697875976562 5.372004985809326 -15.639302253723145 
v 25.978361129760742 5.135124206542969 -10.458406448364258 
v 26.438886642456055 5.1339216232299805 -15.607337951660156 
v 26.442323684692383 5.139452934265137 -15.617993354797363 
v 26.430295944213867 5.1300740242004395 -15.625984191894531 
v 26.39249038696289 5.136446952819824 -15.6339750289917 
v 26.44060516357422 5.139693260192871 -15.625984191894531 
v 25.923372268676758 5.13897180557251 -10.463733673095703 
v 25.956022262573242 5.12971305847168 -10.46107006072998 
v 25.943994522094727 5.1398138999938965 -10.458406448364258 
v 25.923372268676758 5.13897180557251 -10.463733673095703 
v 25.935401916503906 5.140174388885498 -10.463733673095703 
v 25.933683395385742 5.139693260192871 -10.567617416381836 
v 25.923372268676758 5.364309310913086 -10.463733673095703 
v 25.947429656982422 5.361543655395508 -10.458406448364258 
v 25.925090789794922 5.372125148773193 -10.463733673095703 
v 25.943994522094727 5.362385272979736 -10.567617416381836 
v 25.942276000976562 5.3603410720825195 -10.46107006072998 
v 25.925090789794922 5.363587856292725 -10.471724510192871 
v 26.385618209838867 5.140054225921631 -15.527427673339844 
v 26.390771865844727 5.138491153717041 -15.631311416625977 
v 26.375307083129883 5.13897180557251 -15.527427673339844 
v 25.942276000976562 5.3603410720825195 -10.46107006072998 
v 25.943994522094727 5.362385272979736 -10.567617416381836 
v 25.949148178100586 5.3581767082214355 -10.567617416381836 
v 25.926809310913086 5.372846603393555 -10.482378959655762 
v 26.416547775268555 5.373568058013916 -15.620656967163086 
v 26.371870040893555 5.369840621948242 -15.6339750289917 
v 26.399364471435547 5.361062526702881 -15.631311416625977 
v 26.371870040893555 5.369840621948242 -15.6339750289917 
v 26.430295944213867 5.371764183044434 -15.625984191894531 
v 25.957740783691406 5.374289512634277 -10.469060897827148 
v 26.416547775268555 5.373568058013916 -15.620656967163086 
v 25.926809310913086 5.372846603393555 -10.482378959655762 
v 25.925090789794922 5.372125148773193 -10.463733673095703 
v 25.947429656982422 5.361543655395508 -10.458406448364258 
v 25.969768524169922 5.372485637664795 -10.458406448364258 
v 26.375307083129883 5.362746238708496 -15.527427673339844 
v 26.291107177734375 5.354689598083496 -15.535418510437012 
v 26.291107177734375 5.354208946228027 -15.631311416625977 
v 26.44060516357422 5.139693260192871 -15.625984191894531 
v 26.39249038696289 5.136446952819824 -15.6339750289917 
v 26.40108299255371 5.142218589782715 -15.628647804260254 
v 26.385618209838867 5.140054225921631 -15.527427673339844 
v 26.40108299255371 5.142218589782715 -15.628647804260254 
v 26.390771865844727 5.138491153717041 -15.631311416625977 
v 25.923372268676758 5.13897180557251 -10.463733673095703 
v 25.933683395385742 5.139693260192871 -10.567617416381836 
v 25.849483489990234 5.147749900817871 -10.57560920715332 
v 26.438886642456055 5.367435455322266 -15.625984191894531 
v 26.399364471435547 5.361062526702881 -15.631311416625977 
v 26.430295944213867 5.371764183044434 -15.625984191894531 
v 25.969768524169922 5.372485637664795 -10.458406448364258 
v 26.438886642456055 5.367435455322266 -15.625984191894531 
v 26.430295944213867 5.371764183044434 -15.625984191894531 
v 26.383899688720703 5.363467693328857 -15.631311416625977 
v 26.399364471435547 5.361062526702881 -15.631311416625977 
v 26.375307083129883 5.362746238708496 -15.527427673339844 
v 26.399364471435547 5.361062526702881 -15.631311416625977 
v 26.383899688720703 5.363467693328857 -15.631311416625977 
v 26.371870040893555 5.369840621948242 -15.6339750289917 
v 25.849483489990234 5.355411052703857 -10.57560920715332 
v 25.933683395385742 5.363467693328857 -10.567617416381836 
v 25.840890884399414 5.355411052703857 -10.479715347290039 
v 26.399364471435547 5.361062526702881 -15.631311416625977 
v 26.390771865844727 5.359138488769531 -15.524763107299805 
v 26.375307083129883 5.362746238708496 -15.527427673339844 
v 26.375307083129883 5.13897180557251 -15.527427673339844 
v 26.390771865844727 5.138491153717041 -15.631311416625977 
v 26.3203182220459 5.144623279571533 -15.532754898071289 
v 26.416547775268555 5.128871440887451 -15.628647804260254 
v 25.956022262573242 5.12971305847168 -10.46107006072998 
v 25.926809310913086 5.130434513092041 -10.471724510192871 
v 25.926809310913086 5.130434513092041 -10.471724510192871 
v 25.956022262573242 5.12971305847168 -10.46107006072998 
v 25.863229751586914 5.131155967712402 -10.469060897827148 
v 25.98179817199707 5.14546537399292 -10.458406448364258 
v 25.983516693115234 5.140174388885498 -10.466397285461426 
v 25.983516693115234 5.363106727600098 -10.466397285461426 
v 25.983516693115234 5.140174388885498 -10.466397285461426 
v 25.978361129760742 5.135124206542969 -10.458406448364258 
v 26.442323684692383 5.139452934265137 -15.617993354797363 
v 25.935401916503906 5.140174388885498 -10.463733673095703 
v 25.949148178100586 5.143421173095703 -10.567617416381836 
v 25.933683395385742 5.139693260192871 -10.567617416381836 
v 26.416547775268555 5.128871440887451 -15.628647804260254 
v 26.43201446533203 5.129472732543945 -15.617993354797363 
v 25.956022262573242 5.12971305847168 -10.46107006072998 
v 26.430295944213867 5.1300740242004395 -15.625984191894531 
v 26.416547775268555 5.128871440887451 -15.628647804260254 
v 26.39249038696289 5.136446952819824 -15.6339750289917 
v 25.957740783691406 5.374289512634277 -10.469060897827148 
v 25.969768524169922 5.372485637664795 -10.458406448364258 
v 26.416547775268555 5.373568058013916 -15.620656967163086 
v 25.969768524169922 5.372485637664795 -10.458406448364258 
v 25.957740783691406 5.374289512634277 -10.469060897827148 
v 25.925090789794922 5.372125148773193 -10.463733673095703 
v 26.28938865661621 5.373568058013916 -15.631311416625977 
v 26.28079605102539 5.372846603393555 -15.641965866088867 
v 23.385326385498047 5.372485637664795 -15.91100025177002 
v 25.83917236328125 5.373688220977783 -10.479715347290039 
v 26.299697875976562 5.372004985809326 -15.639302253723145 
v 26.28938865661621 5.373568058013916 -15.631311416625977 
v 25.978361129760742 5.368156909942627 -10.458406448364258 
v 25.983516693115234 5.363106727600098 -10.466397285461426 
v 26.438886642456055 5.367435455322266 -15.625984191894531 
v 25.978361129760742 5.368156909942627 -10.458406448364258 
v 25.98179817199707 5.14546537399292 -10.458406448364258 
v 25.983516693115234 5.363106727600098 -10.466397285461426 
v 26.416547775268555 5.373568058013916 -15.620656967163086 
v 26.430295944213867 5.371764183044434 -15.625984191894531 
v 26.371870040893555 5.369840621948242 -15.6339750289917 
v 25.969768524169922 5.372485637664795 -10.458406448364258 
v 26.430295944213867 5.371764183044434 -15.625984191894531 
v 26.416547775268555 5.373568058013916 -15.620656967163086 
v 25.956022262573242 5.12971305847168 -10.46107006072998 
v 25.969768524169922 5.130795478820801 -10.458406448364258 
v 25.943994522094727 5.1398138999938965 -10.458406448364258 
v 26.43201446533203 5.129472732543945 -15.617993354797363 
v 25.969768524169922 5.130795478820801 -10.458406448364258 
v 25.956022262573242 5.12971305847168 -10.46107006072998 
v 25.83917236328125 5.1295928955078125 -10.479715347290039 
v 25.83917236328125 5.130434513092041 -10.471724510192871 
v 22.924800872802734 5.129352569580078 -10.74342155456543 
v 25.863229751586914 5.136567115783691 -10.477051734924316 
v 25.83917236328125 5.130434513092041 -10.471724510192871 
v 25.83917236328125 5.1295928955078125 -10.479715347290039 
v 26.438886642456055 5.1339216232299805 -15.607337951660156 
v 25.978361129760742 5.135124206542969 -10.458406448364258 
v 26.43201446533203 5.129472732543945 -15.617993354797363 
v 26.44060516357422 5.139693260192871 -15.625984191894531 
v 26.438886642456055 5.1339216232299805 -15.607337951660156 
v 26.430295944213867 5.1300740242004395 -15.625984191894531 
v 26.371870040893555 5.131997585296631 -15.6339750289917 
v 25.926809310913086 5.130434513092041 -10.471724510192871 
v 26.323755264282227 5.136687278747559 -15.636638641357422 
v 26.371870040893555 5.131997585296631 -15.6339750289917 
v 26.323755264282227 5.136687278747559 -15.636638641357422 
v 26.33406639099121 5.138731479644775 -15.639302253723145 
v 25.83917236328125 5.372846603393555 -10.471724510192871 
v 25.83917236328125 5.373688220977783 -10.479715347290039 
v 22.924800872802734 5.373327732086182 -10.74342155456543 
v 25.83917236328125 5.372846603393555 -10.471724510192871 
v 25.863229751586914 5.373207092285156 -10.469060897827148 
v 25.83917236328125 5.373688220977783 -10.479715347290039 
v 25.933683395385742 5.363467693328857 -10.567617416381836 
v 25.943994522094727 5.362385272979736 -10.567617416381836 
v 25.925090789794922 5.363587856292725 -10.471724510192871 
v 25.840890884399414 5.355411052703857 -10.479715347290039 
v 25.849483489990234 5.35685396194458 -10.471724510192871 
v 22.924800872802734 5.355170726776123 -10.74342155456543 
v 25.925090789794922 5.363587856292725 -10.471724510192871 
v 25.849483489990234 5.35685396194458 -10.471724510192871 
v 25.840890884399414 5.355411052703857 -10.479715347290039 
v 25.923372268676758 5.13897180557251 -10.463733673095703 
v 25.943994522094727 5.1398138999938965 -10.458406448364258 
v 25.935401916503906 5.140174388885498 -10.463733673095703 
v 25.942276000976562 5.142940044403076 -10.46107006072998 
v 25.943994522094727 5.1398138999938965 -10.458406448364258 
v 25.947429656982422 5.361543655395508 -10.458406448364258 
v 25.849483489990234 5.146427154541016 -10.471724510192871 
v 25.849483489990234 5.147749900817871 -10.57560920715332 
v 25.832298278808594 5.14823055267334 -10.479715347290039 
v 25.849483489990234 5.146427154541016 -10.471724510192871 
v 25.832298278808594 5.14823055267334 -10.479715347290039 
v 22.924800872802734 5.1475090980529785 -10.74342155456543 
v 26.39249038696289 5.136446952819824 -15.6339750289917 
v 26.33406639099121 5.138731479644775 -15.639302253723145 
v 26.32891082763672 5.143901824951172 -15.636638641357422 
v 26.3203182220459 5.144623279571533 -15.532754898071289 
v 26.390771865844727 5.138491153717041 -15.631311416625977 
v 26.32891082763672 5.143901824951172 -15.636638641357422 
v 25.935401916503906 5.140174388885498 -10.463733673095703 
v 25.942276000976562 5.142940044403076 -10.46107006072998 
v 25.949148178100586 5.143421173095703 -10.567617416381836 
v 25.935401916503906 5.140174388885498 -10.463733673095703 
v 25.943994522094727 5.1398138999938965 -10.458406448364258 
v 25.942276000976562 5.142940044403076 -10.46107006072998 
v 26.39249038696289 5.136446952819824 -15.6339750289917 
v 26.416547775268555 5.128871440887451 -15.628647804260254 
v 26.33406639099121 5.138731479644775 -15.639302253723145 
v 26.416547775268555 5.128871440887451 -15.628647804260254 
v 26.371870040893555 5.131997585296631 -15.6339750289917 
v 26.33406639099121 5.138731479644775 -15.639302253723145 
v 25.942276000976562 5.3603410720825195 -10.46107006072998 
v 25.947429656982422 5.361543655395508 -10.458406448364258 
v 25.923372268676758 5.364309310913086 -10.463733673095703 
v 25.942276000976562 5.3603410720825195 -10.46107006072998 
v 25.942276000976562 5.142940044403076 -10.46107006072998 
v 25.947429656982422 5.361543655395508 -10.458406448364258 
v 26.44060516357422 5.362144947052002 -15.625984191894531 
v 26.442323684692383 5.139452934265137 -15.617993354797363 
v 26.44060516357422 5.139693260192871 -15.625984191894531 
v 26.442323684692383 5.139452934265137 -15.617993354797363 
v 26.438886642456055 5.1339216232299805 -15.607337951660156 
v 26.44060516357422 5.139693260192871 -15.625984191894531 
v 25.849483489990234 5.1441426277160645 -10.469060897827148 
v 25.849483489990234 5.146427154541016 -10.471724510192871 
v 22.924800872802734 5.1475090980529785 -10.74342155456543 
v 25.849483489990234 5.1441426277160645 -10.469060897827148 
v 25.923372268676758 5.13897180557251 -10.463733673095703 
v 25.849483489990234 5.146427154541016 -10.471724510192871 
v 26.438886642456055 5.367435455322266 -15.625984191894531 
v 25.983516693115234 5.363106727600098 -10.466397285461426 
v 26.44060516357422 5.362144947052002 -15.625984191894531 
v 26.44060516357422 5.362144947052002 -15.625984191894531 
v 26.44060516357422 5.139693260192871 -15.625984191894531 
v 26.438886642456055 5.367435455322266 -15.625984191894531 
v 26.390771865844727 5.138491153717041 -15.631311416625977 
v 26.39249038696289 5.136446952819824 -15.6339750289917 
v 26.32891082763672 5.143901824951172 -15.636638641357422 
v 26.39249038696289 5.136446952819824 -15.6339750289917 
v 26.390771865844727 5.138491153717041 -15.631311416625977 
v 26.40108299255371 5.142218589782715 -15.628647804260254 
v 25.863229751586914 5.136567115783691 -10.477051734924316 
v 25.863229751586914 5.131155967712402 -10.469060897827148 
v 25.83917236328125 5.130434513092041 -10.471724510192871 
v 25.926809310913086 5.130434513092041 -10.471724510192871 
v 25.863229751586914 5.131155967712402 -10.469060897827148 
v 25.863229751586914 5.136567115783691 -10.477051734924316 
v 26.299697875976562 5.12971305847168 -15.639302253723145 
v 26.28938865661621 5.12814998626709 -15.631311416625977 
v 23.385326385498047 5.12851095199585 -15.91100025177002 
v 26.299697875976562 5.12971305847168 -15.639302253723145 
v 25.83917236328125 5.1295928955078125 -10.479715347290039 
v 26.28938865661621 5.12814998626709 -15.631311416625977 
v 26.402801513671875 5.35565185546875 -15.628647804260254 
v 26.390771865844727 5.359138488769531 -15.524763107299805 
v 26.399364471435547 5.361062526702881 -15.631311416625977 
v 26.402801513671875 5.35565185546875 -15.628647804260254 
v 26.399364471435547 5.361062526702881 -15.631311416625977 
v 26.438886642456055 5.367435455322266 -15.625984191894531 
v 26.299697875976562 5.14702844619751 -15.631311416625977 
v 26.28079605102539 5.14702844619751 -15.641965866088867 
v 23.385326385498047 5.146787643432617 -15.91100025177002 
v 26.299697875976562 5.14702844619751 -15.631311416625977 
v 26.32891082763672 5.143901824951172 -15.636638641357422 
v 26.28079605102539 5.14702844619751 -15.641965866088867 
v 26.3203182220459 5.144623279571533 -15.532754898071289 
v 26.299697875976562 5.14702844619751 -15.631311416625977 
v 26.27220344543457 5.147749900817871 -15.535418510437012 
v 26.438886642456055 5.1339216232299805 -15.607337951660156 
v 26.43201446533203 5.129472732543945 -15.617993354797363 
v 26.430295944213867 5.1300740242004395 -15.625984191894531 
v 26.430295944213867 5.1300740242004395 -15.625984191894531 
v 26.43201446533203 5.129472732543945 -15.617993354797363 
v 26.416547775268555 5.128871440887451 -15.628647804260254 
v 26.301416397094727 5.355411052703857 -15.639302253723145 
v 26.335784912109375 5.360942363739014 -15.639302253723145 
v 26.383899688720703 5.363467693328857 -15.631311416625977 
v 26.383899688720703 5.363467693328857 -15.631311416625977 
v 26.335784912109375 5.360942363739014 -15.639302253723145 
v 26.371870040893555 5.369840621948242 -15.6339750289917 
v 25.978361129760742 5.135124206542969 -10.458406448364258 
v 25.98179817199707 5.14546537399292 -10.458406448364258 
v 25.978361129760742 5.368156909942627 -10.458406448364258 
v 25.98179817199707 5.14546537399292 -10.458406448364258 
v 25.978361129760742 5.135124206542969 -10.458406448364258 
v 25.983516693115234 5.140174388885498 -10.466397285461426 
v 26.385618209838867 5.140054225921631 -15.527427673339844 
v 26.390771865844727 5.144382953643799 -15.524763107299805 
v 26.40108299255371 5.142218589782715 -15.628647804260254 
v 26.299697875976562 5.372004985809326 -15.639302253723145 
v 26.301416397094727 5.355411052703857 -15.639302253723145 
v 26.28079605102539 5.372846603393555 -15.641965866088867 
v 26.28938865661621 5.373568058013916 -15.631311416625977 
v 26.299697875976562 5.372004985809326 -15.639302253723145 
v 26.28079605102539 5.372846603393555 -15.641965866088867 
v 25.864948272705078 5.363106727600098 -10.466397285461426 
v 25.863229751586914 5.373207092285156 -10.469060897827148 
v 25.83917236328125 5.372846603393555 -10.471724510192871 
v 25.863229751586914 5.373207092285156 -10.469060897827148 
v 25.864948272705078 5.363106727600098 -10.466397285461426 
v 25.925090789794922 5.372125148773193 -10.463733673095703 
v 26.301416397094727 5.355411052703857 -15.639302253723145 
v 26.375307083129883 5.362746238708496 -15.527427673339844 
v 26.291107177734375 5.354208946228027 -15.631311416625977 
v 26.301416397094727 5.355411052703857 -15.639302253723145 
v 26.291107177734375 5.354208946228027 -15.631311416625977 
v 23.385326385498047 5.3543291091918945 -15.91100025177002 
v 25.942276000976562 5.3603410720825195 -10.46107006072998 
v 25.923372268676758 5.364309310913086 -10.463733673095703 
v 25.925090789794922 5.363587856292725 -10.471724510192871 
v 25.925090789794922 5.363587856292725 -10.471724510192871 
v 25.923372268676758 5.364309310913086 -10.463733673095703 
v 25.849483489990234 5.35685396194458 -10.471724510192871 
v 25.925090789794922 5.372125148773193 -10.463733673095703 
v 25.926809310913086 5.372846603393555 -10.482378959655762 
v 25.863229751586914 5.373207092285156 -10.469060897827148 
v 25.957740783691406 5.374289512634277 -10.469060897827148 
v 25.926809310913086 5.372846603393555 -10.482378959655762 
v 25.925090789794922 5.372125148773193 -10.463733673095703 
vn -0.7695841789245605 0.007555617485195398 -0.6385006904602051 
vn -0.7668240666389465 -1.5859693116085372e-13 -0.641857385635376 
vn -0.7667868733406067 -0.007551754824817181 -0.641857385635376 
vn -0.7609513998031616 -0.01888696849346161 -0.6485338807106018 
vn -0.6815558671951294 -0.46903160214424133 -0.5616858005523682 
vn -0.4956778883934021 -0.7881067991256714 -0.3649536371231079 
vn -0.24645712971687317 -0.9538164734840393 -0.17173540592193604 
vn -0.19135907292366028 -0.969285249710083 -0.15449213981628418 
vn 0.022644642740488052 -0.9993401765823364 0.028397228568792343 
vn 0.06601185351610184 -0.9963244199752808 0.05459024757146835 
vn -0.007551383227109909 -0.9999118447303772 0.010923261754214764 
vn 3.097898456858039e-13 -0.999997615814209 0.002184694167226553 
vn -0.007551815826445818 -0.9999691247940063 -0.002184694167226553 
vn -0.06974943727254868 -0.9908520579338074 0.11553031951189041 
vn -0.09614696353673935 -0.9870324730873108 0.12854042649269104 
vn -0.007551815826445818 -0.9999691247940063 0.002184694167226553 
vn -1.0341130485562108e-13 0.999997615814209 0.002184694167226553 
vn -1.0341130485562108e-13 0.999997615814209 0.002184694167226553 
vn -1.0341130485562108e-13 0.999997615814209 0.002184694167226553 
vn -1.0341130485562108e-13 0.999997615814209 0.002184694167226553 
vn -1.0341130485562108e-13 0.999997615814209 -0.002184694167226553 
vn -1.0341130485562108e-13 0.999997615814209 -0.002184694167226553 
vn -1.0341130485562108e-13 0.999997615814209 -0.002184694167226553 
vn -1.0341130485562108e-13 0.999997615814209 0.002184694167226553 
vn -0.9087973237037659 -0.0037715816870331764 0.417220801115036 
vn -0.9528617262840271 0.011325262486934662 0.30319350957870483 
vn -0.9542148113250732 0.007551176007837057 0.2990269064903259 
vn -0.9904197454452515 0.0603456050157547 0.1242060661315918 
vn -0.1913684904575348 0.9741711616516113 -0.11986933648586273 
vn 0.05844666808843613 0.9962807297706604 0.0633138045668602 
vn 0.015098875388503075 0.9995972514152527 0.024029340595006943 
vn -1.0341130485562108e-13 0.999997615814209 0.002184694167226553 
vn -0.15025517344474792 0.9631389379501343 0.22312943637371063 
vn -0.007551383227109909 0.9999118447303772 0.010923261754214764 
vn -0.0075516714714467525 0.9999499917030334 0.006554040592163801 
vn -0.007551815826445818 0.9999691247940063 -0.002184694167226553 
vn -0.386464387178421 0.7900731563568115 0.4758462607860565 
vn -0.9593175053596497 0.003771965391933918 0.28230419754981995 
vn -0.9593175053596497 0.003771965391933918 0.28230419754981995 
vn -0.9593175053596497 0.003771965391933918 0.28230419754981995 
vn -0.9593175053596497 0.003771965391933918 0.28230419754981995 
vn -0.28018221259117126 -0.003777990350499749 -0.9599394202232361 
vn -0.28018221259117126 0.003777990350499749 -0.9599394202232361 
vn -0.28018221259117126 0.003777990350499749 -0.9599394202232361 
vn -0.28018221259117126 0.003777990350499749 -0.9599394202232361 
vn -0.28018221259117126 0.003777990350499749 -0.9599394202232361 
vn -0.28018221259117126 0.003777990350499749 -0.9599394202232361 
vn -0.28018221259117126 -0.003777990350499749 -0.9599394202232361 
vn -0.28018221259117126 0.003777990350499749 -0.9599394202232361 
vn -0.28018221259117126 -0.003777990350499749 -0.9599394202232361 
vn -0.28018221259117126 0.003777990350499749 -0.9599394202232361 
vn -0.28018221259117126 0.003777990350499749 -0.9599394202232361 
vn -0.28018221259117126 0.003777990350499749 -0.9599394202232361 
vn -0.28018221259117126 -0.003777990350499749 -0.9599394202232361 
vn -0.28018221259117126 0.003777990350499749 -0.9599394202232361 
vn -0.28018221259117126 0.003777990350499749 -0.9599394202232361 
vn -0.28018221259117126 -0.003777990350499749 -0.9599394202232361 
vn -0.28018221259117126 0.003777990350499749 -0.9599394202232361 
vn -0.28018221259117126 0.003777990350499749 -0.9599394202232361 
vn -0.28018221259117126 0.003777990350499749 -0.9599394202232361 
vn -0.28018221259117126 0.003777990350499749 -0.9599394202232361 
vn -0.28018221259117126 0.003777990350499749 -0.9599394202232361 
vn -0.28018221259117126 0.003777990350499749 -0.9599394202232361 
vn -0.28018221259117126 0.003777990350499749 -0.9599394202232361 
vn -0.28018221259117126 0.003777990350499749 -0.9599394202232361 
vn -0.28018221259117126 0.003777990350499749 -0.9599394202232361 
vn -0.28018221259117126 0.003777990350499749 -0.9599394202232361 
vn -0.28018221259117126 0.003777990350499749 -0.9599394202232361 
vn -0.28018221259117126 0.003777990350499749 -0.9599394202232361 
vn -0.28018221259117126 0.003777990350499749 -0.9599394202232361 
vn -0.28018221259117126 0.003777990350499749 -0.9599394202232361 
vn -0.28018221259117126 -0.003777990350499749 -0.9599394202232361 
vn -0.28018221259117126 -0.003777990350499749 -0.9599394202232361 
vn -0.28018221259117126 -0.003777990350499749 -0.9599394202232361 
vn -0.28018221259117126 0.003777990350499749 -0.9599394202232361 
vn -0.28018221259117126 0.003777990350499749 -0.9599394202232361 
vn -0.28018221259117126 -0.003777990350499749 -0.9599394202232361 
vn -0.28018221259117126 -0.003777990350499749 -0.9599394202232361 
vn -0.28018221259117126 -0.003777990350499749 -0.9599394202232361 
vn -0.28018221259117126 -0.003777990350499749 -0.9599394202232361 
vn -0.28018221259117126 -0.003777990350499749 -0.9599394202232361 
vn -0.28018221259117126 -0.003777990350499749 -0.9599394202232361 
vn -0.28018221259117126 0.003777990350499749 -0.9599394202232361 
vn -0.28018221259117126 -0.003777990350499749 -0.9599394202232361 
vn -0.28018221259117126 -0.003777990350499749 -0.9599394202232361 
vn -0.28018221259117126 -0.003777990350499749 -0.9599394202232361 
vn -0.28018221259117126 0.003777990350499749 -0.9599394202232361 
vn -0.28018221259117126 -0.003777990350499749 -0.9599394202232361 
vn -0.28018221259117126 -0.003777990350499749 -0.9599394202232361 
vn -0.28018221259117126 -0.003777990350499749 -0.9599394202232361 
vn -0.28018221259117126 -0.003777990350499749 -0.9599394202232361 
vn -0.28018221259117126 0.003777990350499749 -0.9599394202232361 
vn -0.28018221259117126 0.003777990350499749 -0.9599394202232361 
vn -0.28018221259117126 0.003777990350499749 -0.9599394202232361 
vn -0.7887872457504272 -1.631394265554434e-13 -0.6146662831306458 
vn -0.7887872457504272 -1.631394265554434e-13 -0.6146662831306458 
vn -0.7887872457504272 -1.631394265554434e-13 -0.6146662831306458 
vn -0.7914654612541199 -1.633418606535736e-13 -0.6112139225006104 
vn -0.46578583121299744 0.786637008190155 -0.405272513628006 
vn 0.5432605743408203 0.20712046325206757 -0.8136147856712341 
vn -0.23368805646896362 0.9511435627937317 -0.2017817199230194 
vn 0.04528717324137688 0.9987804889678955 0.01966099627315998 
vn 0.05279320478439331 0.9977428913116455 0.04149730131030083 
vn 0.07354310154914856 0.995796799659729 0.05459024757146835 
vn 0.6428813338279724 0.14977769553661346 -0.7511792182922363 
vn 0.12053639441728592 0.9927064776420593 -0.002184694167226553 
vn 0.0075516714714467525 0.9999499917030334 -0.006554040592163801 
vn 0.0075516714714467525 0.9999499917030334 -0.006554040592163801 
vn -1.0340933296291988e-13 0.9999785423278809 -0.006554040592163801 
vn -1.0341130485562108e-13 0.999997615814209 -0.002184694167226553 
vn -0.0075516714714467525 0.9999499917030334 -0.006554040592163801 
vn 0.030202379450201988 0.99952232837677 -0.006554040592163801 
vn 0.030202379450201988 0.99952232837677 -0.006554040592163801 
vn 0.030202379450201988 0.99952232837677 -0.006554040592163801 
vn 0.030202379450201988 0.99952232837677 -0.006554040592163801 
vn -1.0341130485562108e-13 0.999997615814209 0.002184694167226553 
vn -1.0341130485562108e-13 0.999997615814209 0.002184694167226553 
vn -1.0341130485562108e-13 0.999997615814209 0.002184694167226553 
vn -1.0341130485562108e-13 0.999997615814209 0.002184694167226553 
vn 0.007551815826445818 -0.9999691247940063 -0.002184694167226553 
vn 0.007551815826445818 -0.9999691247940063 -0.002184694167226553 
vn 3.097898456858039e-13 -0.999997615814209 -0.002184694167226553 
vn 0.02265329100191593 -0.999721884727478 -0.006554040592163801 
vn 0.030201226472854614 -0.999484121799469 -0.010923261754214764 
vn 0.04529322683811188 -0.9989140033721924 -0.010923261754214764 
vn 0.04529063403606415 -0.998856782913208 -0.0152922747656703 
vn 0.06790170073509216 -0.9974982738494873 -0.01966099627315998 
vn 0.07543271034955978 -0.9969570636749268 -0.01966099627315998 
vn 0.09046237915754318 -0.9954949021339417 -0.028397228568792343 
vn 0.09797760844230652 -0.9947834014892578 -0.028397228568792343 
vn 0.11297578364610672 -0.993057370185852 -0.03276457265019417 
vn 0.12045355886220932 -0.992024302482605 -0.03713129088282585 
vn 0.13539931178092957 -0.9899216890335083 -0.04149730131030083 
vn 0.1428711861371994 -0.9888709783554077 -0.04149730131030083 
vn 0.1635390967130661 -0.9854702353477478 -0.04586252197623253 
vn 0.1709495484828949 -0.983998715877533 -0.05022686347365379 
vn 0.18576684594154358 -0.9810762405395508 -0.05459024757146835 
vn 0.18576684594154358 -0.9810762405395508 -0.05459024757146835 
vn 0.21523790061473846 -0.9745070338249207 -0.0633138045668602 
vn 0.22259992361068726 -0.9728518128395081 -0.0633138045668602 
vn 0.2429211437702179 -0.9673678874969482 -0.07203252613544464 
vn 0.25745517015457153 -0.9632660150527954 -0.0763898640871048 
vn 0.2647397518157959 -0.9612894654273987 -0.0763898640871048 
vn 0.28020769357681274 0 0.9599394202232361 
vn 0.28020769357681274 0 0.9599394202232361 
vn 0.28020769357681274 0 0.9599394202232361 
vn 0.28020769357681274 0 0.9599394202232361 
vn 0.28020769357681274 0 0.9599394202232361 
vn 0.28010669350624084 -0.007523014210164547 0.9599394202232361 
vn 0.28020769357681274 0 0.9599394202232361 
vn 0.28020769357681274 0 0.9599394202232361 
vn 0.28020769357681274 0 0.9599394202232361 
vn 0.28020769357681274 0 0.9599394202232361 
vn 0.28020769357681274 0 0.9599394202232361 
vn 0.28020769357681274 0 0.9599394202232361 
vn 0.28020769357681274 0 0.9599394202232361 
vn 0.28020769357681274 0 0.9599394202232361 
vn 0.28020769357681274 0 0.9599394202232361 
vn 0.28020769357681274 0 0.9599394202232361 
vn 0.28020769357681274 0 0.9599394202232361 
vn 0.28020769357681274 0 0.9599394202232361 
vn 0.28020769357681274 0 0.9599394202232361 
vn 0.28020769357681274 0 0.9599394202232361 
vn 0.28020769357681274 0 0.9599394202232361 
vn 0.28020769357681274 0 0.9599394202232361 
vn 0.28020769357681274 0 0.9599394202232361 
vn 0.28020769357681274 0 0.9599394202232361 
vn 0.28020769357681274 0 0.9599394202232361 
vn 0.28020769357681274 0 0.9599394202232361 
vn 0.28020769357681274 0 0.9599394202232361 
vn 0.28020769357681274 0 0.9599394202232361 
vn 0.28020769357681274 0 0.9599394202232361 
vn 0.28020769357681274 0 0.9599394202232361 
vn 0.28020769357681274 0 0.9599394202232361 
vn 0.28020769357681274 0 0.9599394202232361 
vn 0.28020769357681274 0 0.9599394202232361 
vn 0.28020769357681274 0 0.9599394202232361 
vn 0.28020769357681274 0 0.9599394202232361 
vn 0.28020769357681274 0 0.9599394202232361 
vn 0.28020769357681274 0 0.9599394202232361 
vn 0.28020769357681274 0 0.9599394202232361 
vn 0.28020769357681274 0 0.9599394202232361 
vn 0.28020769357681274 0 0.9599394202232361 
vn 0.28020769357681274 0 0.9599394202232361 
vn 0.28020769357681274 0 0.9599394202232361 
vn -0.6300445795059204 0.0037702228873968124 0.7765498161315918 
vn -0.626995325088501 -0.09014831483364105 0.7737894654273987 
vn -0.626995325088501 -0.09014831483364105 0.7737894654273987 
vn -0.6186049580574036 -0.20020440220832825 0.7597671151161194 
vn -0.6150712370872498 -0.11994194239377975 0.7792953848838806 
vn -0.6258761286735535 -0.13457423448562622 0.7682244777679443 
vn -0.6403899788856506 -0.11249282211065292 0.7597671151161194 
vn -0.5667835474014282 -0.018829364329576492 0.8236515522003174 
vn -0.585338830947876 -0.18186762928962708 0.790128231048584 
vn -0.563491940498352 -1.1654315479250194e-13 0.8261215686798096 
vn -0.5634416341781616 0.007532806135714054 0.8261215686798096 
vn -0.563491940498352 -1.1654315479250194e-13 0.8261215686798096 
vn -0.6007095575332642 0.22131237387657166 0.7682244777679443 
vn -0.6202827095985413 0.17141073942184448 0.7654199600219727 
vn -0.6009482741355896 -0.21070855855941772 0.7710143327713013 
vn -0.6300445795059204 0.0037702228873968124 0.7765498161315918 
vn -0.6009111404418945 0.2810180187225342 0.7482877969741821 
vn -0.6300445795059204 0.0037702228873968124 0.7765498161315918 
vn -0.6300445795059204 -0.0037702228873968124 0.7765498161315918 
vn -0.6300445795059204 -0.0037702228873968124 0.7765498161315918 
vn -0.6300445795059204 0.0037702228873968124 0.7765498161315918 
vn -0.9593175053596497 0.003771965391933918 0.28230419754981995 
vn -0.9593175053596497 0.003771965391933918 0.28230419754981995 
vn -0.9593175053596497 0.003771965391933918 0.28230419754981995 
vn -0.9593175053596497 0.003771965391933918 0.28230419754981995 
vn -0.1616382598876953 -0.9746821522712708 -0.15449213981628418 
vn 0.045277662575244904 -0.9985707402229309 0.028397228568792343 
vn -0.14113423228263855 -0.9816101789474487 -0.12854042649269104 
vn 0.06036682799458504 -0.9979826211929321 0.01966099627315998 
vn 0.08854683488607407 -0.9940577745437622 -0.0633138045668602 
vn 0.007551815826445818 -0.9999691247940063 -0.002184694167226553 
vn 3.0978390967890956e-13 -0.9999785423278809 -0.006554040592163801 
vn 3.097898456858039e-13 -0.999997615814209 -0.002184694167226553 
vn -0.0075516714714467525 -0.9999499917030334 -0.006554040592163801 
vn -0.7779152989387512 0.0037772986106574535 -0.6283578276634216 
vn -0.7779152989387512 0.0037772986106574535 -0.6283578276634216 
vn -0.7779152989387512 0.0037772986106574535 -0.6283578276634216 
vn -0.7779152989387512 0.0037772986106574535 -0.6283578276634216 
vn -0.23737896978855133 0.9576236605644226 -0.16312000155448914 
vn -0.35055503249168396 0.8981221914291382 -0.26549527049064636 
vn -0.7779152989387512 0.0037772986106574535 -0.6283578276634216 
vn -0.7779152989387512 -0.0037772986106574535 -0.6283578276634216 
vn -0.7779152989387512 -0.0037772986106574535 -0.6283578276634216 
vn -0.7779152989387512 -0.0037772986106574535 -0.6283578276634216 
vn 0.630055844783783 0 -0.7765498161315918 
vn 0.630055844783783 0 -0.7765498161315918 
vn 0.630055844783783 0 -0.7765498161315918 
vn 0.630055844783783 0 -0.7765498161315918 
vn 0.630055844783783 0 -0.7765498161315918 
vn 0.5760179162025452 0.22887493669986725 -0.7847417593002319 
vn 0.58463054895401 0.28453657031059265 -0.7597671151161194 
vn 0.6275761127471924 0.1424095630645752 -0.7654199600219727 
vn 0.6604729890823364 0.09044811129570007 -0.7453821301460266 
vn 0.630055844783783 0 -0.7765498161315918 
vn 0.630055844783783 0 -0.7765498161315918 
vn 0.630055844783783 0 -0.7765498161315918 
vn 0.630055844783783 0 -0.7765498161315918 
vn 0.6333978176116943 0.007552077062427998 -0.7737894654273987 
vn 0.6674546003341675 -0.12770844995975494 -0.7336177229881287 
vn 0.5547060966491699 -0.43476906418800354 -0.7094202041625977 
vn 0.493511438369751 -0.5202355980873108 -0.6969945430755615 
vn 0.4523720145225525 -0.6226366758346558 -0.6385006904602051 
vn 0.5661907196044922 -0.28403863310813904 -0.7737894654273987 
vn 0.630055844783783 0 -0.7765498161315918 
vn 0.630055844783783 0 -0.7765498161315918 
vn 0.630055844783783 0 -0.7765498161315918 
vn 0.630055844783783 0 -0.7765498161315918 
vn 0.9593249559402466 0 -0.28230419754981995 
vn 0.9593249559402466 0 -0.28230419754981995 
vn 0.9593249559402466 0 -0.28230419754981995 
vn 0.9593249559402466 0 -0.28230419754981995 
vn 0.3747994303703308 0.015055593103170395 0.926983654499054 
vn 0.5081761479377747 0 0.8612531423568726 
vn 0.7775953412055969 0.022625714540481567 0.6283578276634216 
vn 0.7775953412055969 -0.022625714540481567 0.6283578276634216 
vn 0.7805166840553284 -0.015091514214873314 0.6249527335166931 
vn 0.4834514260292053 -0.7820649147033691 0.3932546079158783 
vn 0.5148988962173462 -0.751070499420166 0.41324591636657715 
vn 0.16705091297626495 -0.9763553142547607 0.1372016966342926 
vn 0.5050974488258362 -0.8421303033828735 0.18892620503902435 
vn -0.03019430674612522 -0.9992551803588867 -0.024029340595006943 
vn 0.18003951013088226 -0.9727861285209656 0.1458524912595749 
vn 0.015102335251867771 -0.9998263120651245 0.010923261754214764 
vn -0.062259066849946976 -0.9967954158782959 -0.05022686347365379 
vn -0.062259066849946976 -0.9967954158782959 -0.05022686347365379 
vn 0.015102335251867771 -0.9998263120651245 0.010923261754214764 
vn 0.15788713097572327 -0.9534106254577637 -0.25706008076667786 
vn 0.0075516714714467525 -0.9999499917030334 0.006554040592163801 
vn 0.007551815826445818 -0.9999691247940063 0.002184694167226553 
vn 0.18395273387432098 -0.9755986332893372 0.11986933648586273 
vn 3.097898456858039e-13 -0.999997615814209 0.002184694167226553 
vn 3.097898456858039e-13 -0.999997615814209 -0.002184694167226553 
vn 3.097898456858039e-13 -0.999997615814209 0.002184694167226553 
vn -0.056597866117954254 -0.9957951307296753 0.07203252613544464 
vn -1.0340933296291988e-13 0.9999785423278809 -0.006554040592163801 
vn -0.007551815826445818 0.9999691247940063 -0.002184694167226553 
vn 0.9026763439178467 -0.10536709427833557 0.417220801115036 
vn 0.7803343534469604 0.022635508328676224 0.6249527335166931 
vn 0.4898500442504883 0.7780730724334717 0.3932546079158783 
vn 0.4581618010997772 0.8086491227149963 0.3690181374549866 
vn 0.21536298096179962 0.9605359435081482 0.1760382205247879 
vn 0.21711178123950958 0.9609211087226868 0.17173540592193604 
vn -0.007551383227109909 0.9999118447303772 -0.010923261754214764 
vn -0.03773028776049614 0.9987506866455078 -0.03276457265019417 
vn -0.03019430674612522 0.9992551803588867 -0.024029340595006943 
vn 0.015102335251867771 0.9998263120651245 0.010923261754214764 
vn -0.054708052426576614 0.9970089793205261 0.05459024757146835 
vn 0.0075516714714467525 0.9999499917030334 0.006554040592163801 
vn 0.28020769357681274 0 0.9599394202232361 
vn 0.28020769357681274 0 0.9599394202232361 
vn 0.28020769357681274 0 0.9599394202232361 
vn 0.28020769357681274 0 0.9599394202232361 
vn 0.28020769357681274 0 0.9599394202232361 
vn 0.28020769357681274 0 0.9599394202232361 
vn 0.28010669350624084 -0.007523014210164547 0.9599394202232361 
vn 0.28020769357681274 0 0.9599394202232361 
vn 0.27980372309684753 0.015040604397654533 0.9599394202232361 
vn -0.9593175053596497 0.003771965391933918 0.28230419754981995 
vn -0.9593175053596497 0.003771965391933918 0.28230419754981995 
vn -0.9593175053596497 0.003771965391933918 0.28230419754981995 
vn -0.9593175053596497 0.003771965391933918 0.28230419754981995 
vn 0.022649399936199188 0.9995501041412354 0.01966099627315998 
vn 0.12053129822015762 0.987845242023468 0.0981530249118805 
vn -1.0341130485562108e-13 0.999997615814209 0.002184694167226553 
vn -1.0341130485562108e-13 0.999997615814209 -0.002184694167226553 
vn -1.0341130485562108e-13 0.999997615814209 -0.002184694167226553 
vn -1.0341130485562108e-13 0.999997615814209 -0.002184694167226553 
vn 0.050912197679281235 0.9966942071914673 -0.0633138045668602 
vn -0.9593175053596497 0.003771965391933918 0.28230419754981995 
vn -0.9593175053596497 0.003771965391933918 0.28230419754981995 
vn -0.9593175053596497 0.003771965391933918 0.28230419754981995 
vn -0.9593175053596497 0.003771965391933918 0.28230419754981995 
vn 3.097898456858039e-13 -0.999997615814209 -0.002184694167226553 
vn 3.097898456858039e-13 -0.999997615814209 0.002184694167226553 
vn 3.097898456858039e-13 -0.999997615814209 -0.002184694167226553 
vn 3.097898456858039e-13 -0.999997615814209 0.002184694167226553 
vn 3.097898456858039e-13 -0.999997615814209 0.002184694167226553 
vn 3.097898456858039e-13 -0.999997615814209 0.002184694167226553 
vn 3.097898456858039e-13 -0.999997615814209 0.002184694167226553 
vn -0.06411359459161758 0.9950146079063416 0.0763898640871048 
vn 3.097898456858039e-13 -0.999997615814209 -0.002184694167226553 
vn 3.097898456858039e-13 -0.999997615814209 -0.002184694167226553 
vn 3.097898456858039e-13 -0.999997615814209 -0.002184694167226553 
vn 3.097898456858039e-13 -0.999997615814209 -0.002184694167226553 
vn 0.1635047197341919 -0.9852631688117981 -0.05022686347365379 
vn 0.1560833603143692 -0.9866786003112793 -0.04586252197623253 
vn 0.13542260229587555 -0.9900919198989868 -0.03713129088282585 
vn 0.12045355886220932 -0.992024302482605 -0.03713129088282585 
vn 0.10548725724220276 -0.994015097618103 -0.028397228568792343 
vn 0.09046237915754318 -0.9954949021339417 -0.028397228568792343 
vn 0.07542550563812256 -0.9968618750572205 -0.024029340595006943 
vn 0.06790170073509216 -0.9974982738494873 -0.01966099627315998 
vn 0.05283254012465477 -0.9984862804412842 -0.0152922747656703 
vn 0.04529063403606415 -0.998856782913208 -0.0152922747656703 
vn 0.030201226472854614 -0.999484121799469 -0.010923261754214764 
vn 0.02265329100191593 -0.999721884727478 -0.006554040592163801 
vn 0.007551815826445818 -0.9999691247940063 -0.002184694167226553 
vn 3.097898456858039e-13 -0.999997615814209 -0.002184694167226553 
vn -0.015103200450539589 -0.9998835325241089 0.002184694167226553 
vn -0.02265329100191593 -0.999721884727478 0.006554040592163801 
vn -0.0377483032643795 -0.9992275834083557 0.010923261754214764 
vn -0.04529322683811188 -0.9989140033721924 0.010923261754214764 
vn -0.060371436178684235 -0.9980588555335999 0.0152922747656703 
vn -0.06790170073509216 -0.9974982738494873 0.01966099627315998 
vn -0.08295149356126785 -0.996263861656189 0.024029340595006943 
vn -0.09046237915754318 -0.9954949021339417 0.028397228568792343 
vn -0.10548725724220276 -0.994015097618103 0.028397228568792343 
vn -0.10547315329313278 -0.9938822388648987 0.03276457265019417 
vn -0.11297578364610672 -0.993057370185852 0.03276457265019417 
vn -0.10547315329313278 -0.9938822388648987 0.03276457265019417 
vn -0.09797760844230652 -0.9947834014892578 0.028397228568792343 
vn -0.09797760844230652 -0.9947834014892578 0.028397228568792343 
vn -0.0904727429151535 -0.9956089854240417 0.024029340595006943 
vn -0.08295149356126785 -0.996263861656189 0.024029340595006943 
vn -0.07542550563812256 -0.9968618750572205 0.024029340595006943 
vn -0.07542550563812256 -0.9968618750572205 0.024029340595006943 
vn -0.06790170073509216 -0.9974982738494873 0.01966099627315998 
vn -0.06790170073509216 -0.9974982738494873 0.01966099627315998 
vn -0.060371436178684235 -0.9980588555335999 0.0152922747656703 
vn -0.05283254012465477 -0.9984862804412842 0.0152922747656703 
vn -0.04529063403606415 -0.998856782913208 0.0152922747656703 
vn -0.04529063403606415 -0.998856782913208 0.0152922747656703 
vn -0.0377483032643795 -0.9992275834083557 0.010923261754214764 
vn -0.0377483032643795 -0.9992275834083557 0.010923261754214764 
vn -0.030201226472854614 -0.999484121799469 0.010923261754214764 
vn -0.030202379450201988 -0.99952232837677 0.006554040592163801 
vn -0.02265329100191593 -0.999721884727478 0.006554040592163801 
vn -0.015102911740541458 -0.9998644590377808 0.006554040592163801 
vn -0.015103200450539589 -0.9998835325241089 0.002184694167226553 
vn -0.007551815826445818 -0.9999691247940063 0.002184694167226553 
vn -0.007551815826445818 -0.9999691247940063 0.002184694167226553 
vn -0.007551815826445818 -0.9999691247940063 0.002184694167226553 
vn -0.11297578364610672 0.993057370185852 0.03276457265019417 
vn -0.11297578364610672 0.993057370185852 0.03276457265019417 
vn -0.11297578364610672 0.993057370185852 0.03276457265019417 
vn -0.10547315329313278 0.9938822388648987 0.03276457265019417 
vn -0.09797760844230652 0.9947834014892578 0.028397228568792343 
vn -0.09797760844230652 0.9947834014892578 0.028397228568792343 
vn -0.0904727429151535 0.9956089854240417 0.024029340595006943 
vn -0.08295149356126785 0.996263861656189 0.024029340595006943 
vn -0.07542550563812256 0.9968618750572205 0.024029340595006943 
vn -0.07542550563812256 0.9968618750572205 0.024029340595006943 
vn -0.06790170073509216 0.9974982738494873 0.01966099627315998 
vn -0.06790170073509216 0.9974982738494873 0.01966099627315998 
vn -0.060371436178684235 0.9980588555335999 0.0152922747656703 
vn -0.05283254012465477 0.9984862804412842 0.0152922747656703 
vn -0.04529063403606415 0.998856782913208 0.0152922747656703 
vn -0.04529063403606415 0.998856782913208 0.0152922747656703 
vn -0.0377483032643795 0.9992275834083557 0.010923261754214764 
vn -0.0377483032643795 0.9992275834083557 0.010923261754214764 
vn -0.030202379450201988 0.99952232837677 0.006554040592163801 
vn -0.02265329100191593 0.999721884727478 0.006554040592163801 
vn -0.015102911740541458 0.9998644590377808 0.006554040592163801 
vn -0.015102911740541458 0.9998644590377808 0.006554040592163801 
vn -0.015103200450539589 0.9998835325241089 0.002184694167226553 
vn -0.007551815826445818 0.9999691247940063 0.002184694167226553 
vn -0.007551815826445818 0.9999691247940063 0.002184694167226553 
vn -0.007551815826445818 0.9999691247940063 0.002184694167226553 
vn 0.5644983053207397 0.4977729022502899 -0.6584556698799133 
vn 0.5699483752250671 0.5045419931411743 -0.6485338807106018 
vn -0.0075516714714467525 -0.9999499917030334 -0.006554040592163801 
vn -0.007551815826445818 -0.9999691247940063 -0.002184694167226553 
vn -0.5380814671516418 -0.7412471771240234 0.401274174451828 
vn 0.6232457756996155 0 -0.7820260524749756 
vn 0.6333978176116943 0.007552077062427998 -0.7737894654273987 
vn 0.630055844783783 0 -0.7765498161315918 
vn 0.4377679228782654 -0.7984904646873474 -0.41324591636657715 
vn -0.563491940498352 -1.1654315479250194e-13 0.8261215686798096 
vn -0.6334428787231445 -1.310106266094041e-13 0.7737894654273987 
vn -0.563491940498352 -1.1654315479250194e-13 0.8261215686798096 
vn 3.097898456858039e-13 -0.999997615814209 -0.002184694167226553 
vn 0.2647397518157959 -0.9612894654273987 -0.0763898640871048 
vn 0.28020769357681274 0 0.9599394202232361 
vn 0.28020769357681274 0 0.9599394202232361 
vn -0.995983898639679 0.003774415934458375 -0.08945280313491821 
vn -0.995983898639679 0.003774415934458375 -0.08945280313491821 
vn -0.995983898639679 0.003774415934458375 -0.08945280313491821 
vn -0.995983898639679 0.003774415934458375 -0.08945280313491821 
vn -1.0341130485562108e-13 0.999997615814209 -0.002184694167226553 
vn -1.0341130485562108e-13 0.999997615814209 -0.002184694167226553 
vn -1.0341130485562108e-13 0.999997615814209 -0.002184694167226553 
vn 3.097898456858039e-13 -0.999997615814209 0.002184694167226553 
vn 3.097898456858039e-13 -0.999997615814209 0.002184694167226553 
vn 3.097898456858039e-13 -0.999997615814209 0.002184694167226553 
vn 3.097898456858039e-13 -0.999997615814209 0.002184694167226553 
vn 3.097898456858039e-13 -0.999997615814209 0.002184694167226553 
vn 3.097898456858039e-13 -0.999997615814209 0.002184694167226553 
vn -1.0341130485562108e-13 0.999997615814209 -0.002184694167226553 
vn -1.0341130485562108e-13 0.999997615814209 -0.002184694167226553 
vn -1.0341130485562108e-13 0.999997615814209 -0.002184694167226553 
vn 0.995991051197052 0 0.08945280313491821 
vn 0.995991051197052 0 0.08945280313491821 
vn 0.995991051197052 0 0.08945280313491821 
vn 0.9959624409675598 0.007548777386546135 0.08945280313491821 
vn 0.9959624409675598 0.007548777386546135 0.08945280313491821 
vn 0.9959624409675598 0.007548777386546135 0.08945280313491821 
vn -1.0340933296291988e-13 0.9999785423278809 -0.006554040592163801 
vn -1.0340933296291988e-13 0.9999785423278809 -0.006554040592163801 
vn -1.0340933296291988e-13 0.9999785423278809 -0.006554040592163801 
vn -0.9947043061256409 0.007548347115516663 -0.10250037163496017 
vn -0.9947043061256409 0.007548347115516663 -0.10250037163496017 
vn -0.9947043061256409 0.007548347115516663 -0.10250037163496017 
vn 3.097898456858039e-13 -0.999997615814209 0.002184694167226553 
vn 3.097898456858039e-13 -0.999997615814209 0.002184694167226553 
vn 3.097898456858039e-13 -0.999997615814209 0.002184694167226553 
vn -0.997078001499176 -2.0621877686380352e-13 -0.0763898640871048 
vn -0.997078001499176 -2.0621877686380352e-13 -0.0763898640871048 
vn -0.997078001499176 -2.0621877686380352e-13 -0.0763898640871048 
vn -1.0340933296291988e-13 0.9999785423278809 -0.006554040592163801 
vn -1.0340933296291988e-13 0.9999785423278809 -0.006554040592163801 
vn -1.0340933296291988e-13 0.9999785423278809 -0.006554040592163801 
vn -0.9974023103713989 -2.0628583476817175e-13 -0.07203252613544464 
vn -0.9974023103713989 -2.0628583476817175e-13 -0.07203252613544464 
vn -0.9974023103713989 -2.0628583476817175e-13 -0.07203252613544464 
vn 3.0978390967890956e-13 -0.9999785423278809 0.006554040592163801 
vn 3.0978390967890956e-13 -0.9999785423278809 0.006554040592163801 
vn 3.0978390967890956e-13 -0.9999785423278809 0.006554040592163801 
vn -0.9932968020439148 -0.0037733360659331083 -0.11553031951189041 
vn -0.9932968020439148 -0.0037733360659331083 -0.11553031951189041 
vn -0.9932968020439148 -0.0037733360659331083 -0.11553031951189041 
vn 0.09801503270864487 -0.9951633810997009 0.006554040592163801 
vn 0.09801503270864487 -0.9951633810997009 0.006554040592163801 
vn 0.09801503270864487 -0.9951633810997009 0.006554040592163801 
vn 0.007551815826445818 0.9999691247940063 -0.002184694167226553 
vn 0.007551815826445818 0.9999691247940063 -0.002184694167226553 
vn 0.007551815826445818 0.9999691247940063 -0.002184694167226553 
vn -0.09264592826366425 -0.2053244560956955 0.9742990136146545 
vn -0.09264592826366425 -0.2053244560956955 0.9742990136146545 
vn -0.09264592826366425 -0.2053244560956955 0.9742990136146545 
vn -0.09801503270864487 -0.9951633810997009 -0.006554040592163801 
vn -0.09801503270864487 -0.9951633810997009 -0.006554040592163801 
vn -0.09801503270864487 -0.9951633810997009 -0.006554040592163801 
vn 0.09162852168083191 0 -0.9957932829856873 
vn 0.09162852168083191 0 -0.9957932829856873 
vn 0.09162852168083191 0 -0.9957932829856873 
vn -0.09801129251718521 0.9951253533363342 -0.010923261754214764 
vn -0.09801129251718521 0.9951253533363342 -0.010923261754214764 
vn -0.09801129251718521 0.9951253533363342 -0.010923261754214764 
vn -0.06791337579488754 -0.9976696968078613 -0.006554040592163801 
vn -0.06791337579488754 -0.9976696968078613 -0.006554040592163801 
vn -0.06791337579488754 -0.9976696968078613 -0.006554040592163801 
vn 0.09162852168083191 0 -0.9957932829856873 
vn 0.09162852168083191 0 -0.9957932829856873 
vn 0.09162852168083191 0 -0.9957932829856873 
vn -0.007551815826445818 0.9999691247940063 -0.002184694167226553 
vn -0.007551815826445818 0.9999691247940063 -0.002184694167226553 
vn -0.007551815826445818 0.9999691247940063 -0.002184694167226553 
vn -1.0340933296291988e-13 0.9999785423278809 0.006554040592163801 
vn -1.0340933296291988e-13 0.9999785423278809 0.006554040592163801 
vn -1.0340933296291988e-13 0.9999785423278809 0.006554040592163801 
vn -0.007551815826445818 0.9999691247940063 -0.002184694167226553 
vn -0.007551815826445818 0.9999691247940063 -0.002184694167226553 
vn -0.007551815826445818 0.9999691247940063 -0.002184694167226553 
vn -1.0340933296291988e-13 0.9999785423278809 -0.006554040592163801 
vn -1.0340933296291988e-13 0.9999785423278809 -0.006554040592163801 
vn -1.0340933296291988e-13 0.9999785423278809 -0.006554040592163801 
vn 3.0978390967890956e-13 -0.9999785423278809 0.006554040592163801 
vn 3.0978390967890956e-13 -0.9999785423278809 0.006554040592163801 
vn 3.0978390967890956e-13 -0.9999785423278809 0.006554040592163801 
vn -0.007551815826445818 -0.9999691247940063 -0.002184694167226553 
vn -0.007551815826445818 -0.9999691247940063 -0.002184694167226553 
vn -0.007551815826445818 -0.9999691247940063 -0.002184694167226553 
vn 3.0978390967890956e-13 -0.9999785423278809 -0.006554040592163801 
vn 3.0978390967890956e-13 -0.9999785423278809 -0.006554040592163801 
vn 3.0978390967890956e-13 -0.9999785423278809 -0.006554040592163801 
vn -0.007551815826445818 -0.9999691247940063 -0.002184694167226553 
vn -0.007551815826445818 -0.9999691247940063 -0.002184694167226553 
vn -0.007551815826445818 -0.9999691247940063 -0.002184694167226553 
vn -0.09162852168083191 -1.895089682781622e-14 0.9957932829856873 
vn -0.09162852168083191 -1.895089682781622e-14 0.9957932829856873 
vn -0.09162852168083191 -1.895089682781622e-14 0.9957932829856873 
vn -0.008211665786802769 -0.0029888020362704992 0.999961793422699 
vn -0.008211665786802769 -0.0029888020362704992 0.999961793422699 
vn -0.008211665786802769 -0.0029888020362704992 0.999961793422699 
vn -0.037667978554964066 0.28611668944358826 -0.9574540853500366 
vn -0.037667978554964066 0.28611668944358826 -0.9574540853500366 
vn -0.037667978554964066 0.28611668944358826 -0.9574540853500366 
vn 0.0980169028043747 -0.9951823353767395 0.002184694167226553 
vn 0.0980169028043747 -0.9951823353767395 0.002184694167226553 
vn 0.0980169028043747 -0.9951823353767395 0.002184694167226553 
vn 0.09162852168083191 0 -0.9957932829856873 
vn 0.09162852168083191 0 -0.9957932829856873 
vn 0.09162852168083191 0 -0.9957932829856873 
vn -0.04716361686587334 -0.5210200548171997 -0.8522403836250305 
vn -0.04716361686587334 -0.5210200548171997 -0.8522403836250305 
vn -0.04716361686587334 -0.5210200548171997 -0.8522403836250305 
vn 0 0 1 
vn 0 0 1 
vn 0 0 1 
vn -0.04131331294775009 -0.014182877726852894 0.9990455508232117 
vn -0.04131331294775009 -0.014182877726852894 0.9990455508232117 
vn -0.04131331294775009 -0.014182877726852894 0.9990455508232117 
vn 0.032111942768096924 0.4766862392425537 -0.8784868121147156 
vn 0.032111942768096924 0.4766862392425537 -0.8784868121147156 
vn 0.032111942768096924 0.4766862392425537 -0.8784868121147156 
vn 0.09597864747047424 0 -0.9953833818435669 
vn 0.09597864747047424 0 -0.9953833818435669 
vn 0.09597864747047424 0 -0.9953833818435669 
vn -0.09162852168083191 -1.895089682781622e-14 0.9957932829856873 
vn -0.09162852168083191 -1.895089682781622e-14 0.9957932829856873 
vn -0.09162852168083191 -1.895089682781622e-14 0.9957932829856873 
vn -0.0282506812363863 -0.5186527967453003 0.8545181155204773 
vn -0.0282506812363863 -0.5186527967453003 0.8545181155204773 
vn -0.0282506812363863 -0.5186527967453003 0.8545181155204773 
vn 0.47099068760871887 -0.8811615705490112 0.04149730131030083 
vn 0.47099068760871887 -0.8811615705490112 0.04149730131030083 
vn 0.47099068760871887 -0.8811615705490112 0.04149730131030083 
vn -0.023971552029252052 -0.1240791603922844 0.9919826984405518 
vn -0.023971552029252052 -0.1240791603922844 0.9919826984405518 
vn -0.023971552029252052 -0.1240791603922844 0.9919826984405518 
vn -0.09162852168083191 -1.895089682781622e-14 0.9957932829856873 
vn -0.09162852168083191 -1.895089682781622e-14 0.9957932829856873 
vn -0.09162852168083191 -1.895089682781622e-14 0.9957932829856873 
vn -0.995983898639679 0.003774415934458375 -0.08945280313491821 
vn -0.995983898639679 0.003774415934458375 -0.08945280313491821 
vn -0.995983898639679 0.003774415934458375 -0.08945280313491821 
vn 0.09162852168083191 0 -0.9957932829856873 
vn 0.09162852168083191 0 -0.9957932829856873 
vn 0.09162852168083191 0 -0.9957932829856873 
vn -0.995983898639679 -0.003774415934458375 -0.08945280313491821 
vn -0.995983898639679 -0.003774415934458375 -0.08945280313491821 
vn -0.995983898639679 -0.003774415934458375 -0.08945280313491821 
vn -0.09162852168083191 -1.895089682781622e-14 0.9957932829856873 
vn -0.09162852168083191 -1.895089682781622e-14 0.9957932829856873 
vn -0.09162852168083191 -1.895089682781622e-14 0.9957932829856873 
vn 0.09162852168083191 0 -0.9957932829856873 
vn 0.09162852168083191 0 -0.9957932829856873 
vn 0.09162852168083191 0 -0.9957932829856873 
vn 0.022653724998235703 0.9997409582138062 0.002184694167226553 
vn 0.022653724998235703 0.9997409582138062 0.002184694167226553 
vn 0.022653724998235703 0.9997409582138062 0.002184694167226553 
vn -0.23666240274906158 -0.10564269870519638 0.9658315181732178 
vn -0.23666240274906158 -0.10564269870519638 0.9658315181732178 
vn -0.23666240274906158 -0.10564269870519638 0.9658315181732178 
vn -0.06798192858695984 -0.1922556310892105 0.9789873361587524 
vn -0.06798192858695984 -0.1922556310892105 0.9789873361587524 
vn -0.06798192858695984 -0.1922556310892105 0.9789873361587524 
vn 0.09800568222999573 0.995068371295929 0.0152922747656703 
vn 0.09800568222999573 0.995068371295929 0.0152922747656703 
vn 0.09800568222999573 0.995068371295929 0.0152922747656703 
vn 0.10552956163883209 0.9944137930870056 0.002184694167226553 
vn 0.10552956163883209 0.9944137930870056 0.002184694167226553 
vn 0.10552956163883209 0.9944137930870056 0.002184694167226553 
vn 0.11422423273324966 0.5028734803199768 -0.8567795157432556 
vn 0.11422423273324966 0.5028734803199768 -0.8567795157432556 
vn 0.11422423273324966 0.5028734803199768 -0.8567795157432556 
vn 0.2757190465927124 -0.9609378576278687 0.024029340595006943 
vn 0.2757190465927124 -0.9609378576278687 0.024029340595006943 
vn 0.2757190465927124 -0.9609378576278687 0.024029340595006943 
vn 0.09162852168083191 0 -0.9957932829856873 
vn 0.09162852168083191 0 -0.9957932829856873 
vn 0.09162852168083191 0 -0.9957932829856873 
vn 0.28296801447868347 -0.9588282704353333 0.024029340595006943 
vn 0.28296801447868347 -0.9588282704353333 0.024029340595006943 
vn 0.28296801447868347 -0.9588282704353333 0.024029340595006943 
vn -0.08577010780572891 -0.20829039812088013 0.9742990136146545 
vn -0.08577010780572891 -0.20829039812088013 0.9742990136146545 
vn -0.08577010780572891 -0.20829039812088013 0.9742990136146545 
vn 0.47099068760871887 0.8811615705490112 0.04149730131030083 
vn 0.47099068760871887 0.8811615705490112 0.04149730131030083 
vn 0.47099068760871887 0.8811615705490112 0.04149730131030083 
vn -0.023971552029252052 0.1240791603922844 0.9919826984405518 
vn -0.023971552029252052 0.1240791603922844 0.9919826984405518 
vn -0.023971552029252052 0.1240791603922844 0.9919826984405518 
vn 0.2757190465927124 0.9609378576278687 0.024029340595006943 
vn 0.2757190465927124 0.9609378576278687 0.024029340595006943 
vn 0.2757190465927124 0.9609378576278687 0.024029340595006943 
vn 0.09162852168083191 0 -0.9957932829856873 
vn 0.09162852168083191 0 -0.9957932829856873 
vn 0.09162852168083191 0 -0.9957932829856873 
vn 0.875196635723114 -0.47769805788993835 0.0763898640871048 
vn 0.875196635723114 -0.47769805788993835 0.0763898640871048 
vn 0.875196635723114 -0.47769805788993835 0.0763898640871048 
vn 0.15302221477031708 -0.0730925053358078 -0.9855159521102905 
vn 0.15302221477031708 -0.0730925053358078 -0.9855159521102905 
vn 0.15302221477031708 -0.0730925053358078 -0.9855159521102905 
vn -0.19960945844650269 -0.39092570543289185 0.8985171914100647 
vn -0.19960945844650269 -0.39092570543289185 0.8985171914100647 
vn -0.19960945844650269 -0.39092570543289185 0.8985171914100647 
vn -0.0980169028043747 0.9951823353767395 -0.002184694167226553 
vn -0.0980169028043747 0.9951823353767395 -0.002184694167226553 
vn -0.0980169028043747 0.9951823353767395 -0.002184694167226553 
vn -0.2112780511379242 0.022457590326666832 0.9771679639816284 
vn -0.2112780511379242 0.022457590326666832 0.9771679639816284 
vn -0.2112780511379242 0.022457590326666832 0.9771679639816284 
vn -0.1727718561887741 -0.9846687316894531 -0.024029340595006943 
vn -0.1727718561887741 -0.9846687316894531 -0.024029340595006943 
vn -0.1727718561887741 -0.9846687316894531 -0.024029340595006943 
vn -0.09799819439649582 0.9949923753738403 -0.01966099627315998 
vn -0.09799819439649582 0.9949923753738403 -0.01966099627315998 
vn -0.09799819439649582 0.9949923753738403 -0.01966099627315998 
vn -0.6105102896690369 -0.7914990782737732 -0.028397228568792343 
vn -0.6105102896690369 -0.7914990782737732 -0.028397228568792343 
vn -0.6105102896690369 -0.7914990782737732 -0.028397228568792343 
vn -0.0829736664891243 0.9965301752090454 -0.006554040592163801 
vn -0.0829736664891243 0.9965301752090454 -0.006554040592163801 
vn -0.0829736664891243 0.9965301752090454 -0.006554040592163801 
vn 0.09162852168083191 0 -0.9957932829856873 
vn 0.09162852168083191 0 -0.9957932829856873 
vn 0.09162852168083191 0 -0.9957932829856873 
vn -0.04529581964015961 0.9989712238311768 -0.002184694167226553 
vn -0.04529581964015961 0.9989712238311768 -0.002184694167226553 
vn -0.04529581964015961 0.9989712238311768 -0.002184694167226553 
vn -0.09027425199747086 0.2608303129673004 0.961154580116272 
vn -0.09027425199747086 0.2608303129673004 0.961154580116272 
vn -0.09027425199747086 0.2608303129673004 0.961154580116272 
vn 0.0980169028043747 -0.9951823353767395 0.002184694167226553 
vn 0.0980169028043747 -0.9951823353767395 0.002184694167226553 
vn 0.0980169028043747 -0.9951823353767395 0.002184694167226553 
vn 0.1102432906627655 0.41265058517456055 -0.9041935205459595 
vn 0.1102432906627655 0.41265058517456055 -0.9041935205459595 
vn 0.1102432906627655 0.41265058517456055 -0.9041935205459595 
vn -0.3117627203464508 0.9497355222702026 -0.028397228568792343 
vn -0.3117627203464508 0.9497355222702026 -0.028397228568792343 
vn -0.3117627203464508 0.9497355222702026 -0.028397228568792343 
vn 0.09800568222999573 0.995068371295929 0.0152922747656703 
vn 0.09800568222999573 0.995068371295929 0.0152922747656703 
vn 0.09800568222999573 0.995068371295929 0.0152922747656703 
vn 0.09567524492740631 -0.007625519298017025 -0.9953833818435669 
vn 0.09567524492740631 -0.007625519298017025 -0.9953833818435669 
vn 0.09567524492740631 -0.007625519298017025 -0.9953833818435669 
vn 0.47099068760871887 0.8811615705490112 0.04149730131030083 
vn 0.47099068760871887 0.8811615705490112 0.04149730131030083 
vn 0.47099068760871887 0.8811615705490112 0.04149730131030083 
vn -0.1578955501317978 -0.9872600436210632 -0.01966099627315998 
vn -0.1578955501317978 -0.9872600436210632 -0.01966099627315998 
vn -0.1578955501317978 -0.9872600436210632 -0.01966099627315998 
vn 0.09567524492740631 0.007625519298017025 -0.9953833818435669 
vn 0.09567524492740631 0.007625519298017025 -0.9953833818435669 
vn 0.09567524492740631 0.007625519298017025 -0.9953833818435669 
vn 0.09801503270864487 -0.9951633810997009 0.006554040592163801 
vn 0.09801503270864487 -0.9951633810997009 0.006554040592163801 
vn 0.09801503270864487 -0.9951633810997009 0.006554040592163801 
vn -0.22446909546852112 -0.9737735390663147 -0.03713129088282585 
vn -0.22446909546852112 -0.9737735390663147 -0.03713129088282585 
vn -0.22446909546852112 -0.9737735390663147 -0.03713129088282585 
vn 0.10552351921796799 0.9943568110466003 0.010923261754214764 
vn 0.10552351921796799 0.9943568110466003 0.010923261754214764 
vn 0.10552351921796799 0.9943568110466003 0.010923261754214764 
vn -0.022653724998235703 -0.9997409582138062 -0.002184694167226553 
vn -0.022653724998235703 -0.9997409582138062 -0.002184694167226553 
vn -0.022653724998235703 -0.9997409582138062 -0.002184694167226553 
vn -0.015095127746462822 -0.9993491172790527 -0.03276457265019417 
vn -0.015095127746462822 -0.9993491172790527 -0.03276457265019417 
vn -0.015095127746462822 -0.9993491172790527 -0.03276457265019417 
vn 0.9605492949485779 0 0.2781098484992981 
vn 0.9605492949485779 0 0.2781098484992981 
vn 0.9605492949485779 0 0.2781098484992981 
vn 0.715621292591095 -0.6956130862236023 0.0633138045668602 
vn 0.715621292591095 -0.6956130862236023 0.0633138045668602 
vn 0.715621292591095 -0.6956130862236023 0.0633138045668602 
vn -0.22462347149848938 0.9744431972503662 0.002184694167226553 
vn -0.22462347149848938 0.9744431972503662 0.002184694167226553 
vn -0.22462347149848938 0.9744431972503662 0.002184694167226553 
vn 0.03775046393275261 -0.9992848038673401 0.002184694167226553 
vn 0.03775046393275261 -0.9992848038673401 0.002184694167226553 
vn 0.03775046393275261 -0.9992848038673401 0.002184694167226553 
vn 0.11119859665632248 -0.2932066023349762 -0.949560284614563 
vn 0.11119859665632248 -0.2932066023349762 -0.949560284614563 
vn 0.11119859665632248 -0.2932066023349762 -0.949560284614563 
vn 0.1355079710483551 0.9907160401344299 0.010923261754214764 
vn 0.1355079710483551 0.9907160401344299 0.010923261754214764 
vn 0.1355079710483551 0.9907160401344299 0.010923261754214764 
vn -0.02830229327082634 0.976291298866272 0.21460255980491638 
vn -0.02830229327082634 0.976291298866272 0.21460255980491638 
vn -0.02830229327082634 0.976291298866272 0.21460255980491638 
vn 0.009439533576369286 0.9963276982307434 -0.08510008454322815 
vn 0.009439533576369286 0.9963276982307434 -0.08510008454322815 
vn 0.009439533576369286 0.9963276982307434 -0.08510008454322815 
vn 0.17280155420303345 0.9848379492759705 0.0152922747656703 
vn 0.17280155420303345 0.9848379492759705 0.0152922747656703 
vn 0.17280155420303345 0.9848379492759705 0.0152922747656703 
vn 0.715621292591095 0.6956130862236023 0.0633138045668602 
vn 0.715621292591095 0.6956130862236023 0.0633138045668602 
vn 0.715621292591095 0.6956130862236023 0.0633138045668602 
vn 0.8272130489349365 0.015088850632309914 0.5616858005523682 
vn 0.8272130489349365 0.015088850632309914 0.5616858005523682 
vn 0.8272130489349365 0.015088850632309914 0.5616858005523682 
vn -0.0056636701337993145 0.9674928188323975 -0.25283506512641907 
vn -0.0056636701337993145 0.9674928188323975 -0.25283506512641907 
vn -0.0056636701337993145 0.9674928188323975 -0.25283506512641907 
vn 0.1355079710483551 0.9907160401344299 0.010923261754214764 
vn 0.1355079710483551 0.9907160401344299 0.010923261754214764 
vn 0.1355079710483551 0.9907160401344299 0.010923261754214764 
vn -0.06695814430713654 -0.25473520159721375 0.9646899104118347 
vn -0.06695814430713654 -0.25473520159721375 0.9646899104118347 
vn -0.06695814430713654 -0.25473520159721375 0.9646899104118347 
vn 0.07544567435979843 -0.9971283674240112 0.006554040592163801 
vn 0.07544567435979843 -0.9971283674240112 0.006554040592163801 
vn 0.07544567435979843 -0.9971283674240112 0.006554040592163801 
vn -0.007551673799753189 -0.9951426982879639 0.0981530249118805 
vn -0.007551673799753189 -0.9951426982879639 0.0981530249118805 
vn -0.007551673799753189 -0.9951426982879639 0.0981530249118805 
vn 0.2737513780593872 -0.9548366069793701 0.11553031951189041 
vn 0.2737513780593872 -0.9548366069793701 0.11553031951189041 
vn 0.2737513780593872 -0.9548366069793701 0.11553031951189041 
vn 0.47099068760871887 -0.8811615705490112 0.04149730131030083 
vn 0.47099068760871887 -0.8811615705490112 0.04149730131030083 
vn 0.47099068760871887 -0.8811615705490112 0.04149730131030083 
vn 0.6660808324813843 -0.7314802408218384 -0.1458524912595749 
vn 0.6660808324813843 -0.7314802408218384 -0.1458524912595749 
vn 0.6660808324813843 -0.7314802408218384 -0.1458524912595749 
vn -0.09801503270864487 -0.9951633810997009 -0.006554040592163801 
vn -0.09801503270864487 -0.9951633810997009 -0.006554040592163801 
vn -0.09801503270864487 -0.9951633810997009 -0.006554040592163801 
vn 0.0037806248292326927 -0.6859368681907654 -0.7276512384414673 
vn 0.0037806248292326927 -0.6859368681907654 -0.7276512384414673 
vn 0.0037806248292326927 -0.6859368681907654 -0.7276512384414673 
vn -0.007551673799753189 0.9951426982879639 0.0981530249118805 
vn -0.007551673799753189 0.9951426982879639 0.0981530249118805 
vn -0.007551673799753189 0.9951426982879639 0.0981530249118805 
vn -0.022653281688690186 0.9949134588241577 0.0981530249118805 
vn -0.022653281688690186 0.9949134588241577 0.0981530249118805 
vn -0.022653281688690186 0.9949134588241577 0.0981530249118805 
vn -0.09801129251718521 -0.9951253533363342 -0.010923261754214764 
vn -0.09801129251718521 -0.9951253533363342 -0.010923261754214764 
vn -0.09801129251718521 -0.9951253533363342 -0.010923261754214764 
vn -0.013213127851486206 -0.9865177273750305 0.16312000155448914 
vn -0.013213127851486206 -0.9865177273750305 0.16312000155448914 
vn -0.013213127851486206 -0.9865177273750305 0.16312000155448914 
vn 0.0867469385266304 -0.9939292073249817 0.06767380982637405 
vn 0.0867469385266304 -0.9939292073249817 0.06767380982637405 
vn 0.0867469385266304 -0.9939292073249817 0.06767380982637405 
vn -0.13157083094120026 0.9150952100753784 0.3811691105365753 
vn -0.13157083094120026 0.9150952100753784 0.3811691105365753 
vn -0.13157083094120026 0.9150952100753784 0.3811691105365753 
vn -0.772367000579834 0.007535836659371853 0.6351318359375 
vn -0.772367000579834 0.007535836659371853 0.6351318359375 
vn -0.772367000579834 0.007535836659371853 0.6351318359375 
vn 0.09800568222999573 0.995068371295929 0.0152922747656703 
vn 0.09800568222999573 0.995068371295929 0.0152922747656703 
vn 0.09800568222999573 0.995068371295929 0.0152922747656703 
vn -0.02075635828077793 0.9764809012413025 0.21460255980491638 
vn -0.02075635828077793 0.9764809012413025 0.21460255980491638 
vn -0.02075635828077793 0.9764809012413025 0.21460255980491638 
vn 0.09766817092895508 0.4910110533237457 -0.865661084651947 
vn 0.09766817092895508 0.4910110533237457 -0.865661084651947 
vn 0.09766817092895508 0.4910110533237457 -0.865661084651947 
vn 0.0904986634850502 0.995894193649292 0.002184694167226553 
vn 0.0904986634850502 0.995894193649292 0.002184694167226553 
vn 0.0904986634850502 0.995894193649292 0.002184694167226553 
vn -0.43759116530418396 0.8987255096435547 -0.028397228568792343 
vn -0.43759116530418396 0.8987255096435547 -0.028397228568792343 
vn -0.43759116530418396 0.8987255096435547 -0.028397228568792343 
vn -0.3271419107913971 0.5264585018157959 0.7847417593002319 
vn -0.3271419107913971 0.5264585018157959 0.7847417593002319 
vn -0.3271419107913971 0.5264585018157959 0.7847417593002319 
vn 0.06588589400053024 -0.3978557884693146 -0.9150791168212891 
vn 0.06588589400053024 -0.3978557884693146 -0.9150791168212891 
vn 0.06588589400053024 -0.3978557884693146 -0.9150791168212891 
vn 0.034021735191345215 -0.5696746110916138 -0.8211658596992493 
vn 0.034021735191345215 -0.5696746110916138 -0.8211658596992493 
vn 0.034021735191345215 -0.5696746110916138 -0.8211658596992493 
vn -0.22659815847873688 -0.7413124442100525 0.6317508816719055 
vn -0.22659815847873688 -0.7413124442100525 0.6317508816719055 
vn -0.22659815847873688 -0.7413124442100525 0.6317508816719055 
vn -0.5231503844261169 -1.0819958888271322e-13 0.8522403836250305 
vn -0.5231503844261169 -1.0819958888271322e-13 0.8522403836250305 
vn -0.5231503844261169 -1.0819958888271322e-13 0.8522403836250305 
vn 0.9886596202850342 0 -0.15017375349998474 
vn 0.9886596202850342 0 -0.15017375349998474 
vn 0.9886596202850342 0 -0.15017375349998474 
vn 0.7072232365608215 -0.6952069401741028 -0.12854042649269104 
vn 0.7072232365608215 -0.6952069401741028 -0.12854042649269104 
vn 0.7072232365608215 -0.6952069401741028 -0.12854042649269104 
vn -0.054666150361299515 0.7895752787590027 0.6112139225006104 
vn -0.054666150361299515 0.7895752787590027 0.6112139225006104 
vn -0.054666150361299515 0.7895752787590027 0.6112139225006104 
vn 0.018863731995224953 0.7804346084594727 0.6249527335166931 
vn 0.018863731995224953 0.7804346084594727 0.6249527335166931 
vn 0.018863731995224953 0.7804346084594727 0.6249527335166931 
vn 0.8823285102844238 0.46439316868782043 0.0763898640871048 
vn 0.8823285102844238 0.46439316868782043 0.0763898640871048 
vn 0.8823285102844238 0.46439316868782043 0.0763898640871048 
vn 0.08292311429977417 0 -0.9965559244155884 
vn 0.08292311429977417 0 -0.9965559244155884 
vn 0.08292311429977417 0 -0.9965559244155884 
vn 0.12421998381614685 0.8301813006401062 -0.5434780716896057 
vn 0.12421998381614685 0.8301813006401062 -0.5434780716896057 
vn 0.12421998381614685 0.8301813006401062 -0.5434780716896057 
vn -0.16661293804645538 0.691159725189209 -0.7032341957092285 
vn -0.16661293804645538 0.691159725189209 -0.7032341957092285 
vn -0.16661293804645538 0.691159725189209 -0.7032341957092285 
vn 0.07543183118104935 -0.8477461338043213 -0.5250110030174255 
vn 0.07543183118104935 -0.8477461338043213 -0.5250110030174255 
vn 0.07543183118104935 -0.8477461338043213 -0.5250110030174255 
vn -0.033983927220106125 -0.8481127619743347 -0.528724730014801 
vn -0.033983927220106125 -0.8481127619743347 -0.528724730014801 
vn -0.033983927220106125 -0.8481127619743347 -0.528724730014801 
vn 0.01509657222777605 -0.9850274324417114 -0.17173540592193604 
vn 0.01509657222777605 -0.9850274324417114 -0.17173540592193604 
vn 0.01509657222777605 -0.9850274324417114 -0.17173540592193604 
vn 0.17280155420303345 -0.9848379492759705 0.0152922747656703 
vn 0.17280155420303345 -0.9848379492759705 0.0152922747656703 
vn 0.17280155420303345 -0.9848379492759705 0.0152922747656703 
vn -0.8796657919883728 -0.46791666746139526 -0.08510008454322815 
vn -0.8796657919883728 -0.46791666746139526 -0.08510008454322815 
vn -0.8796657919883728 -0.46791666746139526 -0.08510008454322815 
vn 0.09131556749343872 0.007566623389720917 -0.9957932829856873 
vn 0.09131556749343872 0.007566623389720917 -0.9957932829856873 
vn 0.09131556749343872 0.007566623389720917 -0.9957932829856873 
vn -1.0341130485562108e-13 0.999997615814209 -0.002184694167226553 
vn -1.0341130485562108e-13 0.999997615814209 -0.002184694167226553 
vn -1.0341130485562108e-13 0.999997615814209 -0.002184694167226553 
vn 0.07541158050298691 0.987057626247406 -0.1415284425020218 
vn 0.07541158050298691 0.987057626247406 -0.1415284425020218 
vn 0.07541158050298691 0.987057626247406 -0.1415284425020218 
vn 0.06791078299283981 0.9976316094398499 0.010923261754214764 
vn 0.06791078299283981 0.9976316094398499 0.010923261754214764 
vn 0.06791078299283981 0.9976316094398499 0.010923261754214764 
vn 0.6145507097244263 -0.7810021638870239 -0.1111890971660614 
vn 0.6145507097244263 -0.7810021638870239 -0.1111890971660614 
vn 0.6145507097244263 -0.7810021638870239 -0.1111890971660614 
vn 0.08672039955854416 -0.9936251044273376 -0.07203252613544464 
vn 0.08672039955854416 -0.9936251044273376 -0.07203252613544464 
vn 0.08672039955854416 -0.9936251044273376 -0.07203252613544464 
vn 0.13152265548706055 -0.7990346550941467 -0.5867242813110352 
vn 0.13152265548706055 -0.7990346550941467 -0.5867242813110352 
vn 0.13152265548706055 -0.7990346550941467 -0.5867242813110352 
vn 0.14807942509651184 0.10664741694927216 -0.983208417892456 
vn 0.14807942509651184 0.10664741694927216 -0.983208417892456 
vn 0.14807942509651184 0.10664741694927216 -0.983208417892456 
vn -0.09162852168083191 -1.895089682781622e-14 0.9957932829856873 
vn -0.09162852168083191 -1.895089682781622e-14 0.9957932829856873 
vn -0.09162852168083191 -1.895089682781622e-14 0.9957932829856873 
vn 0.8624414205551147 -0.2746727764606476 0.42514660954475403 
vn 0.8624414205551147 -0.2746727764606476 0.42514660954475403 
vn 0.8624414205551147 -0.2746727764606476 0.42514660954475403 
vn -0.6091433167457581 0.7889388799667358 -0.08074574917554855 
vn -0.6091433167457581 0.7889388799667358 -0.08074574917554855 
vn -0.6091433167457581 0.7889388799667358 -0.08074574917554855 
vn 0.09162852168083191 0 -0.9957932829856873 
vn 0.09162852168083191 0 -0.9957932829856873 
vn 0.09162852168083191 0 -0.9957932829856873 
vn 0.05657823383808136 0.9906420707702637 -0.1242060661315918 
vn 0.05657823383808136 0.9906420707702637 -0.1242060661315918 
vn 0.05657823383808136 0.9906420707702637 -0.1242060661315918 
vn -0.09403258562088013 0.2772543728351593 0.9561840295791626 
vn -0.09403258562088013 0.2772543728351593 0.9561840295791626 
vn -0.09403258562088013 0.2772543728351593 0.9561840295791626 
vn -0.08689207583665848 0.279574453830719 0.9561840295791626 
vn -0.08689207583665848 0.279574453830719 0.9561840295791626 
vn -0.08689207583665848 0.279574453830719 0.9561840295791626 
vn 0.11303403973579407 -0.9935694932937622 -0.006554040592163801 
vn 0.11303403973579407 -0.9935694932937622 -0.006554040592163801 
vn 0.11303403973579407 -0.9935694932937622 -0.006554040592163801 
vn 0.01510564237833023 -0.9904279708862305 -0.1372016966342926 
vn 0.01510564237833023 -0.9904279708862305 -0.1372016966342926 
vn 0.01510564237833023 -0.9904279708862305 -0.1372016966342926 
vn -0.22831755876541138 -0.9712318778038025 0.06767380982637405 
vn -0.22831755876541138 -0.9712318778038025 0.06767380982637405 
vn -0.22831755876541138 -0.9712318778038025 0.06767380982637405 
vn 0.09230349212884903 -0.9913026094436646 0.09380380809307098 
vn 0.09230349212884903 -0.9913026094436646 0.09380380809307098 
vn 0.09230349212884903 -0.9913026094436646 0.09380380809307098 
vn 0.013217429630458355 0.9988602995872498 0.04586252197623253 
vn 0.013217429630458355 0.9988602995872498 0.04586252197623253 
vn 0.013217429630458355 0.9988602995872498 0.04586252197623253 
vn -0.06033686175942421 0.9974871873855591 0.03713129088282585 
vn -0.06033686175942421 0.9974871873855591 0.03713129088282585 
vn -0.06033686175942421 0.9974871873855591 0.03713129088282585 
vt 0.4555329978466034 0.9964690208435059 
vt 0.45661601424217224 0.974943995475769 
vt 0.5422130227088928 0.9964690208435059 
vt 0.5444350242614746 0.974943995475769 
vt 0.5454930067062378 0.9963470101356506 
vt 0.543349027633667 0.02492300048470497 
vt 0.5444350242614746 0.003406000090762973 
vt 0.5465390086174011 0.02492300048470497 
vt 0.5487589836120605 0.0052559999749064445 
vt 0.5487589836120605 0.02492300048470497 
vt 0.5586730241775513 0.005388000048696995 
vt 0.5586730241775513 0.02492300048470497 
vt 0.9857580065727234 0.02492300048470497 
vt 0.5487589836120605 0.0035250000655651093 
vt 0.5576210021972656 0.003406000090762973 
vt 0.998278021812439 0.003278000047430396 
vt 0.48355498909950256 0.9918169975280762 
vt 0.009367000311613083 0.9918169975280762 
vt 0.48355498909950256 0.9804120063781738 
vt 0.0187740009278059 0.9804120063781738 
vt 0.0187740009278059 0.022283999249339104 
vt 0.009367000311613083 0.010874000377953053 
vt 0.48355498909950256 0.022283999249339104 
vt 0.48355498909950256 0.010874000377953053 
vt 0.5444350242614746 0.003406000090762973 
vt 0.4555329978466034 0.003406000090762973 
vt 0.5444350242614746 0.001541999983601272 
vt 0.4544830024242401 0.001541999983601272 
vt 0.4534499943256378 0.0035250000655651093 
vt 0.4512479901313782 0.003406000090762973 
vt 0.4512479901313782 0.02492300048470497 
vt 0.4413819909095764 0.02492300048470497 
vt 0.44242799282073975 0.003406000090762973 
vt 0.44036900997161865 0.0052559999749064445 
vt 0.0019529999699443579 0.0035250000655651093 
vt 0.014228000305593014 0.02492300048470497 
vt 0.44242799282073975 0.001541999983601272 
vt 0.5233799815177917 0.010874000377953053 
vt 0.5233780145645142 0.9918169975280762 
vt 0.5214009881019592 0.010874000377953053 
vt 0.5213990211486816 0.9918169975280762 
vt 0.5223309993743896 0.03747199848294258 
vt 0.5223420262336731 0.5805780291557312 
vt 0.5221369862556458 0.03625600039958954 
vt 0.5219680070877075 0.03492800146341324 
vt 0.5203520059585571 0.021956000477075577 
vt 0.520363986492157 0.5805780291557312 
vt 0.5218260288238525 0.03350500017404556 
vt 0.5217120051383972 0.032005999237298965 
vt 0.5216280221939087 0.030448000878095627 
vt 0.5215740203857422 0.028843000531196594 
vt 0.5215520262718201 0.027219999581575394 
vt 0.52156001329422 0.025590000674128532 
vt 0.5216010212898254 0.02397499978542328 
vt 0.5216730237007141 0.022394999861717224 
vt 0.5217729806900024 0.020868999883532524 
vt 0.48398199677467346 0.0194109994918108 
vt 0.5219039916992188 0.0194109994918108 
vt 0.5219699740409851 0.01876099966466427 
vt 0.4839150011539459 0.01876099966466427 
vt 0.4838539958000183 0.01809700019657612 
vt 0.5220299959182739 0.01809700019657612 
vt 0.483799010515213 0.017416000366210938 
vt 0.5220869779586792 0.017416000366210938 
vt 0.48374900221824646 0.016721999272704124 
vt 0.5221369862556458 0.016721999272704124 
vt 0.48370400071144104 0.01601799950003624 
vt 0.52218097448349 0.01601799950003624 
vt 0.48366498947143555 0.015301999635994434 
vt 0.5222190022468567 0.015301999635994434 
vt 0.48363199830055237 0.01457899995148182 
vt 0.5222529768943787 0.01457899995148182 
vt 0.4836040139198303 0.01384699996560812 
vt 0.5222799777984619 0.013844000175595284 
vt 0.4835839867591858 0.01310999970883131 
vt 0.5223010182380676 0.013106999918818474 
vt 0.4835669994354248 0.012366999872028828 
vt 0.5223169922828674 0.012364000082015991 
vt 0.4835610091686249 0.011618999764323235 
vt 0.5223240256309509 0.011618999764323235 
vt 0.48355498909950256 0.010874000377953053 
vt 0.5223299860954285 0.010870999656617641 
vt 0.4835659861564636 0.5805799961090088 
vt 0.48355698585510254 0.016304999589920044 
vt 0.48554500937461853 0.5805799961090088 
vt 0.4835749864578247 0.016666000708937645 
vt 0.48360198736190796 0.017031999304890633 
vt 0.4836359918117523 0.017400000244379044 
vt 0.48367801308631897 0.01776600070297718 
vt 0.48372700810432434 0.01812399923801422 
vt 0.48378199338912964 0.018472999334335327 
vt 0.48384299874305725 0.018806999549269676 
vt 0.4839099943637848 0.019121000543236732 
vt 0.4855329990386963 0.021956000477075577 
vt 0.5444350242614746 0.003406000090762973 
vt 0.543349027633667 0.02492300048470497 
vt 0.4555329978466034 0.003406000090762973 
vt 0.4555329978466034 0.02492300048470497 
vt 0.45661601424217224 0.974943995475769 
vt 0.4555329978466034 0.9964690208435059 
vt 0.4534499943256378 0.974943995475769 
vt 0.4523650109767914 0.9964690208435059 
vt 0.4512479901313782 0.974943995475769 
vt 0.44455400109291077 0.974943995475769 
vt 0.4523650109767914 0.9983329772949219 
vt 0.44455400109291077 0.9963470101356506 
vt 0.4413819909095764 0.9946179986000061 
vt 0.4393399953842163 0.974943995475769 
vt 0.014318999834358692 0.974943995475769 
vt 0.4393399953842163 0.9964690208435059 
vt 0.001993000041693449 0.9963470101356506 
vt 0.4818609952926636 0.010874000377953053 
vt 0.4821299910545349 0.010874000377953053 
vt 0.4818609952926636 0.991815984249115 
vt 0.4821299910545349 0.991815984249115 
vt 0.009367000311613083 0.010874000377953053 
vt 0.48835301399230957 0.010874000377953053 
vt 0.009367000311613083 0.9918169975280762 
vt 0.48835301399230957 0.9918169975280762 
vt 0.48835301399230957 0.010874000377953053 
vt 0.4886389970779419 0.010874000377953053 
vt 0.48835301399230957 0.9918169975280762 
vt 0.4886389970779419 0.9918169975280762 
vt 0.4888550043106079 0.010874000377953053 
vt 0.48893600702285767 0.010874000377953053 
vt 0.4889349937438965 0.9918169975280762 
vt 0.48924198746681213 0.010874000377953053 
vt 0.48924198746681213 0.9918169975280762 
vt 0.48955199122428894 0.010874000377953053 
vt 0.48955199122428894 0.9918169975280762 
vt 0.4898650050163269 0.010874000377953053 
vt 0.4898650050163269 0.9918169975280762 
vt 0.4901759922504425 0.010874000377953053 
vt 0.4901750087738037 0.9918169975280762 
vt 0.4904789924621582 0.010874000377953053 
vt 0.4904789924621582 0.9918169975280762 
vt 0.490776002407074 0.010874000377953053 
vt 0.490776002407074 0.9918169975280762 
vt 0.49105900526046753 0.9918169975280762 
vt 0.49105900526046753 0.010874000377953053 
vt 0.4913260042667389 0.9918169975280762 
vt 0.4913260042667389 0.010874000377953053 
vt 0.49157199263572693 0.9918169975280762 
vt 0.4818730056285858 0.44871100783348083 
vt 0.48206600546836853 0.4474940001964569 
vt 0.4818609952926636 0.991815984249115 
vt 0.48223501443862915 0.4461660087108612 
vt 0.48385098576545715 0.43319499492645264 
vt 0.48237699270248413 0.44474300742149353 
vt 0.48249098658561707 0.44324401021003723 
vt 0.48257601261138916 0.4416860044002533 
vt 0.4826290011405945 0.44008100032806396 
vt 0.4826520085334778 0.43845799565315247 
vt 0.4826419949531555 0.43682900071144104 
vt 0.48260200023651123 0.43521401286125183 
vt 0.48253101110458374 0.4336340129375458 
vt 0.48242899775505066 0.4321080148220062 
vt 0.520222008228302 0.430649995803833 
vt 0.5186700224876404 0.43319499492645264 
vt 0.5206369757652283 0.9918190240859985 
vt 0.5186589956283569 0.9918190240859985 
vt 0.48229900002479553 0.430649995803833 
vt 0.482232004404068 0.4300000071525574 
vt 0.5202869772911072 0.4300000071525574 
vt 0.5203490257263184 0.42933499813079834 
vt 0.48217299580574036 0.42933499813079834 
vt 0.5204049944877625 0.4286549985408783 
vt 0.4821160137653351 0.4286549985408783 
vt 0.5204539895057678 0.42796099185943604 
vt 0.4820669889450073 0.42796099185943604 
vt 0.5204989910125732 0.4272570013999939 
vt 0.4820219874382019 0.4272570013999939 
vt 0.5205379724502563 0.4265410006046295 
vt 0.4819830060005188 0.4265410006046295 
vt 0.5205720067024231 0.42581701278686523 
vt 0.4819509983062744 0.42581701278686523 
vt 0.5205979943275452 0.42508599162101746 
vt 0.48192399740219116 0.42508599162101746 
vt 0.5206199884414673 0.42434900999069214 
vt 0.48190099000930786 0.424345999956131 
vt 0.5206350088119507 0.4236060082912445 
vt 0.48188599944114685 0.42360299825668335 
vt 0.520645022392273 0.42285799980163574 
vt 0.4818759858608246 0.42285799980163574 
vt 0.5206490159034729 0.42211198806762695 
vt 0.0019529999699443579 0.0035250000655651093 
vt 0.4413819909095764 0.0035250000655651093 
vt 0.0019529999699443579 0.0035250000655651093 
vt 0.44242799282073975 0.001541999983601272 
vt 0.44455400109291077 0.0035250000655651093 
vt 0.4512479901313782 0.003406000090762973 
vt 0.4534499943256378 0.0035250000655651093 
vt 0.4544830024242401 0.001541999983601272 
vt 0.4544830024242401 0.0035250000655651093 
vt 0.4555329978466034 0.003406000090762973 
vt 0.5444350242614746 0.001541999983601272 
vt 0.5444350242614746 0.003406000090762973 
vt 0.5454930067062378 0.0035250000655651093 
vt 0.5487589836120605 0.0035250000655651093 
vt 0.5487589836120605 0.0035250000655651093 
vt 0.5554800033569336 0.0015369999455288053 
vt 0.5554800033569336 0.0035250000655651093 
vt 0.5586730241775513 0.0035250000655651093 
vt 0.5576210021972656 0.003406000090762973 
vt 0.998278021812439 0.003278000047430396 
vt 0.998278021812439 0.003278000047430396 
vt 0.4838410019874573 0.010874000377953053 
vt 0.4838399887084961 0.991815984249115 
vt 0.48186299204826355 0.010874000377953053 
vt 0.4818609952926636 0.991815984249115 
vt 0.5444350242614746 0.974943995475769 
vt 0.5487589836120605 0.974943995475769 
vt 0.5454930067062378 0.9963470101356506 
vt 0.5487589836120605 0.9964690208435059 
vt 0.5586730241775513 0.9964690208435059 
vt 0.5596910119056702 0.994484007358551 
vt 0.9981210231781006 0.9963470101356506 
vt 0.5586730241775513 0.974943995475769 
vt 0.9858599901199341 0.974943995475769 
vt 0.0019529999699443579 0.0035250000655651093 
vt 0.001993000041693449 0.9963470101356506 
vt 0.0019529999699443579 0.0035250000655651093 
vt 0.001993000041693449 0.9963470101356506 
vt 0.4555329978466034 0.02492300048470497 
vt 0.4555329978466034 0.003406000090762973 
vt 0.9981210231781006 0.9963470101356506 
vt 0.9981210231781006 0.9963470101356506 
vt 0.998278021812439 0.003278000047430396 
vt 0.998278021812439 0.003278000047430396 
vt 0.9981210231781006 0.9963470101356506 
vt 0.5607230067253113 0.9963470101356506 
vt 0.9981210231781006 0.9963470101356506 
vt 0.5586730241775513 0.9964690208435059 
vt 0.5586730241775513 0.9964690208435059 
vt 0.5554800033569336 0.9963470101356506 
vt 0.5545200109481812 0.9983329772949219 
vt 0.5499230027198792 0.9963470101356506 
vt 0.5487589836120605 0.9964690208435059 
vt 0.5454930067062378 0.9963470101356506 
vt 0.5454930067062378 0.9963470101356506 
vt 0.5444350242614746 0.9963470101356506 
vt 0.5422130227088928 0.9964690208435059 
vt 0.45661601424217224 0.9963470101356506 
vt 0.4544830024242401 0.9963470101356506 
vt 0.4534499943256378 0.9963470101356506 
vt 0.4455060064792633 0.9983339905738831 
vt 0.4500940144062042 0.9963470101356506 
vt 0.44455400109291077 0.9963470101356506 
vt 0.4393399953842163 0.9964690208435059 
vt 0.4413819909095764 0.9963470101356506 
vt 0.001993000041693449 0.9963470101356506 
vt 0.001993000041693449 0.9963470101356506 
vt 0.5206360220909119 0.010873000137507915 
vt 0.5206369757652283 0.991815984249115 
vt 0.4818609952926636 0.010873000137507915 
vt 0.4818609952926636 0.991815984249115 
vt 0.5444350242614746 0.003406000090762973 
vt 0.4577479958534241 0.0035250000655651093 
vt 0.543349027633667 0.005388000048696995 
vt 0.45661601424217224 0.005388000048696995 
vt 0.45661601424217224 0.994484007358551 
vt 0.4555329978466034 0.003406000090762973 
vt 0.4555329978466034 0.9926159977912903 
vt 0.4544830024242401 0.994484007358551 
vt 0.4544830024242401 0.9963470101356506 
vt 0.4534499943256378 0.9963470101356506 
vt 0.4544830024242401 0.0035250000655651093 
vt 0.4534499943256378 0.0035250000655651093 
vt 0.4512479901313782 0.005388000048696995 
vt 0.4500940144062042 0.9963470101356506 
vt 0.44455400109291077 0.9963470101356506 
vt 0.44455400109291077 0.0035250000655651093 
vt 0.44455400109291077 0.005388000048696995 
vt 0.4413819909095764 0.005388000048696995 
vt 0.4413819909095764 0.9963470101356506 
vt 0.44036900997161865 0.994484007358551 
vt 0.001993000041693449 0.9963470101356506 
vt 0.0019529999699443579 0.0035250000655651093 
vt 0.4413819909095764 0.0035250000655651093 
vt 0.01309799961745739 0.9750369787216187 
vt 0.01309799961745739 0.025373000651597977 
vt 0.45661601424217224 0.9963470101356506 
vt 0.543349027633667 0.9963470101356506 
vt 0.5444350242614746 0.9963470101356506 
vt 0.5444350242614746 0.003406000090762973 
vt 0.5454930067062378 0.0035250000655651093 
vt 0.5454930067062378 0.9963470101356506 
vt 0.5465390086174011 0.994484007358551 
vt 0.5499230027198792 0.9963470101356506 
vt 0.5487589836120605 0.007255000062286854 
vt 0.5554800033569336 0.0035250000655651093 
vt 0.5487589836120605 0.0035250000655651093 
vt 0.5465390086174011 0.005388000048696995 
vt 0.5202929973602295 0.43035998940467834 
vt 0.5203589797019958 0.4300450086593628 
vt 0.520421028137207 0.4297119975090027 
vt 0.5204759836196899 0.4293619990348816 
vt 0.5205259919166565 0.4290049970149994 
vt 0.520566999912262 0.4286389946937561 
vt 0.5206009745597839 0.42827001214027405 
vt 0.5206279754638672 0.42790400981903076 
vt 0.520645022392273 0.4275439977645874 
vt 0.49180299043655396 0.44558098912239075 
vt 0.49180299043655396 0.40456199645996094 
vt 0.5014839768409729 0.44558098912239075 
vt 0.5014839768409729 0.40456199645996094 
vt 0.5554800033569336 0.9963470101356506 
vt 0.5586730241775513 0.9964690208435059 
vt 0.5586730241775513 0.005388000048696995 
vt 0.5596910119056702 0.994484007358551 
vt 0.998278021812439 0.003278000047430396 
vt 0.9981210231781006 0.9963470101356506 
vt 0.5607230067253113 0.9963470101356506 
vt 0.5131360292434692 0.44558098912239075 
vt 0.5034499764442444 0.44558098912239075 
vt 0.5131360292434692 0.40456199645996094 
vt 0.5034499764442444 0.40456199645996094 
vt 0.982791006565094 0.9804059863090515 
vt 0.982791006565094 0.9918169975280762 
vt 0.5180109739303589 0.9804059863090515 
vt 0.5086010098457336 0.9918169975280762 
vt 0.5086010098457336 0.010874000377953053 
vt 0.5180109739303589 0.02227799966931343 
vt 0.982791006565094 0.02227799966931343 
vt 0.5586730241775513 0.0035250000655651093 
vt 0.9824159741401672 0.9918169975280762 
vt 0.5213990211486816 0.9918169975280762 
vt 0.9824159741401672 0.010874000377953053 
vt 0.5213990211486816 0.010874000377953053 
vt 0.5203670263290405 0.9918169975280762 
vt 0.5203670263290405 0.010874000377953053 
vt 0.5192400217056274 0.9918169975280762 
vt 0.5192400217056274 0.010874000377953053 
vt 0.5180320143699646 0.9918169975280762 
vt 0.5180320143699646 0.010874000377953053 
vt 0.5167589783668518 0.9918169975280762 
vt 0.5167589783668518 0.010874000377953053 
vt 0.5154370069503784 0.9918169975280762 
vt 0.5154370069503784 0.010874000377953053 
vt 0.5140740275382996 0.9918169975280762 
vt 0.5140740275382996 0.010874000377953053 
vt 0.5126960277557373 0.9918169975280762 
vt 0.5126969814300537 0.010874000377953053 
vt 0.5113139748573303 0.9918169975280762 
vt 0.5113139748573303 0.010874000377953053 
vt 0.5099430084228516 0.9918169975280762 
vt 0.5099430084228516 0.010874000377953053 
vt 0.5086010098457336 0.9918169975280762 
vt 0.5086010098457336 0.010874000377953053 
vt 0.5073059797286987 0.9918169975280762 
vt 0.5073059797286987 0.010874000377953053 
vt 0.5060679912567139 0.9918169975280762 
vt 0.5060679912567139 0.010874000377953053 
vt 0.505515992641449 0.9918169975280762 
vt 0.505515992641449 0.010874000377953053 
vt 0.5049520134925842 0.9918169975280762 
vt 0.5049520134925842 0.010874000377953053 
vt 0.5043749809265137 0.9918169975280762 
vt 0.5043749809265137 0.010874000377953053 
vt 0.503786027431488 0.9918169975280762 
vt 0.503786027431488 0.010874000377953053 
vt 0.5031880140304565 0.9918169975280762 
vt 0.5031880140304565 0.010874000377953053 
vt 0.5025799870491028 0.9918169975280762 
vt 0.5025799870491028 0.010874000377953053 
vt 0.5019659996032715 0.9918169975280762 
vt 0.5019659996032715 0.010874000377953053 
vt 0.5013430118560791 0.9918169975280762 
vt 0.5013449788093567 0.010874000377953053 
vt 0.5007169842720032 0.9918169975280762 
vt 0.5007169842720032 0.010874000377953053 
vt 0.5000870227813721 0.9918169975280762 
vt 0.5000870227813721 0.010874000377953053 
vt 0.49945399165153503 0.9918169975280762 
vt 0.49945399165153503 0.010874000377953053 
vt 0.4988189935684204 0.9918169975280762 
vt 0.4988189935684204 0.010874000377953053 
vt 0.49157199263572693 0.010874000377953053 
vt 0.4921239912509918 0.010874000377953053 
vt 0.49157199263572693 0.9918169975280762 
vt 0.4921239912509918 0.9918169975280762 
vt 0.49268800020217896 0.010874000377953053 
vt 0.49268800020217896 0.9918169975280762 
vt 0.4932650029659271 0.010874000377953053 
vt 0.4932650029659271 0.9918169975280762 
vt 0.49385398626327515 0.010874000377953053 
vt 0.49385398626327515 0.9918169975280762 
vt 0.49445199966430664 0.010874000377953053 
vt 0.49445199966430664 0.9918169975280762 
vt 0.495059996843338 0.010874000377953053 
vt 0.495059996843338 0.9918169975280762 
vt 0.4956740140914917 0.010874000377953053 
vt 0.4956740140914917 0.9918169975280762 
vt 0.4962950050830841 0.010874000377953053 
vt 0.4962950050830841 0.9918169975280762 
vt 0.49692100286483765 0.010874000377953053 
vt 0.49692100286483765 0.9918169975280762 
vt 0.49755099415779114 0.010874000377953053 
vt 0.49755099415779114 0.9918169975280762 
vt 0.49818599224090576 0.9918169975280762 
vt 0.49818599224090576 0.010874000377953053 
vt 0.4988189935684204 0.9918169975280762 
vt 0.4988189935684204 0.010874000377953053 
vt 0.4455060064792633 0.9983339905738831 
vt 0.4393399953842163 0.9964690208435059 
vt 0.9870049953460693 0.9744309782981873 
vt 0.9870049953460693 0.02476700022816658 
vt 0.5444350242614746 0.001541999983601272 
vt -527.940185546875 -392.0915222167969 
vt -689.09619140625 -392.0915222167969 
vt -524.1011352539062 -391.38385009765625 
vt 0.5545200109481812 0.9983329772949219 
vt 692.9352416992188 -391.2242126464844 
vt 685.4110717773438 -392.0379638671875 
vt 524.1011352539062 -391.2242126464844 
vt 0.982791006565094 0.010874000377953053 
vt 0.49157199263572693 0.010874000377953053 
vt 0.4838399887084961 0.991815984249115 
vt 0.4818730056285858 0.422109991312027 
vt 0.001993000041693449 0.9963470101356506 
vt 0.0019529999699443579 0.0035250000655651093 
vt 0.001993000041693449 0.9963470101356506 
vt 0.0019529999699443579 0.0035250000655651093 
vt 0.5586730241775513 0.005388000048696995 
vt 0.5596910119056702 0.994484007358551 
vt 0.998278021812439 0.003278000047430396 
vt 0.44036900997161865 0.994484007358551 
vt 0.4413819909095764 0.005388000048696995 
vt 0.0019529999699443579 0.0035250000655651093 
vt 0.001993000041693449 0.9963470101356506 
vt 0.44036900997161865 0.994484007358551 
vt 0.0019529999699443579 0.0035250000655651093 
vt 0.5596910119056702 0.994484007358551 
vt 0.9981210231781006 0.9963470101356506 
vt 0.998278021812439 0.003278000047430396 
vt 0.543349027633667 0.005388000048696995 
vt 0.45661601424217224 0.005388000048696995 
vt 0.45661601424217224 0.994484007358551 
vt 0.543349027633667 0.005388000048696995 
vt 0.45661601424217224 0.994484007358551 
vt 0.543349027633667 0.9963470101356506 
vt 0.4393399953842163 0.974943995475769 
vt 0.4413819909095764 0.9946179986000061 
vt 0.014318999834358692 0.974943995475769 
vt 0.4555329978466034 0.9964690208435059 
vt 0.45661601424217224 0.974943995475769 
vt 0.5422130227088928 0.9964690208435059 
vt 0.5586730241775513 0.02492300048470497 
vt 0.5586730241775513 0.005388000048696995 
vt 0.9857580065727234 0.02492300048470497 
vt 0.4555329978466034 0.003406000090762973 
vt 0.5444350242614746 0.003406000090762973 
vt 0.543349027633667 0.02492300048470497 
vt 0.44036900997161865 0.0052559999749064445 
vt 0.4413819909095764 0.02492300048470497 
vt 0.0019529999699443579 0.0035250000655651093 
vt 0.4555329978466034 0.02492300048470497 
vt 0.4555329978466034 0.003406000090762973 
vt 0.543349027633667 0.02492300048470497 
vt 0.5596910119056702 0.994484007358551 
vt 0.5586730241775513 0.974943995475769 
vt 0.9981210231781006 0.9963470101356506 
vt 0.45661601424217224 0.974943995475769 
vt 0.5444350242614746 0.974943995475769 
vt 0.5422130227088928 0.9964690208435059 
vt 0.5487589836120605 0.02492300048470497 
vt 0.5487589836120605 0.0052559999749064445 
vt 0.5586730241775513 0.005388000048696995 
vt 0.5487589836120605 0.007255000062286854 
vt 0.5499230027198792 0.9963470101356506 
vt 0.5554800033569336 0.0035250000655651093 
vt 0.4413819909095764 0.0035250000655651093 
vt 0.44242799282073975 0.001541999983601272 
vt 0.0019529999699443579 0.0035250000655651093 
vt 0.44455400109291077 0.9963470101356506 
vt 0.4512479901313782 0.005388000048696995 
vt 0.44455400109291077 0.005388000048696995 
vt 0.5586730241775513 0.9964690208435059 
vt 0.9981210231781006 0.9963470101356506 
vt 0.5607230067253113 0.9963470101356506 
vt 0.5554800033569336 0.0035250000655651093 
vt 0.5499230027198792 0.9963470101356506 
vt 0.5554800033569336 0.9963470101356506 
vt 0.4534499943256378 0.9963470101356506 
vt 0.4512479901313782 0.005388000048696995 
vt 0.4500940144062042 0.9963470101356506 
vt 0.45661601424217224 0.9963470101356506 
vt 0.4555329978466034 0.9964690208435059 
vt 0.5422130227088928 0.9964690208435059 
vt 0.01309799961745739 0.025373000651597977 
vt 0.001993000041693449 0.9963470101356506 
vt 0.0019529999699443579 0.0035250000655651093 
vt 0.4413819909095764 0.02492300048470497 
vt 0.014228000305593014 0.02492300048470497 
vt 0.0019529999699443579 0.0035250000655651093 
vt 0.01309799961745739 0.025373000651597977 
vt 0.01309799961745739 0.9750369787216187 
vt 0.001993000041693449 0.9963470101356506 
vt 0.014318999834358692 0.974943995475769 
vt 0.4413819909095764 0.9946179986000061 
vt 0.001993000041693449 0.9963470101356506 
vt 0.9857580065727234 0.02492300048470497 
vt 0.5586730241775513 0.005388000048696995 
vt 0.998278021812439 0.003278000047430396 
vt 0.9870049953460693 0.9744309782981873 
vt 0.9870049953460693 0.02476700022816658 
vt 0.998278021812439 0.003278000047430396 
vt 0.5586730241775513 0.974943995475769 
vt 0.9858599901199341 0.974943995475769 
vt 0.9981210231781006 0.9963470101356506 
vt 0.9981210231781006 0.9963470101356506 
vt 0.9870049953460693 0.9744309782981873 
vt 0.998278021812439 0.003278000047430396 
vt 0.44455400109291077 0.0035250000655651093 
vt 0.4534499943256378 0.0035250000655651093 
vt 0.4512479901313782 0.003406000090762973 
vt 0.4544830024242401 0.001541999983601272 
vt 0.4555329978466034 0.003406000090762973 
vt 0.5444350242614746 0.001541999983601272 
vt 0.5545200109481812 0.9983329772949219 
vt 0.5586730241775513 0.9964690208435059 
vt 0.5554800033569336 0.9963470101356506 
vt 0.5487589836120605 0.9964690208435059 
vt 0.5487589836120605 0.974943995475769 
vt 0.5586730241775513 0.9964690208435059 
vt 0.4393399953842163 0.9964690208435059 
vt 0.4413819909095764 0.9963470101356506 
vt 0.001993000041693449 0.9963470101356506 
vt 0.4455060064792633 0.9983339905738831 
vt 0.44455400109291077 0.9963470101356506 
vt 0.4393399953842163 0.9964690208435059 
vt 0.5444350242614746 0.001541999983601272 
vt 0.4555329978466034 0.003406000090762973 
vt 0.5444350242614746 0.003406000090762973 
vt 0.5554800033569336 0.0015369999455288053 
vt 0.5487589836120605 0.0035250000655651093 
vt 0.5487589836120605 0.0035250000655651093 
vt 0.5545200109481812 0.9983329772949219 
vt 0.5554800033569336 0.9963470101356506 
vt 0.5499230027198792 0.9963470101356506 
vt 0.45661601424217224 0.9963470101356506 
vt 0.5422130227088928 0.9964690208435059 
vt 0.5444350242614746 0.9963470101356506 
vt 0.998278021812439 0.003278000047430396 
vt 0.5576210021972656 0.003406000090762973 
vt 0.5586730241775513 0.0035250000655651093 
vt 0.5554800033569336 0.0015369999455288053 
vt 0.5576210021972656 0.003406000090762973 
vt 0.5487589836120605 0.0035250000655651093 
vt 0.4555329978466034 0.003406000090762973 
vt 0.4544830024242401 0.0035250000655651093 
vt 0.4544830024242401 0.994484007358551 
vt 0.4544830024242401 0.0035250000655651093 
vt 0.4555329978466034 0.003406000090762973 
vt 0.4544830024242401 0.001541999983601272 
vt 0.0019529999699443579 0.0035250000655651093 
vt 0.4413819909095764 0.0035250000655651093 
vt 0.0019529999699443579 0.0035250000655651093 
vt 0.9981210231781006 0.9963470101356506 
vt 0.998278021812439 0.003278000047430396 
vt 0.9981210231781006 0.9963470101356506 
vt 0.9981210231781006 0.9963470101356506 
vt 0.9981210231781006 0.9963470101356506 
vt 0.5607230067253113 0.9963470101356506 
vt 0.998278021812439 0.003278000047430396 
vt 0.998278021812439 0.003278000047430396 
vt 0.9981210231781006 0.9963470101356506 
vt 0.998278021812439 0.003278000047430396 
vt 0.5586730241775513 0.0035250000655651093 
vt 0.998278021812439 0.003278000047430396 
vt 0.4413819909095764 0.9963470101356506 
vt 0.001993000041693449 0.9963470101356506 
vt 0.001993000041693449 0.9963470101356506 
vt 0.5554800033569336 0.0035250000655651093 
vt 0.5586730241775513 0.9964690208435059 
vt 0.5586730241775513 0.005388000048696995 
vt 0.5576210021972656 0.003406000090762973 
vt 0.5554800033569336 0.0015369999455288053 
vt 0.5586730241775513 0.0035250000655651093 
vt 0.44455400109291077 0.0035250000655651093 
vt 0.4512479901313782 0.003406000090762973 
vt 0.44242799282073975 0.001541999983601272 
vt 0.44242799282073975 0.003406000090762973 
vt 0.4512479901313782 0.003406000090762973 
vt 0.4413819909095764 0.02492300048470497 
vt 0.44455400109291077 0.974943995475769 
vt 0.44455400109291077 0.9963470101356506 
vt 0.4413819909095764 0.9946179986000061 
vt 0.44455400109291077 0.9963470101356506 
vt 0.4455060064792633 0.9983339905738831 
vt 0.4393399953842163 0.9964690208435059 
vt 0.4413819909095764 0.9963470101356506 
vt 0.44455400109291077 0.9963470101356506 
vt 0.4413819909095764 0.005388000048696995 
vt 0.44455400109291077 0.9963470101356506 
vt 0.4413819909095764 0.9963470101356506 
vt 0.4393399953842163 0.9964690208435059 
vt 0.44455400109291077 0.9963470101356506 
vt 0.44455400109291077 0.005388000048696995 
vt 0.4413819909095764 0.005388000048696995 
vt 0.4413819909095764 0.0035250000655651093 
vt 0.44455400109291077 0.0035250000655651093 
vt 0.44242799282073975 0.001541999983601272 
vt 0.5454930067062378 0.0035250000655651093 
vt 0.5444350242614746 0.003406000090762973 
vt 0.5444350242614746 0.9963470101356506 
vt 0.5444350242614746 0.001541999983601272 
vt 0.5444350242614746 0.003406000090762973 
vt 0.5454930067062378 0.0035250000655651093 
vt 0.5554800033569336 0.0035250000655651093 
vt 0.5554800033569336 0.9963470101356506 
vt 0.5586730241775513 0.9964690208435059 
vt 0.5554800033569336 0.9963470101356506 
vt 0.5586730241775513 0.9964690208435059 
vt 0.5586730241775513 0.9964690208435059 
vt 0.4555329978466034 0.003406000090762973 
vt 0.4555329978466034 0.9926159977912903 
vt 0.45661601424217224 0.994484007358551 
vt 0.4544830024242401 0.9963470101356506 
vt 0.4523650109767914 0.9983329772949219 
vt 0.45661601424217224 0.9963470101356506 
vt 0.4512479901313782 0.003406000090762973 
vt 0.4534499943256378 0.0035250000655651093 
vt 0.4544830024242401 0.001541999983601272 
vt 0.4512479901313782 0.003406000090762973 
vt 0.4534499943256378 0.0035250000655651093 
vt 0.4512479901313782 0.02492300048470497 
vt 0.5487589836120605 0.0035250000655651093 
vt 0.5444350242614746 0.001541999983601272 
vt 0.5487589836120605 0.0035250000655651093 
vt 0.5465390086174011 0.02492300048470497 
vt 0.5444350242614746 0.003406000090762973 
vt 0.5487589836120605 0.0052559999749064445 
vt 0.4534499943256378 0.974943995475769 
vt 0.4523650109767914 0.9964690208435059 
vt 0.4512479901313782 0.974943995475769 
vt 0.5444350242614746 0.003406000090762973 
vt 0.5465390086174011 0.02492300048470497 
vt 0.543349027633667 0.02492300048470497 
vt 0.5487589836120605 0.007255000062286854 
vt 0.5465390086174011 0.994484007358551 
vt 0.5499230027198792 0.9963470101356506 
vt 0.5454930067062378 0.9963470101356506 
vt 0.5499230027198792 0.9963470101356506 
vt 0.5454930067062378 0.9963470101356506 
vt 0.5465390086174011 0.005388000048696995 
vt 0.5465390086174011 0.994484007358551 
vt 0.5487589836120605 0.007255000062286854 
vt 0.5487589836120605 0.0035250000655651093 
vt 0.5444350242614746 0.001541999983601272 
vt 0.5454930067062378 0.0035250000655651093 
vt 0.5487589836120605 0.974943995475769 
vt 0.5586730241775513 0.974943995475769 
vt 0.5596910119056702 0.994484007358551 
vt 0.45661601424217224 0.9963470101356506 
vt 0.4523650109767914 0.9983329772949219 
vt 0.4555329978466034 0.9964690208435059 
vt 0.4534499943256378 0.974943995475769 
vt 0.4555329978466034 0.9964690208435059 
vt 0.4523650109767914 0.9964690208435059 
vt 0.4512479901313782 0.003406000090762973 
vt 0.4512479901313782 0.02492300048470497 
vt 0.4413819909095764 0.02492300048470497 
vt 0.5444350242614746 0.9963470101356506 
vt 0.5454930067062378 0.9963470101356506 
vt 0.5454930067062378 0.9963470101356506 
vt 0.5454930067062378 0.0035250000655651093 
vt 0.5444350242614746 0.9963470101356506 
vt 0.5454930067062378 0.9963470101356506 
vt 0.5487589836120605 0.9964690208435059 
vt 0.5454930067062378 0.9963470101356506 
vt 0.5487589836120605 0.974943995475769 
vt 0.5454930067062378 0.9963470101356506 
vt 0.5487589836120605 0.9964690208435059 
vt 0.5499230027198792 0.9963470101356506 
vt 0.5586730241775513 0.02492300048470497 
vt 0.5487589836120605 0.02492300048470497 
vt 0.5586730241775513 0.005388000048696995 
vt 0.5454930067062378 0.9963470101356506 
vt 0.5444350242614746 0.974943995475769 
vt 0.5487589836120605 0.974943995475769 
vt 0.4512479901313782 0.974943995475769 
vt 0.4523650109767914 0.9964690208435059 
vt 0.44455400109291077 0.974943995475769 
vt 0.4534499943256378 0.9963470101356506 
vt 0.4534499943256378 0.0035250000655651093 
vt 0.4512479901313782 0.005388000048696995 
vt 0.4512479901313782 0.005388000048696995 
vt 0.4534499943256378 0.0035250000655651093 
vt 0.44455400109291077 0.0035250000655651093 
vt 0.4577479958534241 0.0035250000655651093 
vt 0.45661601424217224 0.005388000048696995 
vt 0.543349027633667 0.005388000048696995 
vt 0.45661601424217224 0.005388000048696995 
vt 0.4555329978466034 0.003406000090762973 
vt 0.45661601424217224 0.994484007358551 
vt 0.4534499943256378 0.0035250000655651093 
vt 0.4555329978466034 0.02492300048470497 
vt 0.4512479901313782 0.02492300048470497 
vt 0.4534499943256378 0.9963470101356506 
vt 0.4544830024242401 0.994484007358551 
vt 0.4534499943256378 0.0035250000655651093 
vt 0.4544830024242401 0.9963470101356506 
vt 0.4534499943256378 0.9963470101356506 
vt 0.4523650109767914 0.9983329772949219 
vt 0.5465390086174011 0.005388000048696995 
vt 0.5454930067062378 0.0035250000655651093 
vt 0.5465390086174011 0.994484007358551 
vt 0.5454930067062378 0.0035250000655651093 
vt 0.5465390086174011 0.005388000048696995 
vt 0.5487589836120605 0.0035250000655651093 
vt 0.5596910119056702 0.994484007358551 
vt 0.5607230067253113 0.9963470101356506 
vt 0.9981210231781006 0.9963470101356506 
vt 0.5586730241775513 0.005388000048696995 
vt 0.5586730241775513 0.9964690208435059 
vt 0.5596910119056702 0.994484007358551 
vt 0.5444350242614746 0.003406000090762973 
vt 0.543349027633667 0.005388000048696995 
vt 0.5444350242614746 0.9963470101356506 
vt 0.5444350242614746 0.003406000090762973 
vt 0.4577479958534241 0.0035250000655651093 
vt 0.543349027633667 0.005388000048696995 
vt 0.5465390086174011 0.994484007358551 
vt 0.5454930067062378 0.9963470101356506 
vt 0.5499230027198792 0.9963470101356506 
vt 0.5454930067062378 0.0035250000655651093 
vt 0.5454930067062378 0.9963470101356506 
vt 0.5465390086174011 0.994484007358551 
vt 0.4534499943256378 0.0035250000655651093 
vt 0.4544830024242401 0.0035250000655651093 
vt 0.4544830024242401 0.001541999983601272 
vt 0.4544830024242401 0.994484007358551 
vt 0.4544830024242401 0.0035250000655651093 
vt 0.4534499943256378 0.0035250000655651093 
vt 0.4413819909095764 0.005388000048696995 
vt 0.4413819909095764 0.0035250000655651093 
vt 0.0019529999699443579 0.0035250000655651093 
vt 0.44455400109291077 0.005388000048696995 
vt 0.4413819909095764 0.0035250000655651093 
vt 0.4413819909095764 0.005388000048696995 
vt 0.4555329978466034 0.9926159977912903 
vt 0.4555329978466034 0.003406000090762973 
vt 0.4544830024242401 0.994484007358551 
vt 0.45661601424217224 0.9963470101356506 
vt 0.4555329978466034 0.9926159977912903 
vt 0.4544830024242401 0.9963470101356506 
vt 0.4500940144062042 0.9963470101356506 
vt 0.4512479901313782 0.005388000048696995 
vt 0.44455400109291077 0.9963470101356506 
vt 0.4500940144062042 0.9963470101356506 
vt 0.44455400109291077 0.9963470101356506 
vt 0.4455060064792633 0.9983339905738831 
vt 0.5586730241775513 0.0035250000655651093 
vt 0.5586730241775513 0.005388000048696995 
vt 0.998278021812439 0.003278000047430396 
vt 0.5586730241775513 0.0035250000655651093 
vt 0.5554800033569336 0.0035250000655651093 
vt 0.5586730241775513 0.005388000048696995 
vt 0.5487589836120605 0.02492300048470497 
vt 0.5465390086174011 0.02492300048470497 
vt 0.5487589836120605 0.0052559999749064445 
vt 0.5586730241775513 0.005388000048696995 
vt 0.5576210021972656 0.003406000090762973 
vt 0.998278021812439 0.003278000047430396 
vt 0.5487589836120605 0.0052559999749064445 
vt 0.5576210021972656 0.003406000090762973 
vt 0.5586730241775513 0.005388000048696995 
vt 0.4512479901313782 0.003406000090762973 
vt 0.4544830024242401 0.001541999983601272 
vt 0.4534499943256378 0.0035250000655651093 
vt 0.4555329978466034 0.003406000090762973 
vt 0.4544830024242401 0.001541999983601272 
vt 0.5444350242614746 0.001541999983601272 
vt 0.44242799282073975 0.003406000090762973 
vt 0.4413819909095764 0.02492300048470497 
vt 0.44036900997161865 0.0052559999749064445 
vt 0.44242799282073975 0.003406000090762973 
vt 0.44036900997161865 0.0052559999749064445 
vt 0.0019529999699443579 0.0035250000655651093 
vt 0.4523650109767914 0.9983329772949219 
vt 0.4455060064792633 0.9983339905738831 
vt 0.44455400109291077 0.9963470101356506 
vt 0.44455400109291077 0.974943995475769 
vt 0.4523650109767914 0.9964690208435059 
vt 0.44455400109291077 0.9963470101356506 
vt 0.4534499943256378 0.0035250000655651093 
vt 0.4555329978466034 0.003406000090762973 
vt 0.4555329978466034 0.02492300048470497 
vt 0.4534499943256378 0.0035250000655651093 
vt 0.4544830024242401 0.001541999983601272 
vt 0.4555329978466034 0.003406000090762973 
vt 0.4523650109767914 0.9983329772949219 
vt 0.4534499943256378 0.9963470101356506 
vt 0.4455060064792633 0.9983339905738831 
vt 0.4534499943256378 0.9963470101356506 
vt 0.4500940144062042 0.9963470101356506 
vt 0.4455060064792633 0.9983339905738831 
vt 0.5444350242614746 0.003406000090762973 
vt 0.5444350242614746 0.001541999983601272 
vt 0.5487589836120605 0.0035250000655651093 
vt 0.5444350242614746 0.003406000090762973 
vt 0.4555329978466034 0.003406000090762973 
vt 0.5444350242614746 0.001541999983601272 
vt 0.543349027633667 0.9963470101356506 
vt 0.45661601424217224 0.994484007358551 
vt 0.45661601424217224 0.9963470101356506 
vt 0.45661601424217224 0.994484007358551 
vt 0.4555329978466034 0.9926159977912903 
vt 0.45661601424217224 0.9963470101356506 
vt 0.44242799282073975 0.001541999983601272 
vt 0.44242799282073975 0.003406000090762973 
vt 0.0019529999699443579 0.0035250000655651093 
vt 0.44242799282073975 0.001541999983601272 
vt 0.4512479901313782 0.003406000090762973 
vt 0.44242799282073975 0.003406000090762973 
vt 0.5444350242614746 0.9963470101356506 
vt 0.543349027633667 0.005388000048696995 
vt 0.543349027633667 0.9963470101356506 
vt -527.940185546875 -392.0915222167969 
vt -689.09619140625 -392.0915222167969 
vt -524.1011352539062 -391.38385009765625 
vt 0.4523650109767914 0.9964690208435059 
vt 0.4523650109767914 0.9983329772949219 
vt 0.44455400109291077 0.9963470101356506 
vt 0.4523650109767914 0.9983329772949219 
vt 0.4523650109767914 0.9964690208435059 
vt 0.4555329978466034 0.9964690208435059 
vt 0.44455400109291077 0.005388000048696995 
vt 0.44455400109291077 0.0035250000655651093 
vt 0.4413819909095764 0.0035250000655651093 
vt 0.4512479901313782 0.005388000048696995 
vt 0.44455400109291077 0.0035250000655651093 
vt 0.44455400109291077 0.005388000048696995 
vt 0.4413819909095764 0.9963470101356506 
vt 0.44036900997161865 0.994484007358551 
vt 0.001993000041693449 0.9963470101356506 
vt 0.4413819909095764 0.9963470101356506 
vt 0.4413819909095764 0.005388000048696995 
vt 0.44036900997161865 0.994484007358551 
vt 0.5422130227088928 0.9964690208435059 
vt 0.5444350242614746 0.974943995475769 
vt 0.5454930067062378 0.9963470101356506 
vt 0.5422130227088928 0.9964690208435059 
vt 0.5454930067062378 0.9963470101356506 
vt 0.5444350242614746 0.9963470101356506 
vt 0.4413819909095764 0.9946179986000061 
vt 0.4393399953842163 0.9964690208435059 
vt 0.001993000041693449 0.9963470101356506 
vt 0.4413819909095764 0.9946179986000061 
vt 0.44455400109291077 0.9963470101356506 
vt 0.4393399953842163 0.9964690208435059 
vt 0.44455400109291077 0.974943995475769 
vt 0.4413819909095764 0.9946179986000061 
vt 0.4393399953842163 0.974943995475769 
vt 0.4555329978466034 0.9926159977912903 
vt 0.4544830024242401 0.994484007358551 
vt 0.4544830024242401 0.9963470101356506 
vt 0.4544830024242401 0.9963470101356506 
vt 0.4544830024242401 0.994484007358551 
vt 0.4534499943256378 0.9963470101356506 
vt 0.5586730241775513 0.9964690208435059 
vt 0.5545200109481812 0.9983329772949219 
vt 0.5487589836120605 0.9964690208435059 
vt 0.5487589836120605 0.9964690208435059 
vt 0.5545200109481812 0.9983329772949219 
vt 0.5499230027198792 0.9963470101356506 
vt 692.9352416992188 -391.2242126464844 
vt 685.4110717773438 -392.0379638671875 
vt 524.1011352539062 -391.2242126464844 
vt 0.4577479958534241 0.0035250000655651093 
vt 0.4555329978466034 0.003406000090762973 
vt 0.45661601424217224 0.005388000048696995 
vt 0.4534499943256378 0.974943995475769 
vt 0.45661601424217224 0.974943995475769 
vt 0.4555329978466034 0.9964690208435059 
vt 0.5586730241775513 0.9964690208435059 
vt 0.5586730241775513 0.9964690208435059 
vt 0.5607230067253113 0.9963470101356506 
vt 0.5596910119056702 0.994484007358551 
vt 0.5586730241775513 0.9964690208435059 
vt 0.5607230067253113 0.9963470101356506 
vt 0.5554800033569336 0.0015369999455288053 
vt 0.5554800033569336 0.0035250000655651093 
vt 0.5586730241775513 0.0035250000655651093 
vt 0.5554800033569336 0.0035250000655651093 
vt 0.5554800033569336 0.0015369999455288053 
vt 0.5487589836120605 0.0035250000655651093 
vt 0.5586730241775513 0.9964690208435059 
vt 0.5487589836120605 0.974943995475769 
vt 0.5596910119056702 0.994484007358551 
vt 0.5586730241775513 0.9964690208435059 
vt 0.5596910119056702 0.994484007358551 
vt 0.9981210231781006 0.9963470101356506 
vt 0.5444350242614746 0.003406000090762973 
vt 0.5487589836120605 0.0035250000655651093 
vt 0.5487589836120605 0.0052559999749064445 
vt 0.5487589836120605 0.0052559999749064445 
vt 0.5487589836120605 0.0035250000655651093 
vt 0.5576210021972656 0.003406000090762973 
vt 0.5487589836120605 0.0035250000655651093 
vt 0.5487589836120605 0.007255000062286854 
vt 0.5554800033569336 0.0035250000655651093 
vt 0.5465390086174011 0.005388000048696995 
vt 0.5487589836120605 0.007255000062286854 
vt 0.5487589836120605 0.0035250000655651093 
s on 
f 1/1/1 2/2/2 3/3/3 
f 2/2/2 4/4/4 3/3/3 
f 3/3/3 4/4/4 5/5/5 
f 4/4/4 5/5/5 5/5/5 
f 5/5/5 5/5/5 6/6/6 
f 5/5/5 6/6/6 6/6/6 
f 6/6/6 6/6/6 6/6/6 
f 6/6/6 7/7/7 6/6/6 
f 6/6/6 7/7/7 8/8/8 
f 7/7/7 9/9/9 8/8/8 
f 8/8/8 9/9/9 10/10/10 
f 9/9/9 11/11/11 10/10/10 
f 10/10/10 11/11/11 12/12/12 
f 11/11/11 13/13/13 12/12/12 
f 12/12/12 13/13/13 13/13/13 
f 13/13/13 7/7/7 13/13/13 
f 13/13/13 7/7/7 7/7/7 
f 7/7/7 14/14/14 7/7/7 
f 7/7/7 14/14/14 9/9/9 
f 14/14/14 15/15/15 9/9/9 
f 9/9/9 15/15/15 11/11/11 
f 15/15/15 16/16/16 11/11/11 
f 11/11/11 16/16/16 13/13/13 
f 16/16/16 13/13/13 13/13/13 
f 13/13/13 13/13/13 17/17/17 
f 13/13/13 17/17/17 17/17/17 
f 17/17/17 17/17/17 17/17/17 
f 17/17/17 18/18/18 17/17/17 
f 17/17/17 18/18/18 19/19/19 
f 18/18/18 20/20/20 19/19/19 
f 19/19/19 20/20/20 20/20/20 
f 20/20/20 18/18/18 20/20/20 
f 20/20/20 18/18/18 21/21/21 
f 18/18/18 22/22/22 21/21/21 
f 21/21/21 22/22/22 23/23/23 
f 22/22/22 24/24/24 23/23/23 
f 23/23/23 24/24/24 24/24/24 
f 24/24/24 25/25/25 24/24/24 
f 24/24/24 25/25/25 25/25/25 
f 25/25/25 26/26/26 25/25/25 
f 25/25/25 26/26/26 27/27/27 
f 26/26/26 28/28/28 27/27/27 
f 27/27/27 28/28/28 28/28/28 
f 28/28/28 26/26/26 28/28/28 
f 28/28/28 26/26/26 26/26/26 
f 26/26/26 29/29/29 26/26/26 
f 26/26/26 29/29/29 28/28/28 
f 29/29/29 30/30/30 28/28/28 
f 28/28/28 30/30/30 30/30/30 
f 30/30/30 29/29/29 30/30/30 
f 30/30/30 29/29/29 29/29/29 
f 29/29/29 31/31/31 29/29/29 
f 29/29/29 31/31/31 30/30/30 
f 31/31/31 32/32/32 30/30/30 
f 30/30/30 32/32/32 33/33/33 
f 32/32/32 34/34/34 33/33/33 
f 33/33/33 34/34/34 35/35/35 
f 34/34/34 32/32/32 35/35/35 
f 35/35/35 32/32/32 36/36/36 
f 32/32/32 36/36/36 36/36/36 
f 36/36/36 36/36/36 35/35/35 
f 36/36/36 35/35/35 35/35/35 
f 35/35/35 35/35/35 35/35/35 
f 35/35/35 37/37/37 35/35/35 
f 35/35/35 37/37/37 33/33/33 
f 37/37/37 30/30/30 33/33/33 
f 33/33/33 30/30/30 30/30/30 
f 30/30/30 38/38/38 30/30/30 
f 30/30/30 38/38/38 38/38/38 
f 38/38/38 39/39/39 38/38/38 
f 38/38/38 39/39/39 40/40/40 
f 39/39/39 41/41/41 40/40/40 
f 40/40/40 41/41/41 41/41/41 
f 41/41/41 42/42/42 41/41/41 
f 41/41/41 42/42/42 42/42/42 
f 42/42/42 43/43/43 42/42/42 
f 42/42/42 43/43/43 44/44/44 
f 43/43/43 45/45/45 44/44/44 
f 44/44/44 45/45/45 45/45/45 
f 45/45/45 43/43/43 45/45/45 
f 45/45/45 43/43/43 46/46/46 
f 43/43/43 47/47/47 46/46/46 
f 46/46/46 47/47/47 47/47/47 
f 47/47/47 45/45/45 47/47/47 
f 47/47/47 45/45/45 45/45/45 
f 45/45/45 46/46/46 45/45/45 
f 45/45/45 46/46/46 48/48/48 
f 46/46/46 49/49/49 48/48/48 
f 48/48/48 49/49/49 49/49/49 
f 49/49/49 46/46/46 49/49/49 
f 49/49/49 46/46/46 50/50/50 
f 46/46/46 51/51/51 50/50/50 
f 50/50/50 51/51/51 51/51/51 
f 51/51/51 46/46/46 51/51/51 
f 51/51/51 46/46/46 52/52/52 
f 46/46/46 53/53/53 52/52/52 
f 52/52/52 53/53/53 53/53/53 
f 53/53/53 46/46/46 53/53/53 
f 53/53/53 46/46/46 54/54/54 
f 46/46/46 55/55/55 54/54/54 
f 54/54/54 55/55/55 55/55/55 
f 55/55/55 46/46/46 55/55/55 
f 55/55/55 46/46/46 56/56/56 
f 46/46/46 57/57/57 56/56/56 
f 56/56/56 57/57/57 58/58/58 
f 57/57/57 59/59/59 58/58/58 
f 58/58/58 59/59/59 59/59/59 
f 59/59/59 57/57/57 59/59/59 
f 59/59/59 57/57/57 57/57/57 
f 57/57/57 60/60/60 57/57/57 
f 57/57/57 60/60/60 59/59/59 
f 60/60/60 61/61/61 59/59/59 
f 59/59/59 61/61/61 62/62/62 
f 61/61/61 63/63/63 62/62/62 
f 62/62/62 63/63/63 64/64/64 
f 63/63/63 65/65/65 64/64/64 
f 64/64/64 65/65/65 66/66/66 
f 65/65/65 67/67/67 66/66/66 
f 66/66/66 67/67/67 68/68/68 
f 67/67/67 69/69/69 68/68/68 
f 68/68/68 69/69/69 70/70/70 
f 69/69/69 71/71/71 70/70/70 
f 70/70/70 71/71/71 72/72/72 
f 71/71/71 73/73/73 72/72/72 
f 72/72/72 73/73/73 74/74/74 
f 73/73/73 75/75/75 74/74/74 
f 74/74/74 75/75/75 76/76/76 
f 75/75/75 77/77/77 76/76/76 
f 76/76/76 77/77/77 78/78/78 
f 77/77/77 79/79/79 78/78/78 
f 78/78/78 79/79/79 80/80/80 
f 79/79/79 81/81/81 80/80/80 
f 80/80/80 81/81/81 82/82/82 
f 81/81/81 82/82/82 82/82/82 
f 82/82/82 82/82/82 83/83/83 
f 82/82/82 83/83/83 83/83/83 
f 83/83/83 83/83/83 83/83/83 
f 83/83/83 84/84/84 83/83/83 
f 83/83/83 84/84/84 85/85/85 
f 84/84/84 86/86/86 85/85/85 
f 85/85/85 86/86/86 87/87/87 
f 86/86/86 87/87/87 87/87/87 
f 87/87/87 87/87/87 87/87/87 
f 87/87/87 88/88/88 87/87/87 
f 87/87/87 88/88/88 85/85/85 
f 88/88/88 89/89/89 85/85/85 
f 85/85/85 89/89/89 90/90/90 
f 89/89/89 90/90/90 90/90/90 
f 90/90/90 90/90/90 90/90/90 
f 90/90/90 91/91/91 90/90/90 
f 90/90/90 91/91/91 85/85/85 
f 91/91/91 92/92/92 85/85/85 
f 85/85/85 92/92/92 93/93/93 
f 92/92/92 93/93/93 93/93/93 
f 93/93/93 93/93/93 93/93/93 
f 93/93/93 57/57/57 93/93/93 
f 93/93/93 57/57/57 85/85/85 
f 57/57/57 94/94/94 85/85/85 
f 85/85/85 94/94/94 94/94/94 
f 94/94/94 95/95/95 94/94/94 
f 94/94/94 95/95/95 95/95/95 
f 95/95/95 96/96/96 95/95/95 
f 95/95/95 96/96/96 97/97/97 
f 96/96/96 98/98/98 97/97/97 
f 97/97/97 98/98/98 98/98/98 
f 98/98/98 99/99/99 98/98/98 
f 98/98/98 99/99/99 99/99/99 
f 99/99/99 100/100/100 99/99/99 
f 99/99/99 100/100/100 101/101/101 
f 100/100/100 102/102/102 101/101/101 
f 101/101/101 102/102/102 103/103/103 
f 102/102/102 104/104/104 103/103/103 
f 103/103/103 104/104/104 104/104/104 
f 104/104/104 100/100/100 104/104/104 
f 104/104/104 100/100/100 100/100/100 
f 100/100/100 105/105/105 100/100/100 
f 100/100/100 105/105/105 102/102/102 
f 105/105/105 106/106/106 102/102/102 
f 102/102/102 106/106/106 104/104/104 
f 106/106/106 107/107/107 104/104/104 
f 104/104/104 107/107/107 108/108/108 
f 107/107/107 109/109/109 108/108/108 
f 108/108/108 109/109/109 109/109/109 
f 109/109/109 106/106/106 109/109/109 
f 109/109/109 106/106/106 106/106/106 
f 106/106/106 110/110/110 106/106/106 
f 106/106/106 110/110/110 107/107/107 
f 110/110/110 111/111/111 107/107/107 
f 107/107/107 111/111/111 109/109/109 
f 111/111/111 109/109/109 109/109/109 
f 109/109/109 109/109/109 112/112/112 
f 109/109/109 112/112/112 112/112/112 
f 112/112/112 112/112/112 112/112/112 
f 112/112/112 113/113/113 112/112/112 
f 112/112/112 113/113/113 114/114/114 
f 113/113/113 115/115/115 114/114/114 
f 114/114/114 115/115/115 115/115/115 
f 115/115/115 116/116/116 115/115/115 
f 115/115/115 116/116/116 116/116/116 
f 116/116/116 117/117/117 116/116/116 
f 116/116/116 117/117/117 118/118/118 
f 117/117/117 119/119/119 118/118/118 
f 118/118/118 119/119/119 119/119/119 
f 119/119/119 120/120/120 119/119/119 
f 119/119/119 120/120/120 120/120/120 
f 120/120/120 121/121/121 120/120/120 
f 120/120/120 121/121/121 122/122/122 
f 121/121/121 123/123/123 122/122/122 
f 122/122/122 123/123/123 123/123/123 
f 123/123/123 121/121/121 123/123/123 
f 123/123/123 121/121/121 121/121/121 
f 121/121/121 124/124/124 121/121/121 
f 121/121/121 124/124/124 123/123/123 
f 124/124/124 125/125/125 123/123/123 
f 123/123/123 125/125/125 126/126/126 
f 125/125/125 127/127/127 126/126/126 
f 126/126/126 127/127/127 128/128/128 
f 127/127/127 129/129/129 128/128/128 
f 128/128/128 129/129/129 130/130/130 
f 129/129/129 131/131/131 130/130/130 
f 130/130/130 131/131/131 132/132/132 
f 131/131/131 133/133/133 132/132/132 
f 132/132/132 133/133/133 134/134/134 
f 133/133/133 135/135/135 134/134/134 
f 134/134/134 135/135/135 136/136/136 
f 135/135/135 137/137/137 136/136/136 
f 136/136/136 137/137/137 138/138/138 
f 137/137/137 139/139/139 138/138/138 
f 138/138/138 139/139/139 139/139/139 
f 139/139/139 137/137/137 139/139/139 
f 139/139/139 137/137/137 137/137/137 
f 137/137/137 140/140/140 137/137/137 
f 137/137/137 140/140/140 139/139/139 
f 140/140/140 141/141/141 139/139/139 
f 139/139/139 141/141/141 141/141/141 
f 141/141/141 140/140/140 141/141/141 
f 141/141/141 140/140/140 140/140/140 
f 140/140/140 142/142/142 140/140/140 
f 140/140/140 142/142/142 141/141/141 
f 142/142/142 143/143/143 141/141/141 
f 141/141/141 143/143/143 143/143/143 
f 143/143/143 144/144/144 143/143/143 
f 143/143/143 144/144/144 144/144/144 
f 144/144/144 145/145/145 144/144/144 
f 144/144/144 145/145/145 146/146/146 
f 145/145/145 147/147/147 146/146/146 
f 146/146/146 147/147/147 148/148/148 
f 147/147/147 149/149/149 148/148/148 
f 148/148/148 149/149/149 150/150/150 
f 149/149/149 150/150/150 150/150/150 
f 150/150/150 150/150/150 150/150/150 
f 150/150/150 151/151/151 150/150/150 
f 150/150/150 151/151/151 148/148/148 
f 151/151/151 152/152/152 148/148/148 
f 148/148/148 152/152/152 153/153/153 
f 152/152/152 153/153/153 153/153/153 
f 153/153/153 153/153/153 153/153/153 
f 153/153/153 154/154/154 153/153/153 
f 153/153/153 154/154/154 148/148/148 
f 154/154/154 155/155/155 148/148/148 
f 148/148/148 155/155/155 156/156/156 
f 155/155/155 156/156/156 156/156/156 
f 156/156/156 156/156/156 156/156/156 
f 156/156/156 157/157/157 156/156/156 
f 156/156/156 157/157/157 148/148/148 
f 157/157/157 158/158/158 148/148/148 
f 148/148/148 158/158/158 159/159/159 
f 158/158/158 160/160/160 159/159/159 
f 159/159/159 160/160/160 161/161/161 
f 160/160/160 161/161/161 161/161/161 
f 161/161/161 161/161/161 157/157/157 
f 161/161/161 157/157/157 157/157/157 
f 157/157/157 157/157/157 157/157/157 
f 157/157/157 162/162/162 157/157/157 
f 157/157/157 162/162/162 158/158/158 
f 162/162/162 163/163/163 158/158/158 
f 158/158/158 163/163/163 164/164/164 
f 163/163/163 165/165/165 164/164/164 
f 164/164/164 165/165/165 165/165/165 
f 165/165/165 163/163/163 165/165/165 
f 165/165/165 163/163/163 163/163/163 
f 163/163/163 166/166/166 163/163/163 
f 163/163/163 166/166/166 165/165/165 
f 166/166/166 167/167/167 165/165/165 
f 165/165/165 167/167/167 167/167/167 
f 167/167/167 166/166/166 167/167/167 
f 167/167/167 166/166/166 166/166/166 
f 166/166/166 168/168/168 166/166/166 
f 166/166/166 168/168/168 167/167/167 
f 168/168/168 169/169/169 167/167/167 
f 167/167/167 169/169/169 169/169/169 
f 169/169/169 168/168/168 169/169/169 
f 169/169/169 168/168/168 168/168/168 
f 168/168/168 170/170/170 168/168/168 
f 168/168/168 170/170/170 169/169/169 
f 170/170/170 171/171/171 169/169/169 
f 169/169/169 171/171/171 171/171/171 
f 171/171/171 170/170/170 171/171/171 
f 171/171/171 170/170/170 170/170/170 
f 170/170/170 172/172/172 170/170/170 
f 170/170/170 172/172/172 171/171/171 
f 172/172/172 173/173/173 171/171/171 
f 171/171/171 173/173/173 173/173/173 
f 173/173/173 172/172/172 173/173/173 
f 173/173/173 172/172/172 172/172/172 
f 172/172/172 174/174/174 172/172/172 
f 172/172/172 174/174/174 173/173/173 
f 174/174/174 175/175/175 173/173/173 
f 173/173/173 175/175/175 175/175/175 
f 175/175/175 174/174/174 175/175/175 
f 175/175/175 174/174/174 174/174/174 
f 174/174/174 176/176/176 174/174/174 
f 174/174/174 176/176/176 175/175/175 
f 176/176/176 177/177/177 175/175/175 
f 175/175/175 177/177/177 177/177/177 
f 177/177/177 176/176/176 177/177/177 
f 177/177/177 176/176/176 176/176/176 
f 176/176/176 178/178/178 176/176/176 
f 176/176/176 178/178/178 177/177/177 
f 178/178/178 179/179/179 177/177/177 
f 177/177/177 179/179/179 179/179/179 
f 179/179/179 178/178/178 179/179/179 
f 179/179/179 178/178/178 178/178/178 
f 178/178/178 180/180/180 178/178/178 
f 178/178/178 180/180/180 179/179/179 
f 180/180/180 181/181/181 179/179/179 
f 179/179/179 181/181/181 181/181/181 
f 181/181/181 180/180/180 181/181/181 
f 181/181/181 180/180/180 180/180/180 
f 180/180/180 182/182/182 180/180/180 
f 180/180/180 182/182/182 181/181/181 
f 182/182/182 183/183/183 181/181/181 
f 181/181/181 183/183/183 183/183/183 
f 183/183/183 182/182/182 183/183/183 
f 183/183/183 182/182/182 182/182/182 
f 182/182/182 184/184/184 182/182/182 
f 182/182/182 184/184/184 183/183/183 
f 184/184/184 185/185/185 183/183/183 
f 183/183/183 185/185/185 185/185/185 
f 185/185/185 186/186/186 185/185/185 
f 185/185/185 186/186/186 186/186/186 
f 186/186/186 187/187/187 186/186/186 
f 186/186/186 187/187/187 188/188/188 
f 187/187/187 189/189/189 188/188/188 
f 188/188/188 189/189/189 189/189/189 
f 189/189/189 187/187/187 189/189/189 
f 189/189/189 187/187/187 187/187/187 
f 187/187/187 190/190/190 187/187/187 
f 187/187/187 190/190/190 189/189/189 
f 190/190/190 191/191/191 189/189/189 
f 189/189/189 191/191/191 191/191/191 
f 191/191/191 190/190/190 191/191/191 
f 191/191/191 190/190/190 190/190/190 
f 190/190/190 192/192/192 190/190/190 
f 190/190/190 192/192/192 191/191/191 
f 192/192/192 193/193/193 191/191/191 
f 191/191/191 193/193/193 193/193/193 
f 193/193/193 192/192/192 193/193/193 
f 193/193/193 192/192/192 192/192/192 
f 192/192/192 194/194/194 192/192/192 
f 192/192/192 194/194/194 193/193/193 
f 194/194/194 195/195/195 193/193/193 
f 193/193/193 195/195/195 196/196/196 
f 195/195/195 197/197/197 196/196/196 
f 196/196/196 197/197/197 198/198/198 
f 197/197/197 198/198/198 198/198/198 
f 198/198/198 198/198/198 198/198/198 
f 198/198/198 199/199/199 198/198/198 
f 198/198/198 199/199/199 196/196/196 
f 199/199/199 200/200/200 196/196/196 
f 196/196/196 200/200/200 200/200/200 
f 200/200/200 199/199/199 200/200/200 
f 200/200/200 199/199/199 201/201/201 
f 199/199/199 202/202/202 201/201/201 
f 201/201/201 202/202/202 203/203/203 
f 202/202/202 203/203/203 203/203/203 
f 203/203/203 203/203/203 200/200/200 
f 203/203/203 200/200/200 200/200/200 
f 200/200/200 200/200/200 200/200/200 
f 200/200/200 201/201/201 200/200/200 
f 200/200/200 201/201/201 204/204/204 
f 201/201/201 203/203/203 204/204/204 
f 204/204/204 203/203/203 205/205/205 
f 203/203/203 206/206/206 205/205/205 
f 205/205/205 206/206/206 206/206/206 
f 206/206/206 207/207/207 206/206/206 
f 206/206/206 207/207/207 207/207/207 
f 207/207/207 208/208/208 207/207/207 
f 207/207/207 208/208/208 209/209/209 
f 208/208/208 210/210/210 209/209/209 
f 209/209/209 210/210/210 210/210/210 
f 210/210/210 211/211/211 210/210/210 
f 210/210/210 211/211/211 211/211/211 
f 211/211/211 212/212/212 211/211/211 
f 211/211/211 212/212/212 213/213/213 
f 212/212/212 214/214/214 213/213/213 
f 213/213/213 214/214/214 214/214/214 
f 214/214/214 212/212/212 214/214/214 
f 214/214/214 212/212/212 215/215/215 
f 212/212/212 216/216/216 215/215/215 
f 215/215/215 216/216/216 217/217/217 
f 216/216/216 218/218/218 217/217/217 
f 217/217/217 218/218/218 219/219/219 
f 218/218/218 219/219/219 219/219/219 
f 219/219/219 219/219/219 220/220/220 
f 219/219/219 220/220/220 220/220/220 
f 220/220/220 220/220/220 220/220/220 
f 220/220/220 221/221/221 220/220/220 
f 220/220/220 221/221/221 222/222/222 
f 221/221/221 223/223/223 222/222/222 
f 222/222/222 223/223/223 223/223/223 
f 223/223/223 31/31/31 223/223/223 
f 223/223/223 31/31/31 31/31/31 
f 31/31/31 29/29/29 31/31/31 
f 31/31/31 29/29/29 224/224/224 
f 29/29/29 225/225/225 224/224/224 
f 224/224/224 225/225/225 225/225/225 
f 225/225/225 226/226/226 225/225/225 
f 225/225/225 226/226/226 226/226/226 
f 226/226/226 227/227/227 226/226/226 
f 226/226/226 227/227/227 228/228/228 
f 227/227/227 229/229/229 228/228/228 
f 228/228/228 229/229/229 229/229/229 
f 229/229/229 230/230/230 229/229/229 
f 229/229/229 230/230/230 230/230/230 
f 230/230/230 231/231/231 230/230/230 
f 230/230/230 231/231/231 232/232/232 
f 231/231/231 233/233/233 232/232/232 
f 232/232/232 233/233/233 233/233/233 
f 233/233/233 231/231/231 233/233/233 
f 233/233/233 231/231/231 231/231/231 
f 231/231/231 234/234/234 231/231/231 
f 231/231/231 234/234/234 233/233/233 
f 234/234/234 235/235/235 233/233/233 
f 233/233/233 235/235/235 236/236/236 
f 235/235/235 237/237/237 236/236/236 
f 236/236/236 237/237/237 238/238/238 
f 237/237/237 239/239/239 238/238/238 
f 238/238/238 239/239/239 239/239/239 
f 239/239/239 237/237/237 239/239/239 
f 239/239/239 237/237/237 237/237/237 
f 237/237/237 240/240/240 237/237/237 
f 237/237/237 240/240/240 239/239/239 
f 240/240/240 241/241/241 239/239/239 
f 239/239/239 241/241/241 242/242/242 
f 241/241/241 243/243/243 242/242/242 
f 242/242/242 243/243/243 100/100/100 
f 243/243/243 105/105/105 100/100/100 
f 100/100/100 105/105/105 105/105/105 
f 105/105/105 243/243/243 105/105/105 
f 105/105/105 243/243/243 243/243/243 
f 243/243/243 244/244/244 243/243/243 
f 243/243/243 244/244/244 105/105/105 
f 244/244/244 245/245/245 105/105/105 
f 105/105/105 245/245/245 246/246/246 
f 245/245/245 247/247/247 246/246/246 
f 246/246/246 247/247/247 248/248/248 
f 247/247/247 248/248/248 248/248/248 
f 248/248/248 248/248/248 246/246/246 
f 248/248/248 246/246/246 246/246/246 
f 246/246/246 246/246/246 246/246/246 
f 246/246/246 248/248/248 246/246/246 
f 246/246/246 248/248/248 249/249/249 
f 248/248/248 250/250/250 249/249/249 
f 249/249/249 250/250/250 251/251/251 
f 250/250/250 252/252/252 251/251/251 
f 251/251/251 252/252/252 252/252/252 
f 252/252/252 253/253/253 252/252/252 
f 252/252/252 253/253/253 253/253/253 
f 253/253/253 254/254/254 253/253/253 
f 253/253/253 254/254/254 255/255/255 
f 254/254/254 256/256/256 255/255/255 
f 255/255/255 256/256/256 256/256/256 
f 256/256/256 257/257/257 256/256/256 
f 256/256/256 257/257/257 257/257/257 
f 257/257/257 258/258/258 257/257/257 
f 257/257/257 258/258/258 259/259/259 
f 258/258/258 260/260/260 259/259/259 
f 259/259/259 260/260/260 261/261/261 
f 260/260/260 262/262/262 261/261/261 
f 261/261/261 262/262/262 263/263/263 
f 262/262/262 264/264/264 263/263/263 
f 263/263/263 264/264/264 265/265/265 
f 264/264/264 266/266/266 265/265/265 
f 265/265/265 266/266/266 266/266/266 
f 266/266/266 262/262/262 266/266/266 
f 266/266/266 262/262/262 262/262/262 
f 262/262/262 267/267/267 262/262/262 
f 262/262/262 267/267/267 264/264/264 
f 267/267/267 268/268/268 264/264/264 
f 264/264/264 268/268/268 266/266/266 
f 268/268/268 269/269/269 266/266/266 
f 266/266/266 269/269/269 270/270/270 
f 269/269/269 271/271/271 270/270/270 
f 270/270/270 271/271/271 271/271/271 
f 271/271/271 268/268/268 271/271/271 
f 271/271/271 268/268/268 268/268/268 
f 268/268/268 272/272/272 268/268/268 
f 268/268/268 272/272/272 269/269/269 
f 272/272/272 273/273/273 269/269/269 
f 269/269/269 273/273/273 271/271/271 
f 273/273/273 274/274/274 271/271/271 
f 271/271/271 274/274/274 275/275/275 
f 274/274/274 276/276/276 275/275/275 
f 275/275/275 276/276/276 277/277/277 
f 276/276/276 278/278/278 277/277/277 
f 277/277/277 278/278/278 278/278/278 
f 278/278/278 273/273/273 278/278/278 
f 278/278/278 273/273/273 273/273/273 
f 273/273/273 279/279/279 273/273/273 
f 273/273/273 279/279/279 274/274/274 
f 279/279/279 278/278/278 274/274/274 
f 274/274/274 278/278/278 276/276/276 
f 278/278/278 276/276/276 276/276/276 
f 276/276/276 276/276/276 280/280/280 
f 276/276/276 280/280/280 280/280/280 
f 280/280/280 280/280/280 280/280/280 
f 280/280/280 111/111/111 280/280/280 
f 280/280/280 111/111/111 281/281/281 
f 111/111/111 35/35/35 281/281/281 
f 281/281/281 35/35/35 35/35/35 
f 35/35/35 265/265/265 35/35/35 
f 35/35/35 265/265/265 265/265/265 
f 265/265/265 282/282/282 265/265/265 
f 265/265/265 282/282/282 263/263/263 
f 282/282/282 261/261/261 263/263/263 
f 263/263/263 261/261/261 261/261/261 
f 261/261/261 282/282/282 261/261/261 
f 261/261/261 282/282/282 282/282/282 
f 282/282/282 283/283/283 282/282/282 
f 282/282/282 283/283/283 261/261/261 
f 283/283/283 259/259/259 261/261/261 
f 261/261/261 259/259/259 259/259/259 
f 259/259/259 283/283/283 259/259/259 
f 259/259/259 283/283/283 283/283/283 
f 283/283/283 284/284/284 283/283/283 
f 283/283/283 284/284/284 259/259/259 
f 284/284/284 285/285/285 259/259/259 
f 259/259/259 285/285/285 285/285/285 
f 285/285/285 284/284/284 285/285/285 
f 285/285/285 284/284/284 286/286/286 
f 284/284/284 287/287/287 286/286/286 
f 286/286/286 287/287/287 288/288/288 
f 287/287/287 289/289/289 288/288/288 
f 288/288/288 289/289/289 290/290/290 
f 289/289/289 291/291/291 290/290/290 
f 290/290/290 291/291/291 292/292/292 
f 291/291/291 292/292/292 292/292/292 
f 292/292/292 292/292/292 290/290/290 
f 292/292/292 290/290/290 290/290/290 
f 290/290/290 290/290/290 290/290/290 
f 290/290/290 292/292/292 290/290/290 
f 290/290/290 292/292/292 293/293/293 
f 292/292/292 286/286/286 293/293/293 
f 293/293/293 286/286/286 288/288/288 
f 286/286/286 288/288/288 288/288/288 
f 288/288/288 288/288/288 158/158/158 
f 288/288/288 158/158/158 158/158/158 
f 158/158/158 158/158/158 158/158/158 
f 158/158/158 294/294/294 158/158/158 
f 158/158/158 294/294/294 160/160/160 
f 294/294/294 295/295/295 160/160/160 
f 160/160/160 295/295/295 296/296/296 
f 295/295/295 296/296/296 296/296/296 
f 296/296/296 296/296/296 296/296/296 
f 296/296/296 297/297/297 296/296/296 
f 296/296/296 297/297/297 160/160/160 
f 297/297/297 298/298/298 160/160/160 
f 160/160/160 298/298/298 299/299/299 
f 298/298/298 299/299/299 299/299/299 
f 299/299/299 299/299/299 299/299/299 
f 299/299/299 300/300/300 299/299/299 
f 299/299/299 300/300/300 160/160/160 
f 300/300/300 301/301/301 160/160/160 
f 160/160/160 301/301/301 302/302/302 
f 301/301/301 302/302/302 302/302/302 
f 302/302/302 302/302/302 303/303/303 
f 302/302/302 303/303/303 303/303/303 
f 303/303/303 303/303/303 303/303/303 
f 303/303/303 304/304/304 303/303/303 
f 303/303/303 304/304/304 305/305/305 
f 304/304/304 306/306/306 305/305/305 
f 305/305/305 306/306/306 306/306/306 
f 306/306/306 289/289/289 306/306/306 
f 306/306/306 289/289/289 289/289/289 
f 289/289/289 307/307/307 289/289/289 
f 289/289/289 307/307/307 291/291/291 
f 307/307/307 308/308/308 291/291/291 
f 291/291/291 308/308/308 309/309/309 
f 308/308/308 310/310/310 309/309/309 
f 309/309/309 310/310/310 311/311/311 
f 310/310/310 312/312/312 311/311/311 
f 311/311/311 312/312/312 312/312/312 
f 312/312/312 310/310/310 312/312/312 
f 312/312/312 310/310/310 313/313/313 
f 310/310/310 308/308/308 313/313/313 
f 313/313/313 308/308/308 308/308/308 
f 308/308/308 314/314/314 308/308/308 
f 308/308/308 314/314/314 314/314/314 
f 314/314/314 315/315/315 314/314/314 
f 314/314/314 315/315/315 316/316/316 
f 315/315/315 317/317/317 316/316/316 
f 316/316/316 317/317/317 317/317/317 
f 317/317/317 318/318/318 317/317/317 
f 317/317/317 318/318/318 318/318/318 
f 318/318/318 319/319/319 318/318/318 
f 318/318/318 319/319/319 320/320/320 
f 319/319/319 321/321/321 320/320/320 
f 320/320/320 321/321/321 322/322/322 
f 321/321/321 322/322/322 322/322/322 
f 322/322/322 322/322/322 320/320/320 
f 322/322/322 320/320/320 320/320/320 
f 320/320/320 320/320/320 320/320/320 
f 320/320/320 322/322/322 320/320/320 
f 320/320/320 322/322/322 323/323/323 
f 322/322/322 324/324/324 323/323/323 
f 323/323/323 324/324/324 324/324/324 
f 324/324/324 291/291/291 324/324/324 
f 324/324/324 291/291/291 291/291/291 
f 291/291/291 309/309/309 291/291/291 
f 291/291/291 309/309/309 325/325/325 
f 309/309/309 311/311/311 325/325/325 
f 325/325/325 311/311/311 311/311/311 
f 311/311/311 326/326/326 311/311/311 
f 311/311/311 326/326/326 326/326/326 
f 326/326/326 327/327/327 326/326/326 
f 326/326/326 327/327/327 328/328/328 
f 327/327/327 329/329/329 328/328/328 
f 328/328/328 329/329/329 329/329/329 
f 329/329/329 327/327/327 329/329/329 
f 329/329/329 327/327/327 327/327/327 
f 327/327/327 330/330/330 327/327/327 
f 327/327/327 330/330/330 329/329/329 
f 330/330/330 331/331/331 329/329/329 
f 329/329/329 331/331/331 331/331/331 
f 331/331/331 330/330/330 331/331/331 
f 331/331/331 330/330/330 330/330/330 
f 330/330/330 332/332/332 330/330/330 
f 330/330/330 332/332/332 331/331/331 
f 332/332/332 333/333/333 331/331/331 
f 331/331/331 333/333/333 333/333/333 
f 333/333/333 332/332/332 333/333/333 
f 333/333/333 332/332/332 332/332/332 
f 332/332/332 334/334/334 332/332/332 
f 332/332/332 334/334/334 333/333/333 
f 334/334/334 335/335/335 333/333/333 
f 333/333/333 335/335/335 335/335/335 
f 335/335/335 334/334/334 335/335/335 
f 335/335/335 334/334/334 334/334/334 
f 334/334/334 336/336/336 334/334/334 
f 334/334/334 336/336/336 335/335/335 
f 336/336/336 337/337/337 335/335/335 
f 335/335/335 337/337/337 337/337/337 
f 337/337/337 336/336/336 337/337/337 
f 337/337/337 336/336/336 336/336/336 
f 336/336/336 338/338/338 336/336/336 
f 336/336/336 338/338/338 337/337/337 
f 338/338/338 339/339/339 337/337/337 
f 337/337/337 339/339/339 339/339/339 
f 339/339/339 338/338/338 339/339/339 
f 339/339/339 338/338/338 338/338/338 
f 338/338/338 340/340/340 338/338/338 
f 338/338/338 340/340/340 339/339/339 
f 340/340/340 341/341/341 339/339/339 
f 339/339/339 341/341/341 341/341/341 
f 341/341/341 340/340/340 341/341/341 
f 341/341/341 340/340/340 340/340/340 
f 340/340/340 342/342/342 340/340/340 
f 340/340/340 342/342/342 341/341/341 
f 342/342/342 343/343/343 341/341/341 
f 341/341/341 343/343/343 343/343/343 
f 343/343/343 342/342/342 343/343/343 
f 343/343/343 342/342/342 342/342/342 
f 342/342/342 344/344/344 342/342/342 
f 342/342/342 344/344/344 343/343/343 
f 344/344/344 345/345/345 343/343/343 
f 343/343/343 345/345/345 345/345/345 
f 345/345/345 344/344/344 345/345/345 
f 345/345/345 344/344/344 344/344/344 
f 344/344/344 346/346/346 344/344/344 
f 344/344/344 346/346/346 345/345/345 
f 346/346/346 347/347/347 345/345/345 
f 345/345/345 347/347/347 347/347/347 
f 347/347/347 346/346/346 347/347/347 
f 347/347/347 346/346/346 346/346/346 
f 346/346/346 348/348/348 346/346/346 
f 346/346/346 348/348/348 347/347/347 
f 348/348/348 349/349/349 347/347/347 
f 347/347/347 349/349/349 349/349/349 
f 349/349/349 348/348/348 349/349/349 
f 349/349/349 348/348/348 348/348/348 
f 348/348/348 350/350/350 348/348/348 
f 348/348/348 350/350/350 349/349/349 
f 350/350/350 351/351/351 349/349/349 
f 349/349/349 351/351/351 351/351/351 
f 351/351/351 350/350/350 351/351/351 
f 351/351/351 350/350/350 350/350/350 
f 350/350/350 352/352/352 350/350/350 
f 350/350/350 352/352/352 351/351/351 
f 352/352/352 353/353/353 351/351/351 
f 351/351/351 353/353/353 353/353/353 
f 353/353/353 352/352/352 353/353/353 
f 353/353/353 352/352/352 352/352/352 
f 352/352/352 354/354/354 352/352/352 
f 352/352/352 354/354/354 353/353/353 
f 354/354/354 355/355/355 353/353/353 
f 353/353/353 355/355/355 355/355/355 
f 355/355/355 354/354/354 355/355/355 
f 355/355/355 354/354/354 354/354/354 
f 354/354/354 356/356/356 354/354/354 
f 354/354/354 356/356/356 355/355/355 
f 356/356/356 357/357/357 355/355/355 
f 355/355/355 357/357/357 357/357/357 
f 357/357/357 356/356/356 357/357/357 
f 357/357/357 356/356/356 356/356/356 
f 356/356/356 358/358/358 356/356/356 
f 356/356/356 358/358/358 357/357/357 
f 358/358/358 359/359/359 357/357/357 
f 357/357/357 359/359/359 359/359/359 
f 359/359/359 358/358/358 359/359/359 
f 359/359/359 358/358/358 358/358/358 
f 358/358/358 360/360/360 358/358/358 
f 358/358/358 360/360/360 359/359/359 
f 360/360/360 361/361/361 359/359/359 
f 359/359/359 361/361/361 361/361/361 
f 361/361/361 360/360/360 361/361/361 
f 361/361/361 360/360/360 360/360/360 
f 360/360/360 362/362/362 360/360/360 
f 360/360/360 362/362/362 361/361/361 
f 362/362/362 363/363/363 361/361/361 
f 361/361/361 363/363/363 363/363/363 
f 363/363/363 362/362/362 363/363/363 
f 363/363/363 362/362/362 362/362/362 
f 362/362/362 364/364/364 362/362/362 
f 362/362/362 364/364/364 363/363/363 
f 364/364/364 365/365/365 363/363/363 
f 363/363/363 365/365/365 365/365/365 
f 365/365/365 364/364/364 365/365/365 
f 365/365/365 364/364/364 364/364/364 
f 364/364/364 366/366/366 364/364/364 
f 364/364/364 366/366/366 365/365/365 
f 366/366/366 367/367/367 365/365/365 
f 365/365/365 367/367/367 367/367/367 
f 367/367/367 366/366/366 367/367/367 
f 367/367/367 366/366/366 366/366/366 
f 366/366/366 368/368/368 366/366/366 
f 366/366/366 368/368/368 367/367/367 
f 368/368/368 369/369/369 367/367/367 
f 367/367/367 369/369/369 369/369/369 
f 369/369/369 368/368/368 369/369/369 
f 369/369/369 368/368/368 368/368/368 
f 368/368/368 370/370/370 368/368/368 
f 368/368/368 370/370/370 369/369/369 
f 370/370/370 371/371/371 369/369/369 
f 369/369/369 371/371/371 371/371/371 
f 371/371/371 370/370/370 371/371/371 
f 371/371/371 370/370/370 370/370/370 
f 370/370/370 372/372/372 370/370/370 
f 370/370/370 372/372/372 371/371/371 
f 372/372/372 373/373/373 371/371/371 
f 371/371/371 373/373/373 373/373/373 
f 373/373/373 372/372/372 373/373/373 
f 373/373/373 372/372/372 372/372/372 
f 372/372/372 374/374/374 372/372/372 
f 372/372/372 374/374/374 373/373/373 
f 374/374/374 375/375/375 373/373/373 
f 373/373/373 375/375/375 375/375/375 
f 375/375/375 374/374/374 375/375/375 
f 375/375/375 374/374/374 374/374/374 
f 374/374/374 376/376/376 374/374/374 
f 374/374/374 376/376/376 375/375/375 
f 376/376/376 377/377/377 375/375/375 
f 375/375/375 377/377/377 377/377/377 
f 377/377/377 378/378/378 377/377/377 
f 377/377/377 378/378/378 378/378/378 
f 378/378/378 379/379/379 378/378/378 
f 378/378/378 379/379/379 380/380/380 
f 379/379/379 381/381/381 380/380/380 
f 380/380/380 381/381/381 381/381/381 
f 381/381/381 379/379/379 381/381/381 
f 381/381/381 379/379/379 379/379/379 
f 379/379/379 382/382/382 379/379/379 
f 379/379/379 382/382/382 381/381/381 
f 382/382/382 383/383/383 381/381/381 
f 381/381/381 383/383/383 383/383/383 
f 383/383/383 382/382/382 383/383/383 
f 383/383/383 382/382/382 382/382/382 
f 382/382/382 384/384/384 382/382/382 
f 382/382/382 384/384/384 383/383/383 
f 384/384/384 385/385/385 383/383/383 
f 383/383/383 385/385/385 385/385/385 
f 385/385/385 384/384/384 385/385/385 
f 385/385/385 384/384/384 384/384/384 
f 384/384/384 386/386/386 384/384/384 
f 384/384/384 386/386/386 385/385/385 
f 386/386/386 387/387/387 385/385/385 
f 385/385/385 387/387/387 387/387/387 
f 387/387/387 386/386/386 387/387/387 
f 387/387/387 386/386/386 386/386/386 
f 386/386/386 388/388/388 386/386/386 
f 386/386/386 388/388/388 387/387/387 
f 388/388/388 389/389/389 387/387/387 
f 387/387/387 389/389/389 389/389/389 
f 389/389/389 388/388/388 389/389/389 
f 389/389/389 388/388/388 388/388/388 
f 388/388/388 390/390/390 388/388/388 
f 388/388/388 390/390/390 389/389/389 
f 390/390/390 391/391/391 389/389/389 
f 389/389/389 391/391/391 391/391/391 
f 391/391/391 390/390/390 391/391/391 
f 391/391/391 390/390/390 390/390/390 
f 390/390/390 392/392/392 390/390/390 
f 390/390/390 392/392/392 391/391/391 
f 392/392/392 393/393/393 391/391/391 
f 391/391/391 393/393/393 393/393/393 
f 393/393/393 392/392/392 393/393/393 
f 393/393/393 392/392/392 392/392/392 
f 392/392/392 394/394/394 392/392/392 
f 392/392/392 394/394/394 393/393/393 
f 394/394/394 395/395/395 393/393/393 
f 393/393/393 395/395/395 395/395/395 
f 395/395/395 394/394/394 395/395/395 
f 395/395/395 394/394/394 394/394/394 
f 394/394/394 396/396/396 394/394/394 
f 394/394/394 396/396/396 395/395/395 
f 396/396/396 397/397/397 395/395/395 
f 395/395/395 397/397/397 397/397/397 
f 397/397/397 396/396/396 397/397/397 
f 397/397/397 396/396/396 396/396/396 
f 396/396/396 398/398/398 396/396/396 
f 396/396/396 398/398/398 397/397/397 
f 398/398/398 399/399/399 397/397/397 
f 397/397/397 399/399/399 399/399/399 
f 399/399/399 398/398/398 399/399/399 
f 399/399/399 398/398/398 400/400/400 
f 398/398/398 401/401/401 400/400/400 
f 400/400/400 401/401/401 402/402/402 
f 401/401/401 403/403/403 402/402/402 
f 402/402/402 403/403/403 403/403/403 
f 403/403/403 105/105/105 403/403/403 
f 403/403/403 105/105/105 105/105/105 
f 105/105/105 404/404/404 105/105/105 
f 105/105/105 404/404/404 106/106/106 
f 404/404/404 405/405/405 106/106/106 
f 106/106/106 405/405/405 405/405/405 
f 405/405/405 217/217/217 405/405/405 
f 405/405/405 217/217/217 217/217/217 
f 217/217/217 406/406/406 217/217/217 
f 217/217/217 406/406/406 16/16/16 
f 406/406/406 407/407/407 16/16/16 
f 16/16/16 407/407/407 407/407/407 
f 407/407/407 420/420/420 407/407/407 
f 407/407/407 420/420/420 420/420/420 
f 420/420/420 421/421/421 420/420/420 
f 420/420/420 421/421/421 422/422/422 
f 421/421/421 423/423/423 422/422/422 
f 293/293/293 288/288/288 290/290/290 
f 212/212/212 218/218/218 216/216/216 
f 7/7/7 408/408/408 14/14/14 
f 409/409/409 410/410/410 411/411/411 
f 273/273/273 272/272/272 279/279/279 
f 215/215/215 412/412/412 214/214/214 
f 413/413/413 414/414/414 415/415/415 
f 258/258/258 262/262/262 260/260/260 
f 416/416/416 324/324/324 322/322/322 
f 417/417/417 143/143/143 142/142/142 
f 46/46/46 94/94/94 57/57/57 
f 418/418/418 146/146/146 148/148/148 
f 419/419/419 185/185/185 184/184/184 
f 424/424/424 425/425/425 426/426/426 
f 427/427/427 428/428/428 429/429/429 
f 430/430/430 431/431/431 432/432/432 
f 433/433/433 434/434/434 435/435/435 
f 436/436/436 437/437/437 438/438/438 
f 439/439/439 440/440/440 441/441/441 
f 442/442/442 443/443/443 444/444/444 
f 445/445/445 446/446/446 447/447/447 
f 448/448/448 449/449/449 450/450/450 
f 451/451/451 452/452/452 453/453/453 
f 454/454/454 455/455/455 456/456/456 
f 457/457/457 458/458/458 459/459/459 
f 460/460/460 461/461/461 462/462/462 
f 463/463/463 464/464/464 465/465/465 
f 466/466/466 467/467/467 468/468/468 
f 469/469/469 470/470/470 471/471/471 
f 472/472/472 473/473/473 474/474/474 
f 475/475/475 476/476/476 477/477/477 
f 478/478/478 479/479/479 480/480/480 
f 481/481/481 482/482/482 483/483/483 
f 484/484/484 485/485/485 486/486/486 
f 487/487/487 488/488/488 489/489/489 
f 490/490/490 491/491/491 492/492/492 
f 493/493/493 494/494/494 495/495/495 
f 496/496/496 497/497/497 498/498/498 
f 499/499/499 500/500/500 501/501/501 
f 502/502/502 503/503/503 504/504/504 
f 505/505/505 506/506/506 507/507/507 
f 508/508/508 509/509/509 510/510/510 
f 511/511/511 512/512/512 513/513/513 
f 514/514/514 515/515/515 516/516/516 
f 517/517/517 518/518/518 519/519/519 
f 520/520/520 521/521/521 522/522/522 
f 523/523/523 524/524/524 525/525/525 
f 526/526/526 527/527/527 528/528/528 
f 529/529/529 530/530/530 531/531/531 
f 532/532/532 533/533/533 534/534/534 
f 535/535/535 536/536/536 537/537/537 
f 538/538/538 539/539/539 540/540/540 
f 541/541/541 542/542/542 543/543/543 
f 544/544/544 545/545/545 546/546/546 
f 547/547/547 548/548/548 549/549/549 
f 550/550/550 551/551/551 552/552/552 
f 553/553/553 554/554/554 555/555/555 
f 556/556/556 557/557/557 558/558/558 
f 559/559/559 560/560/560 561/561/561 
f 562/562/562 563/563/563 564/564/564 
f 565/565/565 566/566/566 567/567/567 
f 568/568/568 569/569/569 570/570/570 
f 571/571/571 572/572/572 573/573/573 
f 574/574/574 575/575/575 576/576/576 
f 577/577/577 578/578/578 579/579/579 
f 580/580/580 581/581/581 582/582/582 
f 583/583/583 584/584/584 585/585/585 
f 586/586/586 587/587/587 588/588/588 
f 589/589/589 590/590/590 591/591/591 
f 592/592/592 593/593/593 594/594/594 
f 595/595/595 596/596/596 597/597/597 
f 598/598/598 599/599/599 600/600/600 
f 601/601/601 602/602/602 603/603/603 
f 604/604/604 605/605/605 606/606/606 
f 607/607/607 608/608/608 609/609/609 
f 610/610/610 611/611/611 612/612/612 
f 613/613/613 614/614/614 615/615/615 
f 616/616/616 617/617/617 618/618/618 
f 619/619/619 620/620/620 621/621/621 
f 622/622/622 623/623/623 624/624/624 
f 625/625/625 626/626/626 627/627/627 
f 628/628/628 629/629/629 630/630/630 
f 631/631/631 632/632/632 633/633/633 
f 634/634/634 635/635/635 636/636/636 
f 637/637/637 638/638/638 639/639/639 
f 640/640/640 641/641/641 642/642/642 
f 643/643/643 644/644/644 645/645/645 
f 646/646/646 647/647/647 648/648/648 
f 649/649/649 650/650/650 651/651/651 
f 652/652/652 653/653/653 654/654/654 
f 655/655/655 656/656/656 657/657/657 
f 658/658/658 659/659/659 660/660/660 
f 661/661/661 662/662/662 663/663/663 
f 664/664/664 665/665/665 666/666/666 
f 667/667/667 668/668/668 669/669/669 
f 670/670/670 671/671/671 672/672/672 
f 673/673/673 674/674/674 675/675/675 
f 676/676/676 677/677/677 678/678/678 
f 679/679/679 680/680/680 681/681/681 
f 682/682/682 683/683/683 684/684/684 
f 685/685/685 686/686/686 687/687/687 
f 688/688/688 689/689/689 690/690/690 
f 691/691/691 692/692/692 693/693/693 
f 694/694/694 695/695/695 696/696/696 
f 697/697/697 698/698/698 699/699/699 
f 700/700/700 701/701/701 702/702/702 
f 703/703/703 704/704/704 705/705/705 
f 706/706/706 707/707/707 708/708/708 
f 709/709/709 710/710/710 711/711/711 
f 712/712/712 713/713/713 714/714/714 
f 715/715/715 716/716/716 717/717/717 
f 718/718/718 719/719/719 720/720/720 
f 721/721/721 722/722/722 723/723/723 
f 724/724/724 725/725/725 726/726/726 
f 727/727/727 728/728/728 729/729/729 
f 730/730/730 731/731/731 732/732/732 
f 733/733/733 734/734/734 735/735/735 
f 736/736/736 737/737/737 738/738/738 
f 739/739/739 740/740/740 741/741/741 
f 742/742/742 743/743/743 744/744/744 
f 745/745/745 746/746/746 747/747/747 
f 748/748/748 749/749/749 750/750/750 
f 751/751/751 752/752/752 753/753/753 
f 754/754/754 755/755/755 756/756/756 
f 757/757/757 758/758/758 759/759/759 
f 760/760/760 761/761/761 762/762/762 
f 763/763/763 764/764/764 765/765/765 
f 766/766/766 767/767/767 768/768/768 
f 769/769/769 770/770/770 771/771/771 
f 772/772/772 773/773/773 774/774/774 
f 775/775/775 776/776/776 777/777/777 
f 778/778/778 779/779/779 780/780/780 
f 781/781/781 782/782/782 783/783/783 
f 784/784/784 785/785/785 786/786/786 
f 787/787/787 788/788/788 789/789/789 
f 790/790/790 791/791/791 792/792/792 
f 793/793/793 794/794/794 795/795/795 
f 796/796/796 797/797/797 798/798/798 
f 799/799/799 800/800/800 801/801/801 
f 802/802/802 803/803/803 804/804/804 
f 805/805/805 806/806/806 807/807/807 
f 808/808/808 809/809/809 810/810/810 
f 811/811/811 812/812/812 813/813/813 
f 814/814/814 815/815/815 816/816/816 
f 817/817/817 818/818/818 819/819/819 
f 820/820/820 821/821/821 822/822/822 
f 823/823/823 824/824/824 825/825/825 
f 826/826/826 827/827/827 828/828/828 
f 829/829/829 830/830/830 831/831/831 
f 832/832/832 833/833/833 834/834/834 
f 835/835/835 836/836/836 837/837/837 
f 838/838/838 839/839/839 840/840/840 
f 841/841/841 842/842/842 843/843/843 
f 844/844/844 845/845/845 846/846/846 
f 847/847/847 848/848/848 849/849/849 
f 850/850/850 851/851/851 852/852/852 
f 853/853/853 854/854/854 855/855/855 
f 856/856/856 857/857/857 858/858/858 
f 859/859/859 860/860/860 861/861/861 
f 862/862/862 863/863/863 864/864/864 
f 865/865/865 866/866/866 867/867/867 
f 868/868/868 869/869/869 870/870/870 
f 871/871/871 872/872/872 873/873/873 
f 874/874/874 875/875/875 876/876/876 
f 877/877/877 878/878/878 879/879/879 
f 880/880/880 881/881/881 882/882/882 
f 883/883/883 884/884/884 885/885/885 
f 886/886/886 887/887/887 888/888/888 
f 889/889/889 890/890/890 891/891/891 
f 892/892/892 893/893/893 894/894/894 
f 895/895/895 896/896/896 897/897/897 
f 898/898/898 899/899/899 900/900/900 
f 901/901/901 902/902/902 903/903/903 
f 904/904/904 905/905/905 906/906/906 

