mtllib model_33.mtl
o model_33
v 26.090612411499023 4.849820137023926 -10.237628936767578 
v 22.690900802612305 4.85418701171875 -10.500102996826172 
v 26.56453514099121 4.849820137023926 -15.932437896728516 
v 23.168739318847656 4.85418701171875 -16.2362003326416 
v 22.690900802612305 5.124811172485352 -10.500102996826172 
v 23.168739318847656 5.124811172485352 -16.2362003326416 
v 22.690900802612305 5.0984721183776855 -10.500102996826172 
v 23.168739318847656 5.0984721183776855 -16.2362003326416 
v 22.81427574157715 4.884893417358398 -10.638712882995605 
v 23.266658782958984 4.884893417358398 -16.07989501953125 
v 22.690900802612305 4.880526065826416 -10.500102996826172 
v 23.168739318847656 4.880526065826416 -16.2362003326416 
v 23.168739318847656 4.880526065826416 -16.2362003326416 
v 23.168739318847656 4.85418701171875 -16.2362003326416 
v 22.690900802612305 4.880526065826416 -10.500102996826172 
v 22.690900802612305 4.85418701171875 -10.500102996826172 
v 26.693788528442383 4.861966133117676 -15.944233894348145 
v 26.629161834716797 4.8698811531066895 -15.947183609008789 
v 26.676162719726562 4.872201442718506 -15.944233894348145 
v 26.611536026000977 4.8889875411987305 -15.950132369995117 
v 26.08669662475586 5.123446464538574 -10.216984748840332 
v 26.56453514099121 5.129178047180176 -15.932437896728516 
v 22.690900802612305 5.124811172485352 -10.500102996826172 
v 22.690900802612305 5.124811172485352 -10.500102996826172 
v 26.56453514099121 5.129178047180176 -15.932437896728516 
v 23.168739318847656 5.124811172485352 -16.2362003326416 
v 26.22182273864746 5.108434677124023 -10.205187797546387 
v 26.699663162231445 4.869335651397705 -15.92064094543457 
v 26.699663162231445 5.108434677124023 -15.941285133361816 
v 26.59978675842285 4.891716957092285 -15.802675247192383 
v 26.589994430541992 4.881481647491455 -15.958979606628418 
v 23.168739318847656 4.880526065826416 -16.2362003326416 
v 26.22182273864746 5.108434677124023 -10.205187797546387 
v 26.22182273864746 4.870563507080078 -10.205187797546387 
v 26.699663162231445 4.869335651397705 -15.92064094543457 
v 26.666370391845703 4.8788886070251465 -15.79677677154541 
v 26.682037353515625 5.101337909698486 -15.944233894348145 
v 26.676162719726562 4.872201442718506 -15.944233894348145 
v 26.589994430541992 5.0975165367126465 -15.958979606628418 
v 26.556703567504883 5.093149662017822 -15.805624008178711 
v 23.168739318847656 5.0984721183776855 -16.2362003326416 
v 26.168947219848633 5.0915117263793945 -10.35854434967041 
v 26.112154006958008 5.09096622467041 -10.214035987854004 
v 22.690900802612305 5.0984721183776855 -10.500102996826172 
v 26.20419692993164 4.877660274505615 -10.208137512207031 
v 26.200281143188477 5.106796741485596 -10.208137512207031 
v 26.2139892578125 5.102702617645264 -10.355594635009766 
v 26.112154006958008 4.888031959533691 -10.214035987854004 
v 26.14544677734375 4.891716957092285 -10.361493110656738 
v 22.690900802612305 4.880526065826416 -10.500102996826172 
v 26.20419692993164 4.874248504638672 -10.355594635009766 
v 26.20419692993164 4.877660274505615 -10.208137512207031 
v 26.2139892578125 5.102702617645264 -10.355594635009766 
v 26.666370391845703 4.8788886070251465 -15.79677677154541 
v 26.666370391845703 5.100109577178955 -15.79677677154541 
v 26.682037353515625 5.101337909698486 -15.944233894348145 
v 26.666370391845703 4.8788886070251465 -15.79677677154541 
v 26.676162719726562 4.872201442718506 -15.944233894348145 
v 26.611536026000977 4.8889875411987305 -15.950132369995117 
v 26.629161834716797 4.8698811531066895 -15.947183609008789 
v 26.656578063964844 4.857052803039551 -15.947183609008789 
v 26.131738662719727 4.874248504638672 -10.214035987854004 
v 26.168947219848633 5.0915117263793945 -10.35854434967041 
v 26.17090606689453 5.101337909698486 -10.21108627319336 
v 26.112154006958008 5.09096622467041 -10.214035987854004 
v 26.210073471069336 5.124811172485352 -10.228781700134277 
v 26.656578063964844 5.121945381164551 -15.947183609008789 
v 26.151321411132812 5.109117031097412 -10.21108627319336 
v 26.14544677734375 4.891716957092285 -10.361493110656738 
v 22.81427574157715 4.884893417358398 -10.638712882995605 
v 22.690900802612305 4.880526065826416 -10.500102996826172 
v 23.266658782958984 4.884893417358398 -16.07989501953125 
v 26.59978675842285 4.891716957092285 -15.802675247192383 
v 23.168739318847656 4.880526065826416 -16.2362003326416 
v 22.81427574157715 5.094104766845703 -10.638712882995605 
v 26.168947219848633 5.0915117263793945 -10.35854434967041 
v 22.690900802612305 5.0984721183776855 -10.500102996826172 
v 23.266658782958984 5.094104766845703 -16.07989501953125 
v 22.81427574157715 5.094104766845703 -10.638712882995605 
v 22.690900802612305 5.0984721183776855 -10.500102996826172 
v 26.192447662353516 4.871519088745117 -10.208137512207031 
v 26.14544677734375 4.891716957092285 -10.361493110656738 
v 26.112154006958008 4.888031959533691 -10.214035987854004 
v 26.656578063964844 4.857052803039551 -15.947183609008789 
v 26.18069839477539 4.857052803039551 -10.208137512207031 
v 26.131738662719727 4.874248504638672 -10.214035987854004 
v 26.210073471069336 5.124811172485352 -10.228781700134277 
v 26.693788528442383 5.117032051086426 -15.944233894348145 
v 26.656578063964844 5.121945381164551 -15.947183609008789 
v 26.6702880859375 5.107479095458984 -15.944233894348145 
v 26.648746490478516 5.103248596191406 -15.79677677154541 
v 26.611536026000977 5.090010643005371 -15.950132369995117 
v 23.266658782958984 5.094104766845703 -16.07989501953125 
v 22.690900802612305 5.0984721183776855 -10.500102996826172 
v 23.168739318847656 5.0984721183776855 -16.2362003326416 
v 26.556703567504883 5.093149662017822 -15.805624008178711 
v 23.266658782958984 5.094104766845703 -16.07989501953125 
v 23.168739318847656 5.0984721183776855 -16.2362003326416 
v 26.56453514099121 5.129178047180176 -15.932437896728516 
v 26.10432243347168 5.122218132019043 -10.237628936767578 
v 26.59195327758789 5.1055684089660645 -15.950132369995117 
v 26.56453514099121 5.123446464538574 -15.953081130981445 
v 26.589994430541992 5.0975165367126465 -15.958979606628418 
v 23.168739318847656 5.124811172485352 -16.2362003326416 
v 26.56453514099121 4.855415344238281 -15.953081130981445 
v 23.168739318847656 4.85418701171875 -16.2362003326416 
v 26.589994430541992 4.881481647491455 -15.958979606628418 
v 26.208114624023438 4.856780052185059 -10.205187797546387 
v 26.683996200561523 4.85418701171875 -15.923589706420898 
v 26.693788528442383 4.861966133117676 -15.944233894348145 
v 26.693788528442383 4.861966133117676 -15.944233894348145 
v 26.656578063964844 4.857052803039551 -15.947183609008789 
v 26.629161834716797 4.8698811531066895 -15.947183609008789 
v 26.112154006958008 4.881481647491455 -10.208137512207031 
v 26.10236358642578 4.861692905426025 -10.214035987854004 
v 26.59195327758789 4.873429775238037 -15.950132369995117 
v 22.690900802612305 4.880526065826416 -10.500102996826172 
v 26.10236358642578 4.861692905426025 -10.214035987854004 
v 26.112154006958008 4.881481647491455 -10.208137512207031 
v 26.192447662353516 5.115667343139648 -10.19929027557373 
v 26.208114624023438 5.122218132019043 -10.205187797546387 
v 26.151321411132812 5.109117031097412 -10.21108627319336 
v 26.200281143188477 5.106796741485596 -10.208137512207031 
v 26.208114624023438 4.868107318878174 -10.19929027557373 
v 26.208114624023438 5.122218132019043 -10.205187797546387 
v 22.690900802612305 5.0984721183776855 -10.500102996826172 
v 26.112154006958008 5.0975165367126465 -10.208137512207031 
v 26.08669662475586 5.123446464538574 -10.216984748840332 
v 26.192447662353516 5.115667343139648 -10.19929027557373 
v 26.151321411132812 5.109117031097412 -10.21108627319336 
v 26.112154006958008 5.0975165367126465 -10.208137512207031 
v 26.20419692993164 4.877660274505615 -10.208137512207031 
v 26.208114624023438 4.868107318878174 -10.19929027557373 
v 26.200281143188477 5.106796741485596 -10.208137512207031 
v 26.18069839477539 4.864968299865723 -10.202239036560059 
v 26.192447662353516 4.871519088745117 -10.208137512207031 
v 26.112154006958008 4.881481647491455 -10.208137512207031 
v 26.56453514099121 4.855415344238281 -15.953081130981445 
v 26.56453514099121 4.849820137023926 -15.932437896728516 
v 23.168739318847656 4.85418701171875 -16.2362003326416 
v 26.10236358642578 4.861692905426025 -10.214035987854004 
v 26.56453514099121 4.849820137023926 -15.932437896728516 
v 26.59195327758789 4.873429775238037 -15.950132369995117 
v 22.690900802612305 5.0984721183776855 -10.500102996826172 
v 26.08669662475586 5.123446464538574 -10.216984748840332 
v 22.690900802612305 5.124811172485352 -10.500102996826172 
v 22.690900802612305 4.85418701171875 -10.500102996826172 
v 26.10236358642578 4.861692905426025 -10.214035987854004 
v 22.690900802612305 4.880526065826416 -10.500102996826172 
v 26.151321411132812 5.109117031097412 -10.21108627319336 
v 26.629161834716797 5.109117031097412 -15.947183609008789 
v 26.59195327758789 5.1055684089660645 -15.950132369995117 
v 26.589994430541992 5.0975165367126465 -15.958979606628418 
v 26.629161834716797 5.109117031097412 -15.947183609008789 
v 26.687911987304688 5.110890865325928 -15.950132369995117 
v 26.693788528442383 4.861966133117676 -15.944233894348145 
v 26.676162719726562 4.872201442718506 -15.944233894348145 
v 26.682037353515625 5.101337909698486 -15.944233894348145 
v 26.699663162231445 5.108434677124023 -15.941285133361816 
v 26.693788528442383 4.861966133117676 -15.944233894348145 
v 26.687911987304688 5.110890865325928 -15.950132369995117 
v 26.693788528442383 5.117032051086426 -15.944233894348145 
v 26.687911987304688 5.110890865325928 -15.950132369995117 
v 26.656578063964844 5.121945381164551 -15.947183609008789 
v 26.10432243347168 5.122218132019043 -10.237628936767578 
v 26.56453514099121 5.129178047180176 -15.932437896728516 
v 26.08669662475586 5.123446464538574 -10.216984748840332 
v 26.112154006958008 5.0975165367126465 -10.208137512207031 
v 26.114112854003906 5.1055684089660645 -10.214035987854004 
v 26.08669662475586 5.123446464538574 -10.216984748840332 
v 23.168739318847656 4.85418701171875 -16.2362003326416 
v 23.168739318847656 4.880526065826416 -16.2362003326416 
v 26.589994430541992 4.881481647491455 -15.958979606628418 
v 26.589994430541992 5.0975165367126465 -15.958979606628418 
v 23.168739318847656 5.0984721183776855 -16.2362003326416 
v 23.168739318847656 5.124811172485352 -16.2362003326416 
v 26.192447662353516 4.871519088745117 -10.208137512207031 
v 26.20419692993164 4.874248504638672 -10.355594635009766 
v 26.14544677734375 4.891716957092285 -10.361493110656738 
v 22.690900802612305 4.880526065826416 -10.500102996826172 
v 26.112154006958008 4.881481647491455 -10.208137512207031 
v 26.112154006958008 4.888031959533691 -10.214035987854004 
v 26.112154006958008 4.881481647491455 -10.208137512207031 
v 26.192447662353516 4.871519088745117 -10.208137512207031 
v 26.112154006958008 4.888031959533691 -10.214035987854004 
v 26.2139892578125 5.102702617645264 -10.355594635009766 
v 26.17090606689453 5.101337909698486 -10.21108627319336 
v 26.168947219848633 5.0915117263793945 -10.35854434967041 
v 26.18069839477539 4.864968299865723 -10.202239036560059 
v 26.208114624023438 4.868107318878174 -10.19929027557373 
v 26.192447662353516 4.871519088745117 -10.208137512207031 
v 26.22182273864746 4.870563507080078 -10.205187797546387 
v 26.208114624023438 4.856780052185059 -10.205187797546387 
v 26.699663162231445 4.869335651397705 -15.92064094543457 
v 26.611536026000977 5.090010643005371 -15.950132369995117 
v 26.648746490478516 5.103248596191406 -15.79677677154541 
v 26.556703567504883 5.093149662017822 -15.805624008178711 
v 26.59978675842285 4.891716957092285 -15.802675247192383 
v 26.666370391845703 4.8788886070251465 -15.79677677154541 
v 26.611536026000977 4.8889875411987305 -15.950132369995117 
v 26.210073471069336 5.124811172485352 -10.228781700134277 
v 26.22182273864746 5.108434677124023 -10.205187797546387 
v 26.693788528442383 5.117032051086426 -15.944233894348145 
v 26.208114624023438 4.868107318878174 -10.19929027557373 
v 26.22182273864746 5.108434677124023 -10.205187797546387 
v 26.208114624023438 5.122218132019043 -10.205187797546387 
v 26.59195327758789 5.1055684089660645 -15.950132369995117 
v 26.589994430541992 5.0975165367126465 -15.958979606628418 
v 26.56453514099121 5.123446464538574 -15.953081130981445 
v 26.589994430541992 5.0975165367126465 -15.958979606628418 
v 26.59195327758789 5.1055684089660645 -15.950132369995117 
v 26.629161834716797 5.109117031097412 -15.947183609008789 
v 26.59195327758789 4.873429775238037 -15.950132369995117 
v 26.629161834716797 4.8698811531066895 -15.947183609008789 
v 26.112154006958008 4.881481647491455 -10.208137512207031 
v 26.629161834716797 4.8698811531066895 -15.947183609008789 
v 26.59195327758789 4.873429775238037 -15.950132369995117 
v 26.589994430541992 4.881481647491455 -15.958979606628418 
v 26.682037353515625 5.101337909698486 -15.944233894348145 
v 26.666370391845703 5.100109577178955 -15.79677677154541 
v 26.6702880859375 5.107479095458984 -15.944233894348145 
v 26.687911987304688 5.110890865325928 -15.950132369995117 
v 26.6702880859375 5.107479095458984 -15.944233894348145 
v 26.589994430541992 5.0975165367126465 -15.958979606628418 
v 26.114112854003906 5.1055684089660645 -10.214035987854004 
v 26.151321411132812 5.109117031097412 -10.21108627319336 
v 26.59195327758789 5.1055684089660645 -15.950132369995117 
v 26.114112854003906 5.1055684089660645 -10.214035987854004 
v 26.112154006958008 5.0975165367126465 -10.208137512207031 
v 26.151321411132812 5.109117031097412 -10.21108627319336 
v 26.192447662353516 5.115667343139648 -10.19929027557373 
v 26.200281143188477 5.106796741485596 -10.208137512207031 
v 26.208114624023438 5.122218132019043 -10.205187797546387 
v 26.2139892578125 5.102702617645264 -10.355594635009766 
v 26.200281143188477 5.106796741485596 -10.208137512207031 
v 26.17090606689453 5.101337909698486 -10.21108627319336 
v 26.18069839477539 4.864968299865723 -10.202239036560059 
v 26.208114624023438 4.856780052185059 -10.205187797546387 
v 26.208114624023438 4.868107318878174 -10.19929027557373 
v 26.683996200561523 4.85418701171875 -15.923589706420898 
v 26.208114624023438 4.856780052185059 -10.205187797546387 
v 26.18069839477539 4.857052803039551 -10.208137512207031 
v 26.192447662353516 4.871519088745117 -10.208137512207031 
v 26.20419692993164 4.877660274505615 -10.208137512207031 
v 26.20419692993164 4.874248504638672 -10.355594635009766 
v 26.192447662353516 4.871519088745117 -10.208137512207031 
v 26.208114624023438 4.868107318878174 -10.19929027557373 
v 26.20419692993164 4.877660274505615 -10.208137512207031 
v 26.656578063964844 4.857052803039551 -15.947183609008789 
v 26.683996200561523 4.85418701171875 -15.923589706420898 
v 26.18069839477539 4.857052803039551 -10.208137512207031 
v 26.693788528442383 4.861966133117676 -15.944233894348145 
v 26.683996200561523 4.85418701171875 -15.923589706420898 
v 26.656578063964844 4.857052803039551 -15.947183609008789 
v 26.59978675842285 4.891716957092285 -15.802675247192383 
v 26.611536026000977 4.8889875411987305 -15.950132369995117 
v 26.589994430541992 4.881481647491455 -15.958979606628418 
v 26.629161834716797 4.8698811531066895 -15.947183609008789 
v 26.589994430541992 4.881481647491455 -15.958979606628418 
v 26.611536026000977 4.8889875411987305 -15.950132369995117 
v 26.693788528442383 4.861966133117676 -15.944233894348145 
v 26.682037353515625 5.101337909698486 -15.944233894348145 
v 26.687911987304688 5.110890865325928 -15.950132369995117 
v 26.682037353515625 5.101337909698486 -15.944233894348145 
v 26.6702880859375 5.107479095458984 -15.944233894348145 
v 26.687911987304688 5.110890865325928 -15.950132369995117 
v 26.589994430541992 5.0975165367126465 -15.958979606628418 
v 26.611536026000977 5.090010643005371 -15.950132369995117 
v 26.556703567504883 5.093149662017822 -15.805624008178711 
v 26.611536026000977 5.090010643005371 -15.950132369995117 
v 26.589994430541992 5.0975165367126465 -15.958979606628418 
v 26.6702880859375 5.107479095458984 -15.944233894348145 
v 26.699663162231445 4.869335651397705 -15.92064094543457 
v 26.693788528442383 4.861966133117676 -15.944233894348145 
v 26.699663162231445 5.108434677124023 -15.941285133361816 
v 26.699663162231445 4.869335651397705 -15.92064094543457 
v 26.208114624023438 4.856780052185059 -10.205187797546387 
v 26.693788528442383 4.861966133117676 -15.944233894348145 
v 26.131738662719727 4.874248504638672 -10.214035987854004 
v 26.112154006958008 4.881481647491455 -10.208137512207031 
v 26.629161834716797 4.8698811531066895 -15.947183609008789 
v 26.131738662719727 4.874248504638672 -10.214035987854004 
v 26.18069839477539 4.864968299865723 -10.202239036560059 
v 26.112154006958008 4.881481647491455 -10.208137512207031 
v 26.693788528442383 5.117032051086426 -15.944233894348145 
v 26.22182273864746 5.108434677124023 -10.205187797546387 
v 26.699663162231445 5.108434677124023 -15.941285133361816 
v 26.699663162231445 5.108434677124023 -15.941285133361816 
v 26.687911987304688 5.110890865325928 -15.950132369995117 
v 26.693788528442383 5.117032051086426 -15.944233894348145 
v 26.112154006958008 5.09096622467041 -10.214035987854004 
v 26.112154006958008 5.0975165367126465 -10.208137512207031 
v 22.690900802612305 5.0984721183776855 -10.500102996826172 
v 26.112154006958008 5.0975165367126465 -10.208137512207031 
v 26.112154006958008 5.09096622467041 -10.214035987854004 
v 26.17090606689453 5.101337909698486 -10.21108627319336 
v 26.59195327758789 4.873429775238037 -15.950132369995117 
v 26.56453514099121 4.849820137023926 -15.932437896728516 
v 26.56453514099121 4.855415344238281 -15.953081130981445 
v 26.59195327758789 4.873429775238037 -15.950132369995117 
v 26.56453514099121 4.855415344238281 -15.953081130981445 
v 26.589994430541992 4.881481647491455 -15.958979606628418 
v 26.208114624023438 5.122218132019043 -10.205187797546387 
v 26.22182273864746 5.108434677124023 -10.205187797546387 
v 26.210073471069336 5.124811172485352 -10.228781700134277 
v 26.208114624023438 5.122218132019043 -10.205187797546387 
v 26.210073471069336 5.124811172485352 -10.228781700134277 
v 26.151321411132812 5.109117031097412 -10.21108627319336 
v 26.656578063964844 5.121945381164551 -15.947183609008789 
v 26.629161834716797 5.109117031097412 -15.947183609008789 
v 26.151321411132812 5.109117031097412 -10.21108627319336 
v 26.687911987304688 5.110890865325928 -15.950132369995117 
v 26.629161834716797 5.109117031097412 -15.947183609008789 
v 26.656578063964844 5.121945381164551 -15.947183609008789 
v 26.090612411499023 4.849820137023926 -10.237628936767578 
v 26.10236358642578 4.861692905426025 -10.214035987854004 
v 22.690900802612305 4.85418701171875 -10.500102996826172 
v 26.10236358642578 4.861692905426025 -10.214035987854004 
v 26.090612411499023 4.849820137023926 -10.237628936767578 
v 26.56453514099121 4.849820137023926 -15.932437896728516 
v 26.112154006958008 5.0975165367126465 -10.208137512207031 
v 26.17090606689453 5.101337909698486 -10.21108627319336 
v 26.192447662353516 5.115667343139648 -10.19929027557373 
v 26.17090606689453 5.101337909698486 -10.21108627319336 
v 26.200281143188477 5.106796741485596 -10.208137512207031 
v 26.192447662353516 5.115667343139648 -10.19929027557373 
v 26.18069839477539 4.857052803039551 -10.208137512207031 
v 26.18069839477539 4.864968299865723 -10.202239036560059 
v 26.131738662719727 4.874248504638672 -10.214035987854004 
v 26.18069839477539 4.857052803039551 -10.208137512207031 
v 26.208114624023438 4.856780052185059 -10.205187797546387 
v 26.18069839477539 4.864968299865723 -10.202239036560059 
v 26.10432243347168 5.122218132019043 -10.237628936767578 
v 26.114112854003906 5.1055684089660645 -10.214035987854004 
v 26.59195327758789 5.1055684089660645 -15.950132369995117 
v 26.114112854003906 5.1055684089660645 -10.214035987854004 
v 26.10432243347168 5.122218132019043 -10.237628936767578 
v 26.08669662475586 5.123446464538574 -10.216984748840332 
v 26.6702880859375 5.107479095458984 -15.944233894348145 
v 26.666370391845703 5.100109577178955 -15.79677677154541 
v 26.648746490478516 5.103248596191406 -15.79677677154541 
v 26.56453514099121 5.129178047180176 -15.932437896728516 
v 26.59195327758789 5.1055684089660645 -15.950132369995117 
v 26.56453514099121 5.123446464538574 -15.953081130981445 
v 26.56453514099121 5.129178047180176 -15.932437896728516 
v 26.56453514099121 5.123446464538574 -15.953081130981445 
v 23.168739318847656 5.124811172485352 -16.2362003326416 
v 26.208114624023438 4.868107318878174 -10.19929027557373 
v 26.22182273864746 4.870563507080078 -10.205187797546387 
v 26.22182273864746 5.108434677124023 -10.205187797546387 
v 26.208114624023438 4.868107318878174 -10.19929027557373 
v 26.208114624023438 4.856780052185059 -10.205187797546387 
v 26.22182273864746 4.870563507080078 -10.205187797546387 
v -21.930450439453125 8.823396682739258 9.706062316894531 
v -25.189983367919922 8.819064140319824 13.806081771850586 
v -24.06550407409668 8.819064140319824 8.023839950561523 
v -25.189983367919922 9.032167434692383 13.806081771850586 
v -21.930450439453125 9.02783489227295 9.706062316894531 
v -27.333799362182617 9.028824806213379 12.117511749267578 
v -24.06550407409668 8.819064140319824 8.023839950561523 
v -25.189983367919922 8.819064140319824 13.806081771850586 
v -27.333799362182617 8.822406768798828 12.117511749267578 
v -21.930450439453125 9.02783489227295 9.706062316894531 
v -24.06550407409668 9.032167434692383 8.023839950561523 
v -27.333799362182617 9.028824806213379 12.117511749267578 
v -25.109371185302734 9.016372680664062 13.887019157409668 
v -25.099441528320312 8.833937644958496 13.878290176391602 
v -21.84691619873047 9.017293930053711 9.788586616516113 
v -21.84691619873047 9.017293930053711 9.788586616516113 
v -25.099441528320312 8.833937644958496 13.878290176391602 
v -21.840490341186523 8.834857940673828 9.777477264404297 
v -25.097105026245117 9.003410339355469 13.78307056427002 
v -25.18472671508789 9.008049964904785 13.832267761230469 
v -27.22690200805664 9.005389213562012 12.088945388793945 
v -25.121639251708984 8.837723731994629 13.876703262329102 
v -25.121639251708984 9.013507843017578 13.876703262329102 
v -25.06789779663086 9.011938095092773 13.806081771850586 
v -25.182973861694336 8.848230361938477 13.828299522399902 
v -25.112876892089844 8.851061820983887 13.770374298095703 
v -27.333799362182617 8.842499732971191 12.117511749267578 
v -25.066728591918945 8.84127140045166 13.807668685913086 
v -25.121639251708984 8.837723731994629 13.876703262329102 
v -25.06789779663086 9.011938095092773 13.806081771850586 
v -21.926361083984375 9.007367134094238 9.709236145019531 
v -21.95439910888672 9.00016975402832 9.800488471984863 
v -24.064918518066406 9.008731842041016 8.007969856262207 
v -21.91117286682129 8.838099479675293 9.834609031677246 
v -21.91117286682129 9.013132095336914 9.834609031677246 
v -21.852758407592773 9.013507843017578 9.76795482635498 
v -21.95439910888672 8.851061820983887 9.800488471984863 
v -21.935707092285156 8.846592903137207 9.717965126037598 
v -24.064918518066406 8.842499732971191 8.007969856262207 
v -21.85158920288086 8.840350151062012 9.76874828338623 
v -21.91117286682129 8.838099479675293 9.834609031677246 
v -21.852758407592773 9.013507843017578 9.76795482635498 
v -21.884302139282227 9.005354881286621 9.742563247680664 
v -21.95439910888672 9.00016975402832 9.800488471984863 
v -21.926361083984375 9.007367134094238 9.709236145019531 
v -25.11871910095215 9.030257225036621 13.862420082092285 
v -21.849838256835938 9.026845932006836 9.769542694091797 
v -21.876708984375 9.028687477111816 9.76478099822998 
v -25.12864875793457 8.83560848236084 13.871942520141602 
v -25.112876892089844 8.851061820983887 13.770374298095703 
v -25.182973861694336 8.848230361938477 13.828299522399902 
v -21.858598709106445 8.823089599609375 9.76319408416748 
v -25.11871910095215 8.824385643005371 13.879083633422852 
v -25.156103134155273 8.8344144821167 13.849724769592285 
v -25.097105026245117 9.003410339355469 13.78307056427002 
v -25.153182983398438 9.005354881286621 13.852105140686035 
v -25.182973861694336 9.00300121307373 13.828299522399902 
v -25.148509979248047 9.018760681152344 13.839408874511719 
v -21.887222290039062 9.016816139221191 9.740182876586914 
v -25.181222915649414 9.014122009277344 13.829886436462402 
v -21.91117286682129 8.838099479675293 9.834609031677246 
v -21.85976791381836 8.83560848236084 9.76240062713623 
v -21.884302139282227 8.845876693725586 9.742563247680664 
v -21.895984649658203 8.832470893859863 9.749704360961914 
v -25.156103134155273 8.8344144821167 13.849724769592285 
v -21.91234016418457 8.837109565734863 9.720345497131348 
v -24.069007873535156 8.845842361450195 8.118267059326172 
v -21.95439910888672 8.851061820983887 9.800488471984863 
v -24.064918518066406 8.842499732971191 8.007969856262207 
v -27.333799362182617 8.842499732971191 12.117511749267578 
v -24.069007873535156 8.845842361450195 8.118267059326172 
v -24.064918518066406 8.842499732971191 8.007969856262207 
v -24.069007873535156 9.005389213562012 8.118267059326172 
v -27.333799362182617 9.008731842041016 12.117511749267578 
v -24.064918518066406 9.008731842041016 8.007969856262207 
v -21.95439910888672 9.00016975402832 9.800488471984863 
v -24.069007873535156 9.005389213562012 8.118267059326172 
v -24.064918518066406 9.008731842041016 8.007969856262207 
v -25.112876892089844 8.851061820983887 13.770374298095703 
v -27.22690200805664 8.845842361450195 12.088945388793945 
v -27.333799362182617 8.842499732971191 12.117511749267578 
v -27.22690200805664 8.845842361450195 12.088945388793945 
v -24.069007873535156 8.845842361450195 8.118267059326172 
v -27.333799362182617 8.842499732971191 12.117511749267578 
v -24.069007873535156 9.005389213562012 8.118267059326172 
v -27.22690200805664 9.005389213562012 12.088945388793945 
v -27.333799362182617 9.008731842041016 12.117511749267578 
v -27.22690200805664 9.005389213562012 12.088945388793945 
v -25.18472671508789 9.008049964904785 13.832267761230469 
v -27.333799362182617 9.008731842041016 12.117511749267578 
v -25.109371185302734 9.016372680664062 13.887019157409668 
v -21.84691619873047 9.017293930053711 9.788586616516113 
v -25.11871910095215 9.030257225036621 13.862420082092285 
v -25.18472671508789 9.008049964904785 13.832267761230469 
v -25.153182983398438 9.005354881286621 13.852105140686035 
v -25.138578414916992 9.02056884765625 13.868768692016602 
v -21.85976791381836 8.83560848236084 9.76240062713623 
v -21.849838256835938 8.824385643005371 9.769542694091797 
v -21.897153854370117 8.843795776367188 9.726693153381348 
v -21.840490341186523 8.834857940673828 9.777477264404297 
v -25.11871910095215 8.824385643005371 13.879083633422852 
v -21.849838256835938 8.824385643005371 9.769542694091797 
v -25.189983367919922 9.032167434692383 13.806081771850586 
v -21.928112030029297 9.026811599731445 9.724312782287598 
v -21.930450439453125 9.02783489227295 9.706062316894531 
v -21.91058921813965 9.008049964904785 9.716377258300781 
v -24.064918518066406 9.008731842041016 8.007969856262207 
v -21.930450439453125 9.02783489227295 9.706062316894531 
v -21.930450439453125 8.823396682739258 9.706062316894531 
v -24.064918518066406 8.842499732971191 8.007969856262207 
v -21.91058921813965 8.843181610107422 9.716377258300781 
v -21.895984649658203 8.832470893859863 9.749704360961914 
v -21.91234016418457 8.837109565734863 9.720345497131348 
v -21.897153854370117 8.843795776367188 9.726693153381348 
v -27.333799362182617 8.822406768798828 12.117511749267578 
v -25.189983367919922 8.819064140319824 13.806081771850586 
v -25.18472671508789 8.843181610107422 13.832267761230469 
v -21.91234016418457 8.837109565734863 9.720345497131348 
v -25.181222915649414 8.837109565734863 13.829886436462402 
v -25.189983367919922 8.819064140319824 13.806081771850586 
v -25.11871910095215 8.824385643005371 13.879083633422852 
v -25.12864875793457 8.83560848236084 13.871942520141602 
v -25.18472671508789 8.843181610107422 13.832267761230469 
v -25.121639251708984 8.837723731994629 13.876703262329102 
v -25.109371185302734 8.834857940673828 13.887019157409668 
v -25.121639251708984 9.013507843017578 13.876703262329102 
v -21.852758407592773 9.013507843017578 9.76795482635498 
v -21.91058921813965 9.008049964904785 9.716377258300781 
v -21.849838256835938 9.026845932006836 9.769542694091797 
v -21.85158920288086 8.840350151062012 9.76874828338623 
v -21.852758407592773 9.013507843017578 9.76795482635498 
v -21.849838256835938 9.026845932006836 9.769542694091797 
v -24.06550407409668 8.819064140319824 8.023839950561523 
v -27.333799362182617 8.822406768798828 12.117511749267578 
v -24.064918518066406 8.842499732971191 8.007969856262207 
v -21.930450439453125 8.823396682739258 9.706062316894531 
v -24.06550407409668 8.819064140319824 8.023839950561523 
v -24.064918518066406 8.842499732971191 8.007969856262207 
v -25.18472671508789 9.008049964904785 13.832267761230469 
v -25.18939971923828 9.023058891296387 13.822745323181152 
v -27.333799362182617 9.028824806213379 12.117511749267578 
v -25.181222915649414 9.014122009277344 13.829886436462402 
v -25.18472671508789 9.008049964904785 13.832267761230469 
v -25.12748146057129 9.028141975402832 13.872735977172852 
v -27.333799362182617 9.028824806213379 12.117511749267578 
v -24.06550407409668 9.032167434692383 8.023839950561523 
v -24.064918518066406 9.008731842041016 8.007969856262207 
v -21.930450439453125 9.02783489227295 9.706062316894531 
v -24.064918518066406 9.008731842041016 8.007969856262207 
v -24.06550407409668 9.032167434692383 8.023839950561523 
v -25.181222915649414 9.014122009277344 13.829886436462402 
v -21.887222290039062 9.016816139221191 9.740182876586914 
v -21.91234016418457 9.014122009277344 9.720345497131348 
v -21.887222290039062 9.016816139221191 9.740182876586914 
v -21.849838256835938 9.026845932006836 9.769542694091797 
v -21.91058921813965 9.008049964904785 9.716377258300781 
v -27.333799362182617 8.842499732971191 12.117511749267578 
v -27.333799362182617 8.822406768798828 12.117511749267578 
v -25.18472671508789 8.843181610107422 13.832267761230469 
v -27.333799362182617 8.822406768798828 12.117511749267578 
v -27.333799362182617 8.842499732971191 12.117511749267578 
v -24.064918518066406 8.842499732971191 8.007969856262207 
v -25.121639251708984 9.013507843017578 13.876703262329102 
v -25.109371185302734 8.834857940673828 13.887019157409668 
v -25.109371185302734 9.016372680664062 13.887019157409668 
v -25.121639251708984 9.013507843017578 13.876703262329102 
v -25.109371185302734 9.016372680664062 13.887019157409668 
v -25.138578414916992 9.02056884765625 13.868768692016602 
v -25.156103134155273 8.8344144821167 13.849724769592285 
v -25.11871910095215 8.824385643005371 13.879083633422852 
v -25.18472671508789 8.843181610107422 13.832267761230469 
v -25.189983367919922 8.819064140319824 13.806081771850586 
v -25.181222915649414 8.837109565734863 13.829886436462402 
v -25.18472671508789 8.843181610107422 13.832267761230469 
v -21.840490341186523 8.834857940673828 9.777477264404297 
v -21.85158920288086 8.840350151062012 9.76874828338623 
v -21.840490341186523 9.016372680664062 9.777477264404297 
v -21.840490341186523 8.834857940673828 9.777477264404297 
v -21.849838256835938 8.824385643005371 9.769542694091797 
v -21.85158920288086 8.840350151062012 9.76874828338623 
v -21.840490341186523 8.834857940673828 9.777477264404297 
v -25.099441528320312 8.833937644958496 13.878290176391602 
v -25.11871910095215 8.824385643005371 13.879083633422852 
v -25.11871910095215 8.824385643005371 13.879083633422852 
v -25.109371185302734 8.834857940673828 13.887019157409668 
v -25.121639251708984 8.837723731994629 13.876703262329102 
v -27.333799362182617 9.008731842041016 12.117511749267578 
v -27.333799362182617 9.028824806213379 12.117511749267578 
v -24.064918518066406 9.008731842041016 8.007969856262207 
v -27.333799362182617 9.008731842041016 12.117511749267578 
v -25.18472671508789 9.008049964904785 13.832267761230469 
v -27.333799362182617 9.028824806213379 12.117511749267578 
v -25.18939971923828 9.023058891296387 13.822745323181152 
v -25.181222915649414 9.014122009277344 13.829886436462402 
v -21.928112030029297 9.026811599731445 9.724312782287598 
v -25.18472671508789 9.008049964904785 13.832267761230469 
v -25.181222915649414 9.014122009277344 13.829886436462402 
v -25.18939971923828 9.023058891296387 13.822745323181152 
v -21.884302139282227 9.005354881286621 9.742563247680664 
v -21.91117286682129 9.013132095336914 9.834609031677246 
v -21.95439910888672 9.00016975402832 9.800488471984863 
v -21.91117286682129 8.838099479675293 9.834609031677246 
v -21.884302139282227 8.845876693725586 9.742563247680664 
v -21.95439910888672 8.851061820983887 9.800488471984863 
v -25.06789779663086 9.011938095092773 13.806081771850586 
v -25.121639251708984 9.013507843017578 13.876703262329102 
v -25.097105026245117 9.003410339355469 13.78307056427002 
v -21.91234016418457 9.014122009277344 9.720345497131348 
v -21.91058921813965 9.008049964904785 9.716377258300781 
v -21.930450439453125 9.02783489227295 9.706062316894531 
v -21.91058921813965 9.008049964904785 9.716377258300781 
v -21.91234016418457 9.014122009277344 9.720345497131348 
v -21.887222290039062 9.016816139221191 9.740182876586914 
v -25.12864875793457 8.83560848236084 13.871942520141602 
v -25.078996658325195 8.838781356811523 13.797353744506836 
v -25.112876892089844 8.851061820983887 13.770374298095703 
v -21.85976791381836 8.83560848236084 9.76240062713623 
v -21.897153854370117 8.843795776367188 9.726693153381348 
v -21.884302139282227 8.845876693725586 9.742563247680664 
v -21.95439910888672 8.851061820983887 9.800488471984863 
v -21.884302139282227 8.845876693725586 9.742563247680664 
v -21.935707092285156 8.846592903137207 9.717965126037598 
v -21.91234016418457 8.837109565734863 9.720345497131348 
v -25.189983367919922 8.819064140319824 13.806081771850586 
v -21.930450439453125 8.823396682739258 9.706062316894531 
v -21.91234016418457 8.837109565734863 9.720345497131348 
v -21.930450439453125 8.823396682739258 9.706062316894531 
v -21.91058921813965 8.843181610107422 9.716377258300781 
v -21.852758407592773 9.013507843017578 9.76795482635498 
v -21.91117286682129 9.013132095336914 9.834609031677246 
v -21.884302139282227 9.005354881286621 9.742563247680664 
v -21.884302139282227 9.005354881286621 9.742563247680664 
v -21.91058921813965 9.008049964904785 9.716377258300781 
v -21.852758407592773 9.013507843017578 9.76795482635498 
v -21.84691619873047 9.017293930053711 9.788586616516113 
v -21.849838256835938 9.026845932006836 9.769542694091797 
v -25.11871910095215 9.030257225036621 13.862420082092285 
v -21.840490341186523 9.016372680664062 9.777477264404297 
v -21.85158920288086 8.840350151062012 9.76874828338623 
v -21.849838256835938 9.026845932006836 9.769542694091797 
v -25.12748146057129 9.028141975402832 13.872735977172852 
v -25.148509979248047 9.018760681152344 13.839408874511719 
v -25.181222915649414 9.014122009277344 13.829886436462402 
v -25.109371185302734 9.016372680664062 13.887019157409668 
v -25.11871910095215 9.030257225036621 13.862420082092285 
v -25.12748146057129 9.028141975402832 13.872735977172852 
v -21.858598709106445 8.823089599609375 9.76319408416748 
v -25.156103134155273 8.8344144821167 13.849724769592285 
v -21.895984649658203 8.832470893859863 9.749704360961914 
v -21.858598709106445 8.823089599609375 9.76319408416748 
v -21.895984649658203 8.832470893859863 9.749704360961914 
v -21.897153854370117 8.843795776367188 9.726693153381348 
v -25.156103134155273 8.8344144821167 13.849724769592285 
v -25.181222915649414 8.837109565734863 13.829886436462402 
v -21.91234016418457 8.837109565734863 9.720345497131348 
v -25.181222915649414 8.837109565734863 13.829886436462402 
v -25.156103134155273 8.8344144821167 13.849724769592285 
v -25.18472671508789 8.843181610107422 13.832267761230469 
v -25.097105026245117 9.003410339355469 13.78307056427002 
v -25.121639251708984 9.013507843017578 13.876703262329102 
v -25.153182983398438 9.005354881286621 13.852105140686035 
v -25.153182983398438 9.005354881286621 13.852105140686035 
v -25.121639251708984 9.013507843017578 13.876703262329102 
v -25.138578414916992 9.02056884765625 13.868768692016602 
v -25.121639251708984 8.837723731994629 13.876703262329102 
v -25.066728591918945 8.84127140045166 13.807668685913086 
v -25.12864875793457 8.83560848236084 13.871942520141602 
v -25.12864875793457 8.83560848236084 13.871942520141602 
v -25.11871910095215 8.824385643005371 13.879083633422852 
v -25.121639251708984 8.837723731994629 13.876703262329102 
v -21.876708984375 9.028687477111816 9.76478099822998 
v -21.849838256835938 9.026845932006836 9.769542694091797 
v -21.887222290039062 9.016816139221191 9.740182876586914 
v -21.876708984375 9.028687477111816 9.76478099822998 
v -21.887222290039062 9.016816139221191 9.740182876586914 
v -25.148509979248047 9.018760681152344 13.839408874511719 
v -25.18472671508789 9.008049964904785 13.832267761230469 
v -25.097105026245117 9.003410339355469 13.78307056427002 
v -25.182973861694336 9.00300121307373 13.828299522399902 
v -25.182973861694336 9.00300121307373 13.828299522399902 
v -25.153182983398438 9.005354881286621 13.852105140686035 
v -25.18472671508789 9.008049964904785 13.832267761230469 
v -21.91117286682129 8.838099479675293 9.834609031677246 
v -21.85158920288086 8.840350151062012 9.76874828338623 
v -21.85976791381836 8.83560848236084 9.76240062713623 
v -21.849838256835938 8.824385643005371 9.769542694091797 
v -21.85976791381836 8.83560848236084 9.76240062713623 
v -21.884302139282227 8.845876693725586 9.742563247680664 
v -21.897153854370117 8.843795776367188 9.726693153381348 
v -21.91058921813965 8.843181610107422 9.716377258300781 
v -21.91234016418457 8.837109565734863 9.720345497131348 
v -21.91058921813965 8.843181610107422 9.716377258300781 
v -21.897153854370117 8.843795776367188 9.726693153381348 
v -21.849838256835938 8.824385643005371 9.769542694091797 
v -25.11871910095215 8.824385643005371 13.879083633422852 
v -21.858598709106445 8.823089599609375 9.76319408416748 
v -21.849838256835938 8.824385643005371 9.769542694091797 
v -21.858598709106445 8.823089599609375 9.76319408416748 
v -21.897153854370117 8.843795776367188 9.726693153381348 
v -25.11871910095215 9.030257225036621 13.862420082092285 
v -21.876708984375 9.028687477111816 9.76478099822998 
v -25.148509979248047 9.018760681152344 13.839408874511719 
v -25.12748146057129 9.028141975402832 13.872735977172852 
v -25.11871910095215 9.030257225036621 13.862420082092285 
v -25.148509979248047 9.018760681152344 13.839408874511719 
v -27.333799362182617 8.842499732971191 12.117511749267578 
v -25.18472671508789 8.843181610107422 13.832267761230469 
v -25.182973861694336 8.848230361938477 13.828299522399902 
v -25.18472671508789 8.843181610107422 13.832267761230469 
v -25.12864875793457 8.83560848236084 13.871942520141602 
v -25.182973861694336 8.848230361938477 13.828299522399902 
v -21.91058921813965 9.008049964904785 9.716377258300781 
v -21.926361083984375 9.007367134094238 9.709236145019531 
v -24.064918518066406 9.008731842041016 8.007969856262207 
v -21.91058921813965 9.008049964904785 9.716377258300781 
v -21.884302139282227 9.005354881286621 9.742563247680664 
v -21.926361083984375 9.007367134094238 9.709236145019531 
v -25.099441528320312 8.833937644958496 13.878290176391602 
v -25.109371185302734 8.834857940673828 13.887019157409668 
v -25.11871910095215 8.824385643005371 13.879083633422852 
v -25.109371185302734 9.016372680664062 13.887019157409668 
v -25.109371185302734 8.834857940673828 13.887019157409668 
v -25.099441528320312 8.833937644958496 13.878290176391602 
v -21.928112030029297 9.026811599731445 9.724312782287598 
v -21.91234016418457 9.014122009277344 9.720345497131348 
v -21.930450439453125 9.02783489227295 9.706062316894531 
v -21.928112030029297 9.026811599731445 9.724312782287598 
v -25.181222915649414 9.014122009277344 13.829886436462402 
v -21.91234016418457 9.014122009277344 9.720345497131348 
v -27.333799362182617 9.028824806213379 12.117511749267578 
v -25.18939971923828 9.023058891296387 13.822745323181152 
v -25.189983367919922 9.032167434692383 13.806081771850586 
v -25.18939971923828 9.023058891296387 13.822745323181152 
v -21.928112030029297 9.026811599731445 9.724312782287598 
v -25.189983367919922 9.032167434692383 13.806081771850586 
v -25.12864875793457 8.83560848236084 13.871942520141602 
v -25.066728591918945 8.84127140045166 13.807668685913086 
v -25.078996658325195 8.838781356811523 13.797353744506836 
v -21.884302139282227 8.845876693725586 9.742563247680664 
v -21.91058921813965 8.843181610107422 9.716377258300781 
v -21.935707092285156 8.846592903137207 9.717965126037598 
v -21.935707092285156 8.846592903137207 9.717965126037598 
v -21.91058921813965 8.843181610107422 9.716377258300781 
v -24.064918518066406 8.842499732971191 8.007969856262207 
v -21.84691619873047 9.017293930053711 9.788586616516113 
v -21.840490341186523 9.016372680664062 9.777477264404297 
v -21.849838256835938 9.026845932006836 9.769542694091797 
v -21.840490341186523 9.016372680664062 9.777477264404297 
v -21.84691619873047 9.017293930053711 9.788586616516113 
v -21.840490341186523 8.834857940673828 9.777477264404297 
v -25.18472671508789 9.008049964904785 13.832267761230469 
v -25.138578414916992 9.02056884765625 13.868768692016602 
v -25.12748146057129 9.028141975402832 13.872735977172852 
v -25.138578414916992 9.02056884765625 13.868768692016602 
v -25.109371185302734 9.016372680664062 13.887019157409668 
v -25.12748146057129 9.028141975402832 13.872735977172852 
v -9.33509349822998 7.917494297027588 29.829248428344727 
v -8.274284362792969 7.9143900871276855 33.44761276245117 
v -11.21020221710205 7.9143900871276855 30.38787269592285 
v -8.274284362792969 8.067795753479004 33.44761276245117 
v -9.33509349822998 8.064691543579102 29.829248428344727 
v -10.156987190246582 8.065373420715332 34.00861740112305 
v -11.21020221710205 7.9143900871276855 30.38787269592285 
v -8.274284362792969 7.9143900871276855 33.44761276245117 
v -10.156987190246582 7.916811943054199 34.00861740112305 
v -9.33509349822998 8.064691543579102 29.829248428344727 
v -11.21020221710205 8.067795753479004 30.38787269592285 
v -10.156987190246582 8.065373420715332 34.00861740112305 
v -8.193087577819824 8.056436538696289 33.43333053588867 
v -8.194256782531738 7.925101280212402 33.423805236816406 
v -9.25156021118164 8.057084083557129 29.814170837402344 
v -9.25156021118164 8.057084083557129 29.814170837402344 
v -8.194256782531738 7.925101280212402 33.423805236816406 
v -9.25564956665039 7.925749778747559 29.806236267089844 
v -8.249166488647461 8.047089576721191 33.383338928222656 
v -8.256759643554688 8.050432205200195 33.45554733276367 
v -10.129531860351562 8.048521995544434 33.93402862548828 
v -8.20418643951416 7.927830696105957 33.43650436401367 
v -8.20418643951416 8.05435562133789 33.43650436401367 
v -8.223464012145996 8.053229331970215 33.375404357910156 
v -8.257927894592285 7.935369491577148 33.45237350463867 
v -8.262601852416992 7.937416076660156 33.387306213378906 
v -10.156987190246582 7.931275844573975 34.00861740112305 
v -8.222295761108398 7.930388927459717 33.375404357910156 
v -8.20418643951416 7.927830696105957 33.43650436401367 
v -8.223464012145996 8.053229331970215 33.375404357910156 
v -9.33100414276123 8.049954414367676 29.828453063964844 
v -9.289529800415039 8.044769287109375 29.88241195678711 
v -11.218964576721191 8.050909996032715 30.3807315826416 
v -9.25156021118164 7.928103446960449 29.87130355834961 
v -9.25156021118164 8.054081916809082 29.87130355834961 
v -9.266748428344727 8.05435562133789 29.809410095214844 
v -9.289529800415039 7.937416076660156 29.88241195678711 
v -9.329835891723633 7.934209823608398 29.837182998657227 
v -11.218964576721191 7.931275844573975 30.3807315826416 
v -9.265580177307129 7.929706573486328 29.808616638183594 
v -9.25156021118164 7.928103446960449 29.87130355834961 
v -9.266748428344727 8.05435562133789 29.809410095214844 
v -9.29420280456543 8.048487663269043 29.817344665527344 
v -9.289529800415039 8.044769287109375 29.88241195678711 
v -9.33100414276123 8.049954414367676 29.828453063964844 
v -8.211196899414062 8.066396713256836 33.42936325073242 
v -9.263827323913574 8.06394100189209 29.808616638183594 
v -9.277847290039062 8.065305709838867 29.822105407714844 
v -8.210028648376465 7.926295280456543 33.43809127807617 
v -8.262601852416992 7.937416076660156 33.387306213378906 
v -8.257927894592285 7.935369491577148 33.45237350463867 
v -9.271421432495117 7.917289733886719 29.810203552246094 
v -8.201266288757324 7.918210506439209 33.43571090698242 
v -8.234561920166016 7.925442695617676 33.44523239135742 
v -8.249166488647461 8.047089576721191 33.383338928222656 
v -8.23164176940918 8.048487663269043 33.44443893432617 
v -8.257927894592285 8.046782493591309 33.45237350463867 
v -8.237483024597168 8.058141708374023 33.43650436401367 
v -9.297123908996582 8.056742668151855 29.818138122558594 
v -8.256759643554688 8.05479907989502 33.45237350463867 
v -9.25156021118164 7.928103446960449 29.87130355834961 
v -9.272589683532715 7.926295280456543 29.810997009277344 
v -9.29420280456543 7.933697700500488 29.817344665527344 
v -9.294787406921387 7.924044132232666 29.826866149902344 
v -8.234561920166016 7.925442695617676 33.44523239135742 
v -9.319321632385254 7.927387237548828 29.824485778808594 
v -11.155876159667969 7.933663845062256 30.429134368896484 
v -9.289529800415039 7.937416076660156 29.88241195678711 
v -11.218964576721191 7.931275844573975 30.3807315826416 
v -10.156987190246582 7.931275844573975 34.00861740112305 
v -11.155876159667969 7.933663845062256 30.429134368896484 
v -11.218964576721191 7.931275844573975 30.3807315826416 
v -11.155876159667969 8.048521995544434 30.429134368896484 
v -10.156987190246582 8.050909996032715 34.00861740112305 
v -11.218964576721191 8.050909996032715 30.3807315826416 
v -9.289529800415039 8.044769287109375 29.88241195678711 
v -11.155876159667969 8.048521995544434 30.429134368896484 
v -11.218964576721191 8.050909996032715 30.3807315826416 
v -8.262601852416992 7.937416076660156 33.387306213378906 
v -10.129531860351562 7.933663845062256 33.93402862548828 
v -10.156987190246582 7.931275844573975 34.00861740112305 
v -10.129531860351562 7.933663845062256 33.93402862548828 
v -11.155876159667969 7.933663845062256 30.429134368896484 
v -10.156987190246582 7.931275844573975 34.00861740112305 
v -11.155876159667969 8.048521995544434 30.429134368896484 
v -10.129531860351562 8.048521995544434 33.93402862548828 
v -10.156987190246582 8.050909996032715 34.00861740112305 
v -10.129531860351562 8.048521995544434 33.93402862548828 
v -8.256759643554688 8.050432205200195 33.45554733276367 
v -10.156987190246582 8.050909996032715 34.00861740112305 
v -8.193087577819824 8.056436538696289 33.43333053588867 
v -9.25156021118164 8.057084083557129 29.814170837402344 
v -8.211196899414062 8.066396713256836 33.42936325073242 
v -8.256759643554688 8.050432205200195 33.45554733276367 
v -8.23164176940918 8.048487663269043 33.44443893432617 
v -8.215869903564453 8.05943775177002 33.44364547729492 
v -9.272589683532715 7.926295280456543 29.810997009277344 
v -9.263827323913574 7.918210506439209 29.808616638183594 
v -9.308806419372559 7.932197093963623 29.818138122558594 
v -9.25564956665039 7.925749778747559 29.806236267089844 
v -8.201266288757324 7.918210506439209 33.43571090698242 
v -9.263827323913574 7.918210506439209 29.808616638183594 
v -8.274284362792969 8.067795753479004 33.44761276245117 
v -9.323410987854004 8.06394100189209 29.835596084594727 
v -9.33509349822998 8.064691543579102 29.829248428344727 
v -9.321073532104492 8.050432205200195 29.822105407714844 
v -11.218964576721191 8.050909996032715 30.3807315826416 
v -9.33509349822998 8.064691543579102 29.829248428344727 
v -9.33509349822998 7.917494297027588 29.829248428344727 
v -11.218964576721191 7.931275844573975 30.3807315826416 
v -9.321073532104492 7.931753635406494 29.822105407714844 
v -9.294787406921387 7.924044132232666 29.826866149902344 
v -9.319321632385254 7.927387237548828 29.824485778808594 
v -9.308806419372559 7.932197093963623 29.818138122558594 
v -10.156987190246582 7.916811943054199 34.00861740112305 
v -8.274284362792969 7.9143900871276855 33.44761276245117 
v -8.256759643554688 7.931753635406494 33.45554733276367 
v -9.319321632385254 7.927387237548828 29.824485778808594 
v -8.256759643554688 7.927387237548828 33.45237350463867 
v -8.274284362792969 7.9143900871276855 33.44761276245117 
v -8.201266288757324 7.918210506439209 33.43571090698242 
v -8.210028648376465 7.926295280456543 33.43809127807617 
v -8.256759643554688 7.931753635406494 33.45554733276367 
v -8.20418643951416 7.927830696105957 33.43650436401367 
v -8.193087577819824 7.925749778747559 33.43333053588867 
v -8.20418643951416 8.05435562133789 33.43650436401367 
v -9.266748428344727 8.05435562133789 29.809410095214844 
v -9.321073532104492 8.050432205200195 29.822105407714844 
v -9.263827323913574 8.06394100189209 29.808616638183594 
v -9.265580177307129 7.929706573486328 29.808616638183594 
v -9.266748428344727 8.05435562133789 29.809410095214844 
v -9.263827323913574 8.06394100189209 29.808616638183594 
v -11.21020221710205 7.9143900871276855 30.38787269592285 
v -10.156987190246582 7.916811943054199 34.00861740112305 
v -11.218964576721191 7.931275844573975 30.3807315826416 
v -9.33509349822998 7.917494297027588 29.829248428344727 
v -11.21020221710205 7.9143900871276855 30.38787269592285 
v -11.218964576721191 7.931275844573975 30.3807315826416 
v -8.256759643554688 8.050432205200195 33.45554733276367 
v -8.26377010345459 8.061245918273926 33.45396041870117 
v -10.156987190246582 8.065373420715332 34.00861740112305 
v -8.256759643554688 8.05479907989502 33.45237350463867 
v -8.256759643554688 8.050432205200195 33.45554733276367 
v -8.208860397338867 8.064896583557129 33.43809127807617 
v -10.156987190246582 8.065373420715332 34.00861740112305 
v -11.21020221710205 8.067795753479004 30.38787269592285 
v -11.218964576721191 8.050909996032715 30.3807315826416 
v -9.33509349822998 8.064691543579102 29.829248428344727 
v -11.218964576721191 8.050909996032715 30.3807315826416 
v -11.21020221710205 8.067795753479004 30.38787269592285 
v -8.256759643554688 8.05479907989502 33.45237350463867 
v -9.297123908996582 8.056742668151855 29.818138122558594 
v -9.319321632385254 8.05479907989502 29.824485778808594 
v -9.297123908996582 8.056742668151855 29.818138122558594 
v -9.263827323913574 8.06394100189209 29.808616638183594 
v -9.321073532104492 8.050432205200195 29.822105407714844 
v -10.156987190246582 7.931275844573975 34.00861740112305 
v -10.156987190246582 7.916811943054199 34.00861740112305 
v -8.256759643554688 7.931753635406494 33.45554733276367 
v -10.156987190246582 7.916811943054199 34.00861740112305 
v -10.156987190246582 7.931275844573975 34.00861740112305 
v -11.218964576721191 7.931275844573975 30.3807315826416 
v -8.20418643951416 8.05435562133789 33.43650436401367 
v -8.193087577819824 7.925749778747559 33.43333053588867 
v -8.193087577819824 8.056436538696289 33.43333053588867 
v -8.20418643951416 8.05435562133789 33.43650436401367 
v -8.193087577819824 8.056436538696289 33.43333053588867 
v -8.215869903564453 8.05943775177002 33.44364547729492 
v -8.234561920166016 7.925442695617676 33.44523239135742 
v -8.201266288757324 7.918210506439209 33.43571090698242 
v -8.256759643554688 7.931753635406494 33.45554733276367 
v -8.274284362792969 7.9143900871276855 33.44761276245117 
v -8.256759643554688 7.927387237548828 33.45237350463867 
v -8.256759643554688 7.931753635406494 33.45554733276367 
v -9.25564956665039 7.925749778747559 29.806236267089844 
v -9.265580177307129 7.929706573486328 29.808616638183594 
v -9.25564956665039 8.056436538696289 29.806236267089844 
v -9.25564956665039 7.925749778747559 29.806236267089844 
v -9.263827323913574 7.918210506439209 29.808616638183594 
v -9.265580177307129 7.929706573486328 29.808616638183594 
v -9.25564956665039 7.925749778747559 29.806236267089844 
v -8.194256782531738 7.925101280212402 33.423805236816406 
v -8.201266288757324 7.918210506439209 33.43571090698242 
v -8.201266288757324 7.918210506439209 33.43571090698242 
v -8.193087577819824 7.925749778747559 33.43333053588867 
v -8.20418643951416 7.927830696105957 33.43650436401367 
v -10.156987190246582 8.050909996032715 34.00861740112305 
v -10.156987190246582 8.065373420715332 34.00861740112305 
v -11.218964576721191 8.050909996032715 30.3807315826416 
v -10.156987190246582 8.050909996032715 34.00861740112305 
v -8.256759643554688 8.050432205200195 33.45554733276367 
v -10.156987190246582 8.065373420715332 34.00861740112305 
v -8.26377010345459 8.061245918273926 33.45396041870117 
v -8.256759643554688 8.05479907989502 33.45237350463867 
v -9.323410987854004 8.06394100189209 29.835596084594727 
v -8.256759643554688 8.050432205200195 33.45554733276367 
v -8.256759643554688 8.05479907989502 33.45237350463867 
v -8.26377010345459 8.061245918273926 33.45396041870117 
v -9.29420280456543 8.048487663269043 29.817344665527344 
v -9.25156021118164 8.054081916809082 29.87130355834961 
v -9.289529800415039 8.044769287109375 29.88241195678711 
v -9.25156021118164 7.928103446960449 29.87130355834961 
v -9.29420280456543 7.933697700500488 29.817344665527344 
v -9.289529800415039 7.937416076660156 29.88241195678711 
v -8.223464012145996 8.053229331970215 33.375404357910156 
v -8.20418643951416 8.05435562133789 33.43650436401367 
v -8.249166488647461 8.047089576721191 33.383338928222656 
v -9.319321632385254 8.05479907989502 29.824485778808594 
v -9.321073532104492 8.050432205200195 29.822105407714844 
v -9.33509349822998 8.064691543579102 29.829248428344727 
v -9.321073532104492 8.050432205200195 29.822105407714844 
v -9.319321632385254 8.05479907989502 29.824485778808594 
v -9.297123908996582 8.056742668151855 29.818138122558594 
v -8.210028648376465 7.926295280456543 33.43809127807617 
v -8.233393669128418 7.9285807609558105 33.378578186035156 
v -8.262601852416992 7.937416076660156 33.387306213378906 
v -9.272589683532715 7.926295280456543 29.810997009277344 
v -9.308806419372559 7.932197093963623 29.818138122558594 
v -9.29420280456543 7.933697700500488 29.817344665527344 
v -9.289529800415039 7.937416076660156 29.88241195678711 
v -9.29420280456543 7.933697700500488 29.817344665527344 
v -9.329835891723633 7.934209823608398 29.837182998657227 
v -9.319321632385254 7.927387237548828 29.824485778808594 
v -8.274284362792969 7.9143900871276855 33.44761276245117 
v -9.33509349822998 7.917494297027588 29.829248428344727 
v -9.319321632385254 7.927387237548828 29.824485778808594 
v -9.33509349822998 7.917494297027588 29.829248428344727 
v -9.321073532104492 7.931753635406494 29.822105407714844 
v -9.266748428344727 8.05435562133789 29.809410095214844 
v -9.25156021118164 8.054081916809082 29.87130355834961 
v -9.29420280456543 8.048487663269043 29.817344665527344 
v -9.29420280456543 8.048487663269043 29.817344665527344 
v -9.321073532104492 8.050432205200195 29.822105407714844 
v -9.266748428344727 8.05435562133789 29.809410095214844 
v -9.25156021118164 8.057084083557129 29.814170837402344 
v -9.263827323913574 8.06394100189209 29.808616638183594 
v -8.211196899414062 8.066396713256836 33.42936325073242 
v -9.25564956665039 8.056436538696289 29.806236267089844 
v -9.265580177307129 7.929706573486328 29.808616638183594 
v -9.263827323913574 8.06394100189209 29.808616638183594 
v -8.208860397338867 8.064896583557129 33.43809127807617 
v -8.237483024597168 8.058141708374023 33.43650436401367 
v -8.256759643554688 8.05479907989502 33.45237350463867 
v -8.193087577819824 8.056436538696289 33.43333053588867 
v -8.211196899414062 8.066396713256836 33.42936325073242 
v -8.208860397338867 8.064896583557129 33.43809127807617 
v -9.271421432495117 7.917289733886719 29.810203552246094 
v -8.234561920166016 7.925442695617676 33.44523239135742 
v -9.294787406921387 7.924044132232666 29.826866149902344 
v -9.271421432495117 7.917289733886719 29.810203552246094 
v -9.294787406921387 7.924044132232666 29.826866149902344 
v -9.308806419372559 7.932197093963623 29.818138122558594 
v -8.234561920166016 7.925442695617676 33.44523239135742 
v -8.256759643554688 7.927387237548828 33.45237350463867 
v -9.319321632385254 7.927387237548828 29.824485778808594 
v -8.256759643554688 7.927387237548828 33.45237350463867 
v -8.234561920166016 7.925442695617676 33.44523239135742 
v -8.256759643554688 7.931753635406494 33.45554733276367 
v -8.249166488647461 8.047089576721191 33.383338928222656 
v -8.20418643951416 8.05435562133789 33.43650436401367 
v -8.23164176940918 8.048487663269043 33.44443893432617 
v -8.23164176940918 8.048487663269043 33.44443893432617 
v -8.20418643951416 8.05435562133789 33.43650436401367 
v -8.215869903564453 8.05943775177002 33.44364547729492 
v -8.20418643951416 7.927830696105957 33.43650436401367 
v -8.222295761108398 7.930388927459717 33.375404357910156 
v -8.210028648376465 7.926295280456543 33.43809127807617 
v -8.210028648376465 7.926295280456543 33.43809127807617 
v -8.201266288757324 7.918210506439209 33.43571090698242 
v -8.20418643951416 7.927830696105957 33.43650436401367 
v -9.277847290039062 8.065305709838867 29.822105407714844 
v -9.263827323913574 8.06394100189209 29.808616638183594 
v -9.297123908996582 8.056742668151855 29.818138122558594 
v -9.277847290039062 8.065305709838867 29.822105407714844 
v -9.297123908996582 8.056742668151855 29.818138122558594 
v -8.237483024597168 8.058141708374023 33.43650436401367 
v -8.256759643554688 8.050432205200195 33.45554733276367 
v -8.249166488647461 8.047089576721191 33.383338928222656 
v -8.257927894592285 8.046782493591309 33.45237350463867 
v -8.257927894592285 8.046782493591309 33.45237350463867 
v -8.23164176940918 8.048487663269043 33.44443893432617 
v -8.256759643554688 8.050432205200195 33.45554733276367 
v -9.25156021118164 7.928103446960449 29.87130355834961 
v -9.265580177307129 7.929706573486328 29.808616638183594 
v -9.272589683532715 7.926295280456543 29.810997009277344 
v -9.263827323913574 7.918210506439209 29.808616638183594 
v -9.272589683532715 7.926295280456543 29.810997009277344 
v -9.29420280456543 7.933697700500488 29.817344665527344 
v -9.308806419372559 7.932197093963623 29.818138122558594 
v -9.321073532104492 7.931753635406494 29.822105407714844 
v -9.319321632385254 7.927387237548828 29.824485778808594 
v -9.321073532104492 7.931753635406494 29.822105407714844 
v -9.308806419372559 7.932197093963623 29.818138122558594 
v -9.263827323913574 7.918210506439209 29.808616638183594 
v -8.201266288757324 7.918210506439209 33.43571090698242 
v -9.271421432495117 7.917289733886719 29.810203552246094 
v -9.263827323913574 7.918210506439209 29.808616638183594 
v -9.271421432495117 7.917289733886719 29.810203552246094 
v -9.308806419372559 7.932197093963623 29.818138122558594 
v -8.211196899414062 8.066396713256836 33.42936325073242 
v -9.277847290039062 8.065305709838867 29.822105407714844 
v -8.237483024597168 8.058141708374023 33.43650436401367 
v -8.208860397338867 8.064896583557129 33.43809127807617 
v -8.211196899414062 8.066396713256836 33.42936325073242 
v -8.237483024597168 8.058141708374023 33.43650436401367 
v -10.156987190246582 7.931275844573975 34.00861740112305 
v -8.256759643554688 7.931753635406494 33.45554733276367 
v -8.257927894592285 7.935369491577148 33.45237350463867 
v -8.256759643554688 7.931753635406494 33.45554733276367 
v -8.210028648376465 7.926295280456543 33.43809127807617 
v -8.257927894592285 7.935369491577148 33.45237350463867 
v -9.321073532104492 8.050432205200195 29.822105407714844 
v -9.33100414276123 8.049954414367676 29.828453063964844 
v -11.218964576721191 8.050909996032715 30.3807315826416 
v -9.321073532104492 8.050432205200195 29.822105407714844 
v -9.29420280456543 8.048487663269043 29.817344665527344 
v -9.33100414276123 8.049954414367676 29.828453063964844 
v -8.194256782531738 7.925101280212402 33.423805236816406 
v -8.193087577819824 7.925749778747559 33.43333053588867 
v -8.201266288757324 7.918210506439209 33.43571090698242 
v -8.193087577819824 8.056436538696289 33.43333053588867 
v -8.193087577819824 7.925749778747559 33.43333053588867 
v -8.194256782531738 7.925101280212402 33.423805236816406 
v -9.323410987854004 8.06394100189209 29.835596084594727 
v -9.319321632385254 8.05479907989502 29.824485778808594 
v -9.33509349822998 8.064691543579102 29.829248428344727 
v -9.323410987854004 8.06394100189209 29.835596084594727 
v -8.256759643554688 8.05479907989502 33.45237350463867 
v -9.319321632385254 8.05479907989502 29.824485778808594 
v -10.156987190246582 8.065373420715332 34.00861740112305 
v -8.26377010345459 8.061245918273926 33.45396041870117 
v -8.274284362792969 8.067795753479004 33.44761276245117 
v -8.26377010345459 8.061245918273926 33.45396041870117 
v -9.323410987854004 8.06394100189209 29.835596084594727 
v -8.274284362792969 8.067795753479004 33.44761276245117 
v -8.210028648376465 7.926295280456543 33.43809127807617 
v -8.222295761108398 7.930388927459717 33.375404357910156 
v -8.233393669128418 7.9285807609558105 33.378578186035156 
v -9.29420280456543 7.933697700500488 29.817344665527344 
v -9.321073532104492 7.931753635406494 29.822105407714844 
v -9.329835891723633 7.934209823608398 29.837182998657227 
v -9.329835891723633 7.934209823608398 29.837182998657227 
v -9.321073532104492 7.931753635406494 29.822105407714844 
v -11.218964576721191 7.931275844573975 30.3807315826416 
v -9.25156021118164 8.057084083557129 29.814170837402344 
v -9.25564956665039 8.056436538696289 29.806236267089844 
v -9.263827323913574 8.06394100189209 29.808616638183594 
v -9.25564956665039 8.056436538696289 29.806236267089844 
v -9.25156021118164 8.057084083557129 29.814170837402344 
v -9.25564956665039 7.925749778747559 29.806236267089844 
v -8.256759643554688 8.050432205200195 33.45554733276367 
v -8.215869903564453 8.05943775177002 33.44364547729492 
v -8.208860397338867 8.064896583557129 33.43809127807617 
v -8.215869903564453 8.05943775177002 33.44364547729492 
v -8.193087577819824 8.056436538696289 33.43333053588867 
v -8.208860397338867 8.064896583557129 33.43809127807617 
vn 3.097898456858039e-13 -0.999997615814209 -0.002184694167226553 
vn 3.097898456858039e-13 -0.999997615814209 -0.002184694167226553 
vn 3.097898456858039e-13 -0.999997615814209 -0.002184694167226553 
vn 3.097898456858039e-13 -0.999997615814209 -0.002184694167226553 
vn -0.9967275857925415 0.0037772341165691614 -0.08074574917554855 
vn -0.9967275857925415 0.0037772341165691614 -0.08074574917554855 
vn -0.9967275857925415 0.0037772341165691614 -0.08074574917554855 
vn -0.9967275857925415 0.0037772341165691614 -0.08074574917554855 
vn -0.03775046393275261 0.9992848038673401 -0.002184694167226553 
vn -0.03775046393275261 0.9992848038673401 -0.002184694167226553 
vn -0.03775046393275261 0.9992848038673401 -0.002184694167226553 
vn -0.03775046393275261 0.9992848038673401 -0.002184694167226553 
vn -0.9967275857925415 0.0037772341165691614 -0.08074574917554855 
vn -0.9967275857925415 0.0037772341165691614 -0.08074574917554855 
vn -0.9967275857925415 0.0037772341165691614 -0.08074574917554855 
vn -0.9967275857925415 0.0037772341165691614 -0.08074574917554855 
vn 0.08292311429977417 0 -0.9965559244155884 
vn 0.08292311429977417 0 -0.9965559244155884 
vn 0.08292311429977417 0 -0.9965559244155884 
vn 0.08292311429977417 0 -0.9965559244155884 
vn -1.0341130485562108e-13 0.999997615814209 0.002184694167226553 
vn -1.0341130485562108e-13 0.999997615814209 0.002184694167226553 
vn -1.0341130485562108e-13 0.999997615814209 0.002184694167226553 
vn -1.0341130485562108e-13 0.999997615814209 -0.002184694167226553 
vn -1.0341130485562108e-13 0.999997615814209 -0.002184694167226553 
vn -1.0341130485562108e-13 0.999997615814209 -0.002184694167226553 
vn 0.9966204762458801 0.01509019173681736 0.08074574917554855 
vn 0.9966204762458801 0.01509019173681736 0.08074574917554855 
vn 0.9966204762458801 0.01509019173681736 0.08074574917554855 
vn 0.003776365192607045 0.9977003335952759 -0.06767380982637405 
vn 0.003776365192607045 0.9977003335952759 -0.06767380982637405 
vn 0.003776365192607045 0.9977003335952759 -0.06767380982637405 
vn 0.996372401714325 0 0.08510008454322815 
vn 0.996372401714325 0 0.08510008454322815 
vn 0.996372401714325 0 0.08510008454322815 
vn -0.9976442456245422 0.02640729956328869 -0.0633138045668602 
vn -0.9976442456245422 0.02640729956328869 -0.0633138045668602 
vn -0.9976442456245422 0.02640729956328869 -0.0633138045668602 
vn 3.096656503269457e-13 -0.9995967149734497 -0.028397228568792343 
vn 3.096656503269457e-13 -0.9995967149734497 -0.028397228568792343 
vn 3.096656503269457e-13 -0.9995967149734497 -0.028397228568792343 
vn 3.0978390967890956e-13 -0.9999785423278809 -0.006554040592163801 
vn 3.0978390967890956e-13 -0.9999785423278809 -0.006554040592163801 
vn 3.0978390967890956e-13 -0.9999785423278809 -0.006554040592163801 
vn -0.9956406354904175 -0.026417875662446022 -0.08945280313491821 
vn -0.9956406354904175 -0.026417875662446022 -0.08945280313491821 
vn -0.9956406354904175 -0.026417875662446022 -0.08945280313491821 
vn -0.007549653295427561 0.9996827244758606 0.024029340595006943 
vn -0.007549653295427561 0.9996827244758606 0.024029340595006943 
vn -0.007549653295427561 0.9996827244758606 0.024029340595006943 
vn -0.9992848038673401 0.03775046393275261 0.002184694167226553 
vn -0.9992848038673401 0.03775046393275261 0.002184694167226553 
vn -0.9992848038673401 0.03775046393275261 0.002184694167226553 
vn -0.9947329759597778 -2.0573375902194213e-13 -0.10250037163496017 
vn -0.9947329759597778 -2.0573375902194213e-13 -0.10250037163496017 
vn -0.9947329759597778 -2.0573375902194213e-13 -0.10250037163496017 
vn 0.24654176831245422 0.968716025352478 -0.028397228568792343 
vn 0.24654176831245422 0.968716025352478 -0.028397228568792343 
vn 0.24654176831245422 0.968716025352478 -0.028397228568792343 
vn -0.41019245982170105 -0.9114102721214294 -0.03276457265019417 
vn -0.41019245982170105 -0.9114102721214294 -0.03276457265019417 
vn -0.41019245982170105 -0.9114102721214294 -0.03276457265019417 
vn 0.1708221733570099 -0.9832655787467957 0.0633138045668602 
vn 0.1708221733570099 -0.9832655787467957 0.0633138045668602 
vn 0.1708221733570099 -0.9832655787467957 0.0633138045668602 
vn -0.2611992359161377 0.9650846719741821 -0.01966099627315998 
vn -0.2611992359161377 0.9650846719741821 -0.01966099627315998 
vn -0.2611992359161377 0.9650846719741821 -0.01966099627315998 
vn -0.007548788096755743 0.9995682239532471 0.028397228568792343 
vn -0.007548788096755743 0.9995682239532471 0.028397228568792343 
vn -0.007548788096755743 0.9995682239532471 0.028397228568792343 
vn -1.0336984767505067e-13 0.9995967149734497 -0.028397228568792343 
vn -1.0336984767505067e-13 0.9995967149734497 -0.028397228568792343 
vn -1.0336984767505067e-13 0.9995967149734497 -0.028397228568792343 
vn 3.096656503269457e-13 -0.9995967149734497 0.028397228568792343 
vn 3.096656503269457e-13 -0.9995967149734497 0.028397228568792343 
vn 3.096656503269457e-13 -0.9995967149734497 0.028397228568792343 
vn -0.03775046393275261 -0.9992848038673401 -0.002184694167226553 
vn -0.03775046393275261 -0.9992848038673401 -0.002184694167226553 
vn -0.03775046393275261 -0.9992848038673401 -0.002184694167226553 
vn 0.19134262204170227 0.978876531124115 0.07203252613544464 
vn 0.19134262204170227 0.978876531124115 0.07203252613544464 
vn 0.19134262204170227 0.978876531124115 0.07203252613544464 
vn -0.33319780230522156 -0.9424291849136353 -0.028397228568792343 
vn -0.33319780230522156 -0.9424291849136353 -0.028397228568792343 
vn -0.33319780230522156 -0.9424291849136353 -0.028397228568792343 
vn 0.1355079710483551 0.9907160401344299 0.010923261754214764 
vn 0.1355079710483551 0.9907160401344299 0.010923261754214764 
vn 0.1355079710483551 0.9907160401344299 0.010923261754214764 
vn 0.2830166518688202 -0.9589930772781372 0.0152922747656703 
vn 0.2830166518688202 -0.9589930772781372 0.0152922747656703 
vn 0.2830166518688202 -0.9589930772781372 0.0152922747656703 
vn -0.03775046393275261 -0.9992848038673401 -0.002184694167226553 
vn -0.03775046393275261 -0.9992848038673401 -0.002184694167226553 
vn -0.03775046393275261 -0.9992848038673401 -0.002184694167226553 
vn 3.096656503269457e-13 -0.9995967149734497 -0.028397228568792343 
vn 3.096656503269457e-13 -0.9995967149734497 -0.028397228568792343 
vn 3.096656503269457e-13 -0.9995967149734497 -0.028397228568792343 
vn 0.6836914420127869 0.7277265787124634 0.05459024757146835 
vn 0.6836914420127869 0.7277265787124634 0.05459024757146835 
vn 0.6836914420127869 0.7277265787124634 0.05459024757146835 
vn 0.0766044557094574 0.2651672065258026 -0.961154580116272 
vn 0.0766044557094574 0.2651672065258026 -0.961154580116272 
vn 0.0766044557094574 0.2651672065258026 -0.961154580116272 
vn 0.0766044557094574 -0.2651672065258026 -0.961154580116272 
vn 0.0766044557094574 -0.2651672065258026 -0.961154580116272 
vn 0.0766044557094574 -0.2651672065258026 -0.961154580116272 
vn 0.71053147315979 -0.7011915445327759 0.058952588587999344 
vn 0.71053147315979 -0.7011915445327759 0.058952588587999344 
vn 0.71053147315979 -0.7011915445327759 0.058952588587999344 
vn 0.08292311429977417 0 -0.9965559244155884 
vn 0.08292311429977417 0 -0.9965559244155884 
vn 0.08292311429977417 0 -0.9965559244155884 
vn 0.8718388080596924 -0.48446714878082275 0.07203252613544464 
vn 0.8718388080596924 -0.48446714878082275 0.07203252613544464 
vn 0.8718388080596924 -0.48446714878082275 0.07203252613544464 
vn -0.08012539148330688 -0.3413968086242676 0.9364978075027466 
vn -0.08012539148330688 -0.3413968086242676 0.9364978075027466 
vn -0.08012539148330688 -0.3413968086242676 0.9364978075027466 
vn -0.2387336939573288 0.8861061930656433 0.3972681760787964 
vn -0.2387336939573288 0.8861061930656433 0.3972681760787964 
vn -0.2387336939573288 0.8861061930656433 0.3972681760787964 
vn -0.13691087067127228 0.026040952652692795 0.9902410507202148 
vn -0.13691087067127228 0.026040952652692795 0.9902410507202148 
vn -0.13691087067127228 0.026040952652692795 0.9902410507202148 
vn -0.08314716815948486 0.2631889879703522 0.961154580116272 
vn -0.08314716815948486 0.2631889879703522 0.961154580116272 
vn -0.08314716815948486 0.2631889879703522 0.961154580116272 
vn -0.23332463204860687 0.9108632206916809 0.34042292833328247 
vn -0.23332463204860687 0.9108632206916809 0.34042292833328247 
vn -0.23332463204860687 0.9108632206916809 0.34042292833328247 
vn -0.8992761969566345 -0.01886230893433094 0.43697428703308105 
vn -0.8992761969566345 -0.01886230893433094 0.43697428703308105 
vn -0.8992761969566345 -0.01886230893433094 0.43697428703308105 
vn 0.07889821380376816 0.6113176941871643 0.7874425053596497 
vn 0.07889821380376816 0.6113176941871643 0.7874425053596497 
vn 0.07889821380376816 0.6113176941871643 0.7874425053596497 
vn 0.02265479601919651 -0.9661298394203186 -0.25706008076667786 
vn 0.02265479601919651 -0.9661298394203186 -0.25706008076667786 
vn 0.02265479601919651 -0.9661298394203186 -0.25706008076667786 
vn 0.6836914420127869 -0.7277265787124634 0.05459024757146835 
vn 0.6836914420127869 -0.7277265787124634 0.05459024757146835 
vn 0.6836914420127869 -0.7277265787124634 0.05459024757146835 
vn -0.08292311429977417 -1.7150416490078167e-14 0.9965559244155884 
vn -0.08292311429977417 -1.7150416490078167e-14 0.9965559244155884 
vn -0.08292311429977417 -1.7150416490078167e-14 0.9965559244155884 
vn -0.08292311429977417 -1.7150416490078167e-14 0.9965559244155884 
vn -0.08292311429977417 -1.7150416490078167e-14 0.9965559244155884 
vn -0.08292311429977417 -1.7150416490078167e-14 0.9965559244155884 
vn -0.09049693495035172 0.9958751797676086 -0.006554040592163801 
vn -0.09049693495035172 0.9958751797676086 -0.006554040592163801 
vn -0.09049693495035172 0.9958751797676086 -0.006554040592163801 
vn -0.04532512277364731 0.7541285157203674 -0.6551609039306641 
vn -0.04532512277364731 0.7541285157203674 -0.6551609039306641 
vn -0.04532512277364731 0.7541285157203674 -0.6551609039306641 
vn 0.08292311429977417 0 -0.9965559244155884 
vn 0.08292311429977417 0 -0.9965559244155884 
vn 0.08292311429977417 0 -0.9965559244155884 
vn 0.5777942538261414 -0.007563740946352482 -0.8161473870277405 
vn 0.5777942538261414 -0.007563740946352482 -0.8161473870277405 
vn 0.5777942538261414 -0.007563740946352482 -0.8161473870277405 
vn 0.15195107460021973 0.7069951295852661 -0.6907016038894653 
vn 0.15195107460021973 0.7069951295852661 -0.6907016038894653 
vn 0.15195107460021973 0.7069951295852661 -0.6907016038894653 
vn 0.09049693495035172 0.9958751797676086 0.006554040592163801 
vn 0.09049693495035172 0.9958751797676086 0.006554040592163801 
vn 0.09049693495035172 0.9958751797676086 0.006554040592163801 
vn 0.334943950176239 0.5801399350166321 0.7424622178077698 
vn 0.334943950176239 0.5801399350166321 0.7424622178077698 
vn 0.334943950176239 0.5801399350166321 0.7424622178077698 
vn 0.08292311429977417 0 -0.9965559244155884 
vn 0.08292311429977417 0 -0.9965559244155884 
vn 0.08292311429977417 0 -0.9965559244155884 
vn 0.08292311429977417 0 -0.9965559244155884 
vn 0.08292311429977417 0 -0.9965559244155884 
vn 0.08292311429977417 0 -0.9965559244155884 
vn 0.2828059196472168 0.9582790732383728 0.04149730131030083 
vn 0.2828059196472168 0.9582790732383728 0.04149730131030083 
vn 0.2828059196472168 0.9582790732383728 0.04149730131030083 
vn -0.05833255872130394 0.7327824831008911 0.677958071231842 
vn -0.05833255872130394 0.7327824831008911 0.677958071231842 
vn -0.05833255872130394 0.7327824831008911 0.677958071231842 
vn 0.0921977311372757 0.735238790512085 0.6715083718299866 
vn 0.0921977311372757 0.735238790512085 0.6715083718299866 
vn 0.0921977311372757 0.735238790512085 0.6715083718299866 
vn 0.24460794031620026 -0.9675527215003967 0.0633138045668602 
vn 0.24460794031620026 -0.9675527215003967 0.0633138045668602 
vn 0.24460794031620026 -0.9675527215003967 0.0633138045668602 
vn -0.13696259260177612 0.8032904863357544 0.5796254277229309 
vn -0.13696259260177612 0.8032904863357544 0.5796254277229309 
vn -0.13696259260177612 0.8032904863357544 0.5796254277229309 
vn 0.6890029311180115 -0.722356915473938 0.058952588587999344 
vn 0.6890029311180115 -0.722356915473938 0.058952588587999344 
vn 0.6890029311180115 -0.722356915473938 0.058952588587999344 
vn 0.10359598696231842 -0.9928708076477051 0.058952588587999344 
vn 0.10359598696231842 -0.9928708076477051 0.058952588587999344 
vn 0.10359598696231842 -0.9928708076477051 0.058952588587999344 
vn 0.18767757713794708 0.9822282791137695 -0.002184694167226553 
vn 0.18767757713794708 0.9822282791137695 -0.002184694167226553 
vn 0.18767757713794708 0.9822282791137695 -0.002184694167226553 
vn 0.7804308533668518 0.6220281720161438 0.0633138045668602 
vn 0.7804308533668518 0.6220281720161438 0.0633138045668602 
vn 0.7804308533668518 0.6220281720161438 0.0633138045668602 
vn -0.05413088575005531 0.028410080820322037 0.9981296062469482 
vn -0.05413088575005531 0.028410080820322037 0.9981296062469482 
vn -0.05413088575005531 0.028410080820322037 0.9981296062469482 
vn 0.45054662227630615 0.5770823359489441 -0.681163489818573 
vn 0.45054662227630615 0.5770823359489441 -0.681163489818573 
vn 0.45054662227630615 0.5770823359489441 -0.681163489818573 
vn 0.0018891491927206516 0.6698852777481079 -0.7424622178077698 
vn 0.0018891491927206516 0.6698852777481079 -0.7424622178077698 
vn 0.0018891491927206516 0.6698852777481079 -0.7424622178077698 
vn -0.09049693495035172 -0.9958751797676086 -0.006554040592163801 
vn -0.09049693495035172 -0.9958751797676086 -0.006554040592163801 
vn -0.09049693495035172 -0.9958751797676086 -0.006554040592163801 
vn 0.0018891491927206516 -0.6698852777481079 -0.7424622178077698 
vn 0.0018891491927206516 -0.6698852777481079 -0.7424622178077698 
vn 0.0018891491927206516 -0.6698852777481079 -0.7424622178077698 
vn -0.44606727361679077 -0.8933330178260803 -0.05459024757146835 
vn -0.44606727361679077 -0.8933330178260803 -0.05459024757146835 
vn -0.44606727361679077 -0.8933330178260803 -0.05459024757146835 
vn 0.14291973412036896 -0.9795629978179932 -0.1415284425020218 
vn 0.14291973412036896 -0.9795629978179932 -0.1415284425020218 
vn 0.14291973412036896 -0.9795629978179932 -0.1415284425020218 
vn -0.09049693495035172 0.9958751797676086 -0.006554040592163801 
vn -0.09049693495035172 0.9958751797676086 -0.006554040592163801 
vn -0.09049693495035172 0.9958751797676086 -0.006554040592163801 
vn -0.1255660504102707 0.6711156964302063 0.7306414246559143 
vn -0.1255660504102707 0.6711156964302063 0.7306414246559143 
vn -0.1255660504102707 0.6711156964302063 0.7306414246559143 
vn 0.4842188358306885 -0.273765504360199 0.8310141563415527 
vn 0.4842188358306885 -0.273765504360199 0.8310141563415527 
vn 0.4842188358306885 -0.273765504360199 0.8310141563415527 
vn 0.17842209339141846 -0.9828846454620361 0.04586252197623253 
vn 0.17842209339141846 -0.9828846454620361 0.04586252197623253 
vn 0.17842209339141846 -0.9828846454620361 0.04586252197623253 
vn -0.007529055699706078 -0.5415905714035034 0.8406086564064026 
vn -0.007529055699706078 -0.5415905714035034 0.8406086564064026 
vn -0.007529055699706078 -0.5415905714035034 0.8406086564064026 
vn -0.007551815826445818 -0.9999691247940063 -0.002184694167226553 
vn -0.007551815826445818 -0.9999691247940063 -0.002184694167226553 
vn -0.007551815826445818 -0.9999691247940063 -0.002184694167226553 
vn -0.45120969414711 0.8922013640403748 -0.01966099627315998 
vn -0.45120969414711 0.8922013640403748 -0.01966099627315998 
vn -0.45120969414711 0.8922013640403748 -0.01966099627315998 
vn -0.3174739480018616 0.4996967613697052 0.8059239983558655 
vn -0.3174739480018616 0.4996967613697052 0.8059239983558655 
vn -0.3174739480018616 0.4996967613697052 0.8059239983558655 
vn -0.09801503270864487 -0.9951633810997009 -0.006554040592163801 
vn -0.09801503270864487 -0.9951633810997009 -0.006554040592163801 
vn -0.09801503270864487 -0.9951633810997009 -0.006554040592163801 
vn 0.1523011326789856 -0.9458996057510376 -0.2864931523799896 
vn 0.1523011326789856 -0.9458996057510376 -0.2864931523799896 
vn 0.1523011326789856 -0.9458996057510376 -0.2864931523799896 
vn -0.33514603972435 0.9410492777824402 -0.04586252197623253 
vn -0.33514603972435 0.9410492777824402 -0.04586252197623253 
vn -0.33514603972435 0.9410492777824402 -0.04586252197623253 
vn 0.3141535520553589 0.22637802362442017 -0.9219872951507568 
vn 0.3141535520553589 0.22637802362442017 -0.9219872951507568 
vn 0.3141535520553589 0.22637802362442017 -0.9219872951507568 
vn -0.7714791297912598 -0.037782080471515656 -0.6351318359375 
vn -0.7714791297912598 -0.037782080471515656 -0.6351318359375 
vn -0.7714791297912598 -0.037782080471515656 -0.6351318359375 
vn -0.1832430511713028 -0.4979305565357208 -0.8476362228393555 
vn -0.1832430511713028 -0.4979305565357208 -0.8476362228393555 
vn -0.1832430511713028 -0.4979305565357208 -0.8476362228393555 
vn -0.31183093786239624 -0.9450542330741882 -0.0981530249118805 
vn -0.31183093786239624 -0.9450542330741882 -0.0981530249118805 
vn -0.31183093786239624 -0.9450542330741882 -0.0981530249118805 
vn 0.2054651826620102 -0.45652490854263306 -0.865661084651947 
vn 0.2054651826620102 -0.45652490854263306 -0.865661084651947 
vn 0.2054651826620102 -0.45652490854263306 -0.865661084651947 
vn 0.9626762866973877 -0.022658390924334526 -0.26970529556274414 
vn 0.9626762866973877 -0.022658390924334526 -0.26970529556274414 
vn 0.9626762866973877 -0.022658390924334526 -0.26970529556274414 
vn 0.6670099496841431 -0.7430461645126343 0.05459024757146835 
vn 0.6670099496841431 -0.7430461645126343 0.05459024757146835 
vn 0.6670099496841431 -0.7430461645126343 0.05459024757146835 
vn -0.34739354252815247 -0.9372893571853638 -0.028397228568792343 
vn -0.34739354252815247 -0.9372893571853638 -0.028397228568792343 
vn -0.34739354252815247 -0.9372893571853638 -0.028397228568792343 
vn -0.246077299118042 -0.9135152101516724 0.3239381015300751 
vn -0.246077299118042 -0.9135152101516724 0.3239381015300751 
vn -0.246077299118042 -0.9135152101516724 0.3239381015300751 
vn 0.844954788684845 0.5299648642539978 0.07203252613544464 
vn 0.844954788684845 0.5299648642539978 0.07203252613544464 
vn 0.844954788684845 0.5299648642539978 0.07203252613544464 
vn 0.5925689935684204 0.3326666057109833 -0.7336177229881287 
vn 0.5925689935684204 0.3326666057109833 -0.7336177229881287 
vn 0.5925689935684204 0.3326666057109833 -0.7336177229881287 
vn -0.05833255872130394 -0.7327824831008911 0.677958071231842 
vn -0.05833255872130394 -0.7327824831008911 0.677958071231842 
vn -0.05833255872130394 -0.7327824831008911 0.677958071231842 
vn 0.07339730858802795 -0.7343971729278564 0.67473965883255 
vn 0.07339730858802795 -0.7343971729278564 0.67473965883255 
vn 0.07339730858802795 -0.7343971729278564 0.67473965883255 
vn 0.5649523735046387 -0.800070583820343 -0.2017817199230194 
vn 0.5649523735046387 -0.800070583820343 -0.2017817199230194 
vn 0.5649523735046387 -0.800070583820343 -0.2017817199230194 
vn 0.45054662227630615 -0.5770823359489441 -0.681163489818573 
vn 0.45054662227630615 -0.5770823359489441 -0.681163489818573 
vn 0.45054662227630615 -0.5770823359489441 -0.681163489818573 
vn 0.6746467351913452 0.7146763205528259 0.18463370203971863 
vn 0.6746467351913452 0.7146763205528259 0.18463370203971863 
vn 0.6746467351913452 0.7146763205528259 0.18463370203971863 
vn -0.23746035993099213 0.9676623940467834 0.08510008454322815 
vn -0.23746035993099213 0.9676623940467834 0.08510008454322815 
vn -0.23746035993099213 0.9676623940467834 0.08510008454322815 
vn -0.41019245982170105 0.9114102721214294 -0.03276457265019417 
vn -0.41019245982170105 0.9114102721214294 -0.03276457265019417 
vn -0.41019245982170105 0.9114102721214294 -0.03276457265019417 
vn -0.04523755609989166 0.2807784974575043 -0.9587059020996094 
vn -0.04523755609989166 0.2807784974575043 -0.9587059020996094 
vn -0.04523755609989166 0.2807784974575043 -0.9587059020996094 
vn -0.03582611680030823 -0.8746031522750854 0.4835140109062195 
vn -0.03582611680030823 -0.8746031522750854 0.4835140109062195 
vn -0.03582611680030823 -0.8746031522750854 0.4835140109062195 
vn 0.6726090312004089 -0.7379817366600037 0.05459024757146835 
vn 0.6726090312004089 -0.7379817366600037 0.05459024757146835 
vn 0.6726090312004089 -0.7379817366600037 0.05459024757146835 
vn 0.07141970098018646 -0.612236499786377 0.7874425053596497 
vn 0.07141970098018646 -0.612236499786377 0.7874425053596497 
vn 0.07141970098018646 -0.612236499786377 0.7874425053596497 
vn 0.03951307013630867 -0.5800600647926331 0.8136147856712341 
vn 0.03951307013630867 -0.5800600647926331 0.8136147856712341 
vn 0.03951307013630867 -0.5800600647926331 0.8136147856712341 
vn -0.2849528193473816 -0.6239596009254456 0.7276512384414673 
vn -0.2849528193473816 -0.6239596009254456 0.7276512384414673 
vn -0.2849528193473816 -0.6239596009254456 0.7276512384414673 
vn -0.07152252644300461 -0.6660588383674622 0.7424622178077698 
vn -0.07152252644300461 -0.6660588383674622 0.7424622178077698 
vn -0.07152252644300461 -0.6660588383674622 0.7424622178077698 
vn 0.8329570889472961 0.54918372631073 0.06767380982637405 
vn 0.8329570889472961 0.54918372631073 0.06767380982637405 
vn 0.8329570889472961 0.54918372631073 0.06767380982637405 
vn 0.49664798378944397 0.7797761559486389 0.3811691105365753 
vn 0.49664798378944397 0.7797761559486389 0.3811691105365753 
vn 0.49664798378944397 0.7797761559486389 0.3811691105365753 
vn -0.1672283262014389 -0.984637975692749 -0.05022686347365379 
vn -0.1672283262014389 -0.984637975692749 -0.05022686347365379 
vn -0.1672283262014389 -0.984637975692749 -0.05022686347365379 
vn 0.5649523735046387 0.800070583820343 -0.2017817199230194 
vn 0.5649523735046387 0.800070583820343 -0.2017817199230194 
vn 0.5649523735046387 0.800070583820343 -0.2017817199230194 
vn 0.02265479601919651 0.9661298394203186 -0.25706008076667786 
vn 0.02265479601919651 0.9661298394203186 -0.25706008076667786 
vn 0.02265479601919651 0.9661298394203186 -0.25706008076667786 
vn 0.43893831968307495 0 0.8985171914100647 
vn 0.43893831968307495 0 0.8985171914100647 
vn 0.43893831968307495 0 0.8985171914100647 
vn 0.45382142066955566 -0.5310662984848022 0.715552031993866 
vn 0.45382142066955566 -0.5310662984848022 0.715552031993866 
vn 0.45382142066955566 -0.5310662984848022 0.715552031993866 
vn 3.097898456858039e-13 -0.999997615814209 0.002184694167226553 
vn 3.097898456858039e-13 -0.999997615814209 0.002184694167226553 
vn 3.097898456858039e-13 -0.999997615814209 0.002184694167226553 
vn -1.0341130485562108e-13 0.999997615814209 -0.002184694167226553 
vn -1.0341130485562108e-13 0.999997615814209 -0.002184694167226553 
vn -1.0341130485562108e-13 0.999997615814209 -0.002184694167226553 
vn 3.097898456858039e-13 -0.999997615814209 -0.002184694167226553 
vn 3.097898456858039e-13 -0.999997615814209 -0.002184694167226553 
vn 3.097898456858039e-13 -0.999997615814209 -0.002184694167226553 
vn -1.0341130485562108e-13 0.999997615814209 0.002184694167226553 
vn -1.0341130485562108e-13 0.999997615814209 0.002184694167226553 
vn -1.0341130485562108e-13 0.999997615814209 0.002184694167226553 
vn 0.7832407355308533 0.015074591152369976 0.6215357780456543 
vn 0.7832407355308533 0.015074591152369976 0.6215357780456543 
vn 0.7832407355308533 0.015074591152369976 0.6215357780456543 
vn 0.7832407355308533 -0.015074591152369976 0.6215357780456543 
vn 0.7832407355308533 -0.015074591152369976 0.6215357780456543 
vn 0.7832407355308533 -0.015074591152369976 0.6215357780456543 
vn -0.03018219955265522 -0.9988545179367065 0.03713129088282585 
vn -0.03018219955265522 -0.9988545179367065 0.03713129088282585 
vn -0.03018219955265522 -0.9988545179367065 0.03713129088282585 
vn -0.7967674732208252 0.003775471355766058 -0.6042742133140564 
vn -0.7967674732208252 0.003775471355766058 -0.6042742133140564 
vn -0.7967674732208252 0.003775471355766058 -0.6042742133140564 
vn -0.02264723740518093 0.99945467710495 0.024029340595006943 
vn -0.02264723740518093 0.99945467710495 0.024029340595006943 
vn -0.02264723740518093 0.99945467710495 0.024029340595006943 
vn -0.786057710647583 -0.007552138064056635 -0.6181069612503052 
vn -0.786057710647583 -0.007552138064056635 -0.6181069612503052 
vn -0.786057710647583 -0.007552138064056635 -0.6181069612503052 
vn 0.050912197679281235 -0.9966942071914673 -0.0633138045668602 
vn 0.050912197679281235 -0.9966942071914673 -0.0633138045668602 
vn 0.050912197679281235 -0.9966942071914673 -0.0633138045668602 
vn -0.7526195645332336 -1.5565910919165121e-13 -0.6584556698799133 
vn -0.7526195645332336 -1.5565910919165121e-13 -0.6584556698799133 
vn -0.7526195645332336 -1.5565910919165121e-13 -0.6584556698799133 
vn 0.03586921468377113 0.9983035922050476 -0.04586252197623253 
vn 0.03586921468377113 0.9983035922050476 -0.04586252197623253 
vn 0.03586921468377113 0.9983035922050476 -0.04586252197623253 
vn -0.7409584522247314 -0.007558020297437906 -0.6715083718299866 
vn -0.7409584522247314 -0.007558020297437906 -0.6715083718299866 
vn -0.7409584522247314 -0.007558020297437906 -0.6715083718299866 
vn 0.011321731843054295 -0.9970137476921082 -0.0763898640871048 
vn 0.011321731843054295 -0.9970137476921082 -0.0763898640871048 
vn 0.011321731843054295 -0.9970137476921082 -0.0763898640871048 
vn 0.05849025025963783 0.9970236420631409 0.05022686347365379 
vn 0.05849025025963783 0.9970236420631409 0.05022686347365379 
vn 0.05849025025963783 0.9970236420631409 0.05022686347365379 
vn 0.09235922992229462 0.9822736978530884 0.16312000155448914 
vn 0.09235922992229462 0.9822736978530884 0.16312000155448914 
vn 0.09235922992229462 0.9822736978530884 0.16312000155448914 
vn -0.16352322697639465 -0.9781296253204346 -0.12854042649269104 
vn -0.16352322697639465 -0.9781296253204346 -0.12854042649269104 
vn -0.16352322697639465 -0.9781296253204346 -0.12854042649269104 
vn 0.03585345298051834 -0.9978649616241455 0.05459024757146835 
vn 0.03585345298051834 -0.9978649616241455 0.05459024757146835 
vn 0.03585345298051834 -0.9978649616241455 0.05459024757146835 
vn -0.11111374944448471 0.989773690700531 -0.08945280313491821 
vn -0.11111374944448471 0.989773690700531 -0.08945280313491821 
vn -0.11111374944448471 0.989773690700531 -0.08945280313491821 
vn 0.2718975841999054 0.9491321444511414 0.15880759060382843 
vn 0.2718975841999054 0.9491321444511414 0.15880759060382843 
vn 0.2718975841999054 0.9491321444511414 0.15880759060382843 
vn -0.11111374944448471 -0.989773690700531 -0.08945280313491821 
vn -0.11111374944448471 -0.989773690700531 -0.08945280313491821 
vn -0.11111374944448471 -0.989773690700531 -0.08945280313491821 
vn 0.022644642740488052 0.9993401765823364 -0.028397228568792343 
vn 0.022644642740488052 0.9993401765823364 -0.028397228568792343 
vn 0.022644642740488052 0.9993401765823364 -0.028397228568792343 
vn -0.03773028776049614 0.9987506866455078 -0.03276457265019417 
vn -0.03773028776049614 0.9987506866455078 -0.03276457265019417 
vn -0.03773028776049614 0.9987506866455078 -0.03276457265019417 
vn -0.03773028776049614 -0.9987506866455078 -0.03276457265019417 
vn -0.03773028776049614 -0.9987506866455078 -0.03276457265019417 
vn -0.03773028776049614 -0.9987506866455078 -0.03276457265019417 
vn 0.022644642740488052 -0.9993401765823364 -0.028397228568792343 
vn 0.022644642740488052 -0.9993401765823364 -0.028397228568792343 
vn 0.022644642740488052 -0.9993401765823364 -0.028397228568792343 
vn -0.022644642740488052 0.9993401765823364 0.028397228568792343 
vn -0.022644642740488052 0.9993401765823364 0.028397228568792343 
vn -0.022644642740488052 0.9993401765823364 0.028397228568792343 
vn -0.03773028776049614 0.9987506866455078 -0.03276457265019417 
vn -0.03773028776049614 0.9987506866455078 -0.03276457265019417 
vn -0.03773028776049614 0.9987506866455078 -0.03276457265019417 
vn -0.03773028776049614 -0.9987506866455078 -0.03276457265019417 
vn -0.03773028776049614 -0.9987506866455078 -0.03276457265019417 
vn -0.03773028776049614 -0.9987506866455078 -0.03276457265019417 
vn -0.022644642740488052 -0.9993401765823364 0.028397228568792343 
vn -0.022644642740488052 -0.9993401765823364 0.028397228568792343 
vn -0.022644642740488052 -0.9993401765823364 0.028397228568792343 
vn 0.40854504704475403 0.8533200025558472 0.3239381015300751 
vn 0.40854504704475403 0.8533200025558472 0.3239381015300751 
vn 0.40854504704475403 0.8533200025558472 0.3239381015300751 
vn -0.5115784406661987 -0.3735469877719879 0.7737894654273987 
vn -0.5115784406661987 -0.3735469877719879 0.7737894654273987 
vn -0.5115784406661987 -0.3735469877719879 0.7737894654273987 
vn 0.6937074065208435 0.10547000169754028 -0.7124928832054138 
vn 0.6937074065208435 0.10547000169754028 -0.7124928832054138 
vn 0.6937074065208435 0.10547000169754028 -0.7124928832054138 
vn 0.5073115229606628 -0.7605190277099609 0.405272513628006 
vn 0.5073115229606628 -0.7605190277099609 0.405272513628006 
vn 0.5073115229606628 -0.7605190277099609 0.405272513628006 
vn 0.05850254371762276 0.9972332119941711 0.04586252197623253 
vn 0.05850254371762276 0.9972332119941711 0.04586252197623253 
vn 0.05850254371762276 0.9972332119941711 0.04586252197623253 
vn 0.6090492606163025 0.207825168967247 -0.7654199600219727 
vn 0.6090492606163025 0.207825168967247 -0.7654199600219727 
vn 0.6090492606163025 0.207825168967247 -0.7654199600219727 
vn 0.6090492606163025 -0.207825168967247 -0.7654199600219727 
vn 0.6090492606163025 -0.207825168967247 -0.7654199600219727 
vn 0.6090492606163025 -0.207825168967247 -0.7654199600219727 
vn 0.5073115229606628 -0.7605190277099609 -0.405272513628006 
vn 0.5073115229606628 -0.7605190277099609 -0.405272513628006 
vn 0.5073115229606628 -0.7605190277099609 -0.405272513628006 
vn -0.5034762024879456 -0.5820897817611694 0.6385006904602051 
vn -0.5034762024879456 -0.5820897817611694 0.6385006904602051 
vn -0.5034762024879456 -0.5820897817611694 0.6385006904602051 
vn 0.5039688348770142 -0.7648493051528931 0.401274174451828 
vn 0.5039688348770142 -0.7648493051528931 0.401274174451828 
vn 0.5039688348770142 -0.7648493051528931 0.401274174451828 
vn -0.5657250285148621 0.07511229068040848 0.8211658596992493 
vn -0.5657250285148621 0.07511229068040848 0.8211658596992493 
vn -0.5657250285148621 0.07511229068040848 0.8211658596992493 
vn -0.6232457756996155 -1.2890162299095814e-13 0.7820260524749756 
vn -0.6232457756996155 -1.2890162299095814e-13 0.7820260524749756 
vn -0.6232457756996155 -1.2890162299095814e-13 0.7820260524749756 
vn 0.6664659380912781 -0.015120026655495167 -0.7453821301460266 
vn 0.6664659380912781 -0.015120026655495167 -0.7453821301460266 
vn 0.6664659380912781 -0.015120026655495167 -0.7453821301460266 
vn 0.6198228597640991 0 -0.7847417593002319 
vn 0.6198228597640991 0 -0.7847417593002319 
vn 0.6198228597640991 0 -0.7847417593002319 
vn -0.7220823168754578 -0.3776659369468689 -0.5796254277229309 
vn -0.7220823168754578 -0.3776659369468689 -0.5796254277229309 
vn -0.7220823168754578 -0.3776659369468689 -0.5796254277229309 
vn 0.5419877171516418 -0.48326438665390015 -0.6875353455543518 
vn 0.5419877171516418 -0.48326438665390015 -0.6875353455543518 
vn 0.5419877171516418 -0.48326438665390015 -0.6875353455543518 
vn -0.5968125462532043 0.27425163984298706 0.7540562748908997 
vn -0.5968125462532043 0.27425163984298706 0.7540562748908997 
vn -0.5968125462532043 0.27425163984298706 0.7540562748908997 
vn -0.5891402363777161 0.5878063440322876 0.5544344186782837 
vn -0.5891402363777161 0.5878063440322876 0.5544344186782837 
vn -0.5891402363777161 0.5878063440322876 0.5544344186782837 
vn -0.7220823168754578 0.3776659369468689 -0.5796254277229309 
vn -0.7220823168754578 0.3776659369468689 -0.5796254277229309 
vn -0.7220823168754578 0.3776659369468689 -0.5796254277229309 
vn 0.5419877171516418 0.48326438665390015 -0.6875353455543518 
vn 0.5419877171516418 0.48326438665390015 -0.6875353455543518 
vn 0.5419877171516418 0.48326438665390015 -0.6875353455543518 
vn -0.062259066849946976 0.9967954158782959 -0.05022686347365379 
vn -0.062259066849946976 0.9967954158782959 -0.05022686347365379 
vn -0.062259066849946976 0.9967954158782959 -0.05022686347365379 
vn 0.0810898095369339 0.9088059067726135 -0.40926313400268555 
vn 0.0810898095369339 0.9088059067726135 -0.40926313400268555 
vn 0.0810898095369339 0.9088059067726135 -0.40926313400268555 
vn -0.6232457756996155 -1.2890162299095814e-13 0.7820260524749756 
vn -0.6232457756996155 -1.2890162299095814e-13 0.7820260524749756 
vn -0.6232457756996155 -1.2890162299095814e-13 0.7820260524749756 
vn -0.7833857536315918 -1.6202227818944148e-13 -0.6215357780456543 
vn -0.7833857536315918 -1.6202227818944148e-13 -0.6215357780456543 
vn -0.7833857536315918 -1.6202227818944148e-13 -0.6215357780456543 
vn -0.6232457756996155 -1.2890162299095814e-13 0.7820260524749756 
vn -0.6232457756996155 -1.2890162299095814e-13 0.7820260524749756 
vn -0.6232457756996155 -1.2890162299095814e-13 0.7820260524749756 
vn -0.5188482403755188 -0.3806951344013214 0.7654199600219727 
vn -0.5188482403755188 -0.3806951344013214 0.7654199600219727 
vn -0.5188482403755188 -0.3806951344013214 0.7654199600219727 
vn -0.38222217559814453 -0.907971978187561 0.17173540592193604 
vn -0.38222217559814453 -0.907971978187561 0.17173540592193604 
vn -0.38222217559814453 -0.907971978187561 0.17173540592193604 
vn -0.509157657623291 -0.5771267414093018 0.6385006904602051 
vn -0.509157657623291 -0.5771267414093018 0.6385006904602051 
vn -0.509157657623291 -0.5771267414093018 0.6385006904602051 
vn 0.6232457756996155 0 -0.7820260524749756 
vn 0.6232457756996155 0 -0.7820260524749756 
vn 0.6232457756996155 0 -0.7820260524749756 
vn 0.6232457756996155 0 -0.7820260524749756 
vn 0.6232457756996155 0 -0.7820260524749756 
vn 0.6232457756996155 0 -0.7820260524749756 
vn 0.42704281210899353 -0.8377032279968262 0.34042292833328247 
vn 0.42704281210899353 -0.8377032279968262 0.34042292833328247 
vn 0.42704281210899353 -0.8377032279968262 0.34042292833328247 
vn -0.6232457756996155 -1.2890162299095814e-13 0.7820260524749756 
vn -0.6232457756996155 -1.2890162299095814e-13 0.7820260524749756 
vn -0.6232457756996155 -1.2890162299095814e-13 0.7820260524749756 
vn -0.7833857536315918 -1.6202227818944148e-13 -0.6215357780456543 
vn -0.7833857536315918 -1.6202227818944148e-13 -0.6215357780456543 
vn -0.7833857536315918 -1.6202227818944148e-13 -0.6215357780456543 
vn -0.6232457756996155 -1.2890162299095814e-13 0.7820260524749756 
vn -0.6232457756996155 -1.2890162299095814e-13 0.7820260524749756 
vn -0.6232457756996155 -1.2890162299095814e-13 0.7820260524749756 
vn 0.5116056203842163 0.7554888129234314 0.40926313400268555 
vn 0.5116056203842163 0.7554888129234314 0.40926313400268555 
vn 0.5116056203842163 0.7554888129234314 0.40926313400268555 
vn -0.15899115800857544 0.4747133255004883 0.865661084651947 
vn -0.15899115800857544 0.4747133255004883 0.865661084651947 
vn -0.15899115800857544 0.4747133255004883 0.865661084651947 
vn 0.18190276622772217 -0.9736976027488708 0.1372016966342926 
vn 0.18190276622772217 -0.9736976027488708 0.1372016966342926 
vn 0.18190276622772217 -0.9736976027488708 0.1372016966342926 
vn 0.18190276622772217 0.9736976027488708 0.1372016966342926 
vn 0.18190276622772217 0.9736976027488708 0.1372016966342926 
vn 0.18190276622772217 0.9736976027488708 0.1372016966342926 
vn 0.16518372297286987 -0.9754185676574707 0.1458524912595749 
vn 0.16518372297286987 -0.9754185676574707 0.1458524912595749 
vn 0.16518372297286987 -0.9754185676574707 0.1458524912595749 
vn 0.739922285079956 0.5114376544952393 -0.43697428703308105 
vn 0.739922285079956 0.5114376544952393 -0.43697428703308105 
vn 0.739922285079956 0.5114376544952393 -0.43697428703308105 
vn 0.4698527753353119 0.5805200338363647 -0.6650074124336243 
vn 0.4698527753353119 0.5805200338363647 -0.6650074124336243 
vn 0.4698527753353119 0.5805200338363647 -0.6650074124336243 
vn 0.20782320201396942 0.9613988995552063 0.18033768236637115 
vn 0.20782320201396942 0.9613988995552063 0.18033768236637115 
vn 0.20782320201396942 0.9613988995552063 0.18033768236637115 
vn 0.6631501317024231 0.4416837692260742 -0.6042742133140564 
vn 0.6631501317024231 0.4416837692260742 -0.6042742133140564 
vn 0.6631501317024231 0.4416837692260742 -0.6042742133140564 
vn 0.03586921468377113 0.9983035922050476 -0.04586252197623253 
vn 0.03586921468377113 0.9983035922050476 -0.04586252197623253 
vn 0.03586921468377113 0.9983035922050476 -0.04586252197623253 
vn 0.40355589985847473 -0.8572455048561096 0.3198012113571167 
vn 0.40355589985847473 -0.8572455048561096 0.3198012113571167 
vn 0.40355589985847473 -0.8572455048561096 0.3198012113571167 
vn 0.739922285079956 -0.5114376544952393 -0.43697428703308105 
vn 0.739922285079956 -0.5114376544952393 -0.43697428703308105 
vn 0.739922285079956 -0.5114376544952393 -0.43697428703308105 
vn 0.1523386687040329 -0.9799337983131409 0.12854042649269104 
vn 0.1523386687040329 -0.9799337983131409 0.12854042649269104 
vn 0.1523386687040329 -0.9799337983131409 0.12854042649269104 
vn 0.6353313326835632 -0.3813536763191223 -0.6715083718299866 
vn 0.6353313326835632 -0.3813536763191223 -0.6715083718299866 
vn 0.6353313326835632 -0.3813536763191223 -0.6715083718299866 
vn 0.42704281210899353 0.8377032279968262 0.34042292833328247 
vn 0.42704281210899353 0.8377032279968262 0.34042292833328247 
vn 0.42704281210899353 0.8377032279968262 0.34042292833328247 
vn 0.6232457756996155 0 -0.7820260524749756 
vn 0.6232457756996155 0 -0.7820260524749756 
vn 0.6232457756996155 0 -0.7820260524749756 
vn -0.07169636338949203 0.9711616635322571 -0.22738653421401978 
vn -0.07169636338949203 0.9711616635322571 -0.22738653421401978 
vn -0.07169636338949203 0.9711616635322571 -0.22738653421401978 
vn 0.2585485875606537 0.8787102103233337 0.401274174451828 
vn 0.2585485875606537 0.8787102103233337 0.401274174451828 
vn 0.2585485875606537 0.8787102103233337 0.401274174451828 
vn -0.1894065886735916 -0.9703468084335327 -0.15017375349998474 
vn -0.1894065886735916 -0.9703468084335327 -0.15017375349998474 
vn -0.1894065886735916 -0.9703468084335327 -0.15017375349998474 
vn -0.06793531775474548 -0.8969048261642456 -0.43697428703308105 
vn -0.06793531775474548 -0.8969048261642456 -0.43697428703308105 
vn -0.06793531775474548 -0.8969048261642456 -0.43697428703308105 
vn -0.062259066849946976 -0.9967954158782959 -0.05022686347365379 
vn -0.062259066849946976 -0.9967954158782959 -0.05022686347365379 
vn -0.062259066849946976 -0.9967954158782959 -0.05022686347365379 
vn -0.5471872687339783 -0.5791707634925842 0.6042742133140564 
vn -0.5471872687339783 -0.5791707634925842 0.6042742133140564 
vn -0.5471872687339783 -0.5791707634925842 0.6042742133140564 
vn 0.14291973412036896 -0.9795629978179932 0.1415284425020218 
vn 0.14291973412036896 -0.9795629978179932 0.1415284425020218 
vn 0.14291973412036896 -0.9795629978179932 0.1415284425020218 
vn -0.5178408622741699 -0.3706449866294861 0.7710143327713013 
vn -0.5178408622741699 -0.3706449866294861 0.7710143327713013 
vn -0.5178408622741699 -0.3706449866294861 0.7710143327713013 
vn -0.211560919880867 0.9705126285552979 -0.11553031951189041 
vn -0.211560919880867 0.9705126285552979 -0.11553031951189041 
vn -0.211560919880867 0.9705126285552979 -0.11553031951189041 
vn -0.6232457756996155 -1.2890162299095814e-13 0.7820260524749756 
vn -0.6232457756996155 -1.2890162299095814e-13 0.7820260524749756 
vn -0.6232457756996155 -1.2890162299095814e-13 0.7820260524749756 
vn 0.14280565083026886 0.8678576350212097 -0.4758462607860565 
vn 0.14280565083026886 0.8678576350212097 -0.4758462607860565 
vn 0.14280565083026886 0.8678576350212097 -0.4758462607860565 
vn -0.3470117151737213 0.8969705104827881 -0.27391019463539124 
vn -0.3470117151737213 0.8969705104827881 -0.27391019463539124 
vn -0.3470117151737213 0.8969705104827881 -0.27391019463539124 
vn -0.42123594880104065 0.4452613294124603 -0.790128231048584 
vn -0.42123594880104065 0.4452613294124603 -0.790128231048584 
vn -0.42123594880104065 0.4452613294124603 -0.790128231048584 
vn -0.438549667596817 -0.6491281986236572 0.6215357780456543 
vn -0.438549667596817 -0.6491281986236572 0.6215357780456543 
vn -0.438549667596817 -0.6491281986236572 0.6215357780456543 
vn -0.32046058773994446 0.9105150699615479 -0.2612801790237427 
vn -0.32046058773994446 0.9105150699615479 -0.2612801790237427 
vn -0.32046058773994446 0.9105150699615479 -0.2612801790237427 
vn 0.6232457756996155 0 -0.7820260524749756 
vn 0.6232457756996155 0 -0.7820260524749756 
vn 0.16348232328891754 0.9513181447982788 -0.2612801790237427 
vn 0.16348232328891754 0.9513181447982788 -0.2612801790237427 
vn 0.16348232328891754 0.9513181447982788 -0.2612801790237427 
vn 0.5276048183441162 -0.5716639161109924 -0.6283578276634216 
vn 0.5276048183441162 -0.5716639161109924 -0.6283578276634216 
vn 0.5276048183441162 -0.5716639161109924 -0.6283578276634216 
vn 0.09420904517173767 -0.9926173686981201 0.0763898640871048 
vn 0.09420904517173767 -0.9926173686981201 0.0763898640871048 
vn 0.09420904517173767 -0.9926173686981201 0.0763898640871048 
vn 0.6275122165679932 -0.15706193447113037 -0.762600839138031 
vn 0.6275122165679932 -0.15706193447113037 -0.762600839138031 
vn 0.6275122165679932 -0.15706193447113037 -0.762600839138031 
vn -0.22833213210105896 0.9567354917526245 -0.18033768236637115 
vn -0.22833213210105896 0.9567354917526245 -0.18033768236637115 
vn -0.22833213210105896 0.9567354917526245 -0.18033768236637115 
vn -0.32057124376296997 0.945106029510498 -0.0633138045668602 
vn -0.32057124376296997 0.945106029510498 -0.0633138045668602 
vn -0.32057124376296997 0.945106029510498 -0.0633138045668602 
vn -0.47871288657188416 0.6434909105300903 0.5972883701324463 
vn -0.47871288657188416 0.6434909105300903 0.5972883701324463 
vn -0.47871288657188416 0.6434909105300903 0.5972883701324463 
vn -0.3763097822666168 0.6517876386642456 0.6584556698799133 
vn -0.3763097822666168 0.6517876386642456 0.6584556698799133 
vn -0.3763097822666168 0.6517876386642456 0.6584556698799133 
vn 0.10171709209680557 -0.9870291352272034 -0.1242060661315918 
vn 0.10171709209680557 -0.9870291352272034 -0.1242060661315918 
vn 0.10171709209680557 -0.9870291352272034 -0.1242060661315918 
vn 0.15413285791873932 -0.9562627673149109 -0.24860523641109467 
vn 0.15413285791873932 -0.9562627673149109 -0.24860523641109467 
vn 0.15413285791873932 -0.9562627673149109 -0.24860523641109467 
vn 0.3935050070285797 -0.7494490146636963 0.5324283838272095 
vn 0.3935050070285797 -0.7494490146636963 0.5324283838272095 
vn 0.3935050070285797 -0.7494490146636963 0.5324283838272095 
vn 0.6568098068237305 0 0.7540562748908997 
vn 0.6568098068237305 0 0.7540562748908997 
vn 0.6568098068237305 0 0.7540562748908997 
vn 0.6338468194007874 0.7723445892333984 -0.04149730131030083 
vn 0.6338468194007874 0.7723445892333984 -0.04149730131030083 
vn 0.6338468194007874 0.7723445892333984 -0.04149730131030083 
vn 0.63230299949646 0.5896320939064026 0.5025205612182617 
vn 0.63230299949646 0.5896320939064026 0.5025205612182617 
vn 0.63230299949646 0.5896320939064026 0.5025205612182617 
vn -0.36073410511016846 0.8154749274253845 0.45262736082077026 
vn -0.36073410511016846 0.8154749274253845 0.45262736082077026 
vn -0.36073410511016846 0.8154749274253845 0.45262736082077026 
vn 0.4898500442504883 0.7780730724334717 0.3932546079158783 
vn 0.4898500442504883 0.7780730724334717 0.3932546079158783 
vn 0.4898500442504883 0.7780730724334717 0.3932546079158783 
vn -0.1522473394870758 0.9865826368331909 -0.058952588587999344 
vn -0.1522473394870758 0.9865826368331909 -0.058952588587999344 
vn -0.1522473394870758 0.9865826368331909 -0.058952588587999344 
vn 0.11484579741954803 0.9699258804321289 -0.21460255980491638 
vn 0.11484579741954803 0.9699258804321289 -0.21460255980491638 
vn 0.11484579741954803 0.9699258804321289 -0.21460255980491638 
vn 0.12427801638841629 0.9801464676856995 -0.15449213981628418 
vn 0.12427801638841629 0.9801464676856995 -0.15449213981628418 
vn 0.12427801638841629 0.9801464676856995 -0.15449213981628418 
vn 0.6053175330162048 0.7504018545150757 0.26549527049064636 
vn 0.6053175330162048 0.7504018545150757 0.26549527049064636 
vn 0.6053175330162048 0.7504018545150757 0.26549527049064636 
vn 0.8815992474555969 0 0.4719987213611603 
vn 0.8815992474555969 0 0.4719987213611603 
vn 0.8815992474555969 0 0.4719987213611603 
vn -0.5812661647796631 0.6279076337814331 0.5175535082817078 
vn -0.5812661647796631 0.6279076337814331 0.5175535082817078 
vn -0.5812661647796631 0.6279076337814331 0.5175535082817078 
vn -0.4624679982662201 0.30250057578086853 0.8334367275238037 
vn -0.4624679982662201 0.30250057578086853 0.8334367275238037 
vn -0.4624679982662201 0.30250057578086853 0.8334367275238037 
vn 3.097898456858039e-13 -0.999997615814209 -0.002184694167226553 
vn 3.097898456858039e-13 -0.999997615814209 -0.002184694167226553 
vn 3.097898456858039e-13 -0.999997615814209 -0.002184694167226553 
vn -1.0341130485562108e-13 0.999997615814209 -0.002184694167226553 
vn -1.0341130485562108e-13 0.999997615814209 -0.002184694167226553 
vn -1.0341130485562108e-13 0.999997615814209 -0.002184694167226553 
vn 3.097898456858039e-13 -0.999997615814209 0.002184694167226553 
vn 3.097898456858039e-13 -0.999997615814209 0.002184694167226553 
vn 3.097898456858039e-13 -0.999997615814209 0.002184694167226553 
vn -1.0341130485562108e-13 0.999997615814209 0.002184694167226553 
vn -1.0341130485562108e-13 0.999997615814209 0.002184694167226553 
vn -1.0341130485562108e-13 0.999997615814209 0.002184694167226553 
vn 0.9592059850692749 0.015106183476746082 -0.28230419754981995 
vn 0.9592059850692749 0.015106183476746082 -0.28230419754981995 
vn 0.9592059850692749 0.015106183476746082 -0.28230419754981995 
vn 0.9592059850692749 -0.015106183476746082 -0.28230419754981995 
vn 0.9592059850692749 -0.015106183476746082 -0.28230419754981995 
vn 0.9592059850692749 -0.015106183476746082 -0.28230419754981995 
vn 0.013217429630458355 -0.9988602995872498 0.04586252197623253 
vn 0.013217429630458355 -0.9988602995872498 0.04586252197623253 
vn 0.013217429630458355 -0.9988602995872498 0.04586252197623253 
vn -0.9529215097427368 0.0037751663476228714 0.30319350957870483 
vn -0.9529215097427368 0.0037751663476228714 0.30319350957870483 
vn -0.9529215097427368 0.0037751663476228714 0.30319350957870483 
vn 0.007547779008746147 0.9994345903396606 0.03276457265019417 
vn 0.007547779008746147 0.9994345903396606 0.03276457265019417 
vn 0.007547779008746147 0.9994345903396606 0.03276457265019417 
vn -0.9580525755882263 -0.007543541956692934 0.2864931523799896 
vn -0.9580525755882263 -0.007543541956692934 0.2864931523799896 
vn -0.9580525755882263 -0.007543541956692934 0.2864931523799896 
vn -0.02641485072672367 -0.9967280626296997 -0.0763898640871048 
vn -0.02641485072672367 -0.9967280626296997 -0.0763898640871048 
vn -0.02641485072672367 -0.9967280626296997 -0.0763898640871048 
vn -0.9717730283737183 0.0037737085949629545 0.23588760197162628 
vn -0.9717730283737183 0.0037737085949629545 0.23588760197162628 
vn -0.9717730283737183 0.0037737085949629545 0.23588760197162628 
vn -0.016986047849059105 0.9983643293380737 -0.05459024757146835 
vn -0.016986047849059105 0.9983643293380737 -0.05459024757146835 
vn -0.016986047849059105 0.9983643293380737 -0.05459024757146835 
vn -0.9757252335548401 -0.0075502279214560986 0.21886809170246124 
vn -0.9757252335548401 -0.0075502279214560986 0.21886809170246124 
vn -0.9757252335548401 -0.0075502279214560986 0.21886809170246124 
vn -0.054708052426576614 -0.9970089793205261 -0.05459024757146835 
vn -0.054708052426576614 -0.9970089793205261 -0.05459024757146835 
vn -0.054708052426576614 -0.9970089793205261 -0.05459024757146835 
vn 0.07542550563812256 0.9968618750572205 -0.024029340595006943 
vn 0.07542550563812256 0.9968618750572205 -0.024029340595006943 
vn 0.07542550563812256 0.9968618750572205 -0.024029340595006943 
vn 0.18765608966350555 0.9821157455444336 0.0152922747656703 
vn 0.18765608966350555 0.9821157455444336 0.0152922747656703 
vn 0.18765608966350555 0.9821157455444336 0.0152922747656703 
vn -0.19683261215686798 -0.9786631464958191 0.058952588587999344 
vn -0.19683261215686798 -0.9786631464958191 0.058952588587999344 
vn -0.19683261215686798 -0.9786631464958191 0.058952588587999344 
vn 0.06791467219591141 -0.9976887702941895 0.002184694167226553 
vn 0.06791467219591141 -0.9976887702941895 0.002184694167226553 
vn 0.06791467219591141 -0.9976887702941895 0.002184694167226553 
vn -0.1428711861371994 0.9888709783554077 0.04149730131030083 
vn -0.1428711861371994 0.9888709783554077 0.04149730131030083 
vn -0.1428711861371994 0.9888709783554077 0.04149730131030083 
vn 0.2848259508609772 0.9499218463897705 -0.12854042649269104 
vn 0.2848259508609772 0.9499218463897705 -0.12854042649269104 
vn 0.2848259508609772 0.9499218463897705 -0.12854042649269104 
vn -0.1428711861371994 -0.9888709783554077 0.04149730131030083 
vn -0.1428711861371994 -0.9888709783554077 0.04149730131030083 
vn -0.1428711861371994 -0.9888709783554077 0.04149730131030083 
vn -0.015095127746462822 0.9993491172790527 -0.03276457265019417 
vn -0.015095127746462822 0.9993491172790527 -0.03276457265019417 
vn -0.015095127746462822 0.9993491172790527 -0.03276457265019417 
vn -0.04529063403606415 0.998856782913208 0.0152922747656703 
vn -0.04529063403606415 0.998856782913208 0.0152922747656703 
vn -0.04529063403606415 0.998856782913208 0.0152922747656703 
vn -0.04529063403606415 -0.998856782913208 0.0152922747656703 
vn -0.04529063403606415 -0.998856782913208 0.0152922747656703 
vn -0.04529063403606415 -0.998856782913208 0.0152922747656703 
vn -0.015095127746462822 -0.9993491172790527 -0.03276457265019417 
vn -0.015095127746462822 -0.9993491172790527 -0.03276457265019417 
vn -0.015095127746462822 -0.9993491172790527 -0.03276457265019417 
vn 0.007546626031398773 0.9992818832397461 0.03713129088282585 
vn 0.007546626031398773 0.9992818832397461 0.03713129088282585 
vn 0.007546626031398773 0.9992818832397461 0.03713129088282585 
vn -0.04529063403606415 0.998856782913208 0.0152922747656703 
vn -0.04529063403606415 0.998856782913208 0.0152922747656703 
vn -0.04529063403606415 0.998856782913208 0.0152922747656703 
vn -0.04529063403606415 -0.998856782913208 0.0152922747656703 
vn -0.04529063403606415 -0.998856782913208 0.0152922747656703 
vn -0.04529063403606415 -0.998856782913208 0.0152922747656703 
vn 0.007546626031398773 -0.9992818832397461 0.03713129088282585 
vn 0.007546626031398773 -0.9992818832397461 0.03713129088282585 
vn 0.007546626031398773 -0.9992818832397461 0.03713129088282585 
vn 0.5022645592689514 0.8523246645927429 -0.1458524912595749 
vn 0.5022645592689514 0.8523246645927429 -0.1458524912595749 
vn 0.5022645592689514 0.8523246645927429 -0.1458524912595749 
vn 0.3334932327270508 -0.37338078022003174 0.865661084651947 
vn 0.3334932327270508 -0.37338078022003174 0.865661084651947 
vn 0.3334932327270508 -0.37338078022003174 0.865661084651947 
vn -0.182725727558136 0.10841618478298187 -0.9771679639816284 
vn -0.182725727558136 0.10841618478298187 -0.9771679639816284 
vn -0.182725727558136 0.10841618478298187 -0.9771679639816284 
vn 0.6236687302589417 -0.7595707178115845 -0.18463370203971863 
vn 0.6236687302589417 -0.7595707178115845 -0.18463370203971863 
vn 0.6236687302589417 -0.7595707178115845 -0.18463370203971863 
vn 0.07542550563812256 0.9968618750572205 -0.024029340595006943 
vn 0.07542550563812256 0.9968618750572205 -0.024029340595006943 
vn 0.07542550563812256 0.9968618750572205 -0.024029340595006943 
vn -0.2749589681625366 0.21098344027996063 -0.9380210638046265 
vn -0.2749589681625366 0.21098344027996063 -0.9380210638046265 
vn -0.2749589681625366 0.21098344027996063 -0.9380210638046265 
vn -0.2749589681625366 -0.21098344027996063 -0.9380210638046265 
vn -0.2749589681625366 -0.21098344027996063 -0.9380210638046265 
vn -0.2749589681625366 -0.21098344027996063 -0.9380210638046265 
vn -0.0396258607506752 -0.757308840751648 -0.651853621006012 
vn -0.0396258607506752 -0.757308840751648 -0.651853621006012 
vn -0.0396258607506752 -0.757308840751648 -0.651853621006012 
vn 0.22803102433681488 -0.5800319910049438 0.7820260524749756 
vn 0.22803102433681488 -0.5800319910049438 0.7820260524749756 
vn 0.22803102433681488 -0.5800319910049438 0.7820260524749756 
vn 0.6183172464370728 -0.7649588584899902 -0.18033768236637115 
vn 0.6183172464370728 -0.7649588584899902 -0.18033768236637115 
vn 0.6183172464370728 -0.7649588584899902 -0.18033768236637115 
vn 0.34679946303367615 0.07474100589752197 0.9349566102027893 
vn 0.34679946303367615 0.07474100589752197 0.9349566102027893 
vn 0.34679946303367615 0.07474100589752197 0.9349566102027893 
vn 0.28020769357681274 0 0.9599394202232361 
vn 0.28020769357681274 0 0.9599394202232361 
vn 0.28020769357681274 0 0.9599394202232361 
vn -0.22497248649597168 -0.011348197236657143 -0.9742990136146545 
vn -0.22497248649597168 -0.011348197236657143 -0.9742990136146545 
vn -0.22497248649597168 -0.011348197236657143 -0.9742990136146545 
vn -0.2843993604183197 -5.882035987838166e-14 -0.9587059020996094 
vn -0.2843993604183197 -5.882035987838166e-14 -0.9587059020996094 
vn -0.2843993604183197 -5.882035987838166e-14 -0.9587059020996094 
vn -0.889366865158081 -0.37808290123939514 0.25706008076667786 
vn -0.889366865158081 -0.37808290123939514 0.25706008076667786 
vn -0.889366865158081 -0.37808290123939514 0.25706008076667786 
vn -0.2509410083293915 -0.4800058901309967 -0.8406086564064026 
vn -0.2509410083293915 -0.4800058901309967 -0.8406086564064026 
vn -0.2509410083293915 -0.4800058901309967 -0.8406086564064026 
vn 0.2704569697380066 0.277114599943161 0.9219872951507568 
vn 0.2704569697380066 0.277114599943161 0.9219872951507568 
vn 0.2704569697380066 0.277114599943161 0.9219872951507568 
vn 0.11410553008317947 0.5845011472702026 0.8033295273780823 
vn 0.11410553008317947 0.5845011472702026 0.8033295273780823 
vn 0.11410553008317947 0.5845011472702026 0.8033295273780823 
vn -0.889366865158081 0.37808290123939514 0.25706008076667786 
vn -0.889366865158081 0.37808290123939514 0.25706008076667786 
vn -0.889366865158081 0.37808290123939514 0.25706008076667786 
vn -0.2509410083293915 0.4800058901309967 -0.8406086564064026 
vn -0.2509410083293915 0.4800058901309967 -0.8406086564064026 
vn -0.2509410083293915 0.4800058901309967 -0.8406086564064026 
vn -0.08295149356126785 0.996263861656189 0.024029340595006943 
vn -0.08295149356126785 0.996263861656189 0.024029340595006943 
vn -0.08295149356126785 0.996263861656189 0.024029340595006943 
vn -0.28800109028816223 0.9083661437034607 -0.30319350957870483 
vn -0.28800109028816223 0.9083661437034607 -0.30319350957870483 
vn -0.28800109028816223 0.9083661437034607 -0.30319350957870483 
vn 0.28020769357681274 0 0.9599394202232361 
vn 0.28020769357681274 0 0.9599394202232361 
vn 0.28020769357681274 0 0.9599394202232361 
vn -0.9593175053596497 0.003771965391933918 0.28230419754981995 
vn -0.9593175053596497 0.003771965391933918 0.28230419754981995 
vn -0.9593175053596497 0.003771965391933918 0.28230419754981995 
vn 0.28020769357681274 0 0.9599394202232361 
vn 0.28020769357681274 0 0.9599394202232361 
vn 0.28020769357681274 0 0.9599394202232361 
vn 0.3278432786464691 -0.3783513009548187 0.865661084651947 
vn 0.3278432786464691 -0.3783513009548187 0.865661084651947 
vn 0.3278432786464691 -0.3783513009548187 0.865661084651947 
vn -0.07915683835744858 -0.9071725606918335 0.41324591636657715 
vn -0.07915683835744858 -0.9071725606918335 0.41324591636657715 
vn -0.07915683835744858 -0.9071725606918335 0.41324591636657715 
vn 0.2227691411972046 -0.5784066915512085 0.7847417593002319 
vn 0.2227691411972046 -0.5784066915512085 0.7847417593002319 
vn 0.2227691411972046 -0.5784066915512085 0.7847417593002319 
vn -0.28018221259117126 0.003777990350499749 -0.9599394202232361 
vn -0.28018221259117126 0.003777990350499749 -0.9599394202232361 
vn -0.28018221259117126 0.003777990350499749 -0.9599394202232361 
vn -0.28018221259117126 0.003777990350499749 -0.9599394202232361 
vn -0.28018221259117126 0.003777990350499749 -0.9599394202232361 
vn -0.28018221259117126 0.003777990350499749 -0.9599394202232361 
vn 0.5263294577598572 -0.8361276984214783 -0.15449213981628418 
vn 0.5263294577598572 -0.8361276984214783 -0.15449213981628418 
vn 0.5263294577598572 -0.8361276984214783 -0.15449213981628418 
vn 0.28020769357681274 0 0.9599394202232361 
vn 0.28020769357681274 0 0.9599394202232361 
vn 0.28020769357681274 0 0.9599394202232361 
vn -0.9593175053596497 0.003771965391933918 0.28230419754981995 
vn -0.9593175053596497 0.003771965391933918 0.28230419754981995 
vn -0.9593175053596497 0.003771965391933918 0.28230419754981995 
vn 0.28020769357681274 0 0.9599394202232361 
vn 0.28020769357681274 0 0.9599394202232361 
vn 0.28020769357681274 0 0.9599394202232361 
vn 0.6294847130775452 0.7547578811645508 -0.18463370203971863 
vn 0.6294847130775452 0.7547578811645508 -0.18463370203971863 
vn 0.6294847130775452 0.7547578811645508 -0.18463370203971863 
vn 0.614865779876709 0.4765569567680359 0.6283578276634216 
vn 0.614865779876709 0.4765569567680359 0.6283578276634216 
vn 0.614865779876709 0.4765569567680359 0.6283578276634216 
vn 0.21352195739746094 -0.9742790460586548 -0.07203252613544464 
vn 0.21352195739746094 -0.9742790460586548 -0.07203252613544464 
vn 0.21352195739746094 -0.9742790460586548 -0.07203252613544464 
vn 0.21352195739746094 0.9742790460586548 -0.07203252613544464 
vn 0.21352195739746094 0.9742790460586548 -0.07203252613544464 
vn 0.21352195739746094 0.9742790460586548 -0.07203252613544464 
vn 0.2153984010219574 -0.9752337336540222 -0.05022686347365379 
vn 0.2153984010219574 -0.9752337336540222 -0.05022686347365379 
vn 0.2153984010219574 -0.9752337336540222 -0.05022686347365379 
vn 0.06964946538209915 0.5109577775001526 -0.8567795157432556 
vn 0.06964946538209915 0.5109577775001526 -0.8567795157432556 
vn 0.06964946538209915 0.5109577775001526 -0.8567795157432556 
vn -0.27263376116752625 0.582926332950592 -0.7654199600219727 
vn -0.27263376116752625 0.582926332950592 -0.7654199600219727 
vn -0.27263376116752625 0.582926332950592 -0.7654199600219727 
vn 0.2649068832397461 0.9618963599205017 -0.06767380982637405 
vn 0.2649068832397461 0.9618963599205017 -0.06767380982637405 
vn 0.2649068832397461 0.9618963599205017 -0.06767380982637405 
vn -0.10850457847118378 0.44143474102020264 -0.8907088041305542 
vn -0.10850457847118378 0.44143474102020264 -0.8907088041305542 
vn -0.10850457847118378 0.44143474102020264 -0.8907088041305542 
vn -0.016986047849059105 0.9983643293380737 -0.05459024757146835 
vn -0.016986047849059105 0.9983643293380737 -0.05459024757146835 
vn -0.016986047849059105 0.9983643293380737 -0.05459024757146835 
vn 0.49574294686317444 -0.8561343550682068 -0.1458524912595749 
vn 0.49574294686317444 -0.8561343550682068 -0.1458524912595749 
vn 0.49574294686317444 -0.8561343550682068 -0.1458524912595749 
vn 0.06964946538209915 -0.5109577775001526 -0.8567795157432556 
vn 0.06964946538209915 -0.5109577775001526 -0.8567795157432556 
vn 0.06964946538209915 -0.5109577775001526 -0.8567795157432556 
vn 0.19322368502616882 -0.9798682928085327 -0.05022686347365379 
vn 0.19322368502616882 -0.9798682928085327 -0.05022686347365379 
vn 0.19322368502616882 -0.9798682928085327 -0.05022686347365379 
vn -0.1845916509628296 -0.38517528772354126 -0.9041935205459595 
vn -0.1845916509628296 -0.38517528772354126 -0.9041935205459595 
vn -0.1845916509628296 -0.38517528772354126 -0.9041935205459595 
vn 0.5263294577598572 0.8361276984214783 -0.15449213981628418 
vn 0.5263294577598572 0.8361276984214783 -0.15449213981628418 
vn 0.5263294577598572 0.8361276984214783 -0.15449213981628418 
vn -0.28018221259117126 0.003777990350499749 -0.9599394202232361 
vn -0.28018221259117126 0.003777990350499749 -0.9599394202232361 
vn -0.28018221259117126 0.003777990350499749 -0.9599394202232361 
vn -0.2282477170228958 0.9709347486495972 -0.07203252613544464 
vn -0.2282477170228958 0.9709347486495972 -0.07203252613544464 
vn -0.2282477170228958 0.9709347486495972 -0.07203252613544464 
vn 0.4779510200023651 0.8781664371490479 0.01966099627315998 
vn 0.4779510200023651 0.8781664371490479 0.01966099627315998 
vn 0.4779510200023651 0.8781664371490479 0.01966099627315998 
vn -0.22831755876541138 -0.9712318778038025 0.06767380982637405 
vn -0.22831755876541138 -0.9712318778038025 0.06767380982637405 
vn -0.22831755876541138 -0.9712318778038025 0.06767380982637405 
vn -0.3959648907184601 -0.8967750072479248 -0.1975002884864807 
vn -0.3959648907184601 -0.8967750072479248 -0.1975002884864807 
vn -0.3959648907184601 -0.8967750072479248 -0.1975002884864807 
vn -0.08295149356126785 -0.996263861656189 0.024029340595006943 
vn -0.08295149356126785 -0.996263861656189 0.024029340595006943 
vn -0.08295149356126785 -0.996263861656189 0.024029340595006943 
vn 0.18547065556049347 -0.5805777907371521 0.7927988767623901 
vn 0.18547065556049347 -0.5805777907371521 0.7927988767623901 
vn 0.18547065556049347 -0.5805777907371521 0.7927988767623901 
vn 0.19498558342456818 -0.9802587032318115 -0.03276457265019417 
vn 0.19498558342456818 -0.9802587032318115 -0.03276457265019417 
vn 0.19498558342456818 -0.9802587032318115 -0.03276457265019417 
vn 0.33431223034858704 -0.3675440847873688 0.8678402304649353 
vn 0.33431223034858704 -0.3675440847873688 0.8678402304649353 
vn 0.33431223034858704 -0.3675440847873688 0.8678402304649353 
vn -0.2170417606830597 0.9702972769737244 0.10684575140476227 
vn -0.2170417606830597 0.9702972769737244 0.10684575140476227 
vn -0.2170417606830597 0.9702972769737244 0.10684575140476227 
vn 0.28020769357681274 0 0.9599394202232361 
vn 0.28020769357681274 0 0.9599394202232361 
vn 0.28020769357681274 0 0.9599394202232361 
vn -0.3020131289958954 0.8684117197990417 -0.3932546079158783 
vn -0.3020131289958954 0.8684117197990417 -0.3932546079158783 
vn -0.3020131289958954 0.8684117197990417 -0.3932546079158783 
vn -0.4271206259727478 0.8956231474876404 0.1242060661315918 
vn -0.4271206259727478 0.8956231474876404 0.1242060661315918 
vn -0.4271206259727478 0.8956231474876404 0.1242060661315918 
vn -0.8872742056846619 0.44763991236686707 -0.1111890971660614 
vn -0.8872742056846619 0.44763991236686707 -0.1111890971660614 
vn -0.8872742056846619 0.44763991236686707 -0.1111890971660614 
vn 0.25039029121398926 -0.6487853527069092 0.7185974717140198 
vn 0.25039029121398926 -0.6487853527069092 0.7185974717140198 
vn 0.25039029121398926 -0.6487853527069092 0.7185974717140198 
vn -0.39811256527900696 0.9105731248855591 0.1111890971660614 
vn -0.39811256527900696 0.9105731248855591 0.1111890971660614 
vn -0.39811256527900696 0.9105731248855591 0.1111890971660614 
vn -0.28018221259117126 0.003777990350499749 -0.9599394202232361 
vn -0.28018221259117126 0.003777990350499749 -0.9599394202232361 
vn -0.11678734421730042 0.9521896243095398 -0.28230419754981995 
vn -0.11678734421730042 0.9521896243095398 -0.28230419754981995 
vn -0.11678734421730042 0.9521896243095398 -0.28230419754981995 
vn -0.20904694497585297 -0.5725114345550537 -0.7927988767623901 
vn -0.20904694497585297 -0.5725114345550537 -0.7927988767623901 
vn -0.20904694497585297 -0.5725114345550537 -0.7927988767623901 
vn 0.11297578364610672 -0.993057370185852 -0.03276457265019417 
vn 0.11297578364610672 -0.993057370185852 -0.03276457265019417 
vn 0.11297578364610672 -0.993057370185852 -0.03276457265019417 
vn -0.26013678312301636 -0.1516464352607727 -0.953589141368866 
vn -0.26013678312301636 -0.1516464352607727 -0.953589141368866 
vn -0.26013678312301636 -0.1516464352607727 -0.953589141368866 
vn -0.2791668176651001 0.9568417072296143 0.08074574917554855 
vn -0.2791668176651001 0.9568417072296143 0.08074574917554855 
vn -0.2791668176651001 0.9568417072296143 0.08074574917554855 
vn -0.23159179091453552 0.9468783140182495 0.22312943637371063 
vn -0.23159179091453552 0.9468783140182495 0.22312943637371063 
vn -0.23159179091453552 0.9468783140182495 0.22312943637371063 
vn 0.21143074333667755 0.6458344459533691 0.7336177229881287 
vn 0.21143074333667755 0.6458344459533691 0.7336177229881287 
vn 0.21143074333667755 0.6458344459533691 0.7336177229881287 
vn 0.32699164748191833 0.6517156958580017 0.6843559741973877 
vn 0.32699164748191833 0.6517156958580017 0.6843559741973877 
vn 0.32699164748191833 0.6517156958580017 0.6843559741973877 
vn -0.04906785115599632 -0.9867748022079468 -0.15449213981628418 
vn -0.04906785115599632 -0.9867748022079468 -0.15449213981628418 
vn -0.04906785115599632 -0.9867748022079468 -0.15449213981628418 
vn -0.11866511404514313 -0.955603301525116 -0.26970529556274414 
vn -0.11866511404514313 -0.955603301525116 -0.26970529556274414 
vn -0.11866511404514313 -0.955603301525116 -0.26970529556274414 
vn 0.6630451083183289 -0.7484232187271118 -0.0152922747656703 
vn 0.6630451083183289 -0.7484232187271118 -0.0152922747656703 
vn 0.6630451083183289 -0.7484232187271118 -0.0152922747656703 
vn 0.9947329759597778 0 -0.10250037163496017 
vn 0.9947329759597778 0 -0.10250037163496017 
vn 0.9947329759597778 0 -0.10250037163496017 
vn 0.33084455132484436 0.7740492820739746 -0.5398051738739014 
vn 0.33084455132484436 0.7740492820739746 -0.5398051738739014 
vn 0.33084455132484436 0.7740492820739746 -0.5398051738739014 
vn 0.7742922902107239 0.5905648469924927 -0.22738653421401978 
vn 0.7742922902107239 0.5905648469924927 -0.22738653421401978 
vn 0.7742922902107239 0.5905648469924927 -0.22738653421401978 
vn 0.1667512059211731 0.8153505325317383 0.5544344186782837 
vn 0.1667512059211731 0.8153505325317383 0.5544344186782837 
vn 0.1667512059211731 0.8153505325317383 0.5544344186782837 
vn 0.6078305840492249 0.7743077874183655 -0.1760382205247879 
vn 0.6078305840492249 0.7743077874183655 -0.1760382205247879 
vn 0.6078305840492249 0.7743077874183655 -0.1760382205247879 
vn -0.1335882693529129 0.9869915843009949 0.08945280313491821 
vn -0.1335882693529129 0.9869915843009949 0.08945280313491821 
vn -0.1335882693529129 0.9869915843009949 0.08945280313491821 
vn -0.10549761354923248 0.9700345396995544 -0.21886809170246124 
vn -0.10549761354923248 0.9700345396995544 -0.21886809170246124 
vn -0.10549761354923248 0.9700345396995544 -0.21886809170246124 
vn -0.05849381908774376 0.9802476167678833 -0.18892620503902435 
vn -0.05849381908774376 0.9802476167678833 -0.18892620503902435 
vn -0.05849381908774376 0.9802476167678833 -0.18892620503902435 
vn 0.564852237701416 0.7498282194137573 -0.34452807903289795 
vn 0.564852237701416 0.7498282194137573 -0.34452807903289795 
vn 0.564852237701416 0.7498282194137573 -0.34452807903289795 
vn 0.8936689496040344 0 -0.4487268626689911 
vn 0.8936689496040344 0 -0.4487268626689911 
vn 0.8936689496040344 0 -0.4487268626689911 
vn 0.09014831483364105 0.626995325088501 0.7737894654273987 
vn 0.09014831483364105 0.626995325088501 0.7737894654273987 
vn 0.09014831483364105 0.626995325088501 0.7737894654273987 
vn 0.41283130645751953 0.3027328550815582 0.8590245246887207 
vn 0.41283130645751953 0.3027328550815582 0.8590245246887207 
vn 0.41283130645751953 0.3027328550815582 0.8590245246887207 
vt 0.45768460631370544 0.006826428230851889 
vt 0.0022865585051476955 0.0032844534143805504 
vt 0.45768460631370544 0.9936787486076355 
vt 0.0025612255558371544 0.9974148273468018 
vt 0.997588574886322 0.0032844534143805504 
vt 0.997497022151947 0.9974148273468018 
vt 0.9997859001159668 0.003624094882979989 
vt 0.9997859001159668 0.9975603818893433 
vt 0.015104356221854687 0.02778715454041958 
vt 0.015104356221854687 0.9726695418357849 
vt 0.00036388871376402676 0.0032844534143805504 
vt 0.00036388871376402676 0.9971722364425659 
vt 0.00036388871376402676 0.9971722364425659 
vt 0.0025612255558371544 0.9974148273468018 
vt 0.00036388871376402676 0.0032844534143805504 
vt 0.0022865585051476955 0.0032844534143805504 
vt 0.47883397340774536 0.9973177909851074 
vt 0.4695868492126465 0.9973177909851074 
vt 0.477735310792923 0.9997923374176025 
vt 0.46619927883148193 0.9997923374176025 
vt 0.5406340956687927 0.0031874130945652723 
vt 0.5406340956687927 0.9936787486076355 
vt 0.997588574886322 0.0032844534143805504 
vt 0.997588574886322 0.0032844534143805504 
vt 0.5406340956687927 0.9936787486076355 
vt 0.997497022151947 0.9974148273468018 
vt 0.5183860659599304 0.0031874130945652723 
vt 0.48002418875694275 0.9936787486076355 
vt 0.5183860659599304 0.9973177909851074 
vt 0.46619927883148193 0.9752411246299744 
vt 0.46308639645576477 0.9998408555984497 
vt 0.0029274483676999807 0.9998893737792969 
vt 0.5183860659599304 0.0031874130945652723 
vt 0.48002418875694275 0.0031874130945652723 
vt 0.48002418875694275 0.9936787486076355 
vt 0.48002418875694275 0.9752411246299744 
vt 0.5183860659599304 0.9997923374176025 
vt 0.477735310792923 0.9997923374176025 
vt 0.5353238582611084 0.9998408555984497 
vt 0.5381620526313782 0.9752411246299744 
vt 0.997130811214447 0.9998893737792969 
vt 0.5288233757019043 0.025264104828238487 
vt 0.5353238582611084 0.0007128827855922282 
vt 0.997130811214447 0.0007614030037075281 
vt 0.48002418875694275 0.0007128827855922282 
vt 0.5206749439239502 0.0007128827855922282 
vt 0.5195762515068054 0.025264104828238487 
vt 0.46308639645576477 0.0007128827855922282 
vt 0.46619927883148193 0.025264104828238487 
vt 0.0029274483676999807 0.0007614030037075281 
vt 0.4761788547039032 0.025264104828238487 
vt 0.48002418875694275 0.0007128827855922282 
vt 0.5195762515068054 0.025264104828238487 
vt 0.48002418875694275 0.9752411246299744 
vt 0.5183860659599304 0.9752411246299744 
vt 0.5183860659599304 0.9997923374176025 
vt 0.48002418875694275 0.9752411246299744 
vt 0.477735310792923 0.9997923374176025 
vt 0.46619927883148193 0.9997923374176025 
vt 0.4695868492126465 0.9973177909851074 
vt 0.4743477404117584 0.9973177909851074 
vt 0.46619927883148193 0.0031874130945652723 
vt 0.5288233757019043 0.025264104828238487 
vt 0.5262598395347595 0.0007128827855922282 
vt 0.5353238582611084 0.0007128827855922282 
vt 0.5206749439239502 0.006826428230851889 
vt 0.5240625143051147 0.9973177909851074 
vt 0.5288233757019043 0.0031874130945652723 
vt 0.46619927883148193 0.025264104828238487 
vt 0.017851026728749275 0.02536114491522312 
vt 0.0029274483676999807 0.0007614030037075281 
vt 0.017851026728749275 0.9753381609916687 
vt 0.46619927883148193 0.9752411246299744 
vt 0.0029274483676999807 0.9998893737792969 
vt 0.9822987914085388 0.02536114491522312 
vt 0.5288233757019043 0.025264104828238487 
vt 0.997130811214447 0.0007614030037075281 
vt 0.9849538803100586 0.9730576872825623 
vt 0.9849538803100586 0.028126796707510948 
vt 0.9997859001159668 0.003624094882979989 
vt 0.4761788547039032 0.0007128827855922282 
vt 0.46619927883148193 0.025264104828238487 
vt 0.46308639645576477 0.0007128827855922282 
vt 0.4743477404117584 0.9973177909851074 
vt 0.4743477404117584 0.0031874130945652723 
vt 0.46619927883148193 0.0031874130945652723 
vt 0.5206749439239502 0.006826428230851889 
vt 0.5195762515068054 0.9973177909851074 
vt 0.5240625143051147 0.9973177909851074 
vt 0.522139847278595 0.9997923374176025 
vt 0.5240625143051147 0.9752411246299744 
vt 0.5322109460830688 0.9997923374176025 
vt 0.9849538803100586 0.9730576872825623 
vt 0.9997859001159668 0.003624094882979989 
vt 0.9997859001159668 0.9975603818893433 
vt 0.5381620526313782 0.9752411246299744 
vt 0.9822072386741638 0.9753381609916687 
vt 0.997130811214447 0.9998893737792969 
vt 0.5406340956687927 0.9936787486076355 
vt 0.5381620526313782 0.006826428230851889 
vt 0.5353238582611084 0.9973177909851074 
vt 0.5406340956687927 0.9973177909851074 
vt 0.5353238582611084 0.9998408555984497 
vt 0.997497022151947 0.9974148273468018 
vt 0.45768460631370544 0.9973177909851074 
vt 0.0025612255558371544 0.9974148273468018 
vt 0.46308639645576477 0.9998408555984497 
vt 0.477735310792923 0.0031874130945652723 
vt 0.477735310792923 0.9936787486076355 
vt 0.47883397340774536 0.9973177909851074 
vt -765.71630859375 -406.0169982910156 
vt -767.0250244140625 -397.7429504394531 
vt -763.5791015625 -391.13385009765625 
vt 0.46308639645576477 0.0007128827855922282 
vt 0.4602481722831726 0.0031874130945652723 
vt 0.46308639645576477 0.9973177909851074 
vt 0.0029274483676999807 0.0007614030037075281 
vt 0.4602481722831726 0.0031874130945652723 
vt 0.46308639645576477 0.0007128827855922282 
vt 0.522139847278595 0.0007128827855922282 
vt 0.5206749439239502 0.0031874130945652723 
vt 0.5288233757019043 0.0031874130945652723 
vt 0.5206749439239502 0.0007128827855922282 
vt 0.47883397340774536 0.0007128827855922282 
vt 0.5206749439239502 0.0031874130945652723 
vt 0.997130811214447 0.0007614030037075281 
vt 0.5353238582611084 0.0007128827855922282 
vt 0.5406340956687927 0.0031874130945652723 
vt 0.522139847278595 0.0007128827855922282 
vt 0.5288233757019043 0.0031874130945652723 
vt 0.5353238582611084 0.0007128827855922282 
vt 0.48002418875694275 0.0007128827855922282 
vt 0.47883397340774536 0.0007128827855922282 
vt 0.5206749439239502 0.0007128827855922282 
vt 0.4743477404117584 0.0007128827855922282 
vt 0.4761788547039032 0.0007128827855922282 
vt 0.46308639645576477 0.0007128827855922282 
vt 0.45768460631370544 0.9973177909851074 
vt 0.45768460631370544 0.9936787486076355 
vt 0.0025612255558371544 0.9974148273468018 
vt 0.4602481722831726 0.0031874130945652723 
vt 0.45768460631370544 0.9936787486076355 
vt 0.46308639645576477 0.9973177909851074 
vt 0.997130811214447 0.0007614030037075281 
vt 0.5406340956687927 0.0031874130945652723 
vt 0.997588574886322 0.0032844534143805504 
vt 0.0022865585051476955 0.0032844534143805504 
vt 0.4602481722831726 0.0031874130945652723 
vt 0.0029274483676999807 0.0007614030037075281 
vt 0.5288233757019043 0.0031874130945652723 
vt 0.5288233757019043 0.9973177909851074 
vt 0.5353238582611084 0.9973177909851074 
vt 0.5353238582611084 0.9998408555984497 
vt 0.5288233757019043 0.9973177909851074 
vt 0.5195762515068054 0.9998408555984497 
vt 0.47883397340774536 0.9973177909851074 
vt 0.477735310792923 0.9997923374176025 
vt 0.5183860659599304 0.9997923374176025 
vt 0.5183860659599304 0.9973177909851074 
vt 0.47883397340774536 0.9973177909851074 
vt 0.5195762515068054 0.9998408555984497 
vt 0.5195762515068054 0.9973177909851074 
vt 0.5195762515068054 0.9998408555984497 
vt 0.5240625143051147 0.9973177909851074 
vt 0.5381620526313782 0.006826428230851889 
vt 0.5406340956687927 0.9936787486076355 
vt 0.5406340956687927 0.0031874130945652723 
vt 0.5353238582611084 0.0007128827855922282 
vt 0.5353238582611084 0.0031874130945652723 
vt 0.5406340956687927 0.0031874130945652723 
vt 0.0025612255558371544 0.9974148273468018 
vt 0.0029274483676999807 0.9998893737792969 
vt 0.46308639645576477 0.9998408555984497 
vt 0.5353238582611084 0.9998408555984497 
vt 0.997130811214447 0.9998893737792969 
vt 0.997497022151947 0.9974148273468018 
vt 0.4761788547039032 0.0007128827855922282 
vt 0.4761788547039032 0.025264104828238487 
vt 0.46619927883148193 0.025264104828238487 
vt 0.0029274483676999807 0.0007614030037075281 
vt 0.46308639645576477 0.0007128827855922282 
vt 0.46308639645576477 0.0007128827855922282 
vt 0.46308639645576477 0.0007128827855922282 
vt 0.4761788547039032 0.0007128827855922282 
vt 0.46308639645576477 0.0007128827855922282 
vt 0.5195762515068054 0.025264104828238487 
vt 0.5262598395347595 0.0007128827855922282 
vt 0.5288233757019043 0.025264104828238487 
vt 0.4743477404117584 0.0007128827855922282 
vt 0.47883397340774536 0.0007128827855922282 
vt 0.4761788547039032 0.0007128827855922282 
vt 0.48002418875694275 0.0031874130945652723 
vt 0.477735310792923 0.0031874130945652723 
vt 0.48002418875694275 0.9936787486076355 
vt 0.5322109460830688 0.9997923374176025 
vt 0.5240625143051147 0.9752411246299744 
vt 0.5381620526313782 0.9752411246299744 
vt 0.46619927883148193 0.9752411246299744 
vt 0.48002418875694275 0.9752411246299744 
vt 0.46619927883148193 0.9997923374176025 
vt 0.5206749439239502 0.006826428230851889 
vt 0.5183860659599304 0.0031874130945652723 
vt 0.5195762515068054 0.9973177909851074 
vt 0.47883397340774536 0.0007128827855922282 
vt 0.5183860659599304 0.0031874130945652723 
vt 0.5206749439239502 0.0031874130945652723 
vt 0.5353238582611084 0.9973177909851074 
vt 0.5353238582611084 0.9998408555984497 
vt 0.5406340956687927 0.9973177909851074 
vt 0.5353238582611084 0.9998408555984497 
vt 0.5353238582611084 0.9973177909851074 
vt 0.5288233757019043 0.9973177909851074 
vt 0.46308639645576477 0.9973177909851074 
vt 0.4695868492126465 0.9973177909851074 
vt 0.46308639645576477 0.0007128827855922282 
vt 0.4695868492126465 0.9973177909851074 
vt 0.46308639645576477 0.9973177909851074 
vt 0.46308639645576477 0.9998408555984497 
vt 0.5183860659599304 0.9997923374176025 
vt 0.5183860659599304 0.9752411246299744 
vt 0.522139847278595 0.9997923374176025 
vt 0.5195762515068054 0.9998408555984497 
vt 0.522139847278595 0.9997923374176025 
vt 0.5353238582611084 0.9998408555984497 
vt 0.5353238582611084 0.0031874130945652723 
vt 0.5288233757019043 0.0031874130945652723 
vt 0.5353238582611084 0.9973177909851074 
vt 0.5353238582611084 0.0031874130945652723 
vt 0.5353238582611084 0.0007128827855922282 
vt 0.5288233757019043 0.0031874130945652723 
vt 0.522139847278595 0.0007128827855922282 
vt 0.5206749439239502 0.0007128827855922282 
vt 0.5206749439239502 0.0031874130945652723 
vt 0.5195762515068054 0.025264104828238487 
vt 0.5206749439239502 0.0007128827855922282 
vt 0.5262598395347595 0.0007128827855922282 
vt 0.4743477404117584 0.0007128827855922282 
vt 0.477735310792923 0.0031874130945652723 
vt 0.47883397340774536 0.0007128827855922282 
vt 0.477735310792923 0.9936787486076355 
vt 0.477735310792923 0.0031874130945652723 
vt 0.4743477404117584 0.0031874130945652723 
vt 0.4761788547039032 0.0007128827855922282 
vt 0.48002418875694275 0.0007128827855922282 
vt 0.4761788547039032 0.025264104828238487 
vt 0.4761788547039032 0.0007128827855922282 
vt 0.47883397340774536 0.0007128827855922282 
vt 0.48002418875694275 0.0007128827855922282 
vt 0.4743477404117584 0.9973177909851074 
vt 0.477735310792923 0.9936787486076355 
vt 0.4743477404117584 0.0031874130945652723 
vt 0.47883397340774536 0.9973177909851074 
vt 0.477735310792923 0.9936787486076355 
vt 0.4743477404117584 0.9973177909851074 
vt 0.46619927883148193 0.9752411246299744 
vt 0.46619927883148193 0.9997923374176025 
vt 0.46308639645576477 0.9998408555984497 
vt 0.4695868492126465 0.9973177909851074 
vt 0.46308639645576477 0.9998408555984497 
vt 0.46619927883148193 0.9997923374176025 
vt 0.47883397340774536 0.9973177909851074 
vt 0.5183860659599304 0.9997923374176025 
vt 0.5195762515068054 0.9998408555984497 
vt 0.5183860659599304 0.9997923374176025 
vt 0.522139847278595 0.9997923374176025 
vt 0.5195762515068054 0.9998408555984497 
vt 0.5353238582611084 0.9998408555984497 
vt 0.5322109460830688 0.9997923374176025 
vt 0.5381620526313782 0.9752411246299744 
vt 0.5322109460830688 0.9997923374176025 
vt 0.5353238582611084 0.9998408555984497 
vt 0.522139847278595 0.9997923374176025 
vt 0.48002418875694275 0.9936787486076355 
vt 0.47883397340774536 0.9973177909851074 
vt 0.5183860659599304 0.9973177909851074 
vt 0.48002418875694275 0.9936787486076355 
vt 0.477735310792923 0.0031874130945652723 
vt 0.47883397340774536 0.9973177909851074 
vt 0.46619927883148193 0.0031874130945652723 
vt 0.46308639645576477 0.0007128827855922282 
vt 0.4695868492126465 0.9973177909851074 
vt 0.46619927883148193 0.0031874130945652723 
vt 0.4743477404117584 0.0007128827855922282 
vt 0.46308639645576477 0.0007128827855922282 
vt 0.5195762515068054 0.9973177909851074 
vt 0.5183860659599304 0.0031874130945652723 
vt 0.5183860659599304 0.9973177909851074 
vt 0.5183860659599304 0.9973177909851074 
vt 0.5195762515068054 0.9998408555984497 
vt 0.5195762515068054 0.9973177909851074 
vt 0.5353238582611084 0.0007128827855922282 
vt 0.5353238582611084 0.0007128827855922282 
vt 0.997130811214447 0.0007614030037075281 
vt 0.5353238582611084 0.0007128827855922282 
vt 0.5353238582611084 0.0007128827855922282 
vt 0.5262598395347595 0.0007128827855922282 
vt 0.46308639645576477 0.9973177909851074 
vt 0.45768460631370544 0.9936787486076355 
vt 0.45768460631370544 0.9973177909851074 
vt 0.46308639645576477 0.9973177909851074 
vt 0.45768460631370544 0.9973177909851074 
vt 0.46308639645576477 0.9998408555984497 
vt 0.5206749439239502 0.0031874130945652723 
vt 0.5183860659599304 0.0031874130945652723 
vt 0.5206749439239502 0.006826428230851889 
vt 0.5206749439239502 0.0031874130945652723 
vt 0.5206749439239502 0.006826428230851889 
vt 0.5288233757019043 0.0031874130945652723 
vt 0.5240625143051147 0.9973177909851074 
vt 0.5288233757019043 0.9973177909851074 
vt 0.5288233757019043 0.0031874130945652723 
vt 0.5195762515068054 0.9998408555984497 
vt 0.5288233757019043 0.9973177909851074 
vt 0.5240625143051147 0.9973177909851074 
vt 0.45768460631370544 0.006826428230851889 
vt 0.4602481722831726 0.0031874130945652723 
vt 0.0022865585051476955 0.0032844534143805504 
vt 0.4602481722831726 0.0031874130945652723 
vt 0.45768460631370544 0.006826428230851889 
vt 0.45768460631370544 0.9936787486076355 
vt 0.5353238582611084 0.0007128827855922282 
vt 0.5262598395347595 0.0007128827855922282 
vt 0.522139847278595 0.0007128827855922282 
vt 0.5262598395347595 0.0007128827855922282 
vt 0.5206749439239502 0.0007128827855922282 
vt 0.522139847278595 0.0007128827855922282 
vt 0.4743477404117584 0.0031874130945652723 
vt 0.4743477404117584 0.0007128827855922282 
vt 0.46619927883148193 0.0031874130945652723 
vt 0.4743477404117584 0.0031874130945652723 
vt 0.477735310792923 0.0031874130945652723 
vt 0.4743477404117584 0.0007128827855922282 
vt 0.5381620526313782 0.006826428230851889 
vt 0.5353238582611084 0.0031874130945652723 
vt 0.5353238582611084 0.9973177909851074 
vt 0.5353238582611084 0.0031874130945652723 
vt 0.5381620526313782 0.006826428230851889 
vt 0.5406340956687927 0.0031874130945652723 
vt 0.522139847278595 0.9997923374176025 
vt 0.5183860659599304 0.9752411246299744 
vt 0.5240625143051147 0.9752411246299744 
vt 0.5406340956687927 0.9936787486076355 
vt 0.5353238582611084 0.9973177909851074 
vt 0.5406340956687927 0.9973177909851074 
vt 0.5406340956687927 0.9936787486076355 
vt 0.5406340956687927 0.9973177909851074 
vt 0.997497022151947 0.9974148273468018 
vt 0.47883397340774536 0.0007128827855922282 
vt 0.48002418875694275 0.0031874130945652723 
vt 0.5183860659599304 0.0031874130945652723 
vt 0.47883397340774536 0.0007128827855922282 
vt 0.477735310792923 0.0031874130945652723 
vt 0.48002418875694275 0.0031874130945652723 
vt 0.45955973863601685 0.9969776272773743 
vt 0.45955973863601685 0.0064512998796999454 
vt 0.004432612098753452 0.9934400320053101 
vt 0.5404576659202576 0.0064512998796999454 
vt 0.5404576659202576 0.9969776272773743 
vt 0.9977811574935913 0.0032796640880405903 
vt 0.004432612098753452 0.9934400320053101 
vt 0.45955973863601685 0.0064512998796999454 
vt 0.0022362880408763885 0.0029137060046195984 
vt 0.5404576659202576 0.9969776272773743 
vt 0.9955848455429077 0.9934400320053101 
vt 0.9977811574935913 0.0032796640880405903 
vt 0.5187385082244873 0.002791719976812601 
vt 0.4814009666442871 0.0064512998796999454 
vt 0.5187385082244873 0.9933180212974548 
vt 0.5187385082244873 0.9933180212974548 
vt 0.4814009666442871 0.0064512998796999454 
vt 0.4814009666442871 0.9969776272773743 
vt 0.5288659930229187 0.024871185421943665 
vt 0.535210907459259 0.00035200000274926424 
vt 0.9822848439216614 0.02499317191541195 
vt 0.4801807999610901 0.00035200000274926424 
vt 0.5198366641998291 0.00035200000274926424 
vt 0.5198366641998291 0.024871185421943665 
vt 0.464928537607193 0.00035200000274926424 
vt 0.4678569734096527 0.024871185421943665 
vt 0.002968396060168743 0.0004739860014524311 
vt 0.4814009666442871 0.024871185421943665 
vt 0.4801807999610901 0.00035200000274926424 
vt 0.5198366641998291 0.024871185421943665 
vt 0.5380173325538635 0.9994173645973206 
vt 0.5321604609489441 0.9748981595039368 
vt 0.9970490336418152 0.999539315700531 
vt 0.4790826439857483 0.9748981595039368 
vt 0.5209348201751709 0.9748981595039368 
vt 0.5198366641998291 0.9994173645973206 
vt 0.4678569734096527 0.9748981595039368 
vt 0.4621221423149109 0.9958797693252563 
vt 0.002968396060168743 0.999539315700531 
vt 0.4814009666442871 0.9994173645973206 
vt 0.4790826439857483 0.9748981595039368 
vt 0.5198366641998291 0.9994173645973206 
vt 0.5288659930229187 0.9994173645973206 
vt 0.5321604609489441 0.9748981595039368 
vt 0.5380173325538635 0.9994173645973206 
vt 0.5223990082740784 0.0064512998796999454 
vt 0.5209348201751709 0.9969776272773743 
vt 0.5242292881011963 0.9933180212974548 
vt 0.47761842608451843 0.00035200000274926424 
vt 0.4678569734096527 0.024871185421943665 
vt 0.464928537607193 0.00035200000274926424 
vt 0.47761842608451843 0.9969776272773743 
vt 0.4790826439857483 0.002791719976812601 
vt 0.4711514711380005 0.002791719976812601 
vt 0.5288659930229187 0.024871185421943665 
vt 0.5288659930229187 0.00035200000274926424 
vt 0.535210907459259 0.00035200000274926424 
vt 0.5288659930229187 0.0064512998796999454 
vt 0.5288659930229187 0.9969776272773743 
vt 0.535210907459259 0.002791719976812601 
vt 0.4790826439857483 0.9748981595039368 
vt 0.47761842608451843 0.9994173645973206 
vt 0.4711514711380005 0.9994173645973206 
vt 0.4711514711380005 0.9933180212974548 
vt 0.4711514711380005 0.002791719976812601 
vt 0.464928537607193 0.9969776272773743 
vt 0.017854591831564903 0.9750201106071472 
vt 0.4678569734096527 0.9748981595039368 
vt 0.002968396060168743 0.999539315700531 
vt 0.0002840000088326633 0.0029137060046195984 
vt 0.015048177912831306 0.97233647108078 
vt 0.0002840000088326633 0.996855616569519 
vt 0.9849692583084106 0.9727023839950562 
vt 0.9997334480285645 0.0032796640880405903 
vt 0.9997334480285645 0.9972215890884399 
vt 0.5321604609489441 0.9748981595039368 
vt 0.9821628332138062 0.9750201106071472 
vt 0.9970490336418152 0.999539315700531 
vt 0.4678569734096527 0.024871185421943665 
vt 0.017854591831564903 0.02499317191541195 
vt 0.002968396060168743 0.0004739860014524311 
vt 0.015048177912831306 0.027432892471551895 
vt 0.015048177912831306 0.97233647108078 
vt 0.0002840000088326633 0.0029137060046195984 
vt 0.9849692583084106 0.9727023839950562 
vt 0.9849692583084106 0.0277988500893116 
vt 0.9997334480285645 0.0032796640880405903 
vt 0.9822848439216614 0.02499317191541195 
vt 0.535210907459259 0.00035200000274926424 
vt 0.9971710443496704 0.0004739860014524311 
vt 0.5187385082244873 0.002791719976812601 
vt 0.5187385082244873 0.9933180212974548 
vt 0.5223990082740784 0.0064512998796999454 
vt 0.535210907459259 0.00035200000274926424 
vt 0.5288659930229187 0.00035200000274926424 
vt 0.5242292881011963 0.00035200000274926424 
vt 0.47761842608451843 0.9994173645973206 
vt 0.4790826439857483 0.9969776272773743 
vt 0.4678569734096527 0.9994173645973206 
vt 0.4814009666442871 0.9969776272773743 
vt 0.4790826439857483 0.002791719976812601 
vt 0.4790826439857483 0.9969776272773743 
vt 0.5404576659202576 0.0064512998796999454 
vt 0.5380173325538635 0.9933180212974548 
vt 0.5404576659202576 0.9969776272773743 
vt 0.535210907459259 0.9994173645973206 
vt 0.9970490336418152 0.999539315700531 
vt 0.5404576659202576 0.9969776272773743 
vt 0.45955973863601685 0.9969776272773743 
vt 0.002968396060168743 0.999539315700531 
vt 0.464928537607193 0.9994173645973206 
vt 0.4711514711380005 0.9933180212974548 
vt 0.464928537607193 0.9969776272773743 
vt 0.4678569734096527 0.9994173645973206 
vt 0.0022362880408763885 0.0029137060046195984 
vt 0.45955973863601685 0.0064512998796999454 
vt 0.464928537607193 0.00035200000274926424 
vt 0.464928537607193 0.9969776272773743 
vt 0.464928537607193 0.002791719976812601 
vt 0.45955973863601685 0.0064512998796999454 
vt 0.4790826439857483 0.002791719976812601 
vt 0.47761842608451843 0.00035200000274926424 
vt 0.464928537607193 0.00035200000274926424 
vt 0.4801807999610901 0.00035200000274926424 
vt 0.4814009666442871 0.002791719976812601 
vt 0.5198366641998291 0.00035200000274926424 
vt 0.5198366641998291 0.9994173645973206 
vt 0.535210907459259 0.9994173645973206 
vt 0.5209348201751709 0.9969776272773743 
vt 0.4814009666442871 0.9994173645973206 
vt 0.5198366641998291 0.9994173645973206 
vt 0.5209348201751709 0.9969776272773743 
vt 0.004432612098753452 0.9934400320053101 
vt 0.0022362880408763885 0.0029137060046195984 
vt 0.0002840000088326633 0.996855616569519 
vt 0.45955973863601685 0.9969776272773743 
vt 0.004432612098753452 0.9934400320053101 
vt 0.002968396060168743 0.999539315700531 
vt 0.535210907459259 0.00035200000274926424 
vt 0.5380173325538635 0.002791719976812601 
vt 0.9977811574935913 0.0032796640880405903 
vt 0.535210907459259 0.002791719976812601 
vt 0.535210907459259 0.00035200000274926424 
vt 0.5223990082740784 0.002791719976812601 
vt 0.9977811574935913 0.0032796640880405903 
vt 0.9955848455429077 0.9934400320053101 
vt 0.9997334480285645 0.9972215890884399 
vt 0.5404576659202576 0.9969776272773743 
vt 0.9970490336418152 0.999539315700531 
vt 0.9955848455429077 0.9934400320053101 
vt 0.535210907459259 0.002791719976812601 
vt 0.5288659930229187 0.9969776272773743 
vt 0.535210907459259 0.9969776272773743 
vt 0.5288659930229187 0.9969776272773743 
vt 0.5209348201751709 0.9969776272773743 
vt 0.535210907459259 0.9994173645973206 
vt 0.002968396060168743 0.0004739860014524311 
vt 0.0022362880408763885 0.0029137060046195984 
vt 0.464928537607193 0.00035200000274926424 
vt 0.0022362880408763885 0.0029137060046195984 
vt 0.0002840000088326633 0.0029137060046195984 
vt 0.0002840000088326633 0.996855616569519 
vt 0.5198366641998291 0.00035200000274926424 
vt 0.4814009666442871 0.002791719976812601 
vt 0.5187385082244873 0.002791719976812601 
vt 0.5198366641998291 0.00035200000274926424 
vt 0.5187385082244873 0.002791719976812601 
vt 0.5242292881011963 0.00035200000274926424 
vt 0.4711514711380005 0.002791719976812601 
vt 0.4790826439857483 0.002791719976812601 
vt 0.464928537607193 0.00035200000274926424 
vt 0.45955973863601685 0.0064512998796999454 
vt 0.464928537607193 0.002791719976812601 
vt 0.464928537607193 0.00035200000274926424 
vt 0.4814009666442871 0.9969776272773743 
vt 0.4814009666442871 0.9994173645973206 
vt 0.5187385082244873 0.9969776272773743 
vt 0.4814009666442871 0.9969776272773743 
vt 0.4790826439857483 0.9969776272773743 
vt 0.4814009666442871 0.9994173645973206 
vt 0.4814009666442871 0.9969776272773743 
vt 0.4814009666442871 0.0064512998796999454 
vt 0.4790826439857483 0.002791719976812601 
vt 0.4790826439857483 0.002791719976812601 
vt 0.4814009666442871 0.002791719976812601 
vt 0.4801807999610901 0.00035200000274926424 
vt 0.9997334480285645 0.0032796640880405903 
vt 0.9977811574935913 0.0032796640880405903 
vt 0.9997334480285645 0.9972215890884399 
vt 0.9971710443496704 0.0004739860014524311 
vt 0.535210907459259 0.00035200000274926424 
vt 0.9977811574935913 0.0032796640880405903 
vt 0.5380173325538635 0.002791719976812601 
vt 0.535210907459259 0.002791719976812601 
vt 0.5380173325538635 0.9933180212974548 
vt 0.535210907459259 0.00035200000274926424 
vt 0.535210907459259 0.002791719976812601 
vt 0.5380173325538635 0.002791719976812601 
vt 0.5288659930229187 0.9994173645973206 
vt 0.5209348201751709 0.9748981595039368 
vt 0.5321604609489441 0.9748981595039368 
vt 0.4790826439857483 0.9748981595039368 
vt 0.4711514711380005 0.9994173645973206 
vt 0.4678569734096527 0.9748981595039368 
vt 0.5198366641998291 0.024871185421943665 
vt 0.5198366641998291 0.00035200000274926424 
vt 0.5288659930229187 0.024871185421943665 
vt 0.535210907459259 0.9969776272773743 
vt 0.535210907459259 0.9994173645973206 
vt 0.5404576659202576 0.9969776272773743 
vt 0.535210907459259 0.9994173645973206 
vt 0.535210907459259 0.9969776272773743 
vt 0.5288659930229187 0.9969776272773743 
vt 0.47761842608451843 0.00035200000274926424 
vt 0.4757881462574005 0.024871185421943665 
vt 0.4678569734096527 0.024871185421943665 
vt 0.47761842608451843 0.9994173645973206 
vt 0.4678569734096527 0.9994173645973206 
vt 0.4711514711380005 0.9994173645973206 
vt 0.4678569734096527 0.9748981595039368 
vt 0.4711514711380005 0.9994173645973206 
vt 0.4621221423149109 0.9958797693252563 
vt 0.464928537607193 0.9969776272773743 
vt 0.45955973863601685 0.0064512998796999454 
vt 0.45955973863601685 0.9969776272773743 
vt 0.464928537607193 0.9969776272773743 
vt 0.45955973863601685 0.9969776272773743 
vt 0.464928537607193 0.9994173645973206 
vt 0.5198366641998291 0.9994173645973206 
vt 0.5209348201751709 0.9748981595039368 
vt 0.5288659930229187 0.9994173645973206 
vt 0.5288659930229187 0.9994173645973206 
vt 0.535210907459259 0.9994173645973206 
vt 0.5198366641998291 0.9994173645973206 
vt 0.5187385082244873 0.9933180212974548 
vt 0.5209348201751709 0.9969776272773743 
vt 0.5223990082740784 0.0064512998796999454 
vt 0.5187385082244873 0.9969776272773743 
vt 0.4814009666442871 0.9994173645973206 
vt 0.5209348201751709 0.9969776272773743 
vt 0.5223990082740784 0.002791719976812601 
vt 0.5288659930229187 0.0064512998796999454 
vt 0.535210907459259 0.002791719976812601 
vt 0.5187385082244873 0.002791719976812601 
vt 0.5223990082740784 0.0064512998796999454 
vt 0.5223990082740784 0.002791719976812601 
vt 0.47761842608451843 0.9969776272773743 
vt 0.4711514711380005 0.002791719976812601 
vt 0.4711514711380005 0.9933180212974548 
vt 0.47761842608451843 0.9969776272773743 
vt 0.4711514711380005 0.9933180212974548 
vt 0.4678569734096527 0.9994173645973206 
vt 0.4711514711380005 0.002791719976812601 
vt 0.464928537607193 0.002791719976812601 
vt 0.464928537607193 0.9969776272773743 
vt 0.464928537607193 0.002791719976812601 
vt 0.4711514711380005 0.002791719976812601 
vt 0.464928537607193 0.00035200000274926424 
vt 0.5288659930229187 0.024871185421943665 
vt 0.5198366641998291 0.00035200000274926424 
vt 0.5288659930229187 0.00035200000274926424 
vt 0.5288659930229187 0.00035200000274926424 
vt 0.5198366641998291 0.00035200000274926424 
vt 0.5242292881011963 0.00035200000274926424 
vt 0.4801807999610901 0.00035200000274926424 
vt 0.4814009666442871 0.024871185421943665 
vt 0.47761842608451843 0.00035200000274926424 
vt 0.47761842608451843 0.00035200000274926424 
vt 0.4790826439857483 0.002791719976812601 
vt 0.4801807999610901 0.00035200000274926424 
vt 0.5242292881011963 0.9933180212974548 
vt 0.5209348201751709 0.9969776272773743 
vt 0.5288659930229187 0.9969776272773743 
vt 0.5242292881011963 0.9933180212974548 
vt 0.5288659930229187 0.9969776272773743 
vt 0.5288659930229187 0.0064512998796999454 
vt 0.535210907459259 0.00035200000274926424 
vt 0.5288659930229187 0.024871185421943665 
vt 0.535210907459259 0.00035200000274926424 
vt 0.535210907459259 0.00035200000274926424 
vt 0.5288659930229187 0.00035200000274926424 
vt 0.535210907459259 0.00035200000274926424 
vt 0.4790826439857483 0.9748981595039368 
vt 0.4814009666442871 0.9994173645973206 
vt 0.47761842608451843 0.9994173645973206 
vt 0.4790826439857483 0.9969776272773743 
vt 0.47761842608451843 0.9994173645973206 
vt 0.4711514711380005 0.9994173645973206 
vt 0.4678569734096527 0.9994173645973206 
vt 0.464928537607193 0.9994173645973206 
vt 0.464928537607193 0.9969776272773743 
vt 0.464928537607193 0.9994173645973206 
vt 0.4678569734096527 0.9994173645973206 
vt 0.4790826439857483 0.9969776272773743 
vt 0.4790826439857483 0.002791719976812601 
vt 0.47761842608451843 0.9969776272773743 
vt 0.4790826439857483 0.9969776272773743 
vt 0.47761842608451843 0.9969776272773743 
vt 0.4678569734096527 0.9994173645973206 
vt 0.5223990082740784 0.0064512998796999454 
vt 0.5242292881011963 0.9933180212974548 
vt 0.5288659930229187 0.0064512998796999454 
vt 0.5223990082740784 0.002791719976812601 
vt 0.5223990082740784 0.0064512998796999454 
vt 0.5288659930229187 0.0064512998796999454 
vt 0.002968396060168743 0.0004739860014524311 
vt 0.464928537607193 0.00035200000274926424 
vt 0.464928537607193 0.00035200000274926424 
vt 0.464928537607193 0.00035200000274926424 
vt 0.47761842608451843 0.00035200000274926424 
vt 0.464928537607193 0.00035200000274926424 
vt 0.535210907459259 0.9994173645973206 
vt 0.5380173325538635 0.9994173645973206 
vt 0.9970490336418152 0.999539315700531 
vt 0.535210907459259 0.9994173645973206 
vt 0.5288659930229187 0.9994173645973206 
vt 0.5380173325538635 0.9994173645973206 
vt 0.4814009666442871 0.0064512998796999454 
vt 0.4814009666442871 0.002791719976812601 
vt 0.4790826439857483 0.002791719976812601 
vt 0.5187385082244873 0.002791719976812601 
vt 0.4814009666442871 0.002791719976812601 
vt 0.4814009666442871 0.0064512998796999454 
vt 0.5380173325538635 0.9933180212974548 
vt 0.535210907459259 0.9969776272773743 
vt 0.5404576659202576 0.9969776272773743 
vt 0.5380173325538635 0.9933180212974548 
vt 0.535210907459259 0.002791719976812601 
vt 0.535210907459259 0.9969776272773743 
vt 0.9977811574935913 0.0032796640880405903 
vt 0.5380173325538635 0.002791719976812601 
vt 0.5404576659202576 0.0064512998796999454 
vt 0.5380173325538635 0.002791719976812601 
vt 0.5380173325538635 0.9933180212974548 
vt 0.5404576659202576 0.0064512998796999454 
vt 0.47761842608451843 0.00035200000274926424 
vt 0.4814009666442871 0.024871185421943665 
vt 0.4757881462574005 0.024871185421943665 
vt 0.4711514711380005 0.9994173645973206 
vt 0.464928537607193 0.9994173645973206 
vt 0.4621221423149109 0.9958797693252563 
vt 0.4621221423149109 0.9958797693252563 
vt 0.464928537607193 0.9994173645973206 
vt 0.002968396060168743 0.999539315700531 
vt 0.5187385082244873 0.9933180212974548 
vt 0.5187385082244873 0.9969776272773743 
vt 0.5209348201751709 0.9969776272773743 
vt 0.5187385082244873 0.9969776272773743 
vt 0.5187385082244873 0.9933180212974548 
vt 0.4814009666442871 0.9969776272773743 
vt 0.535210907459259 0.00035200000274926424 
vt 0.5242292881011963 0.00035200000274926424 
vt 0.5223990082740784 0.002791719976812601 
vt 0.5242292881011963 0.00035200000274926424 
vt 0.5187385082244873 0.002791719976812601 
vt 0.5223990082740784 0.002791719976812601 
vt 0.45955973863601685 0.9969776272773743 
vt 0.45955973863601685 0.0064512998796999454 
vt 0.004432612098753452 0.9934400320053101 
vt 0.5404576659202576 0.0064512998796999454 
vt 0.5404576659202576 0.9969776272773743 
vt 0.9977811574935913 0.0032796640880405903 
vt 0.004432612098753452 0.9934400320053101 
vt 0.45955973863601685 0.0064512998796999454 
vt 0.0022362880408763885 0.0029137060046195984 
vt 0.5404576659202576 0.9969776272773743 
vt 0.9955848455429077 0.9934400320053101 
vt 0.9977811574935913 0.0032796640880405903 
vt 0.5187385082244873 0.002791719976812601 
vt 0.4814009666442871 0.0064512998796999454 
vt 0.5187385082244873 0.9933180212974548 
vt 0.5187385082244873 0.9933180212974548 
vt 0.4814009666442871 0.0064512998796999454 
vt 0.4814009666442871 0.9969776272773743 
vt 0.5288659930229187 0.024871185421943665 
vt 0.535210907459259 0.00035200000274926424 
vt 0.9822848439216614 0.02499317191541195 
vt 0.4801807999610901 0.00035200000274926424 
vt 0.5198366641998291 0.00035200000274926424 
vt 0.5198366641998291 0.024871185421943665 
vt 0.464928537607193 0.00035200000274926424 
vt 0.4678569734096527 0.024871185421943665 
vt 0.002968396060168743 0.0004739860014524311 
vt 0.4814009666442871 0.024871185421943665 
vt 0.4801807999610901 0.00035200000274926424 
vt 0.5198366641998291 0.024871185421943665 
vt 0.5380173325538635 0.9994173645973206 
vt 0.5321604609489441 0.9748981595039368 
vt 0.9970490336418152 0.999539315700531 
vt 0.4790826439857483 0.9748981595039368 
vt 0.5209348201751709 0.9748981595039368 
vt 0.5198366641998291 0.9994173645973206 
vt 0.4678569734096527 0.9748981595039368 
vt 0.4621221423149109 0.9958797693252563 
vt 0.002968396060168743 0.999539315700531 
vt 0.4814009666442871 0.9994173645973206 
vt 0.4790826439857483 0.9748981595039368 
vt 0.5198366641998291 0.9994173645973206 
vt 0.5288659930229187 0.9994173645973206 
vt 0.5321604609489441 0.9748981595039368 
vt 0.5380173325538635 0.9994173645973206 
vt 0.5223990082740784 0.0064512998796999454 
vt 0.5209348201751709 0.9969776272773743 
vt 0.5242292881011963 0.9933180212974548 
vt 0.47761842608451843 0.00035200000274926424 
vt 0.4678569734096527 0.024871185421943665 
vt 0.464928537607193 0.00035200000274926424 
vt 0.47761842608451843 0.9969776272773743 
vt 0.4790826439857483 0.002791719976812601 
vt 0.4711514711380005 0.002791719976812601 
vt 0.5288659930229187 0.024871185421943665 
vt 0.5288659930229187 0.00035200000274926424 
vt 0.535210907459259 0.00035200000274926424 
vt 0.5288659930229187 0.0064512998796999454 
vt 0.5288659930229187 0.9969776272773743 
vt 0.535210907459259 0.002791719976812601 
vt 0.4790826439857483 0.9748981595039368 
vt 0.47761842608451843 0.9994173645973206 
vt 0.4711514711380005 0.9994173645973206 
vt 0.4711514711380005 0.9933180212974548 
vt 0.4711514711380005 0.002791719976812601 
vt 0.464928537607193 0.9969776272773743 
vt 0.017854591831564903 0.9750201106071472 
vt 0.4678569734096527 0.9748981595039368 
vt 0.002968396060168743 0.999539315700531 
vt 0.0002840000088326633 0.0029137060046195984 
vt 0.015048177912831306 0.97233647108078 
vt 0.0002840000088326633 0.996855616569519 
vt 0.9849692583084106 0.9727023839950562 
vt 0.9997334480285645 0.0032796640880405903 
vt 0.9997334480285645 0.9972215890884399 
vt 0.5321604609489441 0.9748981595039368 
vt 0.9821628332138062 0.9750201106071472 
vt 0.9970490336418152 0.999539315700531 
vt 0.4678569734096527 0.024871185421943665 
vt 0.017854591831564903 0.02499317191541195 
vt 0.002968396060168743 0.0004739860014524311 
vt 0.015048177912831306 0.027432892471551895 
vt 0.015048177912831306 0.97233647108078 
vt 0.0002840000088326633 0.0029137060046195984 
vt 0.9849692583084106 0.9727023839950562 
vt 0.9849692583084106 0.0277988500893116 
vt 0.9997334480285645 0.0032796640880405903 
vt 0.9822848439216614 0.02499317191541195 
vt 0.535210907459259 0.00035200000274926424 
vt 0.9971710443496704 0.0004739860014524311 
vt 0.5187385082244873 0.002791719976812601 
vt 0.5187385082244873 0.9933180212974548 
vt 0.5223990082740784 0.0064512998796999454 
vt 0.535210907459259 0.00035200000274926424 
vt 0.5288659930229187 0.00035200000274926424 
vt 0.5242292881011963 0.00035200000274926424 
vt 0.47761842608451843 0.9994173645973206 
vt 0.4790826439857483 0.9969776272773743 
vt 0.4678569734096527 0.9994173645973206 
vt 0.4814009666442871 0.9969776272773743 
vt 0.4790826439857483 0.002791719976812601 
vt 0.4790826439857483 0.9969776272773743 
vt 0.5404576659202576 0.0064512998796999454 
vt 0.5380173325538635 0.9933180212974548 
vt 0.5404576659202576 0.9969776272773743 
vt 0.535210907459259 0.9994173645973206 
vt 0.9970490336418152 0.999539315700531 
vt 0.5404576659202576 0.9969776272773743 
vt 0.45955973863601685 0.9969776272773743 
vt 0.002968396060168743 0.999539315700531 
vt 0.464928537607193 0.9994173645973206 
vt 0.4711514711380005 0.9933180212974548 
vt 0.464928537607193 0.9969776272773743 
vt 0.4678569734096527 0.9994173645973206 
vt 0.0022362880408763885 0.0029137060046195984 
vt 0.45955973863601685 0.0064512998796999454 
vt 0.464928537607193 0.00035200000274926424 
vt 0.464928537607193 0.9969776272773743 
vt 0.464928537607193 0.002791719976812601 
vt 0.45955973863601685 0.0064512998796999454 
vt 0.4790826439857483 0.002791719976812601 
vt 0.47761842608451843 0.00035200000274926424 
vt 0.464928537607193 0.00035200000274926424 
vt 0.4801807999610901 0.00035200000274926424 
vt 0.4814009666442871 0.002791719976812601 
vt 0.5198366641998291 0.00035200000274926424 
vt 0.5198366641998291 0.9994173645973206 
vt 0.535210907459259 0.9994173645973206 
vt 0.5209348201751709 0.9969776272773743 
vt 0.4814009666442871 0.9994173645973206 
vt 0.5198366641998291 0.9994173645973206 
vt 0.5209348201751709 0.9969776272773743 
vt 0.004432612098753452 0.9934400320053101 
vt 0.0022362880408763885 0.0029137060046195984 
vt 0.0002840000088326633 0.996855616569519 
vt 0.45955973863601685 0.9969776272773743 
vt 0.004432612098753452 0.9934400320053101 
vt 0.002968396060168743 0.999539315700531 
vt 0.535210907459259 0.00035200000274926424 
vt 0.5380173325538635 0.002791719976812601 
vt 0.9977811574935913 0.0032796640880405903 
vt 0.535210907459259 0.002791719976812601 
vt 0.535210907459259 0.00035200000274926424 
vt 0.5223990082740784 0.002791719976812601 
vt 0.9977811574935913 0.0032796640880405903 
vt 0.9955848455429077 0.9934400320053101 
vt 0.9997334480285645 0.9972215890884399 
vt 0.5404576659202576 0.9969776272773743 
vt 0.9970490336418152 0.999539315700531 
vt 0.9955848455429077 0.9934400320053101 
vt 0.535210907459259 0.002791719976812601 
vt 0.5288659930229187 0.9969776272773743 
vt 0.535210907459259 0.9969776272773743 
vt 0.5288659930229187 0.9969776272773743 
vt 0.5209348201751709 0.9969776272773743 
vt 0.535210907459259 0.9994173645973206 
vt 0.002968396060168743 0.0004739860014524311 
vt 0.0022362880408763885 0.0029137060046195984 
vt 0.464928537607193 0.00035200000274926424 
vt 0.0022362880408763885 0.0029137060046195984 
vt 0.0002840000088326633 0.0029137060046195984 
vt 0.0002840000088326633 0.996855616569519 
vt 0.5198366641998291 0.00035200000274926424 
vt 0.4814009666442871 0.002791719976812601 
vt 0.5187385082244873 0.002791719976812601 
vt 0.5198366641998291 0.00035200000274926424 
vt 0.5187385082244873 0.002791719976812601 
vt 0.5242292881011963 0.00035200000274926424 
vt 0.4711514711380005 0.002791719976812601 
vt 0.4790826439857483 0.002791719976812601 
vt 0.464928537607193 0.00035200000274926424 
vt 0.45955973863601685 0.0064512998796999454 
vt 0.464928537607193 0.002791719976812601 
vt 0.464928537607193 0.00035200000274926424 
vt 0.4814009666442871 0.9969776272773743 
vt 0.4814009666442871 0.9994173645973206 
vt 0.5187385082244873 0.9969776272773743 
vt 0.4814009666442871 0.9969776272773743 
vt 0.4790826439857483 0.9969776272773743 
vt 0.4814009666442871 0.9994173645973206 
vt 0.4814009666442871 0.9969776272773743 
vt 0.4814009666442871 0.0064512998796999454 
vt 0.4790826439857483 0.002791719976812601 
vt 0.4790826439857483 0.002791719976812601 
vt 0.4814009666442871 0.002791719976812601 
vt 0.4801807999610901 0.00035200000274926424 
vt 0.9997334480285645 0.0032796640880405903 
vt 0.9977811574935913 0.0032796640880405903 
vt 0.9997334480285645 0.9972215890884399 
vt 0.9971710443496704 0.0004739860014524311 
vt 0.535210907459259 0.00035200000274926424 
vt 0.9977811574935913 0.0032796640880405903 
vt 0.5380173325538635 0.002791719976812601 
vt 0.535210907459259 0.002791719976812601 
vt 0.5380173325538635 0.9933180212974548 
vt 0.535210907459259 0.00035200000274926424 
vt 0.535210907459259 0.002791719976812601 
vt 0.5380173325538635 0.002791719976812601 
vt 0.5288659930229187 0.9994173645973206 
vt 0.5209348201751709 0.9748981595039368 
vt 0.5321604609489441 0.9748981595039368 
vt 0.4790826439857483 0.9748981595039368 
vt 0.4711514711380005 0.9994173645973206 
vt 0.4678569734096527 0.9748981595039368 
vt 0.5198366641998291 0.024871185421943665 
vt 0.5198366641998291 0.00035200000274926424 
vt 0.5288659930229187 0.024871185421943665 
vt 0.535210907459259 0.9969776272773743 
vt 0.535210907459259 0.9994173645973206 
vt 0.5404576659202576 0.9969776272773743 
vt 0.535210907459259 0.9994173645973206 
vt 0.535210907459259 0.9969776272773743 
vt 0.5288659930229187 0.9969776272773743 
vt 0.47761842608451843 0.00035200000274926424 
vt 0.4757881462574005 0.024871185421943665 
vt 0.4678569734096527 0.024871185421943665 
vt 0.47761842608451843 0.9994173645973206 
vt 0.4678569734096527 0.9994173645973206 
vt 0.4711514711380005 0.9994173645973206 
vt 0.4678569734096527 0.9748981595039368 
vt 0.4711514711380005 0.9994173645973206 
vt 0.4621221423149109 0.9958797693252563 
vt 0.464928537607193 0.9969776272773743 
vt 0.45955973863601685 0.0064512998796999454 
vt 0.45955973863601685 0.9969776272773743 
vt 0.464928537607193 0.9969776272773743 
vt 0.45955973863601685 0.9969776272773743 
vt 0.464928537607193 0.9994173645973206 
vt 0.5198366641998291 0.9994173645973206 
vt 0.5209348201751709 0.9748981595039368 
vt 0.5288659930229187 0.9994173645973206 
vt 0.5288659930229187 0.9994173645973206 
vt 0.535210907459259 0.9994173645973206 
vt 0.5198366641998291 0.9994173645973206 
vt 0.5187385082244873 0.9933180212974548 
vt 0.5209348201751709 0.9969776272773743 
vt 0.5223990082740784 0.0064512998796999454 
vt 0.5187385082244873 0.9969776272773743 
vt 0.4814009666442871 0.9994173645973206 
vt 0.5209348201751709 0.9969776272773743 
vt 0.5223990082740784 0.002791719976812601 
vt 0.5288659930229187 0.0064512998796999454 
vt 0.535210907459259 0.002791719976812601 
vt 0.5187385082244873 0.002791719976812601 
vt 0.5223990082740784 0.0064512998796999454 
vt 0.5223990082740784 0.002791719976812601 
vt 0.47761842608451843 0.9969776272773743 
vt 0.4711514711380005 0.002791719976812601 
vt 0.4711514711380005 0.9933180212974548 
vt 0.47761842608451843 0.9969776272773743 
vt 0.4711514711380005 0.9933180212974548 
vt 0.4678569734096527 0.9994173645973206 
vt 0.4711514711380005 0.002791719976812601 
vt 0.464928537607193 0.002791719976812601 
vt 0.464928537607193 0.9969776272773743 
vt 0.464928537607193 0.002791719976812601 
vt 0.4711514711380005 0.002791719976812601 
vt 0.464928537607193 0.00035200000274926424 
vt 0.5288659930229187 0.024871185421943665 
vt 0.5198366641998291 0.00035200000274926424 
vt 0.5288659930229187 0.00035200000274926424 
vt 0.5288659930229187 0.00035200000274926424 
vt 0.5198366641998291 0.00035200000274926424 
vt 0.5242292881011963 0.00035200000274926424 
vt 0.4801807999610901 0.00035200000274926424 
vt 0.4814009666442871 0.024871185421943665 
vt 0.47761842608451843 0.00035200000274926424 
vt 0.47761842608451843 0.00035200000274926424 
vt 0.4790826439857483 0.002791719976812601 
vt 0.4801807999610901 0.00035200000274926424 
vt 0.5242292881011963 0.9933180212974548 
vt 0.5209348201751709 0.9969776272773743 
vt 0.5288659930229187 0.9969776272773743 
vt 0.5242292881011963 0.9933180212974548 
vt 0.5288659930229187 0.9969776272773743 
vt 0.5288659930229187 0.0064512998796999454 
vt 0.535210907459259 0.00035200000274926424 
vt 0.5288659930229187 0.024871185421943665 
vt 0.535210907459259 0.00035200000274926424 
vt 0.535210907459259 0.00035200000274926424 
vt 0.5288659930229187 0.00035200000274926424 
vt 0.535210907459259 0.00035200000274926424 
vt 0.4790826439857483 0.9748981595039368 
vt 0.4814009666442871 0.9994173645973206 
vt 0.47761842608451843 0.9994173645973206 
vt 0.4790826439857483 0.9969776272773743 
vt 0.47761842608451843 0.9994173645973206 
vt 0.4711514711380005 0.9994173645973206 
vt 0.4678569734096527 0.9994173645973206 
vt 0.464928537607193 0.9994173645973206 
vt 0.464928537607193 0.9969776272773743 
vt 0.464928537607193 0.9994173645973206 
vt 0.4678569734096527 0.9994173645973206 
vt 0.4790826439857483 0.9969776272773743 
vt 0.4790826439857483 0.002791719976812601 
vt 0.47761842608451843 0.9969776272773743 
vt 0.4790826439857483 0.9969776272773743 
vt 0.47761842608451843 0.9969776272773743 
vt 0.4678569734096527 0.9994173645973206 
vt 0.5223990082740784 0.0064512998796999454 
vt 0.5242292881011963 0.9933180212974548 
vt 0.5288659930229187 0.0064512998796999454 
vt 0.5223990082740784 0.002791719976812601 
vt 0.5223990082740784 0.0064512998796999454 
vt 0.5288659930229187 0.0064512998796999454 
vt 0.002968396060168743 0.0004739860014524311 
vt 0.464928537607193 0.00035200000274926424 
vt 0.464928537607193 0.00035200000274926424 
vt 0.464928537607193 0.00035200000274926424 
vt 0.47761842608451843 0.00035200000274926424 
vt 0.464928537607193 0.00035200000274926424 
vt 0.535210907459259 0.9994173645973206 
vt 0.5380173325538635 0.9994173645973206 
vt 0.9970490336418152 0.999539315700531 
vt 0.535210907459259 0.9994173645973206 
vt 0.5288659930229187 0.9994173645973206 
vt 0.5380173325538635 0.9994173645973206 
vt 0.4814009666442871 0.0064512998796999454 
vt 0.4814009666442871 0.002791719976812601 
vt 0.4790826439857483 0.002791719976812601 
vt 0.5187385082244873 0.002791719976812601 
vt 0.4814009666442871 0.002791719976812601 
vt 0.4814009666442871 0.0064512998796999454 
vt 0.5380173325538635 0.9933180212974548 
vt 0.535210907459259 0.9969776272773743 
vt 0.5404576659202576 0.9969776272773743 
vt 0.5380173325538635 0.9933180212974548 
vt 0.535210907459259 0.002791719976812601 
vt 0.535210907459259 0.9969776272773743 
vt 0.9977811574935913 0.0032796640880405903 
vt 0.5380173325538635 0.002791719976812601 
vt 0.5404576659202576 0.0064512998796999454 
vt 0.5380173325538635 0.002791719976812601 
vt 0.5380173325538635 0.9933180212974548 
vt 0.5404576659202576 0.0064512998796999454 
vt 0.47761842608451843 0.00035200000274926424 
vt 0.4814009666442871 0.024871185421943665 
vt 0.4757881462574005 0.024871185421943665 
vt 0.4711514711380005 0.9994173645973206 
vt 0.464928537607193 0.9994173645973206 
vt 0.4621221423149109 0.9958797693252563 
vt 0.4621221423149109 0.9958797693252563 
vt 0.464928537607193 0.9994173645973206 
vt 0.002968396060168743 0.999539315700531 
vt 0.5187385082244873 0.9933180212974548 
vt 0.5187385082244873 0.9969776272773743 
vt 0.5209348201751709 0.9969776272773743 
vt 0.5187385082244873 0.9969776272773743 
vt 0.5187385082244873 0.9933180212974548 
vt 0.4814009666442871 0.9969776272773743 
vt 0.535210907459259 0.00035200000274926424 
vt 0.5242292881011963 0.00035200000274926424 
vt 0.5223990082740784 0.002791719976812601 
vt 0.5242292881011963 0.00035200000274926424 
vt 0.5187385082244873 0.002791719976812601 
vt 0.5223990082740784 0.002791719976812601 
s on 
f 1/1/1 2/2/2 3/3/3 
f 2/2/2 4/4/4 3/3/3 
f 3/3/3 4/4/4 4/4/4 
f 4/4/4 5/5/5 4/4/4 
f 4/4/4 5/5/5 5/5/5 
f 5/5/5 6/6/6 5/5/5 
f 5/5/5 6/6/6 7/7/7 
f 6/6/6 8/8/8 7/7/7 
f 7/7/7 8/8/8 8/8/8 
f 8/8/8 9/9/9 8/8/8 
f 8/8/8 9/9/9 9/9/9 
f 9/9/9 10/10/10 9/9/9 
f 9/9/9 10/10/10 11/11/11 
f 10/10/10 12/12/12 11/11/11 
f 11/11/11 12/12/12 12/12/12 
f 12/12/12 13/13/13 12/12/12 
f 12/12/12 13/13/13 13/13/13 
f 13/13/13 14/14/14 13/13/13 
f 13/13/13 14/14/14 15/15/15 
f 14/14/14 16/16/16 15/15/15 
f 15/15/15 16/16/16 16/16/16 
f 16/16/16 17/17/17 16/16/16 
f 16/16/16 17/17/17 17/17/17 
f 17/17/17 18/18/18 17/17/17 
f 17/17/17 18/18/18 19/19/19 
f 18/18/18 20/20/20 19/19/19 
f 21/21/21 22/22/22 23/23/23 
f 24/24/24 25/25/25 26/26/26 
f 27/27/27 28/28/28 29/29/29 
f 30/30/30 31/31/31 32/32/32 
f 33/33/33 34/34/34 35/35/35 
f 36/36/36 37/37/37 38/38/38 
f 39/39/39 40/40/40 41/41/41 
f 42/42/42 43/43/43 44/44/44 
f 45/45/45 46/46/46 47/47/47 
f 48/48/48 49/49/49 50/50/50 
f 51/51/51 52/52/52 53/53/53 
f 54/54/54 55/55/55 56/56/56 
f 57/57/57 58/58/58 59/59/59 
f 60/60/60 61/61/61 62/62/62 
f 63/63/63 64/64/64 65/65/65 
f 66/66/66 67/67/67 68/68/68 
f 69/69/69 70/70/70 71/71/71 
f 72/72/72 73/73/73 74/74/74 
f 75/75/75 76/76/76 77/77/77 
f 78/78/78 79/79/79 80/80/80 
f 81/81/81 82/82/82 83/83/83 
f 84/84/84 85/85/85 86/86/86 
f 87/87/87 88/88/88 89/89/89 
f 90/90/90 91/91/91 92/92/92 
f 93/93/93 94/94/94 95/95/95 
f 96/96/96 97/97/97 98/98/98 
f 99/99/99 100/100/100 101/101/101 
f 102/102/102 103/103/103 104/104/104 
f 105/105/105 106/106/106 107/107/107 
f 108/108/108 109/109/109 110/110/110 
f 111/111/111 112/112/112 113/113/113 
f 114/114/114 115/115/115 116/116/116 
f 117/117/117 118/118/118 119/119/119 
f 120/120/120 121/121/121 122/122/122 
f 123/123/123 124/124/124 125/125/125 
f 126/126/126 127/127/127 128/128/128 
f 129/129/129 130/130/130 131/131/131 
f 132/132/132 133/133/133 134/134/134 
f 135/135/135 136/136/136 137/137/137 
f 138/138/138 139/139/139 140/140/140 
f 141/141/141 142/142/142 143/143/143 
f 144/144/144 145/145/145 146/146/146 
f 147/147/147 148/148/148 149/149/149 
f 150/150/150 151/151/151 152/152/152 
f 153/153/153 154/154/154 155/155/155 
f 156/156/156 157/157/157 158/158/158 
f 159/159/159 160/160/160 161/161/161 
f 162/162/162 163/163/163 164/164/164 
f 165/165/165 166/166/166 167/167/167 
f 168/168/168 169/169/169 170/170/170 
f 171/171/171 172/172/172 173/173/173 
f 174/174/174 175/175/175 176/176/176 
f 177/177/177 178/178/178 179/179/179 
f 180/180/180 181/181/181 182/182/182 
f 183/183/183 184/184/184 185/185/185 
f 186/186/186 187/187/187 188/188/188 
f 189/189/189 190/190/190 191/191/191 
f 192/192/192 193/193/193 194/194/194 
f 195/195/195 196/196/196 197/197/197 
f 198/198/198 199/199/199 200/200/200 
f 201/201/201 202/202/202 203/203/203 
f 204/204/204 205/205/205 206/206/206 
f 207/207/207 208/208/208 209/209/209 
f 210/210/210 211/211/211 212/212/212 
f 213/213/213 214/214/214 215/215/215 
f 216/216/216 217/217/217 218/218/218 
f 219/219/219 220/220/220 221/221/221 
f 222/222/222 223/223/223 224/224/224 
f 225/225/225 226/226/226 227/227/227 
f 228/228/228 229/229/229 230/230/230 
f 231/231/231 232/232/232 233/233/233 
f 234/234/234 235/235/235 236/236/236 
f 237/237/237 238/238/238 239/239/239 
f 240/240/240 241/241/241 242/242/242 
f 243/243/243 244/244/244 245/245/245 
f 246/246/246 247/247/247 248/248/248 
f 249/249/249 250/250/250 251/251/251 
f 252/252/252 253/253/253 254/254/254 
f 255/255/255 256/256/256 257/257/257 
f 258/258/258 259/259/259 260/260/260 
f 261/261/261 262/262/262 263/263/263 
f 264/264/264 265/265/265 266/266/266 
f 267/267/267 268/268/268 269/269/269 
f 270/270/270 271/271/271 272/272/272 
f 273/273/273 274/274/274 275/275/275 
f 276/276/276 277/277/277 278/278/278 
f 279/279/279 280/280/280 281/281/281 
f 282/282/282 283/283/283 284/284/284 
f 285/285/285 286/286/286 287/287/287 
f 288/288/288 289/289/289 290/290/290 
f 291/291/291 292/292/292 293/293/293 
f 294/294/294 295/295/295 296/296/296 
f 297/297/297 298/298/298 299/299/299 
f 300/300/300 301/301/301 302/302/302 
f 303/303/303 304/304/304 305/305/305 
f 306/306/306 307/307/307 308/308/308 
f 309/309/309 310/310/310 311/311/311 
f 312/312/312 313/313/313 314/314/314 
f 315/315/315 316/316/316 317/317/317 
f 318/318/318 319/319/319 320/320/320 
f 321/321/321 322/322/322 323/323/323 
f 324/324/324 325/325/325 326/326/326 
f 327/327/327 328/328/328 329/329/329 
f 330/330/330 331/331/331 332/332/332 
f 333/333/333 334/334/334 335/335/335 
f 336/336/336 337/337/337 338/338/338 
f 339/339/339 340/340/340 341/341/341 
f 342/342/342 343/343/343 344/344/344 
f 345/345/345 346/346/346 347/347/347 
f 348/348/348 349/349/349 350/350/350 
f 351/351/351 352/352/352 353/353/353 
f 354/354/354 355/355/355 356/356/356 
f 357/357/357 358/358/358 359/359/359 
f 360/360/360 361/361/361 362/362/362 
f 363/363/363 364/364/364 365/365/365 
f 366/366/366 367/367/367 368/368/368 
f 369/369/369 370/370/370 371/371/371 
f 372/372/372 373/373/373 374/374/374 
f 375/375/375 376/376/376 377/377/377 
f 378/378/378 379/379/379 380/380/380 
f 381/381/381 382/382/382 383/383/383 
f 384/384/384 385/385/385 386/386/386 
f 387/387/387 388/388/388 389/389/389 
f 390/390/390 391/391/391 392/392/392 
f 393/393/393 394/394/394 395/395/395 
f 396/396/396 397/397/397 398/398/398 
f 399/399/399 400/400/400 401/401/401 
f 402/402/402 403/403/403 404/404/404 
f 405/405/405 406/406/406 407/407/407 
f 408/408/408 409/409/409 410/410/410 
f 411/411/411 412/412/412 413/413/413 
f 414/414/414 415/415/415 416/416/416 
f 417/417/417 418/418/418 419/419/419 
f 420/420/420 421/421/421 422/422/422 
f 423/423/423 424/424/424 425/425/425 
f 426/426/426 427/427/427 428/428/428 
f 429/429/429 430/430/430 431/431/431 
f 432/432/432 433/433/433 434/434/434 
f 435/435/435 436/436/436 437/437/437 
f 438/438/438 439/439/439 440/440/440 
f 441/441/441 442/442/442 443/443/443 
f 444/444/444 445/445/445 446/446/446 
f 447/447/447 448/448/448 449/449/449 
f 450/450/450 451/451/451 452/452/452 
f 453/453/453 454/454/454 455/455/455 
f 456/456/456 457/457/457 458/458/458 
f 459/459/459 460/460/460 461/461/461 
f 462/462/462 463/463/463 464/464/464 
f 465/465/465 466/466/466 467/467/467 
f 468/468/468 469/469/469 470/470/470 
f 471/471/471 472/472/472 473/473/473 
f 474/474/474 475/475/475 476/476/476 
f 477/477/477 478/478/478 479/479/479 
f 480/480/480 481/481/481 482/482/482 
f 483/483/483 484/484/484 485/485/485 
f 486/486/486 487/487/487 488/488/488 
f 489/489/489 490/490/490 491/491/491 
f 492/492/492 493/493/493 494/494/494 
f 495/495/495 496/496/496 497/497/497 
f 498/498/498 499/499/499 500/500/500 
f 501/501/501 502/502/502 503/503/503 
f 504/504/504 505/505/505 506/506/506 
f 507/507/507 508/508/508 509/509/509 
f 510/510/510 511/511/511 512/512/512 
f 513/513/513 514/514/514 515/515/515 
f 516/516/516 517/517/517 518/518/518 
f 519/519/519 520/520/520 521/521/521 
f 522/522/522 523/523/523 524/524/524 
f 525/525/525 526/526/526 527/527/527 
f 528/528/528 529/529/529 530/530/530 
f 531/531/531 532/532/532 533/533/533 
f 534/534/534 535/535/535 536/536/536 
f 537/537/537 538/538/538 539/539/539 
f 540/540/540 541/541/541 542/542/542 
f 543/543/543 544/544/544 545/545/545 
f 546/546/546 547/547/547 548/548/548 
f 549/549/549 550/550/550 551/551/551 
f 552/552/552 553/553/553 554/554/554 
f 555/555/555 556/556/556 557/557/557 
f 558/558/558 559/559/559 560/560/560 
f 561/561/561 562/562/562 563/563/563 
f 564/564/564 565/565/565 566/566/566 
f 567/567/567 568/568/568 569/569/569 
f 570/570/570 571/571/571 572/572/572 
f 573/573/573 574/574/574 575/575/575 
f 576/576/576 577/577/577 578/578/578 
f 579/579/579 580/580/580 581/581/581 
f 582/582/582 583/583/583 584/584/584 
f 585/585/585 586/586/586 587/587/587 
f 588/588/588 589/589/589 590/590/590 
f 591/591/591 592/592/592 593/593/593 
f 594/594/594 595/595/595 596/596/596 
f 597/597/597 598/598/598 599/599/599 
f 600/600/600 601/601/601 602/602/602 
f 603/603/603 604/604/604 605/605/605 
f 606/606/606 607/607/607 608/608/608 
f 609/609/609 610/610/610 611/611/611 
f 612/612/612 613/613/613 614/614/614 
f 615/615/615 616/616/616 617/617/617 
f 618/618/618 619/619/619 620/620/620 
f 621/621/621 622/622/622 623/623/623 
f 624/624/624 625/625/625 626/626/626 
f 627/627/627 628/628/628 629/629/629 
f 630/630/630 631/631/631 632/632/632 
f 633/633/633 634/634/634 635/635/635 
f 636/636/636 637/637/637 638/638/638 
f 639/639/639 640/640/640 529/529/529 
f 641/641/641 642/642/642 643/643/643 
f 644/644/644 645/645/645 646/646/646 
f 647/647/647 648/648/648 649/649/649 
f 650/650/650 651/651/651 652/652/652 
f 653/653/653 654/654/654 655/655/655 
f 656/656/656 657/657/657 658/658/658 
f 659/659/659 660/660/660 661/661/661 
f 662/662/662 663/663/663 664/664/664 
f 665/665/665 666/666/666 667/667/667 
f 668/668/668 669/669/669 670/670/670 
f 671/671/671 672/672/672 673/673/673 
f 674/674/674 675/675/675 676/676/676 
f 677/677/677 678/678/678 679/679/679 
f 680/680/680 681/681/681 682/682/682 
f 683/683/683 684/684/684 685/685/685 
f 686/686/686 687/687/687 688/688/688 
f 689/689/689 690/690/690 691/691/691 
f 692/692/692 693/693/693 694/694/694 
f 695/695/695 696/696/696 697/697/697 
f 698/698/698 699/699/699 700/700/700 
f 701/701/701 702/702/702 703/703/703 
f 704/704/704 705/705/705 706/706/706 
f 707/707/707 708/708/708 709/709/709 
f 710/710/710 711/711/711 712/712/712 
f 713/713/713 714/714/714 715/715/715 
f 716/716/716 717/717/717 718/718/718 
f 719/719/719 720/720/720 721/721/721 
f 722/722/722 723/723/723 724/724/724 
f 725/725/725 726/726/726 727/727/727 
f 728/728/728 729/729/729 730/730/730 
f 731/731/731 732/732/732 733/733/733 
f 734/734/734 735/735/735 736/736/736 
f 737/737/737 738/738/738 739/739/739 
f 740/740/740 741/741/741 742/742/742 
f 743/743/743 744/744/744 745/745/745 
f 746/746/746 747/747/747 748/748/748 
f 749/749/749 750/750/750 751/751/751 
f 752/752/752 753/753/753 754/754/754 
f 755/755/755 756/756/756 757/757/757 
f 758/758/758 759/759/759 760/760/760 
f 761/761/761 762/762/762 763/763/763 
f 764/764/764 765/765/765 766/766/766 
f 767/767/767 768/768/768 769/769/769 
f 770/770/770 771/771/771 772/772/772 
f 773/773/773 774/774/774 775/775/775 
f 776/776/776 777/777/777 778/778/778 
f 779/779/779 780/780/780 781/781/781 
f 782/782/782 783/783/783 784/784/784 
f 785/785/785 786/786/786 787/787/787 
f 788/788/788 789/789/789 790/790/790 
f 791/791/791 792/792/792 793/793/793 
f 794/794/794 795/795/795 796/796/796 
f 797/797/797 798/798/798 799/799/799 
f 800/800/800 801/801/801 802/802/802 
f 803/803/803 804/804/804 805/805/805 
f 806/806/806 807/807/807 808/808/808 
f 809/809/809 810/810/810 811/811/811 
f 812/812/812 813/813/813 814/814/814 
f 815/815/815 816/816/816 817/817/817 
f 818/818/818 819/819/819 820/820/820 
f 821/821/821 822/822/822 823/823/823 
f 824/824/824 825/825/825 826/826/826 
f 827/827/827 828/828/828 829/829/829 
f 830/830/830 831/831/831 832/832/832 
f 833/833/833 834/834/834 835/835/835 
f 836/836/836 837/837/837 838/838/838 
f 839/839/839 840/840/840 841/841/841 
f 842/842/842 843/843/843 844/844/844 
f 845/845/845 846/846/846 847/847/847 
f 848/848/848 849/849/849 850/850/850 
f 851/851/851 852/852/852 853/853/853 
f 854/854/854 855/855/855 856/856/856 
f 857/857/857 858/858/858 859/859/859 
f 860/860/860 861/861/861 862/862/862 
f 863/863/863 864/864/864 865/865/865 
f 866/866/866 867/867/867 868/868/868 
f 869/869/869 870/870/870 871/871/871 
f 872/872/872 873/873/873 874/874/874 
f 875/875/875 876/876/876 877/877/877 
f 878/878/878 879/879/879 880/880/880 
f 881/881/881 882/882/882 883/883/883 
f 884/884/884 885/885/885 886/886/886 
f 887/887/887 888/888/888 889/889/889 
f 890/890/890 891/891/891 892/892/892 
f 893/893/893 894/894/894 895/895/895 
f 896/896/896 897/897/897 898/898/898 
f 899/899/899 900/900/900 901/901/901 
f 902/902/902 903/903/903 904/904/904 
f 905/905/905 906/906/906 907/907/907 
f 908/908/908 909/909/909 910/910/910 
f 911/911/911 912/912/912 913/913/913 
f 914/914/914 915/915/915 916/916/916 
f 917/917/917 918/918/918 919/919/919 
f 920/920/920 921/921/921 922/922/922 
f 923/923/923 924/924/924 925/925/925 
f 926/926/926 927/927/927 928/928/928 
f 929/929/929 930/930/930 931/931/931 
f 932/932/932 933/933/933 934/934/934 
f 935/935/935 936/936/936 937/937/937 
f 938/938/938 939/939/939 940/940/940 
f 941/941/941 942/942/942 943/943/943 
f 944/944/944 945/945/945 946/946/946 
f 947/947/947 948/948/948 949/949/949 
f 950/950/950 951/951/951 952/952/952 
f 953/953/953 954/954/954 955/955/955 
f 956/956/956 957/957/957 958/958/958 
f 959/959/959 960/960/960 961/961/961 
f 962/962/962 963/963/963 964/964/964 
f 965/965/965 966/966/966 967/967/967 
f 968/968/968 969/969/969 970/970/970 
f 971/971/971 972/972/972 973/973/973 
f 974/974/974 975/975/975 976/976/976 
f 977/977/977 978/978/978 979/979/979 
f 980/980/980 981/981/981 982/982/982 
f 983/983/983 984/984/984 985/985/985 
f 986/986/986 987/987/987 988/988/988 
f 989/989/989 990/990/990 991/991/991 
f 992/992/992 993/993/993 994/994/994 
f 995/995/995 996/996/996 885/885/885 
f 997/997/997 998/998/998 999/999/999 
f 1000/1000/1000 1001/1001/1001 1002/1002/1002 
f 1003/1003/1003 1004/1004/1004 1005/1005/1005 
f 1006/1006/1006 1007/1007/1007 1008/1008/1008 
f 1009/1009/1009 1010/1010/1010 1011/1011/1011 
f 1012/1012/1012 1013/1013/1013 1014/1014/1014 
f 1015/1015/1015 1016/1016/1016 1017/1017/1017 
f 1018/1018/1018 1019/1019/1019 1020/1020/1020 
f 1021/1021/1021 1022/1022/1022 1023/1023/1023 
f 1024/1024/1024 1025/1025/1025 1026/1026/1026 
f 1027/1027/1027 1028/1028/1028 1029/1029/1029 
f 1030/1030/1030 1031/1031/1031 1032/1032/1032 
f 1033/1033/1033 1034/1034/1034 1035/1035/1035 
f 1036/1036/1036 1037/1037/1037 1038/1038/1038 
f 1039/1039/1039 1040/1040/1040 1041/1041/1041 
f 1042/1042/1042 1043/1043/1043 1044/1044/1044 
f 1045/1045/1045 1046/1046/1046 1047/1047/1047 
f 1048/1048/1048 1049/1049/1049 1050/1050/1050 
f 1051/1051/1051 1052/1052/1052 1053/1053/1053 
f 1054/1054/1054 1055/1055/1055 1056/1056/1056 
f 1057/1057/1057 1058/1058/1058 1059/1059/1059 
f 1060/1060/1060 1061/1061/1061 1062/1062/1062 
f 1063/1063/1063 1064/1064/1064 1065/1065/1065 

