mtllib model_30.mtl
o model_30
v 29.005191802978516 19.79901695251465 -13.98824405670166 
v 29.005191802978516 14.71156120300293 -13.98824405670166 
v 29.005191802978516 19.79901695251465 -13.392884254455566 
v 29.005191802978516 14.71156120300293 -13.392884254455566 
v 29.005191802978516 14.71156120300293 -13.98824405670166 
v 29.005191802978516 19.79901695251465 -13.98824405670166 
v 29.206462860107422 14.71156120300293 -13.98824405670166 
v 29.206462860107422 19.79901695251465 -13.98824405670166 
v 29.243736267089844 14.71156120300293 -13.354056358337402 
v 29.206462860107422 14.71156120300293 -13.354056358337402 
v 29.225099563598633 14.71156120300293 -13.418769836425781 
v 29.206462860107422 14.71156120300293 -13.392884254455566 
v 29.023828506469727 14.71156120300293 -13.418769836425781 
v 29.005191802978516 14.71156120300293 -13.392884254455566 
v 29.023828506469727 14.71156120300293 -13.975300788879395 
v 29.005191802978516 14.71156120300293 -13.98824405670166 
v 29.225099563598633 14.71156120300293 -13.975300788879395 
v 29.206462860107422 14.71156120300293 -13.98824405670166 
v 29.243736267089844 14.71156120300293 -14.027071952819824 
v 29.206462860107422 14.71156120300293 -14.027071952819824 
v 28.677194595336914 0.4454053044319153 1.67230224609375 
v 28.677194595336914 1.7607932090759277 1.67230224609375 
v 28.677194595336914 0.4454053044319153 1.219311237335205 
v 28.677194595336914 1.7607932090759277 1.219311237335205 
v 22.214141845703125 1.7607932090759277 1.219311237335205 
v 22.214141845703125 0.4454053044319153 1.219311237335205 
v 21.770599365234375 1.7607932090759277 1.219311237335205 
v 21.770599365234375 0.4454053044319153 1.219311237335205 
v 29.206462860107422 14.71156120300293 -13.354056358337402 
v 29.243736267089844 14.71156120300293 -13.354056358337402 
v 29.206462860107422 19.79901695251465 -13.354056358337402 
v 29.243736267089844 19.79901695251465 -13.354056358337402 
v 29.243736267089844 14.71156120300293 -9.587759971618652 
v 29.206462860107422 14.71156120300293 -9.587759971618652 
v 29.225099563598633 14.71156120300293 -9.639530181884766 
v 29.206462860107422 14.71156120300293 -9.626587867736816 
v 29.023828506469727 14.71156120300293 -9.639530181884766 
v 29.005191802978516 14.71156120300293 -9.626587867736816 
v 29.023828506469727 14.71156120300293 -10.196062088012695 
v 29.005191802978516 14.71156120300293 -10.22194766998291 
v 29.225099563598633 14.71156120300293 -10.196062088012695 
v 29.206462860107422 14.71156120300293 -10.22194766998291 
v 29.243736267089844 14.71156120300293 -10.247832298278809 
v 29.206462860107422 14.71156120300293 -10.247832298278809 
v 29.206462860107422 14.71156120300293 -9.587759971618652 
v 29.243736267089844 14.71156120300293 -9.587759971618652 
v 29.206462860107422 19.79901695251465 -9.587759971618652 
v 29.243736267089844 19.79901695251465 -9.587759971618652 
v 28.677194595336914 0.4454053044319153 1.219311237335205 
v 28.677194595336914 1.7607932090759277 1.219311237335205 
v 29.120737075805664 0.4454053044319153 1.219311237335205 
v 29.120737075805664 1.7607932090759277 1.219311237335205 
v 21.770599365234375 1.7607932090759277 -24.368209838867188 
v 22.214141845703125 1.7607932090759277 -24.368209838867188 
v 21.770599365234375 1.7607932090759277 1.219311237335205 
v 22.214141845703125 1.7607932090759277 1.219311237335205 
v 28.677194595336914 0.0004946870030835271 -24.368209838867188 
v 28.677194595336914 0.4454053044319153 -24.368209838867188 
v 22.214141845703125 0.0004946870030835271 -24.368209838867188 
v 22.214141845703125 0.4454053044319153 -24.368209838867188 
v 28.677194595336914 2.16701602935791 -24.368209838867188 
v 28.677194595336914 1.7607932090759277 -24.368209838867188 
v 28.677194595336914 2.16701602935791 1.219311237335205 
v 28.677194595336914 1.7607932090759277 1.219311237335205 
v 29.005191802978516 19.79901695251465 -10.22194766998291 
v 29.005191802978516 14.71156120300293 -10.22194766998291 
v 29.005191802978516 19.79901695251465 -9.626587867736816 
v 29.005191802978516 14.71156120300293 -9.626587867736816 
v 29.38164520263672 18.31920623779297 -15.39898681640625 
v 29.38164520263672 16.181699752807617 -15.39898681640625 
v 29.38164520263672 18.31920623779297 -8.267614364624023 
v 29.38164520263672 16.181699752807617 -8.267614364624023 
v 29.120737075805664 0.0004946870030835271 -24.821199417114258 
v 29.120737075805664 0.0004946870030835271 -24.368209838867188 
v 28.677194595336914 0.0004946870030835271 -24.821199417114258 
v 28.677194595336914 0.0004946870030835271 -24.368209838867188 
v 22.214141845703125 0.0004946870030835271 -24.368209838867188 
v 22.214141845703125 0.0004946870030835271 -24.821199417114258 
v 21.770599365234375 0.0004946870030835271 -24.368209838867188 
v 21.770599365234375 0.0004946870030835271 -24.821199417114258 
v 29.206462860107422 14.71156120300293 -13.354056358337402 
v 29.206462860107422 19.79901695251465 -13.354056358337402 
v 29.206462860107422 14.71156120300293 -13.392884254455566 
v 29.206462860107422 19.79901695251465 -13.392884254455566 
v 29.1617374420166 18.31920623779297 -15.39898681640625 
v 29.38164520263672 18.31920623779297 -15.39898681640625 
v 29.1617374420166 18.31920623779297 -8.267614364624023 
v 29.38164520263672 18.31920623779297 -8.267614364624023 
v 29.1617374420166 16.181699752807617 -8.267614364624023 
v 29.38164520263672 16.181699752807617 -8.267614364624023 
v 29.1617374420166 16.181699752807617 -15.39898681640625 
v 29.38164520263672 16.181699752807617 -15.39898681640625 
v 29.120737075805664 0.0004946870030835271 -24.368209838867188 
v 29.120737075805664 0.0004946870030835271 -24.821199417114258 
v 29.120737075805664 0.4454053044319153 -24.368209838867188 
v 29.120737075805664 0.4454053044319153 -24.821199417114258 
v 29.120737075805664 1.7607932090759277 -24.368209838867188 
v 29.120737075805664 1.7607932090759277 -24.821199417114258 
v 29.120737075805664 2.16701602935791 -24.368209838867188 
v 29.120737075805664 2.16701602935791 -24.821199417114258 
v 29.120737075805664 1.7607932090759277 1.219311237335205 
v 29.120737075805664 2.16701602935791 1.219311237335205 
v 29.120737075805664 1.7607932090759277 1.67230224609375 
v 29.120737075805664 2.16701602935791 1.67230224609375 
v 29.120737075805664 0.4454053044319153 1.67230224609375 
v 29.120737075805664 0.4454053044319153 1.219311237335205 
v 29.120737075805664 0.0004946870030835271 1.67230224609375 
v 29.120737075805664 0.0004946870030835271 1.219311237335205 
v 28.677194595336914 1.7607932090759277 -24.821199417114258 
v 28.677194595336914 1.7607932090759277 -24.368209838867188 
v 22.214141845703125 1.7607932090759277 -24.821199417114258 
v 22.214141845703125 1.7607932090759277 -24.368209838867188 
v 29.1617374420166 18.464284896850586 -15.39898681640625 
v 29.1617374420166 18.31920623779297 -15.39898681640625 
v 29.1617374420166 18.464284896850586 -8.267614364624023 
v 29.1617374420166 18.31920623779297 -8.267614364624023 
v 29.1617374420166 16.046293258666992 -8.267614364624023 
v 29.1617374420166 16.181699752807617 -8.267614364624023 
v 29.1617374420166 16.046293258666992 -15.39898681640625 
v 29.1617374420166 16.181699752807617 -15.39898681640625 
v 21.770599365234375 2.16701602935791 -24.821199417114258 
v 21.770599365234375 1.7607932090759277 -24.821199417114258 
v 21.770599365234375 2.16701602935791 -24.510578155517578 
v 21.770599365234375 1.7607932090759277 -24.368209838867188 
v 21.770599365234375 1.7607932090759277 1.219311237335205 
v 21.770599365234375 0.4454053044319153 -24.368209838867188 
v 21.770599365234375 0.4454053044319153 -24.821199417114258 
v 21.770599365234375 0.0004946870030835271 -24.821199417114258 
v 29.206462860107422 14.71156120300293 -9.626587867736816 
v 29.206462860107422 19.79901695251465 -9.626587867736816 
v 29.005191802978516 14.71156120300293 -9.626587867736816 
v 29.005191802978516 19.79901695251465 -9.626587867736816 
v 22.214141845703125 1.7607932090759277 -24.821199417114258 
v 22.214141845703125 1.7607932090759277 -24.368209838867188 
v 22.214141845703125 0.4454053044319153 -24.821199417114258 
v 22.214141845703125 0.4454053044319153 -24.368209838867188 
v 28.677194595336914 0.4454053044319153 -24.821199417114258 
v 28.677194595336914 0.4454053044319153 -24.368209838867188 
v 28.677194595336914 1.7607932090759277 -24.821199417114258 
v 28.677194595336914 1.7607932090759277 -24.368209838867188 
v 22.214141845703125 0.4454053044319153 1.219311237335205 
v 22.214141845703125 1.7607932090759277 1.219311237335205 
v 22.214141845703125 0.4454053044319153 1.67230224609375 
v 22.214141845703125 1.7607932090759277 1.67230224609375 
v 22.214141845703125 0.4454053044319153 -24.821199417114258 
v 22.214141845703125 0.4454053044319153 -24.368209838867188 
v 28.677194595336914 0.4454053044319153 -24.821199417114258 
v 28.677194595336914 0.4454053044319153 -24.368209838867188 
v 29.206462860107422 19.79901695251465 -10.247832298278809 
v 29.206462860107422 14.71156120300293 -10.247832298278809 
v 29.206462860107422 19.79901695251465 -10.22194766998291 
v 29.206462860107422 14.71156120300293 -10.22194766998291 
v 21.770599365234375 0.4454053044319153 -24.368209838867188 
v 22.214141845703125 0.4454053044319153 -24.368209838867188 
v 21.770599365234375 1.7607932090759277 -24.368209838867188 
v 22.214141845703125 1.7607932090759277 -24.368209838867188 
v 29.206462860107422 14.71156120300293 -9.587759971618652 
v 29.206462860107422 19.79901695251465 -9.587759971618652 
v 29.206462860107422 14.71156120300293 -9.626587867736816 
v 29.206462860107422 19.79901695251465 -9.626587867736816 
v 28.677194595336914 0.4454053044319153 -24.368209838867188 
v 29.120737075805664 0.4454053044319153 -24.368209838867188 
v 28.677194595336914 1.7607932090759277 -24.368209838867188 
v 29.120737075805664 1.7607932090759277 -24.368209838867188 
v 28.677194595336914 1.7607932090759277 1.67230224609375 
v 22.214141845703125 1.7607932090759277 1.67230224609375 
v 28.677194595336914 1.7607932090759277 1.219311237335205 
v 22.214141845703125 1.7607932090759277 1.219311237335205 
v 29.206462860107422 19.79901695251465 -9.587759971618652 
v 29.243736267089844 19.79901695251465 -9.587759971618652 
v 29.206462860107422 19.79901695251465 -9.626587867736816 
v 29.225099563598633 19.79901695251465 -9.639530181884766 
v 29.005191802978516 19.79901695251465 -9.626587867736816 
v 29.023828506469727 19.79901695251465 -9.639530181884766 
v 29.005191802978516 19.79901695251465 -10.22194766998291 
v 29.023828506469727 19.79901695251465 -10.196062088012695 
v 29.206462860107422 19.79901695251465 -10.22194766998291 
v 29.225099563598633 19.79901695251465 -10.196062088012695 
v 29.206462860107422 19.79901695251465 -10.247832298278809 
v 29.243736267089844 19.79901695251465 -10.247832298278809 
v 21.770599365234375 0.4454053044319153 1.219311237335205 
v 22.214141845703125 0.4454053044319153 1.219311237335205 
v 21.770599365234375 0.0004946870030835271 1.219311237335205 
v 22.214141845703125 0.0004946870030835271 1.219311237335205 
v 28.677194595336914 0.4454053044319153 1.219311237335205 
v 28.677194595336914 0.0004946870030835271 1.219311237335205 
v 29.120737075805664 0.4454053044319153 1.219311237335205 
v 29.120737075805664 0.0004946870030835271 1.219311237335205 
v 21.770599365234375 2.16701602935791 1.67230224609375 
v 21.770599365234375 1.7607932090759277 1.67230224609375 
v 22.214141845703125 2.16701602935791 1.67230224609375 
v 22.214141845703125 1.7607932090759277 1.67230224609375 
v 22.214141845703125 0.4454053044319153 1.67230224609375 
v 21.770599365234375 0.4454053044319153 1.67230224609375 
v 22.214141845703125 0.0004946870030835271 1.67230224609375 
v 21.770599365234375 0.0004946870030835271 1.67230224609375 
v 29.120737075805664 2.16701602935791 -24.821199417114258 
v 29.120737075805664 1.7607932090759277 -24.821199417114258 
v 28.677194595336914 2.16701602935791 -24.821199417114258 
v 28.677194595336914 1.7607932090759277 -24.821199417114258 
v 22.214141845703125 1.7607932090759277 -24.821199417114258 
v 22.214141845703125 2.16701602935791 -24.821199417114258 
v 21.770599365234375 1.7607932090759277 -24.821199417114258 
v 21.770599365234375 2.16701602935791 -24.821199417114258 
v 22.214141845703125 0.4454053044319153 -24.821199417114258 
v 21.770599365234375 0.4454053044319153 -24.821199417114258 
v 22.214141845703125 0.0004946870030835271 -24.821199417114258 
v 28.677194595336914 0.0004946870030835271 -24.821199417114258 
v 28.677194595336914 0.4454053044319153 -24.821199417114258 
v 29.120737075805664 0.0004946870030835271 -24.821199417114258 
v 29.120737075805664 0.4454053044319153 -24.821199417114258 
v 29.1617374420166 16.046293258666992 -8.267614364624023 
v 29.19900894165039 16.046293258666992 -8.267614364624023 
v 29.1617374420166 16.181699752807617 -8.267614364624023 
v 29.18037223815918 16.162357330322266 -8.267614364624023 
v 29.38164520263672 16.181699752807617 -8.267614364624023 
v 29.400279998779297 16.162357330322266 -8.267614364624023 
v 29.38164520263672 18.31920623779297 -8.267614364624023 
v 29.400279998779297 18.338550567626953 -8.267614364624023 
v 29.1617374420166 18.31920623779297 -8.267614364624023 
v 29.18037223815918 18.338550567626953 -8.267614364624023 
v 29.1617374420166 18.464284896850586 -8.267614364624023 
v 29.19900894165039 18.464284896850586 -8.267614364624023 
v 21.770599365234375 2.16701602935791 1.67230224609375 
v 21.770599365234375 2.16701602935791 1.3616797924041748 
v 21.770599365234375 1.7607932090759277 1.67230224609375 
v 21.770599365234375 1.7607932090759277 1.219311237335205 
v 21.770599365234375 0.4454053044319153 1.219311237335205 
v 21.770599365234375 0.4454053044319153 1.67230224609375 
v 21.770599365234375 0.0004946870030835271 1.67230224609375 
v 22.214141845703125 2.16701602935791 -24.368209838867188 
v 22.214141845703125 1.7607932090759277 -24.368209838867188 
v 28.677194595336914 2.16701602935791 -24.368209838867188 
v 28.677194595336914 1.7607932090759277 -24.368209838867188 
v 22.214141845703125 1.7607932090759277 -24.368209838867188 
v 22.214141845703125 2.16701602935791 -24.368209838867188 
v 22.214141845703125 1.7607932090759277 1.219311237335205 
v 22.214141845703125 2.16701602935791 1.219311237335205 
v 22.214141845703125 0.4454053044319153 -24.368209838867188 
v 21.770599365234375 0.4454053044319153 -24.368209838867188 
v 22.214141845703125 0.0004946870030835271 -24.368209838867188 
v 21.770599365234375 0.0004946870030835271 -24.368209838867188 
v 29.1617374420166 18.464284896850586 -15.39898681640625 
v 29.19900894165039 18.464284896850586 -15.39898681640625 
v 29.1617374420166 18.31920623779297 -15.39898681640625 
v 29.18037223815918 18.338550567626953 -15.39898681640625 
v 29.38164520263672 18.31920623779297 -15.39898681640625 
v 29.400279998779297 18.338550567626953 -15.39898681640625 
v 29.38164520263672 16.181699752807617 -15.39898681640625 
v 29.400279998779297 16.162357330322266 -15.39898681640625 
v 29.1617374420166 16.181699752807617 -15.39898681640625 
v 29.18037223815918 16.162357330322266 -15.39898681640625 
v 29.1617374420166 16.046293258666992 -15.39898681640625 
v 29.19900894165039 16.046293258666992 -15.39898681640625 
v 22.214141845703125 0.4454053044319153 1.67230224609375 
v 28.677194595336914 0.4454053044319153 1.67230224609375 
v 22.214141845703125 0.4454053044319153 1.219311237335205 
v 28.677194595336914 0.4454053044319153 1.219311237335205 
v 29.243736267089844 14.71156120300293 -14.027071952819824 
v 29.206462860107422 14.71156120300293 -14.027071952819824 
v 29.243736267089844 19.79901695251465 -14.027071952819824 
v 29.206462860107422 19.79901695251465 -14.027071952819824 
v 29.19900894165039 18.464284896850586 -15.39898681640625 
v 29.1617374420166 18.464284896850586 -15.39898681640625 
v 29.19900894165039 18.464284896850586 -8.267614364624023 
v 29.1617374420166 18.464284896850586 -8.267614364624023 
v 29.206462860107422 19.79901695251465 -13.354056358337402 
v 29.243736267089844 19.79901695251465 -13.354056358337402 
v 29.206462860107422 19.79901695251465 -13.392884254455566 
v 29.225099563598633 19.79901695251465 -13.418769836425781 
v 29.005191802978516 19.79901695251465 -13.392884254455566 
v 29.023828506469727 19.79901695251465 -13.418769836425781 
v 29.005191802978516 19.79901695251465 -13.98824405670166 
v 29.023828506469727 19.79901695251465 -13.975300788879395 
v 29.206462860107422 19.79901695251465 -13.98824405670166 
v 29.225099563598633 19.79901695251465 -13.975300788879395 
v 29.206462860107422 19.79901695251465 -14.027071952819824 
v 29.243736267089844 19.79901695251465 -14.027071952819824 
v 29.19900894165039 16.046293258666992 -8.267614364624023 
v 29.1617374420166 16.046293258666992 -8.267614364624023 
v 29.19900894165039 16.046293258666992 -15.39898681640625 
v 29.1617374420166 16.046293258666992 -15.39898681640625 
v 28.677194595336914 0.0004946870030835271 -24.368209838867188 
v 29.120737075805664 0.0004946870030835271 -24.368209838867188 
v 28.677194595336914 0.4454053044319153 -24.368209838867188 
v 29.120737075805664 0.4454053044319153 -24.368209838867188 
v 28.677194595336914 1.7607932090759277 -24.368209838867188 
v 29.120737075805664 1.7607932090759277 -24.368209838867188 
v 28.677194595336914 1.7607932090759277 1.219311237335205 
v 29.120737075805664 1.7607932090759277 1.219311237335205 
v 29.206462860107422 19.79901695251465 -14.027071952819824 
v 29.206462860107422 14.71156120300293 -14.027071952819824 
v 29.206462860107422 19.79901695251465 -13.98824405670166 
v 29.206462860107422 14.71156120300293 -13.98824405670166 
v 29.206462860107422 19.79901695251465 -10.247832298278809 
v 29.243736267089844 19.79901695251465 -10.247832298278809 
v 29.206462860107422 14.71156120300293 -10.247832298278809 
v 29.243736267089844 14.71156120300293 -10.247832298278809 
v 29.005191802978516 19.79901695251465 -13.392884254455566 
v 29.005191802978516 14.71156120300293 -13.392884254455566 
v 29.206462860107422 19.79901695251465 -13.392884254455566 
v 29.206462860107422 14.71156120300293 -13.392884254455566 
v 28.677194595336914 1.7607932090759277 1.219311237335205 
v 22.214141845703125 1.7607932090759277 1.219311237335205 
v 28.677194595336914 2.16701602935791 1.219311237335205 
v 22.214141845703125 2.16701602935791 1.219311237335205 
v 22.214141845703125 2.16701602935791 1.67230224609375 
v 22.214141845703125 1.7607932090759277 1.67230224609375 
v 28.677194595336914 2.16701602935791 1.67230224609375 
v 28.677194595336914 1.7607932090759277 1.67230224609375 
v 29.120737075805664 1.7607932090759277 1.67230224609375 
v 29.120737075805664 0.4454053044319153 1.67230224609375 
v 28.677194595336914 0.4454053044319153 1.67230224609375 
v 29.120737075805664 0.0004946870030835271 1.67230224609375 
v 28.677194595336914 0.0004946870030835271 1.67230224609375 
v 22.214141845703125 0.4454053044319153 1.67230224609375 
v 22.214141845703125 0.0004946870030835271 1.67230224609375 
v 29.005191802978516 14.71156120300293 -10.22194766998291 
v 29.005191802978516 19.79901695251465 -10.22194766998291 
v 29.206462860107422 14.71156120300293 -10.22194766998291 
v 29.206462860107422 19.79901695251465 -10.22194766998291 
v 29.120737075805664 0.0004946870030835271 1.67230224609375 
v 28.677194595336914 0.0004946870030835271 1.67230224609375 
v 29.120737075805664 0.0004946870030835271 1.219311237335205 
v 28.677194595336914 0.0004946870030835271 1.219311237335205 
v 22.214141845703125 0.0004946870030835271 1.219311237335205 
v 22.214141845703125 0.0004946870030835271 1.67230224609375 
v 21.770599365234375 0.0004946870030835271 1.219311237335205 
v 21.770599365234375 0.0004946870030835271 1.67230224609375 
v 21.770599365234375 0.0004946870030835271 -24.821199417114258 
v 21.770599365234375 2.16701602935791 1.3616797924041748 
v 21.770599365234375 0.0004946870030835271 -24.368209838867188 
v 21.770599365234375 0.0004946870030835271 1.219311237335205 
v 29.120737075805664 2.16701602935791 1.67230224609375 
v 24.902738571166992 0.28190821409225464 4.570942401885986 
v 24.87910270690918 0.28632545471191406 4.5500102043151855 
v 24.764564514160156 0.28190821409225464 4.728487014770508 
v 24.739688873291016 0.28631266951560974 4.708656311035156 
v 24.63878631591797 0.28190821409225464 4.905862331390381 
v 24.612232208251953 0.28630417585372925 4.889336585998535 
v 24.532365798950195 0.28190821409225464 5.0997633934021 
v 24.504091262817383 0.2862999141216278 5.086543083190918 
v 24.452421188354492 0.28190821409225464 5.305783271789551 
v 24.422746658325195 0.28630417585372925 5.295867919921875 
v 24.39727210998535 0.28190821409225464 5.516209602355957 
v 24.36663818359375 0.28631266951560974 5.508497714996338 
v 24.365358352661133 0.28190821409225464 5.722229480743408 
v 24.334203720092773 0.28632545471191406 5.717822551727295 
v 24.34947967529297 0.28190821409225464 5.8830790519714355 
v 24.31916618347168 0.2862318158149719 5.880875587463379 
v 24.342321395874023 0.28190821409225464 5.954690456390381 
v 24.315326690673828 0.28592967987060547 5.959097385406494 
v 24.346879959106445 0.28190821409225464 5.978928089141846 
v 24.324445724487305 0.2857254147529602 5.991046905517578 
v 24.36615753173828 0.28190821409225464 5.995453834533691 
v 24.34823989868164 0.28592967987060547 6.015284538269043 
v 24.402790069580078 0.28190821409225464 6.011979103088379 
v 24.38831329345703 0.28623607754707336 6.0384202003479 
v 24.45945930480957 0.28190821409225464 6.0384202003479 
v 24.446062088012695 0.286338210105896 6.0670647621154785 
v 24.526206970214844 0.28190821409225464 6.069268226623535 
v 24.51280975341797 0.286338210105896 6.097912788391113 
v 24.593154907226562 0.28190821409225464 6.101217746734619 
v 24.579797744750977 0.286338210105896 6.129862308502197 
v 24.6500244140625 0.28190821409225464 6.127658843994141 
v 24.638906478881836 0.28623607754707336 6.155201435089111 
v 24.686458587646484 0.28190821409225464 6.144184589385986 
v 24.682098388671875 0.28592967987060547 6.171727180480957 
v 24.711013793945312 0.28190821409225464 6.1485915184021 
v 24.715652465820312 0.2857254147529602 6.173930644989014 
v 24.732330322265625 0.28190821409225464 6.136472702026367 
v 24.745967864990234 0.28592967987060547 6.160710334777832 
v 24.782960891723633 0.28190821409225464 6.084692001342773 
v 24.80359649658203 0.2862318158149719 6.106726169586182 
v 24.895618438720703 0.28190821409225464 5.96901273727417 
v 24.919294357299805 0.28632545471191406 5.989944934844971 
v 25.033273696899414 0.28190821409225464 5.812569618225098 
v 25.058149337768555 0.28631266951560974 5.831298828125 
v 25.1589298248291 0.28190821409225464 5.635194301605225 
v 25.18548583984375 0.28630417585372925 5.65172004699707 
v 25.265310287475586 0.28190821409225464 5.441293716430664 
v 25.2935848236084 0.2862999141216278 5.454514026641846 
v 25.34529685974121 0.28190821409225464 5.235273838043213 
v 25.37493133544922 0.28630417585372925 5.245189189910889 
v 25.40044593811035 0.28190821409225464 5.024847030639648 
v 25.431079864501953 0.28631266951560974 5.031457424163818 
v 25.43243980407715 0.28190821409225464 4.817725658416748 
v 25.463594436645508 0.28632545471191406 4.822132587432861 
v 25.448396682739258 0.28190821409225464 4.656876087188721 
v 25.47867202758789 0.2862318158149719 4.65797758102417 
v 25.455474853515625 0.28190821409225464 4.585264682769775 
v 25.482431411743164 0.28592967987060547 4.579756259918213 
v 25.450956344604492 0.28190821409225464 4.562129020690918 
v 25.473392486572266 0.2857254147529602 4.548908233642578 
v 25.431961059570312 0.28190821409225464 4.545603275299072 
v 25.44983673095703 0.28592967987060547 4.524670600891113 
v 25.395526885986328 0.28190821409225464 4.529077529907227 
v 25.410043716430664 0.28623607754707336 4.501534938812256 
v 25.33865737915039 0.28190821409225464 4.502636432647705 
v 25.352054595947266 0.286338210105896 4.473992347717285 
v 25.271709442138672 0.28190821409225464 4.470686912536621 
v 25.285066604614258 0.286338210105896 4.442042350769043 
v 25.2049617767334 0.28190821409225464 4.4398393630981445 
v 25.218318939208984 0.286338210105896 4.411194801330566 
v 25.148292541503906 0.28190821409225464 4.413398265838623 
v 25.15941047668457 0.28623607754707336 4.384753704071045 
v 25.11166000366211 0.28190821409225464 4.396872520446777 
v 25.116018295288086 0.28592967987060547 4.369329929351807 
v 25.086944580078125 0.28190821409225464 4.392465591430664 
v 25.082304000854492 0.2857254147529602 4.366024494171143 
v 25.066068649291992 0.28190821409225464 4.403482913970947 
v 25.052431106567383 0.28592967987060547 4.379245281219482 
v 25.015716552734375 0.28190821409225464 4.455263137817383 
v 24.995080947875977 0.2862318158149719 4.433228969573975 
v 24.976484298706055 0.2854487895965576 4.412296295166016 
v 24.857746124267578 0.2855892479419708 4.531280994415283 
v 24.717252731323242 0.28557220101356506 4.6921305656433105 
v 24.588275909423828 0.28555944561958313 4.875014781951904 
v 24.47861671447754 0.2855551838874817 5.0744242668151855 
v 24.396032333374023 0.28555944561958313 5.287054061889648 
v 24.33904266357422 0.28557220101356506 5.502989292144775 
v 24.306089401245117 0.2855892479419708 5.71341609954834 
v 24.29189109802246 0.2854487895965576 5.87977409362793 
v 24.291011810302734 0.28499770164489746 5.963503837585449 
v 24.304208755493164 0.28469130396842957 6.0031657218933105 
v 24.332122802734375 0.28499770164489746 6.034013748168945 
v 24.37519645690918 0.28545305132865906 6.062657833099365 
v 24.434024810791016 0.2856062650680542 6.093505859375 
v 24.50077247619629 0.2856062650680542 6.124353885650635 
v 24.567720413208008 0.2856062650680542 6.155201435089111 
v 24.628868103027344 0.28545305132865906 6.181642532348633 
v 24.678138732910156 0.28499770164489746 6.195964813232422 
v 24.719812393188477 0.28469130396842957 6.197066783905029 
v 24.75824546813965 0.28499770164489746 6.181642532348633 
v 24.822233200073242 0.2854487895965576 6.126557350158691 
v 24.940610885620117 0.2855892479419708 6.008674144744873 
v 25.080585479736328 0.28557220101356506 5.848926067352295 
v 25.209402084350586 0.28555944561958313 5.666042327880859 
v 25.319101333618164 0.2855551838874817 5.466632843017578 
v 25.40168571472168 0.28555944561958313 5.254003047943115 
v 25.458675384521484 0.28557220101356506 5.038067817687988 
v 25.491708755493164 0.2855892479419708 4.826539516448975 
v 25.5059871673584 0.2854487895965576 4.659079551696777 
v 25.506746292114258 0.28499770164489746 4.5753493309021 
v 25.493589401245117 0.28469130396842957 4.537891387939453 
v 25.465993881225586 0.28499770164489746 4.505941867828369 
v 25.42312240600586 0.28545305132865906 4.47839879989624 
v 25.364091873168945 0.2856062650680542 4.447551250457764 
v 25.29714584350586 0.2856062650680542 4.416703224182129 
v 25.230398178100586 0.2856062650680542 4.385855197906494 
v 25.169448852539062 0.28545305132865906 4.359414100646973 
v 25.119977951049805 0.28499770164489746 4.345092296600342 
v 25.07814598083496 0.28469130396842957 4.343990325927734 
v 25.04011344909668 0.28499770164489746 4.358312606811523 
v 25.030513763427734 0.2741546332836151 4.341786861419678 
v 24.96192741394043 0.27445676922798157 4.396872520446777 
v 24.8410701751709 0.2745503783226013 4.515857219696045 
v 24.699695587158203 0.2745418846607208 4.678910255432129 
v 24.56955909729004 0.27453336119651794 4.862895965576172 
v 24.458660125732422 0.2745290994644165 5.065610408782959 
v 24.3751163482666 0.27453336119651794 5.2804436683654785 
v 24.317405700683594 0.2745418846607208 5.497480869293213 
v 24.28409194946289 0.2745503783226013 5.710110664367676 
v 24.27049446105957 0.27445676922798157 5.8786725997924805 
v 24.272014617919922 0.2741546332836151 5.966809272766113 
v 24.288372039794922 0.27395036816596985 6.011979103088379 
v 24.319486618041992 0.2741546332836151 6.049437522888184 
v 24.364957809448242 0.274461030960083 6.081387042999268 
v 24.42458724975586 0.27456316351890564 6.113336563110352 
v 24.491334915161133 0.27456316351890564 6.144184589385986 
v 24.55828094482422 0.27456316351890564 6.17613410949707 
v 24.621030807495117 0.274461030960083 6.201473236083984 
v 24.675060272216797 0.2741546332836151 6.214694023132324 
v 24.72309112548828 0.27395036816596985 6.214694023132324 
v 24.76788330078125 0.2741546332836151 6.1981682777404785 
v 24.836790084838867 0.27445676922798157 6.143082618713379 
v 24.95728874206543 0.2745503783226013 6.024097919464111 
v 25.098142623901367 0.2745376229286194 5.862146854400635 
v 25.22815704345703 0.2745290994644165 5.678161144256592 
v 25.339017868041992 0.2745290994644165 5.475446701049805 
v 25.422561645507812 0.2745290994644165 5.260612964630127 
v 25.480310440063477 0.2745418846607208 5.042474746704102 
v 25.513704299926758 0.2745503783226013 4.8298444747924805 
v 25.527341842651367 0.27445676922798157 4.660181045532227 
v 25.52578353881836 0.2741546332836151 4.572044372558594 
v 25.50942611694336 0.27395036816596985 4.527976036071777 
v 25.4786319732666 0.2741546332836151 4.49161958694458 
v 25.433359146118164 0.274461030960083 4.459670066833496 
v 25.373531341552734 0.27456316351890564 4.427720546722412 
v 25.306583404541016 0.27456316351890564 4.39577054977417 
v 25.239835739135742 0.27456316351890564 4.364923000335693 
v 25.177288055419922 0.274461030960083 4.339583396911621 
v 25.123056411743164 0.2741546332836151 4.3263630867004395 
v 25.074865341186523 0.27395036816596985 4.325261116027832 
v 25.072505950927734 0.2557409405708313 4.3131422996521 
v 25.023635864257812 0.2557920217514038 4.329668045043945 
v 24.951568603515625 0.25586435198783875 4.385855197906494 
v 24.82923126220703 0.255889892578125 4.505941867828369 
v 24.687257766723633 0.25588563084602356 4.668994903564453 
v 24.556241989135742 0.25588563084602356 4.8551836013793945 
v 24.444503784179688 0.25588563084602356 5.059000015258789 
v 24.360279083251953 0.25588563084602356 5.274935245513916 
v 24.30208969116211 0.25588563084602356 5.494175434112549 
v 24.268495559692383 0.255889892578125 5.707907199859619 
v 24.255298614501953 0.25586435198783875 5.877570629119873 
v 24.258377075195312 0.2557920217514038 5.970114231109619 
v 24.276973724365234 0.2557409405708313 6.018589496612549 
v 24.310407638549805 0.2557920217514038 6.059352874755859 
v 24.35767936706543 0.2558686137199402 6.095709323883057 
v 24.41786766052246 0.25589415431022644 6.127658843994141 
v 24.484615325927734 0.25589415431022644 6.158506870269775 
v 24.551603317260742 0.25589415431022644 6.190456390380859 
v 24.61543083190918 0.2558686137199402 6.215795516967773 
v 24.672901153564453 0.2557920217514038 6.229016304016113 
v 24.72545051574707 0.2557409405708313 6.227914333343506 
v 24.774721145629883 0.2557920217514038 6.210287094116211 
v 24.847148895263672 0.25586435198783875 6.154099941253662 
v 24.969125747680664 0.255889892578125 6.034013748168945 
v 25.110620498657227 0.25588563084602356 5.8720622062683105 
v 25.241436004638672 0.25588563084602356 5.685873031616211 
v 25.353214263916016 0.2558813691139221 5.482056617736816 
v 25.43743896484375 0.25588563084602356 5.266121864318848 
v 25.495668411254883 0.25588563084602356 5.045779705047607 
v 25.5293025970459 0.255889892578125 4.832047939300537 
v 25.542539596557617 0.25586435198783875 4.661283016204834 
v 25.53942108154297 0.2557920217514038 4.569840908050537 
v 25.520864486694336 0.2557409405708313 4.521365642547607 
v 25.487709045410156 0.2557920217514038 4.481704235076904 
v 25.440637588500977 0.2558686137199402 4.445347785949707 
v 25.3802490234375 0.25589415431022644 4.413398265838623 
v 25.313262939453125 0.25589415431022644 4.381448745727539 
v 25.24651527404785 0.25589415431022644 4.350600719451904 
v 25.182886123657227 0.2558686137199402 4.325261116027832 
v 25.12521743774414 0.2557920217514038 4.31204080581665 
v 25.186044692993164 0.23228871822357178 4.317549228668213 
v 25.12641716003418 0.23228871822357178 4.304328918457031 
v 25.071067810058594 0.23228871822357178 4.304328918457031 
v 25.019636154174805 0.23228871822357178 4.321956157684326 
v 24.94561004638672 0.23228871822357178 4.379245281219482 
v 24.8223934173584 0.23228871822357178 4.499331474304199 
v 24.6800594329834 0.23228871822357178 4.663486480712891 
v 24.548603057861328 0.23228871822357178 4.849675178527832 
v 24.436344146728516 0.23228871822357178 5.054593086242676 
v 24.351720809936523 0.23228871822357178 5.272731781005859 
v 24.293251037597656 0.23228871822357178 5.4930739402771 
v 24.259496688842773 0.23228871822357178 5.7057037353515625 
v 24.24650001525879 0.23228871822357178 5.877570629119873 
v 24.250259399414062 0.23228871822357178 5.971216201782227 
v 24.270015716552734 0.23228871822357178 6.022996425628662 
v 24.304887771606445 0.23228871822357178 6.065963268280029 
v 24.3533992767334 0.23228871822357178 6.103421211242676 
v 24.41402816772461 0.23228871822357178 6.136472702026367 
v 24.480775833129883 0.23228871822357178 6.167320251464844 
v 24.5477237701416 0.23228871822357178 6.1981682777404785 
v 24.546524047851562 0.20532143115997314 6.201473236083984 
v 24.61127281188965 0.20532143115997314 6.225710868835449 
v 24.612272262573242 0.17655830085277557 6.223507404327393 
v 24.671701431274414 0.17655830085277557 6.236728191375732 
v 24.672380447387695 0.14689725637435913 6.23121976852417 
v 24.72593116760254 0.14689725637435913 6.2301177978515625 
v 25.18704605102539 0.20532143115997314 4.314244270324707 
v 25.12677574157715 0.20532143115997314 4.301023483276367 
v 25.070587158203125 0.20532143115997314 4.302125453948975 
v 25.018356323242188 0.20532143115997314 4.3197526931762695 
v 24.9437313079834 0.20532143115997314 4.377041816711426 
v 24.82027244567871 0.20532143115997314 4.49822998046875 
v 24.677780151367188 0.20532143115997314 4.661283016204834 
v 24.54616355895996 0.20532143115997314 4.848573684692383 
v 24.433744430541992 0.20532143115997314 5.053491592407227 
v 24.349000930786133 0.20532143115997314 5.27163028717041 
v 24.290451049804688 0.20532143115997314 5.491971969604492 
v 24.25665855407715 0.20532143115997314 5.7057037353515625 
v 24.24370002746582 0.20532143115997314 5.877570629119873 
v 24.24757957458496 0.20532143115997314 5.972317695617676 
v 24.267616271972656 0.20532143115997314 6.024097919464111 
v 24.303049087524414 0.20532143115997314 6.068166732788086 
v 24.352039337158203 0.20532143115997314 6.105624675750732 
v 24.41282844543457 0.20532143115997314 6.138676166534424 
v 24.479576110839844 0.20532143115997314 6.1695237159729 
v 24.5477237701416 0.17655830085277557 6.1981682777404785 
v 24.61427116394043 0.14689725637435913 6.21799898147583 
v 25.186044692993164 0.17655830085277557 4.317549228668213 
v 25.12641716003418 0.17655830085277557 4.304328918457031 
v 25.071067810058594 0.17655830085277557 4.304328918457031 
v 25.019636154174805 0.17655830085277557 4.321956157684326 
v 24.94561004638672 0.17655830085277557 4.379245281219482 
v 24.8223934173584 0.17655830085277557 4.499331474304199 
v 24.6800594329834 0.17655830085277557 4.663486480712891 
v 24.548603057861328 0.17655830085277557 4.849675178527832 
v 24.436344146728516 0.17655830085277557 5.054593086242676 
v 24.351720809936523 0.17655830085277557 5.272731781005859 
v 24.293251037597656 0.17655830085277557 5.4930739402771 
v 24.259496688842773 0.17655830085277557 5.7057037353515625 
v 24.24650001525879 0.17655830085277557 5.877570629119873 
v 24.250259399414062 0.17655830085277557 5.971216201782227 
v 24.270015716552734 0.17655830085277557 6.022996425628662 
v 24.304887771606445 0.17655830085277557 6.065963268280029 
v 24.3533992767334 0.17655830085277557 6.103421211242676 
v 24.41402816772461 0.17655830085277557 6.136472702026367 
v 24.480775833129883 0.17655830085277557 6.167320251464844 
v 24.55016326904297 0.14689725637435913 6.192659854888916 
v 25.184045791625977 0.14689725637435913 4.323057651519775 
v 25.125736236572266 0.14689725637435913 4.309837341308594 
v 25.072067260742188 0.14689725637435913 4.309837341308594 
v 25.022235870361328 0.14689725637435913 4.327464580535889 
v 24.949369430541992 0.14689725637435913 4.3836517333984375 
v 24.826711654663086 0.14689725637435913 4.5037384033203125 
v 24.68457794189453 0.14689725637435913 4.6667914390563965 
v 24.553442001342773 0.14689725637435913 4.852980613708496 
v 24.441503524780273 0.14689725637435913 5.056796550750732 
v 24.357118606567383 0.14689725637435913 5.273833751678467 
v 24.298809051513672 0.14689725637435913 5.494175434112549 
v 24.26517677307129 0.14689725637435913 5.70680570602417 
v 24.252098083496094 0.14689725637435913 5.877570629119873 
v 24.255617141723633 0.14689725637435913 5.970114231109619 
v 24.2747745513916 0.14689725637435913 6.019691467285156 
v 24.30860710144043 0.14689725637435913 6.061556339263916 
v 24.356159210205078 0.14689725637435913 6.097912788391113 
v 24.416427612304688 0.14689725637435913 6.1309638023376465 
v 24.48321533203125 0.14689725637435913 6.161811828613281 
v 25.25035285949707 0.17655830085277557 4.342888832092285 
v 25.2515926361084 0.20532143115997314 4.339583396911621 
v 25.318340301513672 0.20532143115997314 4.371532917022705 
v 25.317140579223633 0.23228871822357178 4.373736381530762 
v 25.38528823852539 0.20532143115997314 4.40238094329834 
v 25.38408851623535 0.23228871822357178 4.4045844078063965 
v 25.446277618408203 0.20532143115997314 4.435432434082031 
v 25.444917678833008 0.23228871822357178 4.437635898590088 
v 25.495067596435547 0.20532143115997314 4.472890377044678 
v 25.493228912353516 0.23228871822357178 4.475093841552734 
v 25.530181884765625 0.20532143115997314 4.516958713531494 
v 25.527822494506836 0.23228871822357178 4.518060684204102 
v 25.54753875732422 0.23228871822357178 4.568739414215088 
v 25.55133819580078 0.23228871822357178 4.661283016204834 
v 25.538299560546875 0.23228871822357178 4.833149433135986 
v 25.504467010498047 0.23228871822357178 5.047983169555664 
v 25.44599723815918 0.23228871822357178 5.268324851989746 
v 25.361373901367188 0.23228871822357178 5.48646354675293 
v 25.249113082885742 0.23228871822357178 5.690279960632324 
v 25.11781883239746 0.23228871822357178 5.877570629119873 
v 24.975963592529297 0.23228871822357178 6.040623664855957 
v 24.853107452392578 0.23228871822357178 6.160710334777832 
v 24.77872085571289 0.23228871822357178 6.21799898147583 
v 24.726890563964844 0.23228871822357178 6.235626220703125 
v 24.671701431274414 0.23228871822357178 6.236728191375732 
v 24.612272262573242 0.23228871822357178 6.223507404327393 
v 24.671340942382812 0.20532143115997314 6.240033149719238 
v 24.727371215820312 0.20532143115997314 6.237829685211182 
v 24.780000686645508 0.20532143115997314 6.220202445983887 
v 24.8549861907959 0.20532143115997314 6.162913799285889 
v 24.978124618530273 0.20532143115997314 6.0417256355285645 
v 25.120058059692383 0.20532143115997314 5.8786725997924805 
v 25.25155258178711 0.20532143115997314 5.692483425140381 
v 25.363933563232422 0.20532143115997314 5.487565517425537 
v 25.44871711730957 0.20532143115997314 5.2694268226623535 
v 25.507266998291016 0.20532143115997314 5.047983169555664 
v 25.541139602661133 0.20532143115997314 4.834251403808594 
v 25.55413818359375 0.20532143115997314 4.662384510040283 
v 25.55017852783203 0.20532143115997314 4.5676374435424805 
v 24.726890563964844 0.17655830085277557 6.235626220703125 
v 24.77872085571289 0.17655830085277557 6.21799898147583 
v 24.853107452392578 0.17655830085277557 6.160710334777832 
v 24.975963592529297 0.17655830085277557 6.040623664855957 
v 25.11781883239746 0.17655830085277557 5.877570629119873 
v 25.249113082885742 0.17655830085277557 5.690279960632324 
v 25.361373901367188 0.17655830085277557 5.48646354675293 
v 25.44599723815918 0.17655830085277557 5.268324851989746 
v 25.504467010498047 0.17655830085277557 5.047983169555664 
v 25.538299560546875 0.17655830085277557 4.833149433135986 
v 25.55133819580078 0.17655830085277557 4.661283016204834 
v 25.54753875732422 0.17655830085277557 4.568739414215088 
v 25.527822494506836 0.17655830085277557 4.518060684204102 
v 24.776161193847656 0.14689725637435913 6.212490558624268 
v 24.849308013916016 0.14689725637435913 6.156303405761719 
v 24.97164535522461 0.14689725637435913 6.036216735839844 
v 25.113258361816406 0.14689725637435913 5.87316370010376 
v 25.244274139404297 0.14689725637435913 5.688076496124268 
v 25.35621452331543 0.14689725637435913 5.483158588409424 
v 25.44059944152832 0.14689725637435913 5.266121864318848 
v 25.4989070892334 0.14689725637435913 5.046881198883057 
v 25.532621383666992 0.14689725637435913 4.833149433135986 
v 25.545738220214844 0.14689725637435913 4.661283016204834 
v 25.542179107666016 0.14689725637435913 4.569840908050537 
v 25.52306365966797 0.14689725637435913 4.520264148712158 
v 25.493228912353516 0.17655830085277557 4.475093841552734 
v 25.48950958251953 0.14689725637435913 4.479500770568848 
v 25.444917678833008 0.17655830085277557 4.437635898590088 
v 25.442157745361328 0.14689725637435913 4.44314432144165 
v 25.38408851623535 0.17655830085277557 4.4045844078063965 
v 25.381649017333984 0.14689725637435913 4.410092830657959 
v 25.317140579223633 0.17655830085277557 4.373736381530762 
v 25.314701080322266 0.14689725637435913 4.379245281219482 
v 25.247953414916992 0.14689725637435913 4.34729528427124 
v 25.25035285949707 0.23228871822357178 4.342888832092285 
v 24.441503524780273 0.14689725637435913 -28.677562713623047 
v 24.351720809936523 0.17655830085277557 -28.892396926879883 
v 24.357118606567383 0.14689725637435913 -28.89459991455078 
v 24.293251037597656 0.17655830085277557 -29.113840103149414 
v 24.298809051513672 0.14689725637435913 -29.11494255065918 
v 24.259496688842773 0.17655830085277557 -29.32647132873535 
v 24.26517677307129 0.14689725637435913 -29.327571868896484 
v 24.24650001525879 0.17655830085277557 -29.498336791992188 
v 24.252098083496094 0.14689725637435913 -29.498336791992188 
v 24.250259399414062 0.17655830085277557 -29.591981887817383 
v 24.255617141723633 0.14689725637435913 -29.59088134765625 
v 24.270015716552734 0.17655830085277557 -29.643762588500977 
v 24.2747745513916 0.14689725637435913 -29.640457153320312 
v 24.304887771606445 0.17655830085277557 -29.686729431152344 
v 24.30860710144043 0.14689725637435913 -29.682323455810547 
v 24.3533992767334 0.17655830085277557 -29.723085403442383 
v 24.356159210205078 0.14689725637435913 -29.718679428100586 
v 24.41402816772461 0.17655830085277557 -29.757238388061523 
v 24.416427612304688 0.14689725637435913 -29.75172996520996 
v 24.480775833129883 0.17655830085277557 -29.788087844848633 
v 24.48321533203125 0.14689725637435913 -29.78257942199707 
v 24.55016326904297 0.14689725637435913 -29.813426971435547 
v 24.290451049804688 0.20532143115997314 -29.11273956298828 
v 24.25665855407715 0.20532143115997314 -29.32647132873535 
v 24.24370002746582 0.20532143115997314 -29.498336791992188 
v 24.24757957458496 0.20532143115997314 -29.59308433532715 
v 24.267616271972656 0.20532143115997314 -29.644865036010742 
v 24.303049087524414 0.20532143115997314 -29.688932418823242 
v 24.352039337158203 0.20532143115997314 -29.726390838623047 
v 24.41282844543457 0.20532143115997314 -29.759443283081055 
v 24.479576110839844 0.20532143115997314 -29.79029083251953 
v 24.5477237701416 0.17655830085277557 -29.81893539428711 
v 24.61427116394043 0.14689725637435913 -29.83876609802246 
v 24.259496688842773 0.23228871822357178 -29.32647132873535 
v 24.24650001525879 0.23228871822357178 -29.498336791992188 
v 24.250259399414062 0.23228871822357178 -29.591981887817383 
v 24.270015716552734 0.23228871822357178 -29.643762588500977 
v 24.304887771606445 0.23228871822357178 -29.686729431152344 
v 24.3533992767334 0.23228871822357178 -29.723085403442383 
v 24.41402816772461 0.23228871822357178 -29.757238388061523 
v 24.480775833129883 0.23228871822357178 -29.788087844848633 
v 24.546524047851562 0.20532143115997314 -29.821138381958008 
v 24.612272262573242 0.17655830085277557 -29.844274520874023 
v 24.672380447387695 0.14689725637435913 -29.851985931396484 
v 24.255298614501953 0.25586435198783875 -29.498336791992188 
v 24.258377075195312 0.2557920217514038 -29.59088134765625 
v 24.276973724365234 0.2557409405708313 -29.63935661315918 
v 24.310407638549805 0.2557920217514038 -29.68012046813965 
v 24.35767936706543 0.2558686137199402 -29.715373992919922 
v 24.41786766052246 0.25589415431022644 -29.74842643737793 
v 24.484615325927734 0.25589415431022644 -29.779273986816406 
v 24.5477237701416 0.23228871822357178 -29.81893539428711 
v 24.61127281188965 0.20532143115997314 -29.846477508544922 
v 24.671701431274414 0.17655830085277557 -29.857494354248047 
v 24.72593116760254 0.14689725637435913 -29.85088539123535 
v 24.491334915161133 0.27456316351890564 -29.764951705932617 
v 24.55828094482422 0.27456316351890564 -29.79690170288086 
v 24.551603317260742 0.25589415431022644 -29.81122398376465 
v 24.621030807495117 0.274461030960083 -29.822240829467773 
v 24.61543083190918 0.2558686137199402 -29.836563110351562 
v 24.675060272216797 0.2741546332836151 -29.835460662841797 
v 24.672901153564453 0.2557920217514038 -29.849782943725586 
v 24.72309112548828 0.27395036816596985 -29.835460662841797 
v 24.72545051574707 0.2557409405708313 -29.84868049621582 
v 24.76788330078125 0.2741546332836151 -29.81893539428711 
v 24.774721145629883 0.2557920217514038 -29.8310546875 
v 24.836790084838867 0.27445676922798157 -29.76384925842285 
v 24.847148895263672 0.25586435198783875 -29.774866104125977 
v 24.95728874206543 0.2745503783226013 -29.644865036010742 
v 24.969125747680664 0.255889892578125 -29.6547794342041 
v 25.098142623901367 0.2745376229286194 -29.482913970947266 
v 25.110620498657227 0.25588563084602356 -29.492828369140625 
v 25.22815704345703 0.2745290994644165 -29.297826766967773 
v 25.241436004638672 0.25588563084602356 -29.306640625 
v 25.339017868041992 0.2745290994644165 -29.09621238708496 
v 25.353214263916016 0.2558813691139221 -29.10282325744629 
v 25.422561645507812 0.2745290994644165 -28.881380081176758 
v 25.43743896484375 0.25588563084602356 -28.885786056518555 
v 25.480310440063477 0.2745418846607208 -28.663240432739258 
v 25.495668411254883 0.25588563084602356 -28.666545867919922 
v 25.513704299926758 0.2745503783226013 -28.450611114501953 
v 25.5293025970459 0.255889892578125 -28.45281410217285 
v 25.527341842651367 0.27445676922798157 -28.280948638916016 
v 25.542539596557617 0.25586435198783875 -28.28204917907715 
v 25.52578353881836 0.2741546332836151 -28.192811965942383 
v 25.53942108154297 0.2557920217514038 -28.19060707092285 
v 25.50942611694336 0.27395036816596985 -28.14874267578125 
v 25.520864486694336 0.2557409405708313 -28.142131805419922 
v 25.4786319732666 0.2741546332836151 -28.11238670349121 
v 25.487709045410156 0.2557920217514038 -28.101369857788086 
v 25.433359146118164 0.274461030960083 -28.079334259033203 
v 25.440637588500977 0.2558686137199402 -28.06611442565918 
v 25.373531341552734 0.27456316351890564 -28.048486709594727 
v 25.3802490234375 0.25589415431022644 -28.034164428710938 
v 25.306583404541016 0.27456316351890564 -28.016536712646484 
v 25.313262939453125 0.25589415431022644 -28.002214431762695 
v 25.239835739135742 0.27456316351890564 -27.985689163208008 
v 25.24651527404785 0.25589415431022644 -27.97136688232422 
v 25.177288055419922 0.274461030960083 -27.960350036621094 
v 25.182886123657227 0.2558686137199402 -27.946027755737305 
v 25.123056411743164 0.2741546332836151 -27.946027755737305 
v 25.12521743774414 0.2557920217514038 -27.93280792236328 
v 25.074865341186523 0.27395036816596985 -27.946027755737305 
v 25.072505950927734 0.2557409405708313 -27.933908462524414 
v 25.030513763427734 0.2741546332836151 -27.962553024291992 
v 25.023635864257812 0.2557920217514038 -27.950435638427734 
v 24.96192741394043 0.27445676922798157 -28.01763916015625 
v 24.951568603515625 0.25586435198783875 -28.006622314453125 
v 24.8410701751709 0.2745503783226013 -28.13662338256836 
v 24.82923126220703 0.255889892578125 -28.126708984375 
v 24.699695587158203 0.2745418846607208 -28.298574447631836 
v 24.687257766723633 0.25588563084602356 -28.28976058959961 
v 24.56955909729004 0.27453336119651794 -28.483661651611328 
v 24.556241989135742 0.25588563084602356 -28.475950241088867 
v 24.458660125732422 0.2745290994644165 -28.68527603149414 
v 24.444503784179688 0.25588563084602356 -28.678665161132812 
v 24.3751163482666 0.27453336119651794 -28.900108337402344 
v 24.360279083251953 0.25588563084602356 -28.895702362060547 
v 24.317405700683594 0.2745418846607208 -29.118247985839844 
v 24.30208969116211 0.25588563084602356 -29.11494255065918 
v 24.28409194946289 0.2745503783226013 -29.33087730407715 
v 24.268495559692383 0.255889892578125 -29.32867431640625 
v 24.27049446105957 0.27445676922798157 -29.499439239501953 
v 24.272014617919922 0.2741546332836151 -29.587575912475586 
v 24.288372039794922 0.27395036816596985 -29.63274574279785 
v 24.319486618041992 0.2741546332836151 -29.670204162597656 
v 24.364957809448242 0.274461030960083 -29.7021541595459 
v 24.42458724975586 0.27456316351890564 -29.73410415649414 
v 24.50077247619629 0.2856062650680542 -29.745121002197266 
v 24.567720413208008 0.2856062650680542 -29.775968551635742 
v 24.628868103027344 0.28545305132865906 -29.802410125732422 
v 24.678138732910156 0.28499770164489746 -29.81673240661621 
v 24.719812393188477 0.28469130396842957 -29.817832946777344 
v 24.75824546813965 0.28499770164489746 -29.802410125732422 
v 24.822233200073242 0.2854487895965576 -29.747323989868164 
v 24.940610885620117 0.2855892479419708 -29.629440307617188 
v 25.080585479736328 0.28557220101356506 -29.46969223022461 
v 25.209402084350586 0.28555944561958313 -29.28680992126465 
v 25.319101333618164 0.2855551838874817 -29.087400436401367 
v 25.40168571472168 0.28555944561958313 -28.87476921081543 
v 25.458675384521484 0.28557220101356506 -28.65883445739746 
v 25.491708755493164 0.2855892479419708 -28.44730567932129 
v 25.5059871673584 0.2854487895965576 -28.27984619140625 
v 25.506746292114258 0.28499770164489746 -28.196115493774414 
v 25.493589401245117 0.28469130396842957 -28.157556533813477 
v 25.465993881225586 0.28499770164489746 -28.126708984375 
v 25.42312240600586 0.28545305132865906 -28.099164962768555 
v 25.364091873168945 0.2856062650680542 -28.068317413330078 
v 25.29714584350586 0.2856062650680542 -28.0374698638916 
v 25.230398178100586 0.2856062650680542 -28.00551986694336 
v 25.169448852539062 0.28545305132865906 -27.980180740356445 
v 25.119977951049805 0.28499770164489746 -27.965858459472656 
v 25.07814598083496 0.28469130396842957 -27.964757919311523 
v 25.04011344909668 0.28499770164489746 -27.979080200195312 
v 24.976484298706055 0.2854487895965576 -28.033063888549805 
v 24.857746124267578 0.2855892479419708 -28.152048110961914 
v 24.717252731323242 0.28557220101356506 -28.312896728515625 
v 24.588275909423828 0.28555944561958313 -28.494680404663086 
v 24.47861671447754 0.2855551838874817 -28.6951904296875 
v 24.396032333374023 0.28555944561958313 -28.907821655273438 
v 24.33904266357422 0.28557220101356506 -29.123756408691406 
v 24.306089401245117 0.2855892479419708 -29.334182739257812 
v 24.29189109802246 0.2854487895965576 -29.50054168701172 
v 24.291011810302734 0.28499770164489746 -29.584270477294922 
v 24.304208755493164 0.28469130396842957 -29.623931884765625 
v 24.332122802734375 0.28499770164489746 -29.6547794342041 
v 24.37519645690918 0.28545305132865906 -29.68342399597168 
v 24.434024810791016 0.2856062650680542 -29.71427345275879 
v 24.51280975341797 0.286338210105896 -29.718679428100586 
v 24.579797744750977 0.286338210105896 -29.750629425048828 
v 24.638906478881836 0.28623607754707336 -29.775968551635742 
v 24.682098388671875 0.28592967987060547 -29.79249382019043 
v 24.715652465820312 0.2857254147529602 -29.794696807861328 
v 24.745967864990234 0.28592967987060547 -29.781476974487305 
v 24.80359649658203 0.2862318158149719 -29.727493286132812 
v 24.919294357299805 0.28632545471191406 -29.6107120513916 
v 25.058149337768555 0.28631266951560974 -29.45206642150879 
v 25.18548583984375 0.28630417585372925 -29.27248764038086 
v 25.2935848236084 0.2862999141216278 -29.075281143188477 
v 25.37493133544922 0.28630417585372925 -28.865955352783203 
v 25.431079864501953 0.28631266951560974 -28.652223587036133 
v 25.463594436645508 0.28632545471191406 -28.442899703979492 
v 25.47867202758789 0.2862318158149719 -28.278743743896484 
v 25.482431411743164 0.28592967987060547 -28.200523376464844 
v 25.473392486572266 0.2857254147529602 -28.169675827026367 
v 25.44983673095703 0.28592967987060547 -28.145437240600586 
v 25.410043716430664 0.28623607754707336 -28.12230110168457 
v 25.352054595947266 0.286338210105896 -28.094758987426758 
v 25.285066604614258 0.286338210105896 -28.062808990478516 
v 25.218318939208984 0.286338210105896 -28.03196144104004 
v 25.15941047668457 0.28623607754707336 -28.00551986694336 
v 25.116018295288086 0.28592967987060547 -27.990097045898438 
v 25.082304000854492 0.2857254147529602 -27.986791610717773 
v 25.052431106567383 0.28592967987060547 -28.000011444091797 
v 24.995080947875977 0.2862318158149719 -28.052894592285156 
v 24.87910270690918 0.28632545471191406 -28.1707763671875 
v 24.739688873291016 0.28631266951560974 -28.329423904418945 
v 24.612232208251953 0.28630417585372925 -28.510103225708008 
v 24.504091262817383 0.2862999141216278 -28.70730972290039 
v 24.422746658325195 0.28630417585372925 -28.91663360595703 
v 24.36663818359375 0.28631266951560974 -29.12926483154297 
v 24.334203720092773 0.28632545471191406 -29.33858871459961 
v 24.31916618347168 0.2862318158149719 -29.50164222717285 
v 24.315326690673828 0.28592967987060547 -29.579864501953125 
v 24.324445724487305 0.2857254147529602 -29.611812591552734 
v 24.34823989868164 0.28592967987060547 -29.636051177978516 
v 24.38831329345703 0.28623607754707336 -29.65918731689453 
v 24.446062088012695 0.286338210105896 -29.68783187866211 
v 24.526206970214844 0.28190821409225464 -29.690034866333008 
v 24.593154907226562 0.28190821409225464 -29.72198486328125 
v 24.6500244140625 0.28190821409225464 -29.74842643737793 
v 24.686458587646484 0.28190821409225464 -29.764951705932617 
v 24.711013793945312 0.28190821409225464 -29.769357681274414 
v 24.732330322265625 0.28190821409225464 -29.757238388061523 
v 24.782960891723633 0.28190821409225464 -29.705459594726562 
v 24.895618438720703 0.28190821409225464 -29.589778900146484 
v 25.033273696899414 0.28190821409225464 -29.43333625793457 
v 25.1589298248291 0.28190821409225464 -29.25596046447754 
v 25.265310287475586 0.28190821409225464 -29.06205940246582 
v 25.34529685974121 0.28190821409225464 -28.856040954589844 
v 25.40044593811035 0.28190821409225464 -28.645614624023438 
v 25.43243980407715 0.28190821409225464 -28.438491821289062 
v 25.448396682739258 0.28190821409225464 -28.27764320373535 
v 25.455474853515625 0.28190821409225464 -28.206031799316406 
v 25.450956344604492 0.28190821409225464 -28.181793212890625 
v 25.431961059570312 0.28190821409225464 -28.166370391845703 
v 25.395526885986328 0.28190821409225464 -28.149845123291016 
v 25.33865737915039 0.28190821409225464 -28.123403549194336 
v 25.271709442138672 0.28190821409225464 -28.091453552246094 
v 25.2049617767334 0.28190821409225464 -28.060606002807617 
v 25.148292541503906 0.28190821409225464 -28.034164428710938 
v 25.11166000366211 0.28190821409225464 -28.016536712646484 
v 25.086944580078125 0.28190821409225464 -28.012130737304688 
v 25.066068649291992 0.28190821409225464 -28.024250030517578 
v 25.015716552734375 0.28190821409225464 -28.076030731201172 
v 24.902738571166992 0.28190821409225464 -28.191709518432617 
v 24.764564514160156 0.28190821409225464 -28.349254608154297 
v 24.63878631591797 0.28190821409225464 -28.526628494262695 
v 24.532365798950195 0.28190821409225464 -28.720529556274414 
v 24.452421188354492 0.28190821409225464 -28.926549911499023 
v 24.39727210998535 0.28190821409225464 -29.135875701904297 
v 24.365358352661133 0.28190821409225464 -29.34299659729004 
v 24.34947967529297 0.28190821409225464 -29.502744674682617 
v 24.342321395874023 0.28190821409225464 -29.575456619262695 
v 24.346879959106445 0.28190821409225464 -29.599695205688477 
v 24.36615753173828 0.28190821409225464 -29.616220474243164 
v 24.402790069580078 0.28190821409225464 -29.63274574279785 
v 24.45945930480957 0.28190821409225464 -29.65918731689453 
v 24.612272262573242 0.23228871822357178 -29.844274520874023 
v 24.671340942382812 0.20532143115997314 -29.859697341918945 
v 24.726890563964844 0.17655830085277557 -29.856393814086914 
v 24.776161193847656 0.14689725637435913 -29.8332576751709 
v 24.671701431274414 0.23228871822357178 -29.857494354248047 
v 24.727371215820312 0.20532143115997314 -29.858596801757812 
v 24.77872085571289 0.17655830085277557 -29.83876609802246 
v 24.849308013916016 0.14689725637435913 -29.777069091796875 
v 24.726890563964844 0.23228871822357178 -29.856393814086914 
v 24.780000686645508 0.20532143115997314 -29.84096908569336 
v 24.853107452392578 0.17655830085277557 -29.781476974487305 
v 24.97164535522461 0.14689725637435913 -29.656984329223633 
v 24.77872085571289 0.23228871822357178 -29.83876609802246 
v 24.8549861907959 0.20532143115997314 -29.78257942199707 
v 24.975963592529297 0.17655830085277557 -29.66139030456543 
v 25.113258361816406 0.14689725637435913 -29.49393081665039 
v 24.853107452392578 0.23228871822357178 -29.781476974487305 
v 24.978124618530273 0.20532143115997314 -29.662492752075195 
v 25.11781883239746 0.17655830085277557 -29.498336791992188 
v 25.244274139404297 0.14689725637435913 -29.3088436126709 
v 24.975963592529297 0.23228871822357178 -29.66139030456543 
v 25.120058059692383 0.20532143115997314 -29.499439239501953 
v 25.249113082885742 0.17655830085277557 -29.311046600341797 
v 25.35621452331543 0.14689725637435913 -29.103925704956055 
v 25.11781883239746 0.23228871822357178 -29.498336791992188 
v 25.25155258178711 0.20532143115997314 -29.313249588012695 
v 25.361373901367188 0.17655830085277557 -29.106128692626953 
v 25.44059944152832 0.14689725637435913 -28.88688850402832 
v 25.249113082885742 0.23228871822357178 -29.311046600341797 
v 25.363933563232422 0.20532143115997314 -29.10833168029785 
v 25.44599723815918 0.17655830085277557 -28.88909149169922 
v 25.4989070892334 0.14689725637435913 -28.667648315429688 
v 25.361373901367188 0.23228871822357178 -29.106128692626953 
v 25.44871711730957 0.20532143115997314 -28.890193939208984 
v 25.504467010498047 0.17655830085277557 -28.66874885559082 
v 25.532621383666992 0.14689725637435913 -28.453916549682617 
v 25.44599723815918 0.23228871822357178 -28.88909149169922 
v 25.507266998291016 0.20532143115997314 -28.66874885559082 
v 25.538299560546875 0.17655830085277557 -28.453916549682617 
v 25.545738220214844 0.14689725637435913 -28.28204917907715 
v 25.504467010498047 0.23228871822357178 -28.66874885559082 
v 25.541139602661133 0.20532143115997314 -28.45501708984375 
v 25.55133819580078 0.17655830085277557 -28.28204917907715 
v 25.542179107666016 0.14689725637435913 -28.19060707092285 
v 25.538299560546875 0.23228871822357178 -28.453916549682617 
v 25.55413818359375 0.20532143115997314 -28.28204917907715 
v 25.54753875732422 0.17655830085277557 -28.18950653076172 
v 25.52306365966797 0.14689725637435913 -28.14103126525879 
v 25.55133819580078 0.23228871822357178 -28.28204917907715 
v 25.55017852783203 0.20532143115997314 -28.188404083251953 
v 25.527822494506836 0.17655830085277557 -28.138826370239258 
v 25.493228912353516 0.17655830085277557 -28.095861434936523 
v 25.48950958251953 0.14689725637435913 -28.10026741027832 
v 25.444917678833008 0.17655830085277557 -28.05840301513672 
v 25.442157745361328 0.14689725637435913 -28.06391143798828 
v 25.38408851623535 0.17655830085277557 -28.02535057067871 
v 25.381649017333984 0.14689725637435913 -28.030858993530273 
v 25.317140579223633 0.17655830085277557 -27.994503021240234 
v 25.314701080322266 0.14689725637435913 -28.000011444091797 
v 25.247953414916992 0.14689725637435913 -27.968061447143555 
v 25.54753875732422 0.23228871822357178 -28.18950653076172 
v 25.530181884765625 0.20532143115997314 -28.137725830078125 
v 25.495067596435547 0.20532143115997314 -28.093656539916992 
v 25.446277618408203 0.20532143115997314 -28.056198120117188 
v 25.38528823852539 0.20532143115997314 -28.023147583007812 
v 25.318340301513672 0.20532143115997314 -27.99119758605957 
v 25.25035285949707 0.17655830085277557 -27.963655471801758 
v 25.184045791625977 0.14689725637435913 -27.94272232055664 
v 25.527822494506836 0.23228871822357178 -28.138826370239258 
v 25.493228912353516 0.23228871822357178 -28.095861434936523 
v 25.444917678833008 0.23228871822357178 -28.05840301513672 
v 25.38408851623535 0.23228871822357178 -28.02535057067871 
v 25.317140579223633 0.23228871822357178 -27.994503021240234 
v 25.2515926361084 0.20532143115997314 -27.960350036621094 
v 25.186044692993164 0.17655830085277557 -27.938316345214844 
v 25.12641716003418 0.17655830085277557 -27.925094604492188 
v 25.125736236572266 0.14689725637435913 -27.930604934692383 
v 25.071067810058594 0.17655830085277557 -27.925094604492188 
v 25.072067260742188 0.14689725637435913 -27.930604934692383 
v 25.019636154174805 0.17655830085277557 -27.94272232055664 
v 25.022235870361328 0.14689725637435913 -27.948230743408203 
v 24.94561004638672 0.17655830085277557 -28.000011444091797 
v 24.949369430541992 0.14689725637435913 -28.004419326782227 
v 24.8223934173584 0.17655830085277557 -28.120098114013672 
v 24.826711654663086 0.14689725637435913 -28.12450408935547 
v 24.6800594329834 0.17655830085277557 -28.284252166748047 
v 24.68457794189453 0.14689725637435913 -28.28755760192871 
v 24.548603057861328 0.17655830085277557 -28.470441818237305 
v 24.553442001342773 0.14689725637435913 -28.47374725341797 
v 24.436344146728516 0.17655830085277557 -28.67535972595215 
v 25.25035285949707 0.23228871822357178 -27.963655471801758 
v 25.18704605102539 0.20532143115997314 -27.93501091003418 
v 25.12677574157715 0.20532143115997314 -27.921791076660156 
v 25.070587158203125 0.20532143115997314 -27.92289161682129 
v 25.018356323242188 0.20532143115997314 -27.940519332885742 
v 24.9437313079834 0.20532143115997314 -27.9978084564209 
v 24.82027244567871 0.20532143115997314 -28.118995666503906 
v 24.677780151367188 0.20532143115997314 -28.28204917907715 
v 24.54616355895996 0.20532143115997314 -28.46933937072754 
v 24.433744430541992 0.20532143115997314 -28.674259185791016 
v 24.349000930786133 0.20532143115997314 -28.892396926879883 
v 25.186044692993164 0.23228871822357178 -27.938316345214844 
v 25.12641716003418 0.23228871822357178 -27.925094604492188 
v 25.071067810058594 0.23228871822357178 -27.925094604492188 
v 25.019636154174805 0.23228871822357178 -27.94272232055664 
v 24.94561004638672 0.23228871822357178 -28.000011444091797 
v 24.8223934173584 0.23228871822357178 -28.120098114013672 
v 24.6800594329834 0.23228871822357178 -28.284252166748047 
v 24.548603057861328 0.23228871822357178 -28.470441818237305 
v 24.436344146728516 0.23228871822357178 -28.67535972595215 
v 24.351720809936523 0.23228871822357178 -28.892396926879883 
v 24.293251037597656 0.23228871822357178 -29.113840103149414 
v -21.602100372314453 -0.00001192659965454368 -28.154844284057617 
v -21.602100372314453 0.44365760684013367 -28.154844284057617 
v -22.043746948242188 -0.00001192659965454368 -28.154844284057617 
v -22.043746948242188 0.44365760684013367 -28.154844284057617 
v -28.510454177856445 -0.00001192659965454368 -28.154844284057617 
v -28.510454177856445 0.44365760684013367 -28.154844284057617 
v -28.95210075378418 -0.00001192659965454368 -28.154844284057617 
v -28.95210075378418 0.44365760684013367 -28.154844284057617 
v -28.510454177856445 5.9692511558532715 -28.154844284057617 
v -28.95210075378418 5.9692511558532715 -28.154844284057617 
v -28.510454177856445 6.378333568572998 -28.154844284057617 
v -22.043746948242188 5.9692511558532715 -28.154844284057617 
v -22.043746948242188 6.378333568572998 -28.154844284057617 
v -21.602100372314453 5.9692511558532715 -28.154844284057617 
v -21.602100372314453 6.378333568572998 -28.154844284057617 
v -28.95210075378418 -0.00001192659965454368 -38.435001373291016 
v -28.510454177856445 -0.00001192659965454368 -38.435001373291016 
v -28.95210075378418 -0.00001192659965454368 -37.97354507446289 
v -28.510454177856445 -0.00001192659965454368 -37.97354507446289 
v -22.043746948242188 -0.00001192659965454368 -37.97354507446289 
v -22.043746948242188 -0.00001192659965454368 -38.435001373291016 
v -21.602100372314453 -0.00001192659965454368 -37.97354507446289 
v -21.602100372314453 -0.00001192659965454368 -38.435001373291016 
v -28.95210075378418 6.378333568572998 -38.435001373291016 
v -28.95210075378418 5.9692511558532715 -38.435001373291016 
v -28.95210075378418 6.378333568572998 -37.97354507446289 
v -28.95210075378418 5.9692511558532715 -37.97354507446289 
v -28.95210075378418 5.9692511558532715 -33.2821044921875 
v -28.95210075378418 6.378333568572998 -33.2821044921875 
v -28.95210075378418 6.378333568572998 -28.590660095214844 
v -28.95210075378418 5.9692511558532715 -28.590660095214844 
v -28.95210075378418 5.9692511558532715 -28.154844284057617 
v -28.95210075378418 6.378333568572998 -28.154844284057617 
v -28.95210075378418 0.44365760684013367 -28.154844284057617 
v -28.95210075378418 0.44365760684013367 -28.590660095214844 
v -28.95210075378418 -0.00001192659965454368 -28.154844284057617 
v -28.95210075378418 -0.00001192659965454368 -28.590660095214844 
v -21.602100372314453 5.9692511558532715 4.198166847229004 
v -21.602100372314453 5.9692511558532715 8.889609336853027 
v -22.043746948242188 5.9692511558532715 4.198166847229004 
v -22.043746948242188 5.9692511558532715 8.889609336853027 
v -22.043746948242188 5.9692511558532715 13.581052780151367 
v -21.602100372314453 5.9692511558532715 13.581052780151367 
v -28.95210075378418 5.9692511558532715 4.198166847229004 
v -28.95210075378418 0.44365760684013367 4.198166847229004 
v -28.510454177856445 5.9692511558532715 4.198166847229004 
v -28.510454177856445 0.44365760684013367 4.198166847229004 
v -21.602100372314453 0.44365760684013367 13.581052780151367 
v -22.043746948242188 0.44365760684013367 13.581052780151367 
v -21.602100372314453 5.9692511558532715 13.581052780151367 
v -22.043746948242188 5.9692511558532715 13.581052780151367 
v -22.043746948242188 0.44365760684013367 13.581052780151367 
v -22.043746948242188 0.44365760684013367 14.042506217956543 
v -22.043746948242188 5.9692511558532715 13.581052780151367 
v -22.043746948242188 5.9692511558532715 14.042506217956543 
v -22.043746948242188 0.44365760684013367 14.042506217956543 
v -22.043746948242188 0.44365760684013367 13.581052780151367 
v -28.510454177856445 0.44365760684013367 14.042506217956543 
v -28.510454177856445 0.44365760684013367 13.581052780151367 
v -21.602100372314453 6.378333568572998 14.042506217956543 
v -21.602100372314453 5.9692511558532715 14.042506217956543 
v -21.602100372314453 6.378333568572998 13.734870910644531 
v -21.602100372314453 5.9692511558532715 13.581052780151367 
v -21.602100372314453 6.378333568572998 8.889609336853027 
v -21.602100372314453 5.9692511558532715 8.889609336853027 
v -21.602100372314453 5.9692511558532715 4.198166847229004 
v -21.602100372314453 0.44365760684013367 13.581052780151367 
v -21.602100372314453 0.44365760684013367 14.042506217956543 
v -21.602100372314453 -0.00001192659965454368 14.042506217956543 
v -22.043746948242188 5.9692511558532715 -28.590660095214844 
v -22.043746948242188 5.9692511558532715 -28.154844284057617 
v -28.510454177856445 5.9692511558532715 -28.590660095214844 
v -28.510454177856445 5.9692511558532715 -28.154844284057617 
v -28.95210075378418 -0.00001192659965454368 14.042506217956543 
v -28.95210075378418 -0.00001192659965454368 13.581052780151367 
v -28.510454177856445 -0.00001192659965454368 14.042506217956543 
v -28.510454177856445 -0.00001192659965454368 13.581052780151367 
v -22.043746948242188 -0.00001192659965454368 13.581052780151367 
v -22.043746948242188 -0.00001192659965454368 14.042506217956543 
v -21.602100372314453 -0.00001192659965454368 13.581052780151367 
v -21.602100372314453 -0.00001192659965454368 14.042506217956543 
v -28.510454177856445 0.44365760684013367 -28.154844284057617 
v -28.510454177856445 0.44365760684013367 -28.590660095214844 
v -28.510454177856445 5.9692511558532715 -28.154844284057617 
v -28.510454177856445 5.9692511558532715 -28.590660095214844 
v -28.95210075378418 6.378333568572998 14.042506217956543 
v -28.95210075378418 6.378333568572998 13.581052780151367 
v -28.95210075378418 5.9692511558532715 14.042506217956543 
v -28.95210075378418 5.9692511558532715 13.581052780151367 
v -28.95210075378418 0.44365760684013367 14.042506217956543 
v -28.95210075378418 0.44365760684013367 13.581052780151367 
v -28.95210075378418 -0.00001192659965454368 14.042506217956543 
v -28.95210075378418 -0.00001192659965454368 13.581052780151367 
v -28.95210075378418 5.9692511558532715 8.889609336853027 
v -28.95210075378418 6.378333568572998 8.889609336853027 
v -28.95210075378418 6.378333568572998 4.198166847229004 
v -28.95210075378418 5.9692511558532715 4.198166847229004 
v -28.95210075378418 5.9692511558532715 3.762349843978882 
v -28.95210075378418 0.44365760684013367 3.762349843978882 
v -28.95210075378418 0.44365760684013367 4.198166847229004 
v -28.95210075378418 -0.00001192659965454368 3.762349843978882 
v -28.95210075378418 -0.00001192659965454368 4.198166847229004 
v -28.510454177856445 5.9692511558532715 -37.97354507446289 
v -22.043746948242188 5.9692511558532715 -37.97354507446289 
v -28.510454177856445 6.378333568572998 -37.97354507446289 
v -22.043746948242188 6.378333568572998 -37.97354507446289 
v -28.510454177856445 5.9692511558532715 4.198166847229004 
v -28.510454177856445 0.44365760684013367 4.198166847229004 
v -28.510454177856445 5.9692511558532715 3.762349843978882 
v -28.510454177856445 0.44365760684013367 3.762349843978882 
v -22.043746948242188 0.44365760684013367 3.762349843978882 
v -28.510454177856445 0.44365760684013367 3.762349843978882 
v -22.043746948242188 0.44365760684013367 4.198166847229004 
v -28.510454177856445 0.44365760684013367 4.198166847229004 
v -28.510454177856445 -0.00001192659965454368 -28.590660095214844 
v -28.510454177856445 0.44365760684013367 -28.590660095214844 
v -22.043746948242188 -0.00001192659965454368 -28.590660095214844 
v -22.043746948242188 0.44365760684013367 -28.590660095214844 
v -22.043746948242188 5.9692511558532715 3.762349843978882 
v -22.043746948242188 0.44365760684013367 3.762349843978882 
v -22.043746948242188 5.9692511558532715 4.198166847229004 
v -22.043746948242188 0.44365760684013367 4.198166847229004 
v -22.043746948242188 5.9692511558532715 -28.154844284057617 
v -22.043746948242188 5.9692511558532715 -28.590660095214844 
v -22.043746948242188 0.44365760684013367 -28.154844284057617 
v -22.043746948242188 0.44365760684013367 -28.590660095214844 
v -21.602100372314453 0.44365760684013367 4.198166847229004 
v -21.602100372314453 5.9692511558532715 4.198166847229004 
v -22.043746948242188 0.44365760684013367 4.198166847229004 
v -22.043746948242188 5.9692511558532715 4.198166847229004 
v -21.602100372314453 -0.00001192659965454368 3.762349843978882 
v -21.602100372314453 -0.00001192659965454368 4.198166847229004 
v -22.043746948242188 -0.00001192659965454368 3.762349843978882 
v -22.043746948242188 -0.00001192659965454368 4.198166847229004 
v -28.510454177856445 -0.00001192659965454368 3.762349843978882 
v -28.510454177856445 -0.00001192659965454368 4.198166847229004 
v -28.95210075378418 -0.00001192659965454368 4.198166847229004 
v -22.043746948242188 6.378333568572998 13.581052780151367 
v -22.043746948242188 5.9692511558532715 13.581052780151367 
v -28.510454177856445 6.378333568572998 13.581052780151367 
v -28.510454177856445 5.9692511558532715 13.581052780151367 
v -21.602100372314453 0.44365760684013367 -28.590660095214844 
v -22.043746948242188 0.44365760684013367 -28.590660095214844 
v -21.602100372314453 5.9692511558532715 -28.590660095214844 
v -22.043746948242188 5.9692511558532715 -28.590660095214844 
v -21.602100372314453 6.378333568572998 14.042506217956543 
v -22.043746948242188 6.378333568572998 14.042506217956543 
v -21.602100372314453 5.9692511558532715 14.042506217956543 
v -22.043746948242188 5.9692511558532715 14.042506217956543 
v -22.043746948242188 0.44365760684013367 14.042506217956543 
v -21.602100372314453 0.44365760684013367 14.042506217956543 
v -22.043746948242188 -0.00001192659965454368 14.042506217956543 
v -21.602100372314453 -0.00001192659965454368 14.042506217956543 
v -28.510454177856445 -0.00001192659965454368 14.042506217956543 
v -28.510454177856445 0.44365760684013367 14.042506217956543 
v -28.95210075378418 -0.00001192659965454368 14.042506217956543 
v -28.95210075378418 0.44365760684013367 14.042506217956543 
v -28.510454177856445 5.9692511558532715 14.042506217956543 
v -28.95210075378418 5.9692511558532715 14.042506217956543 
v -28.510454177856445 6.378333568572998 14.042506217956543 
v -28.510454177856445 5.9692511558532715 13.581052780151367 
v -28.95210075378418 5.9692511558532715 13.581052780151367 
v -28.510454177856445 5.9692511558532715 8.889609336853027 
v -28.95210075378418 5.9692511558532715 8.889609336853027 
v -28.95210075378418 5.9692511558532715 4.198166847229004 
v -22.043746948242188 5.9692511558532715 13.581052780151367 
v -22.043746948242188 5.9692511558532715 14.042506217956543 
v -28.510454177856445 5.9692511558532715 13.581052780151367 
v -28.510454177856445 5.9692511558532715 14.042506217956543 
v -21.462066650390625 7.316956996917725 -33.56410217285156 
v -21.462066650390625 7.420718669891357 -33.4615592956543 
v -21.462066650390625 7.888241291046143 -33.56410217285156 
v -21.462066650390625 7.784480094909668 -33.4615592956543 
v -28.510454177856445 5.9692511558532715 13.581052780151367 
v -28.510454177856445 5.9692511558532715 14.042506217956543 
v -28.510454177856445 0.44365760684013367 13.581052780151367 
v -28.510454177856445 0.44365760684013367 14.042506217956543 
v -21.462066650390625 7.888241291046143 8.607610702514648 
v -21.462066650390625 7.784480094909668 8.710155487060547 
v -21.462066650390625 7.888241291046143 9.197245597839355 
v -21.462066650390625 7.784480094909668 9.069064140319824 
v -21.462066650390625 7.888241291046143 9.197245597839355 
v -21.462066650390625 7.784480094909668 9.069064140319824 
v -21.462066650390625 7.316956996917725 9.197245597839355 
v -21.462066650390625 7.420718669891357 9.069064140319824 
v -21.602100372314453 -0.00001192659965454368 13.581052780151367 
v -22.043746948242188 -0.00001192659965454368 13.581052780151367 
v -21.602100372314453 0.44365760684013367 13.581052780151367 
v -22.043746948242188 0.44365760684013367 13.581052780151367 
v -22.043746948242188 0.44365760684013367 13.581052780151367 
v -22.043746948242188 -0.00001192659965454368 13.581052780151367 
v -28.510454177856445 0.44365760684013367 13.581052780151367 
v -28.510454177856445 -0.00001192659965454368 13.581052780151367 
v -28.510454177856445 5.9692511558532715 4.198166847229004 
v -22.043746948242188 5.9692511558532715 4.198166847229004 
v -28.510454177856445 6.378333568572998 4.198166847229004 
v -22.043746948242188 6.378333568572998 4.198166847229004 
v -21.602100372314453 5.9692511558532715 -28.590660095214844 
v -22.043746948242188 5.9692511558532715 -28.590660095214844 
v -21.602100372314453 5.9692511558532715 -33.2821044921875 
v -22.043746948242188 5.9692511558532715 -33.2821044921875 
v -22.043746948242188 5.9692511558532715 -37.97354507446289 
v -28.95210075378418 5.9692511558532715 -28.590660095214844 
v -28.510454177856445 5.9692511558532715 -28.590660095214844 
v -28.95210075378418 0.44365760684013367 -28.590660095214844 
v -28.510454177856445 0.44365760684013367 -28.590660095214844 
v -28.95210075378418 5.9692511558532715 13.581052780151367 
v -28.510454177856445 5.9692511558532715 13.581052780151367 
v -28.95210075378418 0.44365760684013367 13.581052780151367 
v -28.510454177856445 0.44365760684013367 13.581052780151367 
v -21.336395263671875 7.316956996917725 8.607610702514648 
v -21.336395263671875 7.888241291046143 8.607610702514648 
v -21.336395263671875 7.316956996917725 9.197245597839355 
v -21.336395263671875 7.888241291046143 9.197245597839355 
v -28.510454177856445 6.378333568572998 13.581052780151367 
v -28.510454177856445 5.9692511558532715 13.581052780151367 
v -28.510454177856445 6.378333568572998 8.889609336853027 
v -28.510454177856445 5.9692511558532715 8.889609336853027 
v -28.510454177856445 5.9692511558532715 4.198166847229004 
v -21.602100372314453 6.378333568572998 3.762349843978882 
v -21.602100372314453 5.9692511558532715 3.762349843978882 
v -22.043746948242188 6.378333568572998 3.762349843978882 
v -22.043746948242188 5.9692511558532715 3.762349843978882 
v -22.043746948242188 0.44365760684013367 3.762349843978882 
v -21.602100372314453 0.44365760684013367 3.762349843978882 
v -22.043746948242188 -0.00001192659965454368 3.762349843978882 
v -21.602100372314453 -0.00001192659965454368 3.762349843978882 
v -28.95210075378418 -0.00001192659965454368 4.198166847229004 
v -28.510454177856445 -0.00001192659965454368 4.198166847229004 
v -28.95210075378418 0.44365760684013367 4.198166847229004 
v -28.510454177856445 0.44365760684013367 4.198166847229004 
v -22.043746948242188 -0.00001192659965454368 4.198166847229004 
v -22.043746948242188 0.44365760684013367 4.198166847229004 
v -21.602100372314453 -0.00001192659965454368 4.198166847229004 
v -21.602100372314453 0.44365760684013367 4.198166847229004 
v -21.602100372314453 6.378333568572998 3.762349843978882 
v -21.602100372314453 6.378333568572998 4.069985389709473 
v -21.602100372314453 5.9692511558532715 3.762349843978882 
v -21.602100372314453 5.9692511558532715 4.198166847229004 
v -21.602100372314453 0.44365760684013367 4.198166847229004 
v -21.602100372314453 0.44365760684013367 3.762349843978882 
v -21.602100372314453 -0.00001192659965454368 3.762349843978882 
v -21.602100372314453 7.420718669891357 8.710155487060547 
v -21.462066650390625 7.420718669891357 8.710155487060547 
v -21.602100372314453 7.420718669891357 9.069064140319824 
v -21.462066650390625 7.420718669891357 9.069064140319824 
v -21.602100372314453 7.784480094909668 9.069064140319824 
v -21.462066650390625 7.784480094909668 9.069064140319824 
v -21.602100372314453 7.784480094909668 8.710155487060547 
v -21.462066650390625 7.784480094909668 8.710155487060547 
v -21.336395263671875 7.316956996917725 8.607610702514648 
v -21.336395263671875 7.316956996917725 9.197245597839355 
v -21.462066650390625 7.316956996917725 8.607610702514648 
v -21.462066650390625 7.316956996917725 9.197245597839355 
v -21.336395263671875 7.888241291046143 8.607610702514648 
v -21.336395263671875 7.316956996917725 8.607610702514648 
v -21.462066650390625 7.888241291046143 8.607610702514648 
v -21.462066650390625 7.316956996917725 8.607610702514648 
v -22.043746948242188 5.9692511558532715 13.581052780151367 
v -22.043746948242188 6.378333568572998 13.581052780151367 
v -22.043746948242188 5.9692511558532715 8.889609336853027 
v -22.043746948242188 6.378333568572998 8.889609336853027 
v -22.043746948242188 6.378333568572998 4.198166847229004 
v -21.602100372314453 7.420718669891357 9.069064140319824 
v -21.462066650390625 7.420718669891357 9.069064140319824 
v -21.602100372314453 7.784480094909668 9.069064140319824 
v -21.462066650390625 7.784480094909668 9.069064140319824 
v -21.602100372314453 7.784480094909668 8.710155487060547 
v -21.462066650390625 7.784480094909668 8.710155487060547 
v -21.602100372314453 7.420718669891357 8.710155487060547 
v -21.462066650390625 7.420718669891357 8.710155487060547 
v -28.95210075378418 -0.00001192659965454368 -37.97354507446289 
v -28.510454177856445 -0.00001192659965454368 -37.97354507446289 
v -28.95210075378418 0.44365760684013367 -37.97354507446289 
v -28.510454177856445 0.44365760684013367 -37.97354507446289 
v -22.043746948242188 -0.00001192659965454368 -37.97354507446289 
v -22.043746948242188 0.44365760684013367 -37.97354507446289 
v -21.602100372314453 -0.00001192659965454368 -37.97354507446289 
v -21.602100372314453 0.44365760684013367 -37.97354507446289 
v -21.462066650390625 7.888241291046143 9.197245597839355 
v -21.462066650390625 7.316956996917725 9.197245597839355 
v -21.336395263671875 7.888241291046143 9.197245597839355 
v -21.336395263671875 7.316956996917725 9.197245597839355 
v -28.510454177856445 5.9692511558532715 3.762349843978882 
v -22.043746948242188 5.9692511558532715 3.762349843978882 
v -28.510454177856445 5.9692511558532715 4.198166847229004 
v -22.043746948242188 5.9692511558532715 4.198166847229004 
v -22.043746948242188 6.378333568572998 -28.590660095214844 
v -22.043746948242188 5.9692511558532715 -28.590660095214844 
v -28.510454177856445 6.378333568572998 -28.590660095214844 
v -28.510454177856445 5.9692511558532715 -28.590660095214844 
v -21.602100372314453 -0.00001192659965454368 -28.154844284057617 
v -22.043746948242188 -0.00001192659965454368 -28.154844284057617 
v -21.602100372314453 -0.00001192659965454368 -28.590660095214844 
v -22.043746948242188 -0.00001192659965454368 -28.590660095214844 
v -28.510454177856445 -0.00001192659965454368 -28.154844284057617 
v -28.510454177856445 -0.00001192659965454368 -28.590660095214844 
v -28.95210075378418 -0.00001192659965454368 -28.590660095214844 
v -28.95210075378418 -0.00001192659965454368 -28.154844284057617 
v -22.043746948242188 0.44365760684013367 -28.590660095214844 
v -21.602100372314453 0.44365760684013367 -28.590660095214844 
v -22.043746948242188 -0.00001192659965454368 -28.590660095214844 
v -21.602100372314453 -0.00001192659965454368 -28.590660095214844 
v -21.336395263671875 7.316956996917725 -33.56410217285156 
v -21.336395263671875 7.888241291046143 -33.56410217285156 
v -21.336395263671875 7.316956996917725 -33.00010299682617 
v -21.336395263671875 7.888241291046143 -33.00010299682617 
v -28.95210075378418 6.378333568572998 3.762349843978882 
v -28.510454177856445 6.378333568572998 3.762349843978882 
v -28.95210075378418 5.9692511558532715 3.762349843978882 
v -28.510454177856445 5.9692511558532715 3.762349843978882 
v -28.95210075378418 0.44365760684013367 3.762349843978882 
v -28.510454177856445 0.44365760684013367 3.762349843978882 
v -28.95210075378418 -0.00001192659965454368 3.762349843978882 
v -28.510454177856445 -0.00001192659965454368 3.762349843978882 
v -22.043746948242188 0.44365760684013367 3.762349843978882 
v -22.043746948242188 -0.00001192659965454368 3.762349843978882 
v -21.602100372314453 -0.00001192659965454368 -37.97354507446289 
v -21.602100372314453 -0.00001192659965454368 -38.435001373291016 
v -21.602100372314453 0.44365760684013367 -37.97354507446289 
v -21.602100372314453 0.44365760684013367 -38.435001373291016 
v -21.602100372314453 5.9692511558532715 -38.435001373291016 
v -21.602100372314453 5.9692511558532715 -37.97354507446289 
v -21.602100372314453 6.378333568572998 -38.12736511230469 
v -21.462066650390625 7.888241291046143 -33.56410217285156 
v -21.462066650390625 7.784480094909668 -33.4615592956543 
v -21.462066650390625 7.888241291046143 -33.00010299682617 
v -21.462066650390625 7.784480094909668 -33.1026496887207 
v -21.462066650390625 7.784480094909668 8.710155487060547 
v -21.462066650390625 7.888241291046143 8.607610702514648 
v -21.462066650390625 7.420718669891357 8.710155487060547 
v -21.462066650390625 7.316956996917725 8.607610702514648 
v -21.336395263671875 7.888241291046143 -33.56410217285156 
v -21.336395263671875 7.316956996917725 -33.56410217285156 
v -21.462066650390625 7.888241291046143 -33.56410217285156 
v -21.462066650390625 7.316956996917725 -33.56410217285156 
v -21.602100372314453 7.420718669891357 -33.4615592956543 
v -21.462066650390625 7.420718669891357 -33.4615592956543 
v -21.602100372314453 7.420718669891357 -33.1026496887207 
v -21.462066650390625 7.420718669891357 -33.1026496887207 
v -21.462066650390625 7.420718669891357 -33.4615592956543 
v -21.602100372314453 7.420718669891357 -33.4615592956543 
v -21.462066650390625 7.784480094909668 -33.4615592956543 
v -21.602100372314453 7.784480094909668 -33.4615592956543 
v -21.602100372314453 7.784480094909668 -33.1026496887207 
v -21.462066650390625 7.784480094909668 -33.1026496887207 
v -21.602100372314453 7.784480094909668 -33.4615592956543 
v -21.462066650390625 7.784480094909668 -33.4615592956543 
v -21.602100372314453 7.420718669891357 -33.1026496887207 
v -21.462066650390625 7.420718669891357 -33.1026496887207 
v -21.602100372314453 7.784480094909668 -33.1026496887207 
v -21.462066650390625 7.784480094909668 -33.1026496887207 
v -28.510454177856445 -0.00001192659965454368 13.581052780151367 
v -28.95210075378418 -0.00001192659965454368 13.581052780151367 
v -28.510454177856445 0.44365760684013367 13.581052780151367 
v -28.95210075378418 0.44365760684013367 13.581052780151367 
v -21.336395263671875 7.888241291046143 -33.00010299682617 
v -21.336395263671875 7.888241291046143 -33.56410217285156 
v -21.462066650390625 7.888241291046143 -33.00010299682617 
v -21.462066650390625 7.888241291046143 -33.56410217285156 
v -21.462066650390625 7.888241291046143 -33.00010299682617 
v -21.462066650390625 7.316956996917725 -33.00010299682617 
v -21.336395263671875 7.888241291046143 -33.00010299682617 
v -21.336395263671875 7.316956996917725 -33.00010299682617 
v -28.510454177856445 -0.00001192659965454368 -28.590660095214844 
v -28.95210075378418 -0.00001192659965454368 -28.590660095214844 
v -28.510454177856445 0.44365760684013367 -28.590660095214844 
v -28.95210075378418 0.44365760684013367 -28.590660095214844 
v -22.043746948242188 6.378333568572998 -38.435001373291016 
v -22.043746948242188 5.9692511558532715 -38.435001373291016 
v -28.510454177856445 6.378333568572998 -38.435001373291016 
v -28.510454177856445 5.9692511558532715 -38.435001373291016 
v -28.95210075378418 5.9692511558532715 -38.435001373291016 
v -28.95210075378418 0.44365760684013367 -38.435001373291016 
v -28.510454177856445 0.44365760684013367 -38.435001373291016 
v -28.95210075378418 -0.00001192659965454368 -38.435001373291016 
v -28.510454177856445 -0.00001192659965454368 -38.435001373291016 
v -22.043746948242188 0.44365760684013367 -38.435001373291016 
v -22.043746948242188 -0.00001192659965454368 -38.435001373291016 
v -28.510454177856445 5.9692511558532715 -37.97354507446289 
v -28.510454177856445 5.9692511558532715 -33.2821044921875 
v -28.95210075378418 5.9692511558532715 -37.97354507446289 
v -28.95210075378418 5.9692511558532715 -33.2821044921875 
v -28.95210075378418 5.9692511558532715 -28.590660095214844 
v -28.510454177856445 5.9692511558532715 -28.590660095214844 
v -21.602100372314453 0.44365760684013367 -37.97354507446289 
v -21.602100372314453 5.9692511558532715 -37.97354507446289 
v -22.043746948242188 0.44365760684013367 -37.97354507446289 
v -22.043746948242188 5.9692511558532715 -37.97354507446289 
v -21.602100372314453 6.378333568572998 -38.12736511230469 
v -21.602100372314453 6.378333568572998 -33.2821044921875 
v -21.602100372314453 5.9692511558532715 -37.97354507446289 
v -21.602100372314453 5.9692511558532715 -33.2821044921875 
v -21.602100372314453 5.9692511558532715 -28.590660095214844 
v -21.602100372314453 6.378333568572998 -28.462478637695312 
v -21.602100372314453 5.9692511558532715 -28.154844284057617 
v -21.602100372314453 6.378333568572998 -28.154844284057617 
v -21.602100372314453 0.44365760684013367 -28.590660095214844 
v -21.602100372314453 0.44365760684013367 -28.154844284057617 
v -21.602100372314453 -0.00001192659965454368 -28.154844284057617 
v -22.043746948242188 5.9692511558532715 -37.97354507446289 
v -22.043746948242188 5.9692511558532715 -33.2821044921875 
v -22.043746948242188 6.378333568572998 -37.97354507446289 
v -22.043746948242188 6.378333568572998 -33.2821044921875 
v -22.043746948242188 6.378333568572998 -28.590660095214844 
v -22.043746948242188 5.9692511558532715 -28.590660095214844 
v -28.510454177856445 0.44365760684013367 -38.435001373291016 
v -28.510454177856445 5.9692511558532715 -38.435001373291016 
v -28.510454177856445 0.44365760684013367 -37.97354507446289 
v -28.510454177856445 5.9692511558532715 -37.97354507446289 
v -21.462066650390625 7.420718669891357 -33.1026496887207 
v -21.462066650390625 7.316956996917725 -33.00010299682617 
v -21.462066650390625 7.784480094909668 -33.1026496887207 
v -21.462066650390625 7.888241291046143 -33.00010299682617 
v -28.95210075378418 -0.00001192659965454368 -37.97354507446289 
v -28.95210075378418 0.44365760684013367 -37.97354507446289 
v -28.95210075378418 -0.00001192659965454368 -38.435001373291016 
v -28.95210075378418 0.44365760684013367 -38.435001373291016 
v -21.462066650390625 7.316956996917725 -33.00010299682617 
v -21.462066650390625 7.316956996917725 -33.56410217285156 
v -21.336395263671875 7.316956996917725 -33.00010299682617 
v -21.336395263671875 7.316956996917725 -33.56410217285156 
v -28.510454177856445 0.44365760684013367 -37.97354507446289 
v -22.043746948242188 0.44365760684013367 -37.97354507446289 
v -28.510454177856445 0.44365760684013367 -38.435001373291016 
v -22.043746948242188 0.44365760684013367 -38.435001373291016 
v -28.95210075378418 5.9692511558532715 -37.97354507446289 
v -28.95210075378418 0.44365760684013367 -37.97354507446289 
v -28.510454177856445 5.9692511558532715 -37.97354507446289 
v -28.510454177856445 0.44365760684013367 -37.97354507446289 
v -21.602100372314453 -0.00001192659965454368 -38.435001373291016 
v -22.043746948242188 -0.00001192659965454368 -38.435001373291016 
v -21.602100372314453 0.44365760684013367 -38.435001373291016 
v -22.043746948242188 0.44365760684013367 -38.435001373291016 
v -21.602100372314453 5.9692511558532715 -38.435001373291016 
v -22.043746948242188 5.9692511558532715 -38.435001373291016 
v -22.043746948242188 6.378333568572998 -38.435001373291016 
v -21.462066650390625 7.420718669891357 -33.4615592956543 
v -21.462066650390625 7.316956996917725 -33.56410217285156 
v -21.462066650390625 7.420718669891357 -33.1026496887207 
v -21.462066650390625 7.316956996917725 -33.00010299682617 
v -21.336395263671875 7.888241291046143 9.197245597839355 
v -21.336395263671875 7.888241291046143 8.607610702514648 
v -21.462066650390625 7.888241291046143 9.197245597839355 
v -21.462066650390625 7.888241291046143 8.607610702514648 
v -22.043746948242188 0.44365760684013367 -28.154844284057617 
v -22.043746948242188 0.44365760684013367 -28.590660095214844 
v -28.510454177856445 0.44365760684013367 -28.154844284057617 
v -28.510454177856445 0.44365760684013367 -28.590660095214844 
v -28.510454177856445 5.9692511558532715 -38.435001373291016 
v -22.043746948242188 5.9692511558532715 -38.435001373291016 
v -28.510454177856445 5.9692511558532715 -37.97354507446289 
v -22.043746948242188 5.9692511558532715 -37.97354507446289 
v -28.510454177856445 6.378333568572998 -28.590660095214844 
v -28.510454177856445 5.9692511558532715 -28.590660095214844 
v -28.510454177856445 6.378333568572998 -33.2821044921875 
v -28.510454177856445 5.9692511558532715 -33.2821044921875 
v -28.510454177856445 5.9692511558532715 -37.97354507446289 
v -21.462066650390625 7.316956996917725 9.197245597839355 
v -21.462066650390625 7.420718669891357 9.069064140319824 
v -21.462066650390625 7.316956996917725 8.607610702514648 
v -21.462066650390625 7.420718669891357 8.710155487060547 
v -22.043746948242188 0.44365760684013367 -37.97354507446289 
v -22.043746948242188 5.9692511558532715 -37.97354507446289 
v -22.043746948242188 0.44365760684013367 -38.435001373291016 
v -22.043746948242188 5.9692511558532715 -38.435001373291016 
v -22.043746948242188 6.378333568572998 3.762349843978882 
v -22.043746948242188 5.9692511558532715 3.762349843978882 
v -21.602100372314453 5.9692511558532715 -37.97354507446289 
v -28.510454177856445 6.378333568572998 -37.97354507446289 
v -21.602100372314453 -0.00001192659965454368 -28.590660095214844 
v -21.602100372314453 6.378333568572998 -38.435001373291016 
v -21.602100372314453 6.378333568572998 -38.435001373291016 
v -28.95210075378418 6.378333568572998 -28.154844284057617 
v -28.510454177856445 5.9692511558532715 4.198166847229004 
v -22.043746948242188 5.9692511558532715 4.198166847229004 
v -21.602100372314453 -0.00001192659965454368 4.198166847229004 
v -28.95210075378418 6.378333568572998 14.042506217956543 
v -28.95210075378418 6.378333568572998 -38.435001373291016 
v -28.95210075378418 -0.00001192659965454368 3.762349843978882 
v -28.95210075378418 6.378333568572998 3.762349843978882 
v -21.602100372314453 6.378333568572998 4.069985389709473 
v -28.510454177856445 6.378333568572998 4.198166847229004 
v -21.602100372314453 -0.00001192659965454368 13.581052780151367 
vn -0.999997615814209 -2.0682260971124217e-13 0.002184694167226553 
vn -0.999997615814209 -2.0682260971124217e-13 0.002184694167226553 
vn -0.999997615814209 -2.0682260971124217e-13 0.002184694167226553 
vn -0.999997615814209 -2.0682260971124217e-13 0.002184694167226553 
vn -2.0682311115474694e-13 0 -1 
vn -2.0682311115474694e-13 0 -1 
vn -2.0682311115474694e-13 0 -1 
vn -2.0682311115474694e-13 0 -1 
vn 3.097898456858039e-13 -0.999997615814209 0.002184694167226553 
vn 3.097898456858039e-13 -0.999997615814209 0.002184694167226553 
vn 3.097898456858039e-13 -0.999997615814209 -0.002184694167226553 
vn 3.097898456858039e-13 -0.999997615814209 -0.002184694167226553 
vn 3.097898456858039e-13 -0.999997615814209 -0.002184694167226553 
vn 3.097898456858039e-13 -0.999997615814209 -0.002184694167226553 
vn 3.097898456858039e-13 -0.999997615814209 -0.002184694167226553 
vn 3.097898456858039e-13 -0.999997615814209 -0.002184694167226553 
vn 3.097898456858039e-13 -0.999997615814209 0.002184694167226553 
vn 3.097898456858039e-13 -0.999997615814209 0.002184694167226553 
vn 3.097898456858039e-13 -0.999997615814209 0.002184694167226553 
vn 3.097898456858039e-13 -0.999997615814209 0.002184694167226553 
vn -0.999997615814209 -2.0682260971124217e-13 0.002184694167226553 
vn -0.999997615814209 -2.0682260971124217e-13 0.002184694167226553 
vn -0.999997615814209 -2.0682260971124217e-13 0.002184694167226553 
vn -0.999997615814209 -2.0682260971124217e-13 0.002184694167226553 
vn -2.0682311115474694e-13 0 -1 
vn -2.0682311115474694e-13 0 -1 
vn -2.0682311115474694e-13 0 -1 
vn -2.0682311115474694e-13 0 -1 
vn 0 0 1 
vn 0 0 1 
vn 0 0 1 
vn 0 0 1 
vn 3.097898456858039e-13 -0.999997615814209 0.002184694167226553 
vn 3.097898456858039e-13 -0.999997615814209 0.002184694167226553 
vn 3.097898456858039e-13 -0.999997615814209 -0.002184694167226553 
vn 3.097898456858039e-13 -0.999997615814209 -0.002184694167226553 
vn 3.097898456858039e-13 -0.999997615814209 -0.002184694167226553 
vn 3.097898456858039e-13 -0.999997615814209 -0.002184694167226553 
vn 3.097898456858039e-13 -0.999997615814209 -0.002184694167226553 
vn 3.097898456858039e-13 -0.999997615814209 -0.002184694167226553 
vn 3.097898456858039e-13 -0.999997615814209 0.002184694167226553 
vn 3.097898456858039e-13 -0.999997615814209 0.002184694167226553 
vn 3.097898456858039e-13 -0.999997615814209 0.002184694167226553 
vn 3.097898456858039e-13 -0.999997615814209 0.002184694167226553 
vn 0 0 1 
vn 0 0 1 
vn 0 0 1 
vn 0 0 1 
vn -2.0682311115474694e-13 0 -1 
vn -2.0682311115474694e-13 0 -1 
vn -2.0682311115474694e-13 0 -1 
vn -2.0682311115474694e-13 0 -1 
vn 3.097898456858039e-13 -0.999997615814209 0.002184694167226553 
vn 3.097898456858039e-13 -0.999997615814209 0.002184694167226553 
vn 3.097898456858039e-13 -0.999997615814209 0.002184694167226553 
vn 3.097898456858039e-13 -0.999997615814209 0.002184694167226553 
vn 0 0 1 
vn 0 0 1 
vn 0 0 1 
vn 0 0 1 
vn -0.999997615814209 -2.0682260971124217e-13 0.002184694167226553 
vn -0.999997615814209 -2.0682260971124217e-13 0.002184694167226553 
vn -0.999997615814209 -2.0682260971124217e-13 0.002184694167226553 
vn -0.999997615814209 -2.0682260971124217e-13 0.002184694167226553 
vn -0.999997615814209 -2.0682260971124217e-13 0.002184694167226553 
vn -0.999997615814209 -2.0682260971124217e-13 0.002184694167226553 
vn -0.999997615814209 -2.0682260971124217e-13 0.002184694167226553 
vn -0.999997615814209 -2.0682260971124217e-13 0.002184694167226553 
vn -0.999997615814209 -2.0682260971124217e-13 0.002184694167226553 
vn -0.999997615814209 -2.0682260971124217e-13 0.002184694167226553 
vn -0.999997615814209 -2.0682260971124217e-13 0.002184694167226553 
vn -0.999997615814209 -2.0682260971124217e-13 0.002184694167226553 
vn 3.097898456858039e-13 -0.999997615814209 0.002184694167226553 
vn 3.097898456858039e-13 -0.999997615814209 0.002184694167226553 
vn 3.097898456858039e-13 -0.999997615814209 0.002184694167226553 
vn 3.097898456858039e-13 -0.999997615814209 0.002184694167226553 
vn 3.097898456858039e-13 -0.999997615814209 0.002184694167226553 
vn 3.097898456858039e-13 -0.999997615814209 0.002184694167226553 
vn 3.097898456858039e-13 -0.999997615814209 0.002184694167226553 
vn 3.097898456858039e-13 -0.999997615814209 0.002184694167226553 
vn -0.999997615814209 -2.0682260971124217e-13 0.002184694167226553 
vn -0.999997615814209 -2.0682260971124217e-13 0.002184694167226553 
vn -0.999997615814209 -2.0682260971124217e-13 0.002184694167226553 
vn -0.999997615814209 -2.0682260971124217e-13 0.002184694167226553 
vn 3.097898456858039e-13 -0.999997615814209 0.002184694167226553 
vn 3.097898456858039e-13 -0.999997615814209 0.002184694167226553 
vn 3.097898456858039e-13 -0.999997615814209 0.002184694167226553 
vn 3.097898456858039e-13 -0.999997615814209 0.002184694167226553 
vn -1.0341130485562108e-13 0.999997615814209 0.002184694167226553 
vn -1.0341130485562108e-13 0.999997615814209 0.002184694167226553 
vn -1.0341130485562108e-13 0.999997615814209 0.002184694167226553 
vn -1.0341130485562108e-13 0.999997615814209 0.002184694167226553 
vn 0.999997615814209 0 0.002184694167226553 
vn 0.999997615814209 0 0.002184694167226553 
vn 0.999997615814209 0 0.002184694167226553 
vn 0.999997615814209 0 0.002184694167226553 
vn 0.999997615814209 0 0.002184694167226553 
vn 0.999997615814209 0 0.002184694167226553 
vn 0.999997615814209 0 0.002184694167226553 
vn 0.999997615814209 0 0.002184694167226553 
vn 0.999997615814209 0 0.002184694167226553 
vn 0.999997615814209 0 0.002184694167226553 
vn 0.999997615814209 0 0.002184694167226553 
vn 0.999997615814209 0 0.002184694167226553 
vn 0.999997615814209 0 0.002184694167226553 
vn 0.999997615814209 0 0.002184694167226553 
vn 0.999997615814209 0 0.002184694167226553 
vn 0.999997615814209 0 0.002184694167226553 
vn 3.097898456858039e-13 -0.999997615814209 0.002184694167226553 
vn 3.097898456858039e-13 -0.999997615814209 0.002184694167226553 
vn 3.097898456858039e-13 -0.999997615814209 0.002184694167226553 
vn 3.097898456858039e-13 -0.999997615814209 0.002184694167226553 
vn -0.999997615814209 -2.0682260971124217e-13 0.002184694167226553 
vn -0.999997615814209 -2.0682260971124217e-13 0.002184694167226553 
vn -0.999997615814209 -2.0682260971124217e-13 0.002184694167226553 
vn -0.999997615814209 -2.0682260971124217e-13 0.002184694167226553 
vn -0.999997615814209 -2.0682260971124217e-13 0.002184694167226553 
vn -0.999997615814209 -2.0682260971124217e-13 0.002184694167226553 
vn -0.999997615814209 -2.0682260971124217e-13 0.002184694167226553 
vn -0.999997615814209 -2.0682260971124217e-13 0.002184694167226553 
vn -0.999997615814209 -2.0682260971124217e-13 0.002184694167226553 
vn -0.999997615814209 -2.0682260971124217e-13 0.002184694167226553 
vn -0.999997615814209 -2.0682260971124217e-13 0.002184694167226553 
vn -0.999997615814209 -2.0682260971124217e-13 0.002184694167226553 
vn -0.999997615814209 -2.0682260971124217e-13 0.002184694167226553 
vn -0.999997615814209 -2.0682260971124217e-13 0.002184694167226553 
vn -0.999997615814209 -2.0682260971124217e-13 0.002184694167226553 
vn -0.999997615814209 -2.0682260971124217e-13 0.002184694167226553 
vn 0 0 1 
vn 0 0 1 
vn 0 0 1 
vn 0 0 1 
vn 0.999997615814209 0 0.002184694167226553 
vn 0.999997615814209 0 0.002184694167226553 
vn 0.999997615814209 0 0.002184694167226553 
vn 0.999997615814209 0 0.002184694167226553 
vn -0.999997615814209 -2.0682260971124217e-13 0.002184694167226553 
vn -0.999997615814209 -2.0682260971124217e-13 0.002184694167226553 
vn -0.999997615814209 -2.0682260971124217e-13 0.002184694167226553 
vn -0.999997615814209 -2.0682260971124217e-13 0.002184694167226553 
vn 0.999997615814209 0 0.002184694167226553 
vn 0.999997615814209 0 0.002184694167226553 
vn 0.999997615814209 0 0.002184694167226553 
vn 0.999997615814209 0 0.002184694167226553 
vn -1.0341130485562108e-13 0.999997615814209 0.002184694167226553 
vn -1.0341130485562108e-13 0.999997615814209 0.002184694167226553 
vn -1.0341130485562108e-13 0.999997615814209 0.002184694167226553 
vn -1.0341130485562108e-13 0.999997615814209 0.002184694167226553 
vn -0.999997615814209 -2.0682260971124217e-13 0.002184694167226553 
vn -0.999997615814209 -2.0682260971124217e-13 0.002184694167226553 
vn -0.999997615814209 -2.0682260971124217e-13 0.002184694167226553 
vn -0.999997615814209 -2.0682260971124217e-13 0.002184694167226553 
vn 0 0 1 
vn 0 0 1 
vn 0 0 1 
vn 0 0 1 
vn -0.999997615814209 -2.0682260971124217e-13 0.002184694167226553 
vn -0.999997615814209 -2.0682260971124217e-13 0.002184694167226553 
vn -0.999997615814209 -2.0682260971124217e-13 0.002184694167226553 
vn -0.999997615814209 -2.0682260971124217e-13 0.002184694167226553 
vn 0 0 1 
vn 0 0 1 
vn 0 0 1 
vn 0 0 1 
vn 3.097898456858039e-13 -0.999997615814209 0.002184694167226553 
vn 3.097898456858039e-13 -0.999997615814209 0.002184694167226553 
vn 3.097898456858039e-13 -0.999997615814209 0.002184694167226553 
vn 3.097898456858039e-13 -0.999997615814209 0.002184694167226553 
vn -1.0341130485562108e-13 0.999997615814209 0.002184694167226553 
vn -1.0341130485562108e-13 0.999997615814209 0.002184694167226553 
vn -1.0341130485562108e-13 0.999997615814209 -0.002184694167226553 
vn -1.0341130485562108e-13 0.999997615814209 -0.002184694167226553 
vn -1.0341130485562108e-13 0.999997615814209 -0.002184694167226553 
vn -1.0341130485562108e-13 0.999997615814209 -0.002184694167226553 
vn -1.0341130485562108e-13 0.999997615814209 0.002184694167226553 
vn -1.0341130485562108e-13 0.999997615814209 0.002184694167226553 
vn -1.0341130485562108e-13 0.999997615814209 0.002184694167226553 
vn -1.0341130485562108e-13 0.999997615814209 0.002184694167226553 
vn -1.0341130485562108e-13 0.999997615814209 0.002184694167226553 
vn -1.0341130485562108e-13 0.999997615814209 0.002184694167226553 
vn -2.0682311115474694e-13 0 -1 
vn -2.0682311115474694e-13 0 -1 
vn -2.0682311115474694e-13 0 -1 
vn -2.0682311115474694e-13 0 -1 
vn -2.0682311115474694e-13 0 -1 
vn -2.0682311115474694e-13 0 -1 
vn -2.0682311115474694e-13 0 -1 
vn -2.0682311115474694e-13 0 -1 
vn 0 0 1 
vn 0 0 1 
vn 0 0 1 
vn 0 0 1 
vn 0 0 1 
vn 0 0 1 
vn 0 0 1 
vn 0 0 1 
vn -2.0682311115474694e-13 0 -1 
vn -2.0682311115474694e-13 0 -1 
vn -2.0682311115474694e-13 0 -1 
vn -2.0682311115474694e-13 0 -1 
vn -2.0682311115474694e-13 0 -1 
vn -2.0682311115474694e-13 0 -1 
vn -2.0682311115474694e-13 0 -1 
vn -2.0682311115474694e-13 0 -1 
vn -2.0682311115474694e-13 0 -1 
vn -2.0682311115474694e-13 0 -1 
vn -2.0682311115474694e-13 0 -1 
vn -2.0682311115474694e-13 0 -1 
vn -2.0682311115474694e-13 0 -1 
vn -2.0682311115474694e-13 0 -1 
vn -2.0682311115474694e-13 0 -1 
vn 0 0 1 
vn 0 0 1 
vn 0 0 1 
vn 0 0 1 
vn 0 0 1 
vn 0 0 1 
vn 0 0 1 
vn 0 0 1 
vn 0 0 1 
vn 0 0 1 
vn 0 0 1 
vn 0 0 1 
vn -0.999997615814209 -2.0682260971124217e-13 0.002184694167226553 
vn -0.999997615814209 -2.0682260971124217e-13 0.002184694167226553 
vn -0.999997615814209 -2.0682260971124217e-13 0.002184694167226553 
vn -0.999997615814209 -2.0682260971124217e-13 0.002184694167226553 
vn -0.999997615814209 -2.0682260971124217e-13 0.002184694167226553 
vn -0.999997615814209 -2.0682260971124217e-13 0.002184694167226553 
vn -0.999997615814209 -2.0682260971124217e-13 0.002184694167226553 
vn 0 0 1 
vn 0 0 1 
vn 0 0 1 
vn 0 0 1 
vn 0.999997615814209 0 0.002184694167226553 
vn 0.999997615814209 0 0.002184694167226553 
vn 0.999997615814209 0 0.002184694167226553 
vn 0.999997615814209 0 0.002184694167226553 
vn 0 0 1 
vn 0 0 1 
vn 0 0 1 
vn 0 0 1 
vn -2.0682311115474694e-13 0 -1 
vn -2.0682311115474694e-13 0 -1 
vn -2.0682311115474694e-13 0 -1 
vn -2.0682311115474694e-13 0 -1 
vn 2.0682311115474694e-13 4.2775797696334704e-26 -1 
vn 2.0682311115474694e-13 4.2775797696334704e-26 -1 
vn 2.0682311115474694e-13 4.2775797696334704e-26 -1 
vn 2.0682311115474694e-13 4.2775797696334704e-26 -1 
vn -2.0682311115474694e-13 0 -1 
vn -2.0682311115474694e-13 0 -1 
vn -2.0682311115474694e-13 0 -1 
vn -2.0682311115474694e-13 0 -1 
vn -1.0341130485562108e-13 0.999997615814209 0.002184694167226553 
vn -1.0341130485562108e-13 0.999997615814209 0.002184694167226553 
vn -1.0341130485562108e-13 0.999997615814209 0.002184694167226553 
vn -1.0341130485562108e-13 0.999997615814209 0.002184694167226553 
vn -2.0682311115474694e-13 0 -1 
vn -2.0682311115474694e-13 0 -1 
vn -2.0682311115474694e-13 0 -1 
vn -2.0682311115474694e-13 0 -1 
vn -1.0341130485562108e-13 0.999997615814209 0.002184694167226553 
vn -1.0341130485562108e-13 0.999997615814209 0.002184694167226553 
vn -1.0341130485562108e-13 0.999997615814209 0.002184694167226553 
vn -1.0341130485562108e-13 0.999997615814209 0.002184694167226553 
vn -1.0341130485562108e-13 0.999997615814209 0.002184694167226553 
vn -1.0341130485562108e-13 0.999997615814209 0.002184694167226553 
vn -1.0341130485562108e-13 0.999997615814209 -0.002184694167226553 
vn -1.0341130485562108e-13 0.999997615814209 -0.002184694167226553 
vn -1.0341130485562108e-13 0.999997615814209 -0.002184694167226553 
vn -1.0341130485562108e-13 0.999997615814209 -0.002184694167226553 
vn -1.0341130485562108e-13 0.999997615814209 0.002184694167226553 
vn -1.0341130485562108e-13 0.999997615814209 0.002184694167226553 
vn -1.0341130485562108e-13 0.999997615814209 0.002184694167226553 
vn -1.0341130485562108e-13 0.999997615814209 0.002184694167226553 
vn -1.0341130485562108e-13 0.999997615814209 0.002184694167226553 
vn -1.0341130485562108e-13 0.999997615814209 0.002184694167226553 
vn 3.097898456858039e-13 -0.999997615814209 0.002184694167226553 
vn 3.097898456858039e-13 -0.999997615814209 0.002184694167226553 
vn 3.097898456858039e-13 -0.999997615814209 0.002184694167226553 
vn 3.097898456858039e-13 -0.999997615814209 0.002184694167226553 
vn 0 0 1 
vn 0 0 1 
vn 0 0 1 
vn 0 0 1 
vn 3.097898456858039e-13 -0.999997615814209 0.002184694167226553 
vn 3.097898456858039e-13 -0.999997615814209 0.002184694167226553 
vn 3.097898456858039e-13 -0.999997615814209 0.002184694167226553 
vn 3.097898456858039e-13 -0.999997615814209 0.002184694167226553 
vn -0.999997615814209 -2.0682260971124217e-13 0.002184694167226553 
vn -0.999997615814209 -2.0682260971124217e-13 0.002184694167226553 
vn -0.999997615814209 -2.0682260971124217e-13 0.002184694167226553 
vn -0.999997615814209 -2.0682260971124217e-13 0.002184694167226553 
vn -2.0682311115474694e-13 0 -1 
vn -2.0682311115474694e-13 0 -1 
vn -2.0682311115474694e-13 0 -1 
vn -2.0682311115474694e-13 0 -1 
vn 0 0 1 
vn 0 0 1 
vn 0 0 1 
vn 0 0 1 
vn -2.0682311115474694e-13 0 -1 
vn -2.0682311115474694e-13 0 -1 
vn -2.0682311115474694e-13 0 -1 
vn -2.0682311115474694e-13 0 -1 
vn 0 0 1 
vn 0 0 1 
vn 0 0 1 
vn 0 0 1 
vn 0 0 1 
vn 0 0 1 
vn 0 0 1 
vn 0 0 1 
vn 0 0 1 
vn 0 0 1 
vn 0 0 1 
vn -2.0682311115474694e-13 0 -1 
vn -2.0682311115474694e-13 0 -1 
vn -2.0682311115474694e-13 0 -1 
vn -2.0682311115474694e-13 0 -1 
vn 3.097898456858039e-13 -0.999997615814209 0.002184694167226553 
vn 3.097898456858039e-13 -0.999997615814209 0.002184694167226553 
vn 3.097898456858039e-13 -0.999997615814209 0.002184694167226553 
vn 3.097898456858039e-13 -0.999997615814209 0.002184694167226553 
vn 3.097898456858039e-13 -0.999997615814209 0.002184694167226553 
vn 3.097898456858039e-13 -0.999997615814209 0.002184694167226553 
vn 3.097898456858039e-13 -0.999997615814209 0.002184694167226553 
vn 3.097898456858039e-13 -0.999997615814209 0.002184694167226553 
vn -2.0682311115474694e-13 0 -1 
vn -0.999997615814209 -2.0682260971124217e-13 0.002184694167226553 
vn -0.999997615814209 -2.0682260971124217e-13 0.002184694167226553 
vn -0.999997615814209 -2.0682260971124217e-13 0.002184694167226553 
vn 0 0 1 
vn 0.09981407970190048 0.9905745983123779 0.09380380809307098 
vn 0.04525691270828247 0.9981130957603455 0.04149730131030083 
vn 0.10740320384502411 0.9905667901039124 0.08510008454322815 
vn 0.04526469111442566 0.9982846975326538 0.03713129088282585 
vn 0.11676342785358429 0.9905440807342529 0.07203252613544464 
vn 0.0452716089785099 0.9984372854232788 0.03276457265019417 
vn 0.1260886788368225 0.9902657270431519 0.058952588587999344 
vn 0.05282346159219742 0.9983147382736206 0.024029340595006943 
vn 0.13539931178092957 0.9899216890335083 0.04149730131030083 
vn 0.052828505635261536 0.9984100461006165 0.01966099627315998 
vn 0.13546140491962433 0.9903755784034729 0.028397228568792343 
vn 0.060374896973371506 0.9981160163879395 0.010923261754214764 
vn 0.13548985123634338 0.9905836582183838 0.01966099627315998 
vn 0.060377199202775955 0.9981541037559509 0.006554040592163801 
vn 0.14297764003276825 0.9896077513694763 0.0152922747656703 
vn 0.060377199202775955 0.9981541037559509 0.006554040592163801 
vn 0.1429940164089203 0.9897211194038391 0.002184694167226553 
vn 0.045294955372810364 0.9989521503448486 0.006554040592163801 
vn 0.12425852566957474 0.9896318316459656 -0.07203252613544464 
vn 0.022651128470897675 0.9996264576911926 -0.0152922747656703 
vn 0.07916827499866486 0.9890931248664856 -0.1242060661315918 
vn 0.015090227127075195 0.9990246295928955 -0.04149730131030083 
vn 0.062269628047943115 0.9897473454475403 -0.12854042649269104 
vn 0.020760230720043182 0.9982929825782776 -0.05459024757146835 
vn 0.05657823383808136 0.9906420707702637 -0.1242060661315918 
vn 0.028307650238275528 0.9981074929237366 -0.05459024757146835 
vn 0.05657823383808136 0.9906420707702637 -0.1242060661315918 
vn 0.028307650238275528 0.9981074929237366 -0.05459024757146835 
vn 0.05657823383808136 0.9906420707702637 -0.1242060661315918 
vn 0.028307650238275528 0.9981074929237366 -0.05459024757146835 
vn 0.062269628047943115 0.9897473454475403 -0.12854042649269104 
vn 0.028314143419265747 0.9983363747596741 -0.05022686347365379 
vn 0.045302875339984894 0.9895066022872925 -0.1372016966342926 
vn 0.022634264081716537 0.9988822340965271 -0.04149730131030083 
vn -0.0226434376090765 0.9896751642227173 -0.1415284425020218 
vn -0.007548788096755743 0.9995682239532471 -0.028397228568792343 
vn -0.09235958009958267 0.9894981980323792 -0.1111890971660614 
vn -0.030186811462044716 0.9990071058273315 -0.03276457265019417 
vn -0.09801355004310608 0.9903329610824585 -0.0981530249118805 
vn -0.04525691270828247 0.9981130957603455 -0.04149730131030083 
vn -0.10356725752353668 0.9901891946792603 -0.09380380809307098 
vn -0.04525691270828247 0.9981130957603455 -0.04149730131030083 
vn -0.11115629225969315 0.9901526570320129 -0.08510008454322815 
vn -0.04526469111442566 0.9982846975326538 -0.03713129088282585 
vn -0.11676342785358429 0.9905440807342529 -0.07203252613544464 
vn -0.0452716089785099 0.9984372854232788 -0.03276457265019417 
vn -0.129831463098526 0.9897819757461548 -0.058952588587999344 
vn -0.05282346159219742 0.9983147382736206 -0.024029340595006943 
vn -0.13539931178092957 0.9899216890335083 -0.04149730131030083 
vn -0.052828505635261536 0.9984100461006165 -0.01966099627315998 
vn -0.13546140491962433 0.9903755784034729 -0.028397228568792343 
vn -0.060374896973371506 0.9981160163879395 -0.010923261754214764 
vn -0.13548985123634338 0.9905836582183838 -0.01966099627315998 
vn -0.060377199202775955 0.9981541037559509 -0.006554040592163801 
vn -0.14297764003276825 0.9896077513694763 -0.0152922747656703 
vn -0.060377199202775955 0.9981541037559509 -0.006554040592163801 
vn -0.1429940164089203 0.9897211194038391 -0.002184694167226553 
vn -0.045294955372810364 0.9989521503448486 -0.006554040592163801 
vn -0.12425852566957474 0.9896318316459656 0.07203252613544464 
vn -0.022651128470897675 0.9996264576911926 0.0152922747656703 
vn -0.07916827499866486 0.9890931248664856 0.1242060661315918 
vn -0.015090227127075195 0.9990246295928955 0.04149730131030083 
vn -0.05850023403763771 0.9899773001670837 0.12854042649269104 
vn -0.024534115567803383 0.9982073903083801 0.05459024757146835 
vn -0.05657823383808136 0.9906420707702637 0.1242060661315918 
vn -0.024534115567803383 0.9982073903083801 0.05459024757146835 
vn -0.05657823383808136 0.9906420707702637 0.1242060661315918 
vn -0.024534115567803383 0.9982073903083801 0.05459024757146835 
vn -0.05657823383808136 0.9906420707702637 0.1242060661315918 
vn -0.024534115567803383 0.9982073903083801 0.05459024757146835 
vn -0.05850023403763771 0.9899773001670837 0.12854042649269104 
vn -0.02453974261879921 0.9984363317489624 0.05022686347365379 
vn -0.04336389899253845 0.989593505859375 0.1372016966342926 
vn -0.022634264081716537 0.9988822340965271 0.04149730131030083 
vn 0.0226434376090765 0.9896751642227173 0.1415284425020218 
vn 0.007548788096755743 0.9995682239532471 0.028397228568792343 
vn 0.09611779451370239 0.9891402125358582 0.1111890971660614 
vn 0.030186811462044716 0.9990071058273315 0.03276457265019417 
vn 0.09801355004310608 0.9903329610824585 0.0981530249118805 
vn 0.04525691270828247 0.9981130957603455 0.04149730131030083 
vn -0.16914749145507812 0.9689517021179199 -0.18033768236637115 
vn -0.16896657645702362 0.9727437496185303 -0.15880759060382843 
vn -0.18211209774017334 0.9724002480506897 -0.1458524912595749 
vn -0.19866640865802765 0.9721648693084717 -0.1242060661315918 
vn -0.21714159846305847 0.9707436561584473 -0.10250037163496017 
vn -0.2282477170228958 0.9709347486495972 -0.07203252613544464 
vn -0.22644491493701935 0.9727281332015991 -0.05022686347365379 
vn -0.23188289999961853 0.9723291397094727 -0.028397228568792343 
vn -0.24662651121616364 0.9690490365028381 -0.010923261754214764 
vn -0.2828545570373535 0.958443820476532 0.03713129088282585 
vn -0.2718975841999054 0.9491321444511414 0.15880759060382843 
vn -0.19308921694755554 0.9574248194694519 0.21460255980491638 
vn -0.13165773451328278 0.9687240719795227 0.2103329300880432 
vn -0.0997840091586113 0.9734386205673218 0.2060592919588089 
vn -0.09227646142244339 0.9741789698600769 0.2060592919588089 
vn -0.09418155252933502 0.9730826616287231 0.2103329300880432 
vn -0.08104071021080017 0.9683952927589417 0.23588760197162628 
vn -0.0339391864836216 0.9574809670448303 0.2864931523799896 
vn 0.050925321877002716 0.9488775730133057 0.31150925159454346 
vn 0.15781888365745544 0.9578257203102112 0.2401314377784729 
vn 0.16336485743522644 0.9699434041976929 0.18033768236637115 
vn 0.16896657645702362 0.9727437496185303 0.15880759060382843 
vn 0.18745191395282745 0.9713850021362305 0.1458524912595749 
vn 0.19866640865802765 0.9721648693084717 0.1242060661315918 
vn 0.21714159846305847 0.9707436561584473 0.10250037163496017 
vn 0.2282477170228958 0.9709347486495972 0.07203252613544464 
vn 0.2301206886768341 0.9718650579452515 0.05022686347365379 
vn 0.23188289999961853 0.9723291397094727 0.028397228568792343 
vn 0.24662651121616364 0.9690490365028381 0.010923261754214764 
vn 0.2828545570373535 0.958443820476532 -0.03713129088282585 
vn 0.2718975841999054 0.9491321444511414 -0.15880759060382843 
vn 0.19678743183612823 0.9566715359687805 -0.21460255980491638 
vn 0.12994681298732758 0.9689550399780273 -0.2103329300880432 
vn 0.10178442299365997 0.9732314944267273 -0.2060592919588089 
vn 0.09426919370889664 0.9739881157875061 -0.2060592919588089 
vn 0.09241679310798645 0.9732518792152405 -0.2103329300880432 
vn 0.07727953791618347 0.9687026739120483 -0.23588760197162628 
vn 0.03964237496256828 0.9572618007659912 -0.2864931523799896 
vn -0.054693542420864105 0.9486678242683411 -0.31150925159454346 
vn -0.1503659188747406 0.9590239524841309 -0.2401314377784729 
vn -0.35098549723625183 0.7437529563903809 -0.5688942670822144 
vn -0.42867881059646606 0.7727078199386597 -0.46814218163490295 
vn -0.45256224274635315 0.7838608026504517 -0.42514660954475403 
vn -0.48731741309165955 0.7836701273918152 -0.3852050006389618 
vn -0.529911994934082 0.7820256948471069 -0.3280687630176544 
vn -0.568522572517395 0.778649091720581 -0.26549527049064636 
vn -0.5912788510322571 0.7829797267913818 -0.19321508705615997 
vn -0.6085682511329651 0.783021092414856 -0.12854042649269104 
vn -0.6191356182098389 0.7815597653388977 -0.0763898640871048 
vn -0.6341374516487122 0.772698700428009 -0.028397228568792343 
vn -0.6607416868209839 0.7447289824485779 0.09380380809307098 
vn -0.5985957980155945 0.7212091088294983 0.34862664341926575 
vn -0.4581833779811859 0.7383063435554504 0.4949462115764618 
vn -0.33900997042655945 0.7679217457771301 0.5434780716896057 
vn -0.27931416034698486 0.7839553952217102 0.5544344186782837 
vn -0.2614392936229706 0.7875357270240784 0.5580654144287109 
vn -0.2505490183830261 0.7833163142204285 0.5688942670822144 
vn -0.19763773679733276 0.7691419720649719 0.607749879360199 
vn -0.08275792002677917 0.7393064498901367 0.6682642698287964 
vn 0.12383123487234116 0.7215830683708191 0.681163489818573 
vn 0.35571935772895813 0.7442477941513062 0.5652954578399658 
vn 0.4264962077140808 0.773914635181427 0.46814218163490295 
vn 0.4569099247455597 0.7813345193862915 0.42514660954475403 
vn 0.4902685582637787 0.7838028073310852 0.3811691105365753 
vn 0.5308806300163269 0.7813684344291687 0.3280687630176544 
vn 0.5633289813995361 0.7824146747589111 0.26549527049064636 
vn 0.5921639800071716 0.7823104858398438 0.19321508705615997 
vn 0.6055821180343628 0.7853328585624695 0.12854042649269104 
vn 0.6191356182098389 0.7815597653388977 0.0763898640871048 
vn 0.6341374516487122 0.772698700428009 0.028397228568792343 
vn 0.6635591387748718 0.7422196865081787 -0.09380380809307098 
vn 0.5985957980155945 0.7212091088294983 -0.34862664341926575 
vn 0.4571460485458374 0.7389490604400635 -0.4949462115764618 
vn 0.3342764973640442 0.7699940204620361 -0.5434780716896057 
vn 0.27435779571533203 0.785703718662262 -0.5544344186782837 
vn 0.25642135739326477 0.7891837954521179 -0.5580654144287109 
vn 0.24550175666809082 0.7849128246307373 -0.5688942670822144 
vn 0.2018820196390152 0.7680388689041138 -0.607749879360199 
vn 0.08482585847377777 0.742003858089447 -0.6650074124336243 
vn -0.11098544299602509 0.7236701846122742 -0.681163489818573 
vn -0.15218865871429443 0.44882315397262573 -0.8805659413337708 
vn -0.4587465226650238 0.4654303193092346 -0.7569189071655273 
vn -0.5855371952056885 0.4907757639884949 -0.6452018022537231 
vn -0.6329535841941833 0.5009655356407166 -0.590256929397583 
vn -0.6821385622024536 0.501205563545227 -0.5324283838272095 
vn -0.7328794598579407 0.5044580101966858 -0.456519216299057 
vn -0.7830430865287781 0.5036391019821167 -0.3649536371231079 
vn -0.8233537673950195 0.4993472099304199 -0.26970529556274414 
vn -0.8448168635368347 0.5037487149238586 -0.18033768236637115 
vn -0.858856201171875 0.5009490847587585 -0.10684575140476227 
vn -0.8705483675003052 0.49099084734916687 -0.03276457265019417 
vn -0.8739345669746399 0.46752896904945374 0.1328723281621933 
vn -0.7739400267601013 0.4468344748020172 0.4487268626689911 
vn -0.6100286841392517 0.4599778950214386 0.6452018022537231 
vn -0.4701937139034271 0.4861767292022705 0.736579954624176 
vn -0.3872963786125183 0.5055080652236938 0.7710143327713013 
vn -0.36405494809150696 0.510061502456665 0.7792953848838806 
vn -0.3409576416015625 0.505190908908844 0.7927988767623901 
vn -0.2671836316585541 0.48788148164749146 0.8310141563415527 
vn -0.09914866834878922 0.4634362459182739 0.8805659413337708 
vn 0.15360127389431 0.4483416676521301 0.8805659413337708 
vn 0.45741555094718933 0.46673843264579773 0.7569189071655273 
vn 0.5841894745826721 0.4923792779445648 0.6452018022537231 
vn 0.631106436252594 0.503290593624115 0.590256929397583 
vn 0.6825887560844421 0.5005922317504883 0.5324283838272095 
vn 0.7332896590232849 0.5038616061210632 0.456519216299057 
vn 0.7850782871246338 0.5004607439041138 0.3649536371231079 
vn 0.8217328190803528 0.50201016664505 0.26970529556274414 
vn 0.8451473712921143 0.5031940340995789 0.18033768236637115 
vn 0.8572707176208496 0.5036575198173523 0.10684575140476227 
vn 0.8705483675003052 0.49099084734916687 0.03276457265019417 
vn 0.8757085800170898 0.46419763565063477 -0.1328723281621933 
vn 0.7736249566078186 0.4473797678947449 -0.4487268626689911 
vn 0.6068021655082703 0.46422603726387024 -0.6452018022537231 
vn 0.4688040316104889 0.4875169098377228 -0.736579954624176 
vn 0.38854464888572693 0.5045492649078369 -0.7710143327713013 
vn 0.36312341690063477 0.5107250809669495 -0.7792953848838806 
vn 0.33998337388038635 0.5058470964431763 -0.7927988767623901 
vn 0.2649213969707489 0.48911356925964355 -0.8310141563415527 
vn 0.10124317556619644 0.4629831910133362 -0.8805659413337708 
vn 0.29001641273498535 0.21817538142204285 -0.931820809841156 
vn 0.10569233447313309 0.21325555443763733 -0.9712626934051514 
vn -0.16295084357261658 0.206931009888649 -0.9646899104118347 
vn -0.4978431463241577 0.21337585151195526 -0.8406086564064026 
vn -0.653378963470459 0.21904915571212769 -0.7246471047401428 
vn -0.7115572690963745 0.22682909667491913 -0.6650074124336243 
vn -0.7664445042610168 0.22719532251358032 -0.6007870435714722 
vn -0.8261791467666626 0.23114365339279175 -0.5138099193572998 
vn -0.8826082944869995 0.22412149608135223 -0.41324591636657715 
vn -0.9252386093139648 0.2280508428812027 -0.30319350957870483 
vn -0.95247882604599 0.22818459570407867 -0.2017817199230194 
vn -0.9667544364929199 0.2281196415424347 -0.11553031951189041 
vn -0.9739223122596741 0.22450339794158936 -0.03276457265019417 
vn -0.965451717376709 0.20984551310539246 0.15449213981628418 
vn -0.8464561700820923 0.20564228296279907 0.4911448359489441 
vn -0.6766409873962402 0.20796476304531097 0.7063339352607727 
vn -0.5265249013900757 0.22013220191001892 0.8211658596992493 
vn -0.4369746446609497 0.22835977375507355 0.8700028657913208 
vn -0.4095821678638458 0.23067237436771393 0.882628321647644 
vn -0.3853397071361542 0.22609685361385345 0.8946471214294434 
vn -0.39526233077049255 -8.174938590649328e-14 0.9185682535171509 
vn -0.29694145917892456 -6.14143542336347e-14 0.9548956751823425 
vn -0.29371964931488037 -0.14144791662693024 0.9453682899475098 
vn -0.1016019880771637 -0.14111627638339996 0.9847655892372131 
vn -0.10193303227424622 -0.1815364509820938 0.9780870079994202 
vn 0.17326374351978302 -0.181219682097435 0.9680594801902771 
vn 0.29694145917892456 0 -0.9548956751823425 
vn 0.10901768505573273 0 -0.9940398335456848 
vn -0.1695406585931778 -0.0037781267892569304 -0.9855159521102905 
vn -0.5081761479377747 -1.0510257215327196e-13 -0.8612531423568726 
vn -0.6698772311210632 -0.0037782832514494658 -0.7424622178077698 
vn -0.7291480898857117 -1.5080466172698315e-13 -0.6843559741973877 
vn -0.7887872457504272 -1.631394265554434e-13 -0.6146662831306458 
vn -0.8487933278083801 -1.7555007198345046e-13 -0.528724730014801 
vn -0.9069656133651733 -0.003773950971662998 -0.42118772864341736 
vn -0.9502356052398682 -0.0037740441039204597 -0.31150925159454346 
vn -0.9785395264625549 -2.0238457719597147e-13 -0.2060592919588089 
vn -0.9927896857261658 -2.0533184527660175e-13 -0.11986933648586273 
vn -0.9994630813598633 -2.0671206174723011e-13 -0.03276457265019417 
vn -0.9873095750808716 -2.0419843387801256e-13 0.15880759060382843 
vn -0.8645652532577515 -1.7919601349655756e-13 0.5025205612182617 
vn -0.6922695636749268 -0.0037692382466048002 0.7216291427612305 
vn -0.5416429042816162 -1.1202426790021813e-13 0.8406086564064026 
vn -0.4506781995296478 -9.321066325469057e-14 0.8926864862442017 
vn -0.423151433467865 0.003766018431633711 0.9060511589050293 
vn -0.38961803913116455 -0.14358742535114288 0.9097144603729248 
vn -0.2930273115634918 -0.1850714385509491 0.9380210638046265 
vn 0.29488080739974976 -0.1390109807252884 -0.9453682899475098 
vn 0.10585583746433258 -0.1379540115594864 -0.9847655892372131 
vn -0.16602928936481476 -0.13931511342525482 -0.976230263710022 
vn -0.5045836567878723 -0.1381363868713379 -0.8522403836250305 
vn -0.6611484289169312 -0.1425929069519043 -0.736579954624176 
vn -0.724149227142334 -0.14259837567806244 -0.67473965883255 
vn -0.7811729907989502 -0.14285963773727417 -0.607749879360199 
vn -0.8413464426994324 -0.14281372725963593 -0.5212872624397278 
vn -0.8974977731704712 -0.14291441440582275 -0.417220801115036 
vn -0.9408052563667297 -0.14289423823356628 -0.30735430121421814 
vn -0.9680346846580505 -0.1429978311061859 -0.2060592919588089 
vn -0.9824388027191162 -0.14298737049102783 -0.11986933648586273 
vn -0.9891921281814575 -0.14291757345199585 -0.03276457265019417 
vn -0.9769155383110046 -0.14288519322872162 0.15880759060382843 
vn -0.8583433628082275 -0.13518474996089935 0.4949462115764618 
vn -0.6878732442855835 -0.13850736618041992 0.7124928832054138 
vn -0.5332122445106506 -0.14514806866645813 0.8334367275238037 
vn -0.4461241364479065 -0.14812341332435608 0.882628321647644 
vn -0.4175627827644348 -0.1475343257188797 0.8965907096862793 
vn -0.3874428868293762 -0.18896852433681488 0.9023185968399048 
vn 0.29230108857154846 -0.1862163245677948 -0.9380210638046265 
vn 0.10841618478298187 -0.182725727558136 -0.9771679639816284 
vn -0.163995161652565 -0.18401682376861572 -0.9691457152366638 
vn -0.5011880397796631 -0.1850995123386383 -0.8453097939491272 
vn -0.6568188667297363 -0.18641915917396545 -0.7306414246559143 
vn -0.717035710811615 -0.1869126558303833 -0.6715083718299866 
vn -0.773623526096344 -0.1906810700893402 -0.6042742133140564 
vn -0.8349120020866394 -0.18724392354488373 -0.5175535082817078 
vn -0.8911365866661072 -0.18735907971858978 -0.41324591636657715 
vn -0.9335448741912842 -0.19122672080993652 -0.30319350957870483 
vn -0.9603763818740845 -0.18766145408153534 -0.2060592919588089 
vn -0.9748919606208801 -0.18766196072101593 -0.11986933648586273 
vn -0.9817032217979431 -0.1875772625207901 -0.03276457265019417 
vn -0.9714155197143555 -0.18023324012756348 0.15449213981628418 
vn -0.85151606798172 -0.18356792628765106 0.4911448359489441 
vn -0.6806893348693848 -0.18271557986736298 0.7094202041625977 
vn -0.5323134660720825 -0.1848393678665161 0.8261215686798096 
vn -0.44237881898880005 -0.1903681606054306 0.8763908743858337 
vn -0.41455602645874023 -0.1864970624446869 0.8907088041305542 
vn 0.39062193036079407 -0.14083348214626312 -0.9097144603729248 
vn 0.39526233077049255 0 -0.9185682535171509 
vn 0.4231681823730469 0 -0.9060511589050293 
vn 0.4092791974544525 0.23120947182178497 -0.882628321647644 
vn 0.4506781995296478 0 -0.8926864862442017 
vn 0.4384470283985138 0.22551994025707245 -0.8700028657913208 
vn 0.5416429042816162 0 -0.8406086564064026 
vn 0.5261563658714294 0.22101165354251862 -0.8211658596992493 
vn 0.6922798156738281 0 -0.7216291427612305 
vn 0.6765356063842773 0.20830729603767395 -0.7063339352607727 
vn 0.8645652532577515 0 -0.5025205612182617 
vn 0.8455570936203003 0.20930823683738708 -0.4911448359489441 
vn 0.965451717376709 0.20984551310539246 -0.15449213981628418 
vn 0.9739223122596741 0.22450339794158936 0.03276457265019417 
vn 0.9676140546798706 0.22444550693035126 0.11553031951189041 
vn 0.9533513188362122 0.22451138496398926 0.2017817199230194 
vn 0.9261348247528076 0.22438357770442963 0.30319350957870483 
vn 0.8826082944869995 0.22412149608135223 0.41324591636657715 
vn 0.8262672424316406 0.2308284193277359 0.5138099193572998 
vn 0.7654640674591064 0.2304769903421402 0.6007870435714722 
vn 0.7105167508125305 0.230067640542984 0.6650074124336243 
vn 0.6522956490516663 0.22225432097911835 0.7246471047401428 
vn 0.5021651983261108 0.21258839964866638 0.838234007358551 
vn 0.172648623585701 0.2044571042060852 0.9635298252105713 
vn -0.10142640024423599 0.21061408519744873 0.9722933769226074 
vn -0.29332706332206726 0.22054143249988556 0.9302261471748352 
vn -0.10467331111431122 -2.164885939514704e-14 0.9945066571235657 
vn 0.1738872230052948 0 0.9847655892372131 
vn 0.5119344592094421 0 0.8590245246887207 
vn 0.669887900352478 0 0.7424622178077698 
vn 0.7291480898857117 0 0.6843559741973877 
vn 0.7887872457504272 0 0.6146662831306458 
vn 0.8487933278083801 0 0.528724730014801 
vn 0.9069734811782837 0 0.42118772864341736 
vn 0.9502431154251099 0 0.31150925159454346 
vn 0.9785395264625549 0 0.2060592919588089 
vn 0.9927896857261658 0 0.11986933648586273 
vn 0.9994630813598633 0 0.03276457265019417 
vn 0.986606240272522 0 -0.16312000155448914 
vn 0.17194534838199615 -0.13883617520332336 0.9752739667892456 
vn 0.5075953006744385 -0.1412023901939392 0.8499464392662048 
vn 0.6612556576728821 -0.14209485054016113 0.736579954624176 
vn 0.7241942882537842 -0.14236941933631897 0.67473965883255 
vn 0.7812508940696716 -0.14243273437023163 0.607749879360199 
vn 0.8413801789283752 -0.14261475205421448 0.5212872624397278 
vn 0.8975275754928589 -0.14272719621658325 0.417220801115036 
vn 0.9408052563667297 -0.14289423823356628 0.30735430121421814 
vn 0.9680604338645935 -0.14282363653182983 0.2060592919588089 
vn 0.9824388027191162 -0.14298737049102783 0.11986933648586273 
vn 0.9891921281814575 -0.14291757345199585 0.03276457265019417 
vn 0.9769155383110046 -0.14288519322872162 -0.15880759060382843 
vn 0.8561110496520996 -0.13540348410606384 -0.4987381398677826 
vn 0.5053783655166626 -0.18438775837421417 0.8429672718048096 
vn 0.6569093465805054 -0.18609991669654846 0.7306414246559143 
vn 0.7171128988265991 -0.18661630153656006 0.6715083718299866 
vn 0.7745850682258606 -0.1867368072271347 0.6042742133140564 
vn 0.8349698781967163 -0.1869855672121048 0.5175535082817078 
vn 0.8911365866661072 -0.18735907971858978 0.41324591636657715 
vn 0.934295117855072 -0.1875268518924713 0.30319350957870483 
vn 0.9612952470779419 -0.18760472536087036 0.2017817199230194 
vn 0.9748919606208801 -0.18766196072101593 0.11986933648586273 
vn 0.9817032217979431 -0.1875772625207901 0.03276457265019417 
vn 0.9707425832748413 -0.18010838329792023 -0.15880759060382843 
vn 0.8500922322273254 -0.17992067337036133 -0.4949462115764618 
vn 0.6870197653770447 -0.14268039166927338 -0.7124928832054138 
vn 0.6815789341926575 -0.1793687790632248 -0.7094202041625977 
vn 0.534028947353363 -0.14211368560791016 -0.8334367275238037 
vn 0.5320488810539246 -0.1855994611978531 -0.8261215686798096 
vn 0.4460025429725647 -0.14848913252353668 -0.882628321647644 
vn 0.44199109077453613 -0.19126662611961365 -0.8763908743858337 
vn 0.41728976368904114 -0.14830482006072998 -0.8965907096862793 
vn 0.4127790629863739 -0.19039775431156158 -0.8907088041305542 
vn 0.3869625926017761 -0.1899501234292984 -0.9023185968399048 
vn 0.38275372982025146 0.23044753074645996 -0.8946471214294434 
vn -0.8911365866661072 -0.18735907971858978 0.41324591636657715 
vn -0.9408052563667297 -0.14289423823356628 0.30735430121421814 
vn -0.9335448741912842 -0.19122672080993652 0.30319350957870483 
vn -0.9675027132034302 -0.1465541571378708 0.2060592919588089 
vn -0.9596911072731018 -0.19113479554653168 0.2060592919588089 
vn -0.9824388027191162 -0.14298737049102783 0.11986933648586273 
vn -0.9748919606208801 -0.18766196072101593 0.11986933648586273 
vn -0.9891921281814575 -0.14291757345199585 0.03276457265019417 
vn -0.9817032217979431 -0.1875772625207901 0.03276457265019417 
vn -0.9769155383110046 -0.14288519322872162 -0.15880759060382843 
vn -0.9714155197143555 -0.18023324012756348 -0.15449213981628418 
vn -0.8577178120613098 -0.13909846544265747 -0.4949462115764618 
vn -0.85151606798172 -0.18356792628765106 -0.4911448359489441 
vn -0.687778651714325 -0.13897621631622314 -0.7124928832054138 
vn -0.6815789341926575 -0.1793687790632248 -0.7094202041625977 
vn -0.5349891185760498 -0.13845527172088623 -0.8334367275238037 
vn -0.5320488810539246 -0.1855994611978531 -0.8261215686798096 
vn -0.44718119502067566 -0.1449008584022522 -0.882628321647644 
vn -0.44199109077453613 -0.19126662611961365 -0.8763908743858337 
vn -0.41728976368904114 -0.14830482006072998 -0.8965907096862793 
vn -0.4127790629863739 -0.19039775431156158 -0.8907088041305542 
vn -0.3869625926017761 -0.1899501234292984 -0.9023185968399048 
vn -0.9785322546958923 -0.00377198145724833 0.2060592919588089 
vn -0.9927896857261658 -2.0533184527660175e-13 0.11986933648586273 
vn -0.9994630813598633 -2.0671206174723011e-13 0.03276457265019417 
vn -0.9873095750808716 -2.0419843387801256e-13 -0.15880759060382843 
vn -0.8645570278167725 -0.0037776122335344553 -0.5025205612182617 
vn -0.6922798156738281 -1.431794678478926e-13 -0.7216291427612305 
vn -0.5416429042816162 -1.1202426790021813e-13 -0.8406086564064026 
vn -0.45066237449645996 -0.003775548655539751 -0.8926864862442017 
vn -0.4231681823730469 -8.752095998886683e-14 -0.9060511589050293 
vn -0.38932332396507263 -0.14438462257385254 -0.9097144603729248 
vn -0.29230108857154846 -0.1862163245677948 -0.9380210638046265 
vn -0.9667544364929199 0.2281196415424347 0.11553031951189041 
vn -0.9739223122596741 0.22450339794158936 0.03276457265019417 
vn -0.965451717376709 0.20984551310539246 -0.15449213981628418 
vn -0.8464561700820923 0.20564228296279907 -0.4911448359489441 
vn -0.6754149198532104 0.21191279590129852 -0.7063339352607727 
vn -0.5261563658714294 0.22101165354251862 -0.8211658596992493 
vn -0.4384470283985138 0.22551994025707245 -0.8700028657913208 
vn -0.41112369298934937 0.22791357338428497 -0.882628321647644 
vn -0.39526233077049255 -8.174938590649328e-14 -0.9185682535171509 
vn -0.2932495176792145 -0.1424199938774109 -0.9453682899475098 
vn -0.09970258921384811 -0.18277095258235931 -0.9780870079994202 
vn -0.8705483675003052 0.49099084734916687 0.03276457265019417 
vn -0.8739345669746399 0.46752896904945374 -0.1328723281621933 
vn -0.7717263698577881 0.45064684748649597 -0.4487268626689911 
vn -0.6090914011001587 0.4612182676792145 -0.6452018022537231 
vn -0.4688040316104889 0.4875169098377228 -0.736579954624176 
vn -0.3855414092540741 0.5068477988243103 -0.7710143327713013 
vn -0.3661964237689972 0.5085262060165405 -0.7792953848838806 
vn -0.38469138741493225 0.22719818353652954 -0.8946471214294434 
vn -0.2969174385070801 -0.0037766960449516773 -0.9548956751823425 
vn -0.10585583746433258 -0.1379540115594864 -0.9847655892372131 
vn 0.17185087502002716 -0.1825600564479828 -0.9680594801902771 
vn -0.25642135739326477 0.7891837954521179 -0.5580654144287109 
vn -0.24550175666809082 0.7849128246307373 -0.5688942670822144 
vn -0.3431112766265869 0.5037307143211365 -0.7927988767623901 
vn -0.2018820196390152 0.7680388689041138 -0.607749879360199 
vn -0.2649213969707489 0.48911356925964355 -0.8310141563415527 
vn -0.08476684242486954 0.7390788197517395 -0.6682642698287964 
vn -0.10124317556619644 0.4629831910133362 -0.8805659413337708 
vn 0.12217109650373459 0.7218659520149231 -0.681163489818573 
vn 0.1593264639377594 0.4463391900062561 -0.8805659413337708 
vn 0.3544984459877014 0.7448301315307617 -0.5652954578399658 
vn 0.4614316523075104 0.46276840567588806 -0.7569189071655273 
vn 0.43197765946388245 0.7708684802055359 -0.46814218163490295 
vn 0.587958037853241 0.4878728985786438 -0.6452018022537231 
vn 0.45582863688468933 0.7819658517837524 -0.42514660954475403 
vn 0.630601167678833 0.5039235353469849 -0.590256929397583 
vn 0.48923683166503906 0.784447193145752 -0.3811691105365753 
vn 0.6821385622024536 0.501205563545227 -0.5324283838272095 
vn 0.529911994934082 0.7820256948471069 -0.3280687630176544 
vn 0.7328794598579407 0.5044580101966858 -0.456519216299057 
vn 0.568522572517395 0.778649091720581 -0.26549527049064636 
vn 0.7850782871246338 0.5004607439041138 -0.3649536371231079 
vn 0.5912788510322571 0.7829797267913818 -0.19321508705615997 
vn 0.8213889598846436 0.5025726556777954 -0.26970529556274414 
vn 0.6055821180343628 0.7853328585624695 -0.12854042649269104 
vn 0.8448168635368347 0.5037487149238586 -0.18033768236637115 
vn 0.6191356182098389 0.7815597653388977 -0.0763898640871048 
vn 0.8569470047950745 0.5042080879211426 -0.10684575140476227 
vn 0.6341374516487122 0.772698700428009 -0.028397228568792343 
vn 0.8705483675003052 0.49099084734916687 -0.03276457265019417 
vn 0.6635591387748718 0.7422196865081787 0.09380380809307098 
vn 0.8757085800170898 0.46419763565063477 0.1328723281621933 
vn 0.5985957980155945 0.7212091088294983 0.34862664341926575 
vn 0.7739400267601013 0.4468344748020172 0.4487268626689911 
vn 0.4581833779811859 0.7383063435554504 0.4949462115764618 
vn 0.6077527403831482 0.46298086643218994 0.6452018022537231 
vn 0.33555519580841064 0.7694376111030579 0.5434780716896057 
vn 0.4701937139034271 0.4861767292022705 0.736579954624176 
vn 0.275757372379303 0.7852135896682739 0.5544344186782837 
vn 0.3902803361415863 0.5032078623771667 0.7710143327713013 
vn 0.2578561305999756 0.788716197013855 0.5580654144287109 
vn 0.36405494809150696 0.510061502456665 0.7792953848838806 
vn 0.24695390462875366 0.7844571471214294 0.5688942670822144 
vn 0.3409576416015625 0.505190908908844 0.7927988767623901 
vn 0.19763773679733276 0.7691419720649719 0.607749879360199 
vn 0.2671836316585541 0.48788148164749146 0.8310141563415527 
vn 0.08656369149684906 0.7418031096458435 0.6650074124336243 
vn 0.1028313860297203 0.46263301372528076 0.8805659413337708 
vn -0.11639226973056793 0.7228202223777771 0.681163489818573 
vn -0.15003061294555664 0.44954913854599 0.8805659413337708 
vn -0.3556164503097534 0.7415498495101929 0.5688942670822144 
vn -0.46009838581085205 0.46409398317337036 0.7569189071655273 
vn -0.4264962077140808 0.773914635181427 0.46814218163490295 
vn -0.5866106748580933 0.48949214816093445 0.6452018022537231 
vn -0.4569099247455597 0.7813345193862915 0.42514660954475403 
vn -0.631106436252594 0.503290593624115 0.590256929397583 
vn -0.48731741309165955 0.7836701273918152 0.3852050006389618 
vn -0.6803512573242188 0.5036289691925049 0.5324283838272095 
vn -0.5277573466300964 0.7834814190864563 0.3280687630176544 
vn -0.7354192733764648 0.5007481575012207 0.456519216299057 
vn -0.5663856863975525 0.7802047729492188 0.26549527049064636 
vn -0.7830430865287781 0.5036391019821167 0.3649536371231079 
vn -0.5951678156852722 0.7800276875495911 0.19321508705615997 
vn -0.8217328190803528 0.50201016664505 0.26970529556274414 
vn -0.6085682511329651 0.783021092414856 0.12854042649269104 
vn -0.8470713496208191 0.4999484121799469 0.18033768236637115 
vn -0.6191356182098389 0.7815597653388977 0.0763898640871048 
vn -0.8572707176208496 0.5036575198173523 0.10684575140476227 
vn -0.6341374516487122 0.772698700428009 0.028397228568792343 
vn -0.6607416868209839 0.7447289824485779 -0.09380380809307098 
vn -0.5985957980155945 0.7212091088294983 -0.34862664341926575 
vn -0.4539308547973633 0.7409284710884094 -0.4949462115764618 
vn -0.3342764973640442 0.7699940204620361 -0.5434780716896057 
vn -0.27435779571533203 0.785703718662262 -0.5544344186782837 
vn -0.09426919370889664 0.9739881157875061 -0.2060592919588089 
vn -0.09617692977190018 0.9728874564170837 -0.2103329300880432 
vn -0.08104071021080017 0.9683952927589417 -0.23588760197162628 
vn -0.03586876764893532 0.9574106335639954 -0.2864931523799896 
vn 0.050925321877002716 0.9488775730133057 -0.31150925159454346 
vn 0.15781888365745544 0.9578257203102112 -0.2401314377784729 
vn 0.16914749145507812 0.9689517021179199 -0.18033768236637115 
vn 0.16896657645702362 0.9727437496185303 -0.15880759060382843 
vn 0.18582265079021454 0.971697986125946 -0.1458524912595749 
vn 0.19866640865802765 0.9721648693084717 -0.1242060661315918 
vn 0.21714159846305847 0.9707436561584473 -0.10250037163496017 
vn 0.2282477170228958 0.9709347486495972 -0.07203252613544464 
vn 0.2301206886768341 0.9718650579452515 -0.05022686347365379 
vn 0.23188289999961853 0.9723291397094727 -0.028397228568792343 
vn 0.24662651121616364 0.9690490365028381 -0.010923261754214764 
vn 0.2828545570373535 0.958443820476532 0.03713129088282585 
vn 0.2718975841999054 0.9491321444511414 0.15880759060382843 
vn 0.19678743183612823 0.9566715359687805 0.21460255980491638 
vn 0.13165773451328278 0.9687240719795227 0.2103329300880432 
vn 0.10353558510541916 0.9730467200279236 0.2060592919588089 
vn 0.09603095054626465 0.9738160371780396 0.2060592919588089 
vn 0.09418155252933502 0.9730826616287231 0.2103329300880432 
vn 0.07727953791618347 0.9687026739120483 0.23588760197162628 
vn 0.04147694259881973 0.9571840763092041 0.2864931523799896 
vn -0.054693542420864105 0.9486678242683411 0.31150925159454346 
vn -0.1503659188747406 0.9590239524841309 0.2401314377784729 
vn -0.1670842468738556 0.9693096280097961 0.18033768236637115 
vn -0.16896657645702362 0.9727437496185303 0.15880759060382843 
vn -0.18745191395282745 0.9713850021362305 0.1458524912595749 
vn -0.19866640865802765 0.9721648693084717 0.1242060661315918 
vn -0.21714159846305847 0.9707436561584473 0.10250037163496017 
vn -0.2282477170228958 0.9709347486495972 0.07203252613544464 
vn -0.22644491493701935 0.9727281332015991 0.05022686347365379 
vn -0.23188289999961853 0.9723291397094727 0.028397228568792343 
vn -0.24662651121616364 0.9690490365028381 0.010923261754214764 
vn -0.2828545570373535 0.958443820476532 -0.03713129088282585 
vn -0.2718975841999054 0.9491321444511414 -0.15880759060382843 
vn -0.19308921694755554 0.9574248194694519 -0.21460255980491638 
vn -0.13369007408618927 0.9684456586837769 -0.2103329300880432 
vn -0.10178442299365997 0.9732314944267273 -0.2060592919588089 
vn 0.028307650238275528 0.9981074929237366 0.05459024757146835 
vn 0.028307650238275528 0.9981074929237366 0.05459024757146835 
vn 0.028314143419265747 0.9983363747596741 0.05022686347365379 
vn 0.022634264081716537 0.9988822340965271 0.04149730131030083 
vn -0.007548788096755743 0.9995682239532471 0.028397228568792343 
vn -0.030186811462044716 0.9990071058273315 0.03276457265019417 
vn -0.04525691270828247 0.9981130957603455 0.04149730131030083 
vn -0.04525691270828247 0.9981130957603455 0.04149730131030083 
vn -0.04526469111442566 0.9982846975326538 0.03713129088282585 
vn -0.0452716089785099 0.9984372854232788 0.03276457265019417 
vn -0.05282346159219742 0.9983147382736206 0.024029340595006943 
vn -0.052828505635261536 0.9984100461006165 0.01966099627315998 
vn -0.060374896973371506 0.9981160163879395 0.010923261754214764 
vn -0.060377199202775955 0.9981541037559509 0.006554040592163801 
vn -0.060377199202775955 0.9981541037559509 0.006554040592163801 
vn -0.045294955372810364 0.9989521503448486 0.006554040592163801 
vn -0.022651128470897675 0.9996264576911926 -0.0152922747656703 
vn -0.015090227127075195 0.9990246295928955 -0.04149730131030083 
vn -0.024534115567803383 0.9982073903083801 -0.05459024757146835 
vn -0.024534115567803383 0.9982073903083801 -0.05459024757146835 
vn -0.024534115567803383 0.9982073903083801 -0.05459024757146835 
vn -0.024534115567803383 0.9982073903083801 -0.05459024757146835 
vn -0.02453974261879921 0.9984363317489624 -0.05022686347365379 
vn -0.022634264081716537 0.9988822340965271 -0.04149730131030083 
vn 0.007548788096755743 0.9995682239532471 -0.028397228568792343 
vn 0.030186811462044716 0.9990071058273315 -0.03276457265019417 
vn 0.04525691270828247 0.9981130957603455 -0.04149730131030083 
vn 0.04525691270828247 0.9981130957603455 -0.04149730131030083 
vn 0.04526469111442566 0.9982846975326538 -0.03713129088282585 
vn 0.0452716089785099 0.9984372854232788 -0.03276457265019417 
vn 0.05282346159219742 0.9983147382736206 -0.024029340595006943 
vn 0.052828505635261536 0.9984100461006165 -0.01966099627315998 
vn 0.060374896973371506 0.9981160163879395 -0.010923261754214764 
vn 0.060377199202775955 0.9981541037559509 -0.006554040592163801 
vn 0.060377199202775955 0.9981541037559509 -0.006554040592163801 
vn 0.045294955372810364 0.9989521503448486 -0.006554040592163801 
vn 0.022651128470897675 0.9996264576911926 0.0152922747656703 
vn 0.015090227127075195 0.9990246295928955 0.04149730131030083 
vn 0.020760230720043182 0.9982929825782776 0.05459024757146835 
vn 0.028307650238275528 0.9981074929237366 0.05459024757146835 
vn 0.05657823383808136 0.9906420707702637 0.1242060661315918 
vn 0.05657823383808136 0.9906420707702637 0.1242060661315918 
vn 0.062269628047943115 0.9897473454475403 0.12854042649269104 
vn 0.047131940722465515 0.9894211888313293 0.1372016966342926 
vn -0.0226434376090765 0.9896751642227173 0.1415284425020218 
vn -0.09235958009958267 0.9894981980323792 0.1111890971660614 
vn -0.09801355004310608 0.9903329610824585 0.0981530249118805 
vn -0.10356725752353668 0.9901891946792603 0.09380380809307098 
vn -0.11115629225969315 0.9901526570320129 0.08510008454322815 
vn -0.11676342785358429 0.9905440807342529 0.07203252613544464 
vn -0.129831463098526 0.9897819757461548 0.058952588587999344 
vn -0.13539931178092957 0.9899216890335083 0.04149730131030083 
vn -0.13546140491962433 0.9903755784034729 0.028397228568792343 
vn -0.13548985123634338 0.9905836582183838 0.01966099627315998 
vn -0.14297764003276825 0.9896077513694763 0.0152922747656703 
vn -0.1429940164089203 0.9897211194038391 0.002184694167226553 
vn -0.12425852566957474 0.9896318316459656 -0.07203252613544464 
vn -0.07916827499866486 0.9890931248664856 -0.1242060661315918 
vn -0.05850023403763771 0.9899773001670837 -0.12854042649269104 
vn -0.05657823383808136 0.9906420707702637 -0.1242060661315918 
vn -0.05657823383808136 0.9906420707702637 -0.1242060661315918 
vn -0.05657823383808136 0.9906420707702637 -0.1242060661315918 
vn -0.05850023403763771 0.9899773001670837 -0.12854042649269104 
vn -0.045302875339984894 0.9895066022872925 -0.1372016966342926 
vn 0.0226434376090765 0.9896751642227173 -0.1415284425020218 
vn 0.09611779451370239 0.9891402125358582 -0.1111890971660614 
vn 0.09801355004310608 0.9903329610824585 -0.0981530249118805 
vn 0.09981407970190048 0.9905745983123779 -0.09380380809307098 
vn 0.10740320384502411 0.9905667901039124 -0.08510008454322815 
vn 0.11676342785358429 0.9905440807342529 -0.07203252613544464 
vn 0.1260886788368225 0.9902657270431519 -0.058952588587999344 
vn 0.13539931178092957 0.9899216890335083 -0.04149730131030083 
vn 0.13546140491962433 0.9903755784034729 -0.028397228568792343 
vn 0.13548985123634338 0.9905836582183838 -0.01966099627315998 
vn 0.14297764003276825 0.9896077513694763 -0.0152922747656703 
vn 0.1429940164089203 0.9897211194038391 -0.002184694167226553 
vn 0.12425852566957474 0.9896318316459656 0.07203252613544464 
vn 0.07916827499866486 0.9890931248664856 0.1242060661315918 
vn 0.062269628047943115 0.9897473454475403 0.12854042649269104 
vn 0.05657823383808136 0.9906420707702637 0.1242060661315918 
vn -0.2923921048641205 0.2217794954776764 -0.9302261471748352 
vn -0.10460507124662399 -0.003778959158807993 -0.9945066571235657 
vn 0.17090995609760284 -0.14010879397392273 -0.9752739667892456 
vn 0.5050891041755676 -0.18517859280109406 -0.8429672718048096 
vn -0.10578920692205429 0.2084568291902542 -0.9722933769226074 
vn 0.1738872230052948 0 -0.9847655892372131 
vn 0.5074199438095093 -0.1418311446905136 -0.8499464392662048 
vn 0.6568188667297363 -0.18641915917396545 -0.7306414246559143 
vn 0.17104166746139526 0.2058033049106598 -0.9635298252105713 
vn 0.5119344592094421 0 -0.8590245246887207 
vn 0.6611484289169312 -0.1425929069519043 -0.736579954624176 
vn 0.717035710811615 -0.1869126558303833 -0.6715083718299866 
vn 0.5017885565757751 0.21347592771053314 -0.838234007358551 
vn 0.669887900352478 0 -0.7424622178077698 
vn 0.724149227142334 -0.14259837567806244 -0.67473965883255 
vn 0.7745183706283569 -0.187013179063797 -0.6042742133140564 
vn 0.6521681547164917 0.2226281315088272 -0.7246471047401428 
vn 0.7291480898857117 0 -0.6843559741973877 
vn 0.7811729907989502 -0.14285963773727417 -0.607749879360199 
vn 0.8349120020866394 -0.18724392354488373 -0.5175535082817078 
vn 0.7104006409645081 0.2304258942604065 -0.6650074124336243 
vn 0.7887872457504272 0 -0.6146662831306458 
vn 0.8413464426994324 -0.14281372725963593 -0.5212872624397278 
vn 0.8911365866661072 -0.18735907971858978 -0.41324591636657715 
vn 0.7653626799583435 0.23081360757350922 -0.6007870435714722 
vn 0.8487933278083801 0 -0.528724730014801 
vn 0.8974977731704712 -0.14291441440582275 -0.417220801115036 
vn 0.934295117855072 -0.1875268518924713 -0.30319350957870483 
vn 0.8281812071800232 0.22386443614959717 -0.5138099193572998 
vn 0.9069734811782837 0 -0.42118772864341736 
vn 0.9408052563667297 -0.14289423823356628 -0.30735430121421814 
vn 0.9612952470779419 -0.18760472536087036 -0.2017817199230194 
vn 0.8826082944869995 0.22412149608135223 -0.41324591636657715 
vn 0.9502431154251099 0 -0.31150925159454346 
vn 0.9680346846580505 -0.1429978311061859 -0.2060592919588089 
vn 0.9748919606208801 -0.18766196072101593 -0.11986933648586273 
vn 0.9261348247528076 0.22438357770442963 -0.30319350957870483 
vn 0.9785395264625549 0 -0.2060592919588089 
vn 0.9824388027191162 -0.14298737049102783 -0.11986933648586273 
vn 0.9817032217979431 -0.1875772625207901 -0.03276457265019417 
vn 0.9533513188362122 0.22451138496398926 -0.2017817199230194 
vn 0.9927896857261658 0 -0.11986933648586273 
vn 0.9891921281814575 -0.14291757345199585 -0.03276457265019417 
vn 0.9707425832748413 -0.18010838329792023 0.15880759060382843 
vn 0.9676140546798706 0.22444550693035126 -0.11553031951189041 
vn 0.9994630813598633 0 -0.03276457265019417 
vn 0.9769155383110046 -0.14288519322872162 0.15880759060382843 
vn 0.8501440286636353 -0.17967577278614044 0.4949462115764618 
vn 0.9739223122596741 0.22450339794158936 -0.03276457265019417 
vn 0.986606240272522 0 0.16312000155448914 
vn 0.8561404943466187 -0.13521748781204224 0.4987381398677826 
vn 0.6871194839477539 -0.14219939708709717 0.7124928832054138 
vn 0.6816574931144714 -0.17906996607780457 0.7094202041625977 
vn 0.534188985824585 -0.14151102304458618 0.8334367275238037 
vn 0.5323134660720825 -0.1848393678665161 0.8261215686798096 
vn 0.4461241364479065 -0.14812341332435608 0.882628321647644 
vn 0.44237881898880005 -0.1903681606054306 0.8763908743858337 
vn 0.4175627827644348 -0.1475343257188797 0.8965907096862793 
vn 0.4129959046840668 -0.18992693722248077 0.8907088041305542 
vn 0.3874428868293762 -0.18896852433681488 0.9023185968399048 
vn 0.965451717376709 0.20984551310539246 0.15449213981628418 
vn 0.8645652532577515 0 0.5025205612182617 
vn 0.6922798156738281 0 0.7216291427612305 
vn 0.5416429042816162 0 0.8406086564064026 
vn 0.4506781995296478 0 0.8926864862442017 
vn 0.4231681823730469 0 0.9060511589050293 
vn 0.38830211758613586 -0.14710892736911774 0.9097144603729248 
vn 0.2930273115634918 -0.1850714385509491 0.9380210638046265 
vn 0.8455570936203003 0.20930823683738708 0.4911448359489441 
vn 0.6766409873962402 0.20796476304531097 0.7063339352607727 
vn 0.5265249013900757 0.22013220191001892 0.8211658596992493 
vn 0.4387074112892151 0.22501300275325775 0.8700028657913208 
vn 0.4095821678638458 0.23067237436771393 0.882628321647644 
vn 0.39526233077049255 0 0.9185682535171509 
vn 0.29207250475883484 -0.144818514585495 0.9453682899475098 
vn 0.1075790524482727 -0.13661447167396545 0.9847655892372131 
vn 0.1040617972612381 -0.18524011969566345 0.9771679639816284 
vn -0.1670931875705719 -0.1380372792482376 0.976230263710022 
vn -0.16752353310585022 -0.1808106005191803 0.9691457152366638 
vn -0.5036619901657104 -0.1414598822593689 0.8522403836250305 
vn -0.5014811158180237 -0.1843041628599167 0.8453097939491272 
vn -0.6612556576728821 -0.14209485054016113 0.736579954624176 
vn -0.6579268574714661 -0.18247012794017792 0.7306414246559143 
vn -0.7234575748443604 -0.14606693387031555 0.67473965883255 
vn -0.7161533832550049 -0.1902652084827423 0.6715083718299866 
vn -0.7812508940696716 -0.14243273437023163 0.607749879360199 
vn -0.7745850682258606 -0.1867368072271347 0.6042742133140564 
vn -0.8407418131828308 -0.1463310271501541 0.5212872624397278 
vn -0.8341379165649414 -0.19066275656223297 0.5175535082817078 
vn -0.896927535533905 -0.14645074307918549 0.417220801115036 
vn 0.38342174887657166 0.22933432459831238 0.8946471214294434 
vn 0.29694145917892456 0 0.9548956751823425 
vn 0.10901768505573273 0 0.9940398335456848 
vn -0.16958275437355042 -3.507363195991327e-14 0.9855159521102905 
vn -0.5081761479377747 -1.0510257215327196e-13 0.8612531423568726 
vn -0.669887900352478 -1.3854829826812076e-13 0.7424622178077698 
vn -0.7291480898857117 -1.5080466172698315e-13 0.6843559741973877 
vn -0.7887782454490662 -0.0037717486266046762 0.6146662831306458 
vn -0.8487849831581116 -0.003771646646782756 0.528724730014801 
vn -0.9069656133651733 -0.003773950971662998 0.42118772864341736 
vn -0.9502356052398682 -0.0037740441039204597 0.31150925159454346 
vn 0.2910548746585846 0.22353149950504303 0.9302261471748352 
vn 0.10688091069459915 0.21266233921051025 0.9712626934051514 
vn -0.16672810912132263 0.20389987528324127 0.9646899104118347 
vn -0.4982246458530426 0.21248354017734528 0.8406086564064026 
vn -0.6522956490516663 0.22225432097911835 0.7246471047401428 
vn -0.7105167508125305 0.230067640542984 0.6650074124336243 
vn -0.7654640674591064 0.2304769903421402 0.6007870435714722 
vn -0.8272734880447388 0.22719572484493256 0.5138099193572998 
vn -0.8826082944869995 0.22412149608135223 0.41324591636657715 
vn -0.9252386093139648 0.2280508428812027 0.30319350957870483 
vn -0.95247882604599 0.22818459570407867 0.2017817199230194 
vn 0 0 1 
vn 0 0 1 
vn 0 0 1 
vn 0 0 1 
vn 0 0 1 
vn 0 0 1 
vn 0 0 1 
vn 0 0 1 
vn 0 0 1 
vn 0 0 1 
vn 0 0 1 
vn 0 0 1 
vn 0 0 1 
vn 0 0 1 
vn 0 0 1 
vn 3.097898456858039e-13 -0.999997615814209 0.002184694167226553 
vn 3.097898456858039e-13 -0.999997615814209 0.002184694167226553 
vn 3.097898456858039e-13 -0.999997615814209 0.002184694167226553 
vn 3.097898456858039e-13 -0.999997615814209 0.002184694167226553 
vn 3.097898456858039e-13 -0.999997615814209 0.002184694167226553 
vn 3.097898456858039e-13 -0.999997615814209 0.002184694167226553 
vn 3.097898456858039e-13 -0.999997615814209 0.002184694167226553 
vn 3.097898456858039e-13 -0.999997615814209 0.002184694167226553 
vn -0.999997615814209 -2.0682260971124217e-13 0.002184694167226553 
vn -0.999997615814209 -2.0682260971124217e-13 0.002184694167226553 
vn -0.999997615814209 -2.0682260971124217e-13 0.002184694167226553 
vn -0.999997615814209 -2.0682260971124217e-13 0.002184694167226553 
vn -0.999997615814209 -2.0682260971124217e-13 0.002184694167226553 
vn -0.999997615814209 -2.0682260971124217e-13 0.002184694167226553 
vn -0.999997615814209 -2.0682260971124217e-13 0.002184694167226553 
vn -0.999997615814209 -2.0682260971124217e-13 0.002184694167226553 
vn -0.999997615814209 -2.0682260971124217e-13 0.002184694167226553 
vn -0.999997615814209 -2.0682260971124217e-13 0.002184694167226553 
vn -0.999997615814209 -2.0682260971124217e-13 0.002184694167226553 
vn -0.999997615814209 -2.0682260971124217e-13 0.002184694167226553 
vn -0.999997615814209 -2.0682260971124217e-13 0.002184694167226553 
vn -0.999997615814209 -2.0682260971124217e-13 0.002184694167226553 
vn 3.097898456858039e-13 -0.999997615814209 0.002184694167226553 
vn 3.097898456858039e-13 -0.999997615814209 0.002184694167226553 
vn 3.097898456858039e-13 -0.999997615814209 0.002184694167226553 
vn 3.097898456858039e-13 -0.999997615814209 0.002184694167226553 
vn 3.097898456858039e-13 -0.999997615814209 0.002184694167226553 
vn 3.097898456858039e-13 -0.999997615814209 0.002184694167226553 
vn 0 0 1 
vn 0 0 1 
vn 0 0 1 
vn 0 0 1 
vn 2.0682311115474694e-13 4.2775797696334704e-26 -1 
vn 2.0682311115474694e-13 4.2775797696334704e-26 -1 
vn 2.0682311115474694e-13 4.2775797696334704e-26 -1 
vn 2.0682311115474694e-13 4.2775797696334704e-26 -1 
vn -0.999997615814209 -2.0682260971124217e-13 0.002184694167226553 
vn -0.999997615814209 -2.0682260971124217e-13 0.002184694167226553 
vn -0.999997615814209 -2.0682260971124217e-13 0.002184694167226553 
vn -0.999997615814209 -2.0682260971124217e-13 0.002184694167226553 
vn -1.0341130485562108e-13 0.999997615814209 0.002184694167226553 
vn -1.0341130485562108e-13 0.999997615814209 0.002184694167226553 
vn -1.0341130485562108e-13 0.999997615814209 0.002184694167226553 
vn -1.0341130485562108e-13 0.999997615814209 0.002184694167226553 
vn 0.999997615814209 0 0.002184694167226553 
vn 0.999997615814209 0 0.002184694167226553 
vn 0.999997615814209 0 0.002184694167226553 
vn 0.999997615814209 0 0.002184694167226553 
vn 0.999997615814209 0 0.002184694167226553 
vn 0.999997615814209 0 0.002184694167226553 
vn 0.999997615814209 0 0.002184694167226553 
vn 0.999997615814209 0 0.002184694167226553 
vn 0.999997615814209 0 0.002184694167226553 
vn 0.999997615814209 0 0.002184694167226553 
vn 3.097898456858039e-13 -0.999997615814209 0.002184694167226553 
vn 3.097898456858039e-13 -0.999997615814209 0.002184694167226553 
vn 3.097898456858039e-13 -0.999997615814209 0.002184694167226553 
vn 3.097898456858039e-13 -0.999997615814209 0.002184694167226553 
vn 3.097898456858039e-13 -0.999997615814209 0.002184694167226553 
vn 3.097898456858039e-13 -0.999997615814209 0.002184694167226553 
vn 3.097898456858039e-13 -0.999997615814209 0.002184694167226553 
vn 3.097898456858039e-13 -0.999997615814209 0.002184694167226553 
vn 3.097898456858039e-13 -0.999997615814209 0.002184694167226553 
vn 3.097898456858039e-13 -0.999997615814209 0.002184694167226553 
vn 3.097898456858039e-13 -0.999997615814209 0.002184694167226553 
vn 3.097898456858039e-13 -0.999997615814209 0.002184694167226553 
vn 0.999997615814209 0 0.002184694167226553 
vn 0.999997615814209 0 0.002184694167226553 
vn 0.999997615814209 0 0.002184694167226553 
vn 0.999997615814209 0 0.002184694167226553 
vn -0.999997615814209 -2.0682260971124217e-13 0.002184694167226553 
vn -0.999997615814209 -2.0682260971124217e-13 0.002184694167226553 
vn -0.999997615814209 -2.0682260971124217e-13 0.002184694167226553 
vn -0.999997615814209 -2.0682260971124217e-13 0.002184694167226553 
vn -0.999997615814209 -2.0682260971124217e-13 0.002184694167226553 
vn -0.999997615814209 -2.0682260971124217e-13 0.002184694167226553 
vn -0.999997615814209 -2.0682260971124217e-13 0.002184694167226553 
vn -0.999997615814209 -2.0682260971124217e-13 0.002184694167226553 
vn -0.999997615814209 -2.0682260971124217e-13 0.002184694167226553 
vn -0.999997615814209 -2.0682260971124217e-13 0.002184694167226553 
vn -0.999997615814209 -2.0682260971124217e-13 0.002184694167226553 
vn -0.999997615814209 -2.0682260971124217e-13 0.002184694167226553 
vn -0.999997615814209 -2.0682260971124217e-13 0.002184694167226553 
vn -0.999997615814209 -2.0682260971124217e-13 0.002184694167226553 
vn -0.999997615814209 -2.0682260971124217e-13 0.002184694167226553 
vn -0.999997615814209 -2.0682260971124217e-13 0.002184694167226553 
vn -0.999997615814209 -2.0682260971124217e-13 0.002184694167226553 
vn 0 0 1 
vn 0 0 1 
vn 0 0 1 
vn 0 0 1 
vn 0.999997615814209 0 0.002184694167226553 
vn 0.999997615814209 0 0.002184694167226553 
vn 0.999997615814209 0 0.002184694167226553 
vn 0.999997615814209 0 0.002184694167226553 
vn -1.0341130485562108e-13 0.999997615814209 0.002184694167226553 
vn -1.0341130485562108e-13 0.999997615814209 0.002184694167226553 
vn -1.0341130485562108e-13 0.999997615814209 0.002184694167226553 
vn -1.0341130485562108e-13 0.999997615814209 0.002184694167226553 
vn -2.0682311115474694e-13 0 -1 
vn -2.0682311115474694e-13 0 -1 
vn -2.0682311115474694e-13 0 -1 
vn -2.0682311115474694e-13 0 -1 
vn -0.999997615814209 -2.0682260971124217e-13 0.002184694167226553 
vn -0.999997615814209 -2.0682260971124217e-13 0.002184694167226553 
vn -0.999997615814209 -2.0682260971124217e-13 0.002184694167226553 
vn -0.999997615814209 -2.0682260971124217e-13 0.002184694167226553 
vn -0.999997615814209 -2.0682260971124217e-13 0.002184694167226553 
vn -0.999997615814209 -2.0682260971124217e-13 0.002184694167226553 
vn -0.999997615814209 -2.0682260971124217e-13 0.002184694167226553 
vn -0.999997615814209 -2.0682260971124217e-13 0.002184694167226553 
vn 0 0 1 
vn 0 0 1 
vn 0 0 1 
vn 0 0 1 
vn 3.097898456858039e-13 -0.999997615814209 0.002184694167226553 
vn 3.097898456858039e-13 -0.999997615814209 0.002184694167226553 
vn 3.097898456858039e-13 -0.999997615814209 0.002184694167226553 
vn 3.097898456858039e-13 -0.999997615814209 0.002184694167226553 
vn 3.097898456858039e-13 -0.999997615814209 0.002184694167226553 
vn 3.097898456858039e-13 -0.999997615814209 0.002184694167226553 
vn 3.097898456858039e-13 -0.999997615814209 0.002184694167226553 
vn -2.0682311115474694e-13 0 -1 
vn -2.0682311115474694e-13 0 -1 
vn -2.0682311115474694e-13 0 -1 
vn -2.0682311115474694e-13 0 -1 
vn 2.0682311115474694e-13 4.2775797696334704e-26 -1 
vn 2.0682311115474694e-13 4.2775797696334704e-26 -1 
vn 2.0682311115474694e-13 4.2775797696334704e-26 -1 
vn 2.0682311115474694e-13 4.2775797696334704e-26 -1 
vn 0 0 1 
vn 0 0 1 
vn 0 0 1 
vn 0 0 1 
vn 0 0 1 
vn 0 0 1 
vn 0 0 1 
vn 0 0 1 
vn 0 0 1 
vn 0 0 1 
vn 0 0 1 
vn 0 0 1 
vn 0 0 1 
vn 0 0 1 
vn 0 0 1 
vn 3.097898456858039e-13 -0.999997615814209 0.002184694167226553 
vn 3.097898456858039e-13 -0.999997615814209 0.002184694167226553 
vn 3.097898456858039e-13 -0.999997615814209 0.002184694167226553 
vn 3.097898456858039e-13 -0.999997615814209 0.002184694167226553 
vn 3.097898456858039e-13 -0.999997615814209 0.002184694167226553 
vn 3.097898456858039e-13 -0.999997615814209 0.002184694167226553 
vn 3.097898456858039e-13 -0.999997615814209 0.002184694167226553 
vn 3.097898456858039e-13 -0.999997615814209 0.002184694167226553 
vn 3.097898456858039e-13 -0.999997615814209 0.002184694167226553 
vn -0.999997615814209 -2.0682260971124217e-13 0.002184694167226553 
vn -0.999997615814209 -2.0682260971124217e-13 0.002184694167226553 
vn -0.999997615814209 -2.0682260971124217e-13 0.002184694167226553 
vn -0.999997615814209 -2.0682260971124217e-13 0.002184694167226553 
vn 0.999997615814209 0 0.002184694167226553 
vn 0.999997615814209 0 0.002184694167226553 
vn 0.999997615814209 0 0.002184694167226553 
vn 0.999997615814209 0 0.002184694167226553 
vn -0.999997615814209 -2.0682260971124217e-13 0.002184694167226553 
vn -0.999997615814209 -2.0682260971124217e-13 0.002184694167226553 
vn -0.999997615814209 -2.0682260971124217e-13 0.002184694167226553 
vn -0.999997615814209 -2.0682260971124217e-13 0.002184694167226553 
vn -0.999997615814209 -2.0682260971124217e-13 0.002184694167226553 
vn -0.999997615814209 -2.0682260971124217e-13 0.002184694167226553 
vn -0.999997615814209 -2.0682260971124217e-13 0.002184694167226553 
vn -0.999997615814209 -2.0682260971124217e-13 0.002184694167226553 
vn 2.0682311115474694e-13 4.2775797696334704e-26 -1 
vn 2.0682311115474694e-13 4.2775797696334704e-26 -1 
vn 2.0682311115474694e-13 4.2775797696334704e-26 -1 
vn 2.0682311115474694e-13 4.2775797696334704e-26 -1 
vn -2.0682311115474694e-13 0 -1 
vn -2.0682311115474694e-13 0 -1 
vn -2.0682311115474694e-13 0 -1 
vn -2.0682311115474694e-13 0 -1 
vn 0 0 1 
vn 0 0 1 
vn 0 0 1 
vn 0 0 1 
vn 3.097898456858039e-13 -0.999997615814209 0.002184694167226553 
vn 3.097898456858039e-13 -0.999997615814209 0.002184694167226553 
vn 3.097898456858039e-13 -0.999997615814209 0.002184694167226553 
vn 3.097898456858039e-13 -0.999997615814209 0.002184694167226553 
vn 3.097898456858039e-13 -0.999997615814209 0.002184694167226553 
vn -2.0682311115474694e-13 0 -1 
vn -2.0682311115474694e-13 0 -1 
vn -2.0682311115474694e-13 0 -1 
vn -2.0682311115474694e-13 0 -1 
vn -2.0682311115474694e-13 0 -1 
vn -2.0682311115474694e-13 0 -1 
vn -2.0682311115474694e-13 0 -1 
vn -2.0682311115474694e-13 0 -1 
vn 0.999997615814209 0 0.002184694167226553 
vn 0.999997615814209 0 0.002184694167226553 
vn 0.999997615814209 0 0.002184694167226553 
vn 0.999997615814209 0 0.002184694167226553 
vn 0.999997615814209 0 0.002184694167226553 
vn 0.999997615814209 0 0.002184694167226553 
vn 0.999997615814209 0 0.002184694167226553 
vn 0.999997615814209 0 0.002184694167226553 
vn 0.999997615814209 0 0.002184694167226553 
vn -2.0682311115474694e-13 0 -1 
vn -2.0682311115474694e-13 0 -1 
vn -2.0682311115474694e-13 0 -1 
vn -2.0682311115474694e-13 0 -1 
vn -2.0682311115474694e-13 0 -1 
vn -2.0682311115474694e-13 0 -1 
vn -2.0682311115474694e-13 0 -1 
vn -2.0682311115474694e-13 0 -1 
vn 0 0 1 
vn 0 0 1 
vn 0 0 1 
vn 0 0 1 
vn 0 0 1 
vn 0 0 1 
vn 0 0 1 
vn 0 0 1 
vn 0.999997615814209 0 0.002184694167226553 
vn 0.999997615814209 0 0.002184694167226553 
vn 0.999997615814209 0 0.002184694167226553 
vn 0.999997615814209 0 0.002184694167226553 
vn 0.999997615814209 0 0.002184694167226553 
vn 0.999997615814209 0 0.002184694167226553 
vn 0.999997615814209 0 0.002184694167226553 
vn 3.097898456858039e-13 -0.999997615814209 0.002184694167226553 
vn 3.097898456858039e-13 -0.999997615814209 0.002184694167226553 
vn 3.097898456858039e-13 -0.999997615814209 0.002184694167226553 
vn 3.097898456858039e-13 -0.999997615814209 0.002184694167226553 
vn -1.0341130485562108e-13 0.999997615814209 0.002184694167226553 
vn -1.0341130485562108e-13 0.999997615814209 0.002184694167226553 
vn -1.0341130485562108e-13 0.999997615814209 0.002184694167226553 
vn -1.0341130485562108e-13 0.999997615814209 0.002184694167226553 
vn 3.097898456858039e-13 -0.999997615814209 0.002184694167226553 
vn 3.097898456858039e-13 -0.999997615814209 0.002184694167226553 
vn 3.097898456858039e-13 -0.999997615814209 0.002184694167226553 
vn 3.097898456858039e-13 -0.999997615814209 0.002184694167226553 
vn -2.0682311115474694e-13 0 -1 
vn -2.0682311115474694e-13 0 -1 
vn -2.0682311115474694e-13 0 -1 
vn -2.0682311115474694e-13 0 -1 
vn -0.999997615814209 -2.0682260971124217e-13 0.002184694167226553 
vn -0.999997615814209 -2.0682260971124217e-13 0.002184694167226553 
vn -0.999997615814209 -2.0682260971124217e-13 0.002184694167226553 
vn -0.999997615814209 -2.0682260971124217e-13 0.002184694167226553 
vn -0.999997615814209 -2.0682260971124217e-13 0.002184694167226553 
vn 0 0 1 
vn 0 0 1 
vn 0 0 1 
vn 0 0 1 
vn -2.0682311115474694e-13 0 -1 
vn -2.0682311115474694e-13 0 -1 
vn -2.0682311115474694e-13 0 -1 
vn -2.0682311115474694e-13 0 -1 
vn 0 0 1 
vn 0 0 1 
vn 0 0 1 
vn 0 0 1 
vn 0 0 1 
vn 0 0 1 
vn 0 0 1 
vn 0 0 1 
vn 0 0 1 
vn 0 0 1 
vn 0 0 1 
vn 0 0 1 
vn 3.097898456858039e-13 -0.999997615814209 0.002184694167226553 
vn 3.097898456858039e-13 -0.999997615814209 0.002184694167226553 
vn 3.097898456858039e-13 -0.999997615814209 0.002184694167226553 
vn 3.097898456858039e-13 -0.999997615814209 0.002184694167226553 
vn -2.0682311115474694e-13 0 -1 
vn -2.0682311115474694e-13 0 -1 
vn -2.0682311115474694e-13 0 -1 
vn -2.0682311115474694e-13 0 -1 
vn 3.097898456858039e-13 -0.999997615814209 0.002184694167226553 
vn 3.097898456858039e-13 -0.999997615814209 0.002184694167226553 
vn 3.097898456858039e-13 -0.999997615814209 0.002184694167226553 
vn 3.097898456858039e-13 -0.999997615814209 0.002184694167226553 
vn 3.097898456858039e-13 -0.999997615814209 0.002184694167226553 
vn 3.097898456858039e-13 -0.999997615814209 0.002184694167226553 
vn 3.097898456858039e-13 -0.999997615814209 0.002184694167226553 
vn 3.097898456858039e-13 -0.999997615814209 0.002184694167226553 
vn 2.0682311115474694e-13 4.2775797696334704e-26 -1 
vn 2.0682311115474694e-13 4.2775797696334704e-26 -1 
vn 2.0682311115474694e-13 4.2775797696334704e-26 -1 
vn 2.0682311115474694e-13 4.2775797696334704e-26 -1 
vn 0.999997615814209 0 0.002184694167226553 
vn 0.999997615814209 0 0.002184694167226553 
vn 0.999997615814209 0 0.002184694167226553 
vn 0.999997615814209 0 0.002184694167226553 
vn -2.0682311115474694e-13 0 -1 
vn -2.0682311115474694e-13 0 -1 
vn -2.0682311115474694e-13 0 -1 
vn -2.0682311115474694e-13 0 -1 
vn -2.0682311115474694e-13 0 -1 
vn -2.0682311115474694e-13 0 -1 
vn -2.0682311115474694e-13 0 -1 
vn -2.0682311115474694e-13 0 -1 
vn -2.0682311115474694e-13 0 -1 
vn -2.0682311115474694e-13 0 -1 
vn 0.999997615814209 0 0.002184694167226553 
vn 0.999997615814209 0 0.002184694167226553 
vn 0.999997615814209 0 0.002184694167226553 
vn 0.999997615814209 0 0.002184694167226553 
vn 0.999997615814209 0 0.002184694167226553 
vn 0.999997615814209 0 0.002184694167226553 
vn 0.999997615814209 0 0.002184694167226553 
vn -0.999997615814209 -2.0682260971124217e-13 0.002184694167226553 
vn -0.999997615814209 -2.0682260971124217e-13 0.002184694167226553 
vn -0.999997615814209 -2.0682260971124217e-13 0.002184694167226553 
vn -0.999997615814209 -2.0682260971124217e-13 0.002184694167226553 
vn -0.999997615814209 -2.0682260971124217e-13 0.002184694167226553 
vn -0.999997615814209 -2.0682260971124217e-13 0.002184694167226553 
vn -0.999997615814209 -2.0682260971124217e-13 0.002184694167226553 
vn -0.999997615814209 -2.0682260971124217e-13 0.002184694167226553 
vn -2.0682311115474694e-13 0 -1 
vn -2.0682311115474694e-13 0 -1 
vn -2.0682311115474694e-13 0 -1 
vn -2.0682311115474694e-13 0 -1 
vn 3.097898456858039e-13 -0.999997615814209 0.002184694167226553 
vn 3.097898456858039e-13 -0.999997615814209 0.002184694167226553 
vn 3.097898456858039e-13 -0.999997615814209 0.002184694167226553 
vn 3.097898456858039e-13 -0.999997615814209 0.002184694167226553 
vn -2.0682311115474694e-13 0 -1 
vn -2.0682311115474694e-13 0 -1 
vn -2.0682311115474694e-13 0 -1 
vn -2.0682311115474694e-13 0 -1 
vn -1.0341130485562108e-13 0.999997615814209 0.002184694167226553 
vn -1.0341130485562108e-13 0.999997615814209 0.002184694167226553 
vn -1.0341130485562108e-13 0.999997615814209 0.002184694167226553 
vn -1.0341130485562108e-13 0.999997615814209 0.002184694167226553 
vn 0 0 1 
vn 0 0 1 
vn 0 0 1 
vn 0 0 1 
vn -2.0682311115474694e-13 0 -1 
vn -2.0682311115474694e-13 0 -1 
vn -2.0682311115474694e-13 0 -1 
vn -2.0682311115474694e-13 0 -1 
vn -1.0341130485562108e-13 0.999997615814209 0.002184694167226553 
vn -1.0341130485562108e-13 0.999997615814209 0.002184694167226553 
vn -1.0341130485562108e-13 0.999997615814209 0.002184694167226553 
vn -1.0341130485562108e-13 0.999997615814209 0.002184694167226553 
vn 0 0 1 
vn 0 0 1 
vn 0 0 1 
vn 0 0 1 
vn -2.0682311115474694e-13 0 -1 
vn -2.0682311115474694e-13 0 -1 
vn -2.0682311115474694e-13 0 -1 
vn -2.0682311115474694e-13 0 -1 
vn -2.0682311115474694e-13 0 -1 
vn -2.0682311115474694e-13 0 -1 
vn -2.0682311115474694e-13 0 -1 
vn -2.0682311115474694e-13 0 -1 
vn -2.0682311115474694e-13 0 -1 
vn -2.0682311115474694e-13 0 -1 
vn -2.0682311115474694e-13 0 -1 
vn -2.0682311115474694e-13 0 -1 
vn -2.0682311115474694e-13 0 -1 
vn -2.0682311115474694e-13 0 -1 
vn -2.0682311115474694e-13 0 -1 
vn 3.097898456858039e-13 -0.999997615814209 0.002184694167226553 
vn 3.097898456858039e-13 -0.999997615814209 0.002184694167226553 
vn 3.097898456858039e-13 -0.999997615814209 0.002184694167226553 
vn 3.097898456858039e-13 -0.999997615814209 0.002184694167226553 
vn 3.097898456858039e-13 -0.999997615814209 0.002184694167226553 
vn 3.097898456858039e-13 -0.999997615814209 0.002184694167226553 
vn 0 0 1 
vn 0 0 1 
vn 0 0 1 
vn 0 0 1 
vn 0.999997615814209 0 0.002184694167226553 
vn 0.999997615814209 0 0.002184694167226553 
vn 0.999997615814209 0 0.002184694167226553 
vn 0.999997615814209 0 0.002184694167226553 
vn 0.999997615814209 0 0.002184694167226553 
vn 0.999997615814209 0 0.002184694167226553 
vn 0.999997615814209 0 0.002184694167226553 
vn 0.999997615814209 0 0.002184694167226553 
vn 0.999997615814209 0 0.002184694167226553 
vn 0.999997615814209 0 0.002184694167226553 
vn 0.999997615814209 0 0.002184694167226553 
vn -0.999997615814209 -2.0682260971124217e-13 0.002184694167226553 
vn -0.999997615814209 -2.0682260971124217e-13 0.002184694167226553 
vn -0.999997615814209 -2.0682260971124217e-13 0.002184694167226553 
vn -0.999997615814209 -2.0682260971124217e-13 0.002184694167226553 
vn -0.999997615814209 -2.0682260971124217e-13 0.002184694167226553 
vn -0.999997615814209 -2.0682260971124217e-13 0.002184694167226553 
vn 0.999997615814209 0 0.002184694167226553 
vn 0.999997615814209 0 0.002184694167226553 
vn 0.999997615814209 0 0.002184694167226553 
vn 0.999997615814209 0 0.002184694167226553 
vn -0.999997615814209 -2.0682260971124217e-13 0.002184694167226553 
vn -0.999997615814209 -2.0682260971124217e-13 0.002184694167226553 
vn -0.999997615814209 -2.0682260971124217e-13 0.002184694167226553 
vn -0.999997615814209 -2.0682260971124217e-13 0.002184694167226553 
vn -0.999997615814209 -2.0682260971124217e-13 0.002184694167226553 
vn -0.999997615814209 -2.0682260971124217e-13 0.002184694167226553 
vn -0.999997615814209 -2.0682260971124217e-13 0.002184694167226553 
vn -0.999997615814209 -2.0682260971124217e-13 0.002184694167226553 
vn 3.097898456858039e-13 -0.999997615814209 0.002184694167226553 
vn 3.097898456858039e-13 -0.999997615814209 0.002184694167226553 
vn 3.097898456858039e-13 -0.999997615814209 0.002184694167226553 
vn 3.097898456858039e-13 -0.999997615814209 0.002184694167226553 
vn -1.0341130485562108e-13 0.999997615814209 0.002184694167226553 
vn -1.0341130485562108e-13 0.999997615814209 0.002184694167226553 
vn -1.0341130485562108e-13 0.999997615814209 0.002184694167226553 
vn -1.0341130485562108e-13 0.999997615814209 0.002184694167226553 
vn 0 0 1 
vn 0 0 1 
vn 0 0 1 
vn 0 0 1 
vn -2.0682311115474694e-13 0 -1 
vn -2.0682311115474694e-13 0 -1 
vn -2.0682311115474694e-13 0 -1 
vn -2.0682311115474694e-13 0 -1 
vn -2.0682311115474694e-13 0 -1 
vn -2.0682311115474694e-13 0 -1 
vn -2.0682311115474694e-13 0 -1 
vn -0.999997615814209 -2.0682260971124217e-13 0.002184694167226553 
vn -0.999997615814209 -2.0682260971124217e-13 0.002184694167226553 
vn -0.999997615814209 -2.0682260971124217e-13 0.002184694167226553 
vn -0.999997615814209 -2.0682260971124217e-13 0.002184694167226553 
vn -1.0341130485562108e-13 0.999997615814209 0.002184694167226553 
vn -1.0341130485562108e-13 0.999997615814209 0.002184694167226553 
vn -1.0341130485562108e-13 0.999997615814209 0.002184694167226553 
vn -1.0341130485562108e-13 0.999997615814209 0.002184694167226553 
vn -1.0341130485562108e-13 0.999997615814209 0.002184694167226553 
vn -1.0341130485562108e-13 0.999997615814209 0.002184694167226553 
vn -1.0341130485562108e-13 0.999997615814209 0.002184694167226553 
vn -1.0341130485562108e-13 0.999997615814209 0.002184694167226553 
vn 3.097898456858039e-13 -0.999997615814209 0.002184694167226553 
vn 3.097898456858039e-13 -0.999997615814209 0.002184694167226553 
vn 3.097898456858039e-13 -0.999997615814209 0.002184694167226553 
vn 3.097898456858039e-13 -0.999997615814209 0.002184694167226553 
vn 0.999997615814209 0 0.002184694167226553 
vn 0.999997615814209 0 0.002184694167226553 
vn 0.999997615814209 0 0.002184694167226553 
vn 0.999997615814209 0 0.002184694167226553 
vn 0.999997615814209 0 0.002184694167226553 
vn -0.999997615814209 -2.0682260971124217e-13 0.002184694167226553 
vn -0.999997615814209 -2.0682260971124217e-13 0.002184694167226553 
vn -0.999997615814209 -2.0682260971124217e-13 0.002184694167226553 
vn -0.999997615814209 -2.0682260971124217e-13 0.002184694167226553 
vn -0.999997615814209 -2.0682260971124217e-13 0.002184694167226553 
vn -0.999997615814209 -2.0682260971124217e-13 0.002184694167226553 
vn -0.999997615814209 -2.0682260971124217e-13 0.002184694167226553 
vn -0.999997615814209 -2.0682260971124217e-13 0.002184694167226553 
vn -2.0682311115474694e-13 0 -1 
vn -2.0682311115474694e-13 0 -1 
vn 3.097898456858039e-13 -0.999997615814209 0.002184694167226553 
vn 0.999997615814209 0 0.002184694167226553 
vn 0.999997615814209 0 0.002184694167226553 
vn -2.0682311115474694e-13 0 -1 
vn 0.999997615814209 0 0.002184694167226553 
vn 0 0 1 
vn 3.097898456858039e-13 -0.999997615814209 0.002184694167226553 
vn -0.999997615814209 -2.0682260971124217e-13 0.002184694167226553 
vn 0.999997615814209 0 0.002184694167226553 
vn 0 0 1 
vn -2.0682311115474694e-13 0 -1 
vn 3.097898456858039e-13 -0.999997615814209 0.002184694167226553 
vn -0.999997615814209 -2.0682260971124217e-13 0.002184694167226553 
vn 0.999997615814209 0 0.002184694167226553 
vn 0.999997615814209 0 0.002184694167226553 
vn 0.999997615814209 0 0.002184694167226553 
s on 
f 1//1 2//2 3//3 
f 2//2 4//4 3//3 
f 3//3 4//4 4//4 
f 4//4 5//5 4//4 
f 4//4 5//5 5//5 
f 5//5 6//6 5//5 
f 5//5 6//6 7//7 
f 6//6 8//8 7//7 
f 7//7 8//8 8//8 
f 8//8 9//9 8//8 
f 8//8 9//9 9//9 
f 9//9 10//10 9//9 
f 9//9 10//10 11//11 
f 10//10 12//12 11//11 
f 11//11 12//12 13//13 
f 12//12 14//14 13//13 
f 13//13 14//14 15//15 
f 14//14 16//16 15//15 
f 15//15 16//16 17//17 
f 16//16 18//18 17//17 
f 17//17 18//18 19//19 
f 18//18 20//20 19//19 
f 19//19 20//20 20//20 
f 20//20 21//21 20//20 
f 20//20 21//21 21//21 
f 21//21 22//22 21//21 
f 21//21 22//22 23//23 
f 22//22 24//24 23//23 
f 23//23 24//24 24//24 
f 24//24 25//25 24//24 
f 24//24 25//25 25//25 
f 25//25 26//26 25//25 
f 25//25 26//26 27//27 
f 26//26 28//28 27//27 
f 27//27 28//28 28//28 
f 28//28 29//29 28//28 
f 28//28 29//29 29//29 
f 29//29 30//30 29//29 
f 29//29 30//30 31//31 
f 30//30 32//32 31//31 
f 31//31 32//32 32//32 
f 32//32 33//33 32//32 
f 32//32 33//33 33//33 
f 33//33 34//34 33//33 
f 33//33 34//34 35//35 
f 34//34 36//36 35//35 
f 35//35 36//36 37//37 
f 36//36 38//38 37//37 
f 37//37 38//38 39//39 
f 38//38 40//40 39//39 
f 39//39 40//40 41//41 
f 40//40 42//42 41//41 
f 41//41 42//42 43//43 
f 42//42 44//44 43//43 
f 43//43 44//44 44//44 
f 44//44 45//45 44//44 
f 44//44 45//45 45//45 
f 45//45 46//46 45//45 
f 45//45 46//46 47//47 
f 46//46 48//48 47//47 
f 47//47 48//48 48//48 
f 48//48 49//49 48//48 
f 48//48 49//49 49//49 
f 49//49 50//50 49//49 
f 49//49 50//50 51//51 
f 50//50 52//52 51//51 
f 51//51 52//52 52//52 
f 52//52 53//53 52//52 
f 52//52 53//53 53//53 
f 53//53 54//54 53//53 
f 53//53 54//54 55//55 
f 54//54 56//56 55//55 
f 55//55 56//56 56//56 
f 56//56 57//57 56//56 
f 56//56 57//57 57//57 
f 57//57 58//58 57//57 
f 57//57 58//58 59//59 
f 58//58 60//60 59//59 
f 59//59 60//60 60//60 
f 60//60 61//61 60//60 
f 60//60 61//61 61//61 
f 61//61 62//62 61//61 
f 61//61 62//62 63//63 
f 62//62 64//64 63//63 
f 63//63 64//64 64//64 
f 64//64 65//65 64//64 
f 64//64 65//65 65//65 
f 65//65 66//66 65//65 
f 65//65 66//66 67//67 
f 66//66 68//68 67//67 
f 67//67 68//68 68//68 
f 68//68 69//69 68//68 
f 68//68 69//69 69//69 
f 69//69 70//70 69//69 
f 69//69 70//70 71//71 
f 70//70 72//72 71//71 
f 71//71 72//72 72//72 
f 72//72 73//73 72//72 
f 72//72 73//73 73//73 
f 73//73 74//74 73//73 
f 73//73 74//74 75//75 
f 74//74 76//76 75//75 
f 75//75 76//76 77//77 
f 76//76 77//77 77//77 
f 77//77 77//77 75//75 
f 77//77 75//75 75//75 
f 75//75 75//75 75//75 
f 75//75 77//77 75//75 
f 75//75 77//77 78//78 
f 77//77 79//79 78//78 
f 78//78 79//79 80//80 
f 79//79 80//80 80//80 
f 80//80 80//80 81//81 
f 80//80 81//81 81//81 
f 81//81 81//81 81//81 
f 81//81 82//82 81//81 
f 81//81 82//82 83//83 
f 82//82 84//84 83//83 
f 83//83 84//84 84//84 
f 84//84 85//85 84//84 
f 84//84 85//85 85//85 
f 85//85 86//86 85//85 
f 85//85 86//86 87//87 
f 86//86 88//88 87//87 
f 87//87 88//88 88//88 
f 88//88 89//89 88//88 
f 88//88 89//89 89//89 
f 89//89 90//90 89//89 
f 89//89 90//90 91//91 
f 90//90 92//92 91//91 
f 91//91 92//92 92//92 
f 92//92 93//93 92//92 
f 92//92 93//93 93//93 
f 93//93 94//94 93//93 
f 93//93 94//94 95//95 
f 94//94 96//96 95//95 
f 95//95 96//96 97//97 
f 96//96 98//98 97//97 
f 97//97 98//98 99//99 
f 98//98 100//100 99//99 
f 99//99 100//100 100//100 
f 100//100 97//97 100//100 
f 100//100 97//97 97//97 
f 97//97 99//99 97//97 
f 97//97 99//99 101//101 
f 99//99 102//102 101//101 
f 101//101 102//102 103//103 
f 102//102 104//104 103//103 
f 103//103 104//104 104//104 
f 104//104 103//103 104//104 
f 104//104 103//103 103//103 
f 103//103 105//105 103//103 
f 103//103 105//105 101//101 
f 105//105 106//106 101//101 
f 101//101 106//106 106//106 
f 106//106 105//105 106//106 
f 106//106 105//105 105//105 
f 105//105 107//107 105//105 
f 105//105 107//107 106//106 
f 107//107 108//108 106//106 
f 106//106 108//108 108//108 
f 108//108 109//109 108//108 
f 108//108 109//109 109//109 
f 109//109 110//110 109//109 
f 109//109 110//110 111//111 
f 110//110 112//112 111//111 
f 111//111 112//112 112//112 
f 112//112 113//113 112//112 
f 112//112 113//113 113//113 
f 113//113 114//114 113//113 
f 113//113 114//114 115//115 
f 114//114 116//116 115//115 
f 115//115 116//116 116//116 
f 116//116 117//117 116//116 
f 116//116 117//117 117//117 
f 117//117 118//118 117//117 
f 117//117 118//118 119//119 
f 118//118 120//120 119//119 
f 119//119 120//120 120//120 
f 120//120 121//121 120//120 
f 120//120 121//121 121//121 
f 121//121 122//122 121//121 
f 121//121 122//122 123//123 
f 122//122 124//124 123//123 
f 123//123 124//124 125//125 
f 124//124 125//125 125//125 
f 125//125 125//125 124//124 
f 125//125 124//124 124//124 
f 124//124 124//124 124//124 
f 124//124 122//122 124//124 
f 124//124 122//122 126//126 
f 122//122 127//127 126//126 
f 126//126 127//127 128//128 
f 127//127 128//128 128//128 
f 128//128 128//128 129//129 
f 128//128 129//129 129//129 
f 129//129 129//129 129//129 
f 129//129 130//130 129//129 
f 129//129 130//130 131//131 
f 130//130 132//132 131//131 
f 131//131 132//132 132//132 
f 132//132 133//133 132//132 
f 132//132 133//133 133//133 
f 133//133 134//134 133//133 
f 133//133 134//134 135//135 
f 134//134 136//136 135//135 
f 135//135 136//136 136//136 
f 136//136 137//137 136//136 
f 136//136 137//137 137//137 
f 137//137 138//138 137//137 
f 137//137 138//138 139//139 
f 138//138 140//140 139//139 
f 139//139 140//140 140//140 
f 140//140 141//141 140//140 
f 140//140 141//141 141//141 
f 141//141 142//142 141//141 
f 141//141 142//142 143//143 
f 142//142 144//144 143//143 
f 143//143 144//144 144//144 
f 144//144 145//145 144//144 
f 144//144 145//145 145//145 
f 145//145 146//146 145//145 
f 145//145 146//146 147//147 
f 146//146 148//148 147//147 
f 147//147 148//148 148//148 
f 148//148 149//149 148//148 
f 148//148 149//149 149//149 
f 149//149 150//150 149//149 
f 149//149 150//150 151//151 
f 150//150 152//152 151//151 
f 151//151 152//152 152//152 
f 152//152 153//153 152//152 
f 152//152 153//153 153//153 
f 153//153 154//154 153//153 
f 153//153 154//154 155//155 
f 154//154 156//156 155//155 
f 155//155 156//156 156//156 
f 156//156 157//157 156//156 
f 156//156 157//157 157//157 
f 157//157 158//158 157//157 
f 157//157 158//158 159//159 
f 158//158 160//160 159//159 
f 159//159 160//160 160//160 
f 160//160 161//161 160//160 
f 160//160 161//161 161//161 
f 161//161 162//162 161//161 
f 161//161 162//162 163//163 
f 162//162 164//164 163//163 
f 163//163 164//164 164//164 
f 164//164 165//165 164//164 
f 164//164 165//165 165//165 
f 165//165 166//166 165//165 
f 165//165 166//166 167//167 
f 166//166 168//168 167//167 
f 167//167 168//168 168//168 
f 168//168 169//169 168//168 
f 168//168 169//169 169//169 
f 169//169 170//170 169//169 
f 169//169 170//170 171//171 
f 170//170 172//172 171//171 
f 171//171 172//172 173//173 
f 172//172 174//174 173//173 
f 173//173 174//174 175//175 
f 174//174 176//176 175//175 
f 175//175 176//176 177//177 
f 176//176 178//178 177//177 
f 177//177 178//178 179//179 
f 178//178 180//180 179//179 
f 179//179 180//180 180//180 
f 180//180 181//181 180//180 
f 180//180 181//181 181//181 
f 181//181 182//182 181//181 
f 181//181 182//182 183//183 
f 182//182 184//184 183//183 
f 183//183 184//184 184//184 
f 184//184 182//182 184//184 
f 184//184 182//182 182//182 
f 182//182 185//185 182//182 
f 182//182 185//185 184//184 
f 185//185 186//186 184//184 
f 184//184 186//186 186//186 
f 186//186 185//185 186//186 
f 186//186 185//185 185//185 
f 185//185 187//187 185//185 
f 185//185 187//187 186//186 
f 187//187 188//188 186//186 
f 186//186 188//188 188//188 
f 188//188 189//189 188//188 
f 188//188 189//189 189//189 
f 189//189 190//190 189//189 
f 189//189 190//190 191//191 
f 190//190 192//192 191//191 
f 191//191 192//192 192//192 
f 192//192 190//190 192//192 
f 192//192 190//190 193//193 
f 190//190 194//194 193//193 
f 193//193 194//194 195//195 
f 194//194 196//196 195//195 
f 195//195 196//196 196//196 
f 196//196 197//197 196//196 
f 196//196 197//197 197//197 
f 197//197 198//198 197//197 
f 197//197 198//198 199//199 
f 198//198 200//200 199//199 
f 199//199 200//200 201//201 
f 200//200 201//201 201//201 
f 201//201 201//201 199//199 
f 201//201 199//199 199//199 
f 199//199 199//199 199//199 
f 199//199 201//201 199//199 
f 199//199 201//201 202//202 
f 201//201 203//203 202//202 
f 202//202 203//203 204//204 
f 203//203 204//204 204//204 
f 204//204 204//204 201//201 
f 204//204 201//201 201//201 
f 201//201 201//201 201//201 
f 201//201 205//205 201//201 
f 201//201 205//205 203//203 
f 205//205 206//206 203//203 
f 203//203 206//206 206//206 
f 206//206 205//205 206//206 
f 206//206 205//205 207//207 
f 205//205 208//208 207//207 
f 207//207 208//208 208//208 
f 208//208 205//205 208//208 
f 208//208 205//205 205//205 
f 205//205 209//209 205//205 
f 205//205 209//209 208//208 
f 209//209 210//210 208//208 
f 208//208 210//210 210//210 
f 210//210 209//209 210//210 
f 210//210 209//209 211//211 
f 209//209 200//200 211//211 
f 211//211 200//200 198//198 
f 200//200 198//198 198//198 
f 198//198 198//198 212//212 
f 198//198 212//212 212//212 
f 212//212 212//212 212//212 
f 212//212 213//213 212//212 
f 212//212 213//213 214//214 
f 213//213 215//215 214//214 
f 214//214 215//215 216//216 
f 215//215 217//217 216//216 
f 216//216 217//217 218//218 
f 217//217 219//219 218//218 
f 218//218 219//219 220//220 
f 219//219 221//221 220//220 
f 220//220 221//221 222//222 
f 221//221 223//223 222//222 
f 222//222 223//223 223//223 
f 223//223 224//224 223//223 
f 223//223 224//224 224//224 
f 224//224 225//225 224//224 
f 224//224 225//225 226//226 
f 225//225 227//227 226//226 
f 226//226 227//227 228//228 
f 227//227 228//228 228//228 
f 228//228 228//228 226//226 
f 228//228 226//226 226//226 
f 226//226 226//226 226//226 
f 226//226 228//228 226//226 
f 226//226 228//228 229//229 
f 228//228 230//230 229//229 
f 229//229 230//230 230//230 
f 230//230 231//231 230//230 
f 230//230 231//231 231//231 
f 231//231 232//232 231//231 
f 231//231 232//232 233//233 
f 232//232 234//234 233//233 
f 233//233 234//234 234//234 
f 234//234 235//235 234//234 
f 234//234 235//235 235//235 
f 235//235 236//236 235//235 
f 235//235 236//236 237//237 
f 236//236 238//238 237//237 
f 237//237 238//238 238//238 
f 238//238 239//239 238//238 
f 238//238 239//239 239//239 
f 239//239 240//240 239//239 
f 239//239 240//240 241//241 
f 240//240 242//242 241//241 
f 241//241 242//242 242//242 
f 242//242 243//243 242//242 
f 242//242 243//243 243//243 
f 243//243 244//244 243//243 
f 243//243 244//244 245//245 
f 244//244 246//246 245//245 
f 245//245 246//246 247//247 
f 246//246 248//248 247//247 
f 247//247 248//248 249//249 
f 248//248 250//250 249//249 
f 249//249 250//250 251//251 
f 250//250 252//252 251//251 
f 251//251 252//252 253//253 
f 252//252 254//254 253//253 
f 253//253 254//254 254//254 
f 254//254 255//255 254//254 
f 254//254 255//255 255//255 
f 255//255 256//256 255//255 
f 255//255 256//256 257//257 
f 256//256 258//258 257//257 
f 257//257 258//258 258//258 
f 258//258 259//259 258//258 
f 258//258 259//259 259//259 
f 259//259 260//260 259//259 
f 259//259 260//260 261//261 
f 260//260 262//262 261//261 
f 261//261 262//262 262//262 
f 262//262 263//263 262//262 
f 262//262 263//263 263//263 
f 263//263 264//264 263//263 
f 263//263 264//264 265//265 
f 264//264 266//266 265//265 
f 265//265 266//266 266//266 
f 266//266 267//267 266//266 
f 266//266 267//267 267//267 
f 267//267 268//268 267//267 
f 267//267 268//268 269//269 
f 268//268 270//270 269//269 
f 269//269 270//270 271//271 
f 270//270 272//272 271//271 
f 271//271 272//272 273//273 
f 272//272 274//274 273//273 
f 273//273 274//274 275//275 
f 274//274 276//276 275//275 
f 275//275 276//276 277//277 
f 276//276 278//278 277//277 
f 277//277 278//278 278//278 
f 278//278 279//279 278//278 
f 278//278 279//279 279//279 
f 279//279 280//280 279//279 
f 279//279 280//280 281//281 
f 280//280 282//282 281//281 
f 281//281 282//282 282//282 
f 282//282 283//283 282//282 
f 282//282 283//283 283//283 
f 283//283 284//284 283//283 
f 283//283 284//284 285//285 
f 284//284 286//286 285//285 
f 285//285 286//286 286//286 
f 286//286 287//287 286//286 
f 286//286 287//287 287//287 
f 287//287 288//288 287//287 
f 287//287 288//288 289//289 
f 288//288 290//290 289//289 
f 289//289 290//290 290//290 
f 290//290 291//291 290//290 
f 290//290 291//291 291//291 
f 291//291 292//292 291//291 
f 291//291 292//292 293//293 
f 292//292 294//294 293//293 
f 293//293 294//294 294//294 
f 294//294 295//295 294//294 
f 294//294 295//295 295//295 
f 295//295 296//296 295//295 
f 295//295 296//296 297//297 
f 296//296 298//298 297//297 
f 297//297 298//298 298//298 
f 298//298 299//299 298//298 
f 298//298 299//299 299//299 
f 299//299 300//300 299//299 
f 299//299 300//300 301//301 
f 300//300 302//302 301//301 
f 301//301 302//302 302//302 
f 302//302 303//303 302//302 
f 302//302 303//303 303//303 
f 303//303 304//304 303//303 
f 303//303 304//304 305//305 
f 304//304 306//306 305//305 
f 305//305 306//306 306//306 
f 306//306 307//307 306//306 
f 306//306 307//307 307//307 
f 307//307 308//308 307//307 
f 307//307 308//308 309//309 
f 308//308 310//310 309//309 
f 309//309 310//310 311//311 
f 310//310 312//312 311//311 
f 311//311 312//312 312//312 
f 312//312 310//310 312//312 
f 312//312 310//310 310//310 
f 310//310 313//313 310//310 
f 310//310 313//313 312//312 
f 313//313 314//314 312//312 
f 312//312 314//314 314//314 
f 314//314 313//313 314//314 
f 314//314 313//313 315//315 
f 313//313 316//316 315//315 
f 315//315 316//316 317//317 
f 316//316 317//317 317//317 
f 317//317 317//317 318//318 
f 317//317 318//318 318//318 
f 318//318 318//318 318//318 
f 318//318 319//319 318//318 
f 318//318 319//319 320//320 
f 319//319 321//321 320//320 
f 320//320 321//321 321//321 
f 321//321 322//322 321//321 
f 321//321 322//322 322//322 
f 322//322 323//323 322//322 
f 322//322 323//323 324//324 
f 323//323 325//325 324//324 
f 324//324 325//325 325//325 
f 325//325 323//323 325//325 
f 325//325 323//323 326//326 
f 323//323 327//327 326//326 
f 326//326 327//327 328//328 
f 327//327 329//329 328//328 
f 328//328 329//329 329//329 
f 329//329 335//335 329//329 
f 329//329 335//335 335//335 
f 335//335 336//336 335//335 
f 335//335 336//336 337//337 
f 336//336 338//338 337//337 
f 337//337 338//338 339//339 
f 338//338 340//340 339//339 
f 339//339 340//340 341//341 
f 340//340 342//342 341//341 
f 341//341 342//342 343//343 
f 342//342 344//344 343//343 
f 343//343 344//344 345//345 
f 344//344 346//346 345//345 
f 345//345 346//346 347//347 
f 346//346 348//348 347//347 
f 347//347 348//348 349//349 
f 348//348 350//350 349//349 
f 349//349 350//350 351//351 
f 350//350 352//352 351//351 
f 351//351 352//352 353//353 
f 352//352 354//354 353//353 
f 353//353 354//354 355//355 
f 354//354 356//356 355//355 
f 355//355 356//356 357//357 
f 356//356 358//358 357//357 
f 357//357 358//358 359//359 
f 358//358 360//360 359//359 
f 359//359 360//360 361//361 
f 360//360 362//362 361//361 
f 361//361 362//362 363//363 
f 362//362 364//364 363//363 
f 363//363 364//364 365//365 
f 364//364 366//366 365//365 
f 365//365 366//366 367//367 
f 366//366 368//368 367//367 
f 367//367 368//368 369//369 
f 368//368 370//370 369//369 
f 369//369 370//370 371//371 
f 370//370 372//372 371//371 
f 371//371 372//372 373//373 
f 372//372 374//374 373//373 
f 373//373 374//374 375//375 
f 374//374 376//376 375//375 
f 375//375 376//376 377//377 
f 376//376 378//378 377//377 
f 377//377 378//378 379//379 
f 378//378 380//380 379//379 
f 379//379 380//380 381//381 
f 380//380 382//382 381//381 
f 381//381 382//382 383//383 
f 382//382 384//384 383//383 
f 383//383 384//384 385//385 
f 384//384 386//386 385//385 
f 385//385 386//386 387//387 
f 386//386 388//388 387//387 
f 387//387 388//388 389//389 
f 388//388 390//390 389//389 
f 389//389 390//390 391//391 
f 390//390 392//392 391//391 
f 391//391 392//392 393//393 
f 392//392 394//394 393//393 
f 393//393 394//394 395//395 
f 394//394 396//396 395//395 
f 395//395 396//396 397//397 
f 396//396 398//398 397//397 
f 397//397 398//398 399//399 
f 398//398 400//400 399//399 
f 399//399 400//400 401//401 
f 400//400 402//402 401//401 
f 401//401 402//402 403//403 
f 402//402 404//404 403//403 
f 403//403 404//404 405//405 
f 404//404 406//406 405//405 
f 405//405 406//406 407//407 
f 406//406 408//408 407//407 
f 407//407 408//408 409//409 
f 408//408 410//410 409//409 
f 409//409 410//410 411//411 
f 410//410 412//412 411//411 
f 411//411 412//412 413//413 
f 412//412 414//414 413//413 
f 413//413 414//414 335//335 
f 414//414 336//336 335//335 
f 335//335 336//336 336//336 
f 336//336 414//414 336//336 
f 336//336 414//414 414//414 
f 414//414 415//415 414//414 
f 414//414 415//415 336//336 
f 415//415 416//416 336//336 
f 336//336 416//416 338//338 
f 416//416 417//417 338//338 
f 338//338 417//417 340//340 
f 417//417 418//418 340//340 
f 340//340 418//418 342//342 
f 418//418 419//419 342//342 
f 342//342 419//419 344//344 
f 419//419 420//420 344//344 
f 344//344 420//420 346//346 
f 420//420 421//421 346//346 
f 346//346 421//421 348//348 
f 421//421 422//422 348//348 
f 348//348 422//422 350//350 
f 422//422 423//423 350//350 
f 350//350 423//423 352//352 
f 423//423 424//424 352//352 
f 352//352 424//424 354//354 
f 424//424 425//425 354//354 
f 354//354 425//425 356//356 
f 425//425 426//426 356//356 
f 356//356 426//426 358//358 
f 426//426 427//427 358//358 
f 358//358 427//427 360//360 
f 427//427 428//428 360//360 
f 360//360 428//428 362//362 
f 428//428 429//429 362//362 
f 362//362 429//429 364//364 
f 429//429 430//430 364//364 
f 364//364 430//430 366//366 
f 430//430 431//431 366//366 
f 366//366 431//431 368//368 
f 431//431 432//432 368//368 
f 368//368 432//432 370//370 
f 432//432 433//433 370//370 
f 370//370 433//433 372//372 
f 433//433 434//434 372//372 
f 372//372 434//434 374//374 
f 434//434 435//435 374//374 
f 374//374 435//435 376//376 
f 435//435 436//436 376//376 
f 376//376 436//436 378//378 
f 436//436 437//437 378//378 
f 378//378 437//437 380//380 
f 437//437 438//438 380//380 
f 380//380 438//438 382//382 
f 438//438 439//439 382//382 
f 382//382 439//439 384//384 
f 439//439 440//440 384//384 
f 384//384 440//440 386//386 
f 440//440 441//441 386//386 
f 386//386 441//441 388//388 
f 441//441 442//442 388//388 
f 388//388 442//442 390//390 
f 442//442 443//443 390//390 
f 390//390 443//443 392//392 
f 443//443 444//444 392//392 
f 392//392 444//444 394//394 
f 444//444 445//445 394//394 
f 394//394 445//445 396//396 
f 445//445 446//446 396//396 
f 396//396 446//446 398//398 
f 446//446 447//447 398//398 
f 398//398 447//447 400//400 
f 447//447 448//448 400//400 
f 400//400 448//448 402//402 
f 448//448 449//449 402//402 
f 402//402 449//449 404//404 
f 449//449 450//450 404//404 
f 404//404 450//450 406//406 
f 450//450 451//451 406//406 
f 406//406 451//451 408//408 
f 451//451 452//452 408//408 
f 408//408 452//452 410//410 
f 452//452 453//453 410//410 
f 410//410 453//453 412//412 
f 453//453 454//454 412//412 
f 412//412 454//454 414//414 
f 454//454 415//415 414//414 
f 414//414 415//415 415//415 
f 415//415 454//454 415//415 
f 415//415 454//454 454//454 
f 454//454 455//455 454//454 
f 454//454 455//455 415//415 
f 455//455 456//456 415//415 
f 415//415 456//456 416//416 
f 456//456 457//457 416//416 
f 416//416 457//457 417//417 
f 457//457 458//458 417//417 
f 417//417 458//458 418//418 
f 458//458 459//459 418//418 
f 418//418 459//459 419//419 
f 459//459 460//460 419//419 
f 419//419 460//460 420//420 
f 460//460 461//461 420//420 
f 420//420 461//461 421//421 
f 461//461 462//462 421//421 
f 421//421 462//462 422//422 
f 462//462 463//463 422//422 
f 422//422 463//463 423//423 
f 463//463 464//464 423//423 
f 423//423 464//464 424//424 
f 464//464 465//465 424//424 
f 424//424 465//465 425//425 
f 465//465 466//466 425//425 
f 425//425 466//466 426//426 
f 466//466 467//467 426//426 
f 426//426 467//467 427//427 
f 467//467 468//468 427//427 
f 427//427 468//468 428//428 
f 468//468 469//469 428//428 
f 428//428 469//469 429//429 
f 469//469 470//470 429//429 
f 429//429 470//470 430//430 
f 470//470 471//471 430//430 
f 430//430 471//471 431//431 
f 471//471 472//472 431//431 
f 431//431 472//472 432//432 
f 472//472 473//473 432//432 
f 432//432 473//473 433//433 
f 473//473 474//474 433//433 
f 433//433 474//474 434//434 
f 474//474 475//475 434//434 
f 434//434 475//475 435//435 
f 475//475 476//476 435//435 
f 435//435 476//476 436//436 
f 476//476 477//477 436//436 
f 436//436 477//477 437//437 
f 477//477 478//478 437//437 
f 437//437 478//478 438//438 
f 478//478 479//479 438//438 
f 438//438 479//479 439//439 
f 479//479 480//480 439//439 
f 439//439 480//480 440//440 
f 480//480 481//481 440//440 
f 440//440 481//481 441//441 
f 481//481 482//482 441//441 
f 441//441 482//482 442//442 
f 482//482 483//483 442//442 
f 442//442 483//483 443//443 
f 483//483 484//484 443//443 
f 443//443 484//484 444//444 
f 484//484 485//485 444//444 
f 444//444 485//485 445//445 
f 485//485 486//486 445//445 
f 445//445 486//486 446//446 
f 486//486 487//487 446//446 
f 446//446 487//487 447//447 
f 487//487 488//488 447//447 
f 447//447 488//488 448//448 
f 488//488 489//489 448//448 
f 448//448 489//489 449//449 
f 489//489 490//490 449//449 
f 449//449 490//490 450//450 
f 490//490 491//491 450//450 
f 450//450 491//491 451//451 
f 491//491 492//492 451//451 
f 451//451 492//492 452//452 
f 492//492 493//493 452//452 
f 452//452 493//493 453//453 
f 493//493 494//494 453//453 
f 453//453 494//494 454//454 
f 494//494 455//455 454//454 
f 454//454 455//455 455//455 
f 455//455 494//494 455//455 
f 455//455 494//494 494//494 
f 494//494 495//495 494//494 
f 494//494 495//495 455//455 
f 495//495 496//496 455//455 
f 455//455 496//496 456//456 
f 496//496 497//497 456//456 
f 456//456 497//497 457//457 
f 497//497 498//498 457//457 
f 457//457 498//498 458//458 
f 498//498 499//499 458//458 
f 458//458 499//499 459//459 
f 499//499 500//500 459//459 
f 459//459 500//500 460//460 
f 500//500 501//501 460//460 
f 460//460 501//501 461//461 
f 501//501 502//502 461//461 
f 461//461 502//502 462//462 
f 502//502 503//503 462//462 
f 462//462 503//503 463//463 
f 503//503 504//504 463//463 
f 463//463 504//504 464//464 
f 504//504 505//505 464//464 
f 464//464 505//505 465//465 
f 505//505 506//506 465//465 
f 465//465 506//506 466//466 
f 506//506 507//507 466//466 
f 466//466 507//507 467//467 
f 507//507 508//508 467//467 
f 467//467 508//508 468//468 
f 508//508 509//509 468//468 
f 468//468 509//509 469//469 
f 509//509 510//510 469//469 
f 469//469 510//510 470//470 
f 510//510 511//511 470//470 
f 470//470 511//511 471//471 
f 511//511 512//512 471//471 
f 471//471 512//512 472//472 
f 512//512 513//513 472//472 
f 472//472 513//513 473//473 
f 513//513 514//514 473//473 
f 473//473 514//514 474//474 
f 514//514 515//515 474//474 
f 474//474 515//515 475//475 
f 515//515 516//516 475//475 
f 475//475 516//516 476//476 
f 516//516 517//517 476//476 
f 476//476 517//517 477//477 
f 517//517 518//518 477//477 
f 477//477 518//518 478//478 
f 518//518 519//519 478//478 
f 478//478 519//519 479//479 
f 519//519 520//520 479//479 
f 479//479 520//520 480//480 
f 520//520 521//521 480//480 
f 480//480 521//521 481//481 
f 521//521 522//522 481//481 
f 481//481 522//522 482//482 
f 522//522 523//523 482//482 
f 482//482 523//523 483//483 
f 523//523 524//524 483//483 
f 483//483 524//524 484//484 
f 524//524 525//525 484//484 
f 484//484 525//525 485//485 
f 525//525 526//526 485//485 
f 485//485 526//526 486//486 
f 526//526 527//527 486//486 
f 486//486 527//527 487//487 
f 527//527 528//528 487//487 
f 487//487 528//528 488//488 
f 528//528 529//529 488//488 
f 488//488 529//529 489//489 
f 529//529 530//530 489//489 
f 489//489 530//530 490//490 
f 530//530 531//531 490//490 
f 490//490 531//531 491//491 
f 531//531 532//532 491//491 
f 491//491 532//532 492//492 
f 532//532 533//533 492//492 
f 492//492 533//533 493//493 
f 533//533 534//534 493//493 
f 493//493 534//534 494//494 
f 534//534 495//495 494//494 
f 494//494 495//495 495//495 
f 495//495 533//533 495//495 
f 495//495 533//533 533//533 
f 533//533 535//535 533//533 
f 533//533 535//535 534//534 
f 535//535 536//536 534//534 
f 534//534 536//536 495//495 
f 536//536 537//537 495//495 
f 495//495 537//537 496//496 
f 537//537 538//538 496//496 
f 496//496 538//538 497//497 
f 538//538 539//539 497//497 
f 497//497 539//539 498//498 
f 539//539 540//540 498//498 
f 498//498 540//540 499//499 
f 540//540 541//541 499//499 
f 499//499 541//541 500//500 
f 541//541 542//542 500//500 
f 500//500 542//542 501//501 
f 542//542 543//543 501//501 
f 501//501 543//543 502//502 
f 543//543 544//544 502//502 
f 502//502 544//544 503//503 
f 544//544 545//545 503//503 
f 503//503 545//545 504//504 
f 545//545 546//546 504//504 
f 504//504 546//546 505//505 
f 546//546 547//547 505//505 
f 505//505 547//547 506//506 
f 547//547 548//548 506//506 
f 506//506 548//548 507//507 
f 548//548 549//549 507//507 
f 507//507 549//549 508//508 
f 549//549 550//550 508//508 
f 508//508 550//550 509//509 
f 550//550 551//551 509//509 
f 509//509 551//551 510//510 
f 551//551 552//552 510//510 
f 510//510 552//552 511//511 
f 552//552 553//553 511//511 
f 511//511 553//553 554//554 
f 553//553 555//555 554//554 
f 554//554 555//555 556//556 
f 555//555 557//557 556//556 
f 556//556 557//557 558//558 
f 557//557 559//559 558//558 
f 558//558 559//559 560//560 
f 559//559 560//560 560//560 
f 560//560 560//560 535//535 
f 560//560 535//535 535//535 
f 535//535 535//535 535//535 
f 535//535 561//561 535//535 
f 535//535 561//561 536//536 
f 561//561 562//562 536//536 
f 536//536 562//562 537//537 
f 562//562 563//563 537//537 
f 537//537 563//563 538//538 
f 563//563 564//564 538//538 
f 538//538 564//564 539//539 
f 564//564 565//565 539//539 
f 539//539 565//565 540//540 
f 565//565 566//566 540//540 
f 540//540 566//566 541//541 
f 566//566 567//567 541//541 
f 541//541 567//567 542//542 
f 567//567 568//568 542//542 
f 542//542 568//568 543//543 
f 568//568 569//569 543//543 
f 543//543 569//569 544//544 
f 569//569 570//570 544//544 
f 544//544 570//570 545//545 
f 570//570 571//571 545//545 
f 545//545 571//571 546//546 
f 571//571 572//572 546//546 
f 546//546 572//572 547//547 
f 572//572 573//573 547//547 
f 547//547 573//573 548//548 
f 573//573 574//574 548//548 
f 548//548 574//574 549//549 
f 574//574 575//575 549//549 
f 549//549 575//575 550//550 
f 575//575 576//576 550//550 
f 550//550 576//576 551//551 
f 576//576 577//577 551//551 
f 551//551 577//577 552//552 
f 577//577 578//578 552//552 
f 552//552 578//578 553//553 
f 578//578 579//579 553//553 
f 553//553 579//579 555//555 
f 579//579 580//580 555//555 
f 555//555 580//580 557//557 
f 580//580 581//581 557//557 
f 557//557 581//581 559//559 
f 581//581 559//559 559//559 
f 559//559 559//559 561//561 
f 559//559 561//561 561//561 
f 561//561 561//561 561//561 
f 561//561 582//582 561//561 
f 561//561 582//582 562//562 
f 582//582 583//583 562//562 
f 562//562 583//583 563//563 
f 583//583 584//584 563//563 
f 563//563 584//584 564//564 
f 584//584 585//585 564//564 
f 564//564 585//585 565//565 
f 585//585 586//586 565//565 
f 565//565 586//586 566//566 
f 586//586 587//587 566//566 
f 566//566 587//587 567//567 
f 587//587 588//588 567//567 
f 567//567 588//588 568//568 
f 588//588 589//589 568//568 
f 568//568 589//589 569//569 
f 589//589 590//590 569//569 
f 569//569 590//590 570//570 
f 590//590 591//591 570//570 
f 570//570 591//591 571//571 
f 591//591 592//592 571//571 
f 571//571 592//592 572//572 
f 592//592 593//593 572//572 
f 572//572 593//593 573//573 
f 593//593 594//594 573//573 
f 573//573 594//594 574//574 
f 594//594 595//595 574//574 
f 574//574 595//595 575//575 
f 595//595 596//596 575//575 
f 575//575 596//596 576//576 
f 596//596 597//597 576//576 
f 576//576 597//597 577//577 
f 597//597 598//598 577//577 
f 577//577 598//598 578//578 
f 598//598 599//599 578//578 
f 578//578 599//599 579//579 
f 599//599 600//600 579//579 
f 579//579 600//600 580//580 
f 600//600 601//601 580//580 
f 580//580 601//601 581//581 
f 601//601 581//581 581//581 
f 581//581 581//581 582//582 
f 581//581 582//582 582//582 
f 582//582 582//582 582//582 
f 582//582 602//602 582//582 
f 582//582 602//602 583//583 
f 602//602 603//603 583//583 
f 583//583 603//603 584//584 
f 603//603 604//604 584//584 
f 584//584 604//604 585//585 
f 604//604 605//605 585//585 
f 585//585 605//605 586//586 
f 605//605 606//606 586//586 
f 586//586 606//606 587//587 
f 606//606 607//607 587//587 
f 587//587 607//607 588//588 
f 607//607 608//608 588//588 
f 588//588 608//608 589//589 
f 608//608 609//609 589//589 
f 589//589 609//609 590//590 
f 609//609 610//610 590//590 
f 590//590 610//610 591//591 
f 610//610 611//611 591//591 
f 591//591 611//611 592//592 
f 611//611 612//612 592//592 
f 592//592 612//612 593//593 
f 612//612 613//613 593//593 
f 593//593 613//613 594//594 
f 613//613 614//614 594//594 
f 594//594 614//614 595//595 
f 614//614 615//615 595//595 
f 595//595 615//615 596//596 
f 615//615 616//616 596//596 
f 596//596 616//616 597//597 
f 616//616 617//617 597//597 
f 597//597 617//617 598//598 
f 617//617 618//618 598//598 
f 598//598 618//618 599//599 
f 618//618 619//619 599//599 
f 599//599 619//619 600//600 
f 619//619 620//620 600//600 
f 600//600 620//620 601//601 
f 620//620 601//601 601//601 
f 601//601 601//601 602//602 
f 601//601 602//602 602//602 
f 602//602 602//602 602//602 
f 602//602 582//582 602//602 
f 602//602 582//582 621//621 
f 582//582 622//622 621//621 
f 621//621 622//622 623//623 
f 622//622 624//624 623//623 
f 623//623 624//624 625//625 
f 624//624 626//626 625//625 
f 625//625 626//626 627//627 
f 626//626 628//628 627//627 
f 627//627 628//628 629//629 
f 628//628 630//630 629//629 
f 629//629 630//630 631//631 
f 630//630 632//632 631//631 
f 631//631 632//632 633//633 
f 632//632 526//526 633//633 
f 633//633 526//526 525//525 
f 526//526 525//525 525//525 
f 525//525 525//525 633//633 
f 525//525 633//633 633//633 
f 633//633 633//633 633//633 
f 633//633 525//525 633//633 
f 633//633 525//525 634//634 
f 525//525 524//524 634//634 
f 634//634 524//524 635//635 
f 524//524 523//523 635//635 
f 635//635 523//523 636//636 
f 523//523 522//522 636//636 
f 636//636 522//522 637//637 
f 522//522 521//521 637//637 
f 637//637 521//521 638//638 
f 521//521 520//520 638//638 
f 638//638 520//520 639//639 
f 520//520 519//519 639//639 
f 639//639 519//519 640//640 
f 519//519 518//518 640//640 
f 640//640 518//518 641//641 
f 518//518 517//517 641//641 
f 641//641 517//517 642//642 
f 517//517 516//516 642//642 
f 642//642 516//516 643//643 
f 516//516 515//515 643//643 
f 643//643 515//515 644//644 
f 515//515 514//514 644//644 
f 644//644 514//514 645//645 
f 514//514 513//513 645//645 
f 645//645 513//513 646//646 
f 513//513 512//512 646//646 
f 646//646 512//512 554//554 
f 512//512 511//511 554//554 
f 554//554 511//511 511//511 
f 511//511 554//554 511//511 
f 511//511 554//554 554//554 
f 554//554 556//556 554//554 
f 554//554 556//556 646//646 
f 556//556 647//647 646//646 
f 646//646 647//647 645//645 
f 647//647 648//648 645//645 
f 645//645 648//648 644//644 
f 648//648 649//649 644//644 
f 644//644 649//649 643//643 
f 649//649 650//650 643//643 
f 643//643 650//650 642//642 
f 650//650 651//651 642//642 
f 642//642 651//651 641//641 
f 651//651 652//652 641//641 
f 641//641 652//652 640//640 
f 652//652 653//653 640//640 
f 640//640 653//653 639//639 
f 653//653 654//654 639//639 
f 639//639 654//654 638//638 
f 654//654 655//655 638//638 
f 638//638 655//655 637//637 
f 655//655 656//656 637//637 
f 637//637 656//656 636//636 
f 656//656 657//657 636//636 
f 636//636 657//657 635//635 
f 657//657 658//658 635//635 
f 635//635 658//658 634//634 
f 658//658 659//659 634//634 
f 634//634 659//659 633//633 
f 659//659 631//631 633//633 
f 633//633 631//631 631//631 
f 631//631 556//556 631//631 
f 631//631 556//556 556//556 
f 556//556 558//558 556//556 
f 556//556 558//558 647//647 
f 558//558 660//660 647//647 
f 647//647 660//660 648//648 
f 660//660 661//661 648//648 
f 648//648 661//661 649//649 
f 661//661 662//662 649//649 
f 649//649 662//662 650//650 
f 662//662 663//663 650//650 
f 650//650 663//663 651//651 
f 663//663 664//664 651//651 
f 651//651 664//664 652//652 
f 664//664 665//665 652//652 
f 652//652 665//665 653//653 
f 665//665 666//666 653//653 
f 653//653 666//666 654//654 
f 666//666 667//667 654//654 
f 654//654 667//667 655//655 
f 667//667 668//668 655//655 
f 655//655 668//668 656//656 
f 668//668 669//669 656//656 
f 656//656 669//669 657//657 
f 669//669 670//670 657//657 
f 657//657 670//670 658//658 
f 670//670 671//671 658//658 
f 658//658 671//671 659//659 
f 671//671 672//672 659//659 
f 659//659 672//672 631//631 
f 672//672 629//629 631//631 
f 631//631 629//629 629//629 
f 629//629 558//558 629//629 
f 629//629 558//558 558//558 
f 558//558 560//560 558//558 
f 558//558 560//560 660//660 
f 560//560 673//673 660//660 
f 660//660 673//673 661//661 
f 673//673 674//674 661//661 
f 661//661 674//674 662//662 
f 674//674 675//675 662//662 
f 662//662 675//675 663//663 
f 675//675 676//676 663//663 
f 663//663 676//676 664//664 
f 676//676 677//677 664//664 
f 664//664 677//677 665//665 
f 677//677 678//678 665//665 
f 665//665 678//678 666//666 
f 678//678 679//679 666//666 
f 666//666 679//679 667//667 
f 679//679 680//680 667//667 
f 667//667 680//680 668//668 
f 680//680 681//681 668//668 
f 668//668 681//681 669//669 
f 681//681 682//682 669//669 
f 669//669 682//682 670//670 
f 682//682 683//683 670//670 
f 670//670 683//683 671//671 
f 683//683 684//684 671//671 
f 671//671 684//684 672//672 
f 684//684 685//685 672//672 
f 672//672 685//685 629//629 
f 685//685 627//627 629//629 
f 629//629 627//627 627//627 
f 627//627 684//684 627//627 
f 627//627 684//684 684//684 
f 684//684 686//686 684//684 
f 684//684 686//686 685//685 
f 686//686 687//687 685//685 
f 685//685 687//687 627//627 
f 687//687 625//625 627//627 
f 627//627 625//625 625//625 
f 625//625 686//686 625//625 
f 625//625 686//686 686//686 
f 686//686 688//688 686//686 
f 686//686 688//688 687//687 
f 688//688 689//689 687//687 
f 687//687 689//689 625//625 
f 689//689 623//623 625//625 
f 625//625 623//623 623//623 
f 623//623 688//688 623//623 
f 623//623 688//688 688//688 
f 688//688 690//690 688//688 
f 688//688 690//690 689//689 
f 690//690 691//691 689//689 
f 689//689 691//691 623//623 
f 691//691 621//621 623//623 
f 623//623 621//621 621//621 
f 621//621 690//690 621//621 
f 621//621 690//690 690//690 
f 690//690 692//692 690//690 
f 690//690 692//692 691//691 
f 692//692 693//693 691//691 
f 691//691 693//693 621//621 
f 693//693 602//602 621//621 
f 621//621 602//602 602//602 
f 602//602 533//533 602//602 
f 602//602 533//533 533//533 
f 533//533 532//532 533//533 
f 533//533 532//532 535//535 
f 532//532 694//694 535//535 
f 535//535 694//694 561//561 
f 694//694 622//622 561//561 
f 561//561 622//622 582//582 
f 622//622 582//582 582//582 
f 582//582 582//582 622//622 
f 582//582 622//622 622//622 
f 622//622 622//622 622//622 
f 622//622 694//694 622//622 
f 622//622 694//694 624//624 
f 694//694 531//531 624//624 
f 624//624 531//531 626//626 
f 531//531 530//530 626//626 
f 626//626 530//530 628//628 
f 530//530 529//529 628//628 
f 628//628 529//529 630//630 
f 529//529 528//528 630//630 
f 630//630 528//528 632//632 
f 528//528 527//527 632//632 
f 632//632 527//527 526//526 
f 527//527 526//526 526//526 
f 526//526 526//526 695//695 
f 526//526 695//695 695//695 
f 695//695 695//695 695//695 
f 695//695 696//696 695//695 
f 695//695 696//696 697//697 
f 696//696 698//698 697//697 
f 697//697 698//698 699//699 
f 698//698 700//700 699//699 
f 699//699 700//700 701//701 
f 700//700 702//702 701//701 
f 701//701 702//702 703//703 
f 702//702 704//704 703//703 
f 703//703 704//704 705//705 
f 704//704 706//706 705//705 
f 705//705 706//706 707//707 
f 706//706 708//708 707//707 
f 707//707 708//708 709//709 
f 708//708 710//710 709//709 
f 709//709 710//710 711//711 
f 710//710 712//712 711//711 
f 711//711 712//712 713//713 
f 712//712 714//714 713//713 
f 713//713 714//714 715//715 
f 714//714 716//716 715//715 
f 715//715 716//716 716//716 
f 716//716 696//696 716//716 
f 716//716 696//696 696//696 
f 696//696 717//717 696//696 
f 696//696 717//717 698//698 
f 717//717 718//718 698//698 
f 698//698 718//718 700//700 
f 718//718 719//719 700//700 
f 700//700 719//719 702//702 
f 719//719 720//720 702//702 
f 702//702 720//720 704//704 
f 720//720 721//721 704//704 
f 704//704 721//721 706//706 
f 721//721 722//722 706//706 
f 706//706 722//722 708//708 
f 722//722 723//723 708//708 
f 708//708 723//723 710//710 
f 723//723 724//724 710//710 
f 710//710 724//724 712//712 
f 724//724 725//725 712//712 
f 712//712 725//725 714//714 
f 725//725 726//726 714//714 
f 714//714 726//726 716//716 
f 726//726 727//727 716//716 
f 716//716 727//727 727//727 
f 727//727 717//717 727//727 
f 727//727 717//717 717//717 
f 717//717 728//728 717//717 
f 717//717 728//728 718//718 
f 728//728 729//729 718//718 
f 718//718 729//729 719//719 
f 729//729 730//730 719//719 
f 719//719 730//730 720//720 
f 730//730 731//731 720//720 
f 720//720 731//731 721//721 
f 731//731 732//732 721//721 
f 721//721 732//732 722//722 
f 732//732 733//733 722//722 
f 722//722 733//733 723//723 
f 733//733 734//734 723//723 
f 723//723 734//734 724//724 
f 734//734 735//735 724//724 
f 724//724 735//735 725//725 
f 735//735 736//736 725//725 
f 725//725 736//736 726//726 
f 736//736 737//737 726//726 
f 726//726 737//737 727//727 
f 737//737 738//738 727//727 
f 727//727 738//738 738//738 
f 738//738 728//728 738//738 
f 738//738 728//728 728//728 
f 728//728 739//739 728//728 
f 728//728 739//739 729//729 
f 739//739 740//740 729//729 
f 729//729 740//740 730//730 
f 740//740 741//741 730//730 
f 730//730 741//741 731//731 
f 741//741 742//742 731//731 
f 731//731 742//742 732//732 
f 742//742 743//743 732//732 
f 732//732 743//743 733//733 
f 743//743 744//744 733//733 
f 733//733 744//744 734//734 
f 744//744 745//745 734//734 
f 734//734 745//745 735//735 
f 745//745 746//746 735//735 
f 735//735 746//746 736//736 
f 746//746 747//747 736//736 
f 736//736 747//747 737//737 
f 747//747 748//748 737//737 
f 737//737 748//748 738//738 
f 748//748 749//749 738//738 
f 738//738 749//749 749//749 
f 749//749 744//744 749//749 
f 749//749 744//744 744//744 
f 744//744 750//750 744//744 
f 744//744 750//750 745//745 
f 750//750 751//751 745//745 
f 745//745 751//751 752//752 
f 751//751 753//753 752//752 
f 752//752 753//753 754//754 
f 753//753 755//755 754//754 
f 754//754 755//755 756//756 
f 755//755 757//757 756//756 
f 756//756 757//757 758//758 
f 757//757 759//759 758//758 
f 758//758 759//759 760//760 
f 759//759 761//761 760//760 
f 760//760 761//761 762//762 
f 761//761 763//763 762//762 
f 762//762 763//763 764//764 
f 763//763 765//765 764//764 
f 764//764 765//765 766//766 
f 765//765 767//767 766//766 
f 766//766 767//767 768//768 
f 767//767 769//769 768//768 
f 768//768 769//769 770//770 
f 769//769 771//771 770//770 
f 770//770 771//771 772//772 
f 771//771 773//773 772//772 
f 772//772 773//773 774//774 
f 773//773 775//775 774//774 
f 774//774 775//775 776//776 
f 775//775 777//777 776//776 
f 776//776 777//777 778//778 
f 777//777 779//779 778//778 
f 778//778 779//779 780//780 
f 779//779 781//781 780//780 
f 780//780 781//781 782//782 
f 781//781 783//783 782//782 
f 782//782 783//783 784//784 
f 783//783 785//785 784//784 
f 784//784 785//785 786//786 
f 785//785 787//787 786//786 
f 786//786 787//787 788//788 
f 787//787 789//789 788//788 
f 788//788 789//789 790//790 
f 789//789 791//791 790//790 
f 790//790 791//791 792//792 
f 791//791 793//793 792//792 
f 792//792 793//793 794//794 
f 793//793 795//795 794//794 
f 794//794 795//795 796//796 
f 795//795 797//797 796//796 
f 796//796 797//797 798//798 
f 797//797 799//799 798//798 
f 798//798 799//799 800//800 
f 799//799 801//801 800//800 
f 800//800 801//801 802//802 
f 801//801 803//803 802//802 
f 802//802 803//803 804//804 
f 803//803 805//805 804//804 
f 804//804 805//805 806//806 
f 805//805 807//807 806//806 
f 806//806 807//807 808//808 
f 807//807 809//809 808//808 
f 808//808 809//809 810//810 
f 809//809 811//811 810//810 
f 810//810 811//811 812//812 
f 811//811 813//813 812//812 
f 812//812 813//813 814//814 
f 813//813 815//815 814//814 
f 814//814 815//815 816//816 
f 815//815 817//817 816//816 
f 816//816 817//817 739//739 
f 817//817 818//818 739//739 
f 739//739 818//818 740//740 
f 818//818 819//819 740//740 
f 740//740 819//819 741//741 
f 819//819 820//820 741//741 
f 741//741 820//820 742//742 
f 820//820 821//821 742//742 
f 742//742 821//821 743//743 
f 821//821 822//822 743//743 
f 743//743 822//822 744//744 
f 822//822 750//750 744//744 
f 744//744 750//750 750//750 
f 750//750 822//822 750//750 
f 750//750 822//822 822//822 
f 822//822 823//823 822//822 
f 822//822 823//823 750//750 
f 823//823 824//824 750//750 
f 750//750 824//824 751//751 
f 824//824 825//825 751//751 
f 751//751 825//825 753//753 
f 825//825 826//826 753//753 
f 753//753 826//826 755//755 
f 826//826 827//827 755//755 
f 755//755 827//827 757//757 
f 827//827 828//828 757//757 
f 757//757 828//828 759//759 
f 828//828 829//829 759//759 
f 759//759 829//829 761//761 
f 829//829 830//830 761//761 
f 761//761 830//830 763//763 
f 830//830 831//831 763//763 
f 763//763 831//831 765//765 
f 831//831 832//832 765//765 
f 765//765 832//832 767//767 
f 832//832 833//833 767//767 
f 767//767 833//833 769//769 
f 833//833 834//834 769//769 
f 769//769 834//834 771//771 
f 834//834 835//835 771//771 
f 771//771 835//835 773//773 
f 835//835 836//836 773//773 
f 773//773 836//836 775//775 
f 836//836 837//837 775//775 
f 775//775 837//837 777//777 
f 837//837 838//838 777//777 
f 777//777 838//838 779//779 
f 838//838 839//839 779//779 
f 779//779 839//839 781//781 
f 839//839 840//840 781//781 
f 781//781 840//840 783//783 
f 840//840 841//841 783//783 
f 783//783 841//841 785//785 
f 841//841 842//842 785//785 
f 785//785 842//842 787//787 
f 842//842 843//843 787//787 
f 787//787 843//843 789//789 
f 843//843 844//844 789//789 
f 789//789 844//844 791//791 
f 844//844 845//845 791//791 
f 791//791 845//845 793//793 
f 845//845 846//846 793//793 
f 793//793 846//846 795//795 
f 846//846 847//847 795//795 
f 795//795 847//847 797//797 
f 847//847 848//848 797//797 
f 797//797 848//848 799//799 
f 848//848 849//849 799//799 
f 799//799 849//849 801//801 
f 849//849 850//850 801//801 
f 801//801 850//850 803//803 
f 850//850 851//851 803//803 
f 803//803 851//851 805//805 
f 851//851 852//852 805//805 
f 805//805 852//852 807//807 
f 852//852 853//853 807//807 
f 807//807 853//853 809//809 
f 853//853 854//854 809//809 
f 809//809 854//854 811//811 
f 854//854 855//855 811//811 
f 811//811 855//855 813//813 
f 855//855 856//856 813//813 
f 813//813 856//856 815//815 
f 856//856 857//857 815//815 
f 815//815 857//857 817//817 
f 857//857 858//858 817//817 
f 817//817 858//858 818//818 
f 858//858 859//859 818//818 
f 818//818 859//859 819//819 
f 859//859 860//860 819//819 
f 819//819 860//860 820//820 
f 860//860 861//861 820//820 
f 820//820 861//861 821//821 
f 861//861 862//862 821//821 
f 821//821 862//862 822//822 
f 862//862 823//823 822//822 
f 822//822 823//823 823//823 
f 823//823 862//862 823//823 
f 823//823 862//862 862//862 
f 862//862 863//863 862//862 
f 862//862 863//863 823//823 
f 863//863 864//864 823//823 
f 823//823 864//864 824//824 
f 864//864 865//865 824//824 
f 824//824 865//865 825//825 
f 865//865 866//866 825//825 
f 825//825 866//866 826//826 
f 866//866 867//867 826//826 
f 826//826 867//867 827//827 
f 867//867 868//868 827//827 
f 827//827 868//868 828//828 
f 868//868 869//869 828//828 
f 828//828 869//869 829//829 
f 869//869 870//870 829//829 
f 829//829 870//870 830//830 
f 870//870 871//871 830//830 
f 830//830 871//871 831//831 
f 871//871 872//872 831//831 
f 831//831 872//872 832//832 
f 872//872 873//873 832//832 
f 832//832 873//873 833//833 
f 873//873 874//874 833//833 
f 833//833 874//874 834//834 
f 874//874 875//875 834//834 
f 834//834 875//875 835//835 
f 875//875 876//876 835//835 
f 835//835 876//876 836//836 
f 876//876 877//877 836//836 
f 836//836 877//877 837//837 
f 877//877 878//878 837//837 
f 837//837 878//878 838//838 
f 878//878 879//879 838//838 
f 838//838 879//879 839//839 
f 879//879 880//880 839//839 
f 839//839 880//880 840//840 
f 880//880 881//881 840//840 
f 840//840 881//881 841//841 
f 881//881 882//882 841//841 
f 841//841 882//882 842//842 
f 882//882 883//883 842//842 
f 842//842 883//883 843//843 
f 883//883 884//884 843//843 
f 843//843 884//884 844//844 
f 884//884 885//885 844//844 
f 844//844 885//885 845//845 
f 885//885 886//886 845//845 
f 845//845 886//886 846//846 
f 886//886 887//887 846//846 
f 846//846 887//887 847//847 
f 887//887 888//888 847//847 
f 847//847 888//888 848//848 
f 888//888 889//889 848//848 
f 848//848 889//889 849//849 
f 889//889 890//890 849//849 
f 849//849 890//890 850//850 
f 890//890 891//891 850//850 
f 850//850 891//891 851//851 
f 891//891 892//892 851//851 
f 851//851 892//892 852//852 
f 892//892 893//893 852//852 
f 852//852 893//893 853//853 
f 893//893 894//894 853//853 
f 853//853 894//894 854//854 
f 894//894 895//895 854//854 
f 854//854 895//895 855//855 
f 895//895 896//896 855//855 
f 855//855 896//896 856//856 
f 896//896 897//897 856//856 
f 856//856 897//897 857//857 
f 897//897 898//898 857//857 
f 857//857 898//898 858//858 
f 898//898 899//899 858//858 
f 858//858 899//899 859//859 
f 899//899 900//900 859//859 
f 859//859 900//900 860//860 
f 900//900 901//901 860//860 
f 860//860 901//901 861//861 
f 901//901 902//902 861//861 
f 861//861 902//902 862//862 
f 902//902 863//863 862//862 
f 862//862 863//863 863//863 
f 863//863 902//902 863//863 
f 863//863 902//902 902//902 
f 902//902 903//903 902//902 
f 902//902 903//903 863//863 
f 903//903 904//904 863//863 
f 863//863 904//904 864//864 
f 904//904 905//905 864//864 
f 864//864 905//905 865//865 
f 905//905 906//906 865//865 
f 865//865 906//906 866//866 
f 906//906 907//907 866//866 
f 866//866 907//907 867//867 
f 907//907 908//908 867//867 
f 867//867 908//908 868//868 
f 908//908 909//909 868//868 
f 868//868 909//909 869//869 
f 909//909 910//910 869//869 
f 869//869 910//910 870//870 
f 910//910 911//911 870//870 
f 870//870 911//911 871//871 
f 911//911 912//912 871//871 
f 871//871 912//912 872//872 
f 912//912 913//913 872//872 
f 872//872 913//913 873//873 
f 913//913 914//914 873//873 
f 873//873 914//914 874//874 
f 914//914 915//915 874//874 
f 874//874 915//915 875//875 
f 915//915 916//916 875//875 
f 875//875 916//916 876//876 
f 916//916 917//917 876//876 
f 876//876 917//917 877//877 
f 917//917 918//918 877//877 
f 877//877 918//918 878//878 
f 918//918 919//919 878//878 
f 878//878 919//919 879//879 
f 919//919 920//920 879//879 
f 879//879 920//920 880//880 
f 920//920 921//921 880//880 
f 880//880 921//921 881//881 
f 921//921 922//922 881//881 
f 881//881 922//922 882//882 
f 922//922 923//923 882//882 
f 882//882 923//923 883//883 
f 923//923 924//924 883//883 
f 883//883 924//924 884//884 
f 924//924 925//925 884//884 
f 884//884 925//925 885//885 
f 925//925 926//926 885//885 
f 885//885 926//926 886//886 
f 926//926 927//927 886//886 
f 886//886 927//927 887//887 
f 927//927 928//928 887//887 
f 887//887 928//928 888//888 
f 928//928 929//929 888//888 
f 888//888 929//929 889//889 
f 929//929 930//930 889//889 
f 889//889 930//930 890//890 
f 930//930 931//931 890//890 
f 890//890 931//931 891//891 
f 931//931 932//932 891//891 
f 891//891 932//932 892//892 
f 932//932 933//933 892//892 
f 892//892 933//933 893//893 
f 933//933 934//934 893//893 
f 893//893 934//934 894//894 
f 934//934 935//935 894//894 
f 894//894 935//935 895//895 
f 935//935 936//936 895//895 
f 895//895 936//936 896//896 
f 936//936 937//937 896//896 
f 896//896 937//937 897//897 
f 937//937 938//938 897//897 
f 897//897 938//938 898//898 
f 938//938 939//939 898//898 
f 898//898 939//939 899//899 
f 939//939 940//940 899//899 
f 899//899 940//940 900//900 
f 940//940 941//941 900//900 
f 900//900 941//941 901//901 
f 941//941 942//942 901//901 
f 901//901 942//942 902//902 
f 942//942 903//903 902//902 
f 902//902 903//903 903//903 
f 903//903 745//745 903//903 
f 903//903 745//745 745//745 
f 745//745 752//752 745//745 
f 745//745 752//752 746//746 
f 752//752 943//943 746//746 
f 746//746 943//943 747//747 
f 943//943 944//944 747//747 
f 747//747 944//944 748//748 
f 944//944 945//945 748//748 
f 748//748 945//945 749//749 
f 945//945 946//946 749//749 
f 749//749 946//946 946//946 
f 946//946 752//752 946//946 
f 946//946 752//752 752//752 
f 752//752 754//754 752//752 
f 752//752 754//754 943//943 
f 754//754 947//947 943//943 
f 943//943 947//947 944//944 
f 947//947 948//948 944//944 
f 944//944 948//948 945//945 
f 948//948 949//949 945//945 
f 945//945 949//949 946//946 
f 949//949 950//950 946//946 
f 946//946 950//950 950//950 
f 950//950 754//754 950//950 
f 950//950 754//754 754//754 
f 754//754 756//756 754//754 
f 754//754 756//756 947//947 
f 756//756 951//951 947//947 
f 947//947 951//951 948//948 
f 951//951 952//952 948//948 
f 948//948 952//952 949//949 
f 952//952 953//953 949//949 
f 949//949 953//953 950//950 
f 953//953 954//954 950//950 
f 950//950 954//954 954//954 
f 954//954 756//756 954//954 
f 954//954 756//756 756//756 
f 756//756 758//758 756//756 
f 756//756 758//758 951//951 
f 758//758 955//955 951//951 
f 951//951 955//955 952//952 
f 955//955 956//956 952//952 
f 952//952 956//956 953//953 
f 956//956 957//957 953//953 
f 953//953 957//957 954//954 
f 957//957 958//958 954//954 
f 954//954 958//958 958//958 
f 958//958 758//758 958//958 
f 958//958 758//758 758//758 
f 758//758 760//760 758//758 
f 758//758 760//760 955//955 
f 760//760 959//959 955//955 
f 955//955 959//959 956//956 
f 959//959 960//960 956//956 
f 956//956 960//960 957//957 
f 960//960 961//961 957//957 
f 957//957 961//961 958//958 
f 961//961 962//962 958//958 
f 958//958 962//962 962//962 
f 962//962 760//760 962//962 
f 962//962 760//760 760//760 
f 760//760 762//762 760//760 
f 760//760 762//762 959//959 
f 762//762 963//963 959//959 
f 959//959 963//963 960//960 
f 963//963 964//964 960//960 
f 960//960 964//964 961//961 
f 964//964 965//965 961//961 
f 961//961 965//965 962//962 
f 965//965 966//966 962//962 
f 962//962 966//966 966//966 
f 966//966 762//762 966//966 
f 966//966 762//762 762//762 
f 762//762 764//764 762//762 
f 762//762 764//764 963//963 
f 764//764 967//967 963//963 
f 963//963 967//967 964//964 
f 967//967 968//968 964//964 
f 964//964 968//968 965//965 
f 968//968 969//969 965//965 
f 965//965 969//969 966//966 
f 969//969 970//970 966//966 
f 966//966 970//970 970//970 
f 970//970 764//764 970//970 
f 970//970 764//764 764//764 
f 764//764 766//766 764//764 
f 764//764 766//766 967//967 
f 766//766 971//971 967//967 
f 967//967 971//971 968//968 
f 971//971 972//972 968//968 
f 968//968 972//972 969//969 
f 972//972 973//973 969//969 
f 969//969 973//973 970//970 
f 973//973 974//974 970//970 
f 970//970 974//974 974//974 
f 974//974 766//766 974//974 
f 974//974 766//766 766//766 
f 766//766 768//768 766//766 
f 766//766 768//768 971//971 
f 768//768 975//975 971//971 
f 971//971 975//975 972//972 
f 975//975 976//976 972//972 
f 972//972 976//976 973//973 
f 976//976 977//977 973//973 
f 973//973 977//977 974//974 
f 977//977 978//978 974//974 
f 974//974 978//978 978//978 
f 978//978 768//768 978//978 
f 978//978 768//768 768//768 
f 768//768 770//770 768//768 
f 768//768 770//770 975//975 
f 770//770 979//979 975//975 
f 975//975 979//979 976//976 
f 979//979 980//980 976//976 
f 976//976 980//980 977//977 
f 980//980 981//981 977//977 
f 977//977 981//981 978//978 
f 981//981 982//982 978//978 
f 978//978 982//982 982//982 
f 982//982 770//770 982//982 
f 982//982 770//770 770//770 
f 770//770 772//772 770//770 
f 770//770 772//772 979//979 
f 772//772 983//983 979//979 
f 979//979 983//983 980//980 
f 983//983 984//984 980//980 
f 980//980 984//984 981//981 
f 984//984 985//985 981//981 
f 981//981 985//985 982//982 
f 985//985 986//986 982//982 
f 982//982 986//986 986//986 
f 986//986 772//772 986//986 
f 986//986 772//772 772//772 
f 772//772 774//774 772//772 
f 772//772 774//774 983//983 
f 774//774 987//987 983//983 
f 983//983 987//987 984//984 
f 987//987 988//988 984//984 
f 984//984 988//988 985//985 
f 988//988 989//989 985//985 
f 985//985 989//989 986//986 
f 989//989 990//990 986//986 
f 986//986 990//990 990//990 
f 990//990 774//774 990//990 
f 990//990 774//774 774//774 
f 774//774 776//776 774//774 
f 774//774 776//776 987//987 
f 776//776 991//991 987//987 
f 987//987 991//991 988//988 
f 991//991 992//992 988//988 
f 988//988 992//992 989//989 
f 992//992 993//993 989//989 
f 989//989 993//993 990//990 
f 993//993 994//994 990//990 
f 990//990 994//994 995//995 
f 994//994 996//996 995//995 
f 995//995 996//996 997//997 
f 996//996 998//998 997//997 
f 997//997 998//998 999//999 
f 998//998 1000//1000 999//999 
f 999//999 1000//1000 1001//1001 
f 1000//1000 1002//1002 1001//1001 
f 1001//1001 1002//1002 1002//1002 
f 1002//1002 776//776 1002//1002 
f 1002//1002 776//776 776//776 
f 776//776 778//778 776//776 
f 776//776 778//778 991//991 
f 778//778 1003//1003 991//991 
f 991//991 1003//1003 992//992 
f 1003//1003 1004//1004 992//992 
f 992//992 1004//1004 993//993 
f 1004//1004 1005//1005 993//993 
f 993//993 1005//1005 994//994 
f 1005//1005 1006//1006 994//994 
f 994//994 1006//1006 996//996 
f 1006//1006 1007//1007 996//996 
f 996//996 1007//1007 998//998 
f 1007//1007 1008//1008 998//998 
f 998//998 1008//1008 1000//1000 
f 1008//1008 1009//1009 1000//1000 
f 1000//1000 1009//1009 1002//1002 
f 1009//1009 1010//1010 1002//1002 
f 1002//1002 1010//1010 1010//1010 
f 1010//1010 778//778 1010//1010 
f 1010//1010 778//778 778//778 
f 778//778 780//780 778//778 
f 778//778 780//780 1003//1003 
f 780//780 1011//1011 1003//1003 
f 1003//1003 1011//1011 1004//1004 
f 1011//1011 1012//1012 1004//1004 
f 1004//1004 1012//1012 1005//1005 
f 1012//1012 1013//1013 1005//1005 
f 1005//1005 1013//1013 1006//1006 
f 1013//1013 1014//1014 1006//1006 
f 1006//1006 1014//1014 1007//1007 
f 1014//1014 1015//1015 1007//1007 
f 1007//1007 1015//1015 1008//1008 
f 1015//1015 1016//1016 1008//1008 
f 1008//1008 1016//1016 1009//1009 
f 1016//1016 1017//1017 1009//1009 
f 1009//1009 1017//1017 1010//1010 
f 1017//1017 1018//1018 1010//1010 
f 1010//1010 1018//1018 1019//1019 
f 1018//1018 1020//1020 1019//1019 
f 1019//1019 1020//1020 1021//1021 
f 1020//1020 1022//1022 1021//1021 
f 1021//1021 1022//1022 1023//1023 
f 1022//1022 1024//1024 1023//1023 
f 1023//1023 1024//1024 1025//1025 
f 1024//1024 1026//1026 1025//1025 
f 1025//1025 1026//1026 1027//1027 
f 1026//1026 1028//1028 1027//1027 
f 1027//1027 1028//1028 1029//1029 
f 1028//1028 1030//1030 1029//1029 
f 1029//1029 1030//1030 1031//1031 
f 1030//1030 1032//1032 1031//1031 
f 1031//1031 1032//1032 695//695 
f 1032//1032 696//696 695//695 
f 695//695 696//696 696//696 
f 696//696 780//780 696//696 
f 696//696 780//780 780//780 
f 780//780 782//782 780//780 
f 780//780 782//782 1011//1011 
f 782//782 784//784 1011//1011 
f 1011//1011 784//784 1012//1012 
f 784//784 786//786 1012//1012 
f 1012//1012 786//786 1013//1013 
f 786//786 788//788 1013//1013 
f 1013//1013 788//788 1014//1014 
f 788//788 790//790 1014//1014 
f 1014//1014 790//790 1015//1015 
f 790//790 1033//1033 1015//1015 
f 1015//1015 1033//1033 1016//1016 
f 1033//1033 1034//1034 1016//1016 
f 1016//1016 1034//1034 1017//1017 
f 1034//1034 1035//1035 1017//1017 
f 1017//1017 1035//1035 1018//1018 
f 1035//1035 1036//1036 1018//1018 
f 1018//1018 1036//1036 1020//1020 
f 1036//1036 1037//1037 1020//1020 
f 1020//1020 1037//1037 1022//1022 
f 1037//1037 1038//1038 1022//1022 
f 1022//1022 1038//1038 1024//1024 
f 1038//1038 1039//1039 1024//1024 
f 1024//1024 1039//1039 1026//1026 
f 1039//1039 1040//1040 1026//1026 
f 1026//1026 1040//1040 1028//1028 
f 1040//1040 1041//1041 1028//1028 
f 1028//1028 1041//1041 1030//1030 
f 1041//1041 1042//1042 1030//1030 
f 1030//1030 1042//1042 1032//1032 
f 1042//1042 1043//1043 1032//1032 
f 1032//1032 1043//1043 696//696 
f 1043//1043 717//717 696//696 
f 696//696 717//717 717//717 
f 717//717 790//790 717//717 
f 717//717 790//790 790//790 
f 790//790 792//792 790//790 
f 790//790 792//792 1033//1033 
f 792//792 1044//1044 1033//1033 
f 1033//1033 1044//1044 1034//1034 
f 1044//1044 1045//1045 1034//1034 
f 1034//1034 1045//1045 1035//1035 
f 1045//1045 1046//1046 1035//1035 
f 1035//1035 1046//1046 1036//1036 
f 1046//1046 1047//1047 1036//1036 
f 1036//1036 1047//1047 1037//1037 
f 1047//1047 1048//1048 1037//1037 
f 1037//1037 1048//1048 1038//1038 
f 1048//1048 1049//1049 1038//1038 
f 1038//1038 1049//1049 1039//1039 
f 1049//1049 1050//1050 1039//1039 
f 1039//1039 1050//1050 1040//1040 
f 1050//1050 1051//1051 1040//1040 
f 1040//1040 1051//1051 1041//1041 
f 1051//1051 1052//1052 1041//1041 
f 1041//1041 1052//1052 1042//1042 
f 1052//1052 1053//1053 1042//1042 
f 1042//1042 1053//1053 1043//1043 
f 1053//1053 1054//1054 1043//1043 
f 1043//1043 1054//1054 717//717 
f 1054//1054 728//728 717//717 
f 717//717 728//728 728//728 
f 728//728 792//792 728//728 
f 728//728 792//792 792//792 
f 792//792 794//794 792//792 
f 792//792 794//794 1044//1044 
f 794//794 796//796 1044//1044 
f 1044//1044 796//796 1045//1045 
f 796//796 798//798 1045//1045 
f 1045//1045 798//798 1046//1046 
f 798//798 800//800 1046//1046 
f 1046//1046 800//800 1047//1047 
f 800//800 802//802 1047//1047 
f 1047//1047 802//802 1048//1048 
f 802//802 804//804 1048//1048 
f 1048//1048 804//804 1049//1049 
f 804//804 806//806 1049//1049 
f 1049//1049 806//806 1050//1050 
f 806//806 808//808 1050//1050 
f 1050//1050 808//808 1051//1051 
f 808//808 810//810 1051//1051 
f 1051//1051 810//810 1052//1052 
f 810//810 812//812 1052//1052 
f 1052//1052 812//812 1053//1053 
f 812//812 814//814 1053//1053 
f 1053//1053 814//814 1054//1054 
f 814//814 816//816 1054//1054 
f 1054//1054 816//816 728//728 
f 816//816 739//739 728//728 
f 728//728 739//739 739//739 
f 739//739 1055//1055 739//739 
f 739//739 1055//1055 1055//1055 
f 1055//1055 1056//1056 1055//1055 
f 1055//1055 1056//1056 1057//1057 
f 1056//1056 1058//1058 1057//1057 
f 1057//1057 1058//1058 1059//1059 
f 1058//1058 1060//1060 1059//1059 
f 1059//1059 1060//1060 1061//1061 
f 1060//1060 1062//1062 1061//1061 
f 1061//1061 1062//1062 1062//1062 
f 1062//1062 1060//1060 1062//1062 
f 1062//1062 1060//1060 1060//1060 
f 1060//1060 1063//1063 1060//1060 
f 1060//1060 1063//1063 1062//1062 
f 1063//1063 1064//1064 1062//1062 
f 1062//1062 1064//1064 1064//1064 
f 1064//1064 1063//1063 1064//1064 
f 1064//1064 1063//1063 1065//1065 
f 1063//1063 1066//1066 1065//1065 
f 1065//1065 1066//1066 1067//1067 
f 1066//1066 1068//1068 1067//1067 
f 1067//1067 1068//1068 1069//1069 
f 1068//1068 1069//1069 1069//1069 
f 1069//1069 1069//1069 1066//1066 
f 1069//1069 1066//1066 1066//1066 
f 1066//1066 1066//1066 1066//1066 
f 1066//1066 1058//1058 1066//1066 
f 1066//1066 1058//1058 1068//1068 
f 1058//1058 1056//1056 1068//1068 
f 1068//1068 1056//1056 1056//1056 
f 1056//1056 1070//1070 1056//1056 
f 1056//1056 1070//1070 1070//1070 
f 1070//1070 1071//1071 1070//1070 
f 1070//1070 1071//1071 1072//1072 
f 1071//1071 1073//1073 1072//1072 
f 1072//1072 1073//1073 1073//1073 
f 1073//1073 1071//1071 1073//1073 
f 1073//1073 1071//1071 1074//1074 
f 1071//1071 1075//1075 1074//1074 
f 1074//1074 1075//1075 1076//1076 
f 1075//1075 1077//1077 1076//1076 
f 1076//1076 1077//1077 1077//1077 
f 1077//1077 1078//1078 1077//1077 
f 1077//1077 1078//1078 1078//1078 
f 1078//1078 1079//1079 1078//1078 
f 1078//1078 1079//1079 1080//1080 
f 1079//1079 1081//1081 1080//1080 
f 1080//1080 1081//1081 1082//1082 
f 1081//1081 1082//1082 1082//1082 
f 1082//1082 1082//1082 1080//1080 
f 1082//1082 1080//1080 1080//1080 
f 1080//1080 1080//1080 1080//1080 
f 1080//1080 1082//1082 1080//1080 
f 1080//1080 1082//1082 1083//1083 
f 1082//1082 1084//1084 1083//1083 
f 1083//1083 1084//1084 1084//1084 
f 1084//1084 1082//1082 1084//1084 
f 1084//1084 1082//1082 1082//1082 
f 1082//1082 1085//1085 1082//1082 
f 1082//1082 1085//1085 1084//1084 
f 1085//1085 1086//1086 1084//1084 
f 1084//1084 1086//1086 1087//1087 
f 1086//1086 1087//1087 1087//1087 
f 1087//1087 1087//1087 1086//1086 
f 1087//1087 1086//1086 1086//1086 
f 1086//1086 1086//1086 1086//1086 
f 1086//1086 1085//1085 1086//1086 
f 1086//1086 1085//1085 1088//1088 
f 1085//1085 1089//1089 1088//1088 
f 1088//1088 1089//1089 1090//1090 
f 1089//1089 1091//1091 1090//1090 
f 1090//1090 1091//1091 1091//1091 
f 1091//1091 1092//1092 1091//1091 
f 1091//1091 1092//1092 1092//1092 
f 1092//1092 1093//1093 1092//1092 
f 1092//1092 1093//1093 1094//1094 
f 1093//1093 1095//1095 1094//1094 
f 1094//1094 1095//1095 1095//1095 
f 1095//1095 1093//1093 1095//1095 
f 1095//1095 1093//1093 1096//1096 
f 1093//1093 1097//1097 1096//1096 
f 1096//1096 1097//1097 1097//1097 
f 1097//1097 1098//1098 1097//1097 
f 1097//1097 1098//1098 1098//1098 
f 1098//1098 1099//1099 1098//1098 
f 1098//1098 1099//1099 1100//1100 
f 1099//1099 1101//1101 1100//1100 
f 1100//1100 1101//1101 1101//1101 
f 1101//1101 1102//1102 1101//1101 
f 1101//1101 1102//1102 1102//1102 
f 1102//1102 1103//1103 1102//1102 
f 1102//1102 1103//1103 1104//1104 
f 1103//1103 1105//1105 1104//1104 
f 1104//1104 1105//1105 1105//1105 
f 1105//1105 1106//1106 1105//1105 
f 1105//1105 1106//1106 1106//1106 
f 1106//1106 1107//1107 1106//1106 
f 1106//1106 1107//1107 1108//1108 
f 1107//1107 1109//1109 1108//1108 
f 1108//1108 1109//1109 1109//1109 
f 1109//1109 1110//1110 1109//1109 
f 1109//1109 1110//1110 1110//1110 
f 1110//1110 1111//1111 1110//1110 
f 1110//1110 1111//1111 1112//1112 
f 1111//1111 1113//1113 1112//1112 
f 1112//1112 1113//1113 1113//1113 
f 1113//1113 1114//1114 1113//1113 
f 1113//1113 1114//1114 1114//1114 
f 1114//1114 1115//1115 1114//1114 
f 1114//1114 1115//1115 1116//1116 
f 1115//1115 1117//1117 1116//1116 
f 1116//1116 1117//1117 1118//1118 
f 1117//1117 1119//1119 1118//1118 
f 1118//1118 1119//1119 1120//1120 
f 1119//1119 1120//1120 1120//1120 
f 1120//1120 1120//1120 1117//1117 
f 1120//1120 1117//1117 1117//1117 
f 1117//1117 1117//1117 1117//1117 
f 1117//1117 1115//1115 1117//1117 
f 1117//1117 1115//1115 1121//1121 
f 1115//1115 1122//1122 1121//1121 
f 1121//1121 1122//1122 1123//1123 
f 1122//1122 1123//1123 1123//1123 
f 1123//1123 1123//1123 1124//1124 
f 1123//1123 1124//1124 1124//1124 
f 1124//1124 1124//1124 1124//1124 
f 1124//1124 1125//1125 1124//1124 
f 1124//1124 1125//1125 1126//1126 
f 1125//1125 1127//1127 1126//1126 
f 1126//1126 1127//1127 1127//1127 
f 1127//1127 1128//1128 1127//1127 
f 1127//1127 1128//1128 1128//1128 
f 1128//1128 1129//1129 1128//1128 
f 1128//1128 1129//1129 1130//1130 
f 1129//1129 1131//1131 1130//1130 
f 1130//1130 1131//1131 1132//1132 
f 1131//1131 1132//1132 1132//1132 
f 1132//1132 1132//1132 1130//1130 
f 1132//1132 1130//1130 1130//1130 
f 1130//1130 1130//1130 1130//1130 
f 1130//1130 1132//1132 1130//1130 
f 1130//1130 1132//1132 1133//1133 
f 1132//1132 1134//1134 1133//1133 
f 1133//1133 1134//1134 1135//1135 
f 1134//1134 1135//1135 1135//1135 
f 1135//1135 1135//1135 1136//1136 
f 1135//1135 1136//1136 1136//1136 
f 1136//1136 1136//1136 1136//1136 
f 1136//1136 1137//1137 1136//1136 
f 1136//1136 1137//1137 1138//1138 
f 1137//1137 1139//1139 1138//1138 
f 1138//1138 1139//1139 1139//1139 
f 1139//1139 1140//1140 1139//1139 
f 1139//1139 1140//1140 1140//1140 
f 1140//1140 1141//1141 1140//1140 
f 1140//1140 1141//1141 1142//1142 
f 1141//1141 1143//1143 1142//1142 
f 1142//1142 1143//1143 1144//1144 
f 1143//1143 1145//1145 1144//1144 
f 1144//1144 1145//1145 1146//1146 
f 1145//1145 1147//1147 1146//1146 
f 1146//1146 1147//1147 1147//1147 
f 1147//1147 1143//1143 1147//1147 
f 1147//1147 1143//1143 1143//1143 
f 1143//1143 1141//1141 1143//1143 
f 1143//1143 1141//1141 1148//1148 
f 1141//1141 1149//1149 1148//1148 
f 1148//1148 1149//1149 1150//1150 
f 1149//1149 1150//1150 1150//1150 
f 1150//1150 1150//1150 1148//1148 
f 1150//1150 1148//1148 1148//1148 
f 1148//1148 1148//1148 1148//1148 
f 1148//1148 1150//1150 1148//1148 
f 1148//1148 1150//1150 1151//1151 
f 1150//1150 1152//1152 1151//1151 
f 1151//1151 1152//1152 1153//1153 
f 1152//1152 1153//1153 1153//1153 
f 1153//1153 1153//1153 1151//1151 
f 1153//1153 1151//1151 1151//1151 
f 1151//1151 1151//1151 1151//1151 
f 1151//1151 1153//1153 1151//1151 
f 1151//1151 1153//1153 1154//1154 
f 1153//1153 1155//1155 1154//1154 
f 1154//1154 1155//1155 1156//1156 
f 1155//1155 1156//1156 1156//1156 
f 1156//1156 1156//1156 1157//1157 
f 1156//1156 1157//1157 1157//1157 
f 1157//1157 1157//1157 1157//1157 
f 1157//1157 1158//1158 1157//1157 
f 1157//1157 1158//1158 1159//1159 
f 1158//1158 1160//1160 1159//1159 
f 1159//1159 1160//1160 1160//1160 
f 1160//1160 1161//1161 1160//1160 
f 1160//1160 1161//1161 1161//1161 
f 1161//1161 1162//1162 1161//1161 
f 1161//1161 1162//1162 1163//1163 
f 1162//1162 1164//1164 1163//1163 
f 1163//1163 1164//1164 1164//1164 
f 1164//1164 1165//1165 1164//1164 
f 1164//1164 1165//1165 1165//1165 
f 1165//1165 1166//1166 1165//1165 
f 1165//1165 1166//1166 1167//1167 
f 1166//1166 1168//1168 1167//1167 
f 1167//1167 1168//1168 1168//1168 
f 1168//1168 1169//1169 1168//1168 
f 1168//1168 1169//1169 1169//1169 
f 1169//1169 1170//1170 1169//1169 
f 1169//1169 1170//1170 1171//1171 
f 1170//1170 1172//1172 1171//1171 
f 1171//1171 1172//1172 1172//1172 
f 1172//1172 1173//1173 1172//1172 
f 1172//1172 1173//1173 1173//1173 
f 1173//1173 1174//1174 1173//1173 
f 1173//1173 1174//1174 1175//1175 
f 1174//1174 1176//1176 1175//1175 
f 1175//1175 1176//1176 1176//1176 
f 1176//1176 1177//1177 1176//1176 
f 1176//1176 1177//1177 1177//1177 
f 1177//1177 1178//1178 1177//1177 
f 1177//1177 1178//1178 1179//1179 
f 1178//1178 1180//1180 1179//1179 
f 1179//1179 1180//1180 1180//1180 
f 1180//1180 1181//1181 1180//1180 
f 1180//1180 1181//1181 1181//1181 
f 1181//1181 1182//1182 1181//1181 
f 1181//1181 1182//1182 1183//1183 
f 1182//1182 1184//1184 1183//1183 
f 1183//1183 1184//1184 1184//1184 
f 1184//1184 1185//1185 1184//1184 
f 1184//1184 1185//1185 1185//1185 
f 1185//1185 1186//1186 1185//1185 
f 1185//1185 1186//1186 1187//1187 
f 1186//1186 1188//1188 1187//1187 
f 1187//1187 1188//1188 1189//1189 
f 1188//1188 1190//1190 1189//1189 
f 1189//1189 1190//1190 1191//1191 
f 1190//1190 1191//1191 1191//1191 
f 1191//1191 1191//1191 1192//1192 
f 1191//1191 1192//1192 1192//1192 
f 1192//1192 1192//1192 1192//1192 
f 1192//1192 1193//1193 1192//1192 
f 1192//1192 1193//1193 1194//1194 
f 1193//1193 1195//1195 1194//1194 
f 1194//1194 1195//1195 1195//1195 
f 1195//1195 1196//1196 1195//1195 
f 1195//1195 1196//1196 1196//1196 
f 1196//1196 1197//1197 1196//1196 
f 1196//1196 1197//1197 1198//1198 
f 1197//1197 1199//1199 1198//1198 
f 1198//1198 1199//1199 1199//1199 
f 1199//1199 1200//1200 1199//1199 
f 1199//1199 1200//1200 1200//1200 
f 1200//1200 1201//1201 1200//1200 
f 1200//1200 1201//1201 1202//1202 
f 1201//1201 1203//1203 1202//1202 
f 1202//1202 1203//1203 1204//1204 
f 1203//1203 1204//1204 1204//1204 
f 1204//1204 1204//1204 1202//1202 
f 1204//1204 1202//1202 1202//1202 
f 1202//1202 1202//1202 1202//1202 
f 1202//1202 1204//1204 1202//1202 
f 1202//1202 1204//1204 1205//1205 
f 1204//1204 1206//1206 1205//1205 
f 1205//1205 1206//1206 1207//1207 
f 1206//1206 1207//1207 1207//1207 
f 1207//1207 1207//1207 1206//1206 
f 1207//1207 1206//1206 1206//1206 
f 1206//1206 1206//1206 1206//1206 
f 1206//1206 1204//1204 1206//1206 
f 1206//1206 1204//1204 1208//1208 
f 1204//1204 1209//1209 1208//1208 
f 1208//1208 1209//1209 1210//1210 
f 1209//1209 1211//1211 1210//1210 
f 1210//1210 1211//1211 1211//1211 
f 1211//1211 1209//1209 1211//1211 
f 1211//1211 1209//1209 1209//1209 
f 1209//1209 1212//1212 1209//1209 
f 1209//1209 1212//1212 1211//1211 
f 1212//1212 1213//1213 1211//1211 
f 1211//1211 1213//1213 1213//1213 
f 1213//1213 1212//1212 1213//1213 
f 1213//1213 1212//1212 1214//1214 
f 1212//1212 1203//1203 1214//1214 
f 1214//1214 1203//1203 1201//1201 
f 1203//1203 1201//1201 1201//1201 
f 1201//1201 1201//1201 1215//1215 
f 1201//1201 1215//1215 1215//1215 
f 1215//1215 1215//1215 1215//1215 
f 1215//1215 1216//1216 1215//1215 
f 1215//1215 1216//1216 1217//1217 
f 1216//1216 1218//1218 1217//1217 
f 1217//1217 1218//1218 1219//1219 
f 1218//1218 1219//1219 1219//1219 
f 1219//1219 1219//1219 1220//1220 
f 1219//1219 1220//1220 1220//1220 
f 1220//1220 1220//1220 1220//1220 
f 1220//1220 1221//1221 1220//1220 
f 1220//1220 1221//1221 1222//1222 
f 1221//1221 1223//1223 1222//1222 
f 1222//1222 1223//1223 1223//1223 
f 1223//1223 1224//1224 1223//1223 
f 1223//1223 1224//1224 1224//1224 
f 1224//1224 1225//1225 1224//1224 
f 1224//1224 1225//1225 1226//1226 
f 1225//1225 1227//1227 1226//1226 
f 1226//1226 1227//1227 1227//1227 
f 1227//1227 1228//1228 1227//1227 
f 1227//1227 1228//1228 1228//1228 
f 1228//1228 1229//1229 1228//1228 
f 1228//1228 1229//1229 1230//1230 
f 1229//1229 1231//1231 1230//1230 
f 1230//1230 1231//1231 1231//1231 
f 1231//1231 1232//1232 1231//1231 
f 1231//1231 1232//1232 1232//1232 
f 1232//1232 1233//1233 1232//1232 
f 1232//1232 1233//1233 1234//1234 
f 1233//1233 1235//1235 1234//1234 
f 1234//1234 1235//1235 1235//1235 
f 1235//1235 1236//1236 1235//1235 
f 1235//1235 1236//1236 1236//1236 
f 1236//1236 1237//1237 1236//1236 
f 1236//1236 1237//1237 1238//1238 
f 1237//1237 1239//1239 1238//1238 
f 1238//1238 1239//1239 1239//1239 
f 1239//1239 1240//1240 1239//1239 
f 1239//1239 1240//1240 1240//1240 
f 1240//1240 1241//1241 1240//1240 
f 1240//1240 1241//1241 1242//1242 
f 1241//1241 1243//1243 1242//1242 
f 1242//1242 1243//1243 1243//1243 
f 1243//1243 1244//1244 1243//1243 
f 1243//1243 1244//1244 1244//1244 
f 1244//1244 1245//1245 1244//1244 
f 1244//1244 1245//1245 1246//1246 
f 1245//1245 1247//1247 1246//1246 
f 1246//1246 1247//1247 1247//1247 
f 1247//1247 1248//1248 1247//1247 
f 1247//1247 1248//1248 1248//1248 
f 1248//1248 1249//1249 1248//1248 
f 1248//1248 1249//1249 1250//1250 
f 1249//1249 1251//1251 1250//1250 
f 1250//1250 1251//1251 1251//1251 
f 1251//1251 1252//1252 1251//1251 
f 1251//1251 1252//1252 1252//1252 
f 1252//1252 1253//1253 1252//1252 
f 1252//1252 1253//1253 1254//1254 
f 1253//1253 1255//1255 1254//1254 
f 1254//1254 1255//1255 1256//1256 
f 1255//1255 1256//1256 1256//1256 
f 1256//1256 1256//1256 1257//1257 
f 1256//1256 1257//1257 1257//1257 
f 1257//1257 1257//1257 1257//1257 
f 1257//1257 1258//1258 1257//1257 
f 1257//1257 1258//1258 1259//1259 
f 1258//1258 1260//1260 1259//1259 
f 1259//1259 1260//1260 1260//1260 
f 1260//1260 1261//1261 1260//1260 
f 1260//1260 1261//1261 1261//1261 
f 1261//1261 1262//1262 1261//1261 
f 1261//1261 1262//1262 1263//1263 
f 1262//1262 1264//1264 1263//1263 
f 1263//1263 1264//1264 1264//1264 
f 1264//1264 1265//1265 1264//1264 
f 1264//1264 1265//1265 1265//1265 
f 1265//1265 1266//1266 1265//1265 
f 1265//1265 1266//1266 1267//1267 
f 1266//1266 1268//1268 1267//1267 
f 1267//1267 1268//1268 1268//1268 
f 1268//1268 1269//1269 1268//1268 
f 1268//1268 1269//1269 1269//1269 
f 1269//1269 1270//1270 1269//1269 
f 1269//1269 1270//1270 1271//1271 
f 1270//1270 1272//1272 1271//1271 
f 1271//1271 1272//1272 1273//1273 
f 1272//1272 1273//1273 1273//1273 
f 1273//1273 1273//1273 1274//1274 
f 1273//1273 1274//1274 1274//1274 
f 1274//1274 1274//1274 1274//1274 
f 1274//1274 1275//1275 1274//1274 
f 1274//1274 1275//1275 1276//1276 
f 1275//1275 1277//1277 1276//1276 
f 1276//1276 1277//1277 1277//1277 
f 1277//1277 1275//1275 1277//1277 
f 1277//1277 1275//1275 1278//1278 
f 1275//1275 1279//1279 1278//1278 
f 1278//1278 1279//1279 1280//1280 
f 1279//1279 1281//1281 1280//1280 
f 1280//1280 1281//1281 1281//1281 
f 1281//1281 1282//1282 1281//1281 
f 1281//1281 1282//1282 1282//1282 
f 1282//1282 1283//1283 1282//1282 
f 1282//1282 1283//1283 1284//1284 
f 1283//1283 1285//1285 1284//1284 
f 1284//1284 1285//1285 1285//1285 
f 1285//1285 1283//1283 1285//1285 
f 1285//1285 1283//1283 1283//1283 
f 1283//1283 1286//1286 1283//1283 
f 1283//1283 1286//1286 1285//1285 
f 1286//1286 1287//1287 1285//1285 
f 1285//1285 1287//1287 1287//1287 
f 1287//1287 1286//1286 1287//1287 
f 1287//1287 1286//1286 1286//1286 
f 1286//1286 1288//1288 1286//1286 
f 1286//1286 1288//1288 1287//1287 
f 1288//1288 1289//1289 1287//1287 
f 1287//1287 1289//1289 1289//1289 
f 1289//1289 1290//1290 1289//1289 
f 1289//1289 1290//1290 1290//1290 
f 1290//1290 1291//1291 1290//1290 
f 1290//1290 1291//1291 1292//1292 
f 1291//1291 1293//1293 1292//1292 
f 1292//1292 1293//1293 1294//1294 
f 1293//1293 1294//1294 1294//1294 
f 1294//1294 1294//1294 1292//1292 
f 1294//1294 1292//1292 1292//1292 
f 1292//1292 1292//1292 1292//1292 
f 1292//1292 1294//1294 1292//1292 
f 1292//1292 1294//1294 1295//1295 
f 1294//1294 1296//1296 1295//1295 
f 1295//1295 1296//1296 1296//1296 
f 1296//1296 1297//1297 1296//1296 
f 1296//1296 1297//1297 1297//1297 
f 1297//1297 1298//1298 1297//1297 
f 1297//1297 1298//1298 1299//1299 
f 1298//1298 1300//1300 1299//1299 
f 1299//1299 1300//1300 1300//1300 
f 1300//1300 1301//1301 1300//1300 
f 1300//1300 1301//1301 1301//1301 
f 1301//1301 1302//1302 1301//1301 
f 1301//1301 1302//1302 1303//1303 
f 1302//1302 1304//1304 1303//1303 
f 1303//1303 1304//1304 1304//1304 
f 1304//1304 1305//1305 1304//1304 
f 1304//1304 1305//1305 1305//1305 
f 1305//1305 1306//1306 1305//1305 
f 1305//1305 1306//1306 1307//1307 
f 1306//1306 1308//1308 1307//1307 
f 1307//1307 1308//1308 1308//1308 
f 1308//1308 1309//1309 1308//1308 
f 1308//1308 1309//1309 1309//1309 
f 1309//1309 1310//1310 1309//1309 
f 1309//1309 1310//1310 1311//1311 
f 1310//1310 1312//1312 1311//1311 
f 1311//1311 1312//1312 1312//1312 
f 1312//1312 1313//1313 1312//1312 
f 1312//1312 1313//1313 1313//1313 
f 1313//1313 1314//1314 1313//1313 
f 1313//1313 1314//1314 1315//1315 
f 1314//1314 1316//1316 1315//1315 
f 1315//1315 1316//1316 1317//1317 
f 1316//1316 1317//1317 1317//1317 
f 1317//1317 1317//1317 1318//1318 
f 1317//1317 1318//1318 1318//1318 
f 1318//1318 1318//1318 1318//1318 
f 1318//1318 1319//1319 1318//1318 
f 1318//1318 1319//1319 1320//1320 
f 1319//1319 1321//1321 1320//1320 
f 1320//1320 1321//1321 1321//1321 
f 1321//1321 1322//1322 1321//1321 
f 1321//1321 1322//1322 1322//1322 
f 1322//1322 1323//1323 1322//1322 
f 1322//1322 1323//1323 1324//1324 
f 1323//1323 1325//1325 1324//1324 
f 1324//1324 1325//1325 1325//1325 
f 1325//1325 1326//1326 1325//1325 
f 1325//1325 1326//1326 1326//1326 
f 1326//1326 1327//1327 1326//1326 
f 1326//1326 1327//1327 1328//1328 
f 1327//1327 1329//1329 1328//1328 
f 1328//1328 1329//1329 1329//1329 
f 1329//1329 1327//1327 1329//1329 
f 1329//1329 1327//1327 1327//1327 
f 1327//1327 1330//1330 1327//1327 
f 1327//1327 1330//1330 1329//1329 
f 1330//1330 1331//1331 1329//1329 
f 1329//1329 1331//1331 1331//1331 
f 1331//1331 1330//1330 1331//1331 
f 1331//1331 1330//1330 1330//1330 
f 1330//1330 1332//1332 1330//1330 
f 1330//1330 1332//1332 1331//1331 
f 1332//1332 1333//1333 1331//1331 
f 1331//1331 1333//1333 1333//1333 
f 1333//1333 1334//1334 1333//1333 
f 1333//1333 1334//1334 1334//1334 
f 1334//1334 1335//1335 1334//1334 
f 1334//1334 1335//1335 1336//1336 
f 1335//1335 1337//1337 1336//1336 
f 1336//1336 1337//1337 1337//1337 
f 1337//1337 1338//1338 1337//1337 
f 1337//1337 1338//1338 1338//1338 
f 1338//1338 1339//1339 1338//1338 
f 1338//1338 1339//1339 1340//1340 
f 1339//1339 1341//1341 1340//1340 
f 1340//1340 1341//1341 1341//1341 
f 1341//1341 1342//1342 1341//1341 
f 1341//1341 1342//1342 1342//1342 
f 1342//1342 1343//1343 1342//1342 
f 1342//1342 1343//1343 1344//1344 
f 1343//1343 1345//1345 1344//1344 
f 1344//1344 1345//1345 1345//1345 
f 1345//1345 1346//1346 1345//1345 
f 1345//1345 1346//1346 1346//1346 
f 1346//1346 1347//1347 1346//1346 
f 1346//1346 1347//1347 1348//1348 
f 1347//1347 1349//1349 1348//1348 
f 1348//1348 1349//1349 1349//1349 
f 1349//1349 1347//1347 1349//1349 
f 1349//1349 1347//1347 1347//1347 
f 1347//1347 1350//1350 1347//1347 
f 1347//1347 1350//1350 1349//1349 
f 1350//1350 1351//1351 1349//1349 
f 1349//1349 1351//1351 1351//1351 
f 1351//1351 1350//1350 1351//1351 
f 1351//1351 1350//1350 1352//1352 
f 1350//1350 1353//1353 1352//1352 
f 1352//1352 1353//1353 1353//1353 
f 1353//1353 1354//1354 1353//1353 
f 1353//1353 1354//1354 1354//1354 
f 1354//1354 1355//1355 1354//1354 
f 1354//1354 1355//1355 1356//1356 
f 1355//1355 1357//1357 1356//1356 
f 1356//1356 1357//1357 1357//1357 
f 1357//1357 1358//1358 1357//1357 
f 1357//1357 1358//1358 1358//1358 
f 1358//1358 1359//1359 1358//1358 
f 1358//1358 1359//1359 1360//1360 
f 1359//1359 1361//1361 1360//1360 
f 1360//1360 1361//1361 1361//1361 
f 1361//1361 1362//1362 1361//1361 
f 1361//1361 1362//1362 1362//1362 
f 1362//1362 1363//1363 1362//1362 
f 1362//1362 1363//1363 1364//1364 
f 1363//1363 1365//1365 1364//1364 
f 1364//1364 1365//1365 1366//1366 
f 1365//1365 1367//1367 1366//1366 
f 1366//1366 1367//1367 1368//1368 
f 1367//1367 1369//1369 1368//1368 
f 1368//1368 1369//1369 1369//1369 
f 1369//1369 1367//1367 1369//1369 
f 1369//1369 1367//1367 1367//1367 
f 1367//1367 1370//1370 1367//1367 
f 1367//1367 1370//1370 1369//1369 
f 1370//1370 1371//1371 1369//1369 
f 1369//1369 1371//1371 1371//1371 
f 1371//1371 1372//1372 1371//1371 
f 1371//1371 1372//1372 1372//1372 
f 1372//1372 1373//1373 1372//1372 
f 1372//1372 1373//1373 1374//1374 
f 1373//1373 1375//1375 1374//1374 
f 1374//1374 1375//1375 1376//1376 
f 1375//1375 1376//1376 1376//1376 
f 1376//1376 1376//1376 1374//1374 
f 1376//1376 1374//1374 1374//1374 
f 1374//1374 1374//1374 1374//1374 
f 1374//1374 1376//1376 1374//1374 
f 1374//1374 1376//1376 1377//1377 
f 1376//1376 1378//1378 1377//1377 
f 1377//1377 1378//1378 1378//1378 
f 1378//1378 1379//1379 1378//1378 
f 1378//1378 1379//1379 1379//1379 
f 1379//1379 1380//1380 1379//1379 
f 1379//1379 1380//1380 1381//1381 
f 1380//1380 1382//1382 1381//1381 
f 1381//1381 1382//1382 1382//1382 
f 1382//1382 1383//1383 1382//1382 
f 1382//1382 1383//1383 1383//1383 
f 1383//1383 1384//1384 1383//1383 
f 1383//1383 1384//1384 1385//1385 
f 1384//1384 1386//1386 1385//1385 
f 1385//1385 1386//1386 1386//1386 
f 1386//1386 1387//1387 1386//1386 
f 1386//1386 1387//1387 1387//1387 
f 1387//1387 1388//1388 1387//1387 
f 1387//1387 1388//1388 1389//1389 
f 1388//1388 1390//1390 1389//1389 
f 1389//1389 1390//1390 1390//1390 
f 1390//1390 1391//1391 1390//1390 
f 1390//1390 1391//1391 1391//1391 
f 1391//1391 1392//1392 1391//1391 
f 1391//1391 1392//1392 1393//1393 
f 1392//1392 1394//1394 1393//1393 
f 1393//1393 1394//1394 1394//1394 
f 1394//1394 1395//1395 1394//1394 
f 1394//1394 1395//1395 1395//1395 
f 1395//1395 1396//1396 1395//1395 
f 1395//1395 1396//1396 1397//1397 
f 1396//1396 1398//1398 1397//1397 
f 1397//1397 1398//1398 1398//1398 
f 1398//1398 1399//1399 1398//1398 
f 1398//1398 1399//1399 1399//1399 
f 1399//1399 1400//1400 1399//1399 
f 1399//1399 1400//1400 1401//1401 
f 1400//1400 1402//1402 1401//1401 
f 1401//1401 1402//1402 1402//1402 
f 1402//1402 1403//1403 1402//1402 
f 1402//1402 1403//1403 1403//1403 
f 1403//1403 1404//1404 1403//1403 
f 1403//1403 1404//1404 1405//1405 
f 1404//1404 1406//1406 1405//1405 
f 1405//1405 1406//1406 1406//1406 
f 1406//1406 1407//1407 1406//1406 
f 1406//1406 1407//1407 1407//1407 
f 1407//1407 1408//1408 1407//1407 
f 1407//1407 1408//1408 1409//1409 
f 1408//1408 1410//1410 1409//1409 
f 1409//1409 1410//1410 1410//1410 
f 1410//1410 1411//1411 1410//1410 
f 1410//1410 1411//1411 1411//1411 
f 1411//1411 1412//1412 1411//1411 
f 1411//1411 1412//1412 1413//1413 
f 1412//1412 1414//1414 1413//1413 
f 1413//1413 1414//1414 1414//1414 
f 1414//1414 1415//1415 1414//1414 
f 1414//1414 1415//1415 1415//1415 
f 1415//1415 1416//1416 1415//1415 
f 1415//1415 1416//1416 1417//1417 
f 1416//1416 1418//1418 1417//1417 
f 1417//1417 1418//1418 1418//1418 
f 1418//1418 1419//1419 1418//1418 
f 1418//1418 1419//1419 1419//1419 
f 1419//1419 1420//1420 1419//1419 
f 1419//1419 1420//1420 1421//1421 
f 1420//1420 1422//1422 1421//1421 
f 1421//1421 1422//1422 1422//1422 
f 1422//1422 1423//1423 1422//1422 
f 1422//1422 1423//1423 1423//1423 
f 1423//1423 1424//1424 1423//1423 
f 1423//1423 1424//1424 1425//1425 
f 1424//1424 1426//1426 1425//1425 
f 1425//1425 1426//1426 1427//1427 
f 1426//1426 1428//1428 1427//1427 
f 1427//1427 1428//1428 1428//1428 
f 1428//1428 1426//1426 1428//1428 
f 1428//1428 1426//1426 1426//1426 
f 1426//1426 1429//1429 1426//1426 
f 1426//1426 1429//1429 1428//1428 
f 1429//1429 1430//1430 1428//1428 
f 1428//1428 1430//1430 1430//1430 
f 1430//1430 1429//1429 1430//1430 
f 1430//1430 1429//1429 1431//1431 
f 1429//1429 1432//1432 1431//1431 
f 1431//1431 1432//1432 1433//1433 
f 1432//1432 1433//1433 1433//1433 
f 1433//1433 1433//1433 1434//1434 
f 1433//1433 1434//1434 1434//1434 
f 1434//1434 1434//1434 1434//1434 
f 1434//1434 1435//1435 1434//1434 
f 1434//1434 1435//1435 1436//1436 
f 1435//1435 1437//1437 1436//1436 
f 1436//1436 1437//1437 1437//1437 
f 1437//1437 1435//1435 1437//1437 
f 1437//1437 1435//1435 1438//1438 
f 1435//1435 1439//1439 1438//1438 
f 1438//1438 1439//1439 1439//1439 
f 1439//1439 1440//1440 1439//1439 
f 1439//1439 1440//1440 1440//1440 
f 1440//1440 1441//1441 1440//1440 
f 1440//1440 1441//1441 1442//1442 
f 1441//1441 1443//1443 1442//1442 
f 1442//1442 1443//1443 1443//1443 
f 1443//1443 1444//1444 1443//1443 
f 1443//1443 1444//1444 1444//1444 
f 1444//1444 1445//1445 1444//1444 
f 1444//1444 1445//1445 1446//1446 
f 1445//1445 1447//1447 1446//1446 
f 1446//1446 1447//1447 1447//1447 
f 1447//1447 1445//1445 1447//1447 
f 1447//1447 1445//1445 1448//1448 
f 1445//1445 1449//1449 1448//1448 
f 1448//1448 1449//1449 1450//1450 
f 1449//1449 1451//1451 1450//1450 
f 1450//1450 1451//1451 1451//1451 
f 1451//1451 1448//1448 1451//1451 
f 1451//1451 1448//1448 1448//1448 
f 1448//1448 1450//1450 1448//1448 
f 1448//1448 1450//1450 1452//1452 
f 1450//1450 1453//1453 1452//1452 
f 1452//1452 1453//1453 1454//1454 
f 1453//1453 1454//1454 1454//1454 
f 1454//1454 1454//1454 1455//1455 
f 1454//1454 1455//1455 1455//1455 
f 1455//1455 1455//1455 1455//1455 
f 1455//1455 1456//1456 1455//1455 
f 1455//1455 1456//1456 1457//1457 
f 1456//1456 1458//1458 1457//1457 
f 1457//1457 1458//1458 1458//1458 
f 1458//1458 1456//1456 1458//1458 
f 1458//1458 1456//1456 1459//1459 
f 1456//1456 1460//1460 1459//1459 
f 1459//1459 1460//1460 1460//1460 
f 1460//1460 1461//1461 1460//1460 
f 1460//1460 1461//1461 1461//1461 
f 1461//1461 1462//1462 1461//1461 
f 1461//1461 1462//1462 1463//1463 
f 1462//1462 1464//1464 1463//1463 
f 1463//1463 1464//1464 1464//1464 
f 1464//1464 1465//1465 1464//1464 
f 1464//1464 1465//1465 1465//1465 
f 1465//1465 1466//1466 1465//1465 
f 1465//1465 1466//1466 1467//1467 
f 1466//1466 1468//1468 1467//1467 
f 1467//1467 1468//1468 1468//1468 
f 1468//1468 1469//1469 1468//1468 
f 1468//1468 1469//1469 1469//1469 
f 1469//1469 1470//1470 1469//1469 
f 1469//1469 1470//1470 1471//1471 
f 1470//1470 1472//1472 1471//1471 
f 1471//1471 1472//1472 1472//1472 
f 1472//1472 1470//1470 1472//1472 
f 1472//1472 1470//1470 1470//1470 
f 1470//1470 1081//1081 1470//1470 
f 1470//1470 1081//1081 1472//1472 
f 1081//1081 1079//1079 1472//1472 
f 1472//1472 1079//1079 1079//1079 
f 1079//1079 1473//1473 1079//1079 
f 1079//1079 1473//1473 1473//1473 
f 1473//1473 1474//1474 1473//1473 
f 1473//1473 1474//1474 1475//1475 
f 1474//1474 1476//1476 1475//1475 
f 1475//1475 1476//1476 1476//1476 
f 1476//1476 1477//1477 1476//1476 
f 1476//1476 1477//1477 1477//1477 
f 1477//1477 1478//1478 1477//1477 
f 1477//1477 1478//1478 1479//1479 
f 1478//1478 1480//1480 1479//1479 
f 1479//1479 1480//1480 1480//1480 
f 1480//1480 1481//1481 1480//1480 
f 1480//1480 1481//1481 1481//1481 
f 1481//1481 1482//1482 1481//1481 
f 1481//1481 1482//1482 1483//1483 
f 1482//1482 1484//1484 1483//1483 
f 1483//1483 1484//1484 1484//1484 
f 1484//1484 1485//1485 1484//1484 
f 1484//1484 1485//1485 1485//1485 
f 1485//1485 1486//1486 1485//1485 
f 1485//1485 1486//1486 1487//1487 
f 1486//1486 1488//1488 1487//1487 
f 1487//1487 1488//1488 1489//1489 
f 1488//1488 1490//1490 1489//1489 
f 1489//1489 1490//1490 1491//1491 
f 1490//1490 1491//1491 1491//1491 
f 1491//1491 1491//1491 1492//1492 
f 1491//1491 1492//1492 1492//1492 
f 1492//1492 1492//1492 1492//1492 
f 1492//1492 1493//1493 1492//1492 
f 1492//1492 1493//1493 1494//1494 
f 1493//1493 1495//1495 1494//1494 
f 1494//1494 1495//1495 1495//1495 
f 1495//1495 1496//1496 1495//1495 
f 1495//1495 1496//1496 1496//1496 
f 1496//1496 1497//1497 1496//1496 
f 1496//1496 1497//1497 1498//1498 
f 1497//1497 1499//1499 1498//1498 
f 1498//1498 1499//1499 1499//1499 
f 1499//1499 1500//1500 1499//1499 
f 1499//1499 1500//1500 1500//1500 
f 1500//1500 1501//1501 1500//1500 
f 1500//1500 1501//1501 1502//1502 
f 1501//1501 1503//1503 1502//1502 
f 1502//1502 1503//1503 1503//1503 
f 1503//1503 1504//1504 1503//1503 
f 1503//1503 1504//1504 1504//1504 
f 1504//1504 1505//1505 1504//1504 
f 1504//1504 1505//1505 1506//1506 
f 1505//1505 1507//1507 1506//1506 
f 1506//1506 1507//1507 1507//1507 
f 1507//1507 1508//1508 1507//1507 
f 1507//1507 1508//1508 1508//1508 
f 1508//1508 1509//1509 1508//1508 
f 1508//1508 1509//1509 1510//1510 
f 1509//1509 1511//1511 1510//1510 
f 1510//1510 1511//1511 1512//1512 
f 1511//1511 1512//1512 1512//1512 
f 1512//1512 1512//1512 1513//1513 
f 1512//1512 1513//1513 1513//1513 
f 1513//1513 1513//1513 1513//1513 
f 1513//1513 1514//1514 1513//1513 
f 1513//1513 1514//1514 1515//1515 
f 1514//1514 1516//1516 1515//1515 
f 1515//1515 1516//1516 1516//1516 
f 1516//1516 1517//1517 1516//1516 
f 1516//1516 1517//1517 1517//1517 
f 1517//1517 1518//1518 1517//1517 
f 1517//1517 1518//1518 1519//1519 
f 1518//1518 1520//1520 1519//1519 
f 1519//1519 1520//1520 1520//1520 
f 1520//1520 1521//1521 1520//1520 
f 1520//1520 1521//1521 1521//1521 
f 1521//1521 1522//1522 1521//1521 
f 1521//1521 1522//1522 1363//1363 
f 1522//1522 1365//1365 1363//1363 
f 206//206 207//207 330//330 
f 125//125 331//331 123//123 
f 126//126 128//128 332//332 
f 228//228 333//333 230//230 
f 311//311 334//334 309//309 
f 694//694 532//532 531//531 
f 1254//1254 1256//1256 1523//1523 
f 1512//1512 1524//1524 1510//1510 
f 1452//1452 1454//1454 1525//1525 
f 1491//1491 1526//1526 1489//1489 
f 1376//1376 1527//1527 1378//1378 
f 1064//1064 1065//1065 1528//1528 
f 1219//1219 1529//1529 1217//1217 
f 1315//1315 1317//1317 1530//1530 
f 1294//1294 1531//1531 1296//1296 
f 1213//1213 1214//1214 1532//1532 
f 1427//1427 1533//1533 1425//1425 
f 1191//1191 1534//1534 1189//1189 
f 1150//1150 1535//1535 1152//1152 
f 1118//1118 1120//1120 1536//1536 
f 1273//1273 1537//1537 1271//1271 
f 1121//1121 1123//1123 1538//1538 

