mtllib model_26.mtl
o model_26
v -22.22071647644043 15.213553428649902 6.976773262023926 
v -22.248455047607422 15.252007484436035 6.97953987121582 
v -22.19639778137207 15.213553428649902 7.366860866546631 
v -22.224327087402344 15.252007484436035 7.366860866546631 
v -22.26954460144043 15.189821243286133 7.366860866546631 
v -22.224327087402344 15.252007484436035 7.366860866546631 
v -22.293292999267578 15.189821243286133 6.985073089599609 
v -22.248455047607422 15.252007484436035 6.97953987121582 
v -22.291582107543945 15.213553428649902 6.600518226623535 
v -22.22071647644043 15.213553428649902 6.976773262023926 
v -22.318561553955078 15.175100326538086 6.6074347496032715 
v -22.248455047607422 15.175100326538086 6.97953987121582 
v -23.6859188079834 15.213553428649902 4.710944175720215 
v -23.383455276489258 15.213553428649902 4.921204090118408 
v -23.700359344482422 15.175100326538086 4.73445987701416 
v -23.40074348449707 15.175100326538086 4.9433369636535645 
v -27.753795623779297 15.213553428649902 9.292400360107422 
v -27.964683532714844 15.213553428649902 8.989459991455078 
v -27.73194694519043 15.175100326538086 9.274417877197266 
v -27.940935134887695 15.175100326538086 8.975626945495605 
v -24.071598052978516 19.25665283203125 -33.75835037231445 
v -24.320865631103516 19.25665283203125 -33.89252853393555 
v -24.047849655151367 19.271373748779297 -33.797080993652344 
v -24.30205726623535 19.271373748779297 -33.93264389038086 
v -22.19639778137207 15.213553428649902 -31.73459815979004 
v -22.22071647644043 15.213553428649902 -31.34450912475586 
v -22.224327087402344 15.175100326538086 -31.73459815979004 
v -22.248455047607422 15.175100326538086 -31.34727668762207 
v -22.224327087402344 15.175100326538086 -31.73459815979004 
v -22.248455047607422 15.175100326538086 -31.34727668762207 
v -22.26954460144043 15.189821243286133 -31.73459815979004 
v -22.293292999267578 15.189821243286133 -31.35280990600586 
v -22.26954460144043 15.189821243286133 -31.73459815979004 
v -22.293292999267578 15.189821243286133 -31.35280990600586 
v -22.224327087402344 15.252007484436035 -31.73459815979004 
v -22.248455047607422 15.252007484436035 -31.34727668762207 
v -22.22071647644043 15.213553428649902 -31.34450912475586 
v -22.19639778137207 15.213553428649902 -31.73459815979004 
v -22.248455047607422 15.252007484436035 -31.34727668762207 
v -22.224327087402344 15.252007484436035 -31.73459815979004 
v -22.318561553955078 15.175100326538086 -30.97517204284668 
v -22.248455047607422 15.175100326538086 -31.34727668762207 
v -22.291582107543945 15.213553428649902 -30.96825408935547 
v -22.22071647644043 15.213553428649902 -31.34450912475586 
v -22.362449645996094 15.189821243286133 -30.986238479614258 
v -22.293292999267578 15.189821243286133 -31.35280990600586 
v -22.318561553955078 15.175100326538086 -30.97517204284668 
v -22.248455047607422 15.175100326538086 -31.34727668762207 
v -22.318561553955078 15.252007484436035 -30.97517204284668 
v -22.248455047607422 15.252007484436035 -31.34727668762207 
v -22.362449645996094 15.189821243286133 -30.986238479614258 
v -22.293292999267578 15.189821243286133 -31.35280990600586 
v -22.291582107543945 15.213553428649902 -30.96825408935547 
v -22.22071647644043 15.213553428649902 -31.34450912475586 
v -22.318561553955078 15.252007484436035 -30.97517204284668 
v -22.248455047607422 15.252007484436035 -31.34727668762207 
v -22.432174682617188 15.175100326538086 -30.619665145874023 
v -22.318561553955078 15.175100326538086 -30.97517204284668 
v -22.406147003173828 15.213553428649902 -30.609983444213867 
v -22.291582107543945 15.213553428649902 -30.96825408935547 
v -22.474353790283203 15.189821243286133 -30.63626480102539 
v -22.362449645996094 15.189821243286133 -30.986238479614258 
v -22.432174682617188 15.175100326538086 -30.619665145874023 
v -22.318561553955078 15.175100326538086 -30.97517204284668 
v -22.318561553955078 15.252007484436035 -30.97517204284668 
v -22.432174682617188 15.252007484436035 -30.619665145874023 
v -22.291582107543945 15.213553428649902 -30.96825408935547 
v -22.406147003173828 15.213553428649902 -30.609983444213867 
v -22.58606719970703 15.175100326538086 -30.284910202026367 
v -22.432174682617188 15.175100326538086 -30.619665145874023 
v -22.561368942260742 15.213553428649902 -30.271076202392578 
v -22.406147003173828 15.213553428649902 -30.609983444213867 
v -24.58666229248047 19.25665283203125 5.105181694030762 
v -24.320865631103516 19.25665283203125 5.20892858505249 
v -24.595211029052734 19.295106887817383 5.132847785949707 
v -24.332454681396484 19.295106887817383 5.233827590942383 
v -24.58666229248047 19.333559036254883 5.105181694030762 
v -24.320865631103516 19.333559036254883 5.20892858505249 
v -22.625965118408203 15.189821243286133 -30.3056583404541 
v -22.474353790283203 15.189821243286133 -30.63626480102539 
v -22.58606719970703 15.175100326538086 -30.284910202026367 
v -22.432174682617188 15.175100326538086 -30.619665145874023 
v -22.58606719970703 15.252007484436035 -30.284910202026367 
v -22.432174682617188 15.252007484436035 -30.619665145874023 
v -22.625965118408203 15.189821243286133 -30.3056583404541 
v -22.474353790283203 15.189821243286133 -30.63626480102539 
v -22.561368942260742 15.213553428649902 -30.271076202392578 
v -22.406147003173828 15.213553428649902 -30.609983444213867 
v -22.58606719970703 15.252007484436035 -30.284910202026367 
v -22.432174682617188 15.252007484436035 -30.619665145874023 
v -22.777387619018555 15.175100326538086 -29.972286224365234 
v -22.58606719970703 15.175100326538086 -30.284910202026367 
v -22.754589080810547 15.213553428649902 -29.957069396972656 
v -22.561368942260742 15.213553428649902 -30.271076202392578 
v -22.58606719970703 15.252007484436035 -30.284910202026367 
v -22.777387619018555 15.252007484436035 -29.972286224365234 
v -22.561368942260742 15.213553428649902 -30.271076202392578 
v -22.754589080810547 15.213553428649902 -29.957069396972656 
v -22.754589080810547 15.213553428649902 -29.957069396972656 
v -22.982576370239258 15.213553428649902 -29.6679630279541 
v -22.777387619018555 15.175100326538086 -29.972286224365234 
v -23.003475189208984 15.175100326538086 -29.685945510864258 
v -22.777387619018555 15.175100326538086 -29.972286224365234 
v -23.003475189208984 15.175100326538086 -29.685945510864258 
v -22.814624786376953 15.189821243286133 -29.99856948852539 
v -23.0371036529541 15.189821243286133 -29.71637725830078 
v -22.814624786376953 15.189821243286133 -29.99856948852539 
v -23.0371036529541 15.189821243286133 -29.71637725830078 
v -22.777387619018555 15.252007484436035 -29.972286224365234 
v -23.003475189208984 15.252007484436035 -29.685945510864258 
v -22.982576370239258 15.213553428649902 -29.6679630279541 
v -22.754589080810547 15.213553428649902 -29.957069396972656 
v -23.003475189208984 15.252007484436035 -29.685945510864258 
v -22.777387619018555 15.252007484436035 -29.972286224365234 
v -22.814624786376953 15.189821243286133 -29.99856948852539 
v -22.625965118408203 15.189821243286133 -30.3056583404541 
v -22.777387619018555 15.175100326538086 -29.972286224365234 
v -22.58606719970703 15.175100326538086 -30.284910202026367 
v -23.40074348449707 15.175100326538086 -29.311073303222656 
v -23.003475189208984 15.175100326538086 -29.685945510864258 
v -23.383455276489258 15.213553428649902 -29.2889404296875 
v -22.982576370239258 15.213553428649902 -29.6679630279541 
v -23.428863525390625 15.189821243286133 -29.34703826904297 
v -23.0371036529541 15.189821243286133 -29.71637725830078 
v -23.40074348449707 15.175100326538086 -29.311073303222656 
v -23.003475189208984 15.175100326538086 -29.685945510864258 
v -23.40074348449707 15.252007484436035 -29.311073303222656 
v -23.003475189208984 15.252007484436035 -29.685945510864258 
v -23.428863525390625 15.189821243286133 -29.34703826904297 
v -23.0371036529541 15.189821243286133 -29.71637725830078 
v -23.383455276489258 15.213553428649902 -29.2889404296875 
v -22.982576370239258 15.213553428649902 -29.6679630279541 
v -23.40074348449707 15.252007484436035 -29.311073303222656 
v -23.003475189208984 15.252007484436035 -29.685945510864258 
v -23.700359344482422 15.175100326538086 -29.102195739746094 
v -23.40074348449707 15.175100326538086 -29.311073303222656 
v -23.6859188079834 15.213553428649902 -29.07868003845215 
v -23.383455276489258 15.213553428649902 -29.2889404296875 
v -23.72410774230957 15.189821243286133 -29.140928268432617 
v -23.428863525390625 15.189821243286133 -29.34703826904297 
v -23.700359344482422 15.175100326538086 -29.102195739746094 
v -23.40074348449707 15.175100326538086 -29.311073303222656 
v -23.40074348449707 15.252007484436035 -29.311073303222656 
v -23.700359344482422 15.252007484436035 -29.102195739746094 
v -23.383455276489258 15.213553428649902 -29.2889404296875 
v -23.6859188079834 15.213553428649902 -29.07868003845215 
v -24.320865631103516 19.25665283203125 5.20892858505249 
v -24.58666229248047 19.25665283203125 5.105181694030762 
v -24.30205726623535 19.271373748779297 5.1674299240112305 
v -24.572982788085938 19.271373748779297 5.062299728393555 
v -24.58666229248047 19.333559036254883 -33.99489212036133 
v -24.320865631103516 19.333559036254883 -33.89252853393555 
v -24.572982788085938 19.318838119506836 -34.037776947021484 
v -24.30205726623535 19.318838119506836 -33.93264389038086 
v -24.320865631103516 19.333559036254883 -33.89252853393555 
v -24.58666229248047 19.333559036254883 -33.99489212036133 
v -24.332454681396484 19.295106887817383 -33.866249084472656 
v -24.595211029052734 19.295106887817383 -33.96861267089844 
v -24.320865631103516 19.25665283203125 -33.89252853393555 
v -24.58666229248047 19.25665283203125 -33.99489212036133 
v -24.043479919433594 15.189821243286133 -28.970783233642578 
v -23.72410774230957 15.189821243286133 -29.140928268432617 
v -24.02448081970215 15.175100326538086 -28.929285049438477 
v -23.700359344482422 15.175100326538086 -29.102195739746094 
v -23.700359344482422 15.252007484436035 -29.102195739746094 
v -24.02448081970215 15.252007484436035 -28.929285049438477 
v -23.6859188079834 15.213553428649902 -29.07868003845215 
v -24.01289176940918 15.213553428649902 -28.904386520385742 
v -24.01289176940918 15.213553428649902 -28.904386520385742 
v -24.36152458190918 15.213553428649902 -28.768823623657227 
v -24.02448081970215 15.175100326538086 -28.929285049438477 
v -24.370073318481445 15.175100326538086 -28.795106887817383 
v -24.02448081970215 15.175100326538086 -28.929285049438477 
v -24.370073318481445 15.175100326538086 -28.795106887817383 
v -24.043479919433594 15.189821243286133 -28.970783233642578 
v -24.383941650390625 15.189821243286133 -28.837987899780273 
v -24.043479919433594 15.189821243286133 -28.970783233642578 
v -24.383941650390625 15.189821243286133 -28.837987899780273 
v -24.02448081970215 15.252007484436035 -28.929285049438477 
v -24.370073318481445 15.252007484436035 -28.795106887817383 
v -24.02448081970215 15.252007484436035 -28.929285049438477 
v -24.370073318481445 15.252007484436035 -28.795106887817383 
v -24.01289176940918 15.213553428649902 -28.904386520385742 
v -24.36152458190918 15.213553428649902 -28.768823623657227 
v -24.370073318481445 15.175100326538086 -28.795106887817383 
v -24.734283447265625 15.175100326538086 -28.70380973815918 
v -24.383941650390625 15.189821243286133 -28.837987899780273 
v -24.742643356323242 15.189821243286133 -28.74807357788086 
v -24.383941650390625 15.189821243286133 -28.837987899780273 
v -24.742643356323242 15.189821243286133 -28.74807357788086 
v -24.370073318481445 15.252007484436035 -28.795106887817383 
v -24.734283447265625 15.252007484436035 -28.70380973815918 
v -24.729154586791992 15.213553428649902 -28.676143646240234 
v -24.36152458190918 15.213553428649902 -28.768823623657227 
v -24.734283447265625 15.252007484436035 -28.70380973815918 
v -24.370073318481445 15.252007484436035 -28.795106887817383 
v -24.734283447265625 15.175100326538086 -28.70380973815918 
v -25.1142635345459 15.175100326538086 -28.655393600463867 
v -24.742643356323242 15.189821243286133 -28.74807357788086 
v -25.116924285888672 15.189821243286133 -28.70104217529297 
v -24.742643356323242 15.189821243286133 -28.74807357788086 
v -25.116924285888672 15.189821243286133 -28.70104217529297 
v -24.734283447265625 15.252007484436035 -28.70380973815918 
v -25.1142635345459 15.252007484436035 -28.655393600463867 
v -24.734283447265625 15.252007484436035 -28.70380973815918 
v -25.1142635345459 15.252007484436035 -28.655393600463867 
v -24.729154586791992 15.213553428649902 -28.676143646240234 
v -25.112363815307617 15.213553428649902 -28.627727508544922 
v -24.734283447265625 15.175100326538086 -28.70380973815918 
v -24.370073318481445 15.175100326538086 -28.795106887817383 
v -24.729154586791992 15.213553428649902 -28.676143646240234 
v -24.36152458190918 15.213553428649902 -28.768823623657227 
v -27.35728645324707 15.252007484436035 9.672805786132812 
v -27.73194694519043 15.252007484436035 9.274417877197266 
v -27.375715255737305 15.213553428649902 9.693554878234863 
v -27.753795623779297 15.213553428649902 9.292400360107422 
v -25.1142635345459 15.175100326538086 -28.655393600463867 
v -25.309003829956055 15.175100326538086 -28.649860382080078 
v -25.116924285888672 15.189821243286133 -28.70104217529297 
v -25.309003829956055 15.189821243286133 -28.69412612915039 
v -25.309003829956055 15.252007484436035 -28.649860382080078 
v -25.1142635345459 15.252007484436035 -28.655393600463867 
v -25.309003829956055 15.189821243286133 -28.69412612915039 
v -25.116924285888672 15.189821243286133 -28.70104217529297 
v -25.309003829956055 15.213553428649902 -28.622194290161133 
v -25.112363815307617 15.213553428649902 -28.627727508544922 
v -25.309003829956055 15.252007484436035 -28.649860382080078 
v -25.1142635345459 15.252007484436035 -28.655393600463867 
v -26.25667381286621 15.213553428649902 4.401087284088135 
v -26.605304718017578 15.213553428649902 4.536649703979492 
v -26.248125076293945 15.252007484436035 4.427369594573975 
v -26.59371566772461 15.252007484436035 4.561548709869385 
v -24.572982788085938 19.318838119506836 5.062299728393555 
v -24.572982788085938 19.271373748779297 5.062299728393555 
v -24.858537673950195 19.318838119506836 4.990368843078613 
v -24.858537673950195 19.271373748779297 4.990368843078613 
v -25.69012451171875 15.189821243286133 -28.719024658203125 
v -25.309003829956055 15.189821243286133 -28.69412612915039 
v -25.695632934570312 15.175100326538086 -28.673376083374023 
v -25.309003829956055 15.175100326538086 -28.649860382080078 
v -25.695632934570312 15.252007484436035 -28.673376083374023 
v -25.309003829956055 15.252007484436035 -28.649860382080078 
v -25.69012451171875 15.189821243286133 -28.719024658203125 
v -25.309003829956055 15.189821243286133 -28.69412612915039 
v -25.699243545532227 15.213553428649902 -28.645709991455078 
v -26.075042724609375 15.213553428649902 -28.716259002685547 
v -25.695632934570312 15.175100326538086 -28.673376083374023 
v -26.06820297241211 15.175100326538086 -28.743925094604492 
v -25.695632934570312 15.175100326538086 -28.673376083374023 
v -26.06820297241211 15.175100326538086 -28.743925094604492 
v -25.69012451171875 15.189821243286133 -28.719024658203125 
v -26.056995391845703 15.189821243286133 -28.788188934326172 
v -25.69012451171875 15.189821243286133 -28.719024658203125 
v -26.056995391845703 15.189821243286133 -28.788188934326172 
v -25.695632934570312 15.252007484436035 -28.673376083374023 
v -26.06820297241211 15.252007484436035 -28.743925094604492 
v -25.695632934570312 15.252007484436035 -28.673376083374023 
v -26.06820297241211 15.252007484436035 -28.743925094604492 
v -25.699243545532227 15.213553428649902 -28.645709991455078 
v -26.075042724609375 15.213553428649902 -28.716259002685547 
v -26.075042724609375 15.213553428649902 -28.716259002685547 
v -26.433555603027344 15.213553428649902 -28.831071853637695 
v -26.06820297241211 15.175100326538086 -28.743925094604492 
v -26.423295974731445 15.175100326538086 -28.85735511779785 
v -26.06820297241211 15.175100326538086 -28.743925094604492 
v -26.423295974731445 15.175100326538086 -28.85735511779785 
v -26.056995391845703 15.189821243286133 -28.788188934326172 
v -26.40695571899414 15.189821243286133 -28.898853302001953 
v -26.056995391845703 15.189821243286133 -28.788188934326172 
v -26.40695571899414 15.189821243286133 -28.898853302001953 
v -26.06820297241211 15.252007484436035 -28.743925094604492 
v -26.423295974731445 15.252007484436035 -28.85735511779785 
v -27.73194694519043 15.252007484436035 9.274417877197266 
v -27.35728645324707 15.252007484436035 9.672805786132812 
v -27.69641876220703 15.189821243286133 9.24675178527832 
v -27.327077865600586 15.189821243286133 9.638222694396973 
v -24.572982788085938 19.271373748779297 -34.037776947021484 
v -24.30205726623535 19.271373748779297 -33.93264389038086 
v -24.58666229248047 19.25665283203125 -33.99489212036133 
v -24.320865631103516 19.25665283203125 -33.89252853393555 
v -26.423295974731445 15.175100326538086 -28.85735511779785 
v -26.75862693786621 15.175100326538086 -29.01089859008789 
v -26.40695571899414 15.189821243286133 -28.898853302001953 
v -26.737348556518555 15.189821243286133 -29.051013946533203 
v -26.40695571899414 15.189821243286133 -28.898853302001953 
v -26.737348556518555 15.189821243286133 -29.051013946533203 
v -26.423295974731445 15.252007484436035 -28.85735511779785 
v -26.75862693786621 15.252007484436035 -29.01089859008789 
v -26.423295974731445 15.252007484436035 -28.85735511779785 
v -26.75862693786621 15.252007484436035 -29.01089859008789 
v -26.433555603027344 15.213553428649902 -28.831071853637695 
v -26.77173614501953 15.213553428649902 -28.986000061035156 
v -26.77173614501953 15.213553428649902 -28.986000061035156 
v -27.086740493774414 15.213553428649902 -29.17966079711914 
v -26.75862693786621 15.175100326538086 -29.01089859008789 
v -27.070781707763672 15.175100326538086 -29.203176498413086 
v -26.75862693786621 15.175100326538086 -29.01089859008789 
v -27.070781707763672 15.175100326538086 -29.203176498413086 
v -26.737348556518555 15.189821243286133 -29.051013946533203 
v -27.04494285583496 15.189821243286133 -29.2391414642334 
v -24.572982788085938 19.318838119506836 -34.037776947021484 
v -24.572982788085938 19.271373748779297 -34.037776947021484 
v -24.858537673950195 19.318838119506836 -34.11109161376953 
v -24.858537673950195 19.271373748779297 -34.11109161376953 
v -27.070781707763672 15.252007484436035 -29.203176498413086 
v -26.75862693786621 15.252007484436035 -29.01089859008789 
v -27.04494285583496 15.189821243286133 -29.2391414642334 
v -26.737348556518555 15.189821243286133 -29.051013946533203 
v -27.086740493774414 15.213553428649902 -29.17966079711914 
v -26.77173614501953 15.213553428649902 -28.986000061035156 
v -27.070781707763672 15.252007484436035 -29.203176498413086 
v -26.75862693786621 15.252007484436035 -29.01089859008789 
v -27.327077865600586 15.189821243286133 -29.461851119995117 
v -27.04494285583496 15.189821243286133 -29.2391414642334 
v -27.35728645324707 15.175100326538086 -29.428653717041016 
v -27.070781707763672 15.175100326538086 -29.203176498413086 
v -27.35728645324707 15.252007484436035 -29.428653717041016 
v -27.070781707763672 15.252007484436035 -29.203176498413086 
v -27.327077865600586 15.189821243286133 -29.461851119995117 
v -27.04494285583496 15.189821243286133 -29.2391414642334 
v -27.375715255737305 15.213553428649902 -29.40790367126465 
v -27.086740493774414 15.213553428649902 -29.17966079711914 
v -27.35728645324707 15.252007484436035 -29.428653717041016 
v -27.070781707763672 15.252007484436035 -29.203176498413086 
v -27.73194694519043 15.175100326538086 -29.82565689086914 
v -27.35728645324707 15.175100326538086 -29.428653717041016 
v -27.753795623779297 15.213553428649902 -29.809057235717773 
v -27.375715255737305 15.213553428649902 -29.40790367126465 
v -27.69641876220703 15.189821243286133 -29.853322982788086 
v -27.327077865600586 15.189821243286133 -29.461851119995117 
v -27.73194694519043 15.175100326538086 -29.82565689086914 
v -27.35728645324707 15.175100326538086 -29.428653717041016 
v -27.73194694519043 15.252007484436035 -29.82565689086914 
v -27.35728645324707 15.252007484436035 -29.428653717041016 
v -27.69641876220703 15.189821243286133 -29.853322982788086 
v -27.327077865600586 15.189821243286133 -29.461851119995117 
v -27.753795623779297 15.213553428649902 -29.809057235717773 
v -27.375715255737305 15.213553428649902 -29.40790367126465 
v -27.73194694519043 15.252007484436035 -29.82565689086914 
v -27.35728645324707 15.252007484436035 -29.428653717041016 
v -27.73194694519043 15.175100326538086 -29.82565689086914 
v -27.940935134887695 15.175100326538086 -30.125831604003906 
v -27.69641876220703 15.189821243286133 -29.853322982788086 
v -27.902366638183594 15.189821243286133 -30.14934730529785 
v -27.69641876220703 15.189821243286133 -29.853322982788086 
v -27.902366638183594 15.189821243286133 -30.14934730529785 
v -27.73194694519043 15.252007484436035 -29.82565689086914 
v -27.940935134887695 15.252007484436035 -30.125831604003906 
v -27.964683532714844 15.213553428649902 -30.110614776611328 
v -27.753795623779297 15.213553428649902 -29.809057235717773 
v -27.940935134887695 15.252007484436035 -30.125831604003906 
v -27.73194694519043 15.252007484436035 -29.82565689086914 
v -27.940935134887695 15.175100326538086 -30.125831604003906 
v -28.114015579223633 15.175100326538086 -30.449522018432617 
v -27.902366638183594 15.189821243286133 -30.14934730529785 
v -28.07278823852539 15.189821243286133 -30.468887329101562 
v -27.902366638183594 15.189821243286133 -30.14934730529785 
v -28.07278823852539 15.189821243286133 -30.468887329101562 
v -27.940935134887695 15.252007484436035 -30.125831604003906 
v -28.114015579223633 15.252007484436035 -30.449522018432617 
v -27.940935134887695 15.252007484436035 -30.125831604003906 
v -28.114015579223633 15.252007484436035 -30.449522018432617 
v -27.964683532714844 15.213553428649902 -30.110614776611328 
v -28.139284133911133 15.213553428649902 -30.43845558166504 
v -28.139284133911133 15.213553428649902 -30.43845558166504 
v -28.27455711364746 15.213553428649902 -30.787044525146484 
v -28.114015579223633 15.175100326538086 -30.449522018432617 
v -28.24795913696289 15.175100326538086 -30.79534339904785 
v -28.114015579223633 15.175100326538086 -30.449522018432617 
v -28.24795913696289 15.175100326538086 -30.79534339904785 
v -28.07278823852539 15.189821243286133 -30.468887329101562 
v -28.205020904541016 15.189821243286133 -30.80917739868164 
v -28.24795913696289 15.252007484436035 -30.79534339904785 
v -28.114015579223633 15.252007484436035 -30.449522018432617 
v -28.205020904541016 15.189821243286133 -30.80917739868164 
v -28.07278823852539 15.189821243286133 -30.468887329101562 
v -28.27455711364746 15.213553428649902 -30.787044525146484 
v -28.139284133911133 15.213553428649902 -30.43845558166504 
v -28.24795913696289 15.252007484436035 -30.79534339904785 
v -28.114015579223633 15.252007484436035 -30.449522018432617 
v -25.699243545532227 15.213553428649902 -28.645709991455078 
v -25.309003829956055 15.213553428649902 -28.622194290161133 
v -25.695632934570312 15.252007484436035 -28.673376083374023 
v -25.309003829956055 15.252007484436035 -28.649860382080078 
v -24.866897583007812 19.333559036254883 5.034634113311768 
v -24.58666229248047 19.333559036254883 5.105181694030762 
v -24.858537673950195 19.318838119506836 4.990368843078613 
v -24.572982788085938 19.318838119506836 5.062299728393555 
v -28.340293884277344 15.175100326538086 -31.159149169921875 
v -28.24795913696289 15.175100326538086 -30.79534339904785 
v -28.367652893066406 15.213553428649902 -31.154998779296875 
v -28.27455711364746 15.213553428649902 -30.787044525146484 
v -28.29583740234375 15.189821243286133 -31.167448043823242 
v -28.205020904541016 15.189821243286133 -30.80917739868164 
v -28.340293884277344 15.175100326538086 -31.159149169921875 
v -28.24795913696289 15.175100326538086 -30.79534339904785 
v -28.24795913696289 15.252007484436035 -30.79534339904785 
v -28.340293884277344 15.252007484436035 -31.159149169921875 
v -28.27455711364746 15.213553428649902 -30.787044525146484 
v -28.367652893066406 15.213553428649902 -31.154998779296875 
v -24.58666229248047 19.333559036254883 5.105181694030762 
v -24.866897583007812 19.333559036254883 5.034634113311768 
v -24.595211029052734 19.295106887817383 5.132847785949707 
v -24.872026443481445 19.295106887817383 5.062299728393555 
v -24.58666229248047 19.25665283203125 5.105181694030762 
v -24.866897583007812 19.25665283203125 5.034634113311768 
v -28.387792587280273 15.175100326538086 -31.539552688598633 
v -28.340293884277344 15.175100326538086 -31.159149169921875 
v -28.415719985961914 15.213553428649902 -31.538169860839844 
v -28.367652893066406 15.213553428649902 -31.154998779296875 
v -28.342575073242188 15.189821243286133 -31.542320251464844 
v -28.29583740234375 15.189821243286133 -31.167448043823242 
v -28.387792587280273 15.175100326538086 -31.539552688598633 
v -28.340293884277344 15.175100326538086 -31.159149169921875 
v -28.387792587280273 15.252007484436035 -31.539552688598633 
v -28.340293884277344 15.252007484436035 -31.159149169921875 
v -28.342575073242188 15.189821243286133 -31.542320251464844 
v -28.29583740234375 15.189821243286133 -31.167448043823242 
v -28.415719985961914 15.213553428649902 -31.538169860839844 
v -28.42180061340332 15.213553428649902 -31.73459815979004 
v -28.387792587280273 15.175100326538086 -31.539552688598633 
v -28.393871307373047 15.175100326538086 -31.73459815979004 
v -28.387792587280273 15.175100326538086 -31.539552688598633 
v -28.393871307373047 15.175100326538086 -31.73459815979004 
v -28.342575073242188 15.189821243286133 -31.542320251464844 
v -28.34865379333496 15.189821243286133 -31.73459815979004 
v -28.393871307373047 15.252007484436035 -31.73459815979004 
v -28.387792587280273 15.252007484436035 -31.539552688598633 
v -28.34865379333496 15.189821243286133 -31.73459815979004 
v -28.342575073242188 15.189821243286133 -31.542320251464844 
v -27.69641876220703 15.189821243286133 9.24675178527832 
v -27.327077865600586 15.189821243286133 9.638222694396973 
v -27.73194694519043 15.175100326538086 9.274417877197266 
v -27.35728645324707 15.175100326538086 9.672805786132812 
v -24.866897583007812 19.25665283203125 -34.06682586669922 
v -24.58666229248047 19.25665283203125 -33.99489212036133 
v -24.872026443481445 19.295106887817383 -34.03915786743164 
v -24.595211029052734 19.295106887817383 -33.96861267089844 
v -24.866897583007812 19.333559036254883 -34.06682586669922 
v -24.58666229248047 19.333559036254883 -33.99489212036133 
v -28.36974334716797 15.175100326538086 -32.12053680419922 
v -28.393871307373047 15.175100326538086 -31.73459815979004 
v -28.39748191833496 15.213553428649902 -32.12468338012695 
v -28.42180061340332 15.213553428649902 -31.73459815979004 
v -28.324905395507812 15.189821243286133 -32.1150016784668 
v -28.34865379333496 15.189821243286133 -31.73459815979004 
v -28.36974334716797 15.175100326538086 -32.12053680419922 
v -28.393871307373047 15.175100326538086 -31.73459815979004 
v -28.39748191833496 15.213553428649902 -32.12468338012695 
v -28.42180061340332 15.213553428649902 -31.73459815979004 
v -28.36974334716797 15.252007484436035 -32.12053680419922 
v -28.393871307373047 15.252007484436035 -31.73459815979004 
v -28.39748191833496 15.213553428649902 -32.12468338012695 
v -28.326614379882812 15.213553428649902 -32.49955749511719 
v -28.36974334716797 15.175100326538086 -32.12053680419922 
v -28.299636840820312 15.175100326538086 -32.49264144897461 
v -28.299636840820312 15.252007484436035 -32.49264144897461 
v -28.36974334716797 15.252007484436035 -32.12053680419922 
v -28.255748748779297 15.189821243286133 -32.48157501220703 
v -28.324905395507812 15.189821243286133 -32.1150016784668 
v -28.36974334716797 15.252007484436035 -32.12053680419922 
v -28.299636840820312 15.252007484436035 -32.49264144897461 
v -28.39748191833496 15.213553428649902 -32.12468338012695 
v -28.326614379882812 15.213553428649902 -32.49955749511719 
v -28.326614379882812 15.213553428649902 -32.49955749511719 
v -28.212051391601562 15.213553428649902 -32.85921096801758 
v -28.299636840820312 15.175100326538086 -32.49264144897461 
v -28.18602180480957 15.175100326538086 -32.84814453125 
v -28.143844604492188 15.189821243286133 -32.831546783447266 
v -28.255748748779297 15.189821243286133 -32.48157501220703 
v -28.18602180480957 15.175100326538086 -32.84814453125 
v -28.299636840820312 15.175100326538086 -32.49264144897461 
v -28.18602180480957 15.252007484436035 -32.84814453125 
v -28.299636840820312 15.252007484436035 -32.49264144897461 
v -28.143844604492188 15.189821243286133 -32.831546783447266 
v -28.255748748779297 15.189821243286133 -32.48157501220703 
v -28.212051391601562 15.213553428649902 -32.85921096801758 
v -28.326614379882812 15.213553428649902 -32.49955749511719 
v -28.18602180480957 15.252007484436035 -32.84814453125 
v -28.299636840820312 15.252007484436035 -32.49264144897461 
v -28.03213119506836 15.175100326538086 -33.18428421020508 
v -28.18602180480957 15.175100326538086 -32.84814453125 
v -28.05682945251465 15.213553428649902 -33.19673538208008 
v -28.212051391601562 15.213553428649902 -32.85921096801758 
v -27.992233276367188 15.189821243286133 -33.16215133666992 
v -28.143844604492188 15.189821243286133 -32.831546783447266 
v -28.03213119506836 15.175100326538086 -33.18428421020508 
v -28.18602180480957 15.175100326538086 -32.84814453125 
v -28.03213119506836 15.252007484436035 -33.18428421020508 
v -28.18602180480957 15.252007484436035 -32.84814453125 
v -27.992233276367188 15.189821243286133 -33.16215133666992 
v -28.143844604492188 15.189821243286133 -32.831546783447266 
v -28.05682945251465 15.213553428649902 -33.19673538208008 
v -28.212051391601562 15.213553428649902 -32.85921096801758 
v -28.03213119506836 15.252007484436035 -33.18428421020508 
v -28.18602180480957 15.252007484436035 -32.84814453125 
v -28.36974334716797 15.175100326538086 -32.12053680419922 
v -28.299636840820312 15.175100326538086 -32.49264144897461 
v -28.324905395507812 15.189821243286133 -32.1150016784668 
v -28.255748748779297 15.189821243286133 -32.48157501220703 
v -27.803571701049805 15.189821243286133 -33.47062683105469 
v -27.992233276367188 15.189821243286133 -33.16215133666992 
v -27.840810775756836 15.175100326538086 -33.49552536010742 
v -28.03213119506836 15.175100326538086 -33.18428421020508 
v -27.840810775756836 15.252007484436035 -33.49552536010742 
v -28.03213119506836 15.252007484436035 -33.18428421020508 
v -27.803571701049805 15.189821243286133 -33.47062683105469 
v -27.992233276367188 15.189821243286133 -33.16215133666992 
v -27.863609313964844 15.213553428649902 -33.51212692260742 
v -28.05682945251465 15.213553428649902 -33.19673538208008 
v -27.840810775756836 15.252007484436035 -33.49552536010742 
v -28.03213119506836 15.252007484436035 -33.18428421020508 
v -27.58109474182129 15.189821243286133 -33.7528190612793 
v -27.803571701049805 15.189821243286133 -33.47062683105469 
v -27.614723205566406 15.175100326538086 -33.78186798095703 
v -27.840810775756836 15.175100326538086 -33.49552536010742 
v -27.614723205566406 15.252007484436035 -33.78186798095703 
v -27.840810775756836 15.252007484436035 -33.49552536010742 
v -27.58109474182129 15.189821243286133 -33.7528190612793 
v -27.803571701049805 15.189821243286133 -33.47062683105469 
v -27.635622024536133 15.213553428649902 -33.801231384277344 
v -27.234743118286133 15.213553428649902 -34.178871154785156 
v -27.614723205566406 15.175100326538086 -33.78186798095703 
v -27.217453002929688 15.175100326538086 -34.15673828125 
v -28.36974334716797 15.252007484436035 -32.12053680419922 
v -28.393871307373047 15.252007484436035 -31.73459815979004 
v -28.324905395507812 15.189821243286133 -32.1150016784668 
v -28.34865379333496 15.189821243286133 -31.73459815979004 
v -26.248125076293945 15.252007484436035 4.427369594573975 
v -26.59371566772461 15.252007484436035 4.561548709869385 
v -26.234254837036133 15.189821243286133 4.470251560211182 
v -26.574716567993164 15.189821243286133 4.6030473709106445 
v -25.156251907348633 19.271373748779297 -34.1484375 
v -25.156251907348633 19.318838119506836 -34.1484375 
v -24.858537673950195 19.271373748779297 -34.11109161376953 
v -24.858537673950195 19.318838119506836 -34.11109161376953 
v -24.858537673950195 19.318838119506836 -34.11109161376953 
v -25.156251907348633 19.318838119506836 -34.1484375 
v -24.866897583007812 19.333559036254883 -34.06682586669922 
v -25.159101486206055 19.333559036254883 -34.10279083251953 
v -27.217453002929688 15.252007484436035 -34.15673828125 
v -27.614723205566406 15.252007484436035 -33.78186798095703 
v -27.189334869384766 15.189821243286133 -34.122154235839844 
v -27.58109474182129 15.189821243286133 -33.7528190612793 
v -26.91783905029297 15.175100326538086 -34.36561584472656 
v -27.217453002929688 15.175100326538086 -34.15673828125 
v -26.93227767944336 15.213553428649902 -34.3905143737793 
v -27.234743118286133 15.213553428649902 -34.178871154785156 
v -26.89409065246582 15.189821243286133 -34.32826614379883 
v -27.189334869384766 15.189821243286133 -34.122154235839844 
v -26.91783905029297 15.175100326538086 -34.36561584472656 
v -27.217453002929688 15.175100326538086 -34.15673828125 
v -26.91783905029297 15.252007484436035 -34.36561584472656 
v -27.217453002929688 15.252007484436035 -34.15673828125 
v -26.89409065246582 15.189821243286133 -34.32826614379883 
v -27.189334869384766 15.189821243286133 -34.122154235839844 
v -26.59371566772461 15.175100326538086 -34.53852462768555 
v -26.91783905029297 15.175100326538086 -34.36561584472656 
v -26.605304718017578 15.213553428649902 -34.5648078918457 
v -26.93227767944336 15.213553428649902 -34.3905143737793 
v -26.574716567993164 15.189821243286133 -34.498409271240234 
v -26.89409065246582 15.189821243286133 -34.32826614379883 
v -26.59371566772461 15.175100326538086 -34.53852462768555 
v -26.91783905029297 15.175100326538086 -34.36561584472656 
v -24.858537673950195 19.271373748779297 4.990368843078613 
v -24.572982788085938 19.271373748779297 5.062299728393555 
v -24.866897583007812 19.25665283203125 5.034634113311768 
v -24.58666229248047 19.25665283203125 5.105181694030762 
v -26.91783905029297 15.252007484436035 -34.36561584472656 
v -26.59371566772461 15.252007484436035 -34.53852462768555 
v -26.93227767944336 15.213553428649902 -34.3905143737793 
v -26.605304718017578 15.213553428649902 -34.5648078918457 
v -26.605304718017578 15.213553428649902 -34.5648078918457 
v -26.25667381286621 15.213553428649902 -34.70037078857422 
v -26.59371566772461 15.175100326538086 -34.53852462768555 
v -26.248125076293945 15.175100326538086 -34.672706604003906 
v -26.59371566772461 15.175100326538086 -34.53852462768555 
v -26.248125076293945 15.175100326538086 -34.672706604003906 
v -26.574716567993164 15.189821243286133 -34.498409271240234 
v -26.234254837036133 15.189821243286133 -34.62982177734375 
v -26.574716567993164 15.189821243286133 -34.498409271240234 
v -26.234254837036133 15.189821243286133 -34.62982177734375 
v -26.59371566772461 15.252007484436035 -34.53852462768555 
v -26.248125076293945 15.252007484436035 -34.672706604003906 
v -24.858537673950195 19.318838119506836 4.990368843078613 
v -24.858537673950195 19.271373748779297 4.990368843078613 
v -25.156251907348633 19.318838119506836 4.953020095825195 
v -25.156251907348633 19.271373748779297 4.953020095825195 
v -25.159101486206055 19.25665283203125 -34.10279083251953 
v -24.866897583007812 19.25665283203125 -34.06682586669922 
v -25.160812377929688 19.295106887817383 -34.07512283325195 
v -24.872026443481445 19.295106887817383 -34.03915786743164 
v -25.159101486206055 19.333559036254883 -34.10279083251953 
v -24.866897583007812 19.333559036254883 -34.06682586669922 
v -24.866897583007812 19.25665283203125 -34.06682586669922 
v -25.159101486206055 19.25665283203125 -34.10279083251953 
v -24.858537673950195 19.271373748779297 -34.11109161376953 
v -25.156251907348633 19.271373748779297 -34.1484375 
v -25.883913040161133 15.175100326538086 -34.765384674072266 
v -26.248125076293945 15.175100326538086 -34.672706604003906 
v -25.8890438079834 15.213553428649902 -34.793052673339844 
v -26.25667381286621 15.213553428649902 -34.70037078857422 
v -26.234254837036133 15.189821243286133 -34.62982177734375 
v -25.875553131103516 15.189821243286133 -34.72111892700195 
v -26.248125076293945 15.252007484436035 -34.672706604003906 
v -25.883913040161133 15.252007484436035 -34.765384674072266 
v -25.8890438079834 15.213553428649902 -34.793052673339844 
v -26.25667381286621 15.213553428649902 -34.70037078857422 
v -25.883913040161133 15.252007484436035 -34.765384674072266 
v -26.248125076293945 15.252007484436035 -34.672706604003906 
v -25.8890438079834 15.213553428649902 -34.793052673339844 
v -25.50583267211914 15.213553428649902 -34.84146499633789 
v -25.883913040161133 15.175100326538086 -34.765384674072266 
v -25.50393295288086 15.175100326538086 -34.812416076660156 
v -25.50127410888672 15.189821243286133 -34.76815414428711 
v -25.875553131103516 15.189821243286133 -34.72111892700195 
v -25.50393295288086 15.175100326538086 -34.812416076660156 
v -25.883913040161133 15.175100326538086 -34.765384674072266 
v -25.875553131103516 15.189821243286133 -34.72111892700195 
v -25.50127410888672 15.189821243286133 -34.76815414428711 
v -25.883913040161133 15.252007484436035 -34.765384674072266 
v -25.50393295288086 15.252007484436035 -34.812416076660156 
v -25.50583267211914 15.213553428649902 -34.84146499633789 
v -25.8890438079834 15.213553428649902 -34.793052673339844 
v -25.50393295288086 15.252007484436035 -34.812416076660156 
v -25.883913040161133 15.252007484436035 -34.765384674072266 
v -25.50393295288086 15.252007484436035 -34.812416076660156 
v -25.309003829956055 15.252007484436035 -34.8193359375 
v -25.50583267211914 15.213553428649902 -34.84146499633789 
v -25.309003829956055 15.213553428649902 -34.84700012207031 
v -25.1142635345459 15.252007484436035 -34.812416076660156 
v -25.112363815307617 15.213553428649902 -34.84146499633789 
v -26.248125076293945 15.175100326538086 -34.672706604003906 
v -25.883913040161133 15.175100326538086 -34.765384674072266 
v -26.234254837036133 15.189821243286133 -34.62982177734375 
v -25.875553131103516 15.189821243286133 -34.72111892700195 
v -22.561368942260742 15.213553428649902 5.9033403396606445 
v -22.754589080810547 15.213553428649902 5.5893330574035645 
v -22.58606719970703 15.252007484436035 5.917172908782959 
v -22.777387619018555 15.252007484436035 5.604549407958984 
v -24.02448081970215 15.252007484436035 4.561548709869385 
v -23.700359344482422 15.252007484436035 4.73445987701416 
v -24.01289176940918 15.213553428649902 4.536649703979492 
v -23.6859188079834 15.213553428649902 4.710944175720215 
v -24.734283447265625 15.175100326538086 -34.765384674072266 
v -25.1142635345459 15.175100326538086 -34.812416076660156 
v -24.729154586791992 15.213553428649902 -34.793052673339844 
v -25.112363815307617 15.213553428649902 -34.84146499633789 
v -24.742643356323242 15.189821243286133 -34.72111892700195 
v -25.116924285888672 15.189821243286133 -34.76815414428711 
v -24.734283447265625 15.175100326538086 -34.765384674072266 
v -25.1142635345459 15.175100326538086 -34.812416076660156 
v -25.116924285888672 15.189821243286133 -34.76815414428711 
v -24.742643356323242 15.189821243286133 -34.72111892700195 
v -25.1142635345459 15.252007484436035 -34.812416076660156 
v -24.734283447265625 15.252007484436035 -34.765384674072266 
v -25.1142635345459 15.175100326538086 -34.812416076660156 
v -25.309003829956055 15.175100326538086 -34.8193359375 
v -25.112363815307617 15.213553428649902 -34.84146499633789 
v -25.309003829956055 15.213553428649902 -34.84700012207031 
v -25.50393295288086 15.175100326538086 -34.812416076660156 
v -25.50583267211914 15.213553428649902 -34.84146499633789 
v -25.1142635345459 15.252007484436035 -34.812416076660156 
v -25.309003829956055 15.252007484436035 -34.8193359375 
v -25.116924285888672 15.189821243286133 -34.76815414428711 
v -25.309003829956055 15.189821243286133 -34.773685455322266 
v -25.50393295288086 15.252007484436035 -34.812416076660156 
v -25.50127410888672 15.189821243286133 -34.76815414428711 
v -24.858537673950195 19.318838119506836 4.990368843078613 
v -25.156251907348633 19.318838119506836 4.953020095825195 
v -24.866897583007812 19.333559036254883 5.034634113311768 
v -25.159101486206055 19.333559036254883 4.998668670654297 
v -25.156251907348633 19.318838119506836 -34.1484375 
v -25.309003829956055 19.318838119506836 -34.152587890625 
v -25.159101486206055 19.333559036254883 -34.10279083251953 
v -25.309003829956055 19.333559036254883 -34.10694122314453 
v -25.461946487426758 19.318838119506836 -34.1484375 
v -25.459095001220703 19.333559036254883 -34.10279083251953 
v -24.36152458190918 15.213553428649902 -34.70037078857422 
v -24.729154586791992 15.213553428649902 -34.793052673339844 
v -24.370073318481445 15.252007484436035 -34.672706604003906 
v -24.734283447265625 15.252007484436035 -34.765384674072266 
v -24.36152458190918 15.213553428649902 -34.70037078857422 
v -24.01289176940918 15.213553428649902 -34.5648078918457 
v -24.370073318481445 15.175100326538086 -34.672706604003906 
v -24.02448081970215 15.175100326538086 -34.53852462768555 
v -24.383941650390625 15.189821243286133 -34.62982177734375 
v -24.043479919433594 15.189821243286133 -34.498409271240234 
v -24.370073318481445 15.252007484436035 -34.672706604003906 
v -24.02448081970215 15.252007484436035 -34.53852462768555 
v -24.370073318481445 15.252007484436035 -34.672706604003906 
v -24.02448081970215 15.252007484436035 -34.53852462768555 
v -24.36152458190918 15.213553428649902 -34.70037078857422 
v -24.01289176940918 15.213553428649902 -34.5648078918457 
v -24.01289176940918 15.213553428649902 -34.5648078918457 
v -23.6859188079834 15.213553428649902 -34.3905143737793 
v -24.02448081970215 15.175100326538086 -34.53852462768555 
v -23.700359344482422 15.175100326538086 -34.36561584472656 
v -23.72410774230957 15.189821243286133 -34.32826614379883 
v -24.043479919433594 15.189821243286133 -34.498409271240234 
v -23.700359344482422 15.175100326538086 -34.36561584472656 
v -24.02448081970215 15.175100326538086 -34.53852462768555 
v -23.700359344482422 15.252007484436035 -34.36561584472656 
v -24.02448081970215 15.252007484436035 -34.53852462768555 
v -23.72410774230957 15.189821243286133 -34.32826614379883 
v -24.043479919433594 15.189821243286133 -34.498409271240234 
v -23.40074348449707 15.175100326538086 -34.15673828125 
v -23.700359344482422 15.175100326538086 -34.36561584472656 
v -23.383455276489258 15.213553428649902 -34.178871154785156 
v -23.6859188079834 15.213553428649902 -34.3905143737793 
v -23.72410774230957 15.189821243286133 -34.32826614379883 
v -23.428863525390625 15.189821243286133 -34.122154235839844 
v -23.700359344482422 15.252007484436035 -34.36561584472656 
v -23.40074348449707 15.252007484436035 -34.15673828125 
v -23.700359344482422 15.252007484436035 -34.36561584472656 
v -23.40074348449707 15.252007484436035 -34.15673828125 
v -23.6859188079834 15.213553428649902 -34.3905143737793 
v -23.383455276489258 15.213553428649902 -34.178871154785156 
v -23.003475189208984 15.175100326538086 -33.78186798095703 
v -23.40074348449707 15.175100326538086 -34.15673828125 
v -22.982576370239258 15.213553428649902 -33.801231384277344 
v -23.383455276489258 15.213553428649902 -34.178871154785156 
v -23.40074348449707 15.175100326538086 -34.15673828125 
v -23.003475189208984 15.175100326538086 -33.78186798095703 
v -23.428863525390625 15.189821243286133 -34.122154235839844 
v -23.0371036529541 15.189821243286133 -33.7528190612793 
v -23.428863525390625 15.189821243286133 -34.122154235839844 
v -23.0371036529541 15.189821243286133 -33.7528190612793 
v -23.40074348449707 15.252007484436035 -34.15673828125 
v -23.003475189208984 15.252007484436035 -33.78186798095703 
v -22.982576370239258 15.213553428649902 -33.801231384277344 
v -23.383455276489258 15.213553428649902 -34.178871154785156 
v -23.003475189208984 15.252007484436035 -33.78186798095703 
v -23.40074348449707 15.252007484436035 -34.15673828125 
v -23.700359344482422 15.175100326538086 -34.36561584472656 
v -23.40074348449707 15.175100326538086 -34.15673828125 
v -23.72410774230957 15.189821243286133 -34.32826614379883 
v -23.428863525390625 15.189821243286133 -34.122154235839844 
v -24.734283447265625 15.175100326538086 -34.765384674072266 
v -24.370073318481445 15.175100326538086 -34.672706604003906 
v -24.742643356323242 15.189821243286133 -34.72111892700195 
v -24.383941650390625 15.189821243286133 -34.62982177734375 
v -22.777387619018555 15.175100326538086 -33.49552536010742 
v -23.003475189208984 15.175100326538086 -33.78186798095703 
v -22.754589080810547 15.213553428649902 -33.51212692260742 
v -22.982576370239258 15.213553428649902 -33.801231384277344 
v -23.003475189208984 15.175100326538086 -33.78186798095703 
v -22.777387619018555 15.175100326538086 -33.49552536010742 
v -23.0371036529541 15.189821243286133 -33.7528190612793 
v -22.814624786376953 15.189821243286133 -33.47062683105469 
v -23.0371036529541 15.189821243286133 -33.7528190612793 
v -22.814624786376953 15.189821243286133 -33.47062683105469 
v -23.003475189208984 15.252007484436035 -33.78186798095703 
v -22.777387619018555 15.252007484436035 -33.49552536010742 
v -23.003475189208984 15.252007484436035 -33.78186798095703 
v -22.777387619018555 15.252007484436035 -33.49552536010742 
v -22.982576370239258 15.213553428649902 -33.801231384277344 
v -22.754589080810547 15.213553428649902 -33.51212692260742 
v -22.58606719970703 15.175100326538086 -33.18428421020508 
v -22.777387619018555 15.175100326538086 -33.49552536010742 
v -22.561368942260742 15.213553428649902 -33.19673538208008 
v -22.754589080810547 15.213553428649902 -33.51212692260742 
v -22.625965118408203 15.189821243286133 -33.16215133666992 
v -22.814624786376953 15.189821243286133 -33.47062683105469 
v -22.58606719970703 15.175100326538086 -33.18428421020508 
v -22.777387619018555 15.175100326538086 -33.49552536010742 
v -22.814624786376953 15.189821243286133 -33.47062683105469 
v -22.625965118408203 15.189821243286133 -33.16215133666992 
v -22.777387619018555 15.252007484436035 -33.49552536010742 
v -22.58606719970703 15.252007484436035 -33.18428421020508 
v -22.777387619018555 15.252007484436035 -33.49552536010742 
v -22.58606719970703 15.252007484436035 -33.18428421020508 
v -22.754589080810547 15.213553428649902 -33.51212692260742 
v -22.561368942260742 15.213553428649902 -33.19673538208008 
v -22.561368942260742 15.213553428649902 -33.19673538208008 
v -22.406147003173828 15.213553428649902 -32.85921096801758 
v -22.58606719970703 15.175100326538086 -33.18428421020508 
v -22.432174682617188 15.175100326538086 -32.84814453125 
v -24.370073318481445 15.252007484436035 -34.672706604003906 
v -24.734283447265625 15.252007484436035 -34.765384674072266 
v -24.383941650390625 15.189821243286133 -34.62982177734375 
v -24.742643356323242 15.189821243286133 -34.72111892700195 
v -22.432174682617188 15.252007484436035 -32.84814453125 
v -22.58606719970703 15.252007484436035 -33.18428421020508 
v -22.474353790283203 15.189821243286133 -32.831546783447266 
v -22.625965118408203 15.189821243286133 -33.16215133666992 
v -22.58606719970703 15.252007484436035 -33.18428421020508 
v -22.432174682617188 15.252007484436035 -32.84814453125 
v -22.561368942260742 15.213553428649902 -33.19673538208008 
v -22.406147003173828 15.213553428649902 -32.85921096801758 
v -22.406147003173828 15.213553428649902 -32.85921096801758 
v -22.291582107543945 15.213553428649902 -32.49955749511719 
v -22.432174682617188 15.175100326538086 -32.84814453125 
v -22.318561553955078 15.175100326538086 -32.49264144897461 
v -22.432174682617188 15.175100326538086 -32.84814453125 
v -22.318561553955078 15.175100326538086 -32.49264144897461 
v -22.474353790283203 15.189821243286133 -32.831546783447266 
v -22.362449645996094 15.189821243286133 -32.48157501220703 
v -22.318561553955078 15.252007484436035 -32.49264144897461 
v -22.432174682617188 15.252007484436035 -32.84814453125 
v -22.362449645996094 15.189821243286133 -32.48157501220703 
v -22.474353790283203 15.189821243286133 -32.831546783447266 
v -22.291582107543945 15.213553428649902 -32.49955749511719 
v -22.406147003173828 15.213553428649902 -32.85921096801758 
v -22.318561553955078 15.252007484436035 -32.49264144897461 
v -22.432174682617188 15.252007484436035 -32.84814453125 
v -22.291582107543945 15.213553428649902 -32.49955749511719 
v -22.22071647644043 15.213553428649902 -32.12468338012695 
v -22.318561553955078 15.175100326538086 -32.49264144897461 
v -22.248455047607422 15.175100326538086 -32.12053680419922 
v -22.318561553955078 15.175100326538086 -32.49264144897461 
v -22.248455047607422 15.175100326538086 -32.12053680419922 
v -22.362449645996094 15.189821243286133 -32.48157501220703 
v -22.293292999267578 15.189821243286133 -32.1150016784668 
v -22.362449645996094 15.189821243286133 -32.48157501220703 
v -22.293292999267578 15.189821243286133 -32.1150016784668 
v -22.318561553955078 15.252007484436035 -32.49264144897461 
v -22.248455047607422 15.252007484436035 -32.12053680419922 
v -22.22071647644043 15.213553428649902 -32.12468338012695 
v -22.291582107543945 15.213553428649902 -32.49955749511719 
v -22.248455047607422 15.252007484436035 -32.12053680419922 
v -22.318561553955078 15.252007484436035 -32.49264144897461 
v -27.375715255737305 15.213553428649902 9.693554878234863 
v -27.086740493774414 15.213553428649902 9.921797752380371 
v -27.35728645324707 15.252007484436035 9.672805786132812 
v -27.070781707763672 15.252007484436035 9.898282051086426 
v -22.224327087402344 15.175100326538086 -31.73459815979004 
v -22.26954460144043 15.189821243286133 -31.73459815979004 
v -22.248455047607422 15.175100326538086 -32.12053680419922 
v -22.293292999267578 15.189821243286133 -32.1150016784668 
v -22.26954460144043 15.189821243286133 -31.73459815979004 
v -22.224327087402344 15.252007484436035 -31.73459815979004 
v -22.293292999267578 15.189821243286133 -32.1150016784668 
v -22.248455047607422 15.252007484436035 -32.12053680419922 
v -22.224327087402344 15.252007484436035 -31.73459815979004 
v -22.19639778137207 15.213553428649902 -31.73459815979004 
v -22.248455047607422 15.252007484436035 -32.12053680419922 
v -22.22071647644043 15.213553428649902 -32.12468338012695 
v -22.954458236694336 19.25665283203125 -31.437191009521484 
v -22.93583869934082 19.25665283203125 -31.73459815979004 
v -22.90962028503418 19.271373748779297 -31.431657791137695 
v -22.890621185302734 19.271373748779297 -31.73459815979004 
v -22.93583869934082 19.25665283203125 -31.73459815979004 
v -22.954458236694336 19.25665283203125 -31.437191009521484 
v -22.963956832885742 19.295106887817383 -31.73459815979004 
v -22.982196807861328 19.295106887817383 -31.439956665039062 
v -22.93583869934082 19.333559036254883 -31.73459815979004 
v -22.954458236694336 19.333559036254883 -31.437191009521484 
v -25.159101486206055 19.333559036254883 -34.10279083251953 
v -25.309003829956055 19.333559036254883 -34.10694122314453 
v -25.160812377929688 19.295106887817383 -34.07512283325195 
v -25.309003829956055 19.295106887817383 -34.07927322387695 
v -25.159101486206055 19.25665283203125 -34.10279083251953 
v -25.309003829956055 19.25665283203125 -34.10694122314453 
v -25.459095001220703 19.333559036254883 -34.10279083251953 
v -25.457386016845703 19.295106887817383 -34.07512283325195 
v -25.459095001220703 19.25665283203125 -34.10279083251953 
v -22.93583869934082 19.333559036254883 -31.73459815979004 
v -22.954458236694336 19.333559036254883 -31.437191009521484 
v -22.890621185302734 19.318838119506836 -31.73459815979004 
v -22.90962028503418 19.318838119506836 -31.431657791137695 
v -22.90962028503418 19.271373748779297 -31.431657791137695 
v -22.890621185302734 19.271373748779297 -31.73459815979004 
v -22.90962028503418 19.318838119506836 -31.431657791137695 
v -22.890621185302734 19.318838119506836 -31.73459815979004 
v -24.866897583007812 19.333559036254883 5.034634113311768 
v -25.159101486206055 19.333559036254883 4.998668670654297 
v -24.872026443481445 19.295106887817383 5.062299728393555 
v -25.160812377929688 19.295106887817383 5.026334285736084 
v -24.866897583007812 19.25665283203125 5.034634113311768 
v -25.159101486206055 19.25665283203125 4.998668670654297 
v -23.00841522216797 19.25665283203125 -31.150848388671875 
v -22.954458236694336 19.25665283203125 -31.437191009521484 
v -22.964717864990234 19.271373748779297 -31.139781951904297 
v -22.90962028503418 19.271373748779297 -31.431657791137695 
v -22.954458236694336 19.333559036254883 -31.437191009521484 
v -23.00841522216797 19.333559036254883 -31.150848388671875 
v -22.90962028503418 19.318838119506836 -31.431657791137695 
v -22.964717864990234 19.318838119506836 -31.139781951904297 
v -22.90962028503418 19.271373748779297 -31.431657791137695 
v -22.90962028503418 19.318838119506836 -31.431657791137695 
v -22.964717864990234 19.271373748779297 -31.139781951904297 
v -22.964717864990234 19.318838119506836 -31.139781951904297 
v -23.095809936523438 19.333559036254883 -30.876956939697266 
v -23.00841522216797 19.333559036254883 -31.150848388671875 
v -23.12183952331543 19.295106887817383 -30.886640548706055 
v -23.03558349609375 19.295106887817383 -31.157766342163086 
v -23.095809936523438 19.25665283203125 -30.876956939697266 
v -23.00841522216797 19.25665283203125 -31.150848388671875 
v -22.964717864990234 19.271373748779297 -31.139781951904297 
v -22.964717864990234 19.318838119506836 -31.139781951904297 
v -23.053632736206055 19.271373748779297 -30.8603572845459 
v -23.053632736206055 19.318838119506836 -30.8603572845459 
v -23.214174270629883 19.333559036254883 -30.619665145874023 
v -23.095809936523438 19.333559036254883 -30.876956939697266 
v -23.238872528076172 19.295106887817383 -30.632116317749023 
v -23.12183952331543 19.295106887817383 -30.886640548706055 
v -23.214174270629883 19.25665283203125 -30.619665145874023 
v -23.095809936523438 19.25665283203125 -30.876956939697266 
v -23.095809936523438 19.333559036254883 -30.876956939697266 
v -23.214174270629883 19.333559036254883 -30.619665145874023 
v -23.053632736206055 19.318838119506836 -30.8603572845459 
v -23.17427635192871 19.318838119506836 -30.597532272338867 
v -23.053632736206055 19.271373748779297 -30.8603572845459 
v -23.053632736206055 19.318838119506836 -30.8603572845459 
v -23.17427635192871 19.271373748779297 -30.597532272338867 
v -23.17427635192871 19.318838119506836 -30.597532272338867 
v -24.370073318481445 15.175100326538086 -34.672706604003906 
v -24.734283447265625 15.175100326538086 -34.765384674072266 
v -24.36152458190918 15.213553428649902 -34.70037078857422 
v -24.729154586791992 15.213553428649902 -34.793052673339844 
v -23.32436752319336 19.318838119506836 -30.352691650390625 
v -23.17427635192871 19.318838119506836 -30.597532272338867 
v -23.36141586303711 19.333559036254883 -30.37897300720215 
v -23.214174270629883 19.333559036254883 -30.619665145874023 
v -23.17427635192871 19.271373748779297 -30.597532272338867 
v -23.17427635192871 19.318838119506836 -30.597532272338867 
v -23.32436752319336 19.271373748779297 -30.352691650390625 
v -23.32436752319336 19.318838119506836 -30.352691650390625 
v -23.53525733947754 19.25665283203125 -30.15903091430664 
v -23.36141586303711 19.25665283203125 -30.37897300720215 
v -23.50143814086914 19.271373748779297 -30.128597259521484 
v -23.32436752319336 19.271373748779297 -30.352691650390625 
v -23.095809936523438 19.25665283203125 -30.876956939697266 
v -23.00841522216797 19.25665283203125 -31.150848388671875 
v -23.053632736206055 19.271373748779297 -30.8603572845459 
v -22.964717864990234 19.271373748779297 -31.139781951904297 
v -23.36141586303711 19.333559036254883 -30.37897300720215 
v -23.214174270629883 19.333559036254883 -30.619665145874023 
v -23.3844051361084 19.295106887817383 -30.395572662353516 
v -23.238872528076172 19.295106887817383 -30.632116317749023 
v -23.36141586303711 19.25665283203125 -30.37897300720215 
v -23.214174270629883 19.25665283203125 -30.619665145874023 
v -23.53525733947754 19.333559036254883 -30.15903091430664 
v -23.36141586303711 19.333559036254883 -30.37897300720215 
v -23.556156158447266 19.295106887817383 -30.177013397216797 
v -23.3844051361084 19.295106887817383 -30.395572662353516 
v -23.53525733947754 19.25665283203125 -30.15903091430664 
v -23.36141586303711 19.25665283203125 -30.37897300720215 
v -23.36141586303711 19.333559036254883 -30.37897300720215 
v -23.53525733947754 19.333559036254883 -30.15903091430664 
v -23.32436752319336 19.318838119506836 -30.352691650390625 
v -23.50143814086914 19.318838119506836 -30.128597259521484 
v -23.32436752319336 19.271373748779297 -30.352691650390625 
v -23.32436752319336 19.318838119506836 -30.352691650390625 
v -23.50143814086914 19.271373748779297 -30.128597259521484 
v -23.50143814086914 19.318838119506836 -30.128597259521484 
v -23.53525733947754 19.25665283203125 -30.15903091430664 
v -23.840951919555664 19.25665283203125 -29.869922637939453 
v -23.556156158447266 19.295106887817383 -30.177013397216797 
v -23.858240127563477 19.295106887817383 -29.89205551147461 
v -23.53525733947754 19.333559036254883 -30.15903091430664 
v -23.840951919555664 19.333559036254883 -29.869922637939453 
v -23.81302261352539 19.318838119506836 -29.83534049987793 
v -23.50143814086914 19.318838119506836 -30.128597259521484 
v -23.840951919555664 19.333559036254883 -29.869922637939453 
v -23.53525733947754 19.333559036254883 -30.15903091430664 
v -23.50143814086914 19.271373748779297 -30.128597259521484 
v -23.50143814086914 19.318838119506836 -30.128597259521484 
v -23.81302261352539 19.271373748779297 -29.83534049987793 
v -23.81302261352539 19.318838119506836 -29.83534049987793 
v -23.840951919555664 19.25665283203125 -29.869922637939453 
v -23.53525733947754 19.25665283203125 -30.15903091430664 
v -23.81302261352539 19.271373748779297 -29.83534049987793 
v -23.50143814086914 19.271373748779297 -30.128597259521484 
v -26.234254837036133 15.189821243286133 4.470251560211182 
v -26.574716567993164 15.189821243286133 4.6030473709106445 
v -26.248125076293945 15.175100326538086 4.427369594573975 
v -26.59371566772461 15.175100326538086 4.561548709869385 
v -25.461946487426758 19.271373748779297 -34.1484375 
v -25.461946487426758 19.318838119506836 -34.1484375 
v -25.309003829956055 19.271373748779297 -34.152587890625 
v -25.309003829956055 19.318838119506836 -34.152587890625 
v -25.156251907348633 19.271373748779297 -34.1484375 
v -25.156251907348633 19.318838119506836 -34.1484375 
v -24.047849655151367 19.318838119506836 -29.67072868347168 
v -23.81302261352539 19.318838119506836 -29.83534049987793 
v -24.071598052978516 19.333559036254883 -29.709461212158203 
v -23.840951919555664 19.333559036254883 -29.869922637939453 
v -24.047849655151367 19.318838119506836 -29.67072868347168 
v -24.047849655151367 19.271373748779297 -29.67072868347168 
v -23.81302261352539 19.318838119506836 -29.83534049987793 
v -23.81302261352539 19.271373748779297 -29.83534049987793 
v -24.047849655151367 19.271373748779297 -29.67072868347168 
v -24.30205726623535 19.271373748779297 -29.535165786743164 
v -24.071598052978516 19.25665283203125 -29.709461212158203 
v -24.320865631103516 19.25665283203125 -29.5766658782959 
v -24.320865631103516 19.333559036254883 -29.5766658782959 
v -24.071598052978516 19.333559036254883 -29.709461212158203 
v -24.332454681396484 19.295106887817383 -29.601564407348633 
v -24.086227416992188 19.295106887817383 -29.73297691345215 
v -24.320865631103516 19.25665283203125 -29.5766658782959 
v -24.071598052978516 19.25665283203125 -29.709461212158203 
v -24.071598052978516 19.333559036254883 -29.709461212158203 
v -24.320865631103516 19.333559036254883 -29.5766658782959 
v -24.047849655151367 19.318838119506836 -29.67072868347168 
v -24.30205726623535 19.318838119506836 -29.535165786743164 
v -24.30205726623535 19.318838119506836 -29.535165786743164 
v -24.30205726623535 19.271373748779297 -29.535165786743164 
v -24.047849655151367 19.318838119506836 -29.67072868347168 
v -24.047849655151367 19.271373748779297 -29.67072868347168 
v -24.58666229248047 19.25665283203125 -29.472917556762695 
v -24.320865631103516 19.25665283203125 -29.5766658782959 
v -24.572982788085938 19.271373748779297 -29.430036544799805 
v -24.30205726623535 19.271373748779297 -29.535165786743164 
v -23.00841522216797 19.333559036254883 -31.150848388671875 
v -23.095809936523438 19.333559036254883 -30.876956939697266 
v -22.964717864990234 19.318838119506836 -31.139781951904297 
v -23.053632736206055 19.318838119506836 -30.8603572845459 
v -24.58666229248047 19.333559036254883 -29.472917556762695 
v -24.320865631103516 19.333559036254883 -29.5766658782959 
v -24.595211029052734 19.295106887817383 -29.50058364868164 
v -24.332454681396484 19.295106887817383 -29.601564407348633 
v -24.58666229248047 19.25665283203125 -29.472917556762695 
v -24.320865631103516 19.25665283203125 -29.5766658782959 
v -24.58666229248047 19.25665283203125 -29.472917556762695 
v -24.866897583007812 19.25665283203125 -29.40237045288086 
v -24.595211029052734 19.295106887817383 -29.50058364868164 
v -24.872026443481445 19.295106887817383 -29.430036544799805 
v -24.58666229248047 19.333559036254883 -29.472917556762695 
v -24.866897583007812 19.333559036254883 -29.40237045288086 
v -24.572982788085938 19.318838119506836 -29.430036544799805 
v -24.572982788085938 19.271373748779297 -29.430036544799805 
v -24.30205726623535 19.318838119506836 -29.535165786743164 
v -24.30205726623535 19.271373748779297 -29.535165786743164 
v -24.572982788085938 19.318838119506836 -29.430036544799805 
v -24.30205726623535 19.318838119506836 -29.535165786743164 
v -24.58666229248047 19.333559036254883 -29.472917556762695 
v -24.320865631103516 19.333559036254883 -29.5766658782959 
v -24.58666229248047 19.333559036254883 -29.472917556762695 
v -24.866897583007812 19.333559036254883 -29.40237045288086 
v -24.572982788085938 19.318838119506836 -29.430036544799805 
v -24.858537673950195 19.318838119506836 -29.358104705810547 
v -24.572982788085938 19.271373748779297 -29.430036544799805 
v -24.572982788085938 19.318838119506836 -29.430036544799805 
v -24.858537673950195 19.271373748779297 -29.358104705810547 
v -24.858537673950195 19.318838119506836 -29.358104705810547 
v -25.159101486206055 19.333559036254883 -29.366405487060547 
v -24.866897583007812 19.333559036254883 -29.40237045288086 
v -25.160812377929688 19.295106887817383 -29.394071578979492 
v -24.872026443481445 19.295106887817383 -29.430036544799805 
v -25.159101486206055 19.25665283203125 -29.366405487060547 
v -24.866897583007812 19.25665283203125 -29.40237045288086 
v -24.858537673950195 19.271373748779297 -29.358104705810547 
v -24.858537673950195 19.318838119506836 -29.358104705810547 
v -25.156251907348633 19.271373748779297 -29.320756912231445 
v -25.156251907348633 19.318838119506836 -29.320756912231445 
v -25.156251907348633 19.271373748779297 -29.320756912231445 
v -25.309003829956055 19.271373748779297 -29.315223693847656 
v -25.159101486206055 19.25665283203125 -29.366405487060547 
v -25.309003829956055 19.25665283203125 -29.360872268676758 
v -25.461946487426758 19.271373748779297 -29.320756912231445 
v -25.459095001220703 19.25665283203125 -29.366405487060547 
v -24.866897583007812 19.333559036254883 -29.40237045288086 
v -25.159101486206055 19.333559036254883 -29.366405487060547 
v -24.858537673950195 19.318838119506836 -29.358104705810547 
v -25.156251907348633 19.318838119506836 -29.320756912231445 
v -25.159101486206055 19.333559036254883 -29.366405487060547 
v -25.309003829956055 19.333559036254883 -29.360872268676758 
v -25.156251907348633 19.318838119506836 -29.320756912231445 
v -25.309003829956055 19.318838119506836 -29.315223693847656 
v -25.459095001220703 19.333559036254883 -29.366405487060547 
v -25.461946487426758 19.318838119506836 -29.320756912231445 
v -24.866897583007812 19.25665283203125 -29.40237045288086 
v -24.58666229248047 19.25665283203125 -29.472917556762695 
v -24.858537673950195 19.271373748779297 -29.358104705810547 
v -24.572982788085938 19.271373748779297 -29.430036544799805 
v -24.071598052978516 19.333559036254883 -29.709461212158203 
v -23.840951919555664 19.333559036254883 -29.869922637939453 
v -24.086227416992188 19.295106887817383 -29.73297691345215 
v -23.858240127563477 19.295106887817383 -29.89205551147461 
v -24.071598052978516 19.25665283203125 -29.709461212158203 
v -23.840951919555664 19.25665283203125 -29.869922637939453 
v -23.700359344482422 15.252007484436035 4.73445987701416 
v -24.02448081970215 15.252007484436035 4.561548709869385 
v -23.72410774230957 15.189821243286133 4.773192405700684 
v -24.043479919433594 15.189821243286133 4.6030473709106445 
v -25.461946487426758 19.318838119506836 -29.320756912231445 
v -25.461946487426758 19.271373748779297 -29.320756912231445 
v -25.309003829956055 19.318838119506836 -29.315223693847656 
v -25.309003829956055 19.271373748779297 -29.315223693847656 
v -25.156251907348633 19.318838119506836 -29.320756912231445 
v -25.156251907348633 19.271373748779297 -29.320756912231445 
v -25.751300811767578 19.25665283203125 -29.40237045288086 
v -25.459095001220703 19.25665283203125 -29.366405487060547 
v -25.759660720825195 19.271373748779297 -29.358104705810547 
v -25.461946487426758 19.271373748779297 -29.320756912231445 
v -25.751300811767578 19.333559036254883 -29.40237045288086 
v -25.459095001220703 19.333559036254883 -29.366405487060547 
v -25.746170043945312 19.295106887817383 -29.430036544799805 
v -25.457386016845703 19.295106887817383 -29.394071578979492 
v -25.751300811767578 19.25665283203125 -29.40237045288086 
v -25.459095001220703 19.25665283203125 -29.366405487060547 
v -25.459095001220703 19.333559036254883 -29.366405487060547 
v -25.751300811767578 19.333559036254883 -29.40237045288086 
v -25.461946487426758 19.318838119506836 -29.320756912231445 
v -25.759660720825195 19.318838119506836 -29.358104705810547 
v -25.461946487426758 19.271373748779297 -29.320756912231445 
v -25.461946487426758 19.318838119506836 -29.320756912231445 
v -25.759660720825195 19.271373748779297 -29.358104705810547 
v -25.759660720825195 19.318838119506836 -29.358104705810547 
v -25.459095001220703 19.333559036254883 -29.366405487060547 
v -25.309003829956055 19.333559036254883 -29.360872268676758 
v -25.457386016845703 19.295106887817383 -29.394071578979492 
v -25.309003829956055 19.295106887817383 -29.388538360595703 
v -25.459095001220703 19.25665283203125 -29.366405487060547 
v -25.309003829956055 19.25665283203125 -29.360872268676758 
v -25.159101486206055 19.333559036254883 -29.366405487060547 
v -25.160812377929688 19.295106887817383 -29.394071578979492 
v -25.159101486206055 19.25665283203125 -29.366405487060547 
v -25.759660720825195 19.271373748779297 -29.358104705810547 
v -25.759660720825195 19.318838119506836 -29.358104705810547 
v -26.045215606689453 19.271373748779297 -29.430036544799805 
v -26.045215606689453 19.318838119506836 -29.430036544799805 
v -26.045215606689453 19.271373748779297 -29.430036544799805 
v -26.31614112854004 19.271373748779297 -29.535165786743164 
v -26.031536102294922 19.25665283203125 -29.472917556762695 
v -26.297332763671875 19.25665283203125 -29.5766658782959 
v -26.031536102294922 19.25665283203125 -29.472917556762695 
v -26.297332763671875 19.25665283203125 -29.5766658782959 
v -26.022985458374023 19.295106887817383 -29.50058364868164 
v -26.285741806030273 19.295106887817383 -29.601564407348633 
v -26.031536102294922 19.333559036254883 -29.472917556762695 
v -26.297332763671875 19.333559036254883 -29.5766658782959 
v -26.031536102294922 19.333559036254883 -29.472917556762695 
v -26.297332763671875 19.333559036254883 -29.5766658782959 
v -26.045215606689453 19.318838119506836 -29.430036544799805 
v -26.31614112854004 19.318838119506836 -29.535165786743164 
v -26.546598434448242 19.25665283203125 -29.709461212158203 
v -26.297332763671875 19.25665283203125 -29.5766658782959 
v -26.57034683227539 19.271373748779297 -29.67072868347168 
v -26.31614112854004 19.271373748779297 -29.535165786743164 
v -26.045215606689453 19.271373748779297 -29.430036544799805 
v -26.045215606689453 19.318838119506836 -29.430036544799805 
v -26.31614112854004 19.271373748779297 -29.535165786743164 
v -26.31614112854004 19.318838119506836 -29.535165786743164 
v -26.546598434448242 19.333559036254883 -29.709461212158203 
v -26.297332763671875 19.333559036254883 -29.5766658782959 
v -26.53196907043457 19.295106887817383 -29.73297691345215 
v -26.285741806030273 19.295106887817383 -29.601564407348633 
v -26.546598434448242 19.25665283203125 -29.709461212158203 
v -26.297332763671875 19.25665283203125 -29.5766658782959 
v -26.57034683227539 19.318838119506836 -29.67072868347168 
v -26.57034683227539 19.271373748779297 -29.67072868347168 
v -26.31614112854004 19.318838119506836 -29.535165786743164 
v -26.31614112854004 19.271373748779297 -29.535165786743164 
v -26.777246475219727 19.25665283203125 -29.869922637939453 
v -26.546598434448242 19.25665283203125 -29.709461212158203 
v -26.80517578125 19.271373748779297 -29.83534049987793 
v -26.57034683227539 19.271373748779297 -29.67072868347168 
v -26.546598434448242 19.25665283203125 -29.709461212158203 
v -26.777246475219727 19.25665283203125 -29.869922637939453 
v -26.53196907043457 19.295106887817383 -29.73297691345215 
v -26.759958267211914 19.295106887817383 -29.89205551147461 
v -26.546598434448242 19.333559036254883 -29.709461212158203 
v -26.777246475219727 19.333559036254883 -29.869922637939453 
v -26.031536102294922 19.25665283203125 -29.472917556762695 
v -25.751300811767578 19.25665283203125 -29.40237045288086 
v -26.045215606689453 19.271373748779297 -29.430036544799805 
v -25.759660720825195 19.271373748779297 -29.358104705810547 
v -26.80517578125 19.318838119506836 -29.83534049987793 
v -26.57034683227539 19.318838119506836 -29.67072868347168 
v -26.777246475219727 19.333559036254883 -29.869922637939453 
v -26.546598434448242 19.333559036254883 -29.709461212158203 
v -27.08294105529785 19.25665283203125 -30.15903091430664 
v -26.777246475219727 19.25665283203125 -29.869922637939453 
v -27.116758346557617 19.271373748779297 -30.128597259521484 
v -26.80517578125 19.271373748779297 -29.83534049987793 
v -26.57034683227539 19.271373748779297 -29.67072868347168 
v -26.57034683227539 19.318838119506836 -29.67072868347168 
v -26.80517578125 19.271373748779297 -29.83534049987793 
v -26.80517578125 19.318838119506836 -29.83534049987793 
v -27.08294105529785 19.333559036254883 -30.15903091430664 
v -26.777246475219727 19.333559036254883 -29.869922637939453 
v -27.062042236328125 19.295106887817383 -30.177013397216797 
v -26.759958267211914 19.295106887817383 -29.89205551147461 
v -27.08294105529785 19.25665283203125 -30.15903091430664 
v -26.777246475219727 19.25665283203125 -29.869922637939453 
v -27.116758346557617 19.318838119506836 -30.128597259521484 
v -27.116758346557617 19.271373748779297 -30.128597259521484 
v -26.80517578125 19.318838119506836 -29.83534049987793 
v -26.80517578125 19.271373748779297 -29.83534049987793 
v -27.116758346557617 19.271373748779297 -30.128597259521484 
v -27.2938289642334 19.271373748779297 -30.352691650390625 
v -27.08294105529785 19.25665283203125 -30.15903091430664 
v -27.25678062438965 19.25665283203125 -30.37897300720215 
v -27.08294105529785 19.25665283203125 -30.15903091430664 
v -27.25678062438965 19.25665283203125 -30.37897300720215 
v -27.062042236328125 19.295106887817383 -30.177013397216797 
v -27.233793258666992 19.295106887817383 -30.395572662353516 
v -27.08294105529785 19.333559036254883 -30.15903091430664 
v -27.25678062438965 19.333559036254883 -30.37897300720215 
v -26.031536102294922 19.333559036254883 -29.472917556762695 
v -25.751300811767578 19.333559036254883 -29.40237045288086 
v -26.022985458374023 19.295106887817383 -29.50058364868164 
v -25.746170043945312 19.295106887817383 -29.430036544799805 
v -26.031536102294922 19.25665283203125 -29.472917556762695 
v -25.751300811767578 19.25665283203125 -29.40237045288086 
v -25.751300811767578 19.333559036254883 -29.40237045288086 
v -26.031536102294922 19.333559036254883 -29.472917556762695 
v -25.759660720825195 19.318838119506836 -29.358104705810547 
v -26.045215606689453 19.318838119506836 -29.430036544799805 
v -27.116758346557617 19.271373748779297 -30.128597259521484 
v -27.116758346557617 19.318838119506836 -30.128597259521484 
v -27.2938289642334 19.271373748779297 -30.352691650390625 
v -27.2938289642334 19.318838119506836 -30.352691650390625 
v -27.25678062438965 19.333559036254883 -30.37897300720215 
v -27.404024124145508 19.333559036254883 -30.619665145874023 
v -27.2938289642334 19.318838119506836 -30.352691650390625 
v -27.44392204284668 19.318838119506836 -30.597532272338867 
v -27.2938289642334 19.271373748779297 -30.352691650390625 
v -27.2938289642334 19.318838119506836 -30.352691650390625 
v -27.44392204284668 19.271373748779297 -30.597532272338867 
v -27.44392204284668 19.318838119506836 -30.597532272338867 
v -27.44392204284668 19.271373748779297 -30.597532272338867 
v -27.564565658569336 19.271373748779297 -30.8603572845459 
v -27.404024124145508 19.25665283203125 -30.619665145874023 
v -27.52238655090332 19.25665283203125 -30.876956939697266 
v -27.404024124145508 19.25665283203125 -30.619665145874023 
v -27.52238655090332 19.25665283203125 -30.876956939697266 
v -27.379323959350586 19.295106887817383 -30.632116317749023 
v -27.49635887145996 19.295106887817383 -30.886640548706055 
v -27.404024124145508 19.333559036254883 -30.619665145874023 
v -27.52238655090332 19.333559036254883 -30.876956939697266 
v -27.404024124145508 19.333559036254883 -30.619665145874023 
v -27.52238655090332 19.333559036254883 -30.876956939697266 
v -27.44392204284668 19.318838119506836 -30.597532272338867 
v -27.564565658569336 19.318838119506836 -30.8603572845459 
v -27.44392204284668 19.271373748779297 -30.597532272338867 
v -27.44392204284668 19.318838119506836 -30.597532272338867 
v -27.564565658569336 19.271373748779297 -30.8603572845459 
v -27.564565658569336 19.318838119506836 -30.8603572845459 
v -27.404024124145508 19.25665283203125 -30.619665145874023 
v -27.25678062438965 19.25665283203125 -30.37897300720215 
v -27.44392204284668 19.271373748779297 -30.597532272338867 
v -27.2938289642334 19.271373748779297 -30.352691650390625 
v -27.08294105529785 19.333559036254883 -30.15903091430664 
v -27.25678062438965 19.333559036254883 -30.37897300720215 
v -27.116758346557617 19.318838119506836 -30.128597259521484 
v -27.2938289642334 19.318838119506836 -30.352691650390625 
v -27.609783172607422 19.25665283203125 -31.150848388671875 
v -27.52238655090332 19.25665283203125 -30.876956939697266 
v -27.653480529785156 19.271373748779297 -31.139781951904297 
v -27.564565658569336 19.271373748779297 -30.8603572845459 
v -25.461946487426758 19.318838119506836 -34.1484375 
v -25.461946487426758 19.271373748779297 -34.1484375 
v -25.759660720825195 19.318838119506836 -34.11109161376953 
v -25.759660720825195 19.271373748779297 -34.11109161376953 
v -27.609783172607422 19.333559036254883 -31.150848388671875 
v -27.52238655090332 19.333559036254883 -30.876956939697266 
v -27.58261489868164 19.295106887817383 -31.157766342163086 
v -27.49635887145996 19.295106887817383 -30.886640548706055 
v -27.609783172607422 19.25665283203125 -31.150848388671875 
v -27.52238655090332 19.25665283203125 -30.876956939697266 
v -27.653480529785156 19.318838119506836 -31.139781951904297 
v -27.564565658569336 19.318838119506836 -30.8603572845459 
v -27.609783172607422 19.333559036254883 -31.150848388671875 
v -27.52238655090332 19.333559036254883 -30.876956939697266 
v -27.564565658569336 19.271373748779297 -30.8603572845459 
v -27.564565658569336 19.318838119506836 -30.8603572845459 
v -27.653480529785156 19.271373748779297 -31.139781951904297 
v -27.653480529785156 19.318838119506836 -31.139781951904297 
v -27.653480529785156 19.271373748779297 -31.139781951904297 
v -27.70857810974121 19.271373748779297 -31.431657791137695 
v -27.609783172607422 19.25665283203125 -31.150848388671875 
v -27.663740158081055 19.25665283203125 -31.437191009521484 
v -27.609783172607422 19.25665283203125 -31.150848388671875 
v -27.663740158081055 19.25665283203125 -31.437191009521484 
v -27.58261489868164 19.295106887817383 -31.157766342163086 
v -27.636001586914062 19.295106887817383 -31.439956665039062 
v -27.609783172607422 19.333559036254883 -31.150848388671875 
v -27.663740158081055 19.333559036254883 -31.437191009521484 
v -27.68235969543457 19.25665283203125 -31.73459815979004 
v -27.663740158081055 19.25665283203125 -31.437191009521484 
v -27.727577209472656 19.271373748779297 -31.73459815979004 
v -27.70857810974121 19.271373748779297 -31.431657791137695 
v -27.609783172607422 19.333559036254883 -31.150848388671875 
v -27.663740158081055 19.333559036254883 -31.437191009521484 
v -27.653480529785156 19.318838119506836 -31.139781951904297 
v -27.70857810974121 19.318838119506836 -31.431657791137695 
v -25.461946487426758 19.318838119506836 -34.1484375 
v -25.759660720825195 19.318838119506836 -34.11109161376953 
v -25.459095001220703 19.333559036254883 -34.10279083251953 
v -25.751300811767578 19.333559036254883 -34.06682586669922 
v -27.68235969543457 19.333559036254883 -31.73459815979004 
v -27.663740158081055 19.333559036254883 -31.437191009521484 
v -27.654239654541016 19.295106887817383 -31.73459815979004 
v -27.636001586914062 19.295106887817383 -31.439956665039062 
v -27.68235969543457 19.25665283203125 -31.73459815979004 
v -27.663740158081055 19.25665283203125 -31.437191009521484 
v -27.663740158081055 19.333559036254883 -31.437191009521484 
v -27.68235969543457 19.333559036254883 -31.73459815979004 
v -27.70857810974121 19.318838119506836 -31.431657791137695 
v -27.727577209472656 19.318838119506836 -31.73459815979004 
v -27.727577209472656 19.271373748779297 -31.73459815979004 
v -27.70857810974121 19.271373748779297 -32.03753662109375 
v -27.68235969543457 19.25665283203125 -31.73459815979004 
v -27.663740158081055 19.25665283203125 -32.032005310058594 
v -27.70857810974121 19.271373748779297 -31.431657791137695 
v -27.70857810974121 19.318838119506836 -31.431657791137695 
v -27.727577209472656 19.271373748779297 -31.73459815979004 
v -27.727577209472656 19.318838119506836 -31.73459815979004 
v -27.663740158081055 19.333559036254883 -32.032005310058594 
v -27.68235969543457 19.333559036254883 -31.73459815979004 
v -27.636001586914062 19.295106887817383 -32.027854919433594 
v -27.654239654541016 19.295106887817383 -31.73459815979004 
v -27.663740158081055 19.25665283203125 -32.032005310058594 
v -27.68235969543457 19.25665283203125 -31.73459815979004 
v -27.68235969543457 19.333559036254883 -31.73459815979004 
v -27.663740158081055 19.333559036254883 -32.032005310058594 
v -27.727577209472656 19.318838119506836 -31.73459815979004 
v -27.70857810974121 19.318838119506836 -32.03753662109375 
v -27.727577209472656 19.271373748779297 -31.73459815979004 
v -27.727577209472656 19.318838119506836 -31.73459815979004 
v -27.70857810974121 19.271373748779297 -32.03753662109375 
v -27.70857810974121 19.318838119506836 -32.03753662109375 
v -27.609783172607422 19.333559036254883 -32.31834411621094 
v -27.663740158081055 19.333559036254883 -32.032005310058594 
v -27.58261489868164 19.295106887817383 -32.31142807006836 
v -27.636001586914062 19.295106887817383 -32.027854919433594 
v -27.609783172607422 19.25665283203125 -32.31834411621094 
v -27.663740158081055 19.25665283203125 -32.032005310058594 
v -27.663740158081055 19.333559036254883 -32.032005310058594 
v -27.609783172607422 19.333559036254883 -32.31834411621094 
v -27.70857810974121 19.318838119506836 -32.03753662109375 
v -27.653480529785156 19.318838119506836 -32.329410552978516 
v -27.70857810974121 19.271373748779297 -32.03753662109375 
v -27.70857810974121 19.318838119506836 -32.03753662109375 
v -27.653480529785156 19.271373748779297 -32.329410552978516 
v -27.653480529785156 19.318838119506836 -32.329410552978516 
v -27.653480529785156 19.271373748779297 -32.329410552978516 
v -27.564565658569336 19.271373748779297 -32.607452392578125 
v -27.609783172607422 19.25665283203125 -32.31834411621094 
v -27.52238655090332 19.25665283203125 -32.59085464477539 
v -27.52238655090332 19.333559036254883 -32.59085464477539 
v -27.609783172607422 19.333559036254883 -32.31834411621094 
v -27.49635887145996 19.295106887817383 -32.58116912841797 
v -27.58261489868164 19.295106887817383 -32.31142807006836 
v -27.52238655090332 19.25665283203125 -32.59085464477539 
v -27.609783172607422 19.25665283203125 -32.31834411621094 
v -27.609783172607422 19.333559036254883 -32.31834411621094 
v -27.52238655090332 19.333559036254883 -32.59085464477539 
v -27.653480529785156 19.318838119506836 -32.329410552978516 
v -27.564565658569336 19.318838119506836 -32.607452392578125 
v -27.653480529785156 19.271373748779297 -32.329410552978516 
v -27.653480529785156 19.318838119506836 -32.329410552978516 
v -27.564565658569336 19.271373748779297 -32.607452392578125 
v -27.564565658569336 19.318838119506836 -32.607452392578125 
v -27.404024124145508 19.25665283203125 -32.84952926635742 
v -27.52238655090332 19.25665283203125 -32.59085464477539 
v -27.44392204284668 19.271373748779297 -32.870277404785156 
v -27.564565658569336 19.271373748779297 -32.607452392578125 
v -26.248125076293945 15.175100326538086 4.427369594573975 
v -26.59371566772461 15.175100326538086 4.561548709869385 
v -26.25667381286621 15.213553428649902 4.401087284088135 
v -26.605304718017578 15.213553428649902 4.536649703979492 
v -27.44392204284668 19.318838119506836 -32.870277404785156 
v -27.564565658569336 19.318838119506836 -32.607452392578125 
v -27.404024124145508 19.333559036254883 -32.84952926635742 
v -27.52238655090332 19.333559036254883 -32.59085464477539 
v -27.44392204284668 19.318838119506836 -32.870277404785156 
v -27.44392204284668 19.271373748779297 -32.870277404785156 
v -27.564565658569336 19.318838119506836 -32.607452392578125 
v -27.564565658569336 19.271373748779297 -32.607452392578125 
v -27.44392204284668 19.271373748779297 -32.870277404785156 
v -27.2938289642334 19.271373748779297 -33.11511993408203 
v -27.404024124145508 19.25665283203125 -32.84952926635742 
v -27.25678062438965 19.25665283203125 -33.0902214050293 
v -27.404024124145508 19.25665283203125 -32.84952926635742 
v -27.25678062438965 19.25665283203125 -33.0902214050293 
v -27.379323959350586 19.295106887817383 -32.835697174072266 
v -27.233793258666992 19.295106887817383 -33.07362365722656 
v -27.404024124145508 19.333559036254883 -32.84952926635742 
v -27.25678062438965 19.333559036254883 -33.0902214050293 
v -27.404024124145508 19.333559036254883 -32.84952926635742 
v -27.52238655090332 19.333559036254883 -32.59085464477539 
v -27.379323959350586 19.295106887817383 -32.835697174072266 
v -27.49635887145996 19.295106887817383 -32.58116912841797 
v -27.404024124145508 19.25665283203125 -32.84952926635742 
v -27.52238655090332 19.25665283203125 -32.59085464477539 
v -27.2938289642334 19.318838119506836 -33.11511993408203 
v -27.44392204284668 19.318838119506836 -32.870277404785156 
v -27.25678062438965 19.333559036254883 -33.0902214050293 
v -27.404024124145508 19.333559036254883 -32.84952926635742 
v -27.44392204284668 19.271373748779297 -32.870277404785156 
v -27.44392204284668 19.318838119506836 -32.870277404785156 
v -27.2938289642334 19.271373748779297 -33.11511993408203 
v -27.2938289642334 19.318838119506836 -33.11511993408203 
v -25.159101486206055 19.333559036254883 4.998668670654297 
v -25.309003829956055 19.333559036254883 4.993135452270508 
v -25.160812377929688 19.295106887817383 5.026334285736084 
v -25.309003829956055 19.295106887817383 5.020801067352295 
v -25.159101486206055 19.25665283203125 4.998668670654297 
v -25.309003829956055 19.25665283203125 4.993135452270508 
v -25.459095001220703 19.333559036254883 4.998668670654297 
v -25.457386016845703 19.295106887817383 5.026334285736084 
v -25.459095001220703 19.25665283203125 4.998668670654297 
v -27.08294105529785 19.25665283203125 -33.31016540527344 
v -27.25678062438965 19.25665283203125 -33.0902214050293 
v -27.116758346557617 19.271373748779297 -33.340599060058594 
v -27.2938289642334 19.271373748779297 -33.11511993408203 
v -27.116758346557617 19.318838119506836 -33.340599060058594 
v -27.2938289642334 19.318838119506836 -33.11511993408203 
v -27.08294105529785 19.333559036254883 -33.31016540527344 
v -27.25678062438965 19.333559036254883 -33.0902214050293 
v -27.2938289642334 19.271373748779297 -33.11511993408203 
v -27.2938289642334 19.318838119506836 -33.11511993408203 
v -27.116758346557617 19.271373748779297 -33.340599060058594 
v -27.116758346557617 19.318838119506836 -33.340599060058594 
v -26.777246475219727 19.25665283203125 -33.5978889465332 
v -27.08294105529785 19.25665283203125 -33.31016540527344 
v -26.80517578125 19.271373748779297 -33.633853912353516 
v -27.116758346557617 19.271373748779297 -33.340599060058594 
v -27.08294105529785 19.333559036254883 -33.31016540527344 
v -26.777246475219727 19.333559036254883 -33.5978889465332 
v -27.116758346557617 19.318838119506836 -33.340599060058594 
v -26.80517578125 19.318838119506836 -33.633853912353516 
v -27.35728645324707 15.175100326538086 9.672805786132812 
v -27.070781707763672 15.175100326538086 9.898282051086426 
v -27.375715255737305 15.213553428649902 9.693554878234863 
v -27.086740493774414 15.213553428649902 9.921797752380371 
v -25.751300811767578 19.25665283203125 -34.06682586669922 
v -25.459095001220703 19.25665283203125 -34.10279083251953 
v -25.746170043945312 19.295106887817383 -34.03915786743164 
v -25.457386016845703 19.295106887817383 -34.07512283325195 
v -25.751300811767578 19.333559036254883 -34.06682586669922 
v -25.459095001220703 19.333559036254883 -34.10279083251953 
v -26.546598434448242 19.333559036254883 -33.75835037231445 
v -26.777246475219727 19.333559036254883 -33.5978889465332 
v -26.53196907043457 19.295106887817383 -33.73483657836914 
v -26.759958267211914 19.295106887817383 -33.57575607299805 
v -26.546598434448242 19.25665283203125 -33.75835037231445 
v -26.777246475219727 19.25665283203125 -33.5978889465332 
v -26.777246475219727 19.333559036254883 -33.5978889465332 
v -26.546598434448242 19.333559036254883 -33.75835037231445 
v -26.80517578125 19.318838119506836 -33.633853912353516 
v -26.57034683227539 19.318838119506836 -33.797080993652344 
v -26.57034683227539 19.318838119506836 -33.797080993652344 
v -26.57034683227539 19.271373748779297 -33.797080993652344 
v -26.80517578125 19.318838119506836 -33.633853912353516 
v -26.80517578125 19.271373748779297 -33.633853912353516 
v -26.57034683227539 19.271373748779297 -33.797080993652344 
v -26.31614112854004 19.271373748779297 -33.93264389038086 
v -26.546598434448242 19.25665283203125 -33.75835037231445 
v -26.297332763671875 19.25665283203125 -33.89252853393555 
v -26.546598434448242 19.25665283203125 -33.75835037231445 
v -26.297332763671875 19.25665283203125 -33.89252853393555 
v -26.53196907043457 19.295106887817383 -33.73483657836914 
v -26.285741806030273 19.295106887817383 -33.866249084472656 
v -26.546598434448242 19.333559036254883 -33.75835037231445 
v -26.297332763671875 19.333559036254883 -33.89252853393555 
v -26.546598434448242 19.25665283203125 -33.75835037231445 
v -26.777246475219727 19.25665283203125 -33.5978889465332 
v -26.57034683227539 19.271373748779297 -33.797080993652344 
v -26.80517578125 19.271373748779297 -33.633853912353516 
v -26.57034683227539 19.271373748779297 -33.797080993652344 
v -26.57034683227539 19.318838119506836 -33.797080993652344 
v -26.31614112854004 19.271373748779297 -33.93264389038086 
v -26.31614112854004 19.318838119506836 -33.93264389038086 
v -26.031536102294922 19.25665283203125 -33.99489212036133 
v -26.297332763671875 19.25665283203125 -33.89252853393555 
v -26.045215606689453 19.271373748779297 -34.037776947021484 
v -26.31614112854004 19.271373748779297 -33.93264389038086 
v -26.031536102294922 19.333559036254883 -33.99489212036133 
v -26.297332763671875 19.333559036254883 -33.89252853393555 
v -26.022985458374023 19.295106887817383 -33.96861267089844 
v -26.285741806030273 19.295106887817383 -33.866249084472656 
v -26.031536102294922 19.25665283203125 -33.99489212036133 
v -26.297332763671875 19.25665283203125 -33.89252853393555 
v -26.045215606689453 19.318838119506836 -34.037776947021484 
v -26.31614112854004 19.318838119506836 -33.93264389038086 
v -26.031536102294922 19.333559036254883 -33.99489212036133 
v -26.297332763671875 19.333559036254883 -33.89252853393555 
v -25.759660720825195 19.318838119506836 -34.11109161376953 
v -25.759660720825195 19.271373748779297 -34.11109161376953 
v -26.045215606689453 19.318838119506836 -34.037776947021484 
v -26.045215606689453 19.271373748779297 -34.037776947021484 
v -26.045215606689453 19.318838119506836 -34.037776947021484 
v -26.045215606689453 19.271373748779297 -34.037776947021484 
v -26.31614112854004 19.318838119506836 -33.93264389038086 
v -26.31614112854004 19.271373748779297 -33.93264389038086 
v -25.751300811767578 19.333559036254883 -34.06682586669922 
v -26.031536102294922 19.333559036254883 -33.99489212036133 
v -25.746170043945312 19.295106887817383 -34.03915786743164 
v -26.022985458374023 19.295106887817383 -33.96861267089844 
v -25.751300811767578 19.25665283203125 -34.06682586669922 
v -26.031536102294922 19.25665283203125 -33.99489212036133 
v -25.759660720825195 19.318838119506836 -34.11109161376953 
v -26.045215606689453 19.318838119506836 -34.037776947021484 
v -25.751300811767578 19.333559036254883 -34.06682586669922 
v -26.031536102294922 19.333559036254883 -33.99489212036133 
v -26.80517578125 19.318838119506836 -33.633853912353516 
v -26.80517578125 19.271373748779297 -33.633853912353516 
v -27.116758346557617 19.318838119506836 -33.340599060058594 
v -27.116758346557617 19.271373748779297 -33.340599060058594 
v -25.751300811767578 19.25665283203125 -34.06682586669922 
v -26.031536102294922 19.25665283203125 -33.99489212036133 
v -25.759660720825195 19.271373748779297 -34.11109161376953 
v -26.045215606689453 19.271373748779297 -34.037776947021484 
v -27.08294105529785 19.333559036254883 -33.31016540527344 
v -27.25678062438965 19.333559036254883 -33.0902214050293 
v -27.062042236328125 19.295106887817383 -33.29079818725586 
v -27.233793258666992 19.295106887817383 -33.07362365722656 
v -27.08294105529785 19.25665283203125 -33.31016540527344 
v -27.25678062438965 19.25665283203125 -33.0902214050293 
v -22.291582107543945 15.213553428649902 6.600518226623535 
v -22.406147003173828 15.213553428649902 6.242246150970459 
v -22.318561553955078 15.252007484436035 6.6074347496032715 
v -22.432174682617188 15.252007484436035 6.25192928314209 
v -25.159101486206055 19.25665283203125 4.998668670654297 
v -25.309003829956055 19.25665283203125 4.993135452270508 
v -25.156251907348633 19.271373748779297 4.953020095825195 
v -25.309003829956055 19.271373748779297 4.947486877441406 
v -25.459095001220703 19.25665283203125 4.998668670654297 
v -25.461946487426758 19.271373748779297 4.953020095825195 
v -27.086740493774414 15.213553428649902 9.921797752380371 
v -26.77173614501953 15.213553428649902 10.11407470703125 
v -27.070781707763672 15.252007484436035 9.898282051086426 
v -26.75862693786621 15.252007484436035 10.0891752243042 
v -27.070781707763672 15.252007484436035 9.898282051086426 
v -26.75862693786621 15.252007484436035 10.0891752243042 
v -27.04494285583496 15.189821243286133 9.860932350158691 
v -26.737348556518555 15.189821243286133 10.049059867858887 
v -25.459095001220703 19.333559036254883 4.998668670654297 
v -25.309003829956055 19.333559036254883 4.993135452270508 
v -25.461946487426758 19.318838119506836 4.953020095825195 
v -25.309003829956055 19.318838119506836 4.947486877441406 
v -25.159101486206055 19.333559036254883 4.998668670654297 
v -25.156251907348633 19.318838119506836 4.953020095825195 
v -24.866897583007812 19.25665283203125 5.034634113311768 
v -25.159101486206055 19.25665283203125 4.998668670654297 
v -24.858537673950195 19.271373748779297 4.990368843078613 
v -25.156251907348633 19.271373748779297 4.953020095825195 
v -25.459095001220703 19.25665283203125 -34.10279083251953 
v -25.751300811767578 19.25665283203125 -34.06682586669922 
v -25.461946487426758 19.271373748779297 -34.1484375 
v -25.759660720825195 19.271373748779297 -34.11109161376953 
v -26.546598434448242 19.333559036254883 -33.75835037231445 
v -26.297332763671875 19.333559036254883 -33.89252853393555 
v -26.57034683227539 19.318838119506836 -33.797080993652344 
v -26.31614112854004 19.318838119506836 -33.93264389038086 
v -23.72410774230957 15.189821243286133 4.773192405700684 
v -24.043479919433594 15.189821243286133 4.6030473709106445 
v -23.700359344482422 15.175100326538086 4.73445987701416 
v -24.02448081970215 15.175100326538086 4.561548709869385 
v -26.59371566772461 15.252007484436035 4.561548709869385 
v -26.91783905029297 15.252007484436035 4.73445987701416 
v -26.574716567993164 15.189821243286133 4.6030473709106445 
v -26.89409065246582 15.189821243286133 4.773192405700684 
v -27.070781707763672 15.175100326538086 9.898282051086426 
v -26.75862693786621 15.175100326538086 10.0891752243042 
v -27.086740493774414 15.213553428649902 9.921797752380371 
v -26.77173614501953 15.213553428649902 10.11407470703125 
v -25.759660720825195 19.271373748779297 4.990368843078613 
v -25.759660720825195 19.318838119506836 4.990368843078613 
v -25.461946487426758 19.271373748779297 4.953020095825195 
v -25.461946487426758 19.318838119506836 4.953020095825195 
v -25.461946487426758 19.318838119506836 4.953020095825195 
v -25.759660720825195 19.318838119506836 4.990368843078613 
v -25.459095001220703 19.333559036254883 4.998668670654297 
v -25.751300811767578 19.333559036254883 5.034634113311768 
v -23.36141586303711 19.25665283203125 -30.37897300720215 
v -23.214174270629883 19.25665283203125 -30.619665145874023 
v -23.32436752319336 19.271373748779297 -30.352691650390625 
v -23.17427635192871 19.271373748779297 -30.597532272338867 
v -27.08294105529785 19.25665283203125 -33.31016540527344 
v -26.777246475219727 19.25665283203125 -33.5978889465332 
v -27.062042236328125 19.295106887817383 -33.29079818725586 
v -26.759958267211914 19.295106887817383 -33.57575607299805 
v -27.08294105529785 19.333559036254883 -33.31016540527344 
v -26.777246475219727 19.333559036254883 -33.5978889465332 
v -26.77173614501953 15.213553428649902 10.11407470703125 
v -26.433555603027344 15.213553428649902 10.269002914428711 
v -26.75862693786621 15.252007484436035 10.0891752243042 
v -26.423295974731445 15.252007484436035 10.244104385375977 
v -26.574716567993164 15.189821243286133 4.6030473709106445 
v -26.89409065246582 15.189821243286133 4.773192405700684 
v -26.59371566772461 15.175100326538086 4.561548709869385 
v -26.91783905029297 15.175100326538086 4.73445987701416 
v -25.751300811767578 19.25665283203125 5.034634113311768 
v -25.459095001220703 19.25665283203125 4.998668670654297 
v -25.746170043945312 19.295106887817383 5.062299728393555 
v -25.457386016845703 19.295106887817383 5.026334285736084 
v -25.751300811767578 19.333559036254883 5.034634113311768 
v -25.459095001220703 19.333559036254883 4.998668670654297 
v -26.75862693786621 15.252007484436035 10.0891752243042 
v -26.423295974731445 15.252007484436035 10.244104385375977 
v -26.737348556518555 15.189821243286133 10.049059867858887 
v -26.40695571899414 15.189821243286133 10.20122241973877 
v -25.759660720825195 19.318838119506836 4.990368843078613 
v -25.759660720825195 19.271373748779297 4.990368843078613 
v -26.045215606689453 19.318838119506836 5.062299728393555 
v -26.045215606689453 19.271373748779297 5.062299728393555 
v -26.605304718017578 15.213553428649902 4.536649703979492 
v -26.93227767944336 15.213553428649902 4.710944175720215 
v -26.59371566772461 15.252007484436035 4.561548709869385 
v -26.91783905029297 15.252007484436035 4.73445987701416 
v -24.071598052978516 19.333559036254883 -33.75835037231445 
v -24.320865631103516 19.333559036254883 -33.89252853393555 
v -24.086227416992188 19.295106887817383 -33.73483657836914 
v -24.332454681396484 19.295106887817383 -33.866249084472656 
v -24.071598052978516 19.25665283203125 -33.75835037231445 
v -24.320865631103516 19.25665283203125 -33.89252853393555 
v -23.840951919555664 19.25665283203125 -33.5978889465332 
v -24.071598052978516 19.25665283203125 -33.75835037231445 
v -23.81302261352539 19.271373748779297 -33.633853912353516 
v -24.047849655151367 19.271373748779297 -33.797080993652344 
v -24.071598052978516 19.25665283203125 -33.75835037231445 
v -23.840951919555664 19.25665283203125 -33.5978889465332 
v -24.086227416992188 19.295106887817383 -33.73483657836914 
v -23.858240127563477 19.295106887817383 -33.57575607299805 
v -24.071598052978516 19.333559036254883 -33.75835037231445 
v -23.840951919555664 19.333559036254883 -33.5978889465332 
v -24.047849655151367 19.318838119506836 -33.797080993652344 
v -24.047849655151367 19.271373748779297 -33.797080993652344 
v -24.30205726623535 19.318838119506836 -33.93264389038086 
v -24.30205726623535 19.271373748779297 -33.93264389038086 
v -25.759660720825195 19.318838119506836 4.990368843078613 
v -26.045215606689453 19.318838119506836 5.062299728393555 
v -25.751300811767578 19.333559036254883 5.034634113311768 
v -26.031536102294922 19.333559036254883 5.105181694030762 
v -23.53525733947754 19.25665283203125 -33.31016540527344 
v -23.840951919555664 19.25665283203125 -33.5978889465332 
v -23.50143814086914 19.271373748779297 -33.340599060058594 
v -23.81302261352539 19.271373748779297 -33.633853912353516 
v -24.071598052978516 19.333559036254883 -33.75835037231445 
v -23.840951919555664 19.333559036254883 -33.5978889465332 
v -24.047849655151367 19.318838119506836 -33.797080993652344 
v -23.81302261352539 19.318838119506836 -33.633853912353516 
v -24.047849655151367 19.271373748779297 -33.797080993652344 
v -24.047849655151367 19.318838119506836 -33.797080993652344 
v -23.81302261352539 19.271373748779297 -33.633853912353516 
v -23.81302261352539 19.318838119506836 -33.633853912353516 
v -25.751300811767578 19.333559036254883 5.034634113311768 
v -26.031536102294922 19.333559036254883 5.105181694030762 
v -25.746170043945312 19.295106887817383 5.062299728393555 
v -26.022985458374023 19.295106887817383 5.132847785949707 
v -25.751300811767578 19.25665283203125 5.034634113311768 
v -26.031536102294922 19.25665283203125 5.105181694030762 
v -23.53525733947754 19.333559036254883 -33.31016540527344 
v -23.840951919555664 19.333559036254883 -33.5978889465332 
v -23.556156158447266 19.295106887817383 -33.29079818725586 
v -23.858240127563477 19.295106887817383 -33.57575607299805 
v -23.53525733947754 19.25665283203125 -33.31016540527344 
v -23.840951919555664 19.25665283203125 -33.5978889465332 
v -23.50143814086914 19.318838119506836 -33.340599060058594 
v -23.81302261352539 19.318838119506836 -33.633853912353516 
v -23.53525733947754 19.333559036254883 -33.31016540527344 
v -23.840951919555664 19.333559036254883 -33.5978889465332 
v -23.32436752319336 19.318838119506836 -33.11511993408203 
v -23.50143814086914 19.318838119506836 -33.340599060058594 
v -23.36141586303711 19.333559036254883 -33.0902214050293 
v -23.53525733947754 19.333559036254883 -33.31016540527344 
v -23.50143814086914 19.271373748779297 -33.340599060058594 
v -23.50143814086914 19.318838119506836 -33.340599060058594 
v -23.32436752319336 19.271373748779297 -33.11511993408203 
v -23.32436752319336 19.318838119506836 -33.11511993408203 
v -23.214174270629883 19.25665283203125 -32.84952926635742 
v -23.36141586303711 19.25665283203125 -33.0902214050293 
v -23.17427635192871 19.271373748779297 -32.870277404785156 
v -23.32436752319336 19.271373748779297 -33.11511993408203 
v -23.50143814086914 19.318838119506836 -33.340599060058594 
v -23.50143814086914 19.271373748779297 -33.340599060058594 
v -23.81302261352539 19.318838119506836 -33.633853912353516 
v -23.81302261352539 19.271373748779297 -33.633853912353516 
v -23.53525733947754 19.25665283203125 -33.31016540527344 
v -23.36141586303711 19.25665283203125 -33.0902214050293 
v -23.556156158447266 19.295106887817383 -33.29079818725586 
v -23.3844051361084 19.295106887817383 -33.07362365722656 
v -23.53525733947754 19.333559036254883 -33.31016540527344 
v -23.36141586303711 19.333559036254883 -33.0902214050293 
v -23.36141586303711 19.333559036254883 -33.0902214050293 
v -23.214174270629883 19.333559036254883 -32.84952926635742 
v -23.32436752319336 19.318838119506836 -33.11511993408203 
v -23.17427635192871 19.318838119506836 -32.870277404785156 
v -23.32436752319336 19.271373748779297 -33.11511993408203 
v -23.32436752319336 19.318838119506836 -33.11511993408203 
v -23.17427635192871 19.271373748779297 -32.870277404785156 
v -23.17427635192871 19.318838119506836 -32.870277404785156 
v -23.17427635192871 19.271373748779297 -32.870277404785156 
v -23.053632736206055 19.271373748779297 -32.607452392578125 
v -23.214174270629883 19.25665283203125 -32.84952926635742 
v -23.095809936523438 19.25665283203125 -32.59085464477539 
v -23.214174270629883 19.25665283203125 -32.84952926635742 
v -23.095809936523438 19.25665283203125 -32.59085464477539 
v -23.238872528076172 19.295106887817383 -32.835697174072266 
v -23.12183952331543 19.295106887817383 -32.58116912841797 
v -23.214174270629883 19.333559036254883 -32.84952926635742 
v -23.095809936523438 19.333559036254883 -32.59085464477539 
v -23.214174270629883 19.333559036254883 -32.84952926635742 
v -23.095809936523438 19.333559036254883 -32.59085464477539 
v -23.17427635192871 19.318838119506836 -32.870277404785156 
v -23.053632736206055 19.318838119506836 -32.607452392578125 
v -23.17427635192871 19.271373748779297 -32.870277404785156 
v -23.17427635192871 19.318838119506836 -32.870277404785156 
v -23.053632736206055 19.271373748779297 -32.607452392578125 
v -23.053632736206055 19.318838119506836 -32.607452392578125 
v -23.36141586303711 19.25665283203125 -33.0902214050293 
v -23.53525733947754 19.25665283203125 -33.31016540527344 
v -23.32436752319336 19.271373748779297 -33.11511993408203 
v -23.50143814086914 19.271373748779297 -33.340599060058594 
v -26.59371566772461 15.175100326538086 4.561548709869385 
v -26.91783905029297 15.175100326538086 4.73445987701416 
v -26.605304718017578 15.213553428649902 4.536649703979492 
v -26.93227767944336 15.213553428649902 4.710944175720215 
v -23.00841522216797 19.25665283203125 -32.31834411621094 
v -23.095809936523438 19.25665283203125 -32.59085464477539 
v -22.964717864990234 19.271373748779297 -32.329410552978516 
v -23.053632736206055 19.271373748779297 -32.607452392578125 
v -23.095809936523438 19.333559036254883 -32.59085464477539 
v -23.00841522216797 19.333559036254883 -32.31834411621094 
v -23.053632736206055 19.318838119506836 -32.607452392578125 
v -22.964717864990234 19.318838119506836 -32.329410552978516 
v -23.053632736206055 19.271373748779297 -32.607452392578125 
v -23.053632736206055 19.318838119506836 -32.607452392578125 
v -22.964717864990234 19.271373748779297 -32.329410552978516 
v -22.964717864990234 19.318838119506836 -32.329410552978516 
v -22.964717864990234 19.271373748779297 -32.329410552978516 
v -22.90962028503418 19.271373748779297 -32.03753662109375 
v -23.00841522216797 19.25665283203125 -32.31834411621094 
v -22.954458236694336 19.25665283203125 -32.032005310058594 
v -23.00841522216797 19.25665283203125 -32.31834411621094 
v -22.954458236694336 19.25665283203125 -32.032005310058594 
v -23.03558349609375 19.295106887817383 -32.31142807006836 
v -22.982196807861328 19.295106887817383 -32.027854919433594 
v -23.00841522216797 19.333559036254883 -32.31834411621094 
v -22.954458236694336 19.333559036254883 -32.032005310058594 
v -22.58606719970703 15.252007484436035 5.917172908782959 
v -22.777387619018555 15.252007484436035 5.604549407958984 
v -22.625965118408203 15.189821243286133 5.937922477722168 
v -22.814624786376953 15.189821243286133 5.630832195281982 
v -26.75862693786621 15.175100326538086 10.0891752243042 
v -26.423295974731445 15.175100326538086 10.244104385375977 
v -26.77173614501953 15.213553428649902 10.11407470703125 
v -26.433555603027344 15.213553428649902 10.269002914428711 
v -23.00841522216797 19.333559036254883 -32.31834411621094 
v -22.954458236694336 19.333559036254883 -32.032005310058594 
v -22.964717864990234 19.318838119506836 -32.329410552978516 
v -22.90962028503418 19.318838119506836 -32.03753662109375 
v -22.964717864990234 19.271373748779297 -32.329410552978516 
v -22.964717864990234 19.318838119506836 -32.329410552978516 
v -22.90962028503418 19.271373748779297 -32.03753662109375 
v -22.90962028503418 19.318838119506836 -32.03753662109375 
v -25.751300811767578 19.25665283203125 5.034634113311768 
v -26.031536102294922 19.25665283203125 5.105181694030762 
v -25.759660720825195 19.271373748779297 4.990368843078613 
v -26.045215606689453 19.271373748779297 5.062299728393555 
v -22.954458236694336 19.333559036254883 -32.032005310058594 
v -22.982196807861328 19.295106887817383 -32.027854919433594 
v -22.93583869934082 19.333559036254883 -31.73459815979004 
v -22.963956832885742 19.295106887817383 -31.73459815979004 
v -22.954458236694336 19.25665283203125 -32.032005310058594 
v -22.93583869934082 19.25665283203125 -31.73459815979004 
v -22.890621185302734 19.318838119506836 -31.73459815979004 
v -22.890621185302734 19.271373748779297 -31.73459815979004 
v -22.90962028503418 19.318838119506836 -32.03753662109375 
v -22.90962028503418 19.271373748779297 -32.03753662109375 
v -22.890621185302734 19.271373748779297 7.366860866546631 
v -22.90962028503418 19.271373748779297 7.669801235198975 
v -22.93583869934082 19.25665283203125 7.366860866546631 
v -22.954458236694336 19.25665283203125 7.664268493652344 
v -23.32436752319336 19.271373748779297 5.984954357147217 
v -23.17427635192871 19.271373748779297 6.229796409606934 
v -23.36141586303711 19.25665283203125 6.011236667633057 
v -23.214174270629883 19.25665283203125 6.25192928314209 
v -22.954458236694336 19.333559036254883 7.664268493652344 
v -22.93583869934082 19.333559036254883 7.366860866546631 
v -22.982196807861328 19.295106887817383 7.660118579864502 
v -22.963956832885742 19.295106887817383 7.366860866546631 
v -22.954458236694336 19.25665283203125 7.664268493652344 
v -22.93583869934082 19.25665283203125 7.366860866546631 
v -22.90962028503418 19.318838119506836 7.669801235198975 
v -22.890621185302734 19.318838119506836 7.366860866546631 
v -22.954458236694336 19.333559036254883 7.664268493652344 
v -22.93583869934082 19.333559036254883 7.366860866546631 
v -22.90962028503418 19.271373748779297 7.669801235198975 
v -22.890621185302734 19.271373748779297 7.366860866546631 
v -22.90962028503418 19.318838119506836 7.669801235198975 
v -22.890621185302734 19.318838119506836 7.366860866546631 
v -22.362449645996094 15.189821243286133 -30.986238479614258 
v -22.474353790283203 15.189821243286133 -30.63626480102539 
v -22.318561553955078 15.252007484436035 -30.97517204284668 
v -22.432174682617188 15.252007484436035 -30.619665145874023 
v -22.964717864990234 19.271373748779297 7.961675643920898 
v -23.053632736206055 19.271373748779297 8.239716529846191 
v -23.00841522216797 19.25665283203125 7.95060920715332 
v -23.095809936523438 19.25665283203125 8.22311782836914 
v -23.00841522216797 19.25665283203125 7.95060920715332 
v -23.095809936523438 19.25665283203125 8.22311782836914 
v -23.03558349609375 19.295106887817383 7.943692684173584 
v -23.12183952331543 19.295106887817383 8.213434219360352 
v -23.00841522216797 19.333559036254883 7.95060920715332 
v -23.095809936523438 19.333559036254883 8.22311782836914 
v -23.17427635192871 19.271373748779297 6.229796409606934 
v -23.053632736206055 19.271373748779297 6.492621421813965 
v -23.214174270629883 19.25665283203125 6.25192928314209 
v -23.095809936523438 19.25665283203125 6.509221076965332 
v -23.00841522216797 19.333559036254883 7.95060920715332 
v -23.095809936523438 19.333559036254883 8.22311782836914 
v -22.964717864990234 19.318838119506836 7.961675643920898 
v -23.053632736206055 19.318838119506836 8.239716529846191 
v -22.964717864990234 19.271373748779297 7.961675643920898 
v -22.964717864990234 19.318838119506836 7.961675643920898 
v -23.053632736206055 19.271373748779297 8.239716529846191 
v -23.053632736206055 19.318838119506836 8.239716529846191 
v -23.214174270629883 19.25665283203125 8.481792449951172 
v -23.095809936523438 19.25665283203125 8.22311782836914 
v -23.17427635192871 19.271373748779297 8.502542495727539 
v -23.053632736206055 19.271373748779297 8.239716529846191 
v -23.095809936523438 19.333559036254883 6.509221076965332 
v -23.214174270629883 19.333559036254883 6.25192928314209 
v -23.12183952331543 19.295106887817383 6.518904209136963 
v -23.238872528076172 19.295106887817383 6.264379024505615 
v -23.095809936523438 19.25665283203125 6.509221076965332 
v -23.214174270629883 19.25665283203125 6.25192928314209 
v -23.095809936523438 19.333559036254883 8.22311782836914 
v -23.214174270629883 19.333559036254883 8.481792449951172 
v -23.053632736206055 19.318838119506836 8.239716529846191 
v -23.17427635192871 19.318838119506836 8.502542495727539 
v -23.053632736206055 19.271373748779297 8.239716529846191 
v -23.053632736206055 19.318838119506836 8.239716529846191 
v -23.17427635192871 19.271373748779297 8.502542495727539 
v -23.17427635192871 19.318838119506836 8.502542495727539 
v -23.17427635192871 19.271373748779297 8.502542495727539 
v -23.32436752319336 19.271373748779297 8.747384071350098 
v -23.214174270629883 19.25665283203125 8.481792449951172 
v -23.36141586303711 19.25665283203125 8.722485542297363 
v -23.214174270629883 19.25665283203125 8.481792449951172 
v -23.36141586303711 19.25665283203125 8.722485542297363 
v -23.238872528076172 19.295106887817383 8.4679594039917 
v -23.3844051361084 19.295106887817383 8.705885887145996 
v -23.214174270629883 19.333559036254883 8.481792449951172 
v -23.36141586303711 19.333559036254883 8.722485542297363 
v -23.053632736206055 19.271373748779297 6.492621421813965 
v -22.964717864990234 19.271373748779297 6.772046089172363 
v -23.095809936523438 19.25665283203125 6.509221076965332 
v -23.00841522216797 19.25665283203125 6.783112525939941 
v -23.214174270629883 19.333559036254883 8.481792449951172 
v -23.36141586303711 19.333559036254883 8.722485542297363 
v -23.17427635192871 19.318838119506836 8.502542495727539 
v -23.32436752319336 19.318838119506836 8.747384071350098 
v -25.112363815307617 15.213553428649902 -28.627727508544922 
v -25.309003829956055 15.213553428649902 -28.622194290161133 
v -25.1142635345459 15.175100326538086 -28.655393600463867 
v -25.309003829956055 15.175100326538086 -28.649860382080078 
v -23.32436752319336 19.271373748779297 8.747384071350098 
v -23.50143814086914 19.271373748779297 8.972860336303711 
v -23.36141586303711 19.25665283203125 8.722485542297363 
v -23.53525733947754 19.25665283203125 8.942428588867188 
v -23.00841522216797 19.333559036254883 6.783112525939941 
v -23.095809936523438 19.333559036254883 6.509221076965332 
v -23.03558349609375 19.295106887817383 6.790029048919678 
v -23.12183952331543 19.295106887817383 6.518904209136963 
v -23.00841522216797 19.25665283203125 6.783112525939941 
v -23.095809936523438 19.25665283203125 6.509221076965332 
v -23.53525733947754 19.333559036254883 8.942428588867188 
v -23.36141586303711 19.333559036254883 8.722485542297363 
v -23.556156158447266 19.295106887817383 8.923062324523926 
v -23.3844051361084 19.295106887817383 8.705885887145996 
v -23.53525733947754 19.25665283203125 8.942428588867188 
v -23.36141586303711 19.25665283203125 8.722485542297363 
v -23.32436752319336 19.271373748779297 8.747384071350098 
v -23.32436752319336 19.318838119506836 8.747384071350098 
v -23.50143814086914 19.271373748779297 8.972860336303711 
v -23.50143814086914 19.318838119506836 8.972860336303711 
v -23.50143814086914 19.271373748779297 8.972860336303711 
v -23.81302261352539 19.271373748779297 9.266118049621582 
v -23.53525733947754 19.25665283203125 8.942428588867188 
v -23.840951919555664 19.25665283203125 9.230152130126953 
v -23.53525733947754 19.25665283203125 8.942428588867188 
v -23.840951919555664 19.25665283203125 9.230152130126953 
v -23.556156158447266 19.295106887817383 8.923062324523926 
v -23.858240127563477 19.295106887817383 9.208020210266113 
v -23.53525733947754 19.333559036254883 8.942428588867188 
v -23.840951919555664 19.333559036254883 9.230152130126953 
v -23.53525733947754 19.333559036254883 8.942428588867188 
v -23.840951919555664 19.333559036254883 9.230152130126953 
v -23.50143814086914 19.318838119506836 8.972860336303711 
v -23.81302261352539 19.318838119506836 9.266118049621582 
v -23.81302261352539 19.318838119506836 9.266118049621582 
v -23.81302261352539 19.271373748779297 9.266118049621582 
v -23.50143814086914 19.318838119506836 8.972860336303711 
v -23.50143814086914 19.271373748779297 8.972860336303711 
v -23.81302261352539 19.271373748779297 9.266118049621582 
v -24.047849655151367 19.271373748779297 9.429346084594727 
v -23.840951919555664 19.25665283203125 9.230152130126953 
v -24.071598052978516 19.25665283203125 9.39061450958252 
v -27.086740493774414 15.213553428649902 -29.17966079711914 
v -27.375715255737305 15.213553428649902 -29.40790367126465 
v -27.070781707763672 15.175100326538086 -29.203176498413086 
v -27.35728645324707 15.175100326538086 -29.428653717041016 
v -28.393871307373047 15.175100326538086 7.366860866546631 
v -28.387792587280273 15.175100326538086 7.5619049072265625 
v -28.42180061340332 15.213553428649902 7.366860866546631 
v -28.415719985961914 15.213553428649902 7.56328821182251 
v -27.753795623779297 15.213553428649902 -29.809057235717773 
v -27.964683532714844 15.213553428649902 -30.110614776611328 
v -27.73194694519043 15.175100326538086 -29.82565689086914 
v -27.940935134887695 15.175100326538086 -30.125831604003906 
v -24.071598052978516 19.25665283203125 9.39061450958252 
v -24.320865631103516 19.25665283203125 9.52479362487793 
v -24.086227416992188 19.295106887817383 9.367097854614258 
v -24.332454681396484 19.295106887817383 9.498510360717773 
v -24.071598052978516 19.333559036254883 9.39061450958252 
v -24.320865631103516 19.333559036254883 9.52479362487793 
v -22.890621185302734 19.271373748779297 7.366860866546631 
v -22.93583869934082 19.25665283203125 7.366860866546631 
v -22.90962028503418 19.271373748779297 7.063920497894287 
v -22.954458236694336 19.25665283203125 7.069453716278076 
v -24.071598052978516 19.333559036254883 9.39061450958252 
v -24.320865631103516 19.333559036254883 9.52479362487793 
v -24.047849655151367 19.318838119506836 9.429346084594727 
v -24.30205726623535 19.318838119506836 9.564908981323242 
v -24.047849655151367 19.271373748779297 9.429346084594727 
v -24.047849655151367 19.318838119506836 9.429346084594727 
v -24.30205726623535 19.271373748779297 9.564908981323242 
v -24.30205726623535 19.318838119506836 9.564908981323242 
v -24.30205726623535 19.271373748779297 9.564908981323242 
v -24.572982788085938 19.271373748779297 9.670039176940918 
v -24.320865631103516 19.25665283203125 9.52479362487793 
v -24.58666229248047 19.25665283203125 9.627157211303711 
v -22.954458236694336 19.333559036254883 7.069453716278076 
v -22.982196807861328 19.295106887817383 7.072220325469971 
v -22.93583869934082 19.333559036254883 7.366860866546631 
v -22.963956832885742 19.295106887817383 7.366860866546631 
v -22.954458236694336 19.25665283203125 7.069453716278076 
v -22.93583869934082 19.25665283203125 7.366860866546631 
v -24.58666229248047 19.333559036254883 9.627157211303711 
v -24.320865631103516 19.333559036254883 9.52479362487793 
v -24.595211029052734 19.295106887817383 9.600873947143555 
v -24.332454681396484 19.295106887817383 9.498510360717773 
v -24.58666229248047 19.25665283203125 9.627157211303711 
v -24.320865631103516 19.25665283203125 9.52479362487793 
v -24.572982788085938 19.318838119506836 9.670039176940918 
v -24.30205726623535 19.318838119506836 9.564908981323242 
v -24.58666229248047 19.333559036254883 9.627157211303711 
v -24.320865631103516 19.333559036254883 9.52479362487793 
v -24.30205726623535 19.271373748779297 9.564908981323242 
v -24.30205726623535 19.318838119506836 9.564908981323242 
v -24.572982788085938 19.271373748779297 9.670039176940918 
v -24.572982788085938 19.318838119506836 9.670039176940918 
v -24.866897583007812 19.25665283203125 9.699088096618652 
v -24.58666229248047 19.25665283203125 9.627157211303711 
v -24.858537673950195 19.271373748779297 9.743352890014648 
v -24.572982788085938 19.271373748779297 9.670039176940918 
v -24.866897583007812 19.333559036254883 9.699088096618652 
v -24.58666229248047 19.333559036254883 9.627157211303711 
v -24.872026443481445 19.295106887817383 9.671422004699707 
v -24.595211029052734 19.295106887817383 9.600873947143555 
v -24.866897583007812 19.25665283203125 9.699088096618652 
v -24.58666229248047 19.25665283203125 9.627157211303711 
v -24.58666229248047 19.333559036254883 9.627157211303711 
v -24.866897583007812 19.333559036254883 9.699088096618652 
v -24.572982788085938 19.318838119506836 9.670039176940918 
v -24.858537673950195 19.318838119506836 9.743352890014648 
v -24.858537673950195 19.318838119506836 9.743352890014648 
v -24.858537673950195 19.271373748779297 9.743352890014648 
v -24.572982788085938 19.318838119506836 9.670039176940918 
v -24.572982788085938 19.271373748779297 9.670039176940918 
v -25.159101486206055 19.25665283203125 9.735053062438965 
v -24.866897583007812 19.25665283203125 9.699088096618652 
v -25.156251907348633 19.271373748779297 9.780701637268066 
v -24.858537673950195 19.271373748779297 9.743352890014648 
v -22.248455047607422 15.252007484436035 7.752799034118652 
v -22.224327087402344 15.252007484436035 7.366860866546631 
v -22.293292999267578 15.189821243286133 7.747265815734863 
v -22.26954460144043 15.189821243286133 7.366860866546631 
v -25.156251907348633 19.318838119506836 9.780701637268066 
v -25.156251907348633 19.271373748779297 9.780701637268066 
v -24.858537673950195 19.318838119506836 9.743352890014648 
v -24.858537673950195 19.271373748779297 9.743352890014648 
v -22.318561553955078 15.175100326538086 8.124903678894043 
v -22.248455047607422 15.175100326538086 7.752799034118652 
v -22.291582107543945 15.213553428649902 8.131820678710938 
v -22.22071647644043 15.213553428649902 7.756948947906494 
v -22.248455047607422 15.175100326538086 7.752799034118652 
v -22.318561553955078 15.175100326538086 8.124903678894043 
v -22.293292999267578 15.189821243286133 7.747265815734863 
v -22.362449645996094 15.189821243286133 8.113837242126465 
v -27.863609313964844 15.213553428649902 -33.51212692260742 
v -27.635622024536133 15.213553428649902 -33.801231384277344 
v -27.840810775756836 15.175100326538086 -33.49552536010742 
v -27.614723205566406 15.175100326538086 -33.78186798095703 
v -25.156251907348633 19.271373748779297 9.780701637268066 
v -25.156251907348633 19.318838119506836 9.780701637268066 
v -25.309003829956055 19.271373748779297 9.784852027893066 
v -25.309003829956055 19.318838119506836 9.784852027893066 
v -25.461946487426758 19.271373748779297 9.780701637268066 
v -25.461946487426758 19.318838119506836 9.780701637268066 
v -22.318561553955078 15.252007484436035 8.124903678894043 
v -22.248455047607422 15.252007484436035 7.752799034118652 
v -22.362449645996094 15.189821243286133 8.113837242126465 
v -22.293292999267578 15.189821243286133 7.747265815734863 
v -22.248455047607422 15.252007484436035 7.752799034118652 
v -22.318561553955078 15.252007484436035 8.124903678894043 
v -22.22071647644043 15.213553428649902 7.756948947906494 
v -22.291582107543945 15.213553428649902 8.131820678710938 
v -22.291582107543945 15.213553428649902 8.131820678710938 
v -22.406147003173828 15.213553428649902 8.491476058959961 
v -22.318561553955078 15.175100326538086 8.124903678894043 
v -22.432174682617188 15.175100326538086 8.480409622192383 
v -25.459095001220703 19.333559036254883 9.735053062438965 
v -25.309003829956055 19.333559036254883 9.739203453063965 
v -25.457386016845703 19.295106887817383 9.707387924194336 
v -25.309003829956055 19.295106887817383 9.71153736114502 
v -25.459095001220703 19.25665283203125 9.735053062438965 
v -25.309003829956055 19.25665283203125 9.739203453063965 
v -25.159101486206055 19.333559036254883 9.735053062438965 
v -25.160812377929688 19.295106887817383 9.707387924194336 
v -25.159101486206055 19.25665283203125 9.735053062438965 
v -25.461946487426758 19.271373748779297 9.780701637268066 
v -25.759660720825195 19.271373748779297 9.743352890014648 
v -25.459095001220703 19.25665283203125 9.735053062438965 
v -25.751300811767578 19.25665283203125 9.699088096618652 
v -25.459095001220703 19.25665283203125 9.735053062438965 
v -25.751300811767578 19.25665283203125 9.699088096618652 
v -25.457386016845703 19.295106887817383 9.707387924194336 
v -25.746170043945312 19.295106887817383 9.671422004699707 
v -25.459095001220703 19.333559036254883 9.735053062438965 
v -25.751300811767578 19.333559036254883 9.699088096618652 
v -26.59371566772461 15.252007484436035 -34.53852462768555 
v -26.248125076293945 15.252007484436035 -34.672706604003906 
v -26.605304718017578 15.213553428649902 -34.5648078918457 
v -26.25667381286621 15.213553428649902 -34.70037078857422 
v -25.459095001220703 19.333559036254883 9.735053062438965 
v -25.751300811767578 19.333559036254883 9.699088096618652 
v -25.461946487426758 19.318838119506836 9.780701637268066 
v -25.759660720825195 19.318838119506836 9.743352890014648 
v -25.50393295288086 15.175100326538086 -34.812416076660156 
v -25.309003829956055 15.175100326538086 -34.8193359375 
v -25.50127410888672 15.189821243286133 -34.76815414428711 
v -25.309003829956055 15.189821243286133 -34.773685455322266 
v -25.1142635345459 15.175100326538086 -34.812416076660156 
v -25.116924285888672 15.189821243286133 -34.76815414428711 
v -26.031536102294922 19.333559036254883 9.627157211303711 
v -25.751300811767578 19.333559036254883 9.699088096618652 
v -26.022985458374023 19.295106887817383 9.600873947143555 
v -25.746170043945312 19.295106887817383 9.671422004699707 
v -26.031536102294922 19.25665283203125 9.627157211303711 
v -25.751300811767578 19.25665283203125 9.699088096618652 
v -26.045215606689453 19.318838119506836 9.670039176940918 
v -26.045215606689453 19.271373748779297 9.670039176940918 
v -25.759660720825195 19.318838119506836 9.743352890014648 
v -25.759660720825195 19.271373748779297 9.743352890014648 
v -26.045215606689453 19.271373748779297 9.670039176940918 
v -26.31614112854004 19.271373748779297 9.564908981323242 
v -26.031536102294922 19.25665283203125 9.627157211303711 
v -26.297332763671875 19.25665283203125 9.52479362487793 
v -25.1142635345459 15.252007484436035 -34.812416076660156 
v -24.734283447265625 15.252007484436035 -34.765384674072266 
v -25.112363815307617 15.213553428649902 -34.84146499633789 
v -24.729154586791992 15.213553428649902 -34.793052673339844 
v -26.31614112854004 19.318838119506836 9.564908981323242 
v -26.045215606689453 19.318838119506836 9.670039176940918 
v -26.297332763671875 19.333559036254883 9.52479362487793 
v -26.031536102294922 19.333559036254883 9.627157211303711 
v -26.546598434448242 19.25665283203125 9.39061450958252 
v -26.297332763671875 19.25665283203125 9.52479362487793 
v -26.57034683227539 19.271373748779297 9.429346084594727 
v -26.31614112854004 19.271373748779297 9.564908981323242 
v -26.297332763671875 19.25665283203125 9.52479362487793 
v -26.546598434448242 19.25665283203125 9.39061450958252 
v -26.285741806030273 19.295106887817383 9.498510360717773 
v -26.53196907043457 19.295106887817383 9.367097854614258 
v -26.297332763671875 19.333559036254883 9.52479362487793 
v -26.546598434448242 19.333559036254883 9.39061450958252 
v -22.814624786376953 15.189821243286133 9.102890014648438 
v -22.625965118408203 15.189821243286133 8.794416427612305 
v -22.777387619018555 15.175100326538086 9.127789497375488 
v -22.58606719970703 15.175100326538086 8.816549301147461 
v -28.299636840820312 15.175100326538086 6.6074347496032715 
v -28.18602180480957 15.175100326538086 6.25192928314209 
v -28.255748748779297 15.189821243286133 6.61850118637085 
v -28.143844604492188 15.189821243286133 6.268528461456299 
v -26.31614112854004 19.271373748779297 9.564908981323242 
v -26.31614112854004 19.318838119506836 9.564908981323242 
v -26.57034683227539 19.271373748779297 9.429346084594727 
v -26.57034683227539 19.318838119506836 9.429346084594727 
v -26.777246475219727 19.25665283203125 9.230152130126953 
v -26.546598434448242 19.25665283203125 9.39061450958252 
v -26.80517578125 19.271373748779297 9.266118049621582 
v -26.57034683227539 19.271373748779297 9.429346084594727 
v -26.546598434448242 19.25665283203125 9.39061450958252 
v -26.777246475219727 19.25665283203125 9.230152130126953 
v -26.53196907043457 19.295106887817383 9.367097854614258 
v -26.759958267211914 19.295106887817383 9.208020210266113 
v -26.546598434448242 19.333559036254883 9.39061450958252 
v -26.777246475219727 19.333559036254883 9.230152130126953 
v -26.546598434448242 19.333559036254883 9.39061450958252 
v -26.777246475219727 19.333559036254883 9.230152130126953 
v -26.57034683227539 19.318838119506836 9.429346084594727 
v -26.80517578125 19.318838119506836 9.266118049621582 
v -26.80517578125 19.318838119506836 9.266118049621582 
v -26.80517578125 19.271373748779297 9.266118049621582 
v -26.57034683227539 19.318838119506836 9.429346084594727 
v -26.57034683227539 19.271373748779297 9.429346084594727 
v -26.80517578125 19.271373748779297 9.266118049621582 
v -27.116758346557617 19.271373748779297 8.972860336303711 
v -26.777246475219727 19.25665283203125 9.230152130126953 
v -27.08294105529785 19.25665283203125 8.942428588867188 
v -26.777246475219727 19.25665283203125 9.230152130126953 
v -27.08294105529785 19.25665283203125 8.942428588867188 
v -26.759958267211914 19.295106887817383 9.208020210266113 
v -27.062042236328125 19.295106887817383 8.923062324523926 
v -26.777246475219727 19.333559036254883 9.230152130126953 
v -27.08294105529785 19.333559036254883 8.942428588867188 
v -27.116758346557617 19.318838119506836 8.972860336303711 
v -26.80517578125 19.318838119506836 9.266118049621582 
v -27.08294105529785 19.333559036254883 8.942428588867188 
v -26.777246475219727 19.333559036254883 9.230152130126953 
v -26.80517578125 19.271373748779297 9.266118049621582 
v -26.80517578125 19.318838119506836 9.266118049621582 
v -27.116758346557617 19.271373748779297 8.972860336303711 
v -27.116758346557617 19.318838119506836 8.972860336303711 
v -27.25678062438965 19.25665283203125 8.722485542297363 
v -27.08294105529785 19.25665283203125 8.942428588867188 
v -27.2938289642334 19.271373748779297 8.747384071350098 
v -27.116758346557617 19.271373748779297 8.972860336303711 
v -27.08294105529785 19.25665283203125 8.942428588867188 
v -27.25678062438965 19.25665283203125 8.722485542297363 
v -27.062042236328125 19.295106887817383 8.923062324523926 
v -27.233793258666992 19.295106887817383 8.705885887145996 
v -27.08294105529785 19.333559036254883 8.942428588867188 
v -27.25678062438965 19.333559036254883 8.722485542297363 
v -22.19639778137207 15.213553428649902 -31.73459815979004 
v -22.224327087402344 15.175100326538086 -31.73459815979004 
v -22.22071647644043 15.213553428649902 -32.12468338012695 
v -22.248455047607422 15.175100326538086 -32.12053680419922 
v -27.2938289642334 19.318838119506836 8.747384071350098 
v -27.116758346557617 19.318838119506836 8.972860336303711 
v -27.25678062438965 19.333559036254883 8.722485542297363 
v -27.08294105529785 19.333559036254883 8.942428588867188 
v -27.2938289642334 19.271373748779297 8.747384071350098 
v -27.44392204284668 19.271373748779297 8.502542495727539 
v -27.25678062438965 19.25665283203125 8.722485542297363 
v -27.404024124145508 19.25665283203125 8.481792449951172 
v -27.25678062438965 19.25665283203125 8.722485542297363 
v -27.404024124145508 19.25665283203125 8.481792449951172 
v -27.233793258666992 19.295106887817383 8.705885887145996 
v -27.379323959350586 19.295106887817383 8.4679594039917 
v -27.25678062438965 19.333559036254883 8.722485542297363 
v -27.404024124145508 19.333559036254883 8.481792449951172 
v -23.383455276489258 15.213553428649902 9.811134338378906 
v -22.982576370239258 15.213553428649902 9.433496475219727 
v -23.40074348449707 15.252007484436035 9.78900146484375 
v -23.003475189208984 15.252007484436035 9.414130210876465 
v -27.44392204284668 19.318838119506836 8.502542495727539 
v -27.2938289642334 19.318838119506836 8.747384071350098 
v -27.404024124145508 19.333559036254883 8.481792449951172 
v -27.25678062438965 19.333559036254883 8.722485542297363 
v -27.44392204284668 19.271373748779297 8.502542495727539 
v -27.564565658569336 19.271373748779297 8.239716529846191 
v -27.404024124145508 19.25665283203125 8.481792449951172 
v -27.52238655090332 19.25665283203125 8.22311782836914 
v -27.404024124145508 19.25665283203125 8.481792449951172 
v -27.52238655090332 19.25665283203125 8.22311782836914 
v -27.379323959350586 19.295106887817383 8.4679594039917 
v -27.49635887145996 19.295106887817383 8.213434219360352 
v -27.404024124145508 19.333559036254883 8.481792449951172 
v -27.52238655090332 19.333559036254883 8.22311782836914 
v -23.053632736206055 19.271373748779297 -30.8603572845459 
v -23.17427635192871 19.271373748779297 -30.597532272338867 
v -23.095809936523438 19.25665283203125 -30.876956939697266 
v -23.214174270629883 19.25665283203125 -30.619665145874023 
v -27.564565658569336 19.318838119506836 8.239716529846191 
v -27.44392204284668 19.318838119506836 8.502542495727539 
v -27.52238655090332 19.333559036254883 8.22311782836914 
v -27.404024124145508 19.333559036254883 8.481792449951172 
v -27.564565658569336 19.271373748779297 8.239716529846191 
v -27.653480529785156 19.271373748779297 7.961675643920898 
v -27.52238655090332 19.25665283203125 8.22311782836914 
v -27.609783172607422 19.25665283203125 7.95060920715332 
v -27.52238655090332 19.25665283203125 8.22311782836914 
v -27.609783172607422 19.25665283203125 7.95060920715332 
v -27.49635887145996 19.295106887817383 8.213434219360352 
v -27.58261489868164 19.295106887817383 7.943692684173584 
v -27.52238655090332 19.333559036254883 8.22311782836914 
v -27.609783172607422 19.333559036254883 7.95060920715332 
v -27.840810775756836 15.175100326538086 5.604549407958984 
v -28.03213119506836 15.175100326538086 5.917172908782959 
v -27.863609313964844 15.213553428649902 5.5893330574035645 
v -28.05682945251465 15.213553428649902 5.9033403396606445 
v -27.653480529785156 19.318838119506836 7.961675643920898 
v -27.564565658569336 19.318838119506836 8.239716529846191 
v -27.609783172607422 19.333559036254883 7.95060920715332 
v -27.52238655090332 19.333559036254883 8.22311782836914 
v -27.653480529785156 19.271373748779297 7.961675643920898 
v -27.70857810974121 19.271373748779297 7.669801235198975 
v -27.609783172607422 19.25665283203125 7.95060920715332 
v -27.663740158081055 19.25665283203125 7.664268493652344 
v -27.609783172607422 19.25665283203125 7.95060920715332 
v -27.663740158081055 19.25665283203125 7.664268493652344 
v -27.58261489868164 19.295106887817383 7.943692684173584 
v -27.636001586914062 19.295106887817383 7.660118579864502 
v -27.609783172607422 19.333559036254883 7.95060920715332 
v -27.663740158081055 19.333559036254883 7.664268493652344 
v -23.700359344482422 15.252007484436035 9.997878074645996 
v -24.02448081970215 15.252007484436035 10.17078971862793 
v -23.6859188079834 15.213553428649902 10.022777557373047 
v -24.01289176940918 15.213553428649902 10.19707202911377 
v -27.70857810974121 19.318838119506836 7.669801235198975 
v -27.653480529785156 19.318838119506836 7.961675643920898 
v -27.663740158081055 19.333559036254883 7.664268493652344 
v -27.609783172607422 19.333559036254883 7.95060920715332 
v -27.70857810974121 19.271373748779297 7.669801235198975 
v -27.727577209472656 19.271373748779297 7.366860866546631 
v -27.663740158081055 19.25665283203125 7.664268493652344 
v -27.68235969543457 19.25665283203125 7.366860866546631 
v -27.663740158081055 19.25665283203125 7.664268493652344 
v -27.68235969543457 19.25665283203125 7.366860866546631 
v -27.636001586914062 19.295106887817383 7.660118579864502 
v -27.654239654541016 19.295106887817383 7.366860866546631 
v -27.663740158081055 19.333559036254883 7.664268493652344 
v -27.68235969543457 19.333559036254883 7.366860866546631 
v -24.383941650390625 15.189821243286133 10.262086868286133 
v -24.043479919433594 15.189821243286133 10.130674362182617 
v -24.370073318481445 15.175100326538086 10.30496883392334 
v -24.02448081970215 15.175100326538086 10.17078971862793 
v -27.727577209472656 19.318838119506836 7.366860866546631 
v -27.70857810974121 19.318838119506836 7.669801235198975 
v -27.68235969543457 19.333559036254883 7.366860866546631 
v -27.663740158081055 19.333559036254883 7.664268493652344 
v -27.727577209472656 19.271373748779297 7.366860866546631 
v -27.70857810974121 19.271373748779297 7.063920497894287 
v -27.68235969543457 19.25665283203125 7.366860866546631 
v -27.663740158081055 19.25665283203125 7.069453716278076 
v -27.68235969543457 19.25665283203125 7.366860866546631 
v -27.663740158081055 19.25665283203125 7.069453716278076 
v -27.654239654541016 19.295106887817383 7.366860866546631 
v -27.636001586914062 19.295106887817383 7.072220325469971 
v -27.68235969543457 19.333559036254883 7.366860866546631 
v -27.663740158081055 19.333559036254883 7.069453716278076 
v -24.858537673950195 19.271373748779297 -29.358104705810547 
v -25.156251907348633 19.271373748779297 -29.320756912231445 
v -24.866897583007812 19.25665283203125 -29.40237045288086 
v -25.159101486206055 19.25665283203125 -29.366405487060547 
v -27.70857810974121 19.318838119506836 7.063920497894287 
v -27.727577209472656 19.318838119506836 7.366860866546631 
v -27.663740158081055 19.333559036254883 7.069453716278076 
v -27.68235969543457 19.333559036254883 7.366860866546631 
v -27.70857810974121 19.318838119506836 7.063920497894287 
v -27.70857810974121 19.271373748779297 7.063920497894287 
v -27.727577209472656 19.318838119506836 7.366860866546631 
v -27.727577209472656 19.271373748779297 7.366860866546631 
v -27.609783172607422 19.25665283203125 6.783112525939941 
v -27.663740158081055 19.25665283203125 7.069453716278076 
v -27.653480529785156 19.271373748779297 6.772046089172363 
v -27.70857810974121 19.271373748779297 7.063920497894287 
v -24.734283447265625 15.252007484436035 10.397649765014648 
v -24.370073318481445 15.252007484436035 10.30496883392334 
v -24.742643356323242 15.189821243286133 10.353384017944336 
v -24.383941650390625 15.189821243286133 10.262086868286133 
v -27.70857810974121 19.271373748779297 7.063920497894287 
v -27.70857810974121 19.318838119506836 7.063920497894287 
v -27.653480529785156 19.271373748779297 6.772046089172363 
v -27.653480529785156 19.318838119506836 6.772046089172363 
v -27.653480529785156 19.271373748779297 6.772046089172363 
v -27.564565658569336 19.271373748779297 6.492621421813965 
v -27.609783172607422 19.25665283203125 6.783112525939941 
v -27.52238655090332 19.25665283203125 6.509221076965332 
v -24.734283447265625 15.175100326538086 10.397649765014648 
v -25.1142635345459 15.175100326538086 10.444681167602539 
v -24.742643356323242 15.189821243286133 10.353384017944336 
v -25.116924285888672 15.189821243286133 10.400416374206543 
v -27.614723205566406 15.252007484436035 5.31820821762085 
v -27.840810775756836 15.252007484436035 5.604549407958984 
v -27.58109474182129 15.189821243286133 5.3486409187316895 
v -27.803571701049805 15.189821243286133 5.630832195281982 
v -27.609783172607422 19.333559036254883 6.783112525939941 
v -27.52238655090332 19.333559036254883 6.509221076965332 
v -27.653480529785156 19.318838119506836 6.772046089172363 
v -27.564565658569336 19.318838119506836 6.492621421813965 
v -27.564565658569336 19.318838119506836 6.492621421813965 
v -27.564565658569336 19.271373748779297 6.492621421813965 
v -27.653480529785156 19.318838119506836 6.772046089172363 
v -27.653480529785156 19.271373748779297 6.772046089172363 
v -27.564565658569336 19.271373748779297 6.492621421813965 
v -27.44392204284668 19.271373748779297 6.229796409606934 
v -27.52238655090332 19.25665283203125 6.509221076965332 
v -27.404024124145508 19.25665283203125 6.25192928314209 
v -27.52238655090332 19.25665283203125 6.509221076965332 
v -27.404024124145508 19.25665283203125 6.25192928314209 
v -27.49635887145996 19.295106887817383 6.518904209136963 
v -27.379323959350586 19.295106887817383 6.264379024505615 
v -27.52238655090332 19.333559036254883 6.509221076965332 
v -27.404024124145508 19.333559036254883 6.25192928314209 
v -27.52238655090332 19.333559036254883 6.509221076965332 
v -27.404024124145508 19.333559036254883 6.25192928314209 
v -27.564565658569336 19.318838119506836 6.492621421813965 
v -27.44392204284668 19.318838119506836 6.229796409606934 
v -27.564565658569336 19.271373748779297 6.492621421813965 
v -27.564565658569336 19.318838119506836 6.492621421813965 
v -27.44392204284668 19.271373748779297 6.229796409606934 
v -27.44392204284668 19.318838119506836 6.229796409606934 
v -27.44392204284668 19.271373748779297 6.229796409606934 
v -27.2938289642334 19.271373748779297 5.984954357147217 
v -27.404024124145508 19.25665283203125 6.25192928314209 
v -27.25678062438965 19.25665283203125 6.011236667633057 
v -27.404024124145508 19.25665283203125 6.25192928314209 
v -27.25678062438965 19.25665283203125 6.011236667633057 
v -27.379323959350586 19.295106887817383 6.264379024505615 
v -27.233793258666992 19.295106887817383 6.027836322784424 
v -27.404024124145508 19.333559036254883 6.25192928314209 
v -27.25678062438965 19.333559036254883 6.011236667633057 
v -27.404024124145508 19.333559036254883 6.25192928314209 
v -27.25678062438965 19.333559036254883 6.011236667633057 
v -27.44392204284668 19.318838119506836 6.229796409606934 
v -27.2938289642334 19.318838119506836 5.984954357147217 
v -27.44392204284668 19.271373748779297 6.229796409606934 
v -27.44392204284668 19.318838119506836 6.229796409606934 
v -27.2938289642334 19.271373748779297 5.984954357147217 
v -27.2938289642334 19.318838119506836 5.984954357147217 
v -27.2938289642334 19.271373748779297 5.984954357147217 
v -27.116758346557617 19.271373748779297 5.760861396789551 
v -27.25678062438965 19.25665283203125 6.011236667633057 
v -27.08294105529785 19.25665283203125 5.791293621063232 
v -27.25678062438965 19.25665283203125 6.011236667633057 
v -27.08294105529785 19.25665283203125 5.791293621063232 
v -27.233793258666992 19.295106887817383 6.027836322784424 
v -27.062042236328125 19.295106887817383 5.809276580810547 
v -27.25678062438965 19.333559036254883 6.011236667633057 
v -27.08294105529785 19.333559036254883 5.791293621063232 
v -27.25678062438965 19.333559036254883 6.011236667633057 
v -27.08294105529785 19.333559036254883 5.791293621063232 
v -27.2938289642334 19.318838119506836 5.984954357147217 
v -27.116758346557617 19.318838119506836 5.760861396789551 
v -27.2938289642334 19.271373748779297 5.984954357147217 
v -27.2938289642334 19.318838119506836 5.984954357147217 
v -27.116758346557617 19.271373748779297 5.760861396789551 
v -27.116758346557617 19.318838119506836 5.760861396789551 
v -27.116758346557617 19.271373748779297 5.760861396789551 
v -26.80517578125 19.271373748779297 5.46760368347168 
v -27.08294105529785 19.25665283203125 5.791293621063232 
v -26.777246475219727 19.25665283203125 5.502185821533203 
v -27.08294105529785 19.25665283203125 5.791293621063232 
v -26.777246475219727 19.25665283203125 5.502185821533203 
v -27.062042236328125 19.295106887817383 5.809276580810547 
v -26.759958267211914 19.295106887817383 5.524318695068359 
v -27.08294105529785 19.333559036254883 5.791293621063232 
v -26.777246475219727 19.333559036254883 5.502185821533203 
v -27.08294105529785 19.333559036254883 5.791293621063232 
v -26.777246475219727 19.333559036254883 5.502185821533203 
v -27.116758346557617 19.318838119506836 5.760861396789551 
v -26.80517578125 19.318838119506836 5.46760368347168 
v -27.116758346557617 19.271373748779297 5.760861396789551 
v -27.116758346557617 19.318838119506836 5.760861396789551 
v -26.80517578125 19.271373748779297 5.46760368347168 
v -26.80517578125 19.318838119506836 5.46760368347168 
v -26.80517578125 19.271373748779297 5.46760368347168 
v -26.57034683227539 19.271373748779297 5.302992343902588 
v -26.777246475219727 19.25665283203125 5.502185821533203 
v -26.546598434448242 19.25665283203125 5.341724395751953 
v -26.777246475219727 19.25665283203125 5.502185821533203 
v -26.546598434448242 19.25665283203125 5.341724395751953 
v -26.759958267211914 19.295106887817383 5.524318695068359 
v -26.53196907043457 19.295106887817383 5.365240097045898 
v -26.777246475219727 19.333559036254883 5.502185821533203 
v -26.546598434448242 19.333559036254883 5.341724395751953 
v -26.777246475219727 19.333559036254883 5.502185821533203 
v -26.546598434448242 19.333559036254883 5.341724395751953 
v -26.80517578125 19.318838119506836 5.46760368347168 
v -26.57034683227539 19.318838119506836 5.302992343902588 
v -26.80517578125 19.271373748779297 5.46760368347168 
v -26.80517578125 19.318838119506836 5.46760368347168 
v -26.57034683227539 19.271373748779297 5.302992343902588 
v -26.57034683227539 19.318838119506836 5.302992343902588 
v -26.57034683227539 19.271373748779297 5.302992343902588 
v -26.31614112854004 19.271373748779297 5.1674299240112305 
v -26.546598434448242 19.25665283203125 5.341724395751953 
v -26.297332763671875 19.25665283203125 5.20892858505249 
v -26.546598434448242 19.25665283203125 5.341724395751953 
v -26.297332763671875 19.25665283203125 5.20892858505249 
v -26.53196907043457 19.295106887817383 5.365240097045898 
v -26.285741806030273 19.295106887817383 5.233827590942383 
v -26.546598434448242 19.333559036254883 5.341724395751953 
v -26.297332763671875 19.333559036254883 5.20892858505249 
v -26.546598434448242 19.333559036254883 5.341724395751953 
v -26.297332763671875 19.333559036254883 5.20892858505249 
v -26.57034683227539 19.318838119506836 5.302992343902588 
v -26.31614112854004 19.318838119506836 5.1674299240112305 
v -26.57034683227539 19.271373748779297 5.302992343902588 
v -26.57034683227539 19.318838119506836 5.302992343902588 
v -26.31614112854004 19.271373748779297 5.1674299240112305 
v -26.31614112854004 19.318838119506836 5.1674299240112305 
v -26.31614112854004 19.271373748779297 5.1674299240112305 
v -26.045215606689453 19.271373748779297 5.062299728393555 
v -26.297332763671875 19.25665283203125 5.20892858505249 
v -26.031536102294922 19.25665283203125 5.105181694030762 
v -26.297332763671875 19.25665283203125 5.20892858505249 
v -26.031536102294922 19.25665283203125 5.105181694030762 
v -26.285741806030273 19.295106887817383 5.233827590942383 
v -26.022985458374023 19.295106887817383 5.132847785949707 
v -26.297332763671875 19.333559036254883 5.20892858505249 
v -26.031536102294922 19.333559036254883 5.105181694030762 
v -26.297332763671875 19.333559036254883 5.20892858505249 
v -26.031536102294922 19.333559036254883 5.105181694030762 
v -26.31614112854004 19.318838119506836 5.1674299240112305 
v -26.045215606689453 19.318838119506836 5.062299728393555 
v -26.31614112854004 19.271373748779297 5.1674299240112305 
v -26.31614112854004 19.318838119506836 5.1674299240112305 
v -26.045215606689453 19.271373748779297 5.062299728393555 
v -26.045215606689453 19.318838119506836 5.062299728393555 
v -27.609783172607422 19.25665283203125 -32.31834411621094 
v -27.663740158081055 19.25665283203125 -32.032005310058594 
v -27.653480529785156 19.271373748779297 -32.329410552978516 
v -27.70857810974121 19.271373748779297 -32.03753662109375 
v -24.047849655151367 19.318838119506836 9.429346084594727 
v -24.047849655151367 19.271373748779297 9.429346084594727 
v -23.81302261352539 19.318838119506836 9.266118049621582 
v -23.81302261352539 19.271373748779297 9.266118049621582 
v -23.840951919555664 19.333559036254883 9.230152130126953 
v -24.071598052978516 19.333559036254883 9.39061450958252 
v -23.81302261352539 19.318838119506836 9.266118049621582 
v -24.047849655151367 19.318838119506836 9.429346084594727 
v -25.156251907348633 19.318838119506836 9.780701637268066 
v -24.858537673950195 19.318838119506836 9.743352890014648 
v -25.159101486206055 19.333559036254883 9.735053062438965 
v -24.866897583007812 19.333559036254883 9.699088096618652 
v -25.461946487426758 19.318838119506836 9.780701637268066 
v -25.309003829956055 19.318838119506836 9.784852027893066 
v -25.459095001220703 19.333559036254883 9.735053062438965 
v -25.309003829956055 19.333559036254883 9.739203453063965 
v -25.156251907348633 19.318838119506836 9.780701637268066 
v -25.159101486206055 19.333559036254883 9.735053062438965 
v -26.031536102294922 19.25665283203125 9.627157211303711 
v -25.751300811767578 19.25665283203125 9.699088096618652 
v -26.045215606689453 19.271373748779297 9.670039176940918 
v -25.759660720825195 19.271373748779297 9.743352890014648 
v -28.42180061340332 15.213553428649902 -31.73459815979004 
v -28.415719985961914 15.213553428649902 -31.538169860839844 
v -28.393871307373047 15.252007484436035 -31.73459815979004 
v -28.387792587280273 15.252007484436035 -31.539552688598633 
v -25.461946487426758 19.271373748779297 9.780701637268066 
v -25.461946487426758 19.318838119506836 9.780701637268066 
v -25.759660720825195 19.271373748779297 9.743352890014648 
v -25.759660720825195 19.318838119506836 9.743352890014648 
v -26.045215606689453 19.318838119506836 9.670039176940918 
v -25.759660720825195 19.318838119506836 9.743352890014648 
v -26.031536102294922 19.333559036254883 9.627157211303711 
v -25.751300811767578 19.333559036254883 9.699088096618652 
v -23.72410774230957 15.189821243286133 -29.140928268432617 
v -24.043479919433594 15.189821243286133 -28.970783233642578 
v -23.700359344482422 15.252007484436035 -29.102195739746094 
v -24.02448081970215 15.252007484436035 -28.929285049438477 
v -28.324905395507812 15.189821243286133 6.985073089599609 
v -28.34865379333496 15.189821243286133 7.366860866546631 
v -28.36974334716797 15.175100326538086 6.97953987121582 
v -28.393871307373047 15.175100326538086 7.366860866546631 
v -27.663740158081055 19.333559036254883 7.069453716278076 
v -27.609783172607422 19.333559036254883 6.783112525939941 
v -27.70857810974121 19.318838119506836 7.063920497894287 
v -27.653480529785156 19.318838119506836 6.772046089172363 
v -26.031536102294922 19.25665283203125 9.627157211303711 
v -26.297332763671875 19.25665283203125 9.52479362487793 
v -26.022985458374023 19.295106887817383 9.600873947143555 
v -26.285741806030273 19.295106887817383 9.498510360717773 
v -26.031536102294922 19.333559036254883 9.627157211303711 
v -26.297332763671875 19.333559036254883 9.52479362487793 
v -27.614723205566406 15.175100326538086 5.31820821762085 
v -27.217453002929688 15.175100326538086 4.9433369636535645 
v -27.58109474182129 15.189821243286133 5.3486409187316895 
v -27.189334869384766 15.189821243286133 4.979302406311035 
v -25.112363815307617 15.213553428649902 10.473730087280273 
v -24.729154586791992 15.213553428649902 10.425314903259277 
v -25.1142635345459 15.252007484436035 10.444681167602539 
v -24.734283447265625 15.252007484436035 10.397649765014648 
v -27.25678062438965 19.25665283203125 -30.37897300720215 
v -27.404024124145508 19.25665283203125 -30.619665145874023 
v -27.233793258666992 19.295106887817383 -30.395572662353516 
v -27.379323959350586 19.295106887817383 -30.632116317749023 
v -27.25678062438965 19.333559036254883 -30.37897300720215 
v -27.404024124145508 19.333559036254883 -30.619665145874023 
v -27.2938289642334 19.271373748779297 8.747384071350098 
v -27.2938289642334 19.318838119506836 8.747384071350098 
v -27.44392204284668 19.271373748779297 8.502542495727539 
v -27.44392204284668 19.318838119506836 8.502542495727539 
v -28.03213119506836 15.252007484436035 5.917172908782959 
v -27.840810775756836 15.252007484436035 5.604549407958984 
v -28.05682945251465 15.213553428649902 5.9033403396606445 
v -27.863609313964844 15.213553428649902 5.5893330574035645 
v -26.423295974731445 15.252007484436035 10.244104385375977 
v -26.06820297241211 15.252007484436035 10.35753345489502 
v -26.40695571899414 15.189821243286133 10.20122241973877 
v -26.056995391845703 15.189821243286133 10.313268661499023 
v -26.045215606689453 19.271373748779297 9.670039176940918 
v -26.045215606689453 19.318838119506836 9.670039176940918 
v -26.31614112854004 19.271373748779297 9.564908981323242 
v -26.31614112854004 19.318838119506836 9.564908981323242 
v -25.695632934570312 15.175100326538086 10.426698684692383 
v -25.309003829956055 15.175100326538086 10.451597213745117 
v -25.699243545532227 15.213553428649902 10.454363822937012 
v -25.309003829956055 15.213553428649902 10.479263305664062 
v -27.234743118286133 15.213553428649902 4.921204090118408 
v -27.635622024536133 15.213553428649902 5.300225734710693 
v -27.217453002929688 15.252007484436035 4.9433369636535645 
v -27.614723205566406 15.252007484436035 5.31820821762085 
v -22.58606719970703 15.175100326538086 -33.18428421020508 
v -22.432174682617188 15.175100326538086 -32.84814453125 
v -22.625965118408203 15.189821243286133 -33.16215133666992 
v -22.474353790283203 15.189821243286133 -32.831546783447266 
v -26.075042724609375 15.213553428649902 10.383816719055176 
v -26.433555603027344 15.213553428649902 10.269002914428711 
v -26.06820297241211 15.175100326538086 10.35753345489502 
v -26.423295974731445 15.175100326538086 10.244104385375977 
v -22.954458236694336 19.333559036254883 7.664268493652344 
v -23.00841522216797 19.333559036254883 7.95060920715332 
v -22.90962028503418 19.318838119506836 7.669801235198975 
v -22.964717864990234 19.318838119506836 7.961675643920898 
v -27.609783172607422 19.333559036254883 6.783112525939941 
v -27.663740158081055 19.333559036254883 7.069453716278076 
v -27.58261489868164 19.295106887817383 6.790029048919678 
v -27.636001586914062 19.295106887817383 7.072220325469971 
v -27.609783172607422 19.25665283203125 6.783112525939941 
v -27.663740158081055 19.25665283203125 7.069453716278076 
v -28.255748748779297 15.189821243286133 6.61850118637085 
v -28.143844604492188 15.189821243286133 6.268528461456299 
v -28.299636840820312 15.252007484436035 6.6074347496032715 
v -28.18602180480957 15.252007484436035 6.25192928314209 
v -27.564565658569336 19.318838119506836 8.239716529846191 
v -27.564565658569336 19.271373748779297 8.239716529846191 
v -27.44392204284668 19.318838119506836 8.502542495727539 
v -27.44392204284668 19.271373748779297 8.502542495727539 
v -24.30205726623535 19.318838119506836 5.1674299240112305 
v -24.572982788085938 19.318838119506836 5.062299728393555 
v -24.320865631103516 19.333559036254883 5.20892858505249 
v -24.58666229248047 19.333559036254883 5.105181694030762 
v -24.30205726623535 19.271373748779297 5.1674299240112305 
v -24.047849655151367 19.271373748779297 5.302992343902588 
v -24.320865631103516 19.25665283203125 5.20892858505249 
v -24.071598052978516 19.25665283203125 5.341724395751953 
v -24.320865631103516 19.25665283203125 5.20892858505249 
v -24.071598052978516 19.25665283203125 5.341724395751953 
v -24.332454681396484 19.295106887817383 5.233827590942383 
v -24.086227416992188 19.295106887817383 5.365240097045898 
v -24.320865631103516 19.333559036254883 5.20892858505249 
v -24.071598052978516 19.333559036254883 5.341724395751953 
v -25.875553131103516 15.189821243286133 4.380337715148926 
v -26.234254837036133 15.189821243286133 4.470251560211182 
v -25.883913040161133 15.175100326538086 4.3360724449157715 
v -26.248125076293945 15.175100326538086 4.427369594573975 
v -24.047849655151367 19.318838119506836 5.302992343902588 
v -24.30205726623535 19.318838119506836 5.1674299240112305 
v -24.071598052978516 19.333559036254883 5.341724395751953 
v -24.320865631103516 19.333559036254883 5.20892858505249 
v -24.047849655151367 19.318838119506836 5.302992343902588 
v -24.047849655151367 19.271373748779297 5.302992343902588 
v -24.30205726623535 19.318838119506836 5.1674299240112305 
v -24.30205726623535 19.271373748779297 5.1674299240112305 
v -24.071598052978516 19.25665283203125 5.341724395751953 
v -23.840951919555664 19.25665283203125 5.502185821533203 
v -24.086227416992188 19.295106887817383 5.365240097045898 
v -23.858240127563477 19.295106887817383 5.524318695068359 
v -24.071598052978516 19.333559036254883 5.341724395751953 
v -23.840951919555664 19.333559036254883 5.502185821533203 
v -27.940935134887695 15.175100326538086 8.975626945495605 
v -28.114015579223633 15.175100326538086 8.650553703308105 
v -27.902366638183594 15.189821243286133 8.95211124420166 
v -28.07278823852539 15.189821243286133 8.63257122039795 
v -24.071598052978516 19.333559036254883 5.341724395751953 
v -23.840951919555664 19.333559036254883 5.502185821533203 
v -24.047849655151367 19.318838119506836 5.302992343902588 
v -23.81302261352539 19.318838119506836 5.46760368347168 
v -24.047849655151367 19.271373748779297 5.302992343902588 
v -24.047849655151367 19.318838119506836 5.302992343902588 
v -23.81302261352539 19.271373748779297 5.46760368347168 
v -23.81302261352539 19.318838119506836 5.46760368347168 
v -23.81302261352539 19.271373748779297 5.46760368347168 
v -23.50143814086914 19.271373748779297 5.760861396789551 
v -23.840951919555664 19.25665283203125 5.502185821533203 
v -23.53525733947754 19.25665283203125 5.791293621063232 
v -23.840951919555664 19.25665283203125 5.502185821533203 
v -23.53525733947754 19.25665283203125 5.791293621063232 
v -23.858240127563477 19.295106887817383 5.524318695068359 
v -23.556156158447266 19.295106887817383 5.809276580810547 
v -23.840951919555664 19.333559036254883 5.502185821533203 
v -23.53525733947754 19.333559036254883 5.791293621063232 
v -28.139284133911133 15.213553428649902 8.663003921508789 
v -27.964683532714844 15.213553428649902 8.989459991455078 
v -28.114015579223633 15.252007484436035 8.650553703308105 
v -27.940935134887695 15.252007484436035 8.975626945495605 
v -23.840951919555664 19.333559036254883 5.502185821533203 
v -23.53525733947754 19.333559036254883 5.791293621063232 
v -23.81302261352539 19.318838119506836 5.46760368347168 
v -23.50143814086914 19.318838119506836 5.760861396789551 
v -23.81302261352539 19.271373748779297 5.46760368347168 
v -23.81302261352539 19.318838119506836 5.46760368347168 
v -23.50143814086914 19.271373748779297 5.760861396789551 
v -23.50143814086914 19.318838119506836 5.760861396789551 
v -23.50143814086914 19.271373748779297 5.760861396789551 
v -23.32436752319336 19.271373748779297 5.984954357147217 
v -23.53525733947754 19.25665283203125 5.791293621063232 
v -23.36141586303711 19.25665283203125 6.011236667633057 
v -22.890621185302734 19.271373748779297 -31.73459815979004 
v -22.93583869934082 19.25665283203125 -31.73459815979004 
v -22.90962028503418 19.271373748779297 -32.03753662109375 
v -22.954458236694336 19.25665283203125 -32.032005310058594 
v -28.07278823852539 15.189821243286133 8.63257122039795 
v -28.205020904541016 15.189821243286133 8.292282104492188 
v -28.114015579223633 15.252007484436035 8.650553703308105 
v -28.24795913696289 15.252007484436035 8.30611515045166 
v -23.50143814086914 19.271373748779297 5.760861396789551 
v -23.50143814086914 19.318838119506836 5.760861396789551 
v -23.32436752319336 19.271373748779297 5.984954357147217 
v -23.32436752319336 19.318838119506836 5.984954357147217 
v -25.875553131103516 15.189821243286133 4.380337715148926 
v -25.50127410888672 15.189821243286133 4.333305835723877 
v -25.883913040161133 15.252007484436035 4.3360724449157715 
v -25.50393295288086 15.252007484436035 4.287657260894775 
v -23.36141586303711 19.25665283203125 6.011236667633057 
v -23.214174270629883 19.25665283203125 6.25192928314209 
v -23.3844051361084 19.295106887817383 6.027836322784424 
v -23.238872528076172 19.295106887817383 6.264379024505615 
v -23.36141586303711 19.333559036254883 6.011236667633057 
v -23.214174270629883 19.333559036254883 6.25192928314209 
v -22.90962028503418 19.271373748779297 7.669801235198975 
v -22.964717864990234 19.271373748779297 7.961675643920898 
v -22.954458236694336 19.25665283203125 7.664268493652344 
v -23.00841522216797 19.25665283203125 7.95060920715332 
v -28.340293884277344 15.175100326538086 7.9409260749816895 
v -28.24795913696289 15.175100326538086 8.30611515045166 
v -28.367652893066406 15.213553428649902 7.9464592933654785 
v -28.27455711364746 15.213553428649902 8.314414978027344 
v -23.17427635192871 19.318838119506836 6.229796409606934 
v -23.32436752319336 19.318838119506836 5.984954357147217 
v -23.214174270629883 19.333559036254883 6.25192928314209 
v -23.36141586303711 19.333559036254883 6.011236667633057 
v -23.17427635192871 19.318838119506836 6.229796409606934 
v -23.17427635192871 19.271373748779297 6.229796409606934 
v -23.32436752319336 19.318838119506836 5.984954357147217 
v -23.32436752319336 19.271373748779297 5.984954357147217 
v -25.883913040161133 15.252007484436035 4.3360724449157715 
v -25.50393295288086 15.252007484436035 4.287657260894775 
v -25.8890438079834 15.213553428649902 4.308406829833984 
v -25.50583267211914 15.213553428649902 4.259991645812988 
v -28.24795913696289 15.252007484436035 8.30611515045166 
v -28.340293884277344 15.252007484436035 7.9409260749816895 
v -28.27455711364746 15.213553428649902 8.314414978027344 
v -28.367652893066406 15.213553428649902 7.9464592933654785 
v -23.053632736206055 19.318838119506836 6.492621421813965 
v -23.17427635192871 19.318838119506836 6.229796409606934 
v -23.095809936523438 19.333559036254883 6.509221076965332 
v -23.214174270629883 19.333559036254883 6.25192928314209 
v -23.053632736206055 19.318838119506836 6.492621421813965 
v -23.053632736206055 19.271373748779297 6.492621421813965 
v -23.17427635192871 19.318838119506836 6.229796409606934 
v -23.17427635192871 19.271373748779297 6.229796409606934 
v -28.387792587280273 15.175100326538086 7.5619049072265625 
v -28.340293884277344 15.175100326538086 7.9409260749816895 
v -28.415719985961914 15.213553428649902 7.56328821182251 
v -28.367652893066406 15.213553428649902 7.9464592933654785 
v -28.342575073242188 15.189821243286133 7.559138298034668 
v -28.29583740234375 15.189821243286133 7.932626724243164 
v -28.387792587280273 15.175100326538086 7.5619049072265625 
v -28.340293884277344 15.175100326538086 7.9409260749816895 
v -23.095809936523438 19.333559036254883 6.509221076965332 
v -23.00841522216797 19.333559036254883 6.783112525939941 
v -23.053632736206055 19.318838119506836 6.492621421813965 
v -22.964717864990234 19.318838119506836 6.772046089172363 
v -23.053632736206055 19.271373748779297 6.492621421813965 
v -23.053632736206055 19.318838119506836 6.492621421813965 
v -22.964717864990234 19.271373748779297 6.772046089172363 
v -22.964717864990234 19.318838119506836 6.772046089172363 
v -26.433555603027344 15.213553428649902 -28.831071853637695 
v -26.77173614501953 15.213553428649902 -28.986000061035156 
v -26.423295974731445 15.175100326538086 -28.85735511779785 
v -26.75862693786621 15.175100326538086 -29.01089859008789 
v -23.00841522216797 19.25665283203125 6.783112525939941 
v -22.954458236694336 19.25665283203125 7.069453716278076 
v -23.03558349609375 19.295106887817383 6.790029048919678 
v -22.982196807861328 19.295106887817383 7.072220325469971 
v -23.00841522216797 19.333559036254883 6.783112525939941 
v -22.954458236694336 19.333559036254883 7.069453716278076 
v -23.840951919555664 19.25665283203125 9.230152130126953 
v -24.071598052978516 19.25665283203125 9.39061450958252 
v -23.858240127563477 19.295106887817383 9.208020210266113 
v -24.086227416992188 19.295106887817383 9.367097854614258 
v -23.840951919555664 19.333559036254883 9.230152130126953 
v -24.071598052978516 19.333559036254883 9.39061450958252 
v -28.387792587280273 15.175100326538086 7.5619049072265625 
v -28.393871307373047 15.175100326538086 7.366860866546631 
v -28.342575073242188 15.189821243286133 7.559138298034668 
v -28.34865379333496 15.189821243286133 7.366860866546631 
v -23.00841522216797 19.333559036254883 6.783112525939941 
v -22.954458236694336 19.333559036254883 7.069453716278076 
v -22.964717864990234 19.318838119506836 6.772046089172363 
v -22.90962028503418 19.318838119506836 7.063920497894287 
v -22.90962028503418 19.318838119506836 7.063920497894287 
v -22.90962028503418 19.271373748779297 7.063920497894287 
v -22.964717864990234 19.318838119506836 6.772046089172363 
v -22.964717864990234 19.271373748779297 6.772046089172363 
v -28.393871307373047 15.252007484436035 7.366860866546631 
v -28.387792587280273 15.252007484436035 7.5619049072265625 
v -28.34865379333496 15.189821243286133 7.366860866546631 
v -28.342575073242188 15.189821243286133 7.559138298034668 
v -22.90962028503418 19.318838119506836 7.063920497894287 
v -22.954458236694336 19.333559036254883 7.069453716278076 
v -22.890621185302734 19.318838119506836 7.366860866546631 
v -22.93583869934082 19.333559036254883 7.366860866546631 
v -22.90962028503418 19.271373748779297 7.063920497894287 
v -22.90962028503418 19.318838119506836 7.063920497894287 
v -22.890621185302734 19.271373748779297 7.366860866546631 
v -22.890621185302734 19.318838119506836 7.366860866546631 
v -22.19639778137207 15.213553428649902 7.366860866546631 
v -22.22071647644043 15.213553428649902 7.756948947906494 
v -22.224327087402344 15.175100326538086 7.366860866546631 
v -22.248455047607422 15.175100326538086 7.752799034118652 
v -22.224327087402344 15.175100326538086 7.366860866546631 
v -22.248455047607422 15.175100326538086 7.752799034118652 
v -22.26954460144043 15.189821243286133 7.366860866546631 
v -22.293292999267578 15.189821243286133 7.747265815734863 
v -25.1142635345459 15.175100326538086 4.287657260894775 
v -25.309003829956055 15.175100326538086 4.282124042510986 
v -25.112363815307617 15.213553428649902 4.259991645812988 
v -25.309003829956055 15.213553428649902 4.254458427429199 
v -25.50393295288086 15.175100326538086 4.287657260894775 
v -25.50583267211914 15.213553428649902 4.259991645812988 
v -22.22071647644043 15.213553428649902 7.756948947906494 
v -22.19639778137207 15.213553428649902 7.366860866546631 
v -22.248455047607422 15.252007484436035 7.752799034118652 
v -22.224327087402344 15.252007484436035 7.366860866546631 
v -28.36974334716797 15.252007484436035 6.97953987121582 
v -28.393871307373047 15.252007484436035 7.366860866546631 
v -28.324905395507812 15.189821243286133 6.985073089599609 
v -28.34865379333496 15.189821243286133 7.366860866546631 
v -25.116924285888672 15.189821243286133 4.333305835723877 
v -25.309003829956055 15.189821243286133 4.326389312744141 
v -25.1142635345459 15.175100326538086 4.287657260894775 
v -25.309003829956055 15.175100326538086 4.282124042510986 
v -25.50127410888672 15.189821243286133 4.333305835723877 
v -25.50393295288086 15.175100326538086 4.287657260894775 
v -28.393871307373047 15.252007484436035 7.366860866546631 
v -28.36974334716797 15.252007484436035 6.97953987121582 
v -28.42180061340332 15.213553428649902 7.366860866546631 
v -28.39748191833496 15.213553428649902 6.976773262023926 
v -24.58666229248047 19.25665283203125 -33.99489212036133 
v -24.866897583007812 19.25665283203125 -34.06682586669922 
v -24.572982788085938 19.271373748779297 -34.037776947021484 
v -24.858537673950195 19.271373748779297 -34.11109161376953 
v -28.299636840820312 15.175100326538086 6.6074347496032715 
v -28.36974334716797 15.175100326538086 6.97953987121582 
v -28.326614379882812 15.213553428649902 6.600518226623535 
v -28.39748191833496 15.213553428649902 6.976773262023926 
v -22.432174682617188 15.252007484436035 8.480409622192383 
v -22.318561553955078 15.252007484436035 8.124903678894043 
v -22.474353790283203 15.189821243286133 8.463809967041016 
v -22.362449645996094 15.189821243286133 8.113837242126465 
v -28.299636840820312 15.252007484436035 6.6074347496032715 
v -28.36974334716797 15.252007484436035 6.97953987121582 
v -28.255748748779297 15.189821243286133 6.61850118637085 
v -28.324905395507812 15.189821243286133 6.985073089599609 
v -22.625965118408203 15.189821243286133 8.794416427612305 
v -22.474353790283203 15.189821243286133 8.463809967041016 
v -22.58606719970703 15.175100326538086 8.816549301147461 
v -22.432174682617188 15.175100326538086 8.480409622192383 
v -22.58606719970703 15.252007484436035 8.816549301147461 
v -22.432174682617188 15.252007484436035 8.480409622192383 
v -22.625965118408203 15.189821243286133 8.794416427612305 
v -22.474353790283203 15.189821243286133 8.463809967041016 
v -22.561368942260742 15.213553428649902 8.828998565673828 
v -22.406147003173828 15.213553428649902 8.491476058959961 
v -22.58606719970703 15.252007484436035 8.816549301147461 
v -22.432174682617188 15.252007484436035 8.480409622192383 
v -22.777387619018555 15.175100326538086 9.127789497375488 
v -22.58606719970703 15.175100326538086 8.816549301147461 
v -22.754589080810547 15.213553428649902 9.144388198852539 
v -22.561368942260742 15.213553428649902 8.828998565673828 
v -24.734283447265625 15.175100326538086 4.3360724449157715 
v -25.1142635345459 15.175100326538086 4.287657260894775 
v -24.729154586791992 15.213553428649902 4.308406829833984 
v -25.112363815307617 15.213553428649902 4.259991645812988 
v -22.777387619018555 15.252007484436035 9.127789497375488 
v -22.58606719970703 15.252007484436035 8.816549301147461 
v -22.814624786376953 15.189821243286133 9.102890014648438 
v -22.625965118408203 15.189821243286133 8.794416427612305 
v -22.754589080810547 15.213553428649902 9.144388198852539 
v -22.561368942260742 15.213553428649902 8.828998565673828 
v -22.777387619018555 15.252007484436035 9.127789497375488 
v -22.58606719970703 15.252007484436035 8.816549301147461 
v -23.003475189208984 15.175100326538086 9.414130210876465 
v -22.777387619018555 15.175100326538086 9.127789497375488 
v -22.982576370239258 15.213553428649902 9.433496475219727 
v -22.754589080810547 15.213553428649902 9.144388198852539 
v -22.777387619018555 15.175100326538086 9.127789497375488 
v -23.003475189208984 15.175100326538086 9.414130210876465 
v -22.814624786376953 15.189821243286133 9.102890014648438 
v -23.0371036529541 15.189821243286133 9.38508129119873 
v -22.814624786376953 15.189821243286133 9.102890014648438 
v -23.0371036529541 15.189821243286133 9.38508129119873 
v -22.777387619018555 15.252007484436035 9.127789497375488 
v -23.003475189208984 15.252007484436035 9.414130210876465 
v -22.777387619018555 15.252007484436035 9.127789497375488 
v -23.003475189208984 15.252007484436035 9.414130210876465 
v -22.754589080810547 15.213553428649902 9.144388198852539 
v -22.982576370239258 15.213553428649902 9.433496475219727 
v -22.982576370239258 15.213553428649902 9.433496475219727 
v -23.383455276489258 15.213553428649902 9.811134338378906 
v -23.003475189208984 15.175100326538086 9.414130210876465 
v -23.40074348449707 15.175100326538086 9.78900146484375 
v -28.03213119506836 15.175100326538086 5.917172908782959 
v -28.18602180480957 15.175100326538086 6.25192928314209 
v -28.05682945251465 15.213553428649902 5.9033403396606445 
v -28.212051391601562 15.213553428649902 6.242246150970459 
v -23.0371036529541 15.189821243286133 9.38508129119873 
v -23.428863525390625 15.189821243286133 9.754419326782227 
v -23.003475189208984 15.252007484436035 9.414130210876465 
v -23.40074348449707 15.252007484436035 9.78900146484375 
v -27.992233276367188 15.189821243286133 5.937922477722168 
v -28.143844604492188 15.189821243286133 6.268528461456299 
v -28.03213119506836 15.175100326538086 5.917172908782959 
v -28.18602180480957 15.175100326538086 6.25192928314209 
v -23.383455276489258 15.213553428649902 9.811134338378906 
v -23.6859188079834 15.213553428649902 10.022777557373047 
v -23.40074348449707 15.175100326538086 9.78900146484375 
v -23.700359344482422 15.175100326538086 9.997878074645996 
v -23.40074348449707 15.175100326538086 9.78900146484375 
v -23.700359344482422 15.175100326538086 9.997878074645996 
v -23.428863525390625 15.189821243286133 9.754419326782227 
v -23.72410774230957 15.189821243286133 9.960529327392578 
v -28.18602180480957 15.252007484436035 6.25192928314209 
v -28.03213119506836 15.252007484436035 5.917172908782959 
v -28.212051391601562 15.213553428649902 6.242246150970459 
v -28.05682945251465 15.213553428649902 5.9033403396606445 
v -23.40074348449707 15.252007484436035 9.78900146484375 
v -23.700359344482422 15.252007484436035 9.997878074645996 
v -23.383455276489258 15.213553428649902 9.811134338378906 
v -23.6859188079834 15.213553428649902 10.022777557373047 
v -23.6859188079834 15.213553428649902 10.022777557373047 
v -24.01289176940918 15.213553428649902 10.19707202911377 
v -23.700359344482422 15.175100326538086 9.997878074645996 
v -24.02448081970215 15.175100326538086 10.17078971862793 
v -24.043479919433594 15.189821243286133 10.130674362182617 
v -23.72410774230957 15.189821243286133 9.960529327392578 
v -24.02448081970215 15.175100326538086 10.17078971862793 
v -23.700359344482422 15.175100326538086 9.997878074645996 
v -24.02448081970215 15.252007484436035 10.17078971862793 
v -23.700359344482422 15.252007484436035 9.997878074645996 
v -24.043479919433594 15.189821243286133 10.130674362182617 
v -23.72410774230957 15.189821243286133 9.960529327392578 
v -27.992233276367188 15.189821243286133 5.937922477722168 
v -27.803571701049805 15.189821243286133 5.630832195281982 
v -28.03213119506836 15.252007484436035 5.917172908782959 
v -27.840810775756836 15.252007484436035 5.604549407958984 
v -24.01289176940918 15.213553428649902 10.19707202911377 
v -24.36152458190918 15.213553428649902 10.332634925842285 
v -24.02448081970215 15.175100326538086 10.17078971862793 
v -24.370073318481445 15.175100326538086 10.30496883392334 
v -24.383941650390625 15.189821243286133 4.470251560211182 
v -24.742643356323242 15.189821243286133 4.380337715148926 
v -24.370073318481445 15.175100326538086 4.427369594573975 
v -24.734283447265625 15.175100326538086 4.3360724449157715 
v -24.043479919433594 15.189821243286133 10.130674362182617 
v -24.383941650390625 15.189821243286133 10.262086868286133 
v -24.02448081970215 15.252007484436035 10.17078971862793 
v -24.370073318481445 15.252007484436035 10.30496883392334 
v -24.02448081970215 15.252007484436035 10.17078971862793 
v -24.370073318481445 15.252007484436035 10.30496883392334 
v -24.01289176940918 15.213553428649902 10.19707202911377 
v -24.36152458190918 15.213553428649902 10.332634925842285 
v -27.863609313964844 15.213553428649902 5.5893330574035645 
v -27.635622024536133 15.213553428649902 5.300225734710693 
v -27.840810775756836 15.175100326538086 5.604549407958984 
v -27.614723205566406 15.175100326538086 5.31820821762085 
v -24.370073318481445 15.175100326538086 10.30496883392334 
v -24.734283447265625 15.175100326538086 10.397649765014648 
v -24.383941650390625 15.189821243286133 10.262086868286133 
v -24.742643356323242 15.189821243286133 10.353384017944336 
v -27.840810775756836 15.175100326538086 5.604549407958984 
v -27.614723205566406 15.175100326538086 5.31820821762085 
v -27.803571701049805 15.189821243286133 5.630832195281982 
v -27.58109474182129 15.189821243286133 5.3486409187316895 
v -24.370073318481445 15.252007484436035 10.30496883392334 
v -24.734283447265625 15.252007484436035 10.397649765014648 
v -24.36152458190918 15.213553428649902 10.332634925842285 
v -24.729154586791992 15.213553428649902 10.425314903259277 
v -24.729154586791992 15.213553428649902 10.425314903259277 
v -25.112363815307617 15.213553428649902 10.473730087280273 
v -24.734283447265625 15.175100326538086 10.397649765014648 
v -25.1142635345459 15.175100326538086 10.444681167602539 
v -24.36152458190918 15.213553428649902 4.401087284088135 
v -24.729154586791992 15.213553428649902 4.308406829833984 
v -24.370073318481445 15.252007484436035 4.427369594573975 
v -24.734283447265625 15.252007484436035 4.3360724449157715 
v -24.742643356323242 15.189821243286133 10.353384017944336 
v -25.116924285888672 15.189821243286133 10.400416374206543 
v -24.734283447265625 15.252007484436035 10.397649765014648 
v -25.1142635345459 15.252007484436035 10.444681167602539 
v -27.635622024536133 15.213553428649902 5.300225734710693 
v -27.863609313964844 15.213553428649902 5.5893330574035645 
v -27.614723205566406 15.252007484436035 5.31820821762085 
v -27.840810775756836 15.252007484436035 5.604549407958984 
v -25.112363815307617 15.213553428649902 10.473730087280273 
v -25.309003829956055 15.213553428649902 10.479263305664062 
v -25.1142635345459 15.175100326538086 10.444681167602539 
v -25.309003829956055 15.175100326538086 10.451597213745117 
v -25.1142635345459 15.175100326538086 10.444681167602539 
v -25.309003829956055 15.175100326538086 10.451597213745117 
v -25.116924285888672 15.189821243286133 10.400416374206543 
v -25.309003829956055 15.189821243286133 10.405948638916016 
v -24.02448081970215 15.175100326538086 4.561548709869385 
v -24.370073318481445 15.175100326538086 4.427369594573975 
v -24.01289176940918 15.213553428649902 4.536649703979492 
v -24.36152458190918 15.213553428649902 4.401087284088135 
v -25.1142635345459 15.252007484436035 10.444681167602539 
v -25.309003829956055 15.252007484436035 10.451597213745117 
v -25.112363815307617 15.213553428649902 10.473730087280273 
v -25.309003829956055 15.213553428649902 10.479263305664062 
v -27.58109474182129 15.189821243286133 5.3486409187316895 
v -27.189334869384766 15.189821243286133 4.979302406311035 
v -27.614723205566406 15.252007484436035 5.31820821762085 
v -27.217453002929688 15.252007484436035 4.9433369636535645 
v -25.309003829956055 15.175100326538086 10.451597213745117 
v -25.695632934570312 15.175100326538086 10.426698684692383 
v -25.309003829956055 15.189821243286133 10.405948638916016 
v -25.69012451171875 15.189821243286133 10.38243293762207 
v -25.309003829956055 15.189821243286133 10.405948638916016 
v -25.69012451171875 15.189821243286133 10.38243293762207 
v -25.309003829956055 15.252007484436035 10.451597213745117 
v -25.695632934570312 15.252007484436035 10.426698684692383 
v -24.383941650390625 15.189821243286133 4.470251560211182 
v -24.043479919433594 15.189821243286133 4.6030473709106445 
v -24.370073318481445 15.252007484436035 4.427369594573975 
v -24.02448081970215 15.252007484436035 4.561548709869385 
v -25.699243545532227 15.213553428649902 10.454363822937012 
v -26.075042724609375 15.213553428649902 10.383816719055176 
v -25.695632934570312 15.175100326538086 10.426698684692383 
v -26.06820297241211 15.175100326538086 10.35753345489502 
v -25.695632934570312 15.175100326538086 10.426698684692383 
v -26.06820297241211 15.175100326538086 10.35753345489502 
v -25.69012451171875 15.189821243286133 10.38243293762207 
v -26.056995391845703 15.189821243286133 10.313268661499023 
v -25.69012451171875 15.189821243286133 10.38243293762207 
v -26.056995391845703 15.189821243286133 10.313268661499023 
v -25.695632934570312 15.252007484436035 10.426698684692383 
v -26.06820297241211 15.252007484436035 10.35753345489502 
v -26.075042724609375 15.213553428649902 10.383816719055176 
v -25.699243545532227 15.213553428649902 10.454363822937012 
v -26.06820297241211 15.252007484436035 10.35753345489502 
v -25.695632934570312 15.252007484436035 10.426698684692383 
v -27.189334869384766 15.189821243286133 4.979302406311035 
v -26.89409065246582 15.189821243286133 4.773192405700684 
v -27.217453002929688 15.252007484436035 4.9433369636535645 
v -26.91783905029297 15.252007484436035 4.73445987701416 
v -26.40695571899414 15.189821243286133 10.20122241973877 
v -26.056995391845703 15.189821243286133 10.313268661499023 
v -26.423295974731445 15.175100326538086 10.244104385375977 
v -26.06820297241211 15.175100326538086 10.35753345489502 
v -27.217453002929688 15.252007484436035 4.9433369636535645 
v -26.91783905029297 15.252007484436035 4.73445987701416 
v -27.234743118286133 15.213553428649902 4.921204090118408 
v -26.93227767944336 15.213553428649902 4.710944175720215 
v -26.433555603027344 15.213553428649902 10.269002914428711 
v -26.075042724609375 15.213553428649902 10.383816719055176 
v -26.423295974731445 15.252007484436035 10.244104385375977 
v -26.06820297241211 15.252007484436035 10.35753345489502 
v -25.459095001220703 19.25665283203125 4.998668670654297 
v -25.751300811767578 19.25665283203125 5.034634113311768 
v -25.461946487426758 19.271373748779297 4.953020095825195 
v -25.759660720825195 19.271373748779297 4.990368843078613 
v -28.24795913696289 15.175100326538086 8.30611515045166 
v -28.340293884277344 15.175100326538086 7.9409260749816895 
v -28.205020904541016 15.189821243286133 8.292282104492188 
v -28.29583740234375 15.189821243286133 7.932626724243164 
v -28.05682945251465 15.213553428649902 -33.19673538208008 
v -27.863609313964844 15.213553428649902 -33.51212692260742 
v -28.03213119506836 15.175100326538086 -33.18428421020508 
v -27.840810775756836 15.175100326538086 -33.49552536010742 
v -23.36141586303711 19.333559036254883 8.722485542297363 
v -23.53525733947754 19.333559036254883 8.942428588867188 
v -23.32436752319336 19.318838119506836 8.747384071350098 
v -23.50143814086914 19.318838119506836 8.972860336303711 
v -22.406147003173828 15.213553428649902 8.491476058959961 
v -22.561368942260742 15.213553428649902 8.828998565673828 
v -22.432174682617188 15.175100326538086 8.480409622192383 
v -22.58606719970703 15.175100326538086 8.816549301147461 
v -28.340293884277344 15.252007484436035 7.9409260749816895 
v -28.24795913696289 15.252007484436035 8.30611515045166 
v -28.29583740234375 15.189821243286133 7.932626724243164 
v -28.205020904541016 15.189821243286133 8.292282104492188 
v -24.047849655151367 19.271373748779297 5.302992343902588 
v -23.81302261352539 19.271373748779297 5.46760368347168 
v -24.071598052978516 19.25665283203125 5.341724395751953 
v -23.840951919555664 19.25665283203125 5.502185821533203 
v -28.415719985961914 15.213553428649902 -31.538169860839844 
v -28.367652893066406 15.213553428649902 -31.154998779296875 
v -28.387792587280273 15.252007484436035 -31.539552688598633 
v -28.340293884277344 15.252007484436035 -31.159149169921875 
v -24.572982788085938 19.318838119506836 -34.037776947021484 
v -24.858537673950195 19.318838119506836 -34.11109161376953 
v -24.58666229248047 19.333559036254883 -33.99489212036133 
v -24.866897583007812 19.333559036254883 -34.06682586669922 
v -24.047849655151367 19.271373748779297 9.429346084594727 
v -24.30205726623535 19.271373748779297 9.564908981323242 
v -24.071598052978516 19.25665283203125 9.39061450958252 
v -24.320865631103516 19.25665283203125 9.52479362487793 
v -28.114015579223633 15.175100326538086 -30.449522018432617 
v -27.940935134887695 15.175100326538086 -30.125831604003906 
v -28.139284133911133 15.213553428649902 -30.43845558166504 
v -27.964683532714844 15.213553428649902 -30.110614776611328 
v -27.70857810974121 19.318838119506836 7.669801235198975 
v -27.70857810974121 19.271373748779297 7.669801235198975 
v -27.653480529785156 19.318838119506836 7.961675643920898 
v -27.653480529785156 19.271373748779297 7.961675643920898 
v -27.653480529785156 19.318838119506836 7.961675643920898 
v -27.653480529785156 19.271373748779297 7.961675643920898 
v -27.564565658569336 19.318838119506836 8.239716529846191 
v -27.564565658569336 19.271373748779297 8.239716529846191 
v -23.095809936523438 19.25665283203125 8.22311782836914 
v -23.214174270629883 19.25665283203125 8.481792449951172 
v -23.12183952331543 19.295106887817383 8.213434219360352 
v -23.238872528076172 19.295106887817383 8.4679594039917 
v -23.095809936523438 19.333559036254883 8.22311782836914 
v -23.214174270629883 19.333559036254883 8.481792449951172 
v -27.940935134887695 15.252007484436035 8.975626945495605 
v -27.73194694519043 15.252007484436035 9.274417877197266 
v -27.902366638183594 15.189821243286133 8.95211124420166 
v -27.69641876220703 15.189821243286133 9.24675178527832 
v -26.297332763671875 19.333559036254883 9.52479362487793 
v -26.546598434448242 19.333559036254883 9.39061450958252 
v -26.31614112854004 19.318838119506836 9.564908981323242 
v -26.57034683227539 19.318838119506836 9.429346084594727 
v -27.727577209472656 19.318838119506836 7.366860866546631 
v -27.727577209472656 19.271373748779297 7.366860866546631 
v -27.70857810974121 19.318838119506836 7.669801235198975 
v -27.70857810974121 19.271373748779297 7.669801235198975 
v -27.964683532714844 15.213553428649902 8.989459991455078 
v -28.139284133911133 15.213553428649902 8.663003921508789 
v -27.940935134887695 15.175100326538086 8.975626945495605 
v -28.114015579223633 15.175100326538086 8.650553703308105 
v -25.883913040161133 15.252007484436035 4.3360724449157715 
v -26.248125076293945 15.252007484436035 4.427369594573975 
v -25.875553131103516 15.189821243286133 4.380337715148926 
v -26.234254837036133 15.189821243286133 4.470251560211182 
v -28.114015579223633 15.252007484436035 8.650553703308105 
v -27.940935134887695 15.252007484436035 8.975626945495605 
v -28.07278823852539 15.189821243286133 8.63257122039795 
v -27.902366638183594 15.189821243286133 8.95211124420166 
v -25.8890438079834 15.213553428649902 4.308406829833984 
v -25.50583267211914 15.213553428649902 4.259991645812988 
v -25.883913040161133 15.175100326538086 4.3360724449157715 
v -25.50393295288086 15.175100326538086 4.287657260894775 
v -28.24795913696289 15.175100326538086 8.30611515045166 
v -28.114015579223633 15.175100326538086 8.650553703308105 
v -28.27455711364746 15.213553428649902 8.314414978027344 
v -28.139284133911133 15.213553428649902 8.663003921508789 
v -28.205020904541016 15.189821243286133 8.292282104492188 
v -28.07278823852539 15.189821243286133 8.63257122039795 
v -28.24795913696289 15.175100326538086 8.30611515045166 
v -28.114015579223633 15.175100326538086 8.650553703308105 
v -25.50127410888672 15.189821243286133 4.333305835723877 
v -25.875553131103516 15.189821243286133 4.380337715148926 
v -25.50393295288086 15.175100326538086 4.287657260894775 
v -25.883913040161133 15.175100326538086 4.3360724449157715 
v -23.700359344482422 15.252007484436035 4.73445987701416 
v -23.40074348449707 15.252007484436035 4.9433369636535645 
v -23.6859188079834 15.213553428649902 4.710944175720215 
v -23.383455276489258 15.213553428649902 4.921204090118408 
v -22.625965118408203 15.189821243286133 -30.3056583404541 
v -22.814624786376953 15.189821243286133 -29.99856948852539 
v -22.58606719970703 15.252007484436035 -30.284910202026367 
v -22.777387619018555 15.252007484436035 -29.972286224365234 
v -22.625965118408203 15.189821243286133 5.937922477722168 
v -22.474353790283203 15.189821243286133 6.268528461456299 
v -22.58606719970703 15.252007484436035 5.917172908782959 
v -22.432174682617188 15.252007484436035 6.25192928314209 
v -24.30205726623535 19.318838119506836 -33.93264389038086 
v -24.30205726623535 19.271373748779297 -33.93264389038086 
v -24.572982788085938 19.318838119506836 -34.037776947021484 
v -24.572982788085938 19.271373748779297 -34.037776947021484 
v -28.27455711364746 15.213553428649902 8.314414978027344 
v -28.139284133911133 15.213553428649902 8.663003921508789 
v -28.24795913696289 15.252007484436035 8.30611515045166 
v -28.114015579223633 15.252007484436035 8.650553703308105 
v -27.217453002929688 15.252007484436035 -34.15673828125 
v -26.91783905029297 15.252007484436035 -34.36561584472656 
v -27.234743118286133 15.213553428649902 -34.178871154785156 
v -26.93227767944336 15.213553428649902 -34.3905143737793 
v -22.224327087402344 15.175100326538086 7.366860866546631 
v -22.26954460144043 15.189821243286133 7.366860866546631 
v -22.248455047607422 15.175100326538086 6.97953987121582 
v -22.293292999267578 15.189821243286133 6.985073089599609 
v -22.293292999267578 15.189821243286133 6.985073089599609 
v -22.362449645996094 15.189821243286133 6.61850118637085 
v -22.248455047607422 15.175100326538086 6.97953987121582 
v -22.318561553955078 15.175100326538086 6.6074347496032715 
v -28.415719985961914 15.213553428649902 7.56328821182251 
v -28.367652893066406 15.213553428649902 7.9464592933654785 
v -28.387792587280273 15.252007484436035 7.5619049072265625 
v -28.340293884277344 15.252007484436035 7.9409260749816895 
v -23.0371036529541 15.189821243286133 5.3486409187316895 
v -23.428863525390625 15.189821243286133 4.979302406311035 
v -23.003475189208984 15.175100326538086 5.31820821762085 
v -23.40074348449707 15.175100326538086 4.9433369636535645 
v -25.50393295288086 15.252007484436035 4.287657260894775 
v -25.309003829956055 15.252007484436035 4.282124042510986 
v -25.50583267211914 15.213553428649902 4.259991645812988 
v -25.309003829956055 15.213553428649902 4.254458427429199 
v -25.1142635345459 15.252007484436035 4.287657260894775 
v -25.112363815307617 15.213553428649902 4.259991645812988 
v -23.428863525390625 15.189821243286133 4.979302406311035 
v -23.0371036529541 15.189821243286133 5.3486409187316895 
v -23.40074348449707 15.252007484436035 4.9433369636535645 
v -23.003475189208984 15.252007484436035 5.31820821762085 
v -28.340293884277344 15.252007484436035 -31.159149169921875 
v -28.24795913696289 15.252007484436035 -30.79534339904785 
v -28.29583740234375 15.189821243286133 -31.167448043823242 
v -28.205020904541016 15.189821243286133 -30.80917739868164 
v -28.42180061340332 15.213553428649902 7.366860866546631 
v -28.39748191833496 15.213553428649902 6.976773262023926 
v -28.393871307373047 15.175100326538086 7.366860866546631 
v -28.36974334716797 15.175100326538086 6.97953987121582 
v -22.406147003173828 15.213553428649902 6.242246150970459 
v -22.561368942260742 15.213553428649902 5.9033403396606445 
v -22.432174682617188 15.252007484436035 6.25192928314209 
v -22.58606719970703 15.252007484436035 5.917172908782959 
v -22.318561553955078 15.175100326538086 8.124903678894043 
v -22.432174682617188 15.175100326538086 8.480409622192383 
v -22.362449645996094 15.189821243286133 8.113837242126465 
v -22.474353790283203 15.189821243286133 8.463809967041016 
v -27.189334869384766 15.189821243286133 -34.122154235839844 
v -27.58109474182129 15.189821243286133 -33.7528190612793 
v -27.217453002929688 15.175100326538086 -34.15673828125 
v -27.614723205566406 15.175100326538086 -33.78186798095703 
v -25.1142635345459 15.252007484436035 4.287657260894775 
v -25.309003829956055 15.252007484436035 4.282124042510986 
v -25.116924285888672 15.189821243286133 4.333305835723877 
v -25.309003829956055 15.189821243286133 4.326389312744141 
v -25.50393295288086 15.252007484436035 4.287657260894775 
v -25.50127410888672 15.189821243286133 4.333305835723877 
v -22.406147003173828 15.213553428649902 6.242246150970459 
v -22.291582107543945 15.213553428649902 6.600518226623535 
v -22.432174682617188 15.175100326538086 6.25192928314209 
v -22.318561553955078 15.175100326538086 6.6074347496032715 
v -22.982576370239258 15.213553428649902 5.300225734710693 
v -22.754589080810547 15.213553428649902 5.5893330574035645 
v -23.003475189208984 15.175100326538086 5.31820821762085 
v -22.777387619018555 15.175100326538086 5.604549407958984 
v -28.36974334716797 15.252007484436035 6.97953987121582 
v -28.299636840820312 15.252007484436035 6.6074347496032715 
v -28.39748191833496 15.213553428649902 6.976773262023926 
v -28.326614379882812 15.213553428649902 6.600518226623535 
v -24.043479919433594 15.189821243286133 -34.498409271240234 
v -24.383941650390625 15.189821243286133 -34.62982177734375 
v -24.02448081970215 15.175100326538086 -34.53852462768555 
v -24.370073318481445 15.175100326538086 -34.672706604003906 
v -24.742643356323242 15.189821243286133 4.380337715148926 
v -25.116924285888672 15.189821243286133 4.333305835723877 
v -24.734283447265625 15.175100326538086 4.3360724449157715 
v -25.1142635345459 15.175100326538086 4.287657260894775 
v -23.003475189208984 15.175100326538086 5.31820821762085 
v -22.777387619018555 15.175100326538086 5.604549407958984 
v -23.0371036529541 15.189821243286133 5.3486409187316895 
v -22.814624786376953 15.189821243286133 5.630832195281982 
v -24.734283447265625 15.252007484436035 4.3360724449157715 
v -25.1142635345459 15.252007484436035 4.287657260894775 
v -24.742643356323242 15.189821243286133 4.380337715148926 
v -25.116924285888672 15.189821243286133 4.333305835723877 
v -25.1142635345459 15.252007484436035 4.287657260894775 
v -24.734283447265625 15.252007484436035 4.3360724449157715 
v -25.112363815307617 15.213553428649902 4.259991645812988 
v -24.729154586791992 15.213553428649902 4.308406829833984 
v -28.03213119506836 15.252007484436035 5.917172908782959 
v -28.18602180480957 15.252007484436035 6.25192928314209 
v -27.992233276367188 15.189821243286133 5.937922477722168 
v -28.143844604492188 15.189821243286133 6.268528461456299 
v -26.89409065246582 15.189821243286133 -34.32826614379883 
v -26.574716567993164 15.189821243286133 -34.498409271240234 
v -26.91783905029297 15.252007484436035 -34.36561584472656 
v -26.59371566772461 15.252007484436035 -34.53852462768555 
v -28.03213119506836 15.175100326538086 5.917172908782959 
v -27.840810775756836 15.175100326538086 5.604549407958984 
v -27.992233276367188 15.189821243286133 5.937922477722168 
v -27.803571701049805 15.189821243286133 5.630832195281982 
v -22.318561553955078 15.252007484436035 6.6074347496032715 
v -22.248455047607422 15.252007484436035 6.97953987121582 
v -22.291582107543945 15.213553428649902 6.600518226623535 
v -22.22071647644043 15.213553428649902 6.976773262023926 
v -24.071598052978516 19.25665283203125 -29.709461212158203 
v -23.840951919555664 19.25665283203125 -29.869922637939453 
v -24.047849655151367 19.271373748779297 -29.67072868347168 
v -23.81302261352539 19.271373748779297 -29.83534049987793 
v -23.003475189208984 15.252007484436035 5.31820821762085 
v -22.777387619018555 15.252007484436035 5.604549407958984 
v -22.982576370239258 15.213553428649902 5.300225734710693 
v -22.754589080810547 15.213553428649902 5.5893330574035645 
v -24.742643356323242 15.189821243286133 4.380337715148926 
v -24.383941650390625 15.189821243286133 4.470251560211182 
v -24.734283447265625 15.252007484436035 4.3360724449157715 
v -24.370073318481445 15.252007484436035 4.427369594573975 
v -23.428863525390625 15.189821243286133 9.754419326782227 
v -23.72410774230957 15.189821243286133 9.960529327392578 
v -23.40074348449707 15.252007484436035 9.78900146484375 
v -23.700359344482422 15.252007484436035 9.997878074645996 
v -27.04494285583496 15.189821243286133 9.860932350158691 
v -27.327077865600586 15.189821243286133 9.638222694396973 
v -27.070781707763672 15.252007484436035 9.898282051086426 
v -27.35728645324707 15.252007484436035 9.672805786132812 
v -26.297332763671875 19.333559036254883 -29.5766658782959 
v -26.546598434448242 19.333559036254883 -29.709461212158203 
v -26.31614112854004 19.318838119506836 -29.535165786743164 
v -26.57034683227539 19.318838119506836 -29.67072868347168 
v -27.217453002929688 15.175100326538086 4.9433369636535645 
v -27.614723205566406 15.175100326538086 5.31820821762085 
v -27.234743118286133 15.213553428649902 4.921204090118408 
v -27.635622024536133 15.213553428649902 5.300225734710693 
v -24.370073318481445 15.175100326538086 4.427369594573975 
v -24.02448081970215 15.175100326538086 4.561548709869385 
v -24.383941650390625 15.189821243286133 4.470251560211182 
v -24.043479919433594 15.189821243286133 4.6030473709106445 
v -22.777387619018555 15.175100326538086 5.604549407958984 
v -22.58606719970703 15.175100326538086 5.917172908782959 
v -22.814624786376953 15.189821243286133 5.630832195281982 
v -22.625965118408203 15.189821243286133 5.937922477722168 
v -26.777246475219727 19.333559036254883 -29.869922637939453 
v -27.08294105529785 19.333559036254883 -30.15903091430664 
v -26.80517578125 19.318838119506836 -29.83534049987793 
v -27.116758346557617 19.318838119506836 -30.128597259521484 
v -27.234743118286133 15.213553428649902 4.921204090118408 
v -26.93227767944336 15.213553428649902 4.710944175720215 
v -27.217453002929688 15.175100326538086 4.9433369636535645 
v -26.91783905029297 15.175100326538086 4.73445987701416 
v -24.370073318481445 15.252007484436035 4.427369594573975 
v -24.02448081970215 15.252007484436035 4.561548709869385 
v -24.36152458190918 15.213553428649902 4.401087284088135 
v -24.01289176940918 15.213553428649902 4.536649703979492 
v -22.93583869934082 19.333559036254883 -31.73459815979004 
v -22.890621185302734 19.318838119506836 -31.73459815979004 
v -22.954458236694336 19.333559036254883 -32.032005310058594 
v -22.90962028503418 19.318838119506836 -32.03753662109375 
v -24.320865631103516 19.333559036254883 -33.89252853393555 
v -24.071598052978516 19.333559036254883 -33.75835037231445 
v -24.30205726623535 19.318838119506836 -33.93264389038086 
v -24.047849655151367 19.318838119506836 -33.797080993652344 
v -27.73194694519043 15.175100326538086 9.274417877197266 
v -27.940935134887695 15.175100326538086 8.975626945495605 
v -27.69641876220703 15.189821243286133 9.24675178527832 
v -27.902366638183594 15.189821243286133 8.95211124420166 
v -22.248455047607422 15.252007484436035 6.97953987121582 
v -22.318561553955078 15.252007484436035 6.6074347496032715 
v -22.293292999267578 15.189821243286133 6.985073089599609 
v -22.362449645996094 15.189821243286133 6.61850118637085 
v -27.964683532714844 15.213553428649902 8.989459991455078 
v -27.753795623779297 15.213553428649902 9.292400360107422 
v -27.940935134887695 15.252007484436035 8.975626945495605 
v -27.73194694519043 15.252007484436035 9.274417877197266 
v -23.700359344482422 15.175100326538086 4.73445987701416 
v -23.40074348449707 15.175100326538086 4.9433369636535645 
v -23.72410774230957 15.189821243286133 4.773192405700684 
v -23.428863525390625 15.189821243286133 4.979302406311035 
v -22.474353790283203 15.189821243286133 6.268528461456299 
v -22.362449645996094 15.189821243286133 6.61850118637085 
v -22.432174682617188 15.252007484436035 6.25192928314209 
v -22.318561553955078 15.252007484436035 6.6074347496032715 
v -22.954458236694336 19.25665283203125 -31.437191009521484 
v -23.00841522216797 19.25665283203125 -31.150848388671875 
v -22.982196807861328 19.295106887817383 -31.439956665039062 
v -23.03558349609375 19.295106887817383 -31.157766342163086 
v -22.954458236694336 19.333559036254883 -31.437191009521484 
v -23.00841522216797 19.333559036254883 -31.150848388671875 
v -23.003475189208984 15.175100326538086 9.414130210876465 
v -23.40074348449707 15.175100326538086 9.78900146484375 
v -23.0371036529541 15.189821243286133 9.38508129119873 
v -23.428863525390625 15.189821243286133 9.754419326782227 
v -25.461946487426758 19.271373748779297 4.953020095825195 
v -25.461946487426758 19.318838119506836 4.953020095825195 
v -25.309003829956055 19.271373748779297 4.947486877441406 
v -25.309003829956055 19.318838119506836 4.947486877441406 
v -25.156251907348633 19.271373748779297 4.953020095825195 
v -25.156251907348633 19.318838119506836 4.953020095825195 
v -25.159101486206055 19.25665283203125 -34.10279083251953 
v -25.309003829956055 19.25665283203125 -34.10694122314453 
v -25.156251907348633 19.271373748779297 -34.1484375 
v -25.309003829956055 19.271373748779297 -34.152587890625 
v -25.459095001220703 19.25665283203125 -34.10279083251953 
v -25.461946487426758 19.271373748779297 -34.1484375 
v -22.58606719970703 15.175100326538086 5.917172908782959 
v -22.432174682617188 15.175100326538086 6.25192928314209 
v -22.625965118408203 15.189821243286133 5.937922477722168 
v -22.474353790283203 15.189821243286133 6.268528461456299 
v -25.1142635345459 15.175100326538086 -28.655393600463867 
v -24.734283447265625 15.175100326538086 -28.70380973815918 
v -25.112363815307617 15.213553428649902 -28.627727508544922 
v -24.729154586791992 15.213553428649902 -28.676143646240234 
v -26.423295974731445 15.175100326538086 10.244104385375977 
v -26.75862693786621 15.175100326538086 10.0891752243042 
v -26.40695571899414 15.189821243286133 10.20122241973877 
v -26.737348556518555 15.189821243286133 10.049059867858887 
v -23.36141586303711 19.25665283203125 -33.0902214050293 
v -23.214174270629883 19.25665283203125 -32.84952926635742 
v -23.3844051361084 19.295106887817383 -33.07362365722656 
v -23.238872528076172 19.295106887817383 -32.835697174072266 
v -23.36141586303711 19.333559036254883 -33.0902214050293 
v -23.214174270629883 19.333559036254883 -32.84952926635742 
v -28.29583740234375 15.189821243286133 7.932626724243164 
v -28.342575073242188 15.189821243286133 7.559138298034668 
v -28.340293884277344 15.252007484436035 7.9409260749816895 
v -28.387792587280273 15.252007484436035 7.5619049072265625 
v -27.635622024536133 15.213553428649902 -33.801231384277344 
v -27.863609313964844 15.213553428649902 -33.51212692260742 
v -27.614723205566406 15.252007484436035 -33.78186798095703 
v -27.840810775756836 15.252007484436035 -33.49552536010742 
v -23.32436752319336 19.318838119506836 8.747384071350098 
v -23.32436752319336 19.271373748779297 8.747384071350098 
v -23.17427635192871 19.318838119506836 8.502542495727539 
v -23.17427635192871 19.271373748779297 8.502542495727539 
v -25.459095001220703 19.25665283203125 9.735053062438965 
v -25.309003829956055 19.25665283203125 9.739203453063965 
v -25.461946487426758 19.271373748779297 9.780701637268066 
v -25.309003829956055 19.271373748779297 9.784852027893066 
v -25.159101486206055 19.25665283203125 9.735053062438965 
v -25.156251907348633 19.271373748779297 9.780701637268066 
v -26.433555603027344 15.213553428649902 -28.831071853637695 
v -26.075042724609375 15.213553428649902 -28.716259002685547 
v -26.423295974731445 15.252007484436035 -28.85735511779785 
v -26.06820297241211 15.252007484436035 -28.743925094604492 
v -25.159101486206055 19.333559036254883 9.735053062438965 
v -24.866897583007812 19.333559036254883 9.699088096618652 
v -25.160812377929688 19.295106887817383 9.707387924194336 
v -24.872026443481445 19.295106887817383 9.671422004699707 
v -25.159101486206055 19.25665283203125 9.735053062438965 
v -24.866897583007812 19.25665283203125 9.699088096618652 
v -28.36974334716797 15.175100326538086 6.97953987121582 
v -28.299636840820312 15.175100326538086 6.6074347496032715 
v -28.324905395507812 15.189821243286133 6.985073089599609 
v -28.255748748779297 15.189821243286133 6.61850118637085 
v -24.02448081970215 15.252007484436035 -34.53852462768555 
v -23.700359344482422 15.252007484436035 -34.36561584472656 
v -24.01289176940918 15.213553428649902 -34.5648078918457 
v -23.6859188079834 15.213553428649902 -34.3905143737793 
v -27.116758346557617 19.271373748779297 8.972860336303711 
v -27.116758346557617 19.318838119506836 8.972860336303711 
v -27.2938289642334 19.271373748779297 8.747384071350098 
v -27.2938289642334 19.318838119506836 8.747384071350098 
v -22.362449645996094 15.189821243286133 6.61850118637085 
v -22.474353790283203 15.189821243286133 6.268528461456299 
v -22.318561553955078 15.175100326538086 6.6074347496032715 
v -22.432174682617188 15.175100326538086 6.25192928314209 
v -22.954458236694336 19.25665283203125 7.664268493652344 
v -23.00841522216797 19.25665283203125 7.95060920715332 
v -22.982196807861328 19.295106887817383 7.660118579864502 
v -23.03558349609375 19.295106887817383 7.943692684173584 
v -22.954458236694336 19.333559036254883 7.664268493652344 
v -23.00841522216797 19.333559036254883 7.95060920715332 
v -24.30205726623535 19.318838119506836 5.1674299240112305 
v -24.30205726623535 19.271373748779297 5.1674299240112305 
v -24.572982788085938 19.318838119506836 5.062299728393555 
v -24.572982788085938 19.271373748779297 5.062299728393555 
v -25.309003829956055 15.252007484436035 10.451597213745117 
v -25.1142635345459 15.252007484436035 10.444681167602539 
v -25.309003829956055 15.189821243286133 10.405948638916016 
v -25.116924285888672 15.189821243286133 10.400416374206543 
v -27.609783172607422 19.25665283203125 6.783112525939941 
v -27.52238655090332 19.25665283203125 6.509221076965332 
v -27.58261489868164 19.295106887817383 6.790029048919678 
v -27.49635887145996 19.295106887817383 6.518904209136963 
v -27.609783172607422 19.333559036254883 6.783112525939941 
v -27.52238655090332 19.333559036254883 6.509221076965332 
v -27.614723205566406 15.252007484436035 -33.78186798095703 
v -27.217453002929688 15.252007484436035 -34.15673828125 
v -27.635622024536133 15.213553428649902 -33.801231384277344 
v -27.234743118286133 15.213553428649902 -34.178871154785156 
v -27.327077865600586 15.189821243286133 9.638222694396973 
v -27.04494285583496 15.189821243286133 9.860932350158691 
v -27.35728645324707 15.175100326538086 9.672805786132812 
v -27.070781707763672 15.175100326538086 9.898282051086426 
v -23.700359344482422 15.252007484436035 -29.102195739746094 
v -23.40074348449707 15.252007484436035 -29.311073303222656 
v -23.72410774230957 15.189821243286133 -29.140928268432617 
v -23.428863525390625 15.189821243286133 -29.34703826904297 
v -27.217453002929688 15.175100326538086 4.9433369636535645 
v -26.91783905029297 15.175100326538086 4.73445987701416 
v -27.189334869384766 15.189821243286133 4.979302406311035 
v -26.89409065246582 15.189821243286133 4.773192405700684 
v -23.40074348449707 15.252007484436035 4.9433369636535645 
v -23.700359344482422 15.252007484436035 4.73445987701416 
v -23.428863525390625 15.189821243286133 4.979302406311035 
v -23.72410774230957 15.189821243286133 4.773192405700684 
v -22.406147003173828 15.213553428649902 8.491476058959961 
v -22.291582107543945 15.213553428649902 8.131820678710938 
v -22.432174682617188 15.252007484436035 8.480409622192383 
v -22.318561553955078 15.252007484436035 8.124903678894043 
v -28.326614379882812 15.213553428649902 6.600518226623535 
v -28.212051391601562 15.213553428649902 6.242246150970459 
v -28.299636840820312 15.175100326538086 6.6074347496032715 
v -28.18602180480957 15.175100326538086 6.25192928314209 
v -23.6859188079834 15.213553428649902 -29.07868003845215 
v -24.01289176940918 15.213553428649902 -28.904386520385742 
v -23.700359344482422 15.175100326538086 -29.102195739746094 
v -24.02448081970215 15.175100326538086 -28.929285049438477 
v -23.095809936523438 19.25665283203125 -32.59085464477539 
v -23.00841522216797 19.25665283203125 -32.31834411621094 
v -23.12183952331543 19.295106887817383 -32.58116912841797 
v -23.03558349609375 19.295106887817383 -32.31142807006836 
v -23.095809936523438 19.333559036254883 -32.59085464477539 
v -23.00841522216797 19.333559036254883 -32.31834411621094 
v -23.53525733947754 19.25665283203125 5.791293621063232 
v -23.36141586303711 19.25665283203125 6.011236667633057 
v -23.556156158447266 19.295106887817383 5.809276580810547 
v -23.3844051361084 19.295106887817383 6.027836322784424 
v -23.53525733947754 19.333559036254883 5.791293621063232 
v -23.36141586303711 19.333559036254883 6.011236667633057 
v -25.883913040161133 15.175100326538086 4.3360724449157715 
v -26.248125076293945 15.175100326538086 4.427369594573975 
v -25.8890438079834 15.213553428649902 4.308406829833984 
v -26.25667381286621 15.213553428649902 4.401087284088135 
v -23.40074348449707 15.252007484436035 4.9433369636535645 
v -23.003475189208984 15.252007484436035 5.31820821762085 
v -23.383455276489258 15.213553428649902 4.921204090118408 
v -22.982576370239258 15.213553428649902 5.300225734710693 
v -28.299636840820312 15.252007484436035 6.6074347496032715 
v -28.18602180480957 15.252007484436035 6.25192928314209 
v -28.326614379882812 15.213553428649902 6.600518226623535 
v -28.212051391601562 15.213553428649902 6.242246150970459 
v -26.248125076293945 15.252007484436035 4.427369594573975 
v -25.883913040161133 15.252007484436035 4.3360724449157715 
v -26.25667381286621 15.213553428649902 4.401087284088135 
v -25.8890438079834 15.213553428649902 4.308406829833984 
v -22.754589080810547 15.213553428649902 5.5893330574035645 
v -22.561368942260742 15.213553428649902 5.9033403396606445 
v -22.777387619018555 15.175100326538086 5.604549407958984 
v -22.58606719970703 15.175100326538086 5.917172908782959 
v -24.734283447265625 15.175100326538086 10.397649765014648 
v -24.370073318481445 15.175100326538086 10.30496883392334 
v -24.729154586791992 15.213553428649902 10.425314903259277 
v -24.36152458190918 15.213553428649902 10.332634925842285 
v -22.248455047607422 15.175100326538086 6.97953987121582 
v -22.22071647644043 15.213553428649902 6.976773262023926 
v -22.224327087402344 15.175100326538086 7.366860866546631 
v -22.19639778137207 15.213553428649902 7.366860866546631 
v -22.432174682617188 15.175100326538086 6.25192928314209 
v -22.58606719970703 15.175100326538086 5.917172908782959 
v -22.406147003173828 15.213553428649902 6.242246150970459 
v -22.561368942260742 15.213553428649902 5.9033403396606445 
v -26.75862693786621 15.175100326538086 10.0891752243042 
v -27.070781707763672 15.175100326538086 9.898282051086426 
v -26.737348556518555 15.189821243286133 10.049059867858887 
v -27.04494285583496 15.189821243286133 9.860932350158691 
v -22.964717864990234 19.318838119506836 7.961675643920898 
v -22.964717864990234 19.271373748779297 7.961675643920898 
v -22.90962028503418 19.318838119506836 7.669801235198975 
v -22.90962028503418 19.271373748779297 7.669801235198975 
v -23.383455276489258 15.213553428649902 4.921204090118408 
v -22.982576370239258 15.213553428649902 5.300225734710693 
v -23.40074348449707 15.175100326538086 4.9433369636535645 
v -23.003475189208984 15.175100326538086 5.31820821762085 
v -25.309003829956055 15.213553428649902 -28.622194290161133 
v -25.699243545532227 15.213553428649902 -28.645709991455078 
v -25.309003829956055 15.175100326538086 -28.649860382080078 
v -25.695632934570312 15.175100326538086 -28.673376083374023 
v -24.729154586791992 15.213553428649902 4.308406829833984 
v -24.36152458190918 15.213553428649902 4.401087284088135 
v -24.734283447265625 15.175100326538086 4.3360724449157715 
v -24.370073318481445 15.175100326538086 4.427369594573975 
v -23.32436752319336 19.318838119506836 5.984954357147217 
v -23.50143814086914 19.318838119506836 5.760861396789551 
v -23.36141586303711 19.333559036254883 6.011236667633057 
v -23.53525733947754 19.333559036254883 5.791293621063232 
v -27.70857810974121 19.318838119506836 -31.431657791137695 
v -27.70857810974121 19.271373748779297 -31.431657791137695 
v -27.653480529785156 19.318838119506836 -31.139781951904297 
v -27.653480529785156 19.271373748779297 -31.139781951904297 
v -22.964717864990234 19.271373748779297 6.772046089172363 
v -22.90962028503418 19.271373748779297 7.063920497894287 
v -23.00841522216797 19.25665283203125 6.783112525939941 
v -22.954458236694336 19.25665283203125 7.069453716278076 
v -27.73194694519043 15.175100326538086 9.274417877197266 
v -27.35728645324707 15.175100326538086 9.672805786132812 
v -27.753795623779297 15.213553428649902 9.292400360107422 
v -27.375715255737305 15.213553428649902 9.693554878234863 
v -24.01289176940918 15.213553428649902 4.536649703979492 
v -23.6859188079834 15.213553428649902 4.710944175720215 
v -24.02448081970215 15.175100326538086 4.561548709869385 
v -23.700359344482422 15.175100326538086 4.73445987701416 
v -25.309003829956055 15.252007484436035 10.451597213745117 
v -25.695632934570312 15.252007484436035 10.426698684692383 
v -25.309003829956055 15.213553428649902 10.479263305664062 
v -25.699243545532227 15.213553428649902 10.454363822937012 
v -22.777387619018555 15.252007484436035 5.604549407958984 
v -23.003475189208984 15.252007484436035 5.31820821762085 
v -22.814624786376953 15.189821243286133 5.630832195281982 
v -23.0371036529541 15.189821243286133 5.3486409187316895 
v -28.387792587280273 15.252007484436035 7.5619049072265625 
v -28.393871307373047 15.252007484436035 7.366860866546631 
v -28.415719985961914 15.213553428649902 7.56328821182251 
v -28.42180061340332 15.213553428649902 7.366860866546631 
vn 0.9483473300933838 0.3117080330848694 -0.058952588587999344 
vn 0.3118281960487366 0.9499350786209106 -0.01966099627315998 
vn 0.9524446725845337 0.3047037422657013 0.002184694167226553 
vn 0.3118877410888672 0.9501164555549622 0.002184694167226553 
vn -0.9501164555549622 -0.3118877410888672 0.002184694167226553 
vn -1.0341130485562108e-13 0.999997615814209 0.002184694167226553 
vn -0.9495189785957336 -0.30812060832977295 0.058952588587999344 
vn -1.0341130485562108e-13 0.999997615814209 -0.002184694167226553 
vn 0.9696819186210632 0 -0.24437066912651062 
vn 0.9828073978424072 0 -0.18463370203971863 
vn 0.30092674493789673 -0.9505828022956848 -0.0763898640871048 
vn 0.3027311861515045 -0.9512509703636169 -0.058952588587999344 
vn 0.5706896185874939 0 -0.8211658596992493 
vn 0.6198228597640991 0 -0.7847417593002319 
vn 0.18019413948059082 -0.9494473338127136 -0.25706008076667786 
vn 0.1931076943874359 -0.9502591490745544 -0.24437066912651062 
vn -0.7860849499702454 0.003770347684621811 0.6181069612503052 
vn -0.8199084401130676 0.0037713563069701195 0.5724822878837585 
vn -0.24451524019241333 -0.950200080871582 0.19321508705615997 
vn -0.2554866373538971 -0.9498446583747864 0.18033768236637115 
vn -0.15770211815834045 -0.9522933959960938 0.2612801790237427 
vn -0.1465379148721695 -0.9517277479171753 0.26970529556274414 
vn 0.3084801435470581 -0.8076590299606323 -0.5025205612182617 
vn 0.278032124042511 -0.8068195581436157 -0.5212872624397278 
vn 0.9979936480522156 0 0.0633138045668602 
vn 0.9922564625740051 0 0.1242060661315918 
vn 0.3118281960487366 -0.9499350786209106 0.01966099627315998 
vn 0.3116734027862549 -0.9494634866714478 0.03713129088282585 
vn 3.097898456858039e-13 -0.999997615814209 0.002184694167226553 
vn 3.097898456858039e-13 -0.999997615814209 0.002184694167226553 
vn -0.8062167167663574 -0.5894843935966492 -0.05022686347365379 
vn -0.7993983626365662 -0.5919932126998901 -0.10250037163496017 
vn -0.9495189785957336 -0.30812060832977295 -0.058952588587999344 
vn -0.9425521492958069 -0.3118121027946472 -0.11986933648586273 
vn -1.0341130485562108e-13 0.999997615814209 0.002184694167226553 
vn -1.0341130485562108e-13 0.999997615814209 0.002184694167226553 
vn 0.9448967576026917 0.30463340878486633 0.11986933648586273 
vn 0.9483473300933838 0.3117080330848694 0.058952588587999344 
vn 0.3116734027862549 0.9494634866714478 0.03713129088282585 
vn 0.3118281960487366 0.9499350786209106 0.01966099627315998 
vn 0.30092674493789673 -0.9505828022956848 0.0763898640871048 
vn 0.3027311861515045 -0.9512509703636169 0.058952588587999344 
vn 0.9696819186210632 0 0.24437066912651062 
vn 0.9828073978424072 0 0.18463370203971863 
vn -0.7822985649108887 -0.5907644629478455 -0.1975002884864807 
vn -0.7944850921630859 -0.5884227156639099 -0.15017375349998474 
vn 3.097898456858039e-13 -0.999997615814209 0.002184694167226553 
vn 3.097898456858039e-13 -0.999997615814209 0.002184694167226553 
vn -1.0341130485562108e-13 0.999997615814209 0.002184694167226553 
vn -1.0341130485562108e-13 0.999997615814209 0.002184694167226553 
vn -0.9227072596549988 -0.30814704298973083 -0.23163928091526031 
vn -0.9349123239517212 -0.30813875794410706 -0.1760382205247879 
vn 0.9216291308403015 0.3113567531108856 0.23163928091526031 
vn 0.9337234497070312 0.31172269582748413 0.1760382205247879 
vn 0.30092674493789673 0.9505828022956848 0.0763898640871048 
vn 0.3027311861515045 0.9512509703636169 0.058952588587999344 
vn 0.2883718013763428 -0.9510408639907837 0.1111890971660614 
vn 0.29903003573417664 -0.9496219754219055 0.09380380809307098 
vn 0.9326114058494568 0 0.36088213324546814 
vn 0.9529290199279785 0 0.30319350957870483 
vn -0.754088819026947 -0.588945746421814 -0.29067665338516235 
vn -0.7718782424926758 -0.5869300961494446 -0.24437066912651062 
vn 3.097898456858039e-13 -0.999997615814209 0.002184694167226553 
vn 3.097898456858039e-13 -0.999997615814209 0.002184694167226553 
vn 0.29903003573417664 0.9496219754219055 0.09380380809307098 
vn 0.2883718013763428 0.9510408639907837 0.1111890971660614 
vn 0.904849112033844 0.31105485558509827 0.29067665338516235 
vn 0.8858277797698975 0.3108207583427429 0.34452807903289795 
vn 0.27542808651924133 -0.9501928091049194 0.1458524912595749 
vn 0.2848259508609772 -0.9499218463897705 0.12854042649269104 
vn 0.8815992474555969 0 0.4719987213611603 
vn 0.9088051319122314 0 0.417220801115036 
vn -0.21451550722122192 -0.8090860247612 0.5471406579017639 
vn -0.24357467889785767 -0.8106734156608582 0.5324283838272095 
vn -0.3628992438316345 0.0037627804558724165 0.931820809841156 
vn -0.41920527815818787 -8.670133702778568e-14 0.9078915119171143 
vn -0.21451550722122192 0.8090860247612 0.5471406579017639 
vn -0.24357467889785767 0.8106734156608582 0.5324283838272095 
vn -0.7127767205238342 -0.5887778997421265 -0.3811691105365753 
vn -0.7362905144691467 -0.5871720910072327 -0.3363112509250641 
vn 3.097898456858039e-13 -0.999997615814209 0.002184694167226553 
vn 3.097898456858039e-13 -0.999997615814209 0.002184694167226553 
vn -1.0341130485562108e-13 0.999997615814209 0.002184694167226553 
vn -1.0341130485562108e-13 0.999997615814209 0.002184694167226553 
vn -0.8391982316970825 -0.3072303533554077 -0.4487268626689911 
vn -0.8646327257156372 -0.3075520694255829 -0.3972681760787964 
vn 0.8380399942398071 0.3103759288787842 0.4487268626689911 
vn 0.8634998202323914 0.3107186257839203 0.3972681760787964 
vn 0.27542808651924133 0.9501928091049194 0.1458524912595749 
vn 0.2848259508609772 0.9499218463897705 0.12854042649269104 
vn 0.251841276884079 -0.9508177042007446 0.18033768236637115 
vn 0.26294147968292236 -0.9509225487709045 0.16312000155448914 
vn 0.8199170827865601 0 0.5724822878837585 
vn 0.8533812761306763 0 0.5212872624397278 
vn 0.26294147968292236 0.9509225487709045 0.16312000155448914 
vn 0.251841276884079 0.9508177042007446 0.18033768236637115 
vn 0.8094983100891113 0.30979469418525696 0.4987381398677826 
vn 0.7803093194961548 0.3094332218170166 0.5434780716896057 
vn 0.7860940098762512 0 0.6181069612503052 
vn 0.74683678150177 0 0.6650074124336243 
vn 0.2481672167778015 -0.9492528438568115 0.19321508705615997 
vn 0.2298106849193573 -0.9511711597442627 0.2060592919588089 
vn 3.097898456858039e-13 -0.999997615814209 0.002184694167226553 
vn 3.097898456858039e-13 -0.999997615814209 0.002184694167226553 
vn -0.6370845437049866 -0.5876933932304382 -0.4987381398677826 
vn -0.6061732769012451 -0.5874753594398499 -0.5361219048500061 
vn -0.744132399559021 -0.3128317892551422 -0.590256929397583 
vn -0.7096816897392273 -0.31183773279190063 -0.6317508816719055 
vn -1.0341130485562108e-13 0.999997615814209 0.002184694167226553 
vn -1.0341130485562108e-13 0.999997615814209 0.002184694167226553 
vn 0.7113872766494751 0.3079269230365753 0.6317508816719055 
vn 0.7457697987556458 0.30890795588493347 0.590256929397583 
vn 0.2298106849193573 0.9511711597442627 0.2060592919588089 
vn 0.2481672167778015 0.9492528438568115 0.19321508705615997 
vn -0.6652312278747559 -0.5877900123596191 -0.46040233969688416 
vn -0.6869031190872192 -0.5922541618347168 -0.42118772864341736 
vn 3.097898456858039e-13 -0.999997615814209 0.002184694167226553 
vn 3.097898456858039e-13 -0.999997615814209 0.002184694167226553 
vn 0.20594589412212372 -0.9507520794868469 0.23163928091526031 
vn 0.2171257883310318 -0.9512902498245239 0.21886809170246124 
vn 0.6633741855621338 0 0.7482877969741821 
vn 0.7078787684440613 0 0.7063339352607727 
vn -0.5381783246994019 -0.587551474571228 -0.6042742133140564 
vn -0.5703466534614563 -0.5890405178070068 -0.5724822878837585 
vn 3.097898456858039e-13 -0.999997615814209 0.002184694167226553 
vn 3.097898456858039e-13 -0.999997615814209 0.002184694167226553 
vn -1.0341130485562108e-13 0.999997615814209 0.002184694167226553 
vn -1.0341130485562108e-13 0.999997615814209 0.002184694167226553 
vn -0.6311952471733093 -0.3135530352592468 -0.7094202041625977 
vn -0.6740345358848572 -0.30782127380371094 -0.6715083718299866 
vn 0.6347560286521912 0.3062804937362671 0.7094202041625977 
vn 0.6742480993270874 0.3073531985282898 0.6715083718299866 
vn 0.20594589412212372 0.9507520794868469 0.23163928091526031 
vn 0.2171257883310318 0.9512902498245239 0.21886809170246124 
vn 0.18182532489299774 -0.9491362571716309 0.25706008076667786 
vn 0.1931076943874359 -0.9502591490745544 0.24437066912651062 
vn 0.5706896185874939 0 0.8211658596992493 
vn 0.6198228597640991 0 0.7847417593002319 
vn -0.4623759090900421 -0.5901792645454407 -0.661737859249115 
vn -0.49745604395866394 -0.5908849835395813 -0.6351318359375 
vn 3.097898456858039e-13 -0.999997615814209 0.002184694167226553 
vn 3.097898456858039e-13 -0.999997615814209 0.002184694167226553 
vn 0.1931076943874359 0.9502591490745544 0.24437066912651062 
vn 0.18182532489299774 0.9491362571716309 0.25706008076667786 
vn 0.5894681811332703 0.3113401532173157 0.7453821301460266 
vn 0.5445765852928162 0.31005656719207764 0.7792953848838806 
vn -0.1278696060180664 -0.9520001411437988 0.2781098484992981 
vn -0.10914502292871475 -0.9518450498580933 0.2864931523799896 
vn 0.24933044612407684 -0.8064785599708557 -0.5361219048500061 
vn 0.21297846734523773 -0.8070114254951477 -0.5507928133010864 
vn -0.10914502292871475 0.9518450498580933 0.2864931523799896 
vn -0.1278696060180664 0.9520001411437988 0.2781098484992981 
vn 0.21297846734523773 0.8070114254951477 -0.5507928133010864 
vn 0.24933044612407684 0.8064785599708557 -0.5361219048500061 
vn -0.24357467889785767 0.8106734156608582 0.5324283838272095 
vn -0.21451550722122192 0.8090860247612 0.5471406579017639 
vn -0.41920527815818787 -8.670133702778568e-14 0.9078915119171143 
vn -0.3628992438316345 0.0037627804558724165 0.931820809841156 
vn -0.24357467889785767 -0.8106734156608582 0.5324283838272095 
vn -0.21451550722122192 -0.8090860247612 0.5471406579017639 
vn -0.3809455335140228 -0.5892659425735474 -0.7124928832054138 
vn -0.4243726134300232 -0.5892393589019775 -0.6875353455543518 
vn 3.097898456858039e-13 -0.999997615814209 0.002184694167226553 
vn 3.097898456858039e-13 -0.999997615814209 0.002184694167226553 
vn 0.16328740119934082 0.9501839280128479 0.26549527049064636 
vn 0.1446741670370102 0.9508115649223328 0.27391019463539124 
vn 0.49757078289985657 0.3075616955757141 0.8110666871070862 
vn 0.4477097988128662 0.3113192617893219 0.838234007358551 
vn 0.41920527815818787 0 0.9078915119171143 
vn 0.3629187345504761 0 0.931820809841156 
vn 0.13347072899341583 -0.949994683265686 0.28230419754981995 
vn 0.1147560328245163 -0.949914813041687 0.29067665338516235 
vn 3.097898456858039e-13 -0.999997615814209 0.002184694167226553 
vn 3.097898456858039e-13 -0.999997615814209 0.002184694167226553 
vn -0.3375973105430603 -0.5897737741470337 -0.7336177229881287 
vn -0.29515090584754944 -0.5867581367492676 -0.7540562748908997 
vn -0.3962080478668213 -0.31216463446617126 -0.8634653687477112 
vn -0.34257182478904724 -0.3104889988899231 -0.8867024183273315 
vn -1.0341130485562108e-13 0.999997615814209 0.002184694167226553 
vn -1.0341130485562108e-13 0.999997615814209 0.002184694167226553 
vn 0.13347072899341583 0.949994683265686 0.28230419754981995 
vn 0.1147560328245163 0.949914813041687 0.29067665338516235 
vn 0.3995046317577362 0.3079344630241394 0.8634653687477112 
vn 0.343753844499588 0.30917978286743164 0.8867024183273315 
vn 3.097898456858039e-13 -0.999997615814209 0.002184694167226553 
vn 3.097898456858039e-13 -0.999997615814209 0.002184694167226553 
vn -0.24323910474777222 -0.5921704769134521 -0.7682244777679443 
vn -0.19690226018428802 -0.5913245677947998 -0.7820260524749756 
vn -0.28835439682006836 -0.3097144663333893 -0.9060511589050293 
vn -0.2354748696088791 -0.30739396810531616 -0.9219872951507568 
vn -1.0341130485562108e-13 0.999997615814209 0.002184694167226553 
vn -1.0341130485562108e-13 0.999997615814209 0.002184694167226553 
vn 0.23634672164916992 0.3067241311073303 0.9219872951507568 
vn 0.28907403349876404 0.30904290080070496 0.9060511589050293 
vn 0.07730606943368912 0.9497880935668945 0.30319350957870483 
vn 0.09788081049919128 0.9505156874656677 0.2948545813560486 
vn 3.097898456858039e-13 -0.999997615814209 0.002184694167226553 
vn 3.097898456858039e-13 -0.999997615814209 0.002184694167226553 
vn -0.15135285258293152 -0.5903916358947754 -0.7927988767623901 
vn -0.10154008865356445 -0.5903706550598145 -0.8007197380065918 
vn -0.17519530653953552 -0.3084844946861267 -0.9349566102027893 
vn -0.11488547176122665 -0.3094968795776367 -0.9439348578453064 
vn -1.0341130485562108e-13 0.999997615814209 0.002184694167226553 
vn -1.0341130485562108e-13 0.999997615814209 0.002184694167226553 
vn 0.06035389378666878 0.9496792554855347 0.30735430121421814 
vn 0.037736620754003525 0.9508466124534607 0.30735430121421814 
vn 0.17301563918590546 0.3097122311592102 0.9349566102027893 
vn 0.11760670691728592 0.3084730803966522 0.9439348578453064 
vn 0.07730606943368912 -0.9497880935668945 0.30319350957870483 
vn 0.09788081049919128 -0.9505156874656677 0.2948545813560486 
vn 0.2464885413646698 0 0.9691457152366638 
vn 0.30527463555336 0 0.9522643685340881 
vn -0.2171257883310318 0.9512902498245239 0.21886809170246124 
vn -0.233475461602211 0.9502782821655273 0.2060592919588089 
vn -0.6726744174957275 0.3107822835445404 0.6715083718299866 
vn -0.7113872766494751 0.3079269230365753 0.6317508816719055 
vn 3.097898456858039e-13 -0.999997615814209 0.002184694167226553 
vn 3.097898456858039e-13 -0.999997615814209 0.002184694167226553 
vn -0.05285302922129631 -0.5896551012992859 -0.8059239983558655 
vn 0.0018903875024989247 -0.5884889960289001 -0.8085030317306519 
vn -1.0341130485562108e-13 0.999997615814209 0.002184694167226553 
vn -1.0341130485562108e-13 0.999997615814209 0.002184694167226553 
vn 0.0018912545638158917 -0.3094267249107361 -0.9509214162826538 
vn -0.06013089045882225 -0.3119886815547943 -0.9481810927391052 
vn -0.0018766504945233464 0.30942681431770325 0.9509214162826538 
vn 0.05609837546944618 0.30852586030960083 0.949560284614563 
vn -0.0018870257772505283 0.9502412676811218 0.31150925159454346 
vn 0.020755646750330925 0.950016438961029 0.31150925159454346 
vn -0.34257182478904724 0.3104889988899231 -0.8867024183273315 
vn -0.3962080478668213 0.31216463446617126 -0.8634653687477112 
vn -0.11302479356527328 0.9501223564147949 -0.29067665338516235 
vn -0.1317666918039322 0.9502325654029846 -0.28230419754981995 
vn 0.28835439682006836 0.3097144663333893 -0.9060511589050293 
vn 0.24500927329063416 -0.5877987146377563 -0.7710143327713013 
vn 0.2354748696088791 0.30739396810531616 -0.9219872951507568 
vn 0.1987133026123047 -0.587105929851532 -0.7847417593002319 
vn 0.10154008865356445 -0.5903706550598145 -0.8007197380065918 
vn 0.05285302922129631 -0.5896551012992859 -0.8059239983558655 
vn 3.097898456858039e-13 -0.999997615814209 0.002184694167226553 
vn 3.097898456858039e-13 -0.999997615814209 0.002184694167226553 
vn -1.0341130485562108e-13 0.999997615814209 0.002184694167226553 
vn -1.0341130485562108e-13 0.999997615814209 0.002184694167226553 
vn 0.11488547176122665 -0.3094968795776367 -0.9439348578453064 
vn 0.06013089045882225 -0.3119886815547943 -0.9481810927391052 
vn -0.18674300611019135 0.0037372533697634935 0.9824016690254211 
vn -0.2464885413646698 -5.097952835157911e-14 0.9691457152366638 
vn -0.06035389378666878 -0.9496792554855347 0.30735430121421814 
vn -0.07354273647069931 -0.9500869512557983 0.30319350957870483 
vn 3.097898456858039e-13 -0.999997615814209 0.002184694167226553 
vn 3.097898456858039e-13 -0.999997615814209 0.002184694167226553 
vn 0.14769165217876434 -0.5913181304931641 -0.7927988767623901 
vn 0.19690226018428802 -0.5913245677947998 -0.7820260524749756 
vn 0.17847050726413727 -0.30660131573677063 -0.9349566102027893 
vn 0.2354748696088791 -0.30739396810531616 -0.9219872951507568 
vn -1.0341130485562108e-13 0.999997615814209 0.002184694167226553 
vn -1.0341130485562108e-13 0.999997615814209 0.002184694167226553 
vn -0.06035389378666878 0.9496792554855347 0.30735430121421814 
vn -0.07354273647069931 0.9500869512557983 0.30319350957870483 
vn -0.17301563918590546 0.3097122311592102 0.9349566102027893 
vn -0.23335228860378265 0.30900838971138 0.9219872951507568 
vn -0.30525144934654236 0.0037608793936669827 0.9522643685340881 
vn -0.3628992438316345 0.0037627804558724165 0.931820809841156 
vn -0.09788081049919128 -0.9505156874656677 0.2948545813560486 
vn -0.11101080477237701 -0.9503597617149353 0.29067665338516235 
vn 3.097898456858039e-13 -0.999997615814209 0.002184694167226553 
vn 3.097898456858039e-13 -0.999997615814209 0.002184694167226553 
vn 0.24323910474777222 -0.5921704769134521 -0.7682244777679443 
vn 0.29515090584754944 -0.5867581367492676 -0.7540562748908997 
vn 0.28835439682006836 -0.3097144663333893 -0.9060511589050293 
vn 0.34257182478904724 -0.3104889988899231 -0.8867024183273315 
vn -1.0341130485562108e-13 0.999997615814209 0.002184694167226553 
vn -1.0341130485562108e-13 0.999997615814209 0.002184694167226553 
vn -1.0341130485562108e-13 0.999997615814209 0.002184694167226553 
vn -1.0341130485562108e-13 0.999997615814209 0.002184694167226553 
vn 0.7111921310424805 -0.3083774149417877 -0.6317508816719055 
vn 0.6740345358848572 -0.30782127380371094 -0.6715083718299866 
vn 0.21297846734523773 -0.8070114254951477 -0.5507928133010864 
vn 0.24933044612407684 -0.8064785599708557 -0.5361219048500061 
vn -0.10914502292871475 -0.9518450498580933 0.2864931523799896 
vn -0.1278696060180664 -0.9520001411437988 0.2781098484992981 
vn 3.097898456858039e-13 -0.999997615814209 0.002184694167226553 
vn 3.097898456858039e-13 -0.999997615814209 0.002184694167226553 
vn 0.33431276679039 -0.5916418433189392 -0.7336177229881287 
vn 0.37776467204093933 -0.5913101434707642 -0.7124928832054138 
vn 0.39853745698928833 -0.3091852068901062 -0.8634653687477112 
vn 0.4468730390071869 -0.3125191628932953 -0.838234007358551 
vn -1.0341130485562108e-13 0.999997615814209 0.002184694167226553 
vn -1.0341130485562108e-13 0.999997615814209 0.002184694167226553 
vn -0.12973441183567047 0.9505121111869812 0.28230419754981995 
vn -0.14840221405029297 0.9502367973327637 0.27391019463539124 
vn -0.3971956670284271 0.3109070658683777 0.8634653687477112 
vn -0.44984865188598633 0.30822059512138367 0.838234007358551 
vn -0.5231503844261169 -1.0819958888271322e-13 0.8522403836250305 
vn -0.5706896185874939 -1.18031805032906e-13 0.8211658596992493 
vn -0.15956874191761017 -0.9508154988288879 0.26549527049064636 
vn -0.17811985313892365 -0.9498386383056641 0.25706008076667786 
vn 3.097898456858039e-13 -0.999997615814209 0.002184694167226553 
vn 3.097898456858039e-13 -0.999997615814209 0.002184694167226553 
vn 0.4243726134300232 -0.5892393589019775 -0.6875353455543518 
vn 0.4623759090900421 -0.5901792645454407 -0.661737859249115 
vn 0.28835439682006836 0.3097144663333893 -0.9060511589050293 
vn 0.24500927329063416 -0.5877987146377563 -0.7710143327713013 
vn 0.2354748696088791 0.30739396810531616 -0.9219872951507568 
vn 0.1987133026123047 -0.587105929851532 -0.7847417593002319 
vn -1.0341130485562108e-13 0.999997615814209 0.002184694167226553 
vn -1.0341130485562108e-13 0.999997615814209 0.002184694167226553 
vn 0.5442683100700378 -0.31059741973876953 -0.7792953848838806 
vn 0.496868759393692 -0.3086945414543152 -0.8110666871070862 
vn -0.5445765852928162 0.31005656719207764 0.7792953848838806 
vn -0.49757078289985657 0.3075616955757141 0.8110666871070862 
vn -0.17811985313892365 0.9498386383056641 0.25706008076667786 
vn -0.15956874191761017 0.9508154988288879 0.26549527049064636 
vn 0.5353882312774658 -0.5900949835777283 -0.6042742133140564 
vn 0.49745604395866394 -0.5908849835395813 -0.6351318359375 
vn 3.097898456858039e-13 -0.999997615814209 0.002184694167226553 
vn 3.097898456858039e-13 -0.999997615814209 0.002184694167226553 
vn -1.0341130485562108e-13 0.999997615814209 0.002184694167226553 
vn -1.0341130485562108e-13 0.999997615814209 0.002184694167226553 
vn 0.6311952471733093 -0.3135530352592468 -0.7094202041625977 
vn 0.5889211297035217 -0.3123737573623657 -0.7453821301460266 
vn -0.6331077814102173 0.3096732497215271 0.7094202041625977 
vn -0.5894681811332703 0.3113401532173157 0.7453821301460266 
vn -0.20594589412212372 0.9507520794868469 0.23163928091526031 
vn -0.18940694630146027 0.9510036706924438 0.24437066912651062 
vn -0.233475461602211 -0.9502782821655273 0.2060592919588089 
vn -0.2171257883310318 -0.9512902498245239 0.21886809170246124 
vn -0.74683678150177 -1.5446309867012814e-13 0.6650074124336243 
vn -0.7078787684440613 -1.4640568759497624e-13 0.7063339352607727 
vn 0.6061732769012451 -0.5874753594398499 -0.5361219048500061 
vn 0.5703466534614563 -0.5890405178070068 -0.5724822878837585 
vn 3.097898456858039e-13 -0.999997615814209 0.002184694167226553 
vn 3.097898456858039e-13 -0.999997615814209 0.002184694167226553 
vn -1.0341130485562108e-13 0.999997615814209 0.002184694167226553 
vn -1.0341130485562108e-13 0.999997615814209 0.002184694167226553 
vn 0.7111921310424805 -0.3083774149417877 -0.6317508816719055 
vn 0.6740345358848572 -0.30782127380371094 -0.6715083718299866 
vn -0.7113872766494751 0.3079269230365753 0.6317508816719055 
vn -0.6726744174957275 0.3107822835445404 0.6715083718299866 
vn -0.233475461602211 0.9502782821655273 0.2060592919588089 
vn -0.2171257883310318 0.9512902498245239 0.21886809170246124 
vn 3.097898456858039e-13 -0.999997615814209 0.002184694167226553 
vn 3.097898456858039e-13 -0.999997615814209 0.002184694167226553 
vn 0.6345177888870239 -0.5904637575149536 -0.4987381398677826 
vn 0.6652312278747559 -0.5877900123596191 -0.46040233969688416 
vn 0.7455888986587524 -0.3093443810939789 -0.590256929397583 
vn 0.7801418304443359 -0.30985525250434875 -0.5434780716896057 
vn -1.0341130485562108e-13 0.999997615814209 0.002184694167226553 
vn -1.0341130485562108e-13 0.999997615814209 0.002184694167226553 
vn -0.7816921472549438 0.30592310428619385 0.5434780716896057 
vn -0.7457697987556458 0.30890795588493347 0.590256929397583 
vn -0.2554866373538971 0.9498446583747864 0.18033768236637115 
vn -0.24451524019241333 0.950200080871582 0.19321508705615997 
vn 3.097898456858039e-13 -0.999997615814209 0.002184694167226553 
vn 3.097898456858039e-13 -0.999997615814209 0.002184694167226553 
vn 0.689361572265625 -0.5893908143043518 -0.42118772864341736 
vn 0.7103654742240906 -0.591684877872467 -0.3811691105365753 
vn 0.8093411922454834 -0.31020501255989075 -0.4987381398677826 
vn 0.837891697883606 -0.3107759654521942 -0.4487268626689911 
vn -1.0341130485562108e-13 0.999997615814209 0.002184694167226553 
vn -1.0341130485562108e-13 0.999997615814209 0.002184694167226553 
vn -0.2665782868862152 0.9499093890190125 0.16312000155448914 
vn -0.27542808651924133 0.9501928091049194 0.1458524912595749 
vn -0.8094983100891113 0.30979469418525696 0.4987381398677826 
vn -0.8380399942398071 0.3103759288787842 0.4487268626689911 
vn -0.9087973237037659 0.0037715816870331764 0.417220801115036 
vn -0.9326038360595703 0.003770755836740136 0.36088213324546814 
vn -0.28120657801628113 -0.9509995579719543 0.12854042649269104 
vn -0.291982501745224 -0.9499385356903076 0.1111890971660614 
vn 3.097898456858039e-13 -0.999997615814209 0.002184694167226553 
vn 3.097898456858039e-13 -0.999997615814209 0.002184694167226553 
vn 0.7362905144691467 -0.5871720910072327 -0.3363112509250641 
vn 0.754088819026947 -0.588945746421814 -0.29067665338516235 
vn -1.0341130485562108e-13 0.999997615814209 0.002184694167226553 
vn -1.0341130485562108e-13 0.999997615814209 0.002184694167226553 
vn 0.885693371295929 -0.3112034797668457 -0.34452807903289795 
vn 0.8633590340614319 -0.3111095130443573 -0.3972681760787964 
vn -0.8858277797698975 0.3108207583427429 0.34452807903289795 
vn -0.8634998202323914 0.3107186257839203 0.3972681760787964 
vn -0.291982501745224 0.9499385356903076 0.1111890971660614 
vn -0.28120657801628113 0.9509995579719543 0.12854042649269104 
vn -0.11760670691728592 0.3084730803966522 0.9439348578453064 
vn -0.05609837546944618 0.30852586030960083 0.949560284614563 
vn -0.037736620754003525 0.9508466124534607 0.30735430121421814 
vn -0.016982339322566986 0.9500913619995117 0.31150925159454346 
vn -0.0753469318151474 0.9525668621063232 0.2948545813560486 
vn -0.09601321816444397 0.951991856098175 0.29067665338516235 
vn 0.14650802314281464 0.8067213892936707 -0.5724822878837585 
vn 0.17989099025726318 0.8075569868087769 -0.5616858005523682 
vn -0.30092674493789673 -0.9505828022956848 0.0763898640871048 
vn -0.29542919993400574 -0.9507483243942261 0.09380380809307098 
vn -0.9696745276451111 0.003774892073124647 0.24437066912651062 
vn -0.9529215097427368 0.0037751663476228714 0.30319350957870483 
vn 0.7822985649108887 -0.5907644629478455 -0.1975002884864807 
vn 0.769587516784668 -0.589930534362793 -0.24437066912651062 
vn 3.097898456858039e-13 -0.999997615814209 0.002184694167226553 
vn 3.097898456858039e-13 -0.999997615814209 0.002184694167226553 
vn -0.29542919993400574 0.9507483243942261 0.09380380809307098 
vn -0.30092674493789673 0.9505828022956848 0.0763898640871048 
vn -0.9060682058334351 0.3074857294559479 0.29067665338516235 
vn -0.9216291308403015 0.3113567531108856 0.23163928091526031 
vn -0.18149319291114807 0.8097056150436401 0.5580654144287109 
vn -0.14074604213237762 0.8102776408195496 0.5688942670822144 
vn -0.30525144934654236 0.0037608793936669827 0.9522643685340881 
vn -0.2464885413646698 -5.097952835157911e-14 0.9691457152366638 
vn -0.18149319291114807 -0.8097056150436401 0.5580654144287109 
vn -0.14074604213237762 -0.8102776408195496 0.5688942670822144 
vn -0.3116734027862549 -0.9494634866714478 0.03713129088282585 
vn -0.306325227022171 -0.9500997066497803 0.058952588587999344 
vn -0.9922564625740051 -2.0522155481060567e-13 0.1242060661315918 
vn -0.9828073978424072 -2.0326728039470054e-13 0.18463370203971863 
vn 0.7993983626365662 -0.5919932126998901 -0.10250037163496017 
vn 0.7922331690788269 -0.5914511680603027 -0.15017375349998474 
vn 3.097898456858039e-13 -0.999997615814209 0.002184694167226553 
vn 3.097898456858039e-13 -0.999997615814209 0.002184694167226553 
vn -1.0341130485562108e-13 0.999997615814209 0.002184694167226553 
vn -1.0341130485562108e-13 0.999997615814209 0.002184694167226553 
vn 0.9425521492958069 -0.3118121027946472 -0.11986933648586273 
vn 0.9337234497070312 -0.31172269582748413 -0.1760382205247879 
vn -0.9979865550994873 0.0037729027681052685 0.0633138045668602 
vn -0.999997615814209 -2.0682260971124217e-13 0.002184694167226553 
vn -0.3118281960487366 -0.9499350786209106 0.01966099627315998 
vn -0.3118877410888672 -0.9501164555549622 0.002184694167226553 
vn 3.097898456858039e-13 -0.999997615814209 0.002184694167226553 
vn 3.097898456858039e-13 -0.999997615814209 0.002184694167226553 
vn 0.8084394931793213 -0.5864322781562805 -0.05022686347365379 
vn 0.8099018931388855 -0.5865612626075745 0.002184694167226553 
vn -1.0341130485562108e-13 0.999997615814209 0.002184694167226553 
vn -1.0341130485562108e-13 0.999997615814209 0.002184694167226553 
vn 0.9501164555549622 -0.3118877410888672 0.002184694167226553 
vn 0.9483473300933838 -0.3117080330848694 -0.058952588587999344 
vn 0.6061732769012451 -0.5874753594398499 -0.5361219048500061 
vn 0.5703466534614563 -0.5890405178070068 -0.5724822878837585 
vn 3.097898456858039e-13 -0.999997615814209 0.002184694167226553 
vn 3.097898456858039e-13 -0.999997615814209 0.002184694167226553 
vn -0.14074604213237762 -0.8102776408195496 0.5688942670822144 
vn -0.18149319291114807 -0.8097056150436401 0.5580654144287109 
vn -0.2464885413646698 -5.097952835157911e-14 0.9691457152366638 
vn -0.30525144934654236 0.0037608793936669827 0.9522643685340881 
vn -0.14074604213237762 0.8102776408195496 0.5688942670822144 
vn -0.18149319291114807 0.8097056150436401 0.5580654144287109 
vn -0.3116734027862549 -0.9494634866714478 -0.03713129088282585 
vn -0.3118281960487366 -0.9499350786209106 -0.01966099627315998 
vn -0.9922564625740051 -2.0522155481060567e-13 -0.1242060661315918 
vn -0.9979865550994873 0.0037729027681052685 -0.0633138045668602 
vn 0.7993983626365662 -0.5919932126998901 0.10250037163496017 
vn 0.8084394931793213 -0.5864322781562805 0.05022686347365379 
vn 3.097898456858039e-13 -0.999997615814209 -0.002184694167226553 
vn 3.097898456858039e-13 -0.999997615814209 -0.002184694167226553 
vn -0.9448967576026917 0.30463340878486633 -0.11986933648586273 
vn -0.9495189785957336 0.30812060832977295 -0.058952588587999344 
vn -0.3116734027862549 0.9494634866714478 -0.03713129088282585 
vn -0.3118281960487366 0.9499350786209106 -0.01966099627315998 
vn -0.9828073978424072 -2.0326728039470054e-13 -0.18463370203971863 
vn -0.9696745276451111 0.003774892073124647 -0.24437066912651062 
vn -0.306325227022171 -0.9500997066497803 -0.058952588587999344 
vn -0.30092674493789673 -0.9505828022956848 -0.0763898640871048 
vn -1.0341130485562108e-13 0.999997615814209 -0.002184694167226553 
vn -1.0341130485562108e-13 0.999997615814209 -0.002184694167226553 
vn 0.9216291308403015 -0.3113567531108856 0.23163928091526031 
vn 0.9337234497070312 -0.31172269582748413 0.1760382205247879 
vn -0.306325227022171 0.9500997066497803 -0.058952588587999344 
vn -0.30092674493789673 0.9505828022956848 -0.0763898640871048 
vn -0.9349123239517212 0.30813875794410706 -0.1760382205247879 
vn -0.9227072596549988 0.30814704298973083 -0.23163928091526031 
vn -0.9529215097427368 0.0037751663476228714 -0.30319350957870483 
vn -0.9326114058494568 -1.928855973597557e-13 -0.36088213324546814 
vn -0.29542919993400574 -0.9507483243942261 -0.09380380809307098 
vn -0.291982501745224 -0.9499385356903076 -0.1111890971660614 
vn 0.7545785307884216 -0.5883182287216187 0.29067665338516235 
vn 0.769587516784668 -0.589930534362793 0.24437066912651062 
vn 3.097898456858039e-13 -0.999997615814209 -0.002184694167226553 
vn 3.097898456858039e-13 -0.999997615814209 -0.002184694167226553 
vn -1.0341130485562108e-13 0.999997615814209 -0.002184694167226553 
vn -1.0341130485562108e-13 0.999997615814209 -0.002184694167226553 
vn 0.8858277797698975 -0.3108207583427429 0.34452807903289795 
vn 0.904849112033844 -0.31105485558509827 0.29067665338516235 
vn -0.8869380354881287 0.3076382577419281 -0.34452807903289795 
vn -0.9047196507453918 0.3114311993122101 -0.29067665338516235 
vn -0.291982501745224 0.9499385356903076 -0.1111890971660614 
vn -0.29542919993400574 0.9507483243942261 -0.09380380809307098 
vn -0.27756667137145996 -0.9495702981948853 -0.1458524912595749 
vn -0.28120657801628113 -0.9509995579719543 -0.12854042649269104 
vn -0.8815911412239075 0.003778468118980527 -0.4719987213611603 
vn -0.9088051319122314 -1.8796191003384727e-13 -0.417220801115036 
vn 0.7108988761901855 -0.5910439491271973 0.3811691105365753 
vn 0.7362905144691467 -0.5871720910072327 0.3363112509250641 
vn 3.097898456858039e-13 -0.999997615814209 -0.002184694167226553 
vn 3.097898456858039e-13 -0.999997615814209 -0.002184694167226553 
vn -1.0341130485562108e-13 0.999997615814209 -0.002184694167226553 
vn -1.0341130485562108e-13 0.999997615814209 -0.002184694167226553 
vn 0.8380399942398071 -0.3103759288787842 0.4487268626689911 
vn 0.8634998202323914 -0.3107186257839203 0.3972681760787964 
vn -0.8391982316970825 0.3072303533554077 -0.4487268626689911 
vn -0.8646327257156372 0.3075520694255829 -0.3972681760787964 
vn -0.27756667137145996 0.9495702981948853 -0.1458524912595749 
vn -0.28120657801628113 0.9509995579719543 -0.12854042649269104 
vn 3.097898456858039e-13 -0.999997615814209 -0.002184694167226553 
vn 3.097898456858039e-13 -0.999997615814209 -0.002184694167226553 
vn 0.7922331690788269 -0.5914511680603027 0.15017375349998474 
vn 0.7822985649108887 -0.5907644629478455 0.1975002884864807 
vn 0.6607904434204102 -0.5927779078483582 0.46040233969688416 
vn 0.689361572265625 -0.5893908143043518 0.42118772864341736 
vn 3.097898456858039e-13 -0.999997615814209 -0.002184694167226553 
vn 3.097898456858039e-13 -0.999997615814209 -0.002184694167226553 
vn -1.0341130485562108e-13 0.999997615814209 -0.002184694167226553 
vn -1.0341130485562108e-13 0.999997615814209 -0.002184694167226553 
vn 0.7803093194961548 -0.3094332218170166 0.5434780716896057 
vn 0.8094983100891113 -0.30979469418525696 0.4987381398677826 
vn -0.7801418304443359 0.30985525250434875 -0.5434780716896057 
vn -0.8106851577758789 0.3066755533218384 -0.4987381398677826 
vn -0.2576150894165039 0.9492695927619934 -0.18033768236637115 
vn -0.2665782868862152 0.9499093890190125 -0.16312000155448914 
vn 0.6015472412109375 -0.5922113060951233 0.5361219048500061 
vn 0.6351303458213806 -0.5898048281669617 0.4987381398677826 
vn 3.097898456858039e-13 -0.999997615814209 -0.002184694167226553 
vn 3.097898456858039e-13 -0.999997615814209 -0.002184694167226553 
vn -1.0341130485562108e-13 0.999997615814209 -0.002184694167226553 
vn -1.0341130485562108e-13 0.999997615814209 -0.002184694167226553 
vn 0.7113872766494751 -0.3079269230365753 0.6317508816719055 
vn 0.7457697987556458 -0.30890795588493347 0.590256929397583 
vn -0.7078686952590942 0.0037756471429020166 -0.7063339352607727 
vn -0.6633741855621338 -1.3720110930617174e-13 -0.7482877969741821 
vn -0.2171257883310318 -0.9512902498245239 -0.21886809170246124 
vn -0.20804211497306824 -0.9502955675125122 -0.23163928091526031 
vn -1.0341130485562108e-13 0.999997615814209 -0.002184694167226553 
vn -1.0341130485562108e-13 0.999997615814209 -0.002184694167226553 
vn 0.9425521492958069 -0.3118121027946472 0.11986933648586273 
vn 0.9483473300933838 -0.3117080330848694 0.058952588587999344 
vn -1.0341130485562108e-13 0.999997615814209 -0.002184694167226553 
vn -1.0341130485562108e-13 0.999997615814209 -0.002184694167226553 
vn 0.343753844499588 -0.30917978286743164 0.8867024183273315 
vn 0.3995046317577362 -0.3079344630241394 0.8634653687477112 
vn 0.10341352969408035 -0.5864872932434082 -0.8033295273780823 
vn 0.11488547176122665 0.3094968795776367 -0.9439348578453064 
vn 0.1495383083820343 -0.587273895740509 -0.7954543828964233 
vn 0.17847050726413727 0.30660131573677063 -0.9349566102027893 
vn 0.10917060077190399 0.8075370788574219 -0.5796254277229309 
vn 0.07162199169397354 0.8066132664680481 -0.5867242813110352 
vn -0.05660116672515869 0.952564537525177 0.2990269064903259 
vn -0.03585570678114891 0.9522541761398315 0.30319350957870483 
vn -1.0341130485562108e-13 0.999997615814209 -0.002184694167226553 
vn -1.0341130485562108e-13 0.999997615814209 -0.002184694167226553 
vn 0.6314413547515869 -0.31305718421936035 0.7094202041625977 
vn 0.6742480993270874 -0.3073531985282898 0.6715083718299866 
vn -0.18019413948059082 -0.9494473338127136 -0.25706008076667786 
vn -0.18940694630146027 -0.9510036706924438 -0.24437066912651062 
vn -0.5706896185874939 -1.18031805032906e-13 -0.8211658596992493 
vn -0.6198112964630127 0.003781007369980216 -0.7847417593002319 
vn 0.4632311761379242 -0.5895081758499146 0.661737859249115 
vn 0.49905261397361755 -0.5895371437072754 0.6351318359375 
vn 3.097898456858039e-13 -0.999997615814209 -0.002184694167226553 
vn 3.097898456858039e-13 -0.999997615814209 -0.002184694167226553 
vn -1.0341130485562108e-13 0.999997615814209 -0.002184694167226553 
vn -1.0341130485562108e-13 0.999997615814209 -0.002184694167226553 
vn 0.5445765852928162 -0.31005656719207764 0.7792953848838806 
vn 0.5894681811332703 -0.3113401532173157 0.7453821301460266 
vn -0.1504516750574112 -0.9499144554138184 -0.27391019463539124 
vn -0.16162775456905365 -0.9504676461219788 -0.26549527049064636 
vn -0.470056414604187 0.0037768734619021416 -0.882628321647644 
vn -0.5231367349624634 0.0037781863939017057 -0.8522403836250305 
vn 0.3797886371612549 -0.59001225233078 0.7124928832054138 
vn 0.42529407143592834 -0.5885745882987976 0.6875353455543518 
vn 3.097898456858039e-13 -0.999997615814209 -0.002184694167226553 
vn 3.097898456858039e-13 -0.999997615814209 -0.002184694167226553 
vn 0.14650802314281464 -0.8067213892936707 -0.5724822878837585 
vn 0.17989099025726318 -0.8075569868087769 -0.5616858005523682 
vn -0.0753469318151474 -0.9525668621063232 0.2948545813560486 
vn -0.09601321816444397 -0.951991856098175 0.29067665338516235 
vn -0.16162775456905365 0.9504676461219788 -0.26549527049064636 
vn -0.1504516750574112 0.9499144554138184 -0.27391019463539124 
vn -0.496868759393692 0.3086945414543152 -0.8110666871070862 
vn -0.4490296244621277 0.30941256880760193 -0.838234007358551 
vn -0.41920527815818787 -8.670133702778568e-14 -0.9078915119171143 
vn -0.3629187345504761 -7.505998047500212e-14 -0.931820809841156 
vn -0.1317666918039322 -0.9502325654029846 -0.28230419754981995 
vn -0.11302479356527328 -0.9501223564147949 -0.29067665338516235 
vn 3.097898456858039e-13 -0.999997615814209 -0.002184694167226553 
vn 3.097898456858039e-13 -0.999997615814209 -0.002184694167226553 
vn 0.3354164958000183 -0.5910167694091797 0.7336177229881287 
vn 0.28958290815353394 -0.5895259976387024 0.7540562748908997 
vn 0.3995046317577362 -0.3079344630241394 0.8634653687477112 
vn 0.343753844499588 -0.30917978286743164 0.8867024183273315 
vn -1.0341130485562108e-13 0.999997615814209 -0.002184694167226553 
vn -1.0341130485562108e-13 0.999997615814209 -0.002184694167226553 
vn 0.17847050726413727 0.30660131573677063 -0.9349566102027893 
vn 0.1495383083820343 -0.587273895740509 -0.7954543828964233 
vn 0.11488547176122665 0.3094968795776367 -0.9439348578453064 
vn 0.10341352969408035 -0.5864872932434082 -0.8033295273780823 
vn -0.06966532766819 -0.811899721622467 0.5796254277229309 
vn -0.11089761555194855 -0.8098502159118652 0.5760593414306641 
vn -0.12631908059120178 0.003709880169481039 0.9919826984405518 
vn -0.18674300611019135 -0.0037372533697634935 0.9824016690254211 
vn -0.06966532766819 0.811899721622467 0.5796254277229309 
vn -0.11089761555194855 0.8098502159118652 0.5760593414306641 
vn -0.05660116672515869 -0.952564537525177 0.2990269064903259 
vn -0.03585570678114891 -0.9522541761398315 0.30319350957870483 
vn 0.10917060077190399 -0.8075370788574219 -0.5796254277229309 
vn 0.07162199169397354 -0.8066132664680481 -0.5867242813110352 
vn -0.07354273647069931 -0.9500869512557983 -0.30319350957870483 
vn -0.09236767143011093 -0.9510672688484192 -0.2948545813560486 
vn -0.24645960330963135 0.0037772501818835735 -0.9691457152366638 
vn -0.30527463555336 -6.31378494408627e-14 -0.9522643685340881 
vn 0.28907403349876404 -0.30904290080070496 0.9060511589050293 
vn 0.2303358018398285 -0.31126338243484497 0.9219872951507568 
vn -1.0341130485562108e-13 0.999997615814209 -0.002184694167226553 
vn -1.0341130485562108e-13 0.999997615814209 -0.002184694167226553 
vn -0.2354748696088791 0.30739396810531616 -0.9219872951507568 
vn -0.28835439682006836 0.3097144663333893 -0.9060511589050293 
vn -0.07354273647069931 0.9500869512557983 -0.30319350957870483 
vn -0.09236767143011093 0.9510672688484192 -0.2948545813560486 
vn -0.18674203753471375 0.003785469336435199 -0.9824016690254211 
vn -0.12631699442863464 0.0037805235479027033 -0.9919826984405518 
vn -0.06035389378666878 -0.9496792554855347 -0.30735430121421814 
vn -0.037736620754003525 -0.9508466124534607 -0.30735430121421814 
vn 0.10319659113883972 -0.5900833606719971 0.8007197380065918 
vn 0.14923466742038727 -0.5909305810928345 0.7927988767623901 
vn 3.097898456858039e-13 -0.999997615814209 -0.002184694167226553 
vn 3.097898456858039e-13 -0.999997615814209 -0.002184694167226553 
vn 0.17301563918590546 -0.3097122311592102 0.9349566102027893 
vn 0.11760670691728592 -0.3084730803966522 0.9439348578453064 
vn -1.0341130485562108e-13 0.999997615814209 -0.002184694167226553 
vn -1.0341130485562108e-13 0.999997615814209 -0.002184694167226553 
vn -0.11488547176122665 0.3094968795776367 -0.9439348578453064 
vn -0.17519530653953552 0.3084844946861267 -0.9349566102027893 
vn -0.037736620754003525 0.9508466124534607 -0.30735430121421814 
vn -0.06035389378666878 0.9496792554855347 -0.30735430121421814 
vn -0.016982339322566986 0.9500913619995117 -0.31150925159454346 
vn -0.0018870257772505283 0.9502412676811218 -0.31150925159454346 
vn -0.060247961431741714 0.3077424466609955 -0.949560284614563 
vn 0.0018912545638158917 0.3094267249107361 -0.9509214162826538 
vn 0.020755646750330925 0.950016438961029 -0.31150925159454346 
vn 0.060247961431741714 0.3077424466609955 -0.949560284614563 
vn 3.097898456858039e-13 -0.999997615814209 -0.002184694167226553 
vn 3.097898456858039e-13 -0.999997615814209 -0.002184694167226553 
vn 0.2458561211824417 -0.5910887718200684 0.7682244777679443 
vn 0.1997414231300354 -0.5903716087341309 0.7820260524749756 
vn 0.8093411922454834 0.31020501255989075 -0.4987381398677826 
vn 0.7801418304443359 0.30985525250434875 -0.5434780716896057 
vn 0.26294147968292236 0.9509225487709045 -0.16312000155448914 
vn 0.2576150894165039 0.9492695927619934 -0.18033768236637115 
vn 0.1504516750574112 0.9499144554138184 -0.27391019463539124 
vn 0.16162775456905365 0.9504676461219788 -0.26549527049064636 
vn 0.4511646032333374 0.3062910735607147 -0.838234007358551 
vn 0.496868759393692 0.3086945414543152 -0.8110666871070862 
vn 0.06035389378666878 -0.9496792554855347 -0.30735430121421814 
vn 0.037736620754003525 -0.9508466124534607 -0.30735430121421814 
vn 0.1867803931236267 0 -0.9824016690254211 
vn 0.1263735443353653 0 -0.9919826984405518 
vn -0.14923466742038727 -0.5909305810928345 0.7927988767623901 
vn -0.099479541182518 -0.5907213687896729 0.8007197380065918 
vn 3.097898456858039e-13 -0.999997615814209 -0.002184694167226553 
vn 3.097898456858039e-13 -0.999997615814209 -0.002184694167226553 
vn -0.11760670691728592 -0.3084730803966522 0.9439348578453064 
vn -0.17301563918590546 -0.3097122311592102 0.9349566102027893 
vn -1.0341130485562108e-13 0.999997615814209 -0.002184694167226553 
vn -1.0341130485562108e-13 0.999997615814209 -0.002184694167226553 
vn 0.020755646750330925 -0.950016438961029 -0.31150925159454346 
vn -0.0018870257772505283 -0.9502412676811218 -0.31150925159454346 
vn 0.06113334000110626 0 -0.9981296062469482 
vn 2.0682311115474694e-13 4.2775797696334704e-26 -1 
vn -0.016982339322566986 -0.9500913619995117 -0.31150925159454346 
vn -0.06113334000110626 -1.264378785860703e-14 -0.9981296062469482 
vn -1.0341130485562108e-13 0.999997615814209 -0.002184694167226553 
vn -1.0341130485562108e-13 0.999997615814209 -0.002184694167226553 
vn -0.05609837546944618 -0.30852586030960083 0.949560284614563 
vn -0.0018766504945233464 -0.30942681431770325 0.9509214162826538 
vn -1.0341130485562108e-13 0.999997615814209 -0.002184694167226553 
vn 0.05609837546944618 -0.30852586030960083 0.949560284614563 
vn 0.10917060077190399 0.8075370788574219 -0.5796254277229309 
vn 0.07162199169397354 0.8066132664680481 -0.5867242813110352 
vn -0.05660116672515869 0.952564537525177 0.2990269064903259 
vn -0.03585570678114891 0.9522541761398315 0.30319350957870483 
vn 0.03396063297986984 0.809074342250824 -0.5867242813110352 
vn -0.0018896718975156546 0.8072131872177124 -0.590256929397583 
vn -0.022645773366093636 0.9513256549835205 0.30735430121421814 
vn -9.840592967227946e-14 0.95159512758255 0.30735430121421814 
vn -0.03396063297986984 0.809074342250824 -0.5867242813110352 
vn 0.022645773366093636 0.9513256549835205 0.30735430121421814 
vn 0.28835439682006836 0.3097144663333893 -0.9060511589050293 
vn 0.2354748696088791 0.30739396810531616 -0.9219872951507568 
vn 0.09612525999546051 0.9506948590278625 -0.2948545813560486 
vn 0.07730606943368912 0.9497880935668945 -0.30319350957870483 
vn 0.3629187345504761 0 -0.931820809841156 
vn 0.41920527815818787 0 -0.9078915119171143 
vn 0.11302479356527328 -0.9501223564147949 -0.29067665338516235 
vn 0.1317666918039322 -0.9502325654029846 -0.28230419754981995 
vn -0.343753844499588 -0.30917978286743164 0.8867024183273315 
vn -0.3971956670284271 -0.3109070658683777 0.8634653687477112 
vn -1.0341130485562108e-13 0.999997615814209 -0.002184694167226553 
vn -1.0341130485562108e-13 0.999997615814209 -0.002184694167226553 
vn 0.11302479356527328 0.9501223564147949 -0.29067665338516235 
vn 0.1317666918039322 0.9502325654029846 -0.28230419754981995 
vn 0.34257182478904724 0.3104889988899231 -0.8867024183273315 
vn 0.39853745698928833 0.3091852068901062 -0.8634653687477112 
vn 0.47007158398628235 0 -0.882628321647644 
vn 0.5231503844261169 0 -0.8522403836250305 
vn 0.1504516750574112 -0.9499144554138184 -0.27391019463539124 
vn 0.16162775456905365 -0.9504676461219788 -0.26549527049064636 
vn -0.422232061624527 -0.5907750725746155 0.6875353455543518 
vn -0.38295167684555054 -0.5879641771316528 0.7124928832054138 
vn 3.097898456858039e-13 -0.999997615814209 -0.002184694167226553 
vn 3.097898456858039e-13 -0.999997615814209 -0.002184694167226553 
vn -1.0341130485562108e-13 0.999997615814209 -0.002184694167226553 
vn -1.0341130485562108e-13 0.999997615814209 -0.002184694167226553 
vn -0.49757078289985657 -0.3075616955757141 0.8110666871070862 
vn -0.44984865188598633 -0.30822059512138367 0.838234007358551 
vn 0.1931076943874359 -0.9502591490745544 -0.24437066912651062 
vn 0.18019413948059082 -0.9494473338127136 -0.25706008076667786 
vn 0.6198228597640991 0 -0.7847417593002319 
vn 0.5706896185874939 0 -0.8211658596992493 
vn -0.5445765852928162 -0.31005656719207764 0.7792953848838806 
vn -0.5894681811332703 -0.3113401532173157 0.7453821301460266 
vn -1.0341130485562108e-13 0.999997615814209 -0.002184694167226553 
vn -1.0341130485562108e-13 0.999997615814209 -0.002184694167226553 
vn 0.18019413948059082 0.9494473338127136 -0.25706008076667786 
vn 0.1931076943874359 0.9502591490745544 -0.24437066912651062 
vn 0.5442683100700378 0.31059741973876953 -0.7792953848838806 
vn 0.5924259424209595 0.30567458271980286 -0.7453821301460266 
vn 0.2171257883310318 -0.9512902498245239 -0.21886809170246124 
vn 0.2043502777814865 -0.9510962963104248 -0.23163928091526031 
vn 0.7078787684440613 0 -0.7063339352607727 
vn 0.6633741855621338 0 -0.7482877969741821 
vn 3.097898456858039e-13 -0.999997615814209 -0.002184694167226553 
vn 3.097898456858039e-13 -0.999997615814209 -0.002184694167226553 
vn -0.5361289381980896 -0.5894221067428589 0.6042742133140564 
vn -0.5683251619338989 -0.590991199016571 0.5724822878837585 
vn -0.6331077814102173 -0.3096732497215271 0.7094202041625977 
vn -0.6726744174957275 -0.3107822835445404 0.6715083718299866 
vn -1.0341130485562108e-13 0.999997615814209 -0.002184694167226553 
vn -1.0341130485562108e-13 0.999997615814209 -0.002184694167226553 
vn 0.6740345358848572 0.30782127380371094 -0.6715083718299866 
vn 0.6345208883285522 0.30676737427711487 -0.7094202041625977 
vn 0.2171257883310318 0.9512902498245239 -0.21886809170246124 
vn 0.2043502777814865 0.9510962963104248 -0.23163928091526031 
vn 3.097898456858039e-13 -0.999997615814209 -0.002184694167226553 
vn 3.097898456858039e-13 -0.999997615814209 -0.002184694167226553 
vn -0.46026214957237244 -0.5918291807174683 0.661737859249115 
vn -0.49905261397361755 -0.5895371437072754 0.6351318359375 
vn 3.097898456858039e-13 -0.999997615814209 -0.002184694167226553 
vn 3.097898456858039e-13 -0.999997615814209 -0.002184694167226553 
vn -0.1997414231300354 -0.5903716087341309 0.7820260524749756 
vn -0.2458561211824417 -0.5910887718200684 0.7682244777679443 
vn 0.24663704633712769 -0.9496515393257141 -0.19321508705615997 
vn 0.2355899065732956 -0.9497562646865845 -0.2060592919588089 
vn 0.7860940098762512 0 -0.6181069612503052 
vn 0.74683678150177 0 -0.6650074124336243 
vn 3.097898456858039e-13 -0.999997615814209 -0.002184694167226553 
vn 3.097898456858039e-13 -0.999997615814209 -0.002184694167226553 
vn -0.6041877269744873 -0.5895171761512756 0.5361219048500061 
vn -0.6351303458213806 -0.5898048281669617 0.4987381398677826 
vn -0.7113872766494751 -0.3079269230365753 0.6317508816719055 
vn -0.7457697987556458 -0.30890795588493347 0.590256929397583 
vn -1.0341130485562108e-13 0.999997615814209 -0.002184694167226553 
vn -1.0341130485562108e-13 0.999997615814209 -0.002184694167226553 
vn 0.2355899065732956 0.9497562646865845 -0.2060592919588089 
vn 0.24663704633712769 0.9496515393257141 -0.19321508705615997 
vn 0.7111921310424805 0.3083774149417877 -0.6317508816719055 
vn 0.7455888986587524 0.3093443810939789 -0.590256929397583 
vn 0.26294147968292236 -0.9509225487709045 -0.16312000155448914 
vn 0.2576150894165039 -0.9492695927619934 -0.18033768236637115 
vn 0.8533812761306763 0 -0.5212872624397278 
vn 0.8199170827865601 0 -0.5724822878837585 
vn -0.6869031190872192 -0.5922541618347168 0.42118772864341736 
vn -0.6633044481277466 -0.589963436126709 0.46040233969688416 
vn 3.097898456858039e-13 -0.999997615814209 -0.002184694167226553 
vn 3.097898456858039e-13 -0.999997615814209 -0.002184694167226553 
vn -0.7789106965065002 -0.3129371404647827 0.5434780716896057 
vn -0.8094983100891113 -0.30979469418525696 0.4987381398677826 
vn -1.0341130485562108e-13 0.999997615814209 -0.002184694167226553 
vn -1.0341130485562108e-13 0.999997615814209 -0.002184694167226553 
vn 0.2576150894165039 0.9492695927619934 -0.18033768236637115 
vn 0.26294147968292236 0.9509225487709045 -0.16312000155448914 
vn 0.7801418304443359 0.30985525250434875 -0.5434780716896057 
vn 0.8093411922454834 0.31020501255989075 -0.4987381398677826 
vn 0.8815992474555969 0 -0.4719987213611603 
vn 0.9088051319122314 0 -0.417220801115036 
vn 0.27393993735313416 -0.9506229162216187 -0.1458524912595749 
vn 0.2848259508609772 -0.9499218463897705 -0.12854042649269104 
vn -1.0341130485562108e-13 0.999997615814209 -0.002184694167226553 
vn -1.0341130485562108e-13 0.999997615814209 -0.002184694167226553 
vn -0.2863122224807739 -0.311603307723999 0.9060511589050293 
vn -0.23335228860378265 -0.30900838971138 0.9219872951507568 
vn -1.0341130485562108e-13 0.999997615814209 -0.002184694167226553 
vn -1.0341130485562108e-13 0.999997615814209 -0.002184694167226553 
vn -0.8634998202323914 -0.3107186257839203 0.3972681760787964 
vn -0.8380399942398071 -0.3103759288787842 0.4487268626689911 
vn 0.27393993735313416 0.9506229162216187 -0.1458524912595749 
vn 0.2848259508609772 0.9499218463897705 -0.12854042649269104 
vn 0.837891697883606 0.3107759654521942 -0.4487268626689911 
vn 0.8633590340614319 0.3111095130443573 -0.3972681760787964 
vn 0.9326114058494568 0 -0.36088213324546814 
vn 0.9529290199279785 0 -0.30319350957870483 
vn 0.2883718013763428 -0.9510408639907837 -0.1111890971660614 
vn 0.29903003573417664 -0.9496219754219055 -0.09380380809307098 
vn 3.097898456858039e-13 -0.999997615814209 -0.002184694167226553 
vn 3.097898456858039e-13 -0.999997615814209 -0.002184694167226553 
vn -0.7522536516189575 -0.5912880301475525 0.29067665338516235 
vn -0.7718782424926758 -0.5869300961494446 0.24437066912651062 
vn -1.0341130485562108e-13 0.999997615814209 -0.002184694167226553 
vn -1.0341130485562108e-13 0.999997615814209 -0.002184694167226553 
vn -0.9060682058334351 -0.3074857294559479 0.29067665338516235 
vn -0.8858277797698975 -0.3108207583427429 0.34452807903289795 
vn 0.9047196507453918 0.3114311993122101 -0.29067665338516235 
vn 0.885693371295929 0.3112034797668457 -0.34452807903289795 
vn 0.29903003573417664 0.9496219754219055 -0.09380380809307098 
vn 0.2883718013763428 0.9510408639907837 -0.1111890971660614 
vn 0.9696819186210632 0 -0.24437066912651062 
vn 0.9828073978424072 0 -0.18463370203971863 
vn 0.30092674493789673 -0.9505828022956848 -0.0763898640871048 
vn 0.3027311861515045 -0.9512509703636169 -0.058952588587999344 
vn 3.097898456858039e-13 -0.999997615814209 -0.002184694167226553 
vn 3.097898456858039e-13 -0.999997615814209 -0.002184694167226553 
vn -0.7822985649108887 -0.5907644629478455 0.1975002884864807 
vn -0.7944850921630859 -0.5884227156639099 0.15017375349998474 
vn -0.9216291308403015 -0.3113567531108856 0.23163928091526031 
vn -0.9349123239517212 -0.30813875794410706 0.1760382205247879 
vn -1.0341130485562108e-13 0.999997615814209 -0.002184694167226553 
vn -1.0341130485562108e-13 0.999997615814209 -0.002184694167226553 
vn 0.9337234497070312 0.31172269582748413 -0.1760382205247879 
vn 0.9215036630630493 0.3117278814315796 -0.23163928091526031 
vn 0.3027311861515045 0.9512509703636169 -0.058952588587999344 
vn 0.30092674493789673 0.9505828022956848 -0.0763898640871048 
vn -0.6331077814102173 0.3096732497215271 0.7094202041625977 
vn -0.5894681811332703 0.3113401532173157 0.7453821301460266 
vn -0.20594589412212372 0.9507520794868469 0.23163928091526031 
vn -0.18940694630146027 0.9510036706924438 0.24437066912651062 
vn 3.097898456858039e-13 -0.999997615814209 0.002184694167226553 
vn -0.8099018931388855 -0.5865612626075745 0.002184694167226553 
vn 3.097898456858039e-13 -0.999997615814209 -0.002184694167226553 
vn -0.8062167167663574 -0.5894843935966492 0.05022686347365379 
vn -0.9501164555549622 -0.3118877410888672 0.002184694167226553 
vn -1.0341130485562108e-13 0.999997615814209 0.002184694167226553 
vn -0.9495189785957336 -0.30812060832977295 0.058952588587999344 
vn -1.0341130485562108e-13 0.999997615814209 -0.002184694167226553 
vn 0.3118877410888672 0.9501164555549622 0.002184694167226553 
vn 0.9524446725845337 0.3047037422657013 0.002184694167226553 
vn 0.3118281960487366 0.9499350786209106 -0.01966099627315998 
vn 0.9483473300933838 0.3117080330848694 -0.058952588587999344 
vn -0.3046455681324005 -0.952262818813324 -0.01966099627315998 
vn -0.3047037422657013 -0.9524446725845337 0.002184694167226553 
vn 0.5861581563949585 -0.8093453645706177 0.03713129088282585 
vn 0.5926607847213745 -0.8054491877555847 0.002184694167226553 
vn -0.5865612626075745 -0.8099018931388855 -0.002184694167226553 
vn -0.5861581563949585 -0.8093453645706177 -0.03713129088282585 
vn -0.999997615814209 -2.0682260971124217e-13 0.002184694167226553 
vn -0.9979865550994873 0.0037729027681052685 -0.0633138045668602 
vn -0.5865612626075745 0.8099018931388855 0.002184694167226553 
vn -0.5861581563949585 0.8093453645706177 -0.03713129088282585 
vn -0.0358000285923481 0.811553418636322 0.5831804275512695 
vn -0.0018844576552510262 0.8097845911979675 0.5867242813110352 
vn -0.06113334000110626 -1.264378785860703e-14 0.9981296062469482 
vn 0 0 1 
vn -0.0358000285923481 -0.811553418636322 0.5831804275512695 
vn -0.0018844576552510262 -0.8097845911979675 0.5867242813110352 
vn 0.039565615355968475 0.811378538608551 0.5831804275512695 
vn 0.06113334000110626 0 0.9981296062469482 
vn 0.039565615355968475 -0.811378538608551 0.5831804275512695 
vn -0.3047037422657013 0.9524446725845337 -0.002184694167226553 
vn -0.3046455681324005 0.952262818813324 -0.01966099627315998 
vn 0.5926607847213745 0.8054491877555847 -0.002184694167226553 
vn 0.5861581563949585 0.8093453645706177 0.03713129088282585 
vn 0.8084394931793213 -0.5864322781562805 0.05022686347365379 
vn 0.8099018931388855 -0.5865612626075745 -0.002184694167226553 
vn 0.9483473300933838 0.3117080330848694 0.058952588587999344 
vn 0.9524446725845337 0.3047037422657013 -0.002184694167226553 
vn -0.11089761555194855 0.8098502159118652 0.5760593414306641 
vn -0.06966532766819 0.811899721622467 0.5796254277229309 
vn -0.18674300611019135 -0.0037372533697634935 0.9824016690254211 
vn -0.12631908059120178 0.003709880169481039 0.9919826984405518 
vn -0.11089761555194855 -0.8098502159118652 0.5760593414306641 
vn -0.06966532766819 -0.811899721622467 0.5796254277229309 
vn -0.2937221825122833 -0.9528335928916931 -0.0763898640871048 
vn -0.2991328537464142 -0.9523886442184448 -0.058952588587999344 
vn 0.5729225277900696 -0.8065276145935059 0.1458524912595749 
vn 0.5783223509788513 -0.8081956505775452 0.1111890971660614 
vn -0.2991328537464142 0.9523886442184448 -0.058952588587999344 
vn -0.2937221825122833 0.9528335928916931 -0.0763898640871048 
vn 0.5783223509788513 0.8081956505775452 0.1111890971660614 
vn 0.5729225277900696 0.8065276145935059 0.1458524912595749 
vn 0.7967254519462585 -0.5853856801986694 0.15017375349998474 
vn 0.9337234497070312 0.31172269582748413 0.1760382205247879 
vn 0.7868241667747498 -0.5847232937812805 0.1975002884864807 
vn 0.9216291308403015 0.3113567531108856 0.23163928091526031 
vn -0.546474814414978 0.8106326460838318 -0.2103329300880432 
vn -0.5577942132949829 0.8101505637168884 -0.18033768236637115 
vn -0.9326114058494568 -1.928855973597557e-13 -0.36088213324546814 
vn -0.9529215097427368 -0.0037751663476228714 -0.30319350957870483 
vn -0.546474814414978 -0.8106326460838318 -0.2103329300880432 
vn -0.5577942132949829 -0.8101505637168884 -0.18033768236637115 
vn 0.772829532623291 -0.5838920474052429 0.24860523641109467 
vn 0.904849112033844 0.31105485558509827 0.29067665338516235 
vn 0.7530806660652161 -0.588158369064331 0.2948545813560486 
vn 0.8858277797698975 0.3108207583427429 0.34452807903289795 
vn -0.5153342485427856 0.8120368123054504 -0.27391019463539124 
vn -0.529866635799408 0.8121110200881958 -0.24437066912651062 
vn -0.8815911412239075 0.003778468118980527 -0.4719987213611603 
vn -0.9088051319122314 -1.8796191003384727e-13 -0.417220801115036 
vn -0.5153342485427856 -0.8120368123054504 -0.27391019463539124 
vn -0.529866635799408 -0.8121110200881958 -0.24437066912651062 
vn -0.28120657801628113 0.9509995579719543 -0.12854042649269104 
vn -0.270309180021286 0.9516617059707642 -0.1458524912595749 
vn 0.5330241322517395 0.810042142868042 0.24437066912651062 
vn 0.5210418105125427 0.8069512844085693 0.2781098484992981 
vn 0.7362905144691467 -0.5871720910072327 0.3363112509250641 
vn 0.8634998202323914 0.3107186257839203 0.3972681760787964 
vn 0.7156980633735657 -0.585223376750946 0.3811691105365753 
vn 0.8380399942398071 0.3103759288787842 0.4487268626689911 
vn 0.09612525999546051 -0.9506948590278625 -0.2948545813560486 
vn 0.07730606943368912 -0.9497880935668945 -0.30319350957870483 
vn 0.30527463555336 0 -0.9522643685340881 
vn 0.2464885413646698 0 -0.9691457152366638 
vn 0.48172691464424133 0.8092181086540222 0.3363112509250641 
vn 0.5017051696777344 0.8085945844650269 0.30735430121421814 
vn -0.2483886480331421 0.9525301456451416 -0.1760382205247879 
vn -0.26463472843170166 0.9511827230453491 -0.15880759060382843 
vn 0.692287027835846 -0.5830857753753662 0.42514660954475403 
vn 0.8094983100891113 0.30979469418525696 0.4987381398677826 
vn 0.6637173295021057 -0.5864524245262146 0.4642767012119293 
vn 0.7803093194961548 0.3094332218170166 0.5434780716896057 
vn -0.226348415017128 -0.9529168605804443 -0.2017817199230194 
vn -0.23740234971046448 -0.952862560749054 -0.18892620503902435 
vn 0.437774658203125 -0.808519721031189 0.3932546079158783 
vn 0.460054874420166 -0.8094185590744019 0.3649536371231079 
vn -0.28475692868232727 -0.9521294236183167 -0.1111890971660614 
vn -0.2882148325443268 -0.9529601335525513 -0.09380380809307098 
vn 0.5490813255310059 -0.8077471852302551 0.21460255980491638 
vn 0.5587511658668518 -0.8094908595085144 0.18033768236637115 
vn -0.48172691464424133 0.8092181086540222 -0.3363112509250641 
vn -0.5017051696777344 0.8085945844650269 -0.30735430121421814 
vn -0.8199170827865601 -1.6957779852642269e-13 -0.5724822878837585 
vn -0.8533812761306763 -1.7649896572480978e-13 -0.5212872624397278 
vn -0.48172691464424133 -0.8092181086540222 -0.3363112509250641 
vn -0.5017051696777344 -0.8085945844650269 -0.30735430121421814 
vn -0.43858861923217773 0.8100230097770691 -0.3892335295677185 
vn -0.4619392156600952 0.8101704716682434 -0.36088213324546814 
vn -0.7468271851539612 0.003778175450861454 -0.6650074124336243 
vn -0.7860940098762512 -1.6223330458978863e-13 -0.6181069612503052 
vn -0.43858861923217773 -0.8100230097770691 -0.3892335295677185 
vn -0.4619392156600952 -0.8101704716682434 -0.36088213324546814 
vn -0.23740234971046448 0.952862560749054 -0.18892620503902435 
vn -0.226348415017128 0.9529168605804443 -0.2017817199230194 
vn 0.460054874420166 0.8094185590744019 0.3649536371231079 
vn 0.437774658203125 0.808519721031189 0.3932546079158783 
vn 0.6374243497848511 -0.58409184217453 0.5025205612182617 
vn 0.7457697987556458 0.30890795588493347 0.590256929397583 
vn 0.6038416624069214 -0.5865029096603394 0.5398051738739014 
vn 0.7113872766494751 0.3079269230365753 0.6317508816719055 
vn -0.41105690598487854 -0.8125638961791992 -0.41324591636657715 
vn -0.38734719157218933 -0.8117977976799011 -0.43697428703308105 
vn -0.7078686952590942 0.0037756471429020166 -0.7063339352607727 
vn -0.6633741855621338 -1.3720110930617174e-13 -0.7482877969741821 
vn -0.41105690598487854 0.8125638961791992 -0.41324591636657715 
vn -0.38734719157218933 0.8117977976799011 -0.43697428703308105 
vn 0.3921050429344177 0.8073788285255432 0.4409002661705017 
vn 0.41577818989753723 0.8081184029579163 0.417220801115036 
vn -0.20615820586681366 0.9517322182655334 -0.22738653421401978 
vn -0.21523340046405792 0.9526910781860352 -0.21460255980491638 
vn 0.5710375308990479 -0.5883708000183105 0.5724822878837585 
vn 0.6742480993270874 0.3073531985282898 0.6715083718299866 
vn 0.5361289381980896 -0.5894221067428589 0.6042742133140564 
vn 0.6347560286521912 0.3062804937362671 0.7094202041625977 
vn -0.20615820586681366 -0.9517322182655334 -0.22738653421401978 
vn -0.21523340046405792 -0.9526910781860352 -0.21460255980491638 
vn 0.3921050429344177 -0.8073788285255432 0.4409002661705017 
vn 0.41577818989753723 -0.8081184029579163 0.417220801115036 
vn 0.28958290815353394 -0.5895259976387024 0.7540562748908997 
vn 0.3354164958000183 -0.5910167694091797 0.7336177229881287 
vn 3.097898456858039e-13 -0.999997615814209 -0.002184694167226553 
vn 3.097898456858039e-13 -0.999997615814209 -0.002184694167226553 
vn -0.05097658559679985 -0.5862799882888794 -0.8085030317306519 
vn -0.060247961431741714 0.3077424466609955 -0.949560284614563 
vn 0.003781221341341734 -0.5849415063858032 -0.8110666871070862 
vn 0.0018912545638158917 0.3094267249107361 -0.9509214162826538 
vn 0.047208987176418304 -0.5865954160690308 -0.8085030317306519 
vn 0.060247961431741714 0.3077424466609955 -0.949560284614563 
vn 0.3397628962993622 0.8067064881324768 0.4835140109062195 
vn 0.3623080849647522 0.8081955313682556 0.4642767012119293 
vn -0.17832516133785248 0.9509335160255432 -0.25283506512641907 
vn -0.1875307857990265 0.9524542689323425 -0.2401314377784729 
vn 0.5445765852928162 0.31005656719207764 0.7792953848838806 
vn 0.46480199694633484 -0.5845718383789062 0.6650074124336243 
vn 0.5894681811332703 0.3113401532173157 0.7453821301460266 
vn 0.5047805905342102 -0.5846401453018188 0.6351318359375 
vn 0.30983248353004456 -0.8071411848068237 0.5025205612182617 
vn 0.2794376015663147 -0.8063338398933411 0.5212872624397278 
vn -0.15975922346115112 -0.9519504308700562 -0.2612801790237427 
vn -0.14111794531345367 -0.9525464773178101 -0.26970529556274414 
vn -0.27444401383399963 0.8104435801506042 -0.5175535082817078 
vn -0.30844101309776306 0.810015082359314 -0.4987381398677826 
vn -0.470056414604187 -0.0037768734619021416 -0.882628321647644 
vn -0.5231367349624634 0.0037781863939017057 -0.8522403836250305 
vn -0.27444401383399963 -0.8104435801506042 -0.5175535082817078 
vn -0.30844101309776306 -0.810015082359314 -0.4987381398677826 
vn -0.15975922346115112 0.9519504308700562 -0.2612801790237427 
vn -0.14111794531345367 0.9525464773178101 -0.26970529556274414 
vn 0.30983248353004456 0.8071411848068237 0.5025205612182617 
vn 0.2794376015663147 0.8063338398933411 0.5212872624397278 
vn 0.4477097988128662 0.3113192617893219 0.838234007358551 
vn 0.38141098618507385 -0.585244357585907 0.715552031993866 
vn 0.49757078289985657 0.3075616955757141 0.8110666871070862 
vn 0.4216912090778351 -0.5874587297439575 0.6907016038894653 
vn -0.11115710437297821 -0.9516121745109558 -0.2864931523799896 
vn -0.1298999786376953 -0.9517252445220947 -0.2781098484992981 
vn 0.21450242400169373 -0.806607723236084 0.5507928133010864 
vn 0.24357415735721588 -0.8082357048988342 0.5361219048500061 
vn -0.2882148325443268 0.9529601335525513 -0.09380380809307098 
vn -0.28475692868232727 0.9521294236183167 -0.1111890971660614 
vn 0.5587511658668518 0.8094908595085144 0.18033768236637115 
vn 0.5490813255310059 0.8077471852302551 0.21460255980491638 
vn -0.2093343734741211 0.8104419708251953 -0.5471406579017639 
vn -0.24571873247623444 0.8100261092185974 -0.5324283838272095 
vn -0.3629187345504761 -7.505998047500212e-14 -0.931820809841156 
vn -0.41920527815818787 -8.670133702778568e-14 -0.9078915119171143 
vn -0.2093343734741211 -0.8104419708251953 -0.5471406579017639 
vn -0.24571873247623444 -0.8100261092185974 -0.5324283838272095 
vn -0.17621822655200958 -0.8108699917793274 -0.5580654144287109 
vn -0.14281010627746582 -0.8099163770675659 -0.5688942670822144 
vn -0.30527463555336 -6.31378494408627e-14 -0.9522643685340881 
vn -0.24645960330963135 -0.0037772501818835735 -0.9691457152366638 
vn -0.17621822655200958 0.8108699917793274 -0.5580654144287109 
vn -0.14281010627746582 0.8099163770675659 -0.5688942670822144 
vn 0.343753844499588 0.30917978286743164 0.8867024183273315 
vn 0.2963353395462036 -0.5861608386039734 0.7540562748908997 
vn 0.3995046317577362 0.3079344630241394 0.8634653687477112 
vn 0.3381752371788025 -0.5857366919517517 0.736579954624176 
vn 0.21450242400169373 0.806607723236084 0.5507928133010864 
vn 0.24357415735721588 0.8082357048988342 0.5361219048500061 
vn -0.11115710437297821 0.9516121745109558 -0.2864931523799896 
vn -0.1298999786376953 0.9517252445220947 -0.2781098484992981 
vn -0.09049598127603531 0.952532172203064 -0.29067665338516235 
vn -0.07732346653938293 0.9524084329605103 -0.2948545813560486 
vn 0.18147483468055725 0.8072025775909424 0.5616858005523682 
vn 0.14815086126327515 0.8064213395118713 0.5724822878837585 
vn 0.2476101517677307 -0.5867078304290771 0.7710143327713013 
vn 0.28907403349876404 0.30904290080070496 0.9060511589050293 
vn 0.2015373557806015 -0.5861425399780273 0.7847417593002319 
vn 0.23634672164916992 0.3067241311073303 0.9219872951507568 
vn -0.07164862751960754 0.8117271065711975 -0.5796254277229309 
vn -0.10544497519731522 0.8105781674385071 -0.5760593414306641 
vn -0.12631699442863464 0.0037805235479027033 -0.9919826984405518 
vn -0.18674203753471375 0.003785469336435199 -0.9824016690254211 
vn -0.07164862751960754 -0.8117271065711975 -0.5796254277229309 
vn -0.10544497519731522 -0.8105781674385071 -0.5760593414306641 
vn 0.15107455849647522 -0.586880624294281 0.7954543828964233 
vn 0.17301563918590546 0.3097122311592102 0.9349566102027893 
vn 0.0992918461561203 -0.5871990919113159 0.8033295273780823 
vn 0.11760670691728592 0.3084730803966522 0.9439348578453064 
vn 0.035793062299489975 -0.8089953660964966 0.5867242813110352 
vn 2.5006773453177533e-13 -0.8072154521942139 0.590256929397583 
vn -0.022645773366093636 -0.9513256549835205 -0.30735430121421814 
vn 2.9479519411505783e-13 -0.95159512758255 -0.30735430121421814 
vn -0.03955789655447006 -0.8088200092315674 0.5867242813110352 
vn 0.022645773366093636 -0.9513256549835205 -0.30735430121421814 
vn -0.05660116672515869 0.952564537525177 -0.2990269064903259 
vn -0.03585570678114891 0.9522541761398315 -0.30319350957870483 
vn 0.11087869107723236 0.807304322719574 0.5796254277229309 
vn 0.07339306175708771 0.8064540028572083 0.5867242813110352 
vn -0.022645773366093636 0.9513256549835205 -0.30735430121421814 
vn -9.840592967227946e-14 0.95159512758255 -0.30735430121421814 
vn 0.03772348910570145 0.8063334822654724 0.590256929397583 
vn -8.36546408316749e-14 0.8072154521942139 0.590256929397583 
vn 0.022645773366093636 0.9513256549835205 -0.30735430121421814 
vn -0.03772348910570145 0.8063334822654724 0.590256929397583 
vn -0.07732346653938293 -0.9524084329605103 -0.2948545813560486 
vn -0.09049598127603531 -0.952532172203064 -0.29067665338516235 
vn 0.14815086126327515 -0.8064213395118713 0.5724822878837585 
vn 0.18147483468055725 -0.8072025775909424 0.5616858005523682 
vn -0.33490973711013794 0.811010479927063 -0.4796847105026245 
vn -0.3631344735622406 0.8100389242172241 -0.46040233969688416 
vn -0.5706896185874939 -1.18031805032906e-13 -0.8211658596992493 
vn -0.6198112964630127 -0.003781007369980216 -0.7847417593002319 
vn -0.33490973711013794 -0.811010479927063 -0.4796847105026245 
vn -0.3631344735622406 -0.8100389242172241 -0.46040233969688416 
vn -1.0341130485562108e-13 0.999997615814209 -0.002184694167226553 
vn -1.0341130485562108e-13 0.999997615814209 -0.002184694167226553 
vn -0.49757078289985657 -0.3075616955757141 0.8110666871070862 
vn -0.44984865188598633 -0.30822059512138367 0.838234007358551 
vn -0.05609837546944618 0.30852586030960083 0.949560284614563 
vn -0.04701710119843483 -0.5866107940673828 0.8085030317306519 
vn -0.0018766504945233464 0.30942681431770325 0.9509214162826538 
vn 1.8121315808593969e-13 -0.5849537253379822 0.8110666871070862 
vn 0.05609837546944618 0.30852586030960083 0.949560284614563 
vn 0.05076945945620537 -0.5862979888916016 0.8085030317306519 
vn 0.05660116672515869 -0.952564537525177 -0.2990269064903259 
vn 0.03962792083621025 -0.9521046876907349 -0.30319350957870483 
vn -0.10714229196310043 -0.8078086972236633 0.5796254277229309 
vn -0.06963887810707092 -0.8067868947982788 0.5867242813110352 
vn 0.10544497519731522 0.8105781674385071 -0.5760593414306641 
vn 0.07164862751960754 0.8117271065711975 -0.5796254277229309 
vn 0.1867803931236267 0 -0.9824016690254211 
vn 0.1263735443353653 0 -0.9919826984405518 
vn 0.10544497519731522 -0.8105781674385071 -0.5760593414306641 
vn 0.07164862751960754 -0.8117271065711975 -0.5796254277229309 
vn 0.03962792083621025 0.9521046876907349 -0.30319350957870483 
vn 0.05660116672515869 0.952564537525177 -0.2990269064903259 
vn -0.06963887810707092 0.8067868947982788 0.5867242813110352 
vn -0.10714229196310043 0.8078086972236633 0.5796254277229309 
vn -0.10300158709287643 -0.5865597724914551 0.8033295273780823 
vn -0.11760670691728592 0.3084730803966522 0.9439348578453064 
vn -0.14742068946361542 -0.5878090858459473 0.7954543828964233 
vn -0.17301563918590546 0.3097122311592102 0.9349566102027893 
vn 0.037738628685474396 0.8114656209945679 -0.5831804275512695 
vn -0.0037744969595223665 0.8097779750823975 -0.5867242813110352 
vn 0.06113334000110626 0 -0.9981296062469482 
vn -2.0682311115474694e-13 0 -1 
vn 0.037738628685474396 -0.8114656209945679 -0.5831804275512695 
vn 0.0037744969595223665 -0.8097779750823975 -0.5867242813110352 
vn -0.037738628685474396 0.8114656209945679 -0.5831804275512695 
vn -0.06113334000110626 -1.264378785860703e-14 -0.9981296062469482 
vn -0.037738628685474396 -0.8114656209945679 -0.5831804275512695 
vn -0.19797192513942719 -0.5873563289642334 0.7847417593002319 
vn -0.23335228860378265 0.30900838971138 0.9219872951507568 
vn -0.24413466453552246 -0.5881625413894653 0.7710143327713013 
vn -0.291812926530838 0.3064580261707306 0.9060511589050293 
vn -0.2108541578054428 -0.8075690865516663 0.5507928133010864 
vn -0.24718357622623444 -0.8071391582489014 0.5361219048500061 
vn 0.10740520805120468 -0.9520429372787476 -0.2864931523799896 
vn 0.12615689635276794 -0.9522286057472229 -0.2781098484992981 
vn 0.2093343734741211 -0.8104419708251953 -0.5471406579017639 
vn 0.24571873247623444 -0.8100261092185974 -0.5324283838272095 
vn 0.3629187345504761 0 -0.931820809841156 
vn 0.41920527815818787 0 -0.9078915119171143 
vn 0.2093343734741211 0.8104419708251953 -0.5471406579017639 
vn 0.24571873247623444 0.8100261092185974 -0.5324283838272095 
vn 0.10740520805120468 0.9520429372787476 -0.2864931523799896 
vn 0.12615689635276794 0.9522286057472229 -0.2781098484992981 
vn -0.2108541578054428 0.8075690865516663 0.5507928133010864 
vn -0.24718357622623444 0.8071391582489014 0.5361219048500061 
vn 0.16348232328891754 -0.9513181447982788 -0.2612801790237427 
vn 0.14485283195972443 -0.9519856572151184 -0.26970529556274414 
vn -0.30983248353004456 -0.8071411848068237 0.5025205612182617 
vn -0.27587205171585083 -0.8075606822967529 0.5212872624397278 
vn -0.2929639518260956 -0.5878531336784363 0.7540562748908997 
vn -0.343753844499588 0.30917978286743164 0.8867024183273315 
vn -0.3381752371788025 -0.5857366919517517 0.736579954624176 
vn -0.3971956670284271 0.3109070658683777 0.8634653687477112 
vn 0.3049086332321167 0.8113513588905334 -0.4987381398677826 
vn 0.27444401383399963 0.8104435801506042 -0.5175535082817078 
vn 0.5231503844261169 0 -0.8522403836250305 
vn 0.47007158398628235 0 -0.882628321647644 
vn 0.3049086332321167 -0.8113513588905334 -0.4987381398677826 
vn 0.27444401383399963 -0.8104435801506042 -0.5175535082817078 
vn -0.49757078289985657 0.3075616955757141 0.8110666871070862 
vn -0.4247460961341858 -0.5852538347244263 0.6907016038894653 
vn -0.44984865188598633 0.30822059512138367 0.838234007358551 
vn -0.38141098618507385 -0.585244357585907 0.715552031993866 
vn 0.1875307857990265 -0.9524542689323425 -0.2401314377784729 
vn 0.17461270093917847 -0.9516221880912781 -0.25283506512641907 
vn -0.3623080849647522 -0.8081955313682556 0.4642767012119293 
vn -0.33628329634666443 -0.8081632256507874 0.4835140109062195 
vn 0.33490973711013794 -0.811010479927063 -0.4796847105026245 
vn 0.3631344735622406 -0.8100389242172241 -0.46040233969688416 
vn 0.5706896185874939 0 -0.8211658596992493 
vn 0.6198228597640991 0 -0.7847417593002319 
vn 0.33490973711013794 0.811010479927063 -0.4796847105026245 
vn 0.3631344735622406 0.8100389242172241 -0.46040233969688416 
vn 0.09049598127603531 -0.952532172203064 -0.29067665338516235 
vn 0.07355925440788269 -0.9527065753936768 -0.2948545813560486 
vn -0.17779241502285004 -0.808021605014801 0.5616858005523682 
vn -0.14444001019001007 -0.8070942163467407 0.5724822878837585 
vn -0.3623080849647522 0.8081955313682556 0.4642767012119293 
vn -0.33628329634666443 0.8081632256507874 0.4835140109062195 
vn 0.1875307857990265 0.9524542689323425 -0.2401314377784729 
vn 0.17461270093917847 0.9516221880912781 -0.25283506512641907 
vn 0.21891316771507263 -0.9518522620201111 -0.21460255980491638 
vn 0.20615820586681366 -0.9517322182655334 -0.22738653421401978 
vn -0.41912832856178284 -0.8063859343528748 0.417220801115036 
vn -0.3887060582637787 -0.8090207576751709 0.4409002661705017 
vn -0.46480199694633484 -0.5845718383789062 0.6650074124336243 
vn -0.5445765852928162 0.31005656719207764 0.7792953848838806 
vn -0.5047805905342102 -0.5846401453018188 0.6351318359375 
vn -0.5894681811332703 0.3113401532173157 0.7453821301460266 
vn 0.41105690598487854 0.8125638961791992 -0.41324591636657715 
vn 0.38734719157218933 0.8117977976799011 -0.43697428703308105 
vn 0.7078787684440613 0 -0.7063339352607727 
vn 0.6633741855621338 0 -0.7482877969741821 
vn 0.41105690598487854 -0.8125638961791992 -0.41324591636657715 
vn 0.38734719157218933 -0.8117977976799011 -0.43697428703308105 
vn -0.6726744174957275 0.3107822835445404 0.6715083718299866 
vn -0.5737378001213074 -0.5857380032539368 0.5724822878837585 
vn -0.6331077814102173 0.3096732497215271 0.7094202041625977 
vn -0.5361289381980896 -0.5894221067428589 0.6042742133140564 
vn -0.437774658203125 -0.808519721031189 0.3932546079158783 
vn -0.4633322060108185 -0.8075469732284546 0.3649536371231079 
vn 0.2300199419260025 -0.9520372748374939 -0.2017817199230194 
vn 0.24106460809707642 -0.9519426226615906 -0.18892620503902435 
vn 0.43858861923217773 -0.8100230097770691 -0.3892335295677185 
vn 0.4619392156600952 -0.8101704716682434 -0.36088213324546814 
vn 0.74683678150177 0 -0.6650074124336243 
vn 0.7860940098762512 0 -0.6181069612503052 
vn 0.43858861923217773 0.8100230097770691 -0.3892335295677185 
vn 0.4619392156600952 0.8101704716682434 -0.36088213324546814 
vn 0.17621822655200958 0.8108699917793274 -0.5580654144287109 
vn 0.14281010627746582 0.8099163770675659 -0.5688942670822144 
vn 0.30527463555336 0 -0.9522643685340881 
vn 0.2464885413646698 0 -0.9691457152366638 
vn 0.17621822655200958 -0.8108699917793274 -0.5580654144287109 
vn 0.14281010627746582 -0.8099163770675659 -0.5688942670822144 
vn 0.07355925440788269 0.9527065753936768 -0.2948545813560486 
vn 0.09049598127603531 0.952532172203064 -0.29067665338516235 
vn -0.14444001019001007 0.8070942163467407 0.5724822878837585 
vn -0.17779241502285004 0.808021605014801 0.5616858005523682 
vn -0.6064640879631042 -0.5837908387184143 0.5398051738739014 
vn -0.7113872766494751 0.3079269230365753 0.6317508816719055 
vn -0.6374243497848511 -0.58409184217453 0.5025205612182617 
vn -0.7457697987556458 0.30890795588493347 0.590256929397583 
vn 0.2520406246185303 0.9515703320503235 -0.1760382205247879 
vn 0.26463472843170166 0.9511827230453491 -0.15880759060382843 
vn -0.48172691464424133 0.8092181086540222 0.3363112509250641 
vn -0.5017051696777344 0.8085945844650269 0.30735430121421814 
vn -0.6637173295021057 -0.5864524245262146 0.4642767012119293 
vn -0.7816921472549438 0.30592310428619385 0.5434780716896057 
vn -0.692287027835846 -0.5830857753753662 0.42514660954475403 
vn -0.8094983100891113 0.30979469418525696 0.4987381398677826 
vn -0.5210418105125427 -0.8069512844085693 0.2781098484992981 
vn -0.5361735224723816 -0.8079609870910645 0.24437066912651062 
vn 0.2666744887828827 -0.952686607837677 -0.1458524912595749 
vn 0.27758315205574036 -0.9520635008811951 -0.12854042649269104 
vn 0.5153342485427856 -0.8120368123054504 -0.27391019463539124 
vn 0.5330241322517395 -0.810042142868042 -0.24437066912651062 
vn 0.8815992474555969 0 -0.4719987213611603 
vn 0.9088051319122314 0 -0.417220801115036 
vn 0.5153342485427856 0.8120368123054504 -0.27391019463539124 
vn 0.5330241322517395 0.810042142868042 -0.24437066912651062 
vn 0.2666744887828827 0.952686607837677 -0.1458524912595749 
vn 0.27758315205574036 0.9520635008811951 -0.12854042649269104 
vn -0.5210418105125427 0.8069512844085693 0.2781098484992981 
vn -0.5361735224723816 0.8079609870910645 0.24437066912651062 
vn -0.7156980633735657 -0.585223376750946 0.3811691105365753 
vn -0.8380399942398071 0.3103759288787842 0.4487268626689911 
vn -0.7362905144691467 -0.5871720910072327 0.3363112509250641 
vn -0.8634998202323914 0.3107186257839203 0.3972681760787964 
vn 0.26463472843170166 -0.9511827230453491 -0.15880759060382843 
vn 0.2520406246185303 -0.9515703320503235 -0.1760382205247879 
vn -0.5017051696777344 -0.8085945844650269 0.30735430121421814 
vn -0.48172691464424133 -0.8092181086540222 0.3363112509250641 
vn 0.2300199419260025 0.9520372748374939 -0.2017817199230194 
vn 0.24106460809707642 0.9519426226615906 -0.18892620503902435 
vn -0.437774658203125 0.808519721031189 0.3932546079158783 
vn -0.4633322060108185 0.8075469732284546 0.3649536371231079 
vn 0.2918241024017334 -0.9518610835075378 -0.09380380809307098 
vn 0.2883718013763428 -0.9510408639907837 -0.1111890971660614 
vn -0.5618521571159363 -0.8073415756225586 0.18033768236637115 
vn -0.5521984696388245 -0.8056193590164185 0.21460255980491638 
vn -0.11488547176122665 0.3094968795776367 -0.9439348578453064 
vn -0.09968924522399902 -0.5871317982673645 -0.8033295273780823 
vn -0.17519530653953552 0.3084844946861267 -0.9349566102027893 
vn -0.1495383083820343 -0.587273895740509 -0.7954543828964233 
vn 0.5577942132949829 0.8101505637168884 -0.18033768236637115 
vn 0.5433382987976074 0.812738299369812 -0.2103329300880432 
vn 0.9529290199279785 0 -0.30319350957870483 
vn 0.9326114058494568 0 -0.36088213324546814 
vn 0.5577942132949829 -0.8101505637168884 -0.18033768236637115 
vn 0.5433382987976074 -0.812738299369812 -0.2103329300880432 
vn -0.5618521571159363 0.8073415756225586 0.18033768236637115 
vn -0.5521984696388245 0.8056193590164185 0.21460255980491638 
vn 0.2918241024017334 0.9518610835075378 -0.09380380809307098 
vn 0.2883718013763428 0.9510408639907837 -0.1111890971660614 
vn -0.7530806660652161 -0.588158369064331 0.2948545813560486 
vn -0.8858277797698975 0.3108207583427429 0.34452807903289795 
vn -0.772829532623291 -0.5838920474052429 0.24860523641109467 
vn -0.9060682058334351 0.3074857294559479 0.29067665338516235 
vn -0.5729225277900696 -0.8065276145935059 0.1458524912595749 
vn -0.5813883543014526 -0.8059929013252258 0.1111890971660614 
vn 0.2937221825122833 -0.9528335928916931 -0.0763898640871048 
vn 0.3027311861515045 -0.9512509703636169 -0.058952588587999344 
vn 0.5658090114593506 -0.8115338683128357 -0.1458524912595749 
vn 0.5785995721817017 -0.8085830211639404 -0.10684575140476227 
vn 0.9696819186210632 0 -0.24437066912651062 
vn 0.9828073978424072 0 -0.18463370203971863 
vn 0.5658090114593506 0.8115338683128357 -0.1458524912595749 
vn 0.5724396705627441 0.8129556179046631 -0.10684575140476227 
vn 0.3046455681324005 -0.952262818813324 -0.01966099627315998 
vn 0.30449435114860535 -0.9517901539802551 -0.03713129088282585 
vn -0.5861581563949585 -0.8093453645706177 0.03713129088282585 
vn -0.5831999182701111 -0.8091286420822144 0.07203252613544464 
vn 0.2937221825122833 0.9528335928916931 -0.0763898640871048 
vn 0.3027311861515045 0.9512509703636169 -0.058952588587999344 
vn -0.5729225277900696 0.8065276145935059 0.1458524912595749 
vn -0.5813883543014526 0.8059929013252258 0.1111890971660614 
vn -0.07162199169397354 0.8066132664680481 -0.5867242813110352 
vn -0.10917060077190399 0.8075370788574219 -0.5796254277229309 
vn 0.03962792083621025 0.9521046876907349 0.30319350957870483 
vn 0.05660116672515869 0.952564537525177 0.2990269064903259 
vn 0.5861581563949585 0.8093453645706177 -0.03713129088282585 
vn 0.5831999182701111 0.8091286420822144 -0.07203252613544464 
vn 0.9979936480522156 0 -0.0633138045668602 
vn 0.9922564625740051 0 -0.1242060661315918 
vn 0.5861581563949585 -0.8093453645706177 -0.03713129088282585 
vn 0.5831999182701111 -0.8091286420822144 -0.07203252613544464 
vn 0.30449435114860535 0.9517901539802551 -0.03713129088282585 
vn 0.3046455681324005 0.952262818813324 -0.01966099627315998 
vn -0.5831999182701111 0.8091286420822144 0.07203252613544464 
vn -0.5861581563949585 0.8093453645706177 0.03713129088282585 
vn -0.5865612626075745 -0.8099018931388855 0.002184694167226553 
vn -0.5861581563949585 -0.8093453645706177 -0.03713129088282585 
vn 0.3047037422657013 -0.9524446725845337 -0.002184694167226553 
vn 0.3046455681324005 -0.952262818813324 0.01966099627315998 
vn -0.8038675785064697 -0.5859100818634033 0.10250037163496017 
vn -0.9425521492958069 0.3118121027946472 0.11986933648586273 
vn -0.8106507062911987 -0.5833718180656433 0.05022686347365379 
vn -0.9495189785957336 0.30812060832977295 0.058952588587999344 
vn 0.5861581563949585 0.8093453645706177 0.03713129088282585 
vn 0.5865612626075745 0.8099018931388855 -0.002184694167226553 
vn 0.9979936480522156 0 0.0633138045668602 
vn 0.999997615814209 0 -0.002184694167226553 
vn 0.5861581563949585 -0.8093453645706177 0.03713129088282585 
vn 0.5865612626075745 -0.8099018931388855 -0.002184694167226553 
vn 0.3047037422657013 0.9524446725845337 0.002184694167226553 
vn 0.3046455681324005 0.952262818813324 0.01966099627315998 
vn -0.5865612626075745 0.8099018931388855 -0.002184694167226553 
vn -0.5861581563949585 0.8093453645706177 -0.03713129088282585 
vn -0.8099018931388855 -0.5865612626075745 0.002184694167226553 
vn -0.9524446725845337 0.3047037422657013 0.002184694167226553 
vn -0.8106507062911987 -0.5833718180656433 -0.05022686347365379 
vn -0.9495189785957336 0.30812060832977295 -0.058952588587999344 
vn 0.566756010055542 0.8108727931976318 0.1458524912595749 
vn 0.5733791589736938 0.8122932314872742 0.10684575140476227 
vn 0.9696819186210632 0 0.24437066912651062 
vn 0.9828073978424072 0 0.18463370203971863 
vn 0.566756010055542 -0.8108727931976318 0.1458524912595749 
vn 0.5733791589736938 -0.8122932314872742 0.10684575140476227 
vn 0.3027311861515045 0.9512509703636169 0.058952588587999344 
vn 0.2937221825122833 0.9528335928916931 0.0763898640871048 
vn -0.5813883543014526 0.8059929013252258 -0.1111890971660614 
vn -0.5689026713371277 0.8093681335449219 -0.1458524912595749 
vn -0.7944850921630859 -0.5884227156639099 -0.15017375349998474 
vn -0.9349123239517212 0.30813875794410706 -0.1760382205247879 
vn -0.7868241667747498 -0.5847232937812805 -0.1975002884864807 
vn -0.9227072596549988 0.30814704298973083 -0.23163928091526031 
vn -0.5640006065368652 -0.8058422207832336 -0.18033768236637115 
vn -0.5521984696388245 -0.8056193590164185 -0.21460255980491638 
vn 0.2918241024017334 -0.9518610835075378 0.09380380809307098 
vn 0.2883718013763428 -0.9510408639907837 0.1111890971660614 
vn 0.544317901134491 0.8120825290679932 0.2103329300880432 
vn 0.5587511658668518 0.8094908595085144 0.18033768236637115 
vn 0.9326114058494568 0 0.36088213324546814 
vn 0.9529290199279785 0 0.30319350957870483 
vn 0.544317901134491 -0.8120825290679932 0.2103329300880432 
vn 0.5587511658668518 -0.8094908595085144 0.18033768236637115 
vn 0.2918241024017334 0.9518610835075378 0.09380380809307098 
vn 0.2883718013763428 0.9510408639907837 0.1111890971660614 
vn -0.5640006065368652 0.8058422207832336 -0.18033768236637115 
vn -0.5521984696388245 0.8056193590164185 -0.21460255980491638 
vn -0.772829532623291 -0.5838920474052429 -0.24860523641109467 
vn -0.9047196507453918 0.3114311993122101 -0.29067665338516235 
vn -0.7549106478691101 -0.5858076810836792 -0.2948545813560486 
vn -0.8869380354881287 0.3076382577419281 -0.34452807903289795 
vn 0.2681747078895569 -0.9522653818130493 0.1458524912595749 
vn 0.27758315205574036 -0.9520635008811951 0.12854042649269104 
vn -0.5168546438217163 -0.809639573097229 -0.2781098484992981 
vn -0.5361735224723816 -0.8079609870910645 -0.24437066912651062 
vn -0.11302479356527328 -0.9501223564147949 -0.29067665338516235 
vn -0.1317666918039322 -0.9502325654029846 -0.28230419754981995 
vn -0.3629187345504761 -7.505998047500212e-14 -0.931820809841156 
vn -0.41920527815818787 -8.670133702778568e-14 -0.9078915119171143 
vn -0.5168546438217163 0.809639573097229 -0.2781098484992981 
vn -0.5361735224723816 0.8079609870910645 -0.24437066912651062 
vn 0.2681747078895569 0.9522653818130493 0.1458524912595749 
vn 0.27758315205574036 0.9520635008811951 0.12854042649269104 
vn -0.8391982316970825 0.3072303533554077 -0.4487268626689911 
vn -0.7127767205238342 -0.5887778997421265 -0.3811691105365753 
vn -0.8646327257156372 0.3075520694255829 -0.3972681760787964 
vn -0.7362905144691467 -0.5871720910072327 -0.3363112509250641 
vn -0.5017051696777344 -0.8085945844650269 -0.30735430121421814 
vn -0.48172691464424133 -0.8092181086540222 -0.3363112509250641 
vn 0.26463472843170166 -0.9511827230453491 0.15880759060382843 
vn 0.2520406246185303 -0.9515703320503235 0.1760382205247879 
vn 0.5017051696777344 -0.8085945844650269 0.30735430121421814 
vn 0.48172691464424133 -0.8092181086540222 0.3363112509250641 
vn 0.8533812761306763 0 0.5212872624397278 
vn 0.8199170827865601 0 0.5724822878837585 
vn 0.5017051696777344 0.8085945844650269 0.30735430121421814 
vn 0.48172691464424133 0.8092181086540222 0.3363112509250641 
vn 0.5163530111312866 0.8113893866539001 0.27391019463539124 
vn 0.5330241322517395 0.810042142868042 0.24437066912651062 
vn 0.8815992474555969 0 0.4719987213611603 
vn 0.9088051319122314 0 0.417220801115036 
vn 0.5163530111312866 -0.8113893866539001 0.27391019463539124 
vn 0.5330241322517395 -0.810042142868042 0.24437066912651062 
vn -0.48172691464424133 0.8092181086540222 -0.3363112509250641 
vn -0.5017051696777344 0.8085945844650269 -0.30735430121421814 
vn 0.2520406246185303 0.9515703320503235 0.1760382205247879 
vn 0.26463472843170166 0.9511827230453491 0.15880759060382843 
vn -0.6893032789230347 -0.5866100192070007 -0.42514660954475403 
vn -0.8106851577758789 0.3066755533218384 -0.4987381398677826 
vn -0.6656377911567688 -0.5842717289924622 -0.4642767012119293 
vn -0.7801418304443359 0.30985525250434875 -0.5434780716896057 
vn -0.0358000285923481 0.811553418636322 0.5831804275512695 
vn -0.0018844576552510262 0.8097845911979675 0.5867242813110352 
vn -0.06113334000110626 -1.264378785860703e-14 0.9981296062469482 
vn 0 0 1 
vn -0.0358000285923481 -0.811553418636322 0.5831804275512695 
vn -0.0018844576552510262 -0.8097845911979675 0.5867242813110352 
vn 0.039565615355968475 0.811378538608551 0.5831804275512695 
vn 0.06113334000110626 0 0.9981296062469482 
vn 0.039565615355968475 -0.811378538608551 0.5831804275512695 
vn 0.2300199419260025 -0.9520372748374939 0.2017817199230194 
vn 0.24106460809707642 -0.9519426226615906 0.18892620503902435 
vn -0.43995770812034607 -0.8073338866233826 -0.3932546079158783 
vn -0.4633322060108185 -0.8075469732284546 -0.3649536371231079 
vn -0.43995770812034607 0.8073338866233826 -0.3932546079158783 
vn -0.4633322060108185 0.8075469732284546 -0.3649536371231079 
vn 0.2300199419260025 0.9520372748374939 0.2017817199230194 
vn 0.24106460809707642 0.9519426226615906 0.18892620503902435 
vn -0.634260356426239 -0.5875260829925537 -0.5025205612182617 
vn -0.7470290660858154 0.30585017800331116 -0.590256929397583 
vn -0.6031954288482666 -0.587167501449585 -0.5398051738739014 
vn -0.7096816897392273 0.31183773279190063 -0.6317508816719055 
vn 0.20037397742271423 -0.9529667496681213 0.22738653421401978 
vn 0.21891316771507263 -0.9518522620201111 0.21460255980491638 
vn -0.3887060582637787 -0.8090207576751709 -0.4409002661705017 
vn -0.41460660099983215 -0.8087201118469238 -0.417220801115036 
vn 0.21891316771507263 0.9518522620201111 0.21460255980491638 
vn 0.20037397742271423 0.9529667496681213 0.22738653421401978 
vn -0.41460660099983215 0.8087201118469238 -0.417220801115036 
vn -0.3887060582637787 0.8090207576751709 -0.4409002661705017 
vn -0.20594589412212372 -0.9507520794868469 0.23163928091526031 
vn -0.18940694630146027 -0.9510036706924438 0.24437066912651062 
vn -0.663363516330719 0.003768608206883073 0.7482877969741821 
vn -0.6198114156723022 0.00376638094894588 0.7847417593002319 
vn 0.10716044902801514 -0.81035315990448 0.5760593414306641 
vn 0.07342105358839035 -0.8115686774253845 0.5796254277229309 
vn 0.1867803931236267 0 0.9824016690254211 
vn 0.1263735443353653 0 0.9919826984405518 
vn 0.10716044902801514 0.81035315990448 0.5760593414306641 
vn 0.07342105358839035 0.8115686774253845 0.5796254277229309 
vn 0.3362175524234772 0.8104692101478577 0.4796847105026245 
vn 0.36439386010169983 0.8094731569290161 0.46040233969688416 
vn 0.5706896185874939 0 0.8211658596992493 
vn 0.6198228597640991 0 0.7847417593002319 
vn 0.3362175524234772 -0.8104692101478577 0.4796847105026245 
vn 0.36439386010169983 -0.8094731569290161 0.46040233969688416 
vn 0.1875307857990265 0.9524542689323425 0.2401314377784729 
vn 0.17461270093917847 0.9516221880912781 0.25283506512641907 
vn -0.36449143290519714 0.8072131872177124 -0.4642767012119293 
vn -0.33846357464790344 0.8072525262832642 -0.4835140109062195 
vn -0.5461312532424927 0.3073098957538605 -0.7792953848838806 
vn -0.4609885811805725 -0.5875837802886963 -0.6650074124336243 
vn -0.5889211297035217 0.3123737573623657 -0.7453821301460266 
vn -0.5032150745391846 -0.5859881639480591 -0.6351318359375 
vn -0.30494824051856995 -0.8089991807937622 -0.5025205612182617 
vn -0.278032124042511 -0.8068195581436157 -0.5212872624397278 
vn 0.15770211815834045 -0.9522933959960938 0.2612801790237427 
vn 0.1465379148721695 -0.9517277479171753 0.26970529556274414 
vn 0.30626943707466125 -0.8108386397361755 0.4987381398677826 
vn 0.27585795521736145 -0.8099634051322937 0.5175535082817078 
vn 0.5231503844261169 0 0.8522403836250305 
vn 0.47007158398628235 0 0.882628321647644 
vn 0.30626943707466125 0.8108386397361755 0.4987381398677826 
vn 0.27585795521736145 0.8099634051322937 0.5175535082817078 
vn 0.17461270093917847 -0.9516221880912781 0.25283506512641907 
vn 0.1875307857990265 -0.9524542689323425 0.2401314377784729 
vn -0.33846357464790344 -0.8072525262832642 -0.4835140109062195 
vn -0.36449143290519714 -0.8072131872177124 -0.4642767012119293 
vn -0.42290741205215454 -0.5865837931632996 -0.6907016038894653 
vn -0.496868759393692 0.3086945414543152 -0.8110666871070862 
vn -0.38357242941856384 -0.5838300585746765 -0.715552031993866 
vn -0.4490296244621277 0.30941256880760193 -0.838234007358551 
vn 0.10914502292871475 -0.9518450498580933 0.2864931523799896 
vn 0.1278696060180664 -0.9520001411437988 0.2781098484992981 
vn -0.21297846734523773 -0.8070114254951477 -0.5507928133010864 
vn -0.24933044612407684 -0.8064785599708557 -0.5361219048500061 
vn 0.2108665406703949 0.8100447058677673 0.5471406579017639 
vn 0.24718473851680756 0.8095799684524536 0.5324283838272095 
vn 0.3629187345504761 0 0.931820809841156 
vn 0.41920527815818787 0 0.9078915119171143 
vn 0.2108665406703949 -0.8100447058677673 0.5471406579017639 
vn 0.24718473851680756 -0.8095799684524536 0.5324283838272095 
vn -0.21297846734523773 0.8070114254951477 -0.5507928133010864 
vn -0.24933044612407684 0.8064785599708557 -0.5361219048500061 
vn 0.10914502292871475 0.9518450498580933 0.2864931523799896 
vn 0.1278696060180664 0.9520001411437988 0.2781098484992981 
vn -0.2354748696088791 0.30739396810531616 -0.9219872951507568 
vn -0.20229104161262512 -0.585882842540741 -0.7847417593002319 
vn -0.28835439682006836 0.3097144663333893 -0.9060511589050293 
vn -0.24849571287631989 -0.5863333344459534 -0.7710143327713013 
vn -0.34257182478904724 0.3104889988899231 -0.8867024183273315 
vn -0.29515090584754944 -0.5867581367492676 -0.7540562748908997 
vn -0.3962080478668213 0.31216463446617126 -0.8634653687477112 
vn -0.3359900414943695 -0.5869928598403931 -0.736579954624176 
vn 0.14446069300174713 0.8096235990524292 0.5688942670822144 
vn 0.17781005799770355 0.8105223774909973 0.5580654144287109 
vn 0.2464885413646698 0 0.9691457152366638 
vn 0.30527463555336 0 0.9522643685340881 
vn 0.14446069300174713 -0.8096235990524292 0.5688942670822144 
vn 0.17781005799770355 -0.8105223774909973 0.5580654144287109 
vn -0.14650802314281464 0.8067213892936707 -0.5724822878837585 
vn -0.17989099025726318 0.8075569868087769 -0.5616858005523682 
vn 0.0753469318151474 0.9525668621063232 0.2948545813560486 
vn 0.0922599509358406 0.9523629546165466 0.29067665338516235 
vn -0.6345208883285522 0.30676737427711487 -0.7094202041625977 
vn -0.5381783246994019 -0.587551474571228 -0.6042742133140564 
vn -0.6740345358848572 0.30782127380371094 -0.6715083718299866 
vn -0.5703466534614563 -0.5890405178070068 -0.5724822878837585 
vn 0.0753469318151474 -0.9525668621063232 0.2948545813560486 
vn 0.0922599509358406 -0.9523629546165466 0.29067665338516235 
vn -0.14650802314281464 -0.8067213892936707 -0.5724822878837585 
vn -0.17989099025726318 -0.8075569868087769 -0.5616858005523682 
vn 0.43972301483154297 0.8094077706336975 0.3892335295677185 
vn 0.46303632855415344 0.8095439672470093 0.36088213324546814 
vn 0.74683678150177 0 0.6650074124336243 
vn 0.7860940098762512 0 0.6181069612503052 
vn 0.43972301483154297 -0.8094077706336975 0.3892335295677185 
vn 0.46303632855415344 -0.8095439672470093 0.36088213324546814 
vn 0.9047196507453918 0.3114311993122101 -0.29067665338516235 
vn 0.885693371295929 0.3112034797668457 -0.34452807903289795 
vn 0.29903003573417664 0.9496219754219055 -0.09380380809307098 
vn 0.2883718013763428 0.9510408639907837 -0.1111890971660614 
vn -0.022645773366093636 -0.9513256549835205 0.30735430121421814 
vn 2.9479519411505783e-13 -0.95159512758255 0.30735430121421814 
vn 0.03396063297986984 -0.809074342250824 -0.5867242813110352 
vn -0.0018896718975156546 -0.8072131872177124 -0.590256929397583 
vn 0.022645773366093636 -0.9513256549835205 0.30735430121421814 
vn -0.03396063297986984 -0.809074342250824 -0.5867242813110352 
vn -0.5445765852928162 0.31005656719207764 0.7792953848838806 
vn -0.49757078289985657 0.3075616955757141 0.8110666871070862 
vn -0.17811985313892365 0.9498386383056641 0.25706008076667786 
vn -0.15956874191761017 0.9508154988288879 0.26549527049064636 
vn -1.0341130485562108e-13 0.999997615814209 0.002184694167226553 
vn -1.0341130485562108e-13 0.999997615814209 0.002184694167226553 
vn 0.5442683100700378 -0.31059741973876953 -0.7792953848838806 
vn 0.496868759393692 -0.3086945414543152 -0.8110666871070862 
vn 0.022645773366093636 0.9513256549835205 0.30735430121421814 
vn -9.840592967227946e-14 0.95159512758255 0.30735430121421814 
vn -0.03396063297986984 0.809074342250824 -0.5867242813110352 
vn -0.0018896718975156546 0.8072131872177124 -0.590256929397583 
vn -0.022645773366093636 0.9513256549835205 0.30735430121421814 
vn 0.03396063297986984 0.809074342250824 -0.5867242813110352 
vn -0.05660116672515869 -0.952564537525177 0.2990269064903259 
vn -0.03585570678114891 -0.9522541761398315 0.30319350957870483 
vn 0.10917060077190399 -0.8075370788574219 -0.5796254277229309 
vn 0.07162199169397354 -0.8066132664680481 -0.5867242813110352 
vn 0.03962792083621025 -0.9521046876907349 0.30319350957870483 
vn 0.05660116672515869 -0.952564537525177 0.2990269064903259 
vn -0.07162199169397354 -0.8066132664680481 -0.5867242813110352 
vn -0.10917060077190399 -0.8075370788574219 -0.5796254277229309 
vn 0.15770211815834045 0.9522933959960938 0.2612801790237427 
vn 0.1465379148721695 0.9517277479171753 0.26970529556274414 
vn -0.30494824051856995 0.8089991807937622 -0.5025205612182617 
vn -0.278032124042511 0.8068195581436157 -0.5212872624397278 
vn -0.422232061624527 -0.5907750725746155 0.6875353455543518 
vn -0.38295167684555054 -0.5879641771316528 0.7124928832054138 
vn 3.097898456858039e-13 -0.999997615814209 -0.002184694167226553 
vn 3.097898456858039e-13 -0.999997615814209 -0.002184694167226553 
vn -1.0341130485562108e-13 0.999997615814209 -0.002184694167226553 
vn -1.0341130485562108e-13 0.999997615814209 -0.002184694167226553 
vn 0.4477097988128662 -0.3113192617893219 0.838234007358551 
vn 0.49757078289985657 -0.3075616955757141 0.8110666871070862 
vn -0.17811985313892365 -0.9498386383056641 0.25706008076667786 
vn -0.15956874191761017 -0.9508154988288879 0.26549527049064636 
vn -0.5706896185874939 -1.18031805032906e-13 0.8211658596992493 
vn -0.5231503844261169 -1.0819958888271322e-13 0.8522403836250305 
vn -0.1495383083820343 -0.587273895740509 -0.7954543828964233 
vn -0.17519530653953552 0.3084844946861267 -0.9349566102027893 
vn -0.09968924522399902 -0.5871317982673645 -0.8033295273780823 
vn -0.11488547176122665 0.3094968795776367 -0.9439348578453064 
vn -0.07162199169397354 0.8066132664680481 -0.5867242813110352 
vn -0.10917060077190399 0.8075370788574219 -0.5796254277229309 
vn 0.03962792083621025 0.9521046876907349 0.30319350957870483 
vn 0.05660116672515869 0.952564537525177 0.2990269064903259 
vn -0.2483886480331421 -0.9525301456451416 -0.1760382205247879 
vn -0.26463472843170166 -0.9511827230453491 -0.15880759060382843 
vn 0.48172691464424133 -0.8092181086540222 0.3363112509250641 
vn 0.5017051696777344 -0.8085945844650269 0.30735430121421814 
vn 0.41105690598487854 -0.8125638961791992 0.41324591636657715 
vn 0.3885667324066162 -0.8112147450447083 0.43697428703308105 
vn 0.7078787684440613 0 0.7063339352607727 
vn 0.6633741855621338 0 0.7482877969741821 
vn 0.41105690598487854 0.8125638961791992 0.41324591636657715 
vn 0.3885667324066162 0.8112147450447083 0.43697428703308105 
vn -0.44984865188598633 0.30822059512138367 0.838234007358551 
vn -0.3971956670284271 0.3109070658683777 0.8634653687477112 
vn -0.14840221405029297 0.9502367973327637 0.27391019463539124 
vn -0.12973441183567047 0.9505121111869812 0.28230419754981995 
vn 0.3797886371612549 -0.59001225233078 0.7124928832054138 
vn 0.42529407143592834 -0.5885745882987976 0.6875353455543518 
vn 3.097898456858039e-13 -0.999997615814209 -0.002184694167226553 
vn 3.097898456858039e-13 -0.999997615814209 -0.002184694167226553 
vn 0.10716044902801514 -0.81035315990448 0.5760593414306641 
vn 0.07342105358839035 -0.8115686774253845 0.5796254277229309 
vn 0.1867803931236267 0 0.9824016690254211 
vn 0.1263735443353653 0 0.9919826984405518 
vn 0.10716044902801514 0.81035315990448 0.5760593414306641 
vn 0.07342105358839035 0.8115686774253845 0.5796254277229309 
vn -1.0341130485562108e-13 0.999997615814209 0.002184694167226553 
vn -1.0341130485562108e-13 0.999997615814209 0.002184694167226553 
vn 0.4468730390071869 -0.3125191628932953 -0.838234007358551 
vn 0.39853745698928833 -0.3091852068901062 -0.8634653687477112 
vn -0.2354748696088791 0.30739396810531616 -0.9219872951507568 
vn -0.20229104161262512 -0.585882842540741 -0.7847417593002319 
vn -0.28835439682006836 0.3097144663333893 -0.9060511589050293 
vn -0.24849571287631989 -0.5863333344459534 -0.7710143327713013 
vn -0.4490296244621277 0.30941256880760193 -0.838234007358551 
vn -0.496868759393692 0.3086945414543152 -0.8110666871070862 
vn -0.1504516750574112 0.9499144554138184 -0.27391019463539124 
vn -0.16162775456905365 0.9504676461219788 -0.26549527049064636 
vn -0.30626943707466125 0.8108386397361755 0.4987381398677826 
vn -0.27228644490242004 0.8111710548400879 0.5175535082817078 
vn -0.5231503844261169 -1.0819958888271322e-13 0.8522403836250305 
vn -0.47007158398628235 -9.722166241553712e-14 0.882628321647644 
vn -0.30626943707466125 -0.8108386397361755 0.4987381398677826 
vn -0.27228644490242004 -0.8111710548400879 0.5175535082817078 
vn -0.1875307857990265 -0.9524542689323425 0.2401314377784729 
vn -0.17832516133785248 -0.9509335160255432 0.25283506512641907 
vn 0.36792901158332825 -0.8056521415710449 -0.4642767012119293 
vn 0.33846357464790344 -0.8072525262832642 -0.4835140109062195 
vn -0.33273133635520935 -0.8119066953659058 0.4796847105026245 
vn -0.36094939708709717 -0.8110148906707764 0.46040233969688416 
vn -0.5706896185874939 -1.18031805032906e-13 0.8211658596992493 
vn -0.6198114156723022 -0.00376638094894588 0.7847417593002319 
vn -0.33273133635520935 0.8119066953659058 0.4796847105026245 
vn -0.36094939708709717 0.8110148906707764 0.46040233969688416 
vn 0.496868759393692 0.3086945414543152 -0.8110666871070862 
vn 0.42596787214279175 -0.58436518907547 -0.6907016038894653 
vn 0.4511646032333374 0.3062910735607147 -0.838234007358551 
vn 0.38040995597839355 -0.5858955383300781 -0.715552031993866 
vn -0.14650802314281464 0.8067213892936707 -0.5724822878837585 
vn -0.17989099025726318 0.8075569868087769 -0.5616858005523682 
vn 0.0753469318151474 0.9525668621063232 0.2948545813560486 
vn 0.0922599509358406 0.9523629546165466 0.29067665338516235 
vn -0.21523340046405792 -0.9526910781860352 0.21460255980491638 
vn -0.2040639966726303 -0.9521834254264832 0.22738653421401978 
vn 0.41460660099983215 -0.8087201118469238 -0.417220801115036 
vn 0.3921050429344177 -0.8073788285255432 -0.4409002661705017 
vn -0.17832516133785248 0.9509335160255432 0.25283506512641907 
vn -0.1875307857990265 0.9524542689323425 0.2401314377784729 
vn 0.33846357464790344 0.8072525262832642 -0.4835140109062195 
vn 0.36792901158332825 0.8056521415710449 -0.4642767012119293 
vn 0.46395522356033325 -0.5852441787719727 -0.6650074124336243 
vn 0.5442683100700378 0.31059741973876953 -0.7792953848838806 
vn 0.5032150745391846 -0.5859881639480591 -0.6351318359375 
vn 0.5889211297035217 0.3123737573623657 -0.7453821301460266 
vn 0.14446069300174713 0.8096235990524292 0.5688942670822144 
vn 0.17781005799770355 0.8105223774909973 0.5580654144287109 
vn 0.2464885413646698 0 0.9691457152366638 
vn 0.30527463555336 0 0.9522643685340881 
vn 0.14446069300174713 -0.8096235990524292 0.5688942670822144 
vn 0.17781005799770355 -0.8105223774909973 0.5580654144287109 
vn -0.41105690598487854 0.8125638961791992 0.41324591636657715 
vn -0.3919658362865448 0.8095778226852417 0.43697428703308105 
vn -0.7078787684440613 -1.4640568759497624e-13 0.7063339352607727 
vn -0.663363516330719 0.003768608206883073 0.7482877969741821 
vn -0.41105690598487854 -0.8125638961791992 0.41324591636657715 
vn -0.3919658362865448 -0.8095778226852417 0.43697428703308105 
vn 0.41460660099983215 0.8087201118469238 -0.417220801115036 
vn 0.3921050429344177 0.8073788285255432 -0.4409002661705017 
vn -0.21523340046405792 0.9526910781860352 0.21460255980491638 
vn -0.2040639966726303 0.9521834254264832 0.22738653421401978 
vn 0.460054874420166 0.8094185590744019 -0.3649536371231079 
vn 0.44326943159103394 0.8055203557014465 -0.3932546079158783 
vn -0.23740234971046448 0.952862560749054 0.18892620503902435 
vn -0.226348415017128 0.9529168605804443 0.2017817199230194 
vn 0.6031954288482666 -0.587167501449585 -0.5398051738739014 
vn 0.7111921310424805 0.3083774149417877 -0.6317508816719055 
vn 0.636821448802948 -0.5847491025924683 -0.5025205612182617 
vn 0.7455888986587524 0.3093443810939789 -0.590256929397583 
vn -0.26463472843170166 -0.9511827230453491 0.15880759060382843 
vn -0.2483886480331421 -0.9525301456451416 0.1760382205247879 
vn 0.5017051696777344 -0.8085945844650269 -0.30735430121421814 
vn 0.48172691464424133 -0.8092181086540222 -0.3363112509250641 
vn 0.6740345358848572 0.30782127380371094 -0.6715083718299866 
vn 0.5703466534614563 -0.5890405178070068 -0.5724822878837585 
vn 0.6345208883285522 0.30676737427711487 -0.7094202041625977 
vn 0.5409563779830933 -0.5849947333335876 -0.6042742133140564 
vn -0.4364040195941925 -0.8112020492553711 0.3892335295677185 
vn -0.459759384393692 -0.8114095330238342 0.36088213324546814 
vn -0.74683678150177 -1.5446309867012814e-13 0.6650074124336243 
vn -0.7860849499702454 -0.003770347684621811 0.6181069612503052 
vn -0.4364040195941925 0.8112020492553711 0.3892335295677185 
vn -0.459759384393692 0.8114095330238342 0.36088213324546814 
vn -0.2483886480331421 0.9525301456451416 0.1760382205247879 
vn -0.26463472843170166 0.9511827230453491 0.15880759060382843 
vn 0.48172691464424133 0.8092181086540222 -0.3363112509250641 
vn 0.5017051696777344 0.8085945844650269 -0.30735430121421814 
vn 0.6631411910057068 -0.5871038436889648 -0.4642767012119293 
vn 0.7801418304443359 0.30985525250434875 -0.5434780716896057 
vn 0.6917446851730347 -0.583729088306427 -0.42514660954475403 
vn 0.8093411922454834 0.31020501255989075 -0.4987381398677826 
vn 0.5200340151786804 -0.8076010942459106 -0.2781098484992981 
vn 0.5330241322517395 -0.810042142868042 -0.24437066912651062 
vn -0.2681747078895569 -0.9522653818130493 0.1458524912595749 
vn -0.28120657801628113 -0.9509995579719543 0.12854042649269104 
vn -0.5195313692092896 -0.8093580007553101 0.27391019463539124 
vn -0.529866635799408 -0.8121110200881958 0.24437066912651062 
vn -0.8815992474555969 -1.8233509049402769e-13 0.4719987213611603 
vn -0.9087973237037659 0.0037715816870331764 0.417220801115036 
vn -0.5195313692092896 0.8093580007553101 0.27391019463539124 
vn -0.529866635799408 0.8121110200881958 0.24437066912651062 
vn -0.2681747078895569 0.9522653818130493 0.1458524912595749 
vn -0.28120657801628113 0.9509995579719543 0.12854042649269104 
vn 0.5200340151786804 0.8076010942459106 -0.2781098484992981 
vn 0.5330241322517395 0.810042142868042 -0.24437066912651062 
vn 0.7151761054992676 -0.585861086845398 -0.3811691105365753 
vn 0.837891697883606 0.3107759654521942 -0.4487268626689911 
vn 0.7362905144691467 -0.5871720910072327 -0.3363112509250641 
vn 0.8633590340614319 0.3111095130443573 -0.3972681760787964 
vn -0.23740234971046448 -0.952862560749054 0.18892620503902435 
vn -0.226348415017128 -0.9529168605804443 0.2017817199230194 
vn 0.460054874420166 -0.8094185590744019 -0.3649536371231079 
vn 0.44326943159103394 -0.8055203557014465 -0.3932546079158783 
vn -0.1504516750574112 -0.9499144554138184 -0.27391019463539124 
vn -0.16162775456905365 -0.9504676461219788 -0.26549527049064636 
vn -0.470056414604187 0.0037768734619021416 -0.882628321647644 
vn -0.5231367349624634 0.0037781863939017057 -0.8522403836250305 
vn -0.2882148325443268 -0.9529601335525513 0.09380380809307098 
vn -0.28475692868232727 -0.9521294236183167 0.1111890971660614 
vn 0.5640006065368652 -0.8058422207832336 -0.18033768236637115 
vn 0.5490813255310059 -0.8077471852302551 -0.21460255980491638 
vn -0.28475692868232727 0.9521294236183167 0.1111890971660614 
vn -0.2882148325443268 0.9529601335525513 0.09380380809307098 
vn 0.5490813255310059 0.8077471852302551 -0.21460255980491638 
vn 0.5640006065368652 0.8058422207832336 -0.18033768236637115 
vn 0.7525898814201355 -0.5887863039970398 -0.2948545813560486 
vn 0.885693371295929 0.3112034797668457 -0.34452807903289795 
vn 0.772829532623291 -0.5838920474052429 -0.24860523641109467 
vn 0.9047196507453918 0.3114311993122101 -0.29067665338516235 
vn 0.5719881057739258 -0.8071905970573425 -0.1458524912595749 
vn 0.5783223509788513 -0.8081956505775452 -0.1111890971660614 
vn -0.2937221825122833 -0.9528335928916931 0.0763898640871048 
vn -0.2991328537464142 -0.9523886442184448 0.058952588587999344 
vn -0.566756010055542 -0.8108727931976318 0.1458524912595749 
vn -0.5733791589736938 -0.8122932314872742 0.10684575140476227 
vn -0.9696745276451111 0.003774892073124647 0.24437066912651062 
vn -0.9828073978424072 -2.0326728039470054e-13 0.18463370203971863 
vn -0.566756010055542 0.8108727931976318 0.1458524912595749 
vn -0.5733791589736938 0.8122932314872742 0.10684575140476227 
vn -1.0341130485562108e-13 0.999997615814209 -0.002184694167226553 
vn -1.0341130485562108e-13 0.999997615814209 -0.002184694167226553 
vn -0.8094983100891113 -0.30979469418525696 0.4987381398677826 
vn -0.7789106965065002 -0.3129371404647827 0.5434780716896057 
vn -0.14840221405029297 -0.9502367973327637 0.27391019463539124 
vn -0.12973441183567047 -0.9505121111869812 0.28230419754981995 
vn -0.47007158398628235 -9.722166241553712e-14 0.882628321647644 
vn -0.41920527815818787 -8.670133702778568e-14 0.9078915119171143 
vn -0.2937221825122833 0.9528335928916931 0.0763898640871048 
vn -0.2991328537464142 0.9523886442184448 0.058952588587999344 
vn 0.5719881057739258 0.8071905970573425 -0.1458524912595749 
vn 0.5783223509788513 0.8081956505775452 -0.1111890971660614 
vn 0.7868241667747498 -0.5847232937812805 -0.1975002884864807 
vn 0.9215036630630493 0.3117278814315796 -0.23163928091526031 
vn 0.7967254519462585 -0.5853856801986694 -0.15017375349998474 
vn 0.9337234497070312 0.31172269582748413 -0.1760382205247879 
vn 0.0753469318151474 -0.9525668621063232 0.2948545813560486 
vn 0.0922599509358406 -0.9523629546165466 0.29067665338516235 
vn -0.14650802314281464 -0.8067213892936707 -0.5724822878837585 
vn -0.17989099025726318 -0.8075569868087769 -0.5616858005523682 
vn -0.5831999182701111 0.8091286420822144 0.07203252613544464 
vn -0.9922564625740051 -2.0522155481060567e-13 0.1242060661315918 
vn -0.5861581563949585 0.8093453645706177 0.03713129088282585 
vn -0.9979865550994873 -0.0037729027681052685 0.0633138045668602 
vn -0.5831999182701111 -0.8091286420822144 0.07203252613544464 
vn -0.5861581563949585 -0.8093453645706177 0.03713129088282585 
vn 0.9483473300933838 0.3117080330848694 -0.058952588587999344 
vn 0.8084394931793213 -0.5864322781562805 -0.05022686347365379 
vn 0.9448967576026917 0.30463340878486633 -0.11986933648586273 
vn 0.8038675785064697 -0.5859100818634033 -0.10250037163496017 
vn 0.5926607847213745 -0.8054491877555847 0.002184694167226553 
vn 0.5861581563949585 -0.8093453645706177 0.03713129088282585 
vn -0.3047037422657013 -0.9524446725845337 0.002184694167226553 
vn -0.3046455681324005 -0.952262818813324 -0.01966099627315998 
vn 0.48172691464424133 -0.8092181086540222 -0.3363112509250641 
vn 0.5017051696777344 -0.8085945844650269 -0.30735430121421814 
vn -0.2483886480331421 -0.9525301456451416 0.1760382205247879 
vn -0.26463472843170166 -0.9511827230453491 0.15880759060382843 
vn -0.5861581563949585 0.8093453645706177 -0.03713129088282585 
vn -0.5865612626075745 0.8099018931388855 0.002184694167226553 
vn -0.9979865550994873 0.0037729027681052685 -0.0633138045668602 
vn -0.999997615814209 -2.0682260971124217e-13 0.002184694167226553 
vn -0.5861581563949585 -0.8093453645706177 -0.03713129088282585 
vn -0.5865612626075745 -0.8099018931388855 -0.002184694167226553 
vn 0.5861581563949585 0.8093453645706177 0.03713129088282585 
vn 0.5926607847213745 0.8054491877555847 -0.002184694167226553 
vn -0.3046455681324005 0.952262818813324 -0.01966099627315998 
vn -0.3047037422657013 0.9524446725845337 -0.002184694167226553 
vn 0.8084394931793213 -0.5864322781562805 0.05022686347365379 
vn 0.8099018931388855 -0.5865612626075745 -0.002184694167226553 
vn 0.9483473300933838 0.3117080330848694 0.058952588587999344 
vn 0.9524446725845337 0.3047037422657013 -0.002184694167226553 
vn -0.9047196507453918 -0.3114311993122101 -0.29067665338516235 
vn -0.8869380354881287 -0.3076382577419281 -0.34452807903289795 
vn -1.0341130485562108e-13 0.999997615814209 0.002184694167226553 
vn -1.0341130485562108e-13 0.999997615814209 0.002184694167226553 
vn 0.5587511658668518 -0.8094908595085144 0.18033768236637115 
vn 0.5490813255310059 -0.8077471852302551 0.21460255980491638 
vn -0.2882148325443268 -0.9529601335525513 -0.09380380809307098 
vn -0.28475692868232727 -0.9521294236183167 -0.1111890971660614 
vn -0.5577942132949829 -0.8101505637168884 -0.18033768236637115 
vn -0.546474814414978 -0.8106326460838318 -0.2103329300880432 
vn -0.9529215097427368 -0.0037751663476228714 -0.30319350957870483 
vn -0.9326114058494568 -1.928855973597557e-13 -0.36088213324546814 
vn -0.5577942132949829 0.8101505637168884 -0.18033768236637115 
vn -0.546474814414978 0.8106326460838318 -0.2103329300880432 
vn 0.5200340151786804 -0.8076010942459106 -0.2781098484992981 
vn 0.5330241322517395 -0.810042142868042 -0.24437066912651062 
vn -0.2681747078895569 -0.9522653818130493 0.1458524912595749 
vn -0.28120657801628113 -0.9509995579719543 0.12854042649269104 
vn -0.2882148325443268 0.9529601335525513 -0.09380380809307098 
vn -0.28475692868232727 0.9521294236183167 -0.1111890971660614 
vn 0.5587511658668518 0.8094908595085144 0.18033768236637115 
vn 0.5490813255310059 0.8077471852302551 0.21460255980491638 
vn 0.772829532623291 -0.5838920474052429 0.24860523641109467 
vn 0.904849112033844 0.31105485558509827 0.29067665338516235 
vn 0.7530806660652161 -0.588158369064331 0.2948545813560486 
vn 0.8858277797698975 0.3108207583427429 0.34452807903289795 
vn -0.270309180021286 -0.9516617059707642 -0.1458524912595749 
vn -0.28120657801628113 -0.9509995579719543 -0.12854042649269104 
vn 0.5210418105125427 -0.8069512844085693 0.2781098484992981 
vn 0.5330241322517395 -0.810042142868042 0.24437066912651062 
vn -0.529866635799408 0.8121110200881958 0.24437066912651062 
vn -0.5195313692092896 0.8093580007553101 0.27391019463539124 
vn -0.9087973237037659 0.0037715816870331764 0.417220801115036 
vn -0.8815992474555969 -1.8233509049402769e-13 0.4719987213611603 
vn -0.529866635799408 -0.8121110200881958 0.24437066912651062 
vn -0.5195313692092896 -0.8093580007553101 0.27391019463539124 
vn -0.28120657801628113 0.9509995579719543 -0.12854042649269104 
vn -0.270309180021286 0.9516617059707642 -0.1458524912595749 
vn 0.5330241322517395 0.810042142868042 0.24437066912651062 
vn 0.5210418105125427 0.8069512844085693 0.2781098484992981 
vn 0.7362905144691467 -0.5871720910072327 0.3363112509250641 
vn 0.8634998202323914 0.3107186257839203 0.3972681760787964 
vn 0.7156980633735657 -0.585223376750946 0.3811691105365753 
vn 0.8380399942398071 0.3103759288787842 0.4487268626689911 
vn 0.5017051696777344 -0.8085945844650269 0.30735430121421814 
vn 0.48172691464424133 -0.8092181086540222 0.3363112509250641 
vn -0.26463472843170166 -0.9511827230453491 -0.15880759060382843 
vn -0.2483886480331421 -0.9525301456451416 -0.1760382205247879 
vn -0.5017051696777344 -0.8085945844650269 -0.30735430121421814 
vn -0.48172691464424133 -0.8092181086540222 -0.3363112509250641 
vn -0.8533812761306763 -1.7649896572480978e-13 -0.5212872624397278 
vn -0.8199170827865601 -1.6957779852642269e-13 -0.5724822878837585 
vn -0.5017051696777344 0.8085945844650269 -0.30735430121421814 
vn -0.48172691464424133 0.8092181086540222 -0.3363112509250641 
vn 0.5490813255310059 -0.8077471852302551 -0.21460255980491638 
vn 0.5640006065368652 -0.8058422207832336 -0.18033768236637115 
vn -0.28475692868232727 -0.9521294236183167 0.1111890971660614 
vn -0.2882148325443268 -0.9529601335525513 0.09380380809307098 
vn -0.26463472843170166 0.9511827230453491 -0.15880759060382843 
vn -0.2483886480331421 0.9525301456451416 -0.1760382205247879 
vn 0.5017051696777344 0.8085945844650269 0.30735430121421814 
vn 0.48172691464424133 0.8092181086540222 0.3363112509250641 
vn 0.06113334000110626 0 0.9981296062469482 
vn 0 0 1 
vn 0.020755646750330925 -0.950016438961029 0.31150925159454346 
vn -0.0018870257772505283 -0.9502412676811218 0.31150925159454346 
vn 0.460054874420166 -0.8094185590744019 0.3649536371231079 
vn 0.437774658203125 -0.808519721031189 0.3932546079158783 
vn -0.23740234971046448 -0.952862560749054 -0.18892620503902435 
vn -0.226348415017128 -0.9529168605804443 -0.2017817199230194 
vn -0.5556419491767883 0.8116281628608704 0.18033768236637115 
vn -0.544317901134491 0.8120825290679932 0.2103329300880432 
vn -0.9529215097427368 -0.0037751663476228714 0.30319350957870483 
vn -0.9326038360595703 -0.003770755836740136 0.36088213324546814 
vn -0.5556419491767883 -0.8116281628608704 0.18033768236637115 
vn -0.544317901134491 -0.8120825290679932 0.2103329300880432 
vn -0.43858861923217773 0.8100230097770691 -0.3892335295677185 
vn -0.4619392156600952 0.8101704716682434 -0.36088213324546814 
vn -0.7468271851539612 0.003778175450861454 -0.6650074124336243 
vn -0.7860940098762512 -1.6223330458978863e-13 -0.6181069612503052 
vn -0.43858861923217773 -0.8100230097770691 -0.3892335295677185 
vn -0.4619392156600952 -0.8101704716682434 -0.36088213324546814 
vn 0.6374243497848511 -0.58409184217453 0.5025205612182617 
vn 0.7457697987556458 0.30890795588493347 0.590256929397583 
vn 0.6038416624069214 -0.5865029096603394 0.5398051738739014 
vn 0.7113872766494751 0.3079269230365753 0.6317508816719055 
vn 0.41577818989753723 -0.8081184029579163 0.417220801115036 
vn 0.3921050429344177 -0.8073788285255432 0.4409002661705017 
vn -0.21523340046405792 -0.9526910781860352 -0.21460255980491638 
vn -0.20615820586681366 -0.9517322182655334 -0.22738653421401978 
vn -0.41105690598487854 -0.8125638961791992 -0.41324591636657715 
vn -0.38734719157218933 -0.8117977976799011 -0.43697428703308105 
vn -0.7078686952590942 0.0037756471429020166 -0.7063339352607727 
vn -0.6633741855621338 -1.3720110930617174e-13 -0.7482877969741821 
vn -0.41105690598487854 0.8125638961791992 -0.41324591636657715 
vn -0.38734719157218933 0.8117977976799011 -0.43697428703308105 
vn -0.21523340046405792 0.9526910781860352 -0.21460255980491638 
vn -0.20615820586681366 0.9517322182655334 -0.22738653421401978 
vn 0.41577818989753723 0.8081184029579163 0.417220801115036 
vn 0.3921050429344177 0.8073788285255432 0.4409002661705017 
vn 0.6347560286521912 0.3062804937362671 0.7094202041625977 
vn 0.5361289381980896 -0.5894221067428589 0.6042742133140564 
vn 0.6742480993270874 0.3073531985282898 0.6715083718299866 
vn 0.5710375308990479 -0.5883708000183105 0.5724822878837585 
vn 0.3623080849647522 -0.8081955313682556 0.4642767012119293 
vn 0.3397628962993622 -0.8067064881324768 0.4835140109062195 
vn -0.1875307857990265 -0.9524542689323425 -0.2401314377784729 
vn -0.17832516133785248 -0.9509335160255432 -0.25283506512641907 
vn -0.6198114156723022 0.00376638094894588 0.7847417593002319 
vn -0.663363516330719 0.003768608206883073 0.7482877969741821 
vn -0.18940694630146027 -0.9510036706924438 0.24437066912651062 
vn -0.20594589412212372 -0.9507520794868469 0.23163928091526031 
vn -0.3118877410888672 -0.9501164555549622 0.002184694167226553 
vn -0.3118281960487366 -0.9499350786209106 0.01966099627315998 
vn -0.999997615814209 -2.0682260971124217e-13 0.002184694167226553 
vn -0.9979865550994873 0.0037729027681052685 0.0633138045668602 
vn -0.7860849499702454 0.003770347684621811 0.6181069612503052 
vn -0.8199084401130676 0.0037713563069701195 0.5724822878837585 
vn -0.24451524019241333 -0.950200080871582 0.19321508705615997 
vn -0.2554866373538971 -0.9498446583747864 0.18033768236637115 
vn -0.30844101309776306 -0.810015082359314 -0.4987381398677826 
vn -0.27444401383399963 -0.8104435801506042 -0.5175535082817078 
vn -0.5231367349624634 0.0037781863939017057 -0.8522403836250305 
vn -0.470056414604187 -0.0037768734619021416 -0.882628321647644 
vn -0.30844101309776306 0.810015082359314 -0.4987381398677826 
vn -0.27444401383399963 0.8104435801506042 -0.5175535082817078 
vn 0.5861581563949585 -0.8093453645706177 -0.03713129088282585 
vn -0.3046455681324005 -0.952262818813324 0.01966099627315998 
vn 0.5831999182701111 -0.8091286420822144 -0.07203252613544464 
vn -0.30449435114860535 -0.9517901539802551 0.03713129088282585 
vn -0.15975922346115112 0.9519504308700562 -0.2612801790237427 
vn -0.14111794531345367 0.9525464773178101 -0.26970529556274414 
vn 0.30983248353004456 0.8071411848068237 0.5025205612182617 
vn 0.2794376015663147 0.8063338398933411 0.5212872624397278 
vn 0.4216912090778351 -0.5874587297439575 0.6907016038894653 
vn 0.49757078289985657 0.3075616955757141 0.8110666871070862 
vn 0.38141098618507385 -0.585244357585907 0.715552031993866 
vn 0.4477097988128662 0.3113192617893219 0.838234007358551 
vn 0.24357415735721588 -0.8082357048988342 0.5361219048500061 
vn 0.21450242400169373 -0.806607723236084 0.5507928133010864 
vn -0.1298999786376953 -0.9517252445220947 -0.2781098484992981 
vn -0.11115710437297821 -0.9516121745109558 -0.2864931523799896 
vn -0.5831999182701111 0.8091286420822144 0.07203252613544464 
vn -0.9922564625740051 -2.0522155481060567e-13 0.1242060661315918 
vn -0.5861581563949585 0.8093453645706177 0.03713129088282585 
vn -0.9979865550994873 -0.0037729027681052685 0.0633138045668602 
vn -0.5831999182701111 -0.8091286420822144 0.07203252613544464 
vn -0.5861581563949585 -0.8093453645706177 0.03713129088282585 
vn -0.2093343734741211 0.8104419708251953 -0.5471406579017639 
vn -0.24571873247623444 0.8100261092185974 -0.5324283838272095 
vn -0.3629187345504761 -7.505998047500212e-14 -0.931820809841156 
vn -0.41920527815818787 -8.670133702778568e-14 -0.9078915119171143 
vn -0.2093343734741211 -0.8104419708251953 -0.5471406579017639 
vn -0.24571873247623444 -0.8100261092185974 -0.5324283838272095 
vn 0.21450242400169373 0.806607723236084 0.5507928133010864 
vn 0.24357415735721588 0.8082357048988342 0.5361219048500061 
vn -0.11115710437297821 0.9516121745109558 -0.2864931523799896 
vn -0.1298999786376953 0.9517252445220947 -0.2781098484992981 
vn 0.3381752371788025 -0.5857366919517517 0.736579954624176 
vn 0.3995046317577362 0.3079344630241394 0.8634653687477112 
vn 0.2963353395462036 -0.5861608386039734 0.7540562748908997 
vn 0.343753844499588 0.30917978286743164 0.8867024183273315 
vn -0.07732346653938293 -0.9524084329605103 -0.2948545813560486 
vn -0.09049598127603531 -0.952532172203064 -0.29067665338516235 
vn 0.14815086126327515 -0.8064213395118713 0.5724822878837585 
vn 0.18147483468055725 -0.8072025775909424 0.5616858005523682 
vn -0.14281010627746582 0.8099163770675659 -0.5688942670822144 
vn -0.17621822655200958 0.8108699917793274 -0.5580654144287109 
vn -0.24645960330963135 -0.0037772501818835735 -0.9691457152366638 
vn -0.30527463555336 -6.31378494408627e-14 -0.9522643685340881 
vn -0.14281010627746582 -0.8099163770675659 -0.5688942670822144 
vn -0.17621822655200958 -0.8108699917793274 -0.5580654144287109 
vn -0.09049598127603531 0.952532172203064 -0.29067665338516235 
vn -0.07732346653938293 0.9524084329605103 -0.2948545813560486 
vn 0.18147483468055725 0.8072025775909424 0.5616858005523682 
vn 0.14815086126327515 0.8064213395118713 0.5724822878837585 
vn 0.23634672164916992 0.3067241311073303 0.9219872951507568 
vn 0.2015373557806015 -0.5861425399780273 0.7847417593002319 
vn 0.28907403349876404 0.30904290080070496 0.9060511589050293 
vn 0.2476101517677307 -0.5867078304290771 0.7710143327713013 
vn -0.03585570678114891 -0.9522541761398315 -0.30319350957870483 
vn -0.05660116672515869 -0.952564537525177 -0.2990269064903259 
vn 0.07339306175708771 -0.8064540028572083 0.5867242813110352 
vn 0.11087869107723236 -0.807304322719574 0.5796254277229309 
vn -1.0341130485562108e-13 0.999997615814209 0.002184694167226553 
vn -1.0341130485562108e-13 0.999997615814209 0.002184694167226553 
vn -0.9425521492958069 -0.3118121027946472 -0.11986933648586273 
vn -0.9495189785957336 -0.30812060832977295 -0.058952588587999344 
vn 0.11760670691728592 0.3084730803966522 0.9439348578453064 
vn 0.0992918461561203 -0.5871990919113159 0.8033295273780823 
vn 0.17301563918590546 0.3097122311592102 0.9349566102027893 
vn 0.15107455849647522 -0.586880624294281 0.7954543828964233 
vn 0.30092674493789673 -0.9505828022956848 0.0763898640871048 
vn 0.3027311861515045 -0.9512509703636169 0.058952588587999344 
vn 0.9696819186210632 0 0.24437066912651062 
vn 0.9828073978424072 0 0.18463370203971863 
vn 3.097898456858039e-13 -0.999997615814209 0.002184694167226553 
vn 3.097898456858039e-13 -0.999997615814209 0.002184694167226553 
vn -0.7944850921630859 -0.5884227156639099 -0.15017375349998474 
vn -0.7822985649108887 -0.5907644629478455 -0.1975002884864807 
vn -0.7860940098762512 -1.6223330458978863e-13 -0.6181069612503052 
vn -0.7468271851539612 0.003778175450861454 -0.6650074124336243 
vn -0.24663704633712769 -0.9496515393257141 -0.19321508705615997 
vn -0.2355899065732956 -0.9497562646865845 -0.2060592919588089 
vn 0.05076945945620537 -0.5862979888916016 0.8085030317306519 
vn 0.05609837546944618 0.30852586030960083 0.949560284614563 
vn 1.8121315808593969e-13 -0.5849537253379822 0.8110666871070862 
vn -0.0018766504945233464 0.30942681431770325 0.9509214162826538 
vn -0.04701710119843483 -0.5866107940673828 0.8085030317306519 
vn -0.05609837546944618 0.30852586030960083 0.949560284614563 
vn -1.0341130485562108e-13 0.999997615814209 0.002184694167226553 
vn -1.0341130485562108e-13 0.999997615814209 0.002184694167226553 
vn -0.9227072596549988 -0.30814704298973083 -0.23163928091526031 
vn -0.9349123239517212 -0.30813875794410706 -0.1760382205247879 
vn 0.3027311861515045 0.9512509703636169 0.058952588587999344 
vn 0.30092674493789673 0.9505828022956848 0.0763898640871048 
vn 0.9337234497070312 0.31172269582748413 0.1760382205247879 
vn 0.9216291308403015 0.3113567531108856 0.23163928091526031 
vn 0.9529290199279785 0 0.30319350957870483 
vn 0.9326114058494568 0 0.36088213324546814 
vn 0.29903003573417664 -0.9496219754219055 0.09380380809307098 
vn 0.2883718013763428 -0.9510408639907837 0.1111890971660614 
vn 0.037738628685474396 0.8114656209945679 -0.5831804275512695 
vn -0.0037744969595223665 0.8097779750823975 -0.5867242813110352 
vn 0.06113334000110626 0 -0.9981296062469482 
vn -2.0682311115474694e-13 0 -1 
vn 0.037738628685474396 -0.8114656209945679 -0.5831804275512695 
vn 0.0037744969595223665 -0.8097779750823975 -0.5867242813110352 
vn -0.037738628685474396 0.8114656209945679 -0.5831804275512695 
vn -0.06113334000110626 -1.264378785860703e-14 -0.9981296062469482 
vn -0.037738628685474396 -0.8114656209945679 -0.5831804275512695 
vn -0.06963887810707092 -0.8067868947982788 0.5867242813110352 
vn -0.10714229196310043 -0.8078086972236633 0.5796254277229309 
vn 0.03962792083621025 -0.9521046876907349 -0.30319350957870483 
vn 0.05660116672515869 -0.952564537525177 -0.2990269064903259 
vn 0.07164862751960754 -0.8117271065711975 -0.5796254277229309 
vn 0.10544497519731522 -0.8105781674385071 -0.5760593414306641 
vn 0.1263735443353653 0 -0.9919826984405518 
vn 0.1867803931236267 0 -0.9824016690254211 
vn 0.07164862751960754 0.8117271065711975 -0.5796254277229309 
vn 0.10544497519731522 0.8105781674385071 -0.5760593414306641 
vn -0.1317666918039322 0.9502325654029846 -0.28230419754981995 
vn -0.11302479356527328 0.9501223564147949 -0.29067665338516235 
vn -0.3962080478668213 0.31216463446617126 -0.8634653687477112 
vn -0.34257182478904724 0.3104889988899231 -0.8867024183273315 
vn 0.03962792083621025 0.9521046876907349 -0.30319350957870483 
vn 0.05660116672515869 0.952564537525177 -0.2990269064903259 
vn -0.06963887810707092 0.8067868947982788 0.5867242813110352 
vn -0.10714229196310043 0.8078086972236633 0.5796254277229309 
vn 3.097898456858039e-13 -0.999997615814209 -0.002184694167226553 
vn 3.097898456858039e-13 -0.999997615814209 -0.002184694167226553 
vn 0.048888545483350754 -0.5899969935417175 0.8059239983558655 
vn -0.0018826874438673258 -0.5884889960289001 0.8085030317306519 
vn 3.097898456858039e-13 -0.999997615814209 -0.002184694167226553 
vn -0.048888545483350754 -0.5899969935417175 0.8059239983558655 
vn 0.17621822655200958 0.8108699917793274 -0.5580654144287109 
vn 0.14281010627746582 0.8099163770675659 -0.5688942670822144 
vn 0.30527463555336 0 -0.9522643685340881 
vn 0.2464885413646698 0 -0.9691457152366638 
vn 0.17621822655200958 -0.8108699917793274 -0.5580654144287109 
vn 0.14281010627746582 -0.8099163770675659 -0.5688942670822144 
vn -0.291812926530838 0.3064580261707306 0.9060511589050293 
vn -0.24413466453552246 -0.5881625413894653 0.7710143327713013 
vn -0.23335228860378265 0.30900838971138 0.9219872951507568 
vn -0.19797192513942719 -0.5873563289642334 0.7847417593002319 
vn -0.2108541578054428 -0.8075690865516663 0.5507928133010864 
vn -0.24718357622623444 -0.8071391582489014 0.5361219048500061 
vn 0.10740520805120468 -0.9520429372787476 -0.2864931523799896 
vn 0.12615689635276794 -0.9522286057472229 -0.2781098484992981 
vn 0.037736620754003525 0.9508466124534607 -0.30735430121421814 
vn 0.06035389378666878 0.9496792554855347 -0.30735430121421814 
vn 0.11488547176122665 0.3094968795776367 -0.9439348578453064 
vn 0.17847050726413727 0.30660131573677063 -0.9349566102027893 
vn -0.24718357622623444 0.8071391582489014 0.5361219048500061 
vn -0.2108541578054428 0.8075690865516663 0.5507928133010864 
vn 0.12615689635276794 0.9522286057472229 -0.2781098484992981 
vn 0.10740520805120468 0.9520429372787476 -0.2864931523799896 
vn 0.16348232328891754 -0.9513181447982788 -0.2612801790237427 
vn 0.14485283195972443 -0.9519856572151184 -0.26970529556274414 
vn -0.30983248353004456 -0.8071411848068237 0.5025205612182617 
vn -0.27587205171585083 -0.8075606822967529 0.5212872624397278 
vn 0.27444401383399963 -0.8104435801506042 -0.5175535082817078 
vn 0.3049086332321167 -0.8113513588905334 -0.4987381398677826 
vn 0.47007158398628235 0 -0.882628321647644 
vn 0.5231503844261169 0 -0.8522403836250305 
vn 0.27444401383399963 0.8104435801506042 -0.5175535082817078 
vn 0.3049086332321167 0.8113513588905334 -0.4987381398677826 
vn -0.6652312278747559 -0.5877900123596191 -0.46040233969688416 
vn -0.6869031190872192 -0.5922541618347168 -0.42118772864341736 
vn 3.097898456858039e-13 -0.999997615814209 0.002184694167226553 
vn 3.097898456858039e-13 -0.999997615814209 0.002184694167226553 
vn 3.097898456858039e-13 -0.999997615814209 -0.002184694167226553 
vn 3.097898456858039e-13 -0.999997615814209 -0.002184694167226553 
vn 0.769587516784668 -0.589930534362793 0.24437066912651062 
vn 0.7545785307884216 -0.5883182287216187 0.29067665338516235 
vn -0.38141098618507385 -0.585244357585907 0.715552031993866 
vn -0.44984865188598633 0.30822059512138367 0.838234007358551 
vn -0.4247460961341858 -0.5852538347244263 0.6907016038894653 
vn -0.49757078289985657 0.3075616955757141 0.8110666871070862 
vn 0.1875307857990265 -0.9524542689323425 -0.2401314377784729 
vn 0.17461270093917847 -0.9516221880912781 -0.25283506512641907 
vn -0.3623080849647522 -0.8081955313682556 0.4642767012119293 
vn -0.33628329634666443 -0.8081632256507874 0.4835140109062195 
vn 0.33490973711013794 -0.811010479927063 -0.4796847105026245 
vn 0.3631344735622406 -0.8100389242172241 -0.46040233969688416 
vn 0.5706896185874939 0 -0.8211658596992493 
vn 0.6198228597640991 0 -0.7847417593002319 
vn 0.33490973711013794 0.811010479927063 -0.4796847105026245 
vn 0.3631344735622406 0.8100389242172241 -0.46040233969688416 
vn 0.17461270093917847 0.9516221880912781 -0.25283506512641907 
vn 0.1875307857990265 0.9524542689323425 -0.2401314377784729 
vn -0.33628329634666443 0.8081632256507874 0.4835140109062195 
vn -0.3623080849647522 0.8081955313682556 0.4642767012119293 
vn -0.5894681811332703 0.3113401532173157 0.7453821301460266 
vn -0.5047805905342102 -0.5846401453018188 0.6351318359375 
vn -0.5445765852928162 0.31005656719207764 0.7792953848838806 
vn -0.46480199694633484 -0.5845718383789062 0.6650074124336243 
vn -0.3887060582637787 -0.8090207576751709 0.4409002661705017 
vn -0.41912832856178284 -0.8063859343528748 0.417220801115036 
vn 0.20615820586681366 -0.9517322182655334 -0.22738653421401978 
vn 0.21891316771507263 -0.9518522620201111 -0.21460255980491638 
vn 0.38734719157218933 -0.8117977976799011 -0.43697428703308105 
vn 0.41105690598487854 -0.8125638961791992 -0.41324591636657715 
vn 0.6633741855621338 0 -0.7482877969741821 
vn 0.7078787684440613 0 -0.7063339352607727 
vn 0.38734719157218933 0.8117977976799011 -0.43697428703308105 
vn 0.41105690598487854 0.8125638961791992 -0.41324591636657715 
vn -0.41912832856178284 0.8063859343528748 0.417220801115036 
vn -0.3887060582637787 0.8090207576751709 0.4409002661705017 
vn 0.21891316771507263 0.9518522620201111 -0.21460255980491638 
vn 0.20615820586681366 0.9517322182655334 -0.22738653421401978 
vn -0.5361289381980896 -0.5894221067428589 0.6042742133140564 
vn -0.6331077814102173 0.3096732497215271 0.7094202041625977 
vn -0.5737378001213074 -0.5857380032539368 0.5724822878837585 
vn -0.6726744174957275 0.3107822835445404 0.6715083718299866 
vn 0.24106460809707642 -0.9519426226615906 -0.18892620503902435 
vn 0.2300199419260025 -0.9520372748374939 -0.2017817199230194 
vn -0.4633322060108185 -0.8075469732284546 0.3649536371231079 
vn -0.437774658203125 -0.808519721031189 0.3932546079158783 
vn 0.43858861923217773 -0.8100230097770691 -0.3892335295677185 
vn 0.4619392156600952 -0.8101704716682434 -0.36088213324546814 
vn 0.74683678150177 0 -0.6650074124336243 
vn 0.7860940098762512 0 -0.6181069612503052 
vn 0.43858861923217773 0.8100230097770691 -0.3892335295677185 
vn 0.4619392156600952 0.8101704716682434 -0.36088213324546814 
vn 0.999997615814209 0 0.002184694167226553 
vn 0.3118877410888672 -0.9501164555549622 -0.002184694167226553 
vn 0.9979936480522156 0 -0.0633138045668602 
vn 0.3118281960487366 -0.9499350786209106 -0.01966099627315998 
vn -0.4633322060108185 0.8075469732284546 0.3649536371231079 
vn -0.437774658203125 0.808519721031189 0.3932546079158783 
vn 0.24106460809707642 0.9519426226615906 -0.18892620503902435 
vn 0.2300199419260025 0.9520372748374939 -0.2017817199230194 
vn -0.48172691464424133 -0.8092181086540222 0.3363112509250641 
vn -0.5017051696777344 -0.8085945844650269 0.30735430121421814 
vn 0.2520406246185303 -0.9515703320503235 -0.1760382205247879 
vn 0.26463472843170166 -0.9511827230453491 -0.15880759060382843 
vn 0.48172691464424133 -0.8092181086540222 -0.3363112509250641 
vn 0.5017051696777344 -0.8085945844650269 -0.30735430121421814 
vn 0.8199170827865601 0 -0.5724822878837585 
vn 0.8533812761306763 0 -0.5212872624397278 
vn 0.48172691464424133 0.8092181086540222 -0.3363112509250641 
vn 0.5017051696777344 0.8085945844650269 -0.30735430121421814 
vn 0.6347560286521912 0.3062804937362671 0.7094202041625977 
vn 0.6742480993270874 0.3073531985282898 0.6715083718299866 
vn 0.20594589412212372 0.9507520794868469 0.23163928091526031 
vn 0.2171257883310318 0.9512902498245239 0.21886809170246124 
vn -0.5017051696777344 0.8085945844650269 0.30735430121421814 
vn -0.48172691464424133 0.8092181086540222 0.3363112509250641 
vn 0.26463472843170166 0.9511827230453491 -0.15880759060382843 
vn 0.2520406246185303 0.9515703320503235 -0.1760382205247879 
vn -0.5210418105125427 -0.8069512844085693 0.2781098484992981 
vn -0.5361735224723816 -0.8079609870910645 0.24437066912651062 
vn 0.2666744887828827 -0.952686607837677 -0.1458524912595749 
vn 0.27758315205574036 -0.9520635008811951 -0.12854042649269104 
vn 0.5153342485427856 -0.8120368123054504 -0.27391019463539124 
vn 0.5330241322517395 -0.810042142868042 -0.24437066912651062 
vn 0.8815992474555969 0 -0.4719987213611603 
vn 0.9088051319122314 0 -0.417220801115036 
vn 0.5153342485427856 0.8120368123054504 -0.27391019463539124 
vn 0.5330241322517395 0.810042142868042 -0.24437066912651062 
vn 0.5330241322517395 -0.810042142868042 0.24437066912651062 
vn 0.5210418105125427 -0.8069512844085693 0.2781098484992981 
vn -0.28120657801628113 -0.9509995579719543 -0.12854042649269104 
vn -0.270309180021286 -0.9516617059707642 -0.1458524912595749 
vn -0.5361735224723816 0.8079609870910645 0.24437066912651062 
vn -0.5210418105125427 0.8069512844085693 0.2781098484992981 
vn 0.27758315205574036 0.9520635008811951 -0.12854042649269104 
vn 0.2666744887828827 0.952686607837677 -0.1458524912595749 
vn -0.5521984696388245 -0.8056193590164185 0.21460255980491638 
vn -0.5618521571159363 -0.8073415756225586 0.18033768236637115 
vn 0.2883718013763428 -0.9510408639907837 -0.1111890971660614 
vn 0.2918241024017334 -0.9518610835075378 -0.09380380809307098 
vn 0.5433382987976074 -0.812738299369812 -0.2103329300880432 
vn 0.5577942132949829 -0.8101505637168884 -0.18033768236637115 
vn 0.9326114058494568 0 -0.36088213324546814 
vn 0.9529290199279785 0 -0.30319350957870483 
vn 0.5433382987976074 0.812738299369812 -0.2103329300880432 
vn 0.5577942132949829 0.8101505637168884 -0.18033768236637115 
vn -0.2576150894165039 -0.9492695927619934 -0.18033768236637115 
vn -0.2665782868862152 -0.9499093890190125 -0.16312000155448914 
vn -0.8199170827865601 -1.6957779852642269e-13 -0.5724822878837585 
vn -0.8533812761306763 -1.7649896572480978e-13 -0.5212872624397278 
vn -0.5618521571159363 0.8073415756225586 0.18033768236637115 
vn -0.5521984696388245 0.8056193590164185 0.21460255980491638 
vn 0.2918241024017334 0.9518610835075378 -0.09380380809307098 
vn 0.2883718013763428 0.9510408639907837 -0.1111890971660614 
vn -0.5729225277900696 -0.8065276145935059 0.1458524912595749 
vn -0.5813883543014526 -0.8059929013252258 0.1111890971660614 
vn 0.2937221825122833 -0.9528335928916931 -0.0763898640871048 
vn 0.3027311861515045 -0.9512509703636169 -0.058952588587999344 
vn 0.5658090114593506 -0.8115338683128357 -0.1458524912595749 
vn 0.5785995721817017 -0.8085830211639404 -0.10684575140476227 
vn 0.9696819186210632 0 -0.24437066912651062 
vn 0.9828073978424072 0 -0.18463370203971863 
vn 0.5658090114593506 0.8115338683128357 -0.1458524912595749 
vn 0.5724396705627441 0.8129556179046631 -0.10684575140476227 
vn 0.16328740119934082 0.9501839280128479 0.26549527049064636 
vn 0.1446741670370102 0.9508115649223328 0.27391019463539124 
vn 0.49757078289985657 0.3075616955757141 0.8110666871070862 
vn 0.4477097988128662 0.3113192617893219 0.838234007358551 
vn -0.5813883543014526 0.8059929013252258 0.1111890971660614 
vn -0.5729225277900696 0.8065276145935059 0.1458524912595749 
vn 0.3027311861515045 0.9512509703636169 -0.058952588587999344 
vn 0.2937221825122833 0.9528335928916931 -0.0763898640871048 
vn -0.5831999182701111 -0.8091286420822144 0.07203252613544464 
vn -0.5861581563949585 -0.8093453645706177 0.03713129088282585 
vn 0.30449435114860535 -0.9517901539802551 -0.03713129088282585 
vn 0.3046455681324005 -0.952262818813324 -0.01966099627315998 
vn 0.5831999182701111 -0.8091286420822144 -0.07203252613544464 
vn 0.5861581563949585 -0.8093453645706177 -0.03713129088282585 
vn 0.9922564625740051 0 -0.1242060661315918 
vn 0.9979936480522156 0 -0.0633138045668602 
vn 0.5831999182701111 0.8091286420822144 -0.07203252613544464 
vn 0.5861581563949585 0.8093453645706177 -0.03713129088282585 
vn -0.29515090584754944 -0.5867581367492676 -0.7540562748908997 
vn -0.3375973105430603 -0.5897737741470337 -0.7336177229881287 
vn 3.097898456858039e-13 -0.999997615814209 0.002184694167226553 
vn 3.097898456858039e-13 -0.999997615814209 0.002184694167226553 
vn -0.5861581563949585 0.8093453645706177 0.03713129088282585 
vn -0.5831999182701111 0.8091286420822144 0.07203252613544464 
vn 0.3046455681324005 0.952262818813324 -0.01966099627315998 
vn 0.30449435114860535 0.9517901539802551 -0.03713129088282585 
vn -0.5865612626075745 -0.8099018931388855 0.002184694167226553 
vn -0.5861581563949585 -0.8093453645706177 -0.03713129088282585 
vn 0.3047037422657013 -0.9524446725845337 -0.002184694167226553 
vn 0.3046455681324005 -0.952262818813324 0.01966099627315998 
vn 0.5865612626075745 -0.8099018931388855 -0.002184694167226553 
vn 0.5861581563949585 -0.8093453645706177 0.03713129088282585 
vn 0.999997615814209 0 -0.002184694167226553 
vn 0.9979936480522156 0 0.0633138045668602 
vn 0.5865612626075745 0.8099018931388855 -0.002184694167226553 
vn 0.5861581563949585 0.8093453645706177 0.03713129088282585 
vn 0.11087869107723236 -0.807304322719574 0.5796254277229309 
vn 0.07339306175708771 -0.8064540028572083 0.5867242813110352 
vn -0.05660116672515869 -0.952564537525177 -0.2990269064903259 
vn -0.03585570678114891 -0.9522541761398315 -0.30319350957870483 
vn -0.5861581563949585 0.8093453645706177 -0.03713129088282585 
vn -0.5865612626075745 0.8099018931388855 -0.002184694167226553 
vn 0.3046455681324005 0.952262818813324 0.01966099627315998 
vn 0.3047037422657013 0.9524446725845337 0.002184694167226553 
vn -0.9495189785957336 0.30812060832977295 -0.058952588587999344 
vn -0.8106507062911987 -0.5833718180656433 -0.05022686347365379 
vn -0.9524446725845337 0.3047037422657013 0.002184694167226553 
vn -0.8099018931388855 -0.5865612626075745 0.002184694167226553 
vn 0.2937221825122833 -0.9528335928916931 0.0763898640871048 
vn 0.3027311861515045 -0.9512509703636169 0.058952588587999344 
vn -0.5689026713371277 -0.8093681335449219 -0.1458524912595749 
vn -0.5813883543014526 -0.8059929013252258 -0.1111890971660614 
vn -1.0341130485562108e-13 0.999997615814209 0.002184694167226553 
vn -1.0341130485562108e-13 0.999997615814209 0.002184694167226553 
vn -0.2354748696088791 -0.30739396810531616 -0.9219872951507568 
vn -0.28835439682006836 -0.3097144663333893 -0.9060511589050293 
vn -0.7944850921630859 -0.5884227156639099 -0.15017375349998474 
vn -0.9349123239517212 0.30813875794410706 -0.1760382205247879 
vn -0.7868241667747498 -0.5847232937812805 -0.1975002884864807 
vn -0.9227072596549988 0.30814704298973083 -0.23163928091526031 
vn -0.5640006065368652 -0.8058422207832336 -0.18033768236637115 
vn -0.5521984696388245 -0.8056193590164185 -0.21460255980491638 
vn 0.2918241024017334 -0.9518610835075378 0.09380380809307098 
vn 0.2883718013763428 -0.9510408639907837 0.1111890971660614 
vn 3.097898456858039e-13 -0.999997615814209 0.002184694167226553 
vn 3.097898456858039e-13 -0.999997615814209 0.002184694167226553 
vn -0.15135285258293152 -0.5903916358947754 -0.7927988767623901 
vn -0.10154008865356445 -0.5903706550598145 -0.8007197380065918 
vn -1.0341130485562108e-13 0.999997615814209 -0.002184694167226553 
vn -1.0341130485562108e-13 0.999997615814209 -0.002184694167226553 
vn 0.7113872766494751 -0.3079269230365753 0.6317508816719055 
vn 0.7457697987556458 -0.30890795588493347 0.590256929397583 
vn 0.2918241024017334 0.9518610835075378 0.09380380809307098 
vn 0.2883718013763428 0.9510408639907837 0.1111890971660614 
vn -0.5640006065368652 0.8058422207832336 -0.18033768236637115 
vn -0.5521984696388245 0.8056193590164185 -0.21460255980491638 
vn -0.8869380354881287 0.3076382577419281 -0.34452807903289795 
vn -0.7549106478691101 -0.5858076810836792 -0.2948545813560486 
vn -0.9047196507453918 0.3114311993122101 -0.29067665338516235 
vn -0.772829532623291 -0.5838920474052429 -0.24860523641109467 
vn -0.5361735224723816 -0.8079609870910645 -0.24437066912651062 
vn -0.5168546438217163 -0.809639573097229 -0.2781098484992981 
vn 0.27758315205574036 -0.9520635008811951 0.12854042649269104 
vn 0.2681747078895569 -0.9522653818130493 0.1458524912595749 
vn 0.5330241322517395 -0.810042142868042 0.24437066912651062 
vn 0.5163530111312866 -0.8113893866539001 0.27391019463539124 
vn 0.9088051319122314 0 0.417220801115036 
vn 0.8815992474555969 0 0.4719987213611603 
vn 0.5330241322517395 0.810042142868042 0.24437066912651062 
vn 0.5163530111312866 0.8113893866539001 0.27391019463539124 
vn 0.27758315205574036 0.9520635008811951 0.12854042649269104 
vn 0.2681747078895569 0.9522653818130493 0.1458524912595749 
vn -0.5361735224723816 0.8079609870910645 -0.24437066912651062 
vn -0.5168546438217163 0.809639573097229 -0.2781098484992981 
vn -0.7362905144691467 -0.5871720910072327 -0.3363112509250641 
vn -0.8646327257156372 0.3075520694255829 -0.3972681760787964 
vn -0.7127767205238342 -0.5887778997421265 -0.3811691105365753 
vn -0.8391982316970825 0.3072303533554077 -0.4487268626689911 
vn -0.5017051696777344 -0.8085945844650269 -0.30735430121421814 
vn -0.48172691464424133 -0.8092181086540222 -0.3363112509250641 
vn 0.26463472843170166 -0.9511827230453491 0.15880759060382843 
vn 0.2520406246185303 -0.9515703320503235 0.1760382205247879 
vn 0.5017051696777344 -0.8085945844650269 0.30735430121421814 
vn 0.48172691464424133 -0.8092181086540222 0.3363112509250641 
vn 0.8533812761306763 0 0.5212872624397278 
vn 0.8199170827865601 0 0.5724822878837585 
vn 0.5017051696777344 0.8085945844650269 0.30735430121421814 
vn 0.48172691464424133 0.8092181086540222 0.3363112509250641 
vn 0.26463472843170166 0.9511827230453491 0.15880759060382843 
vn 0.2520406246185303 0.9515703320503235 0.1760382205247879 
vn -0.5017051696777344 0.8085945844650269 -0.30735430121421814 
vn -0.48172691464424133 0.8092181086540222 -0.3363112509250641 
vn -0.6893032789230347 -0.5866100192070007 -0.42514660954475403 
vn -0.8106851577758789 0.3066755533218384 -0.4987381398677826 
vn -0.6656377911567688 -0.5842717289924622 -0.4642767012119293 
vn -0.7801418304443359 0.30985525250434875 -0.5434780716896057 
vn -0.4633322060108185 -0.8075469732284546 -0.3649536371231079 
vn -0.43995770812034607 -0.8073338866233826 -0.3932546079158783 
vn 0.24106460809707642 -0.9519426226615906 0.18892620503902435 
vn 0.2300199419260025 -0.9520372748374939 0.2017817199230194 
vn 0.46303632855415344 -0.8095439672470093 0.36088213324546814 
vn 0.43972301483154297 -0.8094077706336975 0.3892335295677185 
vn 0.7860940098762512 0 0.6181069612503052 
vn 0.74683678150177 0 0.6650074124336243 
vn 0.46303632855415344 0.8095439672470093 0.36088213324546814 
vn 0.43972301483154297 0.8094077706336975 0.3892335295677185 
vn 0.24106460809707642 0.9519426226615906 0.18892620503902435 
vn 0.2300199419260025 0.9520372748374939 0.2017817199230194 
vn -0.4633322060108185 0.8075469732284546 -0.3649536371231079 
vn -0.43995770812034607 0.8073338866233826 -0.3932546079158783 
vn -0.634260356426239 -0.5875260829925537 -0.5025205612182617 
vn -0.7470290660858154 0.30585017800331116 -0.590256929397583 
vn -0.6031954288482666 -0.587167501449585 -0.5398051738739014 
vn -0.7096816897392273 0.31183773279190063 -0.6317508816719055 
vn -0.41460660099983215 -0.8087201118469238 -0.417220801115036 
vn -0.3887060582637787 -0.8090207576751709 -0.4409002661705017 
vn 0.21891316771507263 -0.9518522620201111 0.21460255980491638 
vn 0.20037397742271423 -0.9529667496681213 0.22738653421401978 
vn 0.41105690598487854 -0.8125638961791992 0.41324591636657715 
vn 0.3885667324066162 -0.8112147450447083 0.43697428703308105 
vn 0.7078787684440613 0 0.7063339352607727 
vn 0.6633741855621338 0 0.7482877969741821 
vn 0.41105690598487854 0.8125638961791992 0.41324591636657715 
vn 0.3885667324066162 0.8112147450447083 0.43697428703308105 
vn 0.21891316771507263 0.9518522620201111 0.21460255980491638 
vn 0.20037397742271423 0.9529667496681213 0.22738653421401978 
vn -0.41460660099983215 0.8087201118469238 -0.417220801115036 
vn -0.3887060582637787 0.8090207576751709 -0.4409002661705017 
vn -0.5703466534614563 -0.5890405178070068 -0.5724822878837585 
vn -0.6740345358848572 0.30782127380371094 -0.6715083718299866 
vn -0.5381783246994019 -0.587551474571228 -0.6042742133140564 
vn -0.6345208883285522 0.30676737427711487 -0.7094202041625977 
vn -0.36449143290519714 -0.8072131872177124 -0.4642767012119293 
vn -0.33846357464790344 -0.8072525262832642 -0.4835140109062195 
vn 0.1875307857990265 -0.9524542689323425 0.2401314377784729 
vn 0.17461270093917847 -0.9516221880912781 0.25283506512641907 
vn 0.36439386010169983 -0.8094731569290161 0.46040233969688416 
vn 0.3362175524234772 -0.8104692101478577 0.4796847105026245 
vn 0.6198228597640991 0 0.7847417593002319 
vn 0.5706896185874939 0 0.8211658596992493 
vn 0.36439386010169983 0.8094731569290161 0.46040233969688416 
vn 0.3362175524234772 0.8104692101478577 0.4796847105026245 
vn 0.1875307857990265 0.9524542689323425 0.2401314377784729 
vn 0.17461270093917847 0.9516221880912781 0.25283506512641907 
vn -0.36449143290519714 0.8072131872177124 -0.4642767012119293 
vn -0.33846357464790344 0.8072525262832642 -0.4835140109062195 
vn -0.5032150745391846 -0.5859881639480591 -0.6351318359375 
vn -0.5889211297035217 0.3123737573623657 -0.7453821301460266 
vn -0.4609885811805725 -0.5875837802886963 -0.6650074124336243 
vn -0.5461312532424927 0.3073098957538605 -0.7792953848838806 
vn -0.30494824051856995 -0.8089991807937622 -0.5025205612182617 
vn -0.278032124042511 -0.8068195581436157 -0.5212872624397278 
vn 0.15770211815834045 -0.9522933959960938 0.2612801790237427 
vn 0.1465379148721695 -0.9517277479171753 0.26970529556274414 
vn 0.30626943707466125 -0.8108386397361755 0.4987381398677826 
vn 0.27585795521736145 -0.8099634051322937 0.5175535082817078 
vn 0.5231503844261169 0 0.8522403836250305 
vn 0.47007158398628235 0 0.882628321647644 
vn 0.30626943707466125 0.8108386397361755 0.4987381398677826 
vn 0.27585795521736145 0.8099634051322937 0.5175535082817078 
vn 0.15770211815834045 0.9522933959960938 0.2612801790237427 
vn 0.1465379148721695 0.9517277479171753 0.26970529556274414 
vn -0.30494824051856995 0.8089991807937622 -0.5025205612182617 
vn -0.278032124042511 0.8068195581436157 -0.5212872624397278 
vn -0.42290741205215454 -0.5865837931632996 -0.6907016038894653 
vn -0.496868759393692 0.3086945414543152 -0.8110666871070862 
vn -0.38357242941856384 -0.5838300585746765 -0.715552031993866 
vn -0.4490296244621277 0.30941256880760193 -0.838234007358551 
vn -0.24933044612407684 -0.8064785599708557 -0.5361219048500061 
vn -0.21297846734523773 -0.8070114254951477 -0.5507928133010864 
vn 0.1278696060180664 -0.9520001411437988 0.2781098484992981 
vn 0.10914502292871475 -0.9518450498580933 0.2864931523799896 
vn 0.24718473851680756 -0.8095799684524536 0.5324283838272095 
vn 0.2108665406703949 -0.8100447058677673 0.5471406579017639 
vn 0.41920527815818787 0 0.9078915119171143 
vn 0.3629187345504761 0 0.931820809841156 
vn 0.24718473851680756 0.8095799684524536 0.5324283838272095 
vn 0.2108665406703949 0.8100447058677673 0.5471406579017639 
vn 0.1278696060180664 0.9520001411437988 0.2781098484992981 
vn 0.10914502292871475 0.9518450498580933 0.2864931523799896 
vn -0.24933044612407684 0.8064785599708557 -0.5361219048500061 
vn -0.21297846734523773 0.8070114254951477 -0.5507928133010864 
vn -0.3359900414943695 -0.5869928598403931 -0.736579954624176 
vn -0.3962080478668213 0.31216463446617126 -0.8634653687477112 
vn -0.29515090584754944 -0.5867581367492676 -0.7540562748908997 
vn -0.34257182478904724 0.3104889988899231 -0.8867024183273315 
vn 0.2937221825122833 -0.9528335928916931 0.0763898640871048 
vn 0.3027311861515045 -0.9512509703636169 0.058952588587999344 
vn -0.5689026713371277 -0.8093681335449219 -0.1458524912595749 
vn -0.5813883543014526 -0.8059929013252258 -0.1111890971660614 
vn 0.5445765852928162 0.31005656719207764 0.7792953848838806 
vn 0.46480199694633484 -0.5845718383789062 0.6650074124336243 
vn 0.5894681811332703 0.3113401532173157 0.7453821301460266 
vn 0.5047805905342102 -0.5846401453018188 0.6351318359375 
vn -0.1875307857990265 0.9524542689323425 -0.2401314377784729 
vn -0.17832516133785248 0.9509335160255432 -0.25283506512641907 
vn 0.3623080849647522 0.8081955313682556 0.4642767012119293 
vn 0.3397628962993622 0.8067064881324768 0.4835140109062195 
vn 0.07339306175708771 0.8064540028572083 0.5867242813110352 
vn 0.11087869107723236 0.807304322719574 0.5796254277229309 
vn -0.03585570678114891 0.9522541761398315 -0.30319350957870483 
vn -0.05660116672515869 0.952564537525177 -0.2990269064903259 
vn -0.03772348910570145 0.8063334822654724 0.590256929397583 
vn -8.36546408316749e-14 0.8072154521942139 0.590256929397583 
vn 0.022645773366093636 0.9513256549835205 -0.30735430121421814 
vn -9.840592967227946e-14 0.95159512758255 -0.30735430121421814 
vn 0.03772348910570145 0.8063334822654724 0.590256929397583 
vn -0.022645773366093636 0.9513256549835205 -0.30735430121421814 
vn 0.09049598127603531 -0.952532172203064 -0.29067665338516235 
vn 0.07355925440788269 -0.9527065753936768 -0.2948545813560486 
vn -0.17779241502285004 -0.808021605014801 0.5616858005523682 
vn -0.14444001019001007 -0.8070942163467407 0.5724822878837585 
vn -0.9524446725845337 0.3047037422657013 0.002184694167226553 
vn -0.9495189785957336 0.30812060832977295 0.058952588587999344 
vn -0.3118877410888672 0.9501164555549622 0.002184694167226553 
vn -0.3118281960487366 0.9499350786209106 0.01966099627315998 
vn -0.10300158709287643 -0.5865597724914551 0.8033295273780823 
vn -0.11760670691728592 0.3084730803966522 0.9439348578453064 
vn -0.14742068946361542 -0.5878090858459473 0.7954543828964233 
vn -0.17301563918590546 0.3097122311592102 0.9349566102027893 
vn -0.17779241502285004 0.808021605014801 0.5616858005523682 
vn -0.14444001019001007 0.8070942163467407 0.5724822878837585 
vn 0.09049598127603531 0.952532172203064 -0.29067665338516235 
vn 0.07355925440788269 0.9527065753936768 -0.2948545813560486 
vn -0.496868759393692 -0.3086945414543152 -0.8110666871070862 
vn -0.4490296244621277 -0.30941256880760193 -0.838234007358551 
vn -1.0341130485562108e-13 0.999997615814209 0.002184694167226553 
vn -1.0341130485562108e-13 0.999997615814209 0.002184694167226553 
vn 0.7993983626365662 -0.5919932126998901 0.10250037163496017 
vn 0.8084394931793213 -0.5864322781562805 0.05022686347365379 
vn 3.097898456858039e-13 -0.999997615814209 -0.002184694167226553 
vn 3.097898456858039e-13 -0.999997615814209 -0.002184694167226553 
vn 0.3027311861515045 0.9512509703636169 0.058952588587999344 
vn 0.2937221825122833 0.9528335928916931 0.0763898640871048 
vn -0.5813883543014526 0.8059929013252258 -0.1111890971660614 
vn -0.5689026713371277 0.8093681335449219 -0.1458524912595749 
vn 0.2093343734741211 -0.8104419708251953 -0.5471406579017639 
vn 0.24571873247623444 -0.8100261092185974 -0.5324283838272095 
vn 0.3629187345504761 0 -0.931820809841156 
vn 0.41920527815818787 0 -0.9078915119171143 
vn 0.2093343734741211 0.8104419708251953 -0.5471406579017639 
vn 0.24571873247623444 0.8100261092185974 -0.5324283838272095 
vn 3.097898456858039e-13 -0.999997615814209 -0.002184694167226553 
vn 3.097898456858039e-13 -0.999997615814209 -0.002184694167226553 
vn 0.5710375308990479 -0.5883708000183105 0.5724822878837585 
vn 0.5361289381980896 -0.5894221067428589 0.6042742133140564 
vn 0.11760670691728592 0.3084730803966522 0.9439348578453064 
vn 0.17301563918590546 0.3097122311592102 0.9349566102027893 
vn 0.037736620754003525 0.9508466124534607 0.30735430121421814 
vn 0.06035389378666878 0.9496792554855347 0.30735430121421814 
vn 0.48172691464424133 -0.8092181086540222 -0.3363112509250641 
vn 0.5017051696777344 -0.8085945844650269 -0.30735430121421814 
vn 0.8199170827865601 0 -0.5724822878837585 
vn 0.8533812761306763 0 -0.5212872624397278 
vn 0.48172691464424133 0.8092181086540222 -0.3363112509250641 
vn 0.5017051696777344 0.8085945844650269 -0.30735430121421814 
vn -0.6637173295021057 -0.5864524245262146 0.4642767012119293 
vn -0.7816921472549438 0.30592310428619385 0.5434780716896057 
vn -0.692287027835846 -0.5830857753753662 0.42514660954475403 
vn -0.8094983100891113 0.30979469418525696 0.4987381398677826 
vn -0.2665782868862152 0.9499093890190125 -0.16312000155448914 
vn -0.2576150894165039 0.9492695927619934 -0.18033768236637115 
vn -0.8106851577758789 0.3066755533218384 -0.4987381398677826 
vn -0.7801418304443359 0.30985525250434875 -0.5434780716896057 
vn -1.0341130485562108e-13 0.999997615814209 0.002184694167226553 
vn -1.0341130485562108e-13 0.999997615814209 0.002184694167226553 
vn 0.34257182478904724 -0.3104889988899231 -0.8867024183273315 
vn 0.28835439682006836 -0.3097144663333893 -0.9060511589050293 
vn -0.2929639518260956 -0.5878531336784363 0.7540562748908997 
vn -0.343753844499588 0.30917978286743164 0.8867024183273315 
vn -0.3381752371788025 -0.5857366919517517 0.736579954624176 
vn -0.3971956670284271 0.3109070658683777 0.8634653687477112 
vn -0.037736620754003525 -0.9508466124534607 0.30735430121421814 
vn -0.016982339322566986 -0.9500913619995117 0.31150925159454346 
vn -0.12631908059120178 0.003709880169481039 0.9919826984405518 
vn -0.06113334000110626 -1.264378785860703e-14 0.9981296062469482 
vn -0.6345208883285522 0.30676737427711487 -0.7094202041625977 
vn -0.6740345358848572 0.30782127380371094 -0.6715083718299866 
vn -0.20804211497306824 0.9502955675125122 -0.23163928091526031 
vn -0.2171257883310318 0.9512902498245239 -0.21886809170246124 
vn 3.097898456858039e-13 -0.999997615814209 -0.002184694167226553 
vn 3.097898456858039e-13 -0.999997615814209 -0.002184694167226553 
vn -0.7108988761901855 -0.5910439491271973 0.3811691105365753 
vn -0.7362905144691467 -0.5871720910072327 0.3363112509250641 
vn -0.30525144934654236 0.0037608793936669827 0.9522643685340881 
vn -0.3628992438316345 0.0037627804558724165 0.931820809841156 
vn -0.09788081049919128 -0.9505156874656677 0.2948545813560486 
vn -0.11101080477237701 -0.9503597617149353 0.29067665338516235 
vn -0.2991328537464142 0.9523886442184448 -0.058952588587999344 
vn -0.2937221825122833 0.9528335928916931 -0.0763898640871048 
vn 0.5783223509788513 0.8081956505775452 0.1111890971660614 
vn 0.5729225277900696 0.8065276145935059 0.1458524912595749 
vn 0.566756010055542 0.8108727931976318 0.1458524912595749 
vn 0.5733791589736938 0.8122932314872742 0.10684575140476227 
vn 0.9696819186210632 0 0.24437066912651062 
vn 0.9828073978424072 0 0.18463370203971863 
vn 0.566756010055542 -0.8108727931976318 0.1458524912595749 
vn 0.5733791589736938 -0.8122932314872742 0.10684575140476227 
vn 0.904849112033844 -0.31105485558509827 0.29067665338516235 
vn 0.8858277797698975 -0.3108207583427429 0.34452807903289795 
vn -1.0341130485562108e-13 0.999997615814209 -0.002184694167226553 
vn -1.0341130485562108e-13 0.999997615814209 -0.002184694167226553 
vn -0.8634998202323914 0.3107186257839203 0.3972681760787964 
vn -0.7362905144691467 -0.5871720910072327 0.3363112509250641 
vn -0.8380399942398071 0.3103759288787842 0.4487268626689911 
vn -0.7156980633735657 -0.585223376750946 0.3811691105365753 
vn 0.24933044612407684 0.8064785599708557 -0.5361219048500061 
vn 0.21297846734523773 0.8070114254951477 -0.5507928133010864 
vn -0.1278696060180664 0.9520001411437988 0.2781098484992981 
vn -0.10914502292871475 0.9518450498580933 0.2864931523799896 
vn 0.278032124042511 -0.8068195581436157 -0.5212872624397278 
vn 0.3084801435470581 -0.8076590299606323 -0.5025205612182617 
vn -0.1465379148721695 -0.9517277479171753 0.26970529556274414 
vn -0.15770211815834045 -0.9522933959960938 0.2612801790237427 
vn -0.27228644490242004 -0.8111710548400879 0.5175535082817078 
vn -0.30626943707466125 -0.8108386397361755 0.4987381398677826 
vn -0.47007158398628235 -9.722166241553712e-14 0.882628321647644 
vn -0.5231503844261169 -1.0819958888271322e-13 0.8522403836250305 
vn -0.27228644490242004 0.8111710548400879 0.5175535082817078 
vn -0.30626943707466125 0.8108386397361755 0.4987381398677826 
vn 0.1997414231300354 -0.5903716087341309 0.7820260524749756 
vn 0.2458561211824417 -0.5910887718200684 0.7682244777679443 
vn 3.097898456858039e-13 -0.999997615814209 -0.002184694167226553 
vn 3.097898456858039e-13 -0.999997615814209 -0.002184694167226553 
vn 0.3084801435470581 0.8076590299606323 -0.5025205612182617 
vn 0.278032124042511 0.8068195581436157 -0.5212872624397278 
vn -0.15770211815834045 0.9522933959960938 0.2612801790237427 
vn -0.1465379148721695 0.9517277479171753 0.26970529556274414 
vn 0.496868759393692 0.3086945414543152 -0.8110666871070862 
vn 0.42596787214279175 -0.58436518907547 -0.6907016038894653 
vn 0.4511646032333374 0.3062910735607147 -0.838234007358551 
vn 0.38040995597839355 -0.5858955383300781 -0.715552031993866 
vn -0.33273133635520935 -0.8119066953659058 0.4796847105026245 
vn -0.36094939708709717 -0.8110148906707764 0.46040233969688416 
vn -0.5706896185874939 -1.18031805032906e-13 0.8211658596992493 
vn -0.6198114156723022 -0.00376638094894588 0.7847417593002319 
vn -0.33273133635520935 0.8119066953659058 0.4796847105026245 
vn -0.36094939708709717 0.8110148906707764 0.46040233969688416 
vn 3.097898456858039e-13 -0.999997615814209 0.002184694167226553 
vn 3.097898456858039e-13 -0.999997615814209 0.002184694167226553 
vn 0.689361572265625 -0.5893908143043518 -0.42118772864341736 
vn 0.7103654742240906 -0.591684877872467 -0.3811691105365753 
vn -0.17832516133785248 0.9509335160255432 0.25283506512641907 
vn -0.1875307857990265 0.9524542689323425 0.2401314377784729 
vn 0.33846357464790344 0.8072525262832642 -0.4835140109062195 
vn 0.36792901158332825 0.8056521415710449 -0.4642767012119293 
vn 0.46395522356033325 -0.5852441787719727 -0.6650074124336243 
vn 0.5442683100700378 0.31059741973876953 -0.7792953848838806 
vn 0.5032150745391846 -0.5859881639480591 -0.6351318359375 
vn 0.5889211297035217 0.3123737573623657 -0.7453821301460266 
vn 0.3921050429344177 -0.8073788285255432 -0.4409002661705017 
vn 0.41460660099983215 -0.8087201118469238 -0.417220801115036 
vn -0.2040639966726303 -0.9521834254264832 0.22738653421401978 
vn -0.21523340046405792 -0.9526910781860352 0.21460255980491638 
vn -0.3919658362865448 -0.8095778226852417 0.43697428703308105 
vn -0.41105690598487854 -0.8125638961791992 0.41324591636657715 
vn -0.663363516330719 0.003768608206883073 0.7482877969741821 
vn -0.7078787684440613 -1.4640568759497624e-13 0.7063339352607727 
vn -0.3919658362865448 0.8095778226852417 0.43697428703308105 
vn -0.41105690598487854 0.8125638961791992 0.41324591636657715 
vn -0.8380399942398071 0.3103759288787842 0.4487268626689911 
vn -0.8094983100891113 0.30979469418525696 0.4987381398677826 
vn -0.27542808651924133 0.9501928091049194 0.1458524912595749 
vn -0.2665782868862152 0.9499093890190125 0.16312000155448914 
vn -0.2040639966726303 0.9521834254264832 0.22738653421401978 
vn -0.21523340046405792 0.9526910781860352 0.21460255980491638 
vn 0.3921050429344177 0.8073788285255432 -0.4409002661705017 
vn 0.41460660099983215 0.8087201118469238 -0.417220801115036 
vn 0.5409563779830933 -0.5849947333335876 -0.6042742133140564 
vn 0.6345208883285522 0.30676737427711487 -0.7094202041625977 
vn 0.5703466534614563 -0.5890405178070068 -0.5724822878837585 
vn 0.6740345358848572 0.30782127380371094 -0.6715083718299866 
vn 0.44326943159103394 -0.8055203557014465 -0.3932546079158783 
vn 0.460054874420166 -0.8094185590744019 -0.3649536371231079 
vn -0.226348415017128 -0.9529168605804443 0.2017817199230194 
vn -0.23740234971046448 -0.952862560749054 0.18892620503902435 
vn 0.5861581563949585 -0.8093453645706177 -0.03713129088282585 
vn -0.3046455681324005 -0.952262818813324 0.01966099627315998 
vn 0.5831999182701111 -0.8091286420822144 -0.07203252613544464 
vn -0.30449435114860535 -0.9517901539802551 0.03713129088282585 
vn 0.8633590340614319 -0.3111095130443573 -0.3972681760787964 
vn 0.885693371295929 -0.3112034797668457 -0.34452807903289795 
vn -1.0341130485562108e-13 0.999997615814209 0.002184694167226553 
vn -1.0341130485562108e-13 0.999997615814209 0.002184694167226553 
vn 0.6031954288482666 -0.587167501449585 -0.5398051738739014 
vn 0.7111921310424805 0.3083774149417877 -0.6317508816719055 
vn 0.636821448802948 -0.5847491025924683 -0.5025205612182617 
vn 0.7455888986587524 0.3093443810939789 -0.590256929397583 
vn 0.17301563918590546 -0.3097122311592102 0.9349566102027893 
vn 0.11760670691728592 -0.3084730803966522 0.9439348578453064 
vn -1.0341130485562108e-13 0.999997615814209 -0.002184694167226553 
vn -1.0341130485562108e-13 0.999997615814209 -0.002184694167226553 
vn -0.48172691464424133 -0.8092181086540222 0.3363112509250641 
vn -0.5017051696777344 -0.8085945844650269 0.30735430121421814 
vn -0.8199084401130676 0.0037713563069701195 0.5724822878837585 
vn -0.8533729314804077 0.0037706999573856592 0.5212872624397278 
vn -0.48172691464424133 0.8092181086540222 0.3363112509250641 
vn -0.5017051696777344 0.8085945844650269 0.30735430121421814 
vn 0.5783223509788513 -0.8081956505775452 0.1111890971660614 
vn 0.5729225277900696 -0.8065276145935059 0.1458524912595749 
vn -0.2991328537464142 -0.9523886442184448 -0.058952588587999344 
vn -0.2937221825122833 -0.9528335928916931 -0.0763898640871048 
vn -0.30092674493789673 -0.9505828022956848 0.0763898640871048 
vn -0.29542919993400574 -0.9507483243942261 0.09380380809307098 
vn -0.9696745276451111 0.003774892073124647 0.24437066912651062 
vn -0.9529215097427368 0.0037751663476228714 0.30319350957870483 
vn 0.5017051696777344 0.8085945844650269 -0.30735430121421814 
vn 0.48172691464424133 0.8092181086540222 -0.3363112509250641 
vn -0.26463472843170166 0.9511827230453491 0.15880759060382843 
vn -0.2483886480331421 0.9525301456451416 0.1760382205247879 
vn 0.8093411922454834 0.31020501255989075 -0.4987381398677826 
vn 0.6917446851730347 -0.583729088306427 -0.42514660954475403 
vn 0.7801418304443359 0.30985525250434875 -0.5434780716896057 
vn 0.6631411910057068 -0.5871038436889648 -0.4642767012119293 
vn -0.06035389378666878 0.9496792554855347 -0.30735430121421814 
vn -0.037736620754003525 0.9508466124534607 -0.30735430121421814 
vn -0.17519530653953552 0.3084844946861267 -0.9349566102027893 
vn -0.11488547176122665 0.3094968795776367 -0.9439348578453064 
vn -0.29542919993400574 0.9507483243942261 0.09380380809307098 
vn -0.30092674493789673 0.9505828022956848 0.0763898640871048 
vn -0.9060682058334351 0.3074857294559479 0.29067665338516235 
vn -0.9216291308403015 0.3113567531108856 0.23163928091526031 
vn 0.5330241322517395 0.810042142868042 -0.24437066912651062 
vn 0.5200340151786804 0.8076010942459106 -0.2781098484992981 
vn -0.28120657801628113 0.9509995579719543 0.12854042649269104 
vn -0.2681747078895569 0.9522653818130493 0.1458524912595749 
vn 0.8633590340614319 0.3111095130443573 -0.3972681760787964 
vn 0.7362905144691467 -0.5871720910072327 -0.3363112509250641 
vn 0.837891697883606 0.3107759654521942 -0.4487268626689911 
vn 0.7151761054992676 -0.585861086845398 -0.3811691105365753 
vn -0.3116734027862549 -0.9494634866714478 0.03713129088282585 
vn -0.306325227022171 -0.9500997066497803 0.058952588587999344 
vn -0.9922564625740051 -2.0522155481060567e-13 0.1242060661315918 
vn -0.9828073978424072 -2.0326728039470054e-13 0.18463370203971863 
vn 0.7993983626365662 -0.5919932126998901 -0.10250037163496017 
vn 0.7922331690788269 -0.5914511680603027 -0.15017375349998474 
vn 3.097898456858039e-13 -0.999997615814209 0.002184694167226553 
vn 3.097898456858039e-13 -0.999997615814209 0.002184694167226553 
vn -0.28475692868232727 0.9521294236183167 0.1111890971660614 
vn -0.2882148325443268 0.9529601335525513 0.09380380809307098 
vn 0.5490813255310059 0.8077471852302551 -0.21460255980491638 
vn 0.5640006065368652 0.8058422207832336 -0.18033768236637115 
vn 0.7525898814201355 -0.5887863039970398 -0.2948545813560486 
vn 0.885693371295929 0.3112034797668457 -0.34452807903289795 
vn 0.772829532623291 -0.5838920474052429 -0.24860523641109467 
vn 0.9047196507453918 0.3114311993122101 -0.29067665338516235 
vn -0.41920527815818787 -8.670133702778568e-14 0.9078915119171143 
vn -0.47007158398628235 -9.722166241553712e-14 0.882628321647644 
vn -0.12973441183567047 -0.9505121111869812 0.28230419754981995 
vn -0.14840221405029297 -0.9502367973327637 0.27391019463539124 
vn -0.566756010055542 -0.8108727931976318 0.1458524912595749 
vn -0.5733791589736938 -0.8122932314872742 0.10684575140476227 
vn -0.9696745276451111 0.003774892073124647 0.24437066912651062 
vn -0.9828073978424072 -2.0326728039470054e-13 0.18463370203971863 
vn -0.566756010055542 0.8108727931976318 0.1458524912595749 
vn -0.5733791589736938 0.8122932314872742 0.10684575140476227 
vn -0.3631344735622406 -0.8100389242172241 -0.46040233969688416 
vn -0.33490973711013794 -0.811010479927063 -0.4796847105026245 
vn -0.6198112964630127 -0.003781007369980216 -0.7847417593002319 
vn -0.5706896185874939 -1.18031805032906e-13 -0.8211658596992493 
vn -0.3631344735622406 0.8100389242172241 -0.46040233969688416 
vn -0.33490973711013794 0.811010479927063 -0.4796847105026245 
vn 3.097898456858039e-13 -0.999997615814209 0.002184694167226553 
vn 3.097898456858039e-13 -0.999997615814209 0.002184694167226553 
vn 0.8084394931793213 -0.5864322781562805 -0.05022686347365379 
vn 0.8099018931388855 -0.5865612626075745 0.002184694167226553 
vn -0.2937221825122833 0.9528335928916931 0.0763898640871048 
vn -0.2991328537464142 0.9523886442184448 0.058952588587999344 
vn 0.5719881057739258 0.8071905970573425 -0.1458524912595749 
vn 0.5783223509788513 0.8081956505775452 -0.1111890971660614 
vn 0.9337234497070312 0.31172269582748413 -0.1760382205247879 
vn 0.7967254519462585 -0.5853856801986694 -0.15017375349998474 
vn 0.9215036630630493 0.3117278814315796 -0.23163928091526031 
vn 0.7868241667747498 -0.5847232937812805 -0.1975002884864807 
vn -1.0341130485562108e-13 0.999997615814209 0.002184694167226553 
vn -1.0341130485562108e-13 0.999997615814209 0.002184694167226553 
vn 0.9501164555549622 -0.3118877410888672 0.002184694167226553 
vn 0.9483473300933838 -0.3117080330848694 -0.058952588587999344 
vn 0.5831999182701111 0.8091286420822144 -0.07203252613544464 
vn -0.30449435114860535 0.9517901539802551 0.03713129088282585 
vn 0.5861581563949585 0.8093453645706177 -0.03713129088282585 
vn -0.3046455681324005 0.952262818813324 0.01966099627315998 
vn 0.8038675785064697 -0.5859100818634033 -0.10250037163496017 
vn 0.9448967576026917 0.30463340878486633 -0.11986933648586273 
vn 0.8084394931793213 -0.5864322781562805 -0.05022686347365379 
vn 0.9483473300933838 0.3117080330848694 -0.058952588587999344 
vn 0.9979936480522156 0 0.0633138045668602 
vn 0.9922564625740051 0 0.1242060661315918 
vn 0.3118281960487366 -0.9499350786209106 0.01966099627315998 
vn 0.3116734027862549 -0.9494634866714478 0.03713129088282585 
vn 3.097898456858039e-13 -0.999997615814209 0.002184694167226553 
vn 3.097898456858039e-13 -0.999997615814209 0.002184694167226553 
vn -0.8062167167663574 -0.5894843935966492 -0.05022686347365379 
vn -0.7993983626365662 -0.5919932126998901 -0.10250037163496017 
vn 0.020755646750330925 -0.950016438961029 -0.31150925159454346 
vn -0.0018870257772505283 -0.9502412676811218 -0.31150925159454346 
vn 0.06113334000110626 0 -0.9981296062469482 
vn 2.0682311115474694e-13 4.2775797696334704e-26 -1 
vn -0.016982339322566986 -0.9500913619995117 -0.31150925159454346 
vn -0.06113334000110626 -1.264378785860703e-14 -0.9981296062469482 
vn 0.9448967576026917 0.30463340878486633 0.11986933648586273 
vn 0.9483473300933838 0.3117080330848694 0.058952588587999344 
vn 0.3116734027862549 0.9494634866714478 0.03713129088282585 
vn 0.3118281960487366 0.9499350786209106 0.01966099627315998 
vn -1.0341130485562108e-13 0.999997615814209 -0.002184694167226553 
vn -1.0341130485562108e-13 0.999997615814209 -0.002184694167226553 
vn 0.9425521492958069 -0.3118121027946472 0.11986933648586273 
vn 0.9483473300933838 -0.3117080330848694 0.058952588587999344 
vn -0.048888545483350754 -0.5899969935417175 0.8059239983558655 
vn -0.0018826874438673258 -0.5884889960289001 0.8085030317306519 
vn 3.097898456858039e-13 -0.999997615814209 -0.002184694167226553 
vn 3.097898456858039e-13 -0.999997615814209 -0.002184694167226553 
vn 0.048888545483350754 -0.5899969935417175 0.8059239983558655 
vn 3.097898456858039e-13 -0.999997615814209 -0.002184694167226553 
vn -0.3118281960487366 0.9499350786209106 -0.01966099627315998 
vn -0.3116734027862549 0.9494634866714478 -0.03713129088282585 
vn -0.9495189785957336 0.30812060832977295 -0.058952588587999344 
vn -0.9448967576026917 0.30463340878486633 -0.11986933648586273 
vn -0.09601321816444397 -0.951991856098175 0.29067665338516235 
vn -0.0753469318151474 -0.9525668621063232 0.2948545813560486 
vn 0.17989099025726318 -0.8075569868087769 -0.5616858005523682 
vn 0.14650802314281464 -0.8067213892936707 -0.5724822878837585 
vn -0.30092674493789673 -0.9505828022956848 -0.0763898640871048 
vn -0.306325227022171 -0.9500997066497803 -0.058952588587999344 
vn -0.9696745276451111 0.003774892073124647 -0.24437066912651062 
vn -0.9828073978424072 -2.0326728039470054e-13 -0.18463370203971863 
vn -1.0341130485562108e-13 0.999997615814209 0.002184694167226553 
vn -1.0341130485562108e-13 0.999997615814209 0.002184694167226553 
vn -0.8869380354881287 -0.3076382577419281 -0.34452807903289795 
vn -0.9047196507453918 -0.3114311993122101 -0.29067665338516235 
vn -1.0341130485562108e-13 0.999997615814209 -0.002184694167226553 
vn -1.0341130485562108e-13 0.999997615814209 -0.002184694167226553 
vn 0.9216291308403015 -0.3113567531108856 0.23163928091526031 
vn 0.9337234497070312 -0.31172269582748413 0.1760382205247879 
vn -0.7127767205238342 -0.5887778997421265 -0.3811691105365753 
vn -0.7362905144691467 -0.5871720910072327 -0.3363112509250641 
vn 3.097898456858039e-13 -0.999997615814209 0.002184694167226553 
vn 3.097898456858039e-13 -0.999997615814209 0.002184694167226553 
vn -1.0341130485562108e-13 0.999997615814209 0.002184694167226553 
vn -1.0341130485562108e-13 0.999997615814209 0.002184694167226553 
vn -0.8391982316970825 -0.3072303533554077 -0.4487268626689911 
vn -0.8646327257156372 -0.3075520694255829 -0.3972681760787964 
vn 0.8380399942398071 0.3103759288787842 0.4487268626689911 
vn 0.8634998202323914 0.3107186257839203 0.3972681760787964 
vn 0.27542808651924133 0.9501928091049194 0.1458524912595749 
vn 0.2848259508609772 0.9499218463897705 0.12854042649269104 
vn 0.251841276884079 -0.9508177042007446 0.18033768236637115 
vn 0.26294147968292236 -0.9509225487709045 0.16312000155448914 
vn 0.8199170827865601 0 0.5724822878837585 
vn 0.8533812761306763 0 0.5212872624397278 
vn 0.06035389378666878 -0.9496792554855347 -0.30735430121421814 
vn 0.037736620754003525 -0.9508466124534607 -0.30735430121421814 
vn 0.1867803931236267 0 -0.9824016690254211 
vn 0.1263735443353653 0 -0.9919826984405518 
vn -1.0341130485562108e-13 0.999997615814209 0.002184694167226553 
vn -1.0341130485562108e-13 0.999997615814209 0.002184694167226553 
vn -0.7801418304443359 -0.30985525250434875 -0.5434780716896057 
vn -0.8106851577758789 -0.3066755533218384 -0.4987381398677826 
vn 0.7803093194961548 0.3094332218170166 0.5434780716896057 
vn 0.8094983100891113 0.30979469418525696 0.4987381398677826 
vn 0.251841276884079 0.9508177042007446 0.18033768236637115 
vn 0.26294147968292236 0.9509225487709045 0.16312000155448914 
vn 0.2298106849193573 -0.9511711597442627 0.2060592919588089 
vn 0.2481672167778015 -0.9492528438568115 0.19321508705615997 
vn 0.74683678150177 0 0.6650074124336243 
vn 0.7860940098762512 0 0.6181069612503052 
vn 3.097898456858039e-13 -0.999997615814209 0.002184694167226553 
vn 3.097898456858039e-13 -0.999997615814209 0.002184694167226553 
vn -0.6370845437049866 -0.5876933932304382 -0.4987381398677826 
vn -0.6061732769012451 -0.5874753594398499 -0.5361219048500061 
vn -0.744132399559021 -0.3128317892551422 -0.590256929397583 
vn -0.7096816897392273 -0.31183773279190063 -0.6317508816719055 
vn -1.0341130485562108e-13 0.999997615814209 0.002184694167226553 
vn -1.0341130485562108e-13 0.999997615814209 0.002184694167226553 
vn 0.2481672167778015 0.9492528438568115 0.19321508705615997 
vn 0.2298106849193573 0.9511711597442627 0.2060592919588089 
vn 0.7457697987556458 0.30890795588493347 0.590256929397583 
vn 0.7113872766494751 0.3079269230365753 0.6317508816719055 
vn 0.7078787684440613 0 0.7063339352607727 
vn 0.6633741855621338 0 0.7482877969741821 
vn 0.2171257883310318 -0.9512902498245239 0.21886809170246124 
vn 0.20594589412212372 -0.9507520794868469 0.23163928091526031 
vn -0.27756667137145996 -0.9495702981948853 -0.1458524912595749 
vn -0.28120657801628113 -0.9509995579719543 -0.12854042649269104 
vn -0.8815911412239075 0.003778468118980527 -0.4719987213611603 
vn -0.9088051319122314 -1.8796191003384727e-13 -0.417220801115036 
vn -0.6740345358848572 -0.30782127380371094 -0.6715083718299866 
vn -0.6311952471733093 -0.3135530352592468 -0.7094202041625977 
vn -1.0341130485562108e-13 0.999997615814209 0.002184694167226553 
vn -1.0341130485562108e-13 0.999997615814209 0.002184694167226553 
vn 0.7108988761901855 -0.5910439491271973 0.3811691105365753 
vn 0.7362905144691467 -0.5871720910072327 0.3363112509250641 
vn 3.097898456858039e-13 -0.999997615814209 -0.002184694167226553 
vn 3.097898456858039e-13 -0.999997615814209 -0.002184694167226553 
vn 0.6198228597640991 0 0.7847417593002319 
vn 0.5706896185874939 0 0.8211658596992493 
vn 0.1931076943874359 -0.9502591490745544 0.24437066912651062 
vn 0.18182532489299774 -0.9491362571716309 0.25706008076667786 
vn 3.097898456858039e-13 -0.999997615814209 0.002184694167226553 
vn 3.097898456858039e-13 -0.999997615814209 0.002184694167226553 
vn -0.49745604395866394 -0.5908849835395813 -0.6351318359375 
vn -0.4623759090900421 -0.5901792645454407 -0.661737859249115 
vn -0.28120657801628113 0.9509995579719543 -0.12854042649269104 
vn -0.27756667137145996 0.9495702981948853 -0.1458524912595749 
vn -0.8646327257156372 0.3075520694255829 -0.3972681760787964 
vn -0.8391982316970825 0.3072303533554077 -0.4487268626689911 
vn 0.1931076943874359 0.9502591490745544 0.24437066912651062 
vn 0.18182532489299774 0.9491362571716309 0.25706008076667786 
vn 0.5894681811332703 0.3113401532173157 0.7453821301460266 
vn 0.5445765852928162 0.31005656719207764 0.7792953848838806 
vn 0.5231503844261169 0 0.8522403836250305 
vn 0.47007158398628235 0 0.882628321647644 
vn 0.16328740119934082 -0.9501839280128479 0.26549527049064636 
vn 0.1446741670370102 -0.9508115649223328 0.27391019463539124 
vn -0.3809455335140228 -0.5892659425735474 -0.7124928832054138 
vn -0.4243726134300232 -0.5892393589019775 -0.6875353455543518 
vn 3.097898456858039e-13 -0.999997615814209 0.002184694167226553 
vn 3.097898456858039e-13 -0.999997615814209 0.002184694167226553 
vn -1.0341130485562108e-13 0.999997615814209 0.002184694167226553 
vn -1.0341130485562108e-13 0.999997615814209 0.002184694167226553 
vn -0.4490296244621277 -0.30941256880760193 -0.838234007358551 
vn -0.496868759393692 -0.3086945414543152 -0.8110666871070862 
vn 0.8094983100891113 -0.30979469418525696 0.4987381398677826 
vn 0.7803093194961548 -0.3094332218170166 0.5434780716896057 
vn -1.0341130485562108e-13 0.999997615814209 -0.002184694167226553 
vn -1.0341130485562108e-13 0.999997615814209 -0.002184694167226553 
vn 0.41920527815818787 0 0.9078915119171143 
vn 0.3629187345504761 0 0.931820809841156 
vn 0.13347072899341583 -0.949994683265686 0.28230419754981995 
vn 0.1147560328245163 -0.949914813041687 0.29067665338516235 
vn -0.2458561211824417 -0.5910887718200684 0.7682244777679443 
vn -0.1997414231300354 -0.5903716087341309 0.7820260524749756 
vn 3.097898456858039e-13 -0.999997615814209 -0.002184694167226553 
vn 3.097898456858039e-13 -0.999997615814209 -0.002184694167226553 
vn -0.3962080478668213 -0.31216463446617126 -0.8634653687477112 
vn -0.34257182478904724 -0.3104889988899231 -0.8867024183273315 
vn -1.0341130485562108e-13 0.999997615814209 0.002184694167226553 
vn -1.0341130485562108e-13 0.999997615814209 0.002184694167226553 
vn 0.13347072899341583 0.949994683265686 0.28230419754981995 
vn 0.1147560328245163 0.949914813041687 0.29067665338516235 
vn 0.3995046317577362 0.3079344630241394 0.8634653687477112 
vn 0.343753844499588 0.30917978286743164 0.8867024183273315 
vn -0.7860940098762512 -1.6223330458978863e-13 -0.6181069612503052 
vn -0.7468271851539612 0.003778175450861454 -0.6650074124336243 
vn -0.24663704633712769 -0.9496515393257141 -0.19321508705615997 
vn -0.2355899065732956 -0.9497562646865845 -0.2060592919588089 
vn 3.097898456858039e-13 -0.999997615814209 0.002184694167226553 
vn 3.097898456858039e-13 -0.999997615814209 0.002184694167226553 
vn -0.24323910474777222 -0.5921704769134521 -0.7682244777679443 
vn -0.19690226018428802 -0.5913245677947998 -0.7820260524749756 
vn 3.097898456858039e-13 -0.999997615814209 -0.002184694167226553 
vn 3.097898456858039e-13 -0.999997615814209 -0.002184694167226553 
vn 0.6351303458213806 -0.5898048281669617 0.4987381398677826 
vn 0.6015472412109375 -0.5922113060951233 0.5361219048500061 
vn 0.09788081049919128 0.9505156874656677 0.2948545813560486 
vn 0.07730606943368912 0.9497880935668945 0.30319350957870483 
vn 0.28907403349876404 0.30904290080070496 0.9060511589050293 
vn 0.23634672164916992 0.3067241311073303 0.9219872951507568 
vn 0.1867803931236267 0 0.9824016690254211 
vn 0.1263735443353653 0 0.9919826984405518 
vn 0.06035389378666878 -0.9496792554855347 0.30735430121421814 
vn 0.037736620754003525 -0.9508466124534607 0.30735430121421814 
vn 0.28835439682006836 0.3097144663333893 -0.9060511589050293 
vn 0.2354748696088791 0.30739396810531616 -0.9219872951507568 
vn 0.09612525999546051 0.9506948590278625 -0.2948545813560486 
vn 0.07730606943368912 0.9497880935668945 -0.30319350957870483 
vn -0.17519530653953552 -0.3084844946861267 -0.9349566102027893 
vn -0.11488547176122665 -0.3094968795776367 -0.9439348578453064 
vn -1.0341130485562108e-13 0.999997615814209 0.002184694167226553 
vn -1.0341130485562108e-13 0.999997615814209 0.002184694167226553 
vn -0.7126857042312622 0.30490976572036743 -0.6317508816719055 
vn -0.7470290660858154 0.30585017800331116 -0.590256929397583 
vn -0.2355899065732956 0.9497562646865845 -0.2060592919588089 
vn -0.24663704633712769 0.9496515393257141 -0.19321508705615997 
vn 0.06113334000110626 0 0.9981296062469482 
vn 0 0 1 
vn 0.020755646750330925 -0.950016438961029 0.31150925159454346 
vn -0.0018870257772505283 -0.9502412676811218 0.31150925159454346 
vn 3.097898456858039e-13 -0.999997615814209 0.002184694167226553 
vn 3.097898456858039e-13 -0.999997615814209 0.002184694167226553 
vn -0.05285302922129631 -0.5896551012992859 -0.8059239983558655 
vn 0.0018903875024989247 -0.5884889960289001 -0.8085030317306519 
vn 0.1317666918039322 -0.9502325654029846 -0.28230419754981995 
vn 0.11302479356527328 -0.9501223564147949 -0.29067665338516235 
vn 0.41920527815818787 0 -0.9078915119171143 
vn 0.3629187345504761 0 -0.931820809841156 
vn 0.020755646750330925 0.950016438961029 0.31150925159454346 
vn -0.0018870257772505283 0.9502412676811218 0.31150925159454346 
vn 0.05609837546944618 0.30852586030960083 0.949560284614563 
vn -0.0018766504945233464 0.30942681431770325 0.9509214162826538 
vn 0.6742480993270874 -0.3073531985282898 0.6715083718299866 
vn 0.6314413547515869 -0.31305718421936035 0.7094202041625977 
vn -1.0341130485562108e-13 0.999997615814209 -0.002184694167226553 
vn -1.0341130485562108e-13 0.999997615814209 -0.002184694167226553 
vn 3.097898456858039e-13 -0.999997615814209 0.002184694167226553 
vn 3.097898456858039e-13 -0.999997615814209 0.002184694167226553 
vn 0.05285302922129631 -0.5896551012992859 -0.8059239983558655 
vn 0.10154008865356445 -0.5903706550598145 -0.8007197380065918 
vn 0.06013089045882225 -0.3119886815547943 -0.9481810927391052 
vn 0.11488547176122665 -0.3094968795776367 -0.9439348578453064 
vn -1.0341130485562108e-13 0.999997615814209 0.002184694167226553 
vn -1.0341130485562108e-13 0.999997615814209 0.002184694167226553 
vn -0.343753844499588 -0.30917978286743164 0.8867024183273315 
vn -0.3971956670284271 -0.3109070658683777 0.8634653687477112 
vn -1.0341130485562108e-13 0.999997615814209 -0.002184694167226553 
vn -1.0341130485562108e-13 0.999997615814209 -0.002184694167226553 
vn -0.18674300611019135 0.0037372533697634935 0.9824016690254211 
vn -0.2464885413646698 -5.097952835157911e-14 0.9691457152366638 
vn -0.06035389378666878 -0.9496792554855347 0.30735430121421814 
vn -0.07354273647069931 -0.9500869512557983 0.30319350957870483 
vn 3.097898456858039e-13 -0.999997615814209 0.002184694167226553 
vn 3.097898456858039e-13 -0.999997615814209 0.002184694167226553 
vn 0.14769165217876434 -0.5913181304931641 -0.7927988767623901 
vn 0.19690226018428802 -0.5913245677947998 -0.7820260524749756 
vn 0.17847050726413727 -0.30660131573677063 -0.9349566102027893 
vn 0.2354748696088791 -0.30739396810531616 -0.9219872951507568 
vn -1.0341130485562108e-13 0.999997615814209 0.002184694167226553 
vn -1.0341130485562108e-13 0.999997615814209 0.002184694167226553 
vn -0.23335228860378265 0.30900838971138 0.9219872951507568 
vn -0.17301563918590546 0.3097122311592102 0.9349566102027893 
vn -0.07354273647069931 0.9500869512557983 0.30319350957870483 
vn -0.06035389378666878 0.9496792554855347 0.30735430121421814 
vn 0.5894681811332703 -0.3113401532173157 0.7453821301460266 
vn 0.5445765852928162 -0.31005656719207764 0.7792953848838806 
vn -1.0341130485562108e-13 0.999997615814209 -0.002184694167226553 
vn -1.0341130485562108e-13 0.999997615814209 -0.002184694167226553 
vn 0.29515090584754944 -0.5867581367492676 -0.7540562748908997 
vn 0.24323910474777222 -0.5921704769134521 -0.7682244777679443 
vn 3.097898456858039e-13 -0.999997615814209 0.002184694167226553 
vn 3.097898456858039e-13 -0.999997615814209 0.002184694167226553 
vn -0.18940694630146027 0.9510036706924438 -0.24437066912651062 
vn -0.18019413948059082 0.9494473338127136 -0.25706008076667786 
vn -0.5889211297035217 0.3123737573623657 -0.7453821301460266 
vn -0.5461312532424927 0.3073098957538605 -0.7792953848838806 
vn -0.343753844499588 0.30917978286743164 0.8867024183273315 
vn -0.291812926530838 0.3064580261707306 0.9060511589050293 
vn -0.11101080477237701 0.9503597617149353 0.29067665338516235 
vn -0.09788081049919128 0.9505156874656677 0.2948545813560486 
vn 0.03962792083621025 -0.9521046876907349 0.30319350957870483 
vn 0.05660116672515869 -0.952564537525177 0.2990269064903259 
vn -0.07162199169397354 -0.8066132664680481 -0.5867242813110352 
vn -0.10917060077190399 -0.8075370788574219 -0.5796254277229309 
vn 3.097898456858039e-13 -0.999997615814209 0.002184694167226553 
vn 3.097898456858039e-13 -0.999997615814209 0.002184694167226553 
vn 0.769587516784668 -0.589930534362793 -0.24437066912651062 
vn 0.7822985649108887 -0.5907644629478455 -0.1975002884864807 
vn -0.8533812761306763 -1.7649896572480978e-13 -0.5212872624397278 
vn -0.8199170827865601 -1.6957779852642269e-13 -0.5724822878837585 
vn -0.2665782868862152 -0.9499093890190125 -0.16312000155448914 
vn -0.2576150894165039 -0.9492695927619934 -0.18033768236637115 
vn -0.23740234971046448 0.952862560749054 -0.18892620503902435 
vn -0.226348415017128 0.9529168605804443 -0.2017817199230194 
vn 0.460054874420166 0.8094185590744019 0.3649536371231079 
vn 0.437774658203125 0.808519721031189 0.3932546079158783 
vn 0.9088051319122314 0 0.417220801115036 
vn 0.8815992474555969 0 0.4719987213611603 
vn 0.2848259508609772 -0.9499218463897705 0.12854042649269104 
vn 0.27542808651924133 -0.9501928091049194 0.1458524912595749 
vn -1.0341130485562108e-13 0.999997615814209 0.002184694167226553 
vn -1.0341130485562108e-13 0.999997615814209 0.002184694167226553 
vn 0.9215036630630493 -0.3117278814315796 -0.23163928091526031 
vn 0.9047196507453918 -0.3114311993122101 -0.29067665338516235 
vn 0.33846357464790344 -0.8072525262832642 -0.4835140109062195 
vn 0.36792901158332825 -0.8056521415710449 -0.4642767012119293 
vn -0.17832516133785248 -0.9509335160255432 0.25283506512641907 
vn -0.1875307857990265 -0.9524542689323425 0.2401314377784729 
vn -0.9448967576026917 0.30463340878486633 0.11986933648586273 
vn -0.9349123239517212 0.30813875794410706 0.1760382205247879 
vn -0.3116734027862549 0.9494634866714478 0.03713129088282585 
vn -0.306325227022171 0.9500997066497803 0.058952588587999344 
vn 0.17989099025726318 0.8075569868087769 -0.5616858005523682 
vn 0.14650802314281464 0.8067213892936707 -0.5724822878837585 
vn -0.09601321816444397 0.951991856098175 0.29067665338516235 
vn -0.0753469318151474 0.9525668621063232 0.2948545813560486 
vn 0.30983248353004456 -0.8071411848068237 0.5025205612182617 
vn 0.2794376015663147 -0.8063338398933411 0.5212872624397278 
vn -0.15975922346115112 -0.9519504308700562 -0.2612801790237427 
vn -0.14111794531345367 -0.9525464773178101 -0.26970529556274414 
vn -0.27542808651924133 -0.9501928091049194 0.1458524912595749 
vn -0.2665782868862152 -0.9499093890190125 0.16312000155448914 
vn -0.8815992474555969 -1.8233509049402769e-13 0.4719987213611603 
vn -0.8533729314804077 0.0037706999573856592 0.5212872624397278 
vn -0.9349123239517212 0.30813875794410706 0.1760382205247879 
vn -0.7944850921630859 -0.5884227156639099 0.15017375349998474 
vn -0.9216291308403015 0.3113567531108856 0.23163928091526031 
vn -0.7868241667747498 -0.5847232937812805 0.1975002884864807 
vn -0.9060682058334351 0.3074857294559479 0.29067665338516235 
vn -0.772829532623291 -0.5838920474052429 0.24860523641109467 
vn -0.8858277797698975 0.3108207583427429 0.34452807903289795 
vn -0.7530806660652161 -0.588158369064331 0.2948545813560486 
vn -0.529866635799408 -0.8121110200881958 -0.24437066912651062 
vn -0.5153342485427856 -0.8120368123054504 -0.27391019463539124 
vn -0.9088051319122314 -1.8796191003384727e-13 -0.417220801115036 
vn -0.8815911412239075 0.003778468118980527 -0.4719987213611603 
vn -0.529866635799408 0.8121110200881958 -0.24437066912651062 
vn -0.5153342485427856 0.8120368123054504 -0.27391019463539124 
vn -1.0341130485562108e-13 0.999997615814209 0.002184694167226553 
vn -1.0341130485562108e-13 0.999997615814209 0.002184694167226553 
vn 0.7801418304443359 -0.30985525250434875 -0.5434780716896057 
vn 0.7455888986587524 -0.3093443810939789 -0.590256929397583 
vn 0.14485283195972443 0.9519856572151184 -0.26970529556274414 
vn 0.16348232328891754 0.9513181447982788 -0.2612801790237427 
vn -0.27587205171585083 0.8075606822967529 0.5212872624397278 
vn -0.30983248353004456 0.8071411848068237 0.5025205612182617 
vn -0.9495189785957336 0.30812060832977295 0.058952588587999344 
vn -0.8106507062911987 -0.5833718180656433 0.05022686347365379 
vn -0.9425521492958069 0.3118121027946472 0.11986933648586273 
vn -0.8038675785064697 -0.5859100818634033 0.10250037163496017 
vn -0.8533729314804077 0.0037706999573856592 0.5212872624397278 
vn -0.8815992474555969 -1.8233509049402769e-13 0.4719987213611603 
vn -0.2665782868862152 -0.9499093890190125 0.16312000155448914 
vn -0.27542808651924133 -0.9501928091049194 0.1458524912595749 
vn -1.0341130485562108e-13 0.999997615814209 -0.002184694167226553 
vn -1.0341130485562108e-13 0.999997615814209 -0.002184694167226553 
vn 0.2303358018398285 -0.31126338243484497 0.9219872951507568 
vn 0.28907403349876404 -0.30904290080070496 0.9060511589050293 
vn -1.0341130485562108e-13 0.999997615814209 0.002184694167226553 
vn -1.0341130485562108e-13 0.999997615814209 0.002184694167226553 
vn 0.837891697883606 -0.3107759654521942 -0.4487268626689911 
vn 0.8093411922454834 -0.31020501255989075 -0.4987381398677826 
vn -0.18674203753471375 0.003785469336435199 -0.9824016690254211 
vn -0.12631699442863464 0.0037805235479027033 -0.9919826984405518 
vn -0.06035389378666878 -0.9496792554855347 -0.30735430121421814 
vn -0.037736620754003525 -0.9508466124534607 -0.30735430121421814 
vn -0.291982501745224 -0.9499385356903076 0.1111890971660614 
vn -0.28120657801628113 -0.9509995579719543 0.12854042649269104 
vn -0.9326038360595703 0.003770755836740136 0.36088213324546814 
vn -0.9087973237037659 0.0037715816870331764 0.417220801115036 
vn 0.754088819026947 -0.588945746421814 -0.29067665338516235 
vn 0.7362905144691467 -0.5871720910072327 -0.3363112509250641 
vn 3.097898456858039e-13 -0.999997615814209 0.002184694167226553 
vn 3.097898456858039e-13 -0.999997615814209 0.002184694167226553 
vn 0.10319659113883972 -0.5900833606719971 0.8007197380065918 
vn 0.14923466742038727 -0.5909305810928345 0.7927988767623901 
vn 3.097898456858039e-13 -0.999997615814209 -0.002184694167226553 
vn 3.097898456858039e-13 -0.999997615814209 -0.002184694167226553 
vn 0.18019413948059082 0.9494473338127136 -0.25706008076667786 
vn 0.1931076943874359 0.9502591490745544 -0.24437066912651062 
vn 0.5442683100700378 0.31059741973876953 -0.7792953848838806 
vn 0.5924259424209595 0.30567458271980286 -0.7453821301460266 
vn -0.8106851577758789 -0.3066755533218384 -0.4987381398677826 
vn -0.7801418304443359 -0.30985525250434875 -0.5434780716896057 
vn -1.0341130485562108e-13 0.999997615814209 0.002184694167226553 
vn -1.0341130485562108e-13 0.999997615814209 0.002184694167226553 
vn -0.8380399942398071 -0.3103759288787842 0.4487268626689911 
vn -0.8634998202323914 -0.3107186257839203 0.3972681760787964 
vn -1.0341130485562108e-13 0.999997615814209 -0.002184694167226553 
vn -1.0341130485562108e-13 0.999997615814209 -0.002184694167226553 
vn 0.39853745698928833 0.3091852068901062 -0.8634653687477112 
vn 0.3359900414943695 -0.5869928598403931 -0.736579954624176 
vn 0.34257182478904724 0.3104889988899231 -0.8867024183273315 
vn 0.29515090584754944 -0.5867581367492676 -0.7540562748908997 
vn -0.8858277797698975 0.3108207583427429 0.34452807903289795 
vn -0.8634998202323914 0.3107186257839203 0.3972681760787964 
vn -0.291982501745224 0.9499385356903076 0.1111890971660614 
vn -0.28120657801628113 0.9509995579719543 0.12854042649269104 
vn -0.18940694630146027 0.9510036706924438 -0.24437066912651062 
vn -0.18019413948059082 0.9494473338127136 -0.25706008076667786 
vn -0.5889211297035217 0.3123737573623657 -0.7453821301460266 
vn -0.5461312532424927 0.3073098957538605 -0.7792953848838806 
vn 3.097898456858039e-13 -0.999997615814209 0.002184694167226553 
vn -0.8099018931388855 -0.5865612626075745 0.002184694167226553 
vn 3.097898456858039e-13 -0.999997615814209 -0.002184694167226553 
vn -0.8062167167663574 -0.5894843935966492 0.05022686347365379 
vn -0.7944850921630859 -0.5884227156639099 0.15017375349998474 
vn -0.7822985649108887 -0.5907644629478455 0.1975002884864807 
vn 3.097898456858039e-13 -0.999997615814209 -0.002184694167226553 
vn 3.097898456858039e-13 -0.999997615814209 -0.002184694167226553 
vn -0.9448967576026917 0.30463340878486633 0.11986933648586273 
vn -0.9349123239517212 0.30813875794410706 0.1760382205247879 
vn -0.3116734027862549 0.9494634866714478 0.03713129088282585 
vn -0.306325227022171 0.9500997066497803 0.058952588587999344 
vn -0.5683251619338989 -0.590991199016571 0.5724822878837585 
vn -0.5361289381980896 -0.5894221067428589 0.6042742133140564 
vn 3.097898456858039e-13 -0.999997615814209 -0.002184694167226553 
vn 3.097898456858039e-13 -0.999997615814209 -0.002184694167226553 
vn -0.016982339322566986 0.9500913619995117 -0.31150925159454346 
vn -0.0018870257772505283 0.9502412676811218 -0.31150925159454346 
vn -0.060247961431741714 0.3077424466609955 -0.949560284614563 
vn 0.0018912545638158917 0.3094267249107361 -0.9509214162826538 
vn 0.020755646750330925 0.950016438961029 -0.31150925159454346 
vn 0.060247961431741714 0.3077424466609955 -0.949560284614563 
vn -0.6331077814102173 -0.3096732497215271 0.7094202041625977 
vn -0.6726744174957275 -0.3107822835445404 0.6715083718299866 
vn -1.0341130485562108e-13 0.999997615814209 -0.002184694167226553 
vn -1.0341130485562108e-13 0.999997615814209 -0.002184694167226553 
vn -1.0341130485562108e-13 0.999997615814209 0.002184694167226553 
vn -1.0341130485562108e-13 0.999997615814209 0.002184694167226553 
vn 0.9215036630630493 -0.3117278814315796 -0.23163928091526031 
vn 0.9047196507453918 -0.3114311993122101 -0.29067665338516235 
vn -0.9979865550994873 0.0037729027681052685 -0.0633138045668602 
vn -0.9922564625740051 -2.0522155481060567e-13 -0.1242060661315918 
vn -0.3118281960487366 -0.9499350786209106 -0.01966099627315998 
vn -0.3116734027862549 -0.9494634866714478 -0.03713129088282585 
vn 0.8633590340614319 0.3111095130443573 -0.3972681760787964 
vn 0.837891697883606 0.3107759654521942 -0.4487268626689911 
vn 0.2848259508609772 0.9499218463897705 -0.12854042649269104 
vn 0.27393993735313416 0.9506229162216187 -0.1458524912595749 
vn 3.097898456858039e-13 -0.999997615814209 0.002184694167226553 
vn 3.097898456858039e-13 -0.999997615814209 0.002184694167226553 
vn -0.7718782424926758 -0.5869300961494446 -0.24437066912651062 
vn -0.754088819026947 -0.588945746421814 -0.29067665338516235 
vn 0.5361289381980896 -0.5894221067428589 0.6042742133140564 
vn 0.5710375308990479 -0.5883708000183105 0.5724822878837585 
vn 3.097898456858039e-13 -0.999997615814209 -0.002184694167226553 
vn 3.097898456858039e-13 -0.999997615814209 -0.002184694167226553 
vn -1.0341130485562108e-13 0.999997615814209 -0.002184694167226553 
vn -1.0341130485562108e-13 0.999997615814209 -0.002184694167226553 
vn -0.05609837546944618 -0.30852586030960083 0.949560284614563 
vn -0.0018766504945233464 -0.30942681431770325 0.9509214162826538 
vn -1.0341130485562108e-13 0.999997615814209 -0.002184694167226553 
vn 0.05609837546944618 -0.30852586030960083 0.949560284614563 
vn 0.9326114058494568 0 -0.36088213324546814 
vn 0.9529290199279785 0 -0.30319350957870483 
vn 0.2883718013763428 -0.9510408639907837 -0.1111890971660614 
vn 0.29903003573417664 -0.9496219754219055 -0.09380380809307098 
vn 0.74683678150177 0 -0.6650074124336243 
vn 0.7860940098762512 0 -0.6181069612503052 
vn 0.2355899065732956 -0.9497562646865845 -0.2060592919588089 
vn 0.24663704633712769 -0.9496515393257141 -0.19321508705615997 
vn -0.306325227022171 0.9500997066497803 -0.058952588587999344 
vn -0.30092674493789673 0.9505828022956848 -0.0763898640871048 
vn -0.9349123239517212 0.30813875794410706 -0.1760382205247879 
vn -0.9227072596549988 0.30814704298973083 -0.23163928091526031 
vn -0.3354164958000183 -0.5910167694091797 0.7336177229881287 
vn -0.2929639518260956 -0.5878531336784363 0.7540562748908997 
vn 3.097898456858039e-13 -0.999997615814209 -0.002184694167226553 
vn 3.097898456858039e-13 -0.999997615814209 -0.002184694167226553 
vn -0.14923466742038727 -0.5909305810928345 0.7927988767623901 
vn -0.099479541182518 -0.5907213687896729 0.8007197380065918 
vn 3.097898456858039e-13 -0.999997615814209 -0.002184694167226553 
vn 3.097898456858039e-13 -0.999997615814209 -0.002184694167226553 
vn 3.097898456858039e-13 -0.999997615814209 -0.002184694167226553 
vn 3.097898456858039e-13 -0.999997615814209 -0.002184694167226553 
vn -0.6041877269744873 -0.5895171761512756 0.5361219048500061 
vn -0.6351303458213806 -0.5898048281669617 0.4987381398677826 
vn -1.0341130485562108e-13 0.999997615814209 -0.002184694167226553 
vn -1.0341130485562108e-13 0.999997615814209 -0.002184694167226553 
vn -0.17301563918590546 -0.3097122311592102 0.9349566102027893 
vn -0.11760670691728592 -0.3084730803966522 0.9439348578453064 
vn 0.037736620754003525 0.9508466124534607 -0.30735430121421814 
vn 0.06035389378666878 0.9496792554855347 -0.30735430121421814 
vn 0.11488547176122665 0.3094968795776367 -0.9439348578453064 
vn 0.17847050726413727 0.30660131573677063 -0.9349566102027893 
vn -1.0341130485562108e-13 0.999997615814209 -0.002184694167226553 
vn -1.0341130485562108e-13 0.999997615814209 -0.002184694167226553 
vn 0.8380399942398071 -0.3103759288787842 0.4487268626689911 
vn 0.8634998202323914 -0.3107186257839203 0.3972681760787964 
vn 0.49757078289985657 -0.3075616955757141 0.8110666871070862 
vn 0.4477097988128662 -0.3113192617893219 0.838234007358551 
vn -1.0341130485562108e-13 0.999997615814209 -0.002184694167226553 
vn -1.0341130485562108e-13 0.999997615814209 -0.002184694167226553 
vn 3.097898456858039e-13 -0.999997615814209 -0.002184694167226553 
vn 3.097898456858039e-13 -0.999997615814209 -0.002184694167226553 
vn 0.689361572265625 -0.5893908143043518 0.42118772864341736 
vn 0.6607904434204102 -0.5927779078483582 0.46040233969688416 
vn 0.30092674493789673 0.9505828022956848 -0.0763898640871048 
vn 0.3027311861515045 0.9512509703636169 -0.058952588587999344 
vn 0.9215036630630493 0.3117278814315796 -0.23163928091526031 
vn 0.9337234497070312 0.31172269582748413 -0.1760382205247879 
vn -0.17832516133785248 -0.9509335160255432 -0.25283506512641907 
vn -0.1875307857990265 -0.9524542689323425 -0.2401314377784729 
vn 0.3397628962993622 -0.8067064881324768 0.4835140109062195 
vn 0.3623080849647522 -0.8081955313682556 0.4642767012119293 
vn 0.2355899065732956 0.9497562646865845 -0.2060592919588089 
vn 0.24663704633712769 0.9496515393257141 -0.19321508705615997 
vn 0.7111921310424805 0.3083774149417877 -0.6317508816719055 
vn 0.7455888986587524 0.3093443810939789 -0.590256929397583 
vn -0.23335228860378265 -0.30900838971138 0.9219872951507568 
vn -0.2863122224807739 -0.311603307723999 0.9060511589050293 
vn -1.0341130485562108e-13 0.999997615814209 -0.002184694167226553 
vn -1.0341130485562108e-13 0.999997615814209 -0.002184694167226553 
vn -0.5889211297035217 -0.3123737573623657 -0.7453821301460266 
vn -0.5461312532424927 -0.3073098957538605 -0.7792953848838806 
vn -1.0341130485562108e-13 0.999997615814209 0.002184694167226553 
vn -1.0341130485562108e-13 0.999997615814209 0.002184694167226553 
vn 0.5889211297035217 -0.3123737573623657 -0.7453821301460266 
vn 0.6311952471733093 -0.3135530352592468 -0.7094202041625977 
vn -1.0341130485562108e-13 0.999997615814209 0.002184694167226553 
vn -1.0341130485562108e-13 0.999997615814209 0.002184694167226553 
vn 0.14485283195972443 0.9519856572151184 -0.26970529556274414 
vn 0.16348232328891754 0.9513181447982788 -0.2612801790237427 
vn -0.27587205171585083 0.8075606822967529 0.5212872624397278 
vn -0.30983248353004456 0.8071411848068237 0.5025205612182617 
vn -0.20804211497306824 -0.9502955675125122 -0.23163928091526031 
vn -0.2171257883310318 -0.9512902498245239 -0.21886809170246124 
vn -0.6633741855621338 -1.3720110930617174e-13 -0.7482877969741821 
vn -0.7078686952590942 0.0037756471429020166 -0.7063339352607727 
vn 3.097898456858039e-13 -0.999997615814209 -0.002184694167226553 
vn 3.097898456858039e-13 -0.999997615814209 -0.002184694167226553 
vn -0.2929639518260956 -0.5878531336784363 0.7540562748908997 
vn -0.3354164958000183 -0.5910167694091797 0.7336177229881287 
vn 3.097898456858039e-13 -0.999997615814209 -0.002184694167226553 
vn 3.097898456858039e-13 -0.999997615814209 -0.002184694167226553 
vn -0.6633044481277466 -0.589963436126709 0.46040233969688416 
vn -0.6869031190872192 -0.5922541618347168 0.42118772864341736 
vn 0.20615820586681366 0.9517322182655334 -0.22738653421401978 
vn 0.21891316771507263 0.9518522620201111 -0.21460255980491638 
vn -0.3887060582637787 0.8090207576751709 0.4409002661705017 
vn -0.41912832856178284 0.8063859343528748 0.417220801115036 
vn -0.6198112964630127 0.003781007369980216 -0.7847417593002319 
vn -0.5706896185874939 -1.18031805032906e-13 -0.8211658596992493 
vn -0.18940694630146027 -0.9510036706924438 -0.24437066912651062 
vn -0.18019413948059082 -0.9494473338127136 -0.25706008076667786 
vn 0.11302479356527328 0.9501223564147949 -0.29067665338516235 
vn 0.1317666918039322 0.9502325654029846 -0.28230419754981995 
vn 0.34257182478904724 0.3104889988899231 -0.8867024183273315 
vn 0.39853745698928833 0.3091852068901062 -0.8634653687477112 
vn -0.3046455681324005 0.952262818813324 0.01966099627315998 
vn 0.5861581563949585 0.8093453645706177 -0.03713129088282585 
vn -0.30449435114860535 0.9517901539802551 0.03713129088282585 
vn 0.5831999182701111 0.8091286420822144 -0.07203252613544464 
vn -0.1465379148721695 0.9517277479171753 0.26970529556274414 
vn -0.15770211815834045 0.9522933959960938 0.2612801790237427 
vn 0.278032124042511 0.8068195581436157 -0.5212872624397278 
vn 0.3084801435470581 0.8076590299606323 -0.5025205612182617 
vn 3.097898456858039e-13 -0.999997615814209 0.002184694167226553 
vn 3.097898456858039e-13 -0.999997615814209 0.002184694167226553 
vn 0.6345177888870239 -0.5904637575149536 -0.4987381398677826 
vn 0.6652312278747559 -0.5877900123596191 -0.46040233969688416 
vn -1.0341130485562108e-13 0.999997615814209 -0.002184694167226553 
vn -1.0341130485562108e-13 0.999997615814209 -0.002184694167226553 
vn -0.9349123239517212 -0.30813875794410706 0.1760382205247879 
vn -0.9216291308403015 -0.3113567531108856 0.23163928091526031 
vn -0.7816921472549438 0.30592310428619385 0.5434780716896057 
vn -0.7457697987556458 0.30890795588493347 0.590256929397583 
vn -0.2554866373538971 0.9498446583747864 0.18033768236637115 
vn -0.24451524019241333 0.950200080871582 0.19321508705615997 
vn 3.097898456858039e-13 -0.999997615814209 -0.002184694167226553 
vn 3.097898456858039e-13 -0.999997615814209 -0.002184694167226553 
vn -0.46026214957237244 -0.5918291807174683 0.661737859249115 
vn -0.49905261397361755 -0.5895371437072754 0.6351318359375 
vn -0.8858277797698975 -0.3108207583427429 0.34452807903289795 
vn -0.9060682058334351 -0.3074857294559479 0.29067665338516235 
vn -1.0341130485562108e-13 0.999997615814209 -0.002184694167226553 
vn -1.0341130485562108e-13 0.999997615814209 -0.002184694167226553 
vn -0.5755237936973572 -0.8107751607894897 -0.10684575140476227 
vn -0.5689026713371277 -0.8093681335449219 -0.1458524912595749 
vn -0.9828073978424072 -2.0326728039470054e-13 -0.18463370203971863 
vn -0.9696745276451111 -0.003774892073124647 -0.24437066912651062 
vn -0.5755237936973572 0.8107751607894897 -0.10684575140476227 
vn -0.5689026713371277 0.8093681335449219 -0.1458524912595749 
vn 3.097898456858039e-13 -0.999997615814209 0.002184694167226553 
vn 3.097898456858039e-13 -0.999997615814209 0.002184694167226553 
vn -0.5703466534614563 -0.5890405178070068 -0.5724822878837585 
vn -0.5381783246994019 -0.587551474571228 -0.6042742133140564 
vn -0.05097658559679985 -0.5862799882888794 -0.8085030317306519 
vn -0.060247961431741714 0.3077424466609955 -0.949560284614563 
vn 0.003781221341341734 -0.5849415063858032 -0.8110666871070862 
vn 0.0018912545638158917 0.3094267249107361 -0.9509214162826538 
vn 0.047208987176418304 -0.5865954160690308 -0.8085030317306519 
vn 0.060247961431741714 0.3077424466609955 -0.949560284614563 
vn -0.022645773366093636 -0.9513256549835205 0.30735430121421814 
vn 2.9479519411505783e-13 -0.95159512758255 0.30735430121421814 
vn 0.03396063297986984 -0.809074342250824 -0.5867242813110352 
vn -0.0018896718975156546 -0.8072131872177124 -0.590256929397583 
vn 0.022645773366093636 -0.9513256549835205 0.30735430121421814 
vn -0.03396063297986984 -0.809074342250824 -0.5867242813110352 
vn 3.097898456858039e-13 -0.999997615814209 -0.002184694167226553 
vn 3.097898456858039e-13 -0.999997615814209 -0.002184694167226553 
vn -0.7108988761901855 -0.5910439491271973 0.3811691105365753 
vn -0.7362905144691467 -0.5871720910072327 0.3363112509250641 
vn 0.037736620754003525 -0.9508466124534607 0.30735430121421814 
vn 0.06035389378666878 -0.9496792554855347 0.30735430121421814 
vn 0.1263735443353653 0 0.9919826984405518 
vn 0.1867803931236267 0 0.9824016690254211 
vn 3.097898456858039e-13 -0.999997615814209 0.002184694167226553 
vn 3.097898456858039e-13 -0.999997615814209 0.002184694167226553 
vn 0.33431276679039 -0.5916418433189392 -0.7336177229881287 
vn 0.37776467204093933 -0.5913101434707642 -0.7124928832054138 
vn -0.48172691464424133 -0.8092181086540222 0.3363112509250641 
vn -0.5017051696777344 -0.8085945844650269 0.30735430121421814 
vn -0.8199084401130676 0.0037713563069701195 0.5724822878837585 
vn -0.8533729314804077 0.0037706999573856592 0.5212872624397278 
vn -0.48172691464424133 0.8092181086540222 0.3363112509250641 
vn -0.5017051696777344 0.8085945844650269 0.30735430121421814 
vn 0.9337234497070312 -0.31172269582748413 -0.1760382205247879 
vn 0.9425521492958069 -0.3118121027946472 -0.11986933648586273 
vn -1.0341130485562108e-13 0.999997615814209 0.002184694167226553 
vn -1.0341130485562108e-13 0.999997615814209 0.002184694167226553 
vn -0.7126857042312622 0.30490976572036743 -0.6317508816719055 
vn -0.7470290660858154 0.30585017800331116 -0.590256929397583 
vn -0.2355899065732956 0.9497562646865845 -0.2060592919588089 
vn -0.24663704633712769 0.9496515393257141 -0.19321508705615997 
vn 0.7803093194961548 0.3094332218170166 0.5434780716896057 
vn 0.6637173295021057 -0.5864524245262146 0.4642767012119293 
vn 0.8094983100891113 0.30979469418525696 0.4987381398677826 
vn 0.692287027835846 -0.5830857753753662 0.42514660954475403 
vn 0.022645773366093636 -0.9513256549835205 -0.30735430121421814 
vn 2.9479519411505783e-13 -0.95159512758255 -0.30735430121421814 
vn -0.03955789655447006 -0.8088200092315674 0.5867242813110352 
vn 2.5006773453177533e-13 -0.8072154521942139 0.590256929397583 
vn -0.022645773366093636 -0.9513256549835205 -0.30735430121421814 
vn 0.035793062299489975 -0.8089953660964966 0.5867242813110352 
vn -0.343753844499588 0.30917978286743164 0.8867024183273315 
vn -0.291812926530838 0.3064580261707306 0.9060511589050293 
vn -0.11101080477237701 0.9503597617149353 0.29067665338516235 
vn -0.09788081049919128 0.9505156874656677 0.2948545813560486 
vn -0.07164862751960754 0.8117271065711975 -0.5796254277229309 
vn -0.10544497519731522 0.8105781674385071 -0.5760593414306641 
vn -0.12631699442863464 0.0037805235479027033 -0.9919826984405518 
vn -0.18674203753471375 0.003785469336435199 -0.9824016690254211 
vn -0.07164862751960754 -0.8117271065711975 -0.5796254277229309 
vn -0.10544497519731522 -0.8105781674385071 -0.5760593414306641 
vn 3.097898456858039e-13 -0.999997615814209 -0.002184694167226553 
vn 3.097898456858039e-13 -0.999997615814209 -0.002184694167226553 
vn 0.7922331690788269 -0.5914511680603027 0.15017375349998474 
vn 0.7822985649108887 -0.5907644629478455 0.1975002884864807 
vn 0.1504516750574112 0.9499144554138184 -0.27391019463539124 
vn 0.16162775456905365 0.9504676461219788 -0.26549527049064636 
vn 0.4511646032333374 0.3062910735607147 -0.838234007358551 
vn 0.496868759393692 0.3086945414543152 -0.8110666871070862 
vn -0.6064640879631042 -0.5837908387184143 0.5398051738739014 
vn -0.7113872766494751 0.3079269230365753 0.6317508816719055 
vn -0.6374243497848511 -0.58409184217453 0.5025205612182617 
vn -0.7457697987556458 0.30890795588493347 0.590256929397583 
vn -0.7718782424926758 -0.5869300961494446 0.24437066912651062 
vn -0.7522536516189575 -0.5912880301475525 0.29067665338516235 
vn 3.097898456858039e-13 -0.999997615814209 -0.002184694167226553 
vn 3.097898456858039e-13 -0.999997615814209 -0.002184694167226553 
vn -0.5755237936973572 -0.8107751607894897 -0.10684575140476227 
vn -0.5689026713371277 -0.8093681335449219 -0.1458524912595749 
vn -0.9828073978424072 -2.0326728039470054e-13 -0.18463370203971863 
vn -0.9696745276451111 -0.003774892073124647 -0.24437066912651062 
vn -0.5755237936973572 0.8107751607894897 -0.10684575140476227 
vn -0.5689026713371277 0.8093681335449219 -0.1458524912595749 
vn 0.39853745698928833 0.3091852068901062 -0.8634653687477112 
vn 0.3359900414943695 -0.5869928598403931 -0.736579954624176 
vn 0.34257182478904724 0.3104889988899231 -0.8867024183273315 
vn 0.29515090584754944 -0.5867581367492676 -0.7540562748908997 
vn -1.0341130485562108e-13 0.999997615814209 0.002184694167226553 
vn -1.0341130485562108e-13 0.999997615814209 0.002184694167226553 
vn 0.0018912545638158917 -0.3094267249107361 -0.9509214162826538 
vn -0.06013089045882225 -0.3119886815547943 -0.9481810927391052 
vn 0.5587511658668518 -0.8094908595085144 0.18033768236637115 
vn 0.544317901134491 -0.8120825290679932 0.2103329300880432 
vn 0.9529290199279785 0 0.30319350957870483 
vn 0.9326114058494568 0 0.36088213324546814 
vn 0.5587511658668518 0.8094908595085144 0.18033768236637115 
vn 0.544317901134491 0.8120825290679932 0.2103329300880432 
vn -0.2171257883310318 0.9512902498245239 -0.21886809170246124 
vn -0.20804211497306824 0.9502955675125122 -0.23163928091526031 
vn -0.6740345358848572 0.30782127380371094 -0.6715083718299866 
vn -0.6345208883285522 0.30676737427711487 -0.7094202041625977 
vn 0.5353882312774658 -0.5900949835777283 -0.6042742133140564 
vn 0.49745604395866394 -0.5908849835395813 -0.6351318359375 
vn 3.097898456858039e-13 -0.999997615814209 0.002184694167226553 
vn 3.097898456858039e-13 -0.999997615814209 0.002184694167226553 
vn -1.0341130485562108e-13 0.999997615814209 0.002184694167226553 
vn -1.0341130485562108e-13 0.999997615814209 0.002184694167226553 
vn -0.5461312532424927 -0.3073098957538605 -0.7792953848838806 
vn -0.5889211297035217 -0.3123737573623657 -0.7453821301460266 
vn 3.097898456858039e-13 -0.999997615814209 -0.002184694167226553 
vn 3.097898456858039e-13 -0.999997615814209 -0.002184694167226553 
vn 0.49905261397361755 -0.5895371437072754 0.6351318359375 
vn 0.4632311761379242 -0.5895081758499146 0.661737859249115 
vn -1.0341130485562108e-13 0.999997615814209 -0.002184694167226553 
vn -1.0341130485562108e-13 0.999997615814209 -0.002184694167226553 
vn -0.5894681811332703 -0.3113401532173157 0.7453821301460266 
vn -0.5445765852928162 -0.31005656719207764 0.7792953848838806 
vn 0.8858277797698975 0.3108207583427429 0.34452807903289795 
vn 0.904849112033844 0.31105485558509827 0.29067665338516235 
vn 0.2883718013763428 0.9510408639907837 0.1111890971660614 
vn 0.29903003573417664 0.9496219754219055 0.09380380809307098 
vn -0.9529215097427368 0.0037751663476228714 -0.30319350957870483 
vn -0.9326114058494568 -1.928855973597557e-13 -0.36088213324546814 
vn -0.29542919993400574 -0.9507483243942261 -0.09380380809307098 
vn -0.291982501745224 -0.9499385356903076 -0.1111890971660614 
vn 0.5231503844261169 0 0.8522403836250305 
vn 0.47007158398628235 0 0.882628321647644 
vn 0.16328740119934082 -0.9501839280128479 0.26549527049064636 
vn 0.1446741670370102 -0.9508115649223328 0.27391019463539124 
vn -0.544317901134491 -0.8120825290679932 0.2103329300880432 
vn -0.5556419491767883 -0.8116281628608704 0.18033768236637115 
vn -0.9326038360595703 -0.003770755836740136 0.36088213324546814 
vn -0.9529215097427368 -0.0037751663476228714 0.30319350957870483 
vn -0.544317901134491 0.8120825290679932 0.2103329300880432 
vn -0.5556419491767883 0.8116281628608704 0.18033768236637115 
vn -0.4364040195941925 -0.8112020492553711 0.3892335295677185 
vn -0.459759384393692 -0.8114095330238342 0.36088213324546814 
vn -0.74683678150177 -1.5446309867012814e-13 0.6650074124336243 
vn -0.7860849499702454 -0.003770347684621811 0.6181069612503052 
vn -0.4364040195941925 0.8112020492553711 0.3892335295677185 
vn -0.459759384393692 0.8114095330238342 0.36088213324546814 
vn -0.07354273647069931 -0.9500869512557983 -0.30319350957870483 
vn -0.09236767143011093 -0.9510672688484192 -0.2948545813560486 
vn -0.24645960330963135 0.0037772501818835735 -0.9691457152366638 
vn -0.30527463555336 -6.31378494408627e-14 -0.9522643685340881 
vn 0.2043502777814865 0.9510962963104248 -0.23163928091526031 
vn 0.2171257883310318 0.9512902498245239 -0.21886809170246124 
vn 0.6345208883285522 0.30676737427711487 -0.7094202041625977 
vn 0.6740345358848572 0.30782127380371094 -0.6715083718299866 
vn -0.29542919993400574 0.9507483243942261 -0.09380380809307098 
vn -0.291982501745224 0.9499385356903076 -0.1111890971660614 
vn -0.9047196507453918 0.3114311993122101 -0.29067665338516235 
vn -0.8869380354881287 0.3076382577419281 -0.34452807903289795 
vn -0.09236767143011093 0.9510672688484192 -0.2948545813560486 
vn -0.07354273647069931 0.9500869512557983 -0.30319350957870483 
vn -0.28835439682006836 0.3097144663333893 -0.9060511589050293 
vn -0.2354748696088791 0.30739396810531616 -0.9219872951507568 
vn 0.8199170827865601 0 -0.5724822878837585 
vn 0.8533812761306763 0 -0.5212872624397278 
vn 0.2576150894165039 -0.9492695927619934 -0.18033768236637115 
vn 0.26294147968292236 -0.9509225487709045 -0.16312000155448914 
vn 0.07730606943368912 -0.9497880935668945 0.30319350957870483 
vn 0.09788081049919128 -0.9505156874656677 0.2948545813560486 
vn 0.2464885413646698 0 0.9691457152366638 
vn 0.30527463555336 0 0.9522643685340881 
vn 0.3118281960487366 -0.9499350786209106 -0.01966099627315998 
vn 0.9979936480522156 0 -0.0633138045668602 
vn 0.3118877410888672 -0.9501164555549622 -0.002184694167226553 
vn 0.999997615814209 0 0.002184694167226553 
vn 0.2848259508609772 -0.9499218463897705 -0.12854042649269104 
vn 0.27393993735313416 -0.9506229162216187 -0.1458524912595749 
vn 0.9088051319122314 0 -0.417220801115036 
vn 0.8815992474555969 0 -0.4719987213611603 
vn 3.097898456858039e-13 -0.999997615814209 0.002184694167226553 
vn 3.097898456858039e-13 -0.999997615814209 0.002184694167226553 
vn 0.4243726134300232 -0.5892393589019775 -0.6875353455543518 
vn 0.4623759090900421 -0.5901792645454407 -0.661737859249115 
vn 0.9216291308403015 0.3113567531108856 0.23163928091526031 
vn 0.7868241667747498 -0.5847232937812805 0.1975002884864807 
vn 0.9337234497070312 0.31172269582748413 0.1760382205247879 
vn 0.7967254519462585 -0.5853856801986694 0.15017375349998474 
vn 0.6633741855621338 0 -0.7482877969741821 
vn 0.7078787684440613 0 -0.7063339352607727 
vn 0.2043502777814865 -0.9510962963104248 -0.23163928091526031 
vn 0.2171257883310318 -0.9512902498245239 -0.21886809170246124 
vn -0.06113334000110626 -1.264378785860703e-14 0.9981296062469482 
vn -0.12631908059120178 0.003709880169481039 0.9919826984405518 
vn -0.016982339322566986 -0.9500913619995117 0.31150925159454346 
vn -0.037736620754003525 -0.9508466124534607 0.30735430121421814 
vn 0.2464885413646698 0 -0.9691457152366638 
vn 0.30527463555336 0 -0.9522643685340881 
vn 0.07730606943368912 -0.9497880935668945 -0.30319350957870483 
vn 0.09612525999546051 -0.9506948590278625 -0.2948545813560486 
vn 0.460054874420166 0.8094185590744019 -0.3649536371231079 
vn 0.44326943159103394 0.8055203557014465 -0.3932546079158783 
vn -0.23740234971046448 0.952862560749054 0.18892620503902435 
vn -0.226348415017128 0.9529168605804443 0.2017817199230194 
vn -0.9349123239517212 0.30813875794410706 0.1760382205247879 
vn -0.7944850921630859 -0.5884227156639099 0.15017375349998474 
vn -0.9216291308403015 0.3113567531108856 0.23163928091526031 
vn -0.7868241667747498 -0.5847232937812805 0.1975002884864807 
vn 0.5719881057739258 -0.8071905970573425 -0.1458524912595749 
vn 0.5783223509788513 -0.8081956505775452 -0.1111890971660614 
vn -0.2937221825122833 -0.9528335928916931 0.0763898640871048 
vn -0.2991328537464142 -0.9523886442184448 0.058952588587999344 
vn -0.233475461602211 -0.9502782821655273 0.2060592919588089 
vn -0.2171257883310318 -0.9512902498245239 0.21886809170246124 
vn -0.74683678150177 -1.5446309867012814e-13 0.6650074124336243 
vn -0.7078787684440613 -1.4640568759497624e-13 0.7063339352607727 
vn 0.47007158398628235 0 -0.882628321647644 
vn 0.5231503844261169 0 -0.8522403836250305 
vn 0.1504516750574112 -0.9499144554138184 -0.27391019463539124 
vn 0.16162775456905365 -0.9504676461219788 -0.26549527049064636 
vn -0.016982339322566986 0.9500913619995117 0.31150925159454346 
vn -0.037736620754003525 0.9508466124534607 0.30735430121421814 
vn -0.05609837546944618 0.30852586030960083 0.949560284614563 
vn -0.11760670691728592 0.3084730803966522 0.9439348578453064 
vn -1.0341130485562108e-13 0.999997615814209 -0.002184694167226553 
vn -1.0341130485562108e-13 0.999997615814209 -0.002184694167226553 
vn -0.7457697987556458 -0.30890795588493347 0.590256929397583 
vn -0.7113872766494751 -0.3079269230365753 0.6317508816719055 
vn -0.3118281960487366 0.9499350786209106 0.01966099627315998 
vn -0.3118877410888672 0.9501164555549622 0.002184694167226553 
vn -0.9495189785957336 0.30812060832977295 0.058952588587999344 
vn -0.9524446725845337 0.3047037422657013 0.002184694167226553 
s on 
f 1//1 2//2 3//3 
f 2//2 4//4 3//3 
f 3//3 4//4 4//4 
f 4//4 5//5 4//4 
f 4//4 5//5 5//5 
f 5//5 6//6 5//5 
f 5//5 6//6 7//7 
f 6//6 8//8 7//7 
f 7//7 8//8 8//8 
f 8//8 9//9 8//8 
f 8//8 9//9 9//9 
f 9//9 10//10 9//9 
f 9//9 10//10 11//11 
f 10//10 12//12 11//11 
f 11//11 12//12 12//12 
f 12//12 13//13 12//12 
f 12//12 13//13 13//13 
f 13//13 14//14 13//13 
f 13//13 14//14 15//15 
f 14//14 16//16 15//15 
f 15//15 16//16 16//16 
f 16//16 17//17 16//16 
f 16//16 17//17 17//17 
f 17//17 18//18 17//17 
f 17//17 18//18 19//19 
f 18//18 20//20 19//19 
f 19//19 20//20 20//20 
f 20//20 21//21 20//20 
f 20//20 21//21 21//21 
f 21//21 22//22 21//21 
f 21//21 22//22 23//23 
f 22//22 24//24 23//23 
f 23//23 24//24 24//24 
f 24//24 25//25 24//24 
f 24//24 25//25 25//25 
f 25//25 26//26 25//25 
f 25//25 26//26 27//27 
f 26//26 28//28 27//27 
f 27//27 28//28 28//28 
f 28//28 29//29 28//28 
f 28//28 29//29 29//29 
f 29//29 30//30 29//29 
f 29//29 30//30 31//31 
f 30//30 32//32 31//31 
f 31//31 32//32 32//32 
f 32//32 33//33 32//32 
f 32//32 33//33 33//33 
f 33//33 34//34 33//33 
f 33//33 34//34 35//35 
f 34//34 36//36 35//35 
f 35//35 36//36 36//36 
f 36//36 37//37 36//36 
f 36//36 37//37 37//37 
f 37//37 38//38 37//37 
f 37//37 38//38 39//39 
f 38//38 40//40 39//39 
f 39//39 40//40 40//40 
f 40//40 41//41 40//40 
f 40//40 41//41 41//41 
f 41//41 42//42 41//41 
f 41//41 42//42 43//43 
f 42//42 44//44 43//43 
f 43//43 44//44 44//44 
f 44//44 45//45 44//44 
f 44//44 45//45 45//45 
f 45//45 46//46 45//45 
f 45//45 46//46 47//47 
f 46//46 48//48 47//47 
f 47//47 48//48 48//48 
f 48//48 49//49 48//48 
f 48//48 49//49 49//49 
f 49//49 50//50 49//49 
f 49//49 50//50 51//51 
f 50//50 52//52 51//51 
f 51//51 52//52 52//52 
f 52//52 53//53 52//52 
f 52//52 53//53 53//53 
f 53//53 54//54 53//53 
f 53//53 54//54 55//55 
f 54//54 56//56 55//55 
f 55//55 56//56 56//56 
f 56//56 57//57 56//56 
f 56//56 57//57 57//57 
f 57//57 58//58 57//57 
f 57//57 58//58 59//59 
f 58//58 60//60 59//59 
f 59//59 60//60 60//60 
f 60//60 61//61 60//60 
f 60//60 61//61 61//61 
f 61//61 62//62 61//61 
f 61//61 62//62 63//63 
f 62//62 64//64 63//63 
f 63//63 64//64 64//64 
f 64//64 65//65 64//64 
f 64//64 65//65 65//65 
f 65//65 66//66 65//65 
f 65//65 66//66 67//67 
f 66//66 68//68 67//67 
f 67//67 68//68 68//68 
f 68//68 69//69 68//68 
f 68//68 69//69 69//69 
f 69//69 70//70 69//69 
f 69//69 70//70 71//71 
f 70//70 72//72 71//71 
f 71//71 72//72 72//72 
f 72//72 73//73 72//72 
f 72//72 73//73 73//73 
f 73//73 74//74 73//73 
f 73//73 74//74 75//75 
f 74//74 76//76 75//75 
f 75//75 76//76 77//77 
f 76//76 78//78 77//77 
f 77//77 78//78 78//78 
f 78//78 79//79 78//78 
f 78//78 79//79 79//79 
f 79//79 80//80 79//79 
f 79//79 80//80 81//81 
f 80//80 82//82 81//81 
f 81//81 82//82 82//82 
f 82//82 83//83 82//82 
f 82//82 83//83 83//83 
f 83//83 84//84 83//83 
f 83//83 84//84 85//85 
f 84//84 86//86 85//85 
f 85//85 86//86 86//86 
f 86//86 87//87 86//86 
f 86//86 87//87 87//87 
f 87//87 88//88 87//87 
f 87//87 88//88 89//89 
f 88//88 90//90 89//89 
f 89//89 90//90 90//90 
f 90//90 91//91 90//90 
f 90//90 91//91 91//91 
f 91//91 92//92 91//91 
f 91//91 92//92 93//93 
f 92//92 94//94 93//93 
f 93//93 94//94 94//94 
f 94//94 95//95 94//94 
f 94//94 95//95 95//95 
f 95//95 96//96 95//95 
f 95//95 96//96 97//97 
f 96//96 98//98 97//97 
f 97//97 98//98 98//98 
f 98//98 99//99 98//98 
f 98//98 99//99 99//99 
f 99//99 100//100 99//99 
f 99//99 100//100 101//101 
f 100//100 102//102 101//101 
f 101//101 102//102 102//102 
f 102//102 103//103 102//102 
f 102//102 103//103 103//103 
f 103//103 104//104 103//103 
f 103//103 104//104 105//105 
f 104//104 106//106 105//105 
f 105//105 106//106 106//106 
f 106//106 107//107 106//106 
f 106//106 107//107 107//107 
f 107//107 108//108 107//107 
f 107//107 108//108 109//109 
f 108//108 110//110 109//109 
f 109//109 110//110 110//110 
f 110//110 111//111 110//110 
f 110//110 111//111 111//111 
f 111//111 112//112 111//111 
f 111//111 112//112 113//113 
f 112//112 114//114 113//113 
f 113//113 114//114 114//114 
f 114//114 115//115 114//114 
f 114//114 115//115 115//115 
f 115//115 116//116 115//115 
f 115//115 116//116 117//117 
f 116//116 118//118 117//117 
f 117//117 118//118 118//118 
f 118//118 119//119 118//118 
f 118//118 119//119 119//119 
f 119//119 120//120 119//119 
f 119//119 120//120 121//121 
f 120//120 122//122 121//121 
f 121//121 122//122 122//122 
f 122//122 123//123 122//122 
f 122//122 123//123 123//123 
f 123//123 124//124 123//123 
f 123//123 124//124 125//125 
f 124//124 126//126 125//125 
f 125//125 126//126 126//126 
f 126//126 127//127 126//126 
f 126//126 127//127 127//127 
f 127//127 128//128 127//127 
f 127//127 128//128 129//129 
f 128//128 130//130 129//129 
f 129//129 130//130 130//130 
f 130//130 131//131 130//130 
f 130//130 131//131 131//131 
f 131//131 132//132 131//131 
f 131//131 132//132 133//133 
f 132//132 134//134 133//133 
f 133//133 134//134 134//134 
f 134//134 135//135 134//134 
f 134//134 135//135 135//135 
f 135//135 136//136 135//135 
f 135//135 136//136 137//137 
f 136//136 138//138 137//137 
f 137//137 138//138 138//138 
f 138//138 139//139 138//138 
f 138//138 139//139 139//139 
f 139//139 140//140 139//139 
f 139//139 140//140 141//141 
f 140//140 142//142 141//141 
f 141//141 142//142 142//142 
f 142//142 143//143 142//142 
f 142//142 143//143 143//143 
f 143//143 144//144 143//143 
f 143//143 144//144 145//145 
f 144//144 146//146 145//145 
f 145//145 146//146 146//146 
f 146//146 147//147 146//146 
f 146//146 147//147 147//147 
f 147//147 148//148 147//147 
f 147//147 148//148 149//149 
f 148//148 150//150 149//149 
f 149//149 150//150 150//150 
f 150//150 151//151 150//150 
f 150//150 151//151 151//151 
f 151//151 152//152 151//151 
f 151//151 152//152 153//153 
f 152//152 154//154 153//153 
f 153//153 154//154 154//154 
f 154//154 155//155 154//154 
f 154//154 155//155 155//155 
f 155//155 156//156 155//155 
f 155//155 156//156 157//157 
f 156//156 158//158 157//157 
f 157//157 158//158 159//159 
f 158//158 160//160 159//159 
f 159//159 160//160 160//160 
f 160//160 161//161 160//160 
f 160//160 161//161 161//161 
f 161//161 162//162 161//161 
f 161//161 162//162 163//163 
f 162//162 164//164 163//163 
f 163//163 164//164 164//164 
f 164//164 165//165 164//164 
f 164//164 165//165 165//165 
f 165//165 166//166 165//165 
f 165//165 166//166 167//167 
f 166//166 168//168 167//167 
f 167//167 168//168 168//168 
f 168//168 169//169 168//168 
f 168//168 169//169 169//169 
f 169//169 170//170 169//169 
f 169//169 170//170 171//171 
f 170//170 172//172 171//171 
f 171//171 172//172 172//172 
f 172//172 173//173 172//172 
f 172//172 173//173 173//173 
f 173//173 174//174 173//173 
f 173//173 174//174 175//175 
f 174//174 176//176 175//175 
f 175//175 176//176 176//176 
f 176//176 177//177 176//176 
f 176//176 177//177 177//177 
f 177//177 178//178 177//177 
f 177//177 178//178 179//179 
f 178//178 180//180 179//179 
f 179//179 180//180 180//180 
f 180//180 181//181 180//180 
f 180//180 181//181 181//181 
f 181//181 182//182 181//181 
f 181//181 182//182 183//183 
f 182//182 184//184 183//183 
f 183//183 184//184 184//184 
f 184//184 185//185 184//184 
f 184//184 185//185 185//185 
f 185//185 186//186 185//185 
f 185//185 186//186 187//187 
f 186//186 188//188 187//187 
f 187//187 188//188 188//188 
f 188//188 189//189 188//188 
f 188//188 189//189 189//189 
f 189//189 190//190 189//189 
f 189//189 190//190 191//191 
f 190//190 192//192 191//191 
f 191//191 192//192 192//192 
f 192//192 193//193 192//192 
f 192//192 193//193 193//193 
f 193//193 194//194 193//193 
f 193//193 194//194 195//195 
f 194//194 196//196 195//195 
f 195//195 196//196 196//196 
f 196//196 197//197 196//196 
f 196//196 197//197 197//197 
f 197//197 198//198 197//197 
f 197//197 198//198 199//199 
f 198//198 200//200 199//199 
f 199//199 200//200 200//200 
f 200//200 201//201 200//200 
f 200//200 201//201 201//201 
f 201//201 202//202 201//201 
f 201//201 202//202 203//203 
f 202//202 204//204 203//203 
f 203//203 204//204 204//204 
f 204//204 205//205 204//204 
f 204//204 205//205 205//205 
f 205//205 206//206 205//205 
f 205//205 206//206 207//207 
f 206//206 208//208 207//207 
f 207//207 208//208 208//208 
f 208//208 209//209 208//208 
f 208//208 209//209 209//209 
f 209//209 210//210 209//209 
f 209//209 210//210 211//211 
f 210//210 212//212 211//211 
f 211//211 212//212 212//212 
f 212//212 213//213 212//212 
f 212//212 213//213 213//213 
f 213//213 214//214 213//213 
f 213//213 214//214 215//215 
f 214//214 216//216 215//215 
f 215//215 216//216 216//216 
f 216//216 217//217 216//216 
f 216//216 217//217 217//217 
f 217//217 218//218 217//217 
f 217//217 218//218 219//219 
f 218//218 220//220 219//219 
f 219//219 220//220 220//220 
f 220//220 221//221 220//220 
f 220//220 221//221 221//221 
f 221//221 222//222 221//221 
f 221//221 222//222 223//223 
f 222//222 224//224 223//223 
f 223//223 224//224 224//224 
f 224//224 225//225 224//224 
f 224//224 225//225 225//225 
f 225//225 226//226 225//225 
f 225//225 226//226 227//227 
f 226//226 228//228 227//227 
f 227//227 228//228 228//228 
f 228//228 229//229 228//228 
f 228//228 229//229 229//229 
f 229//229 230//230 229//229 
f 229//229 230//230 231//231 
f 230//230 232//232 231//231 
f 231//231 232//232 232//232 
f 232//232 233//233 232//232 
f 232//232 233//233 233//233 
f 233//233 234//234 233//233 
f 233//233 234//234 235//235 
f 234//234 236//236 235//235 
f 235//235 236//236 236//236 
f 236//236 237//237 236//236 
f 236//236 237//237 237//237 
f 237//237 238//238 237//237 
f 237//237 238//238 239//239 
f 238//238 240//240 239//239 
f 239//239 240//240 240//240 
f 240//240 241//241 240//240 
f 240//240 241//241 241//241 
f 241//241 242//242 241//241 
f 241//241 242//242 243//243 
f 242//242 244//244 243//243 
f 243//243 244//244 244//244 
f 244//244 245//245 244//244 
f 244//244 245//245 245//245 
f 245//245 246//246 245//245 
f 245//245 246//246 247//247 
f 246//246 248//248 247//247 
f 247//247 248//248 248//248 
f 248//248 249//249 248//248 
f 248//248 249//249 249//249 
f 249//249 250//250 249//249 
f 249//249 250//250 251//251 
f 250//250 252//252 251//251 
f 251//251 252//252 252//252 
f 252//252 253//253 252//252 
f 252//252 253//253 253//253 
f 253//253 254//254 253//253 
f 253//253 254//254 255//255 
f 254//254 256//256 255//255 
f 255//255 256//256 256//256 
f 256//256 257//257 256//256 
f 256//256 257//257 257//257 
f 257//257 258//258 257//257 
f 257//257 258//258 259//259 
f 258//258 260//260 259//259 
f 259//259 260//260 260//260 
f 260//260 261//261 260//260 
f 260//260 261//261 261//261 
f 261//261 262//262 261//261 
f 261//261 262//262 263//263 
f 262//262 264//264 263//263 
f 263//263 264//264 264//264 
f 264//264 265//265 264//264 
f 264//264 265//265 265//265 
f 265//265 266//266 265//265 
f 265//265 266//266 267//267 
f 266//266 268//268 267//267 
f 267//267 268//268 268//268 
f 268//268 269//269 268//268 
f 268//268 269//269 269//269 
f 269//269 270//270 269//269 
f 269//269 270//270 271//271 
f 270//270 272//272 271//271 
f 271//271 272//272 272//272 
f 272//272 273//273 272//272 
f 272//272 273//273 273//273 
f 273//273 274//274 273//273 
f 273//273 274//274 275//275 
f 274//274 276//276 275//275 
f 275//275 276//276 276//276 
f 276//276 277//277 276//276 
f 276//276 277//277 277//277 
f 277//277 278//278 277//277 
f 277//277 278//278 279//279 
f 278//278 280//280 279//279 
f 279//279 280//280 280//280 
f 280//280 281//281 280//280 
f 280//280 281//281 281//281 
f 281//281 282//282 281//281 
f 281//281 282//282 283//283 
f 282//282 284//284 283//283 
f 283//283 284//284 284//284 
f 284//284 285//285 284//284 
f 284//284 285//285 285//285 
f 285//285 286//286 285//285 
f 285//285 286//286 287//287 
f 286//286 288//288 287//287 
f 287//287 288//288 288//288 
f 288//288 289//289 288//288 
f 288//288 289//289 289//289 
f 289//289 290//290 289//289 
f 289//289 290//290 291//291 
f 290//290 292//292 291//291 
f 291//291 292//292 292//292 
f 292//292 293//293 292//292 
f 292//292 293//293 293//293 
f 293//293 294//294 293//293 
f 293//293 294//294 295//295 
f 294//294 296//296 295//295 
f 295//295 296//296 296//296 
f 296//296 297//297 296//296 
f 296//296 297//297 297//297 
f 297//297 298//298 297//297 
f 297//297 298//298 299//299 
f 298//298 300//300 299//299 
f 299//299 300//300 300//300 
f 300//300 301//301 300//300 
f 300//300 301//301 301//301 
f 301//301 302//302 301//301 
f 301//301 302//302 303//303 
f 302//302 304//304 303//303 
f 303//303 304//304 304//304 
f 304//304 305//305 304//304 
f 304//304 305//305 305//305 
f 305//305 306//306 305//305 
f 305//305 306//306 307//307 
f 306//306 308//308 307//307 
f 307//307 308//308 308//308 
f 308//308 309//309 308//308 
f 308//308 309//309 309//309 
f 309//309 310//310 309//309 
f 309//309 310//310 311//311 
f 310//310 312//312 311//311 
f 311//311 312//312 312//312 
f 312//312 313//313 312//312 
f 312//312 313//313 313//313 
f 313//313 314//314 313//313 
f 313//313 314//314 315//315 
f 314//314 316//316 315//315 
f 315//315 316//316 316//316 
f 316//316 317//317 316//316 
f 316//316 317//317 317//317 
f 317//317 318//318 317//317 
f 317//317 318//318 319//319 
f 318//318 320//320 319//319 
f 319//319 320//320 320//320 
f 320//320 321//321 320//320 
f 320//320 321//321 321//321 
f 321//321 322//322 321//321 
f 321//321 322//322 323//323 
f 322//322 324//324 323//323 
f 323//323 324//324 324//324 
f 324//324 325//325 324//324 
f 324//324 325//325 325//325 
f 325//325 326//326 325//325 
f 325//325 326//326 327//327 
f 326//326 328//328 327//327 
f 327//327 328//328 328//328 
f 328//328 329//329 328//328 
f 328//328 329//329 329//329 
f 329//329 330//330 329//329 
f 329//329 330//330 331//331 
f 330//330 332//332 331//331 
f 331//331 332//332 332//332 
f 332//332 333//333 332//332 
f 332//332 333//333 333//333 
f 333//333 334//334 333//333 
f 333//333 334//334 335//335 
f 334//334 336//336 335//335 
f 335//335 336//336 336//336 
f 336//336 337//337 336//336 
f 336//336 337//337 337//337 
f 337//337 338//338 337//337 
f 337//337 338//338 339//339 
f 338//338 340//340 339//339 
f 339//339 340//340 340//340 
f 340//340 341//341 340//340 
f 340//340 341//341 341//341 
f 341//341 342//342 341//341 
f 341//341 342//342 343//343 
f 342//342 344//344 343//343 
f 343//343 344//344 344//344 
f 344//344 345//345 344//344 
f 344//344 345//345 345//345 
f 345//345 346//346 345//345 
f 345//345 346//346 347//347 
f 346//346 348//348 347//347 
f 347//347 348//348 348//348 
f 348//348 349//349 348//348 
f 348//348 349//349 349//349 
f 349//349 350//350 349//349 
f 349//349 350//350 351//351 
f 350//350 352//352 351//351 
f 351//351 352//352 352//352 
f 352//352 353//353 352//352 
f 352//352 353//353 353//353 
f 353//353 354//354 353//353 
f 353//353 354//354 355//355 
f 354//354 356//356 355//355 
f 355//355 356//356 356//356 
f 356//356 357//357 356//356 
f 356//356 357//357 357//357 
f 357//357 358//358 357//357 
f 357//357 358//358 359//359 
f 358//358 360//360 359//359 
f 359//359 360//360 360//360 
f 360//360 361//361 360//360 
f 360//360 361//361 361//361 
f 361//361 362//362 361//361 
f 361//361 362//362 363//363 
f 362//362 364//364 363//363 
f 363//363 364//364 364//364 
f 364//364 365//365 364//364 
f 364//364 365//365 365//365 
f 365//365 366//366 365//365 
f 365//365 366//366 367//367 
f 366//366 368//368 367//367 
f 367//367 368//368 368//368 
f 368//368 369//369 368//368 
f 368//368 369//369 369//369 
f 369//369 370//370 369//369 
f 369//369 370//370 371//371 
f 370//370 372//372 371//371 
f 371//371 372//372 372//372 
f 372//372 373//373 372//372 
f 372//372 373//373 373//373 
f 373//373 374//374 373//373 
f 373//373 374//374 375//375 
f 374//374 376//376 375//375 
f 375//375 376//376 376//376 
f 376//376 377//377 376//376 
f 376//376 377//377 377//377 
f 377//377 378//378 377//377 
f 377//377 378//378 379//379 
f 378//378 380//380 379//379 
f 379//379 380//380 380//380 
f 380//380 381//381 380//380 
f 380//380 381//381 381//381 
f 381//381 382//382 381//381 
f 381//381 382//382 383//383 
f 382//382 384//384 383//383 
f 383//383 384//384 384//384 
f 384//384 385//385 384//384 
f 384//384 385//385 385//385 
f 385//385 386//386 385//385 
f 385//385 386//386 387//387 
f 386//386 388//388 387//387 
f 387//387 388//388 388//388 
f 388//388 389//389 388//388 
f 388//388 389//389 389//389 
f 389//389 390//390 389//389 
f 389//389 390//390 391//391 
f 390//390 392//392 391//391 
f 391//391 392//392 392//392 
f 392//392 393//393 392//392 
f 392//392 393//393 393//393 
f 393//393 394//394 393//393 
f 393//393 394//394 395//395 
f 394//394 396//396 395//395 
f 395//395 396//396 396//396 
f 396//396 397//397 396//396 
f 396//396 397//397 397//397 
f 397//397 398//398 397//397 
f 397//397 398//398 399//399 
f 398//398 400//400 399//399 
f 399//399 400//400 400//400 
f 400//400 401//401 400//400 
f 400//400 401//401 401//401 
f 401//401 402//402 401//401 
f 401//401 402//402 403//403 
f 402//402 404//404 403//403 
f 403//403 404//404 405//405 
f 404//404 406//406 405//405 
f 405//405 406//406 406//406 
f 406//406 407//407 406//406 
f 406//406 407//407 407//407 
f 407//407 408//408 407//407 
f 407//407 408//408 409//409 
f 408//408 410//410 409//409 
f 409//409 410//410 410//410 
f 410//410 411//411 410//410 
f 410//410 411//411 411//411 
f 411//411 412//412 411//411 
f 411//411 412//412 413//413 
f 412//412 414//414 413//413 
f 413//413 414//414 414//414 
f 414//414 415//415 414//414 
f 414//414 415//415 415//415 
f 415//415 416//416 415//415 
f 415//415 416//416 417//417 
f 416//416 418//418 417//417 
f 417//417 418//418 418//418 
f 418//418 419//419 418//418 
f 418//418 419//419 419//419 
f 419//419 420//420 419//419 
f 419//419 420//420 421//421 
f 420//420 422//422 421//421 
f 421//421 422//422 422//422 
f 422//422 423//423 422//422 
f 422//422 423//423 423//423 
f 423//423 424//424 423//423 
f 423//423 424//424 425//425 
f 424//424 426//426 425//425 
f 425//425 426//426 426//426 
f 426//426 427//427 426//426 
f 426//426 427//427 427//427 
f 427//427 428//428 427//427 
f 427//427 428//428 429//429 
f 428//428 430//430 429//429 
f 429//429 430//430 430//430 
f 430//430 431//431 430//430 
f 430//430 431//431 431//431 
f 431//431 432//432 431//431 
f 431//431 432//432 433//433 
f 432//432 434//434 433//433 
f 433//433 434//434 434//434 
f 434//434 435//435 434//434 
f 434//434 435//435 435//435 
f 435//435 436//436 435//435 
f 435//435 436//436 437//437 
f 436//436 438//438 437//437 
f 437//437 438//438 439//439 
f 438//438 440//440 439//439 
f 439//439 440//440 440//440 
f 440//440 441//441 440//440 
f 440//440 441//441 441//441 
f 441//441 442//442 441//441 
f 441//441 442//442 443//443 
f 442//442 444//444 443//443 
f 443//443 444//444 444//444 
f 444//444 445//445 444//444 
f 444//444 445//445 445//445 
f 445//445 446//446 445//445 
f 445//445 446//446 447//447 
f 446//446 448//448 447//447 
f 447//447 448//448 448//448 
f 448//448 449//449 448//448 
f 448//448 449//449 449//449 
f 449//449 450//450 449//449 
f 449//449 450//450 451//451 
f 450//450 452//452 451//451 
f 451//451 452//452 452//452 
f 452//452 453//453 452//452 
f 452//452 453//453 453//453 
f 453//453 454//454 453//453 
f 453//453 454//454 455//455 
f 454//454 456//456 455//455 
f 455//455 456//456 456//456 
f 456//456 457//457 456//456 
f 456//456 457//457 457//457 
f 457//457 458//458 457//457 
f 457//457 458//458 459//459 
f 458//458 460//460 459//459 
f 459//459 460//460 460//460 
f 460//460 461//461 460//460 
f 460//460 461//461 461//461 
f 461//461 462//462 461//461 
f 461//461 462//462 463//463 
f 462//462 464//464 463//463 
f 463//463 464//464 464//464 
f 464//464 465//465 464//464 
f 464//464 465//465 465//465 
f 465//465 466//466 465//465 
f 465//465 466//466 467//467 
f 466//466 468//468 467//467 
f 467//467 468//468 468//468 
f 468//468 469//469 468//468 
f 468//468 469//469 469//469 
f 469//469 470//470 469//469 
f 469//469 470//470 471//471 
f 470//470 472//472 471//471 
f 471//471 472//472 472//472 
f 472//472 473//473 472//472 
f 472//472 473//473 473//473 
f 473//473 474//474 473//473 
f 473//473 474//474 475//475 
f 474//474 476//476 475//475 
f 475//475 476//476 476//476 
f 476//476 477//477 476//476 
f 476//476 477//477 477//477 
f 477//477 478//478 477//477 
f 477//477 478//478 479//479 
f 478//478 480//480 479//479 
f 479//479 480//480 480//480 
f 480//480 481//481 480//480 
f 480//480 481//481 481//481 
f 481//481 482//482 481//481 
f 481//481 482//482 483//483 
f 482//482 484//484 483//483 
f 483//483 484//484 484//484 
f 484//484 485//485 484//484 
f 484//484 485//485 485//485 
f 485//485 486//486 485//485 
f 485//485 486//486 487//487 
f 486//486 488//488 487//487 
f 487//487 488//488 488//488 
f 488//488 489//489 488//488 
f 488//488 489//489 489//489 
f 489//489 490//490 489//489 
f 489//489 490//490 491//491 
f 490//490 492//492 491//491 
f 491//491 492//492 492//492 
f 492//492 493//493 492//492 
f 492//492 493//493 493//493 
f 493//493 494//494 493//493 
f 493//493 494//494 495//495 
f 494//494 496//496 495//495 
f 495//495 496//496 496//496 
f 496//496 497//497 496//496 
f 496//496 497//497 497//497 
f 497//497 498//498 497//497 
f 497//497 498//498 499//499 
f 498//498 500//500 499//499 
f 499//499 500//500 500//500 
f 500//500 501//501 500//500 
f 500//500 501//501 501//501 
f 501//501 502//502 501//501 
f 501//501 502//502 503//503 
f 502//502 504//504 503//503 
f 503//503 504//504 504//504 
f 504//504 505//505 504//504 
f 504//504 505//505 505//505 
f 505//505 506//506 505//505 
f 505//505 506//506 507//507 
f 506//506 508//508 507//507 
f 507//507 508//508 508//508 
f 508//508 509//509 508//508 
f 508//508 509//509 509//509 
f 509//509 510//510 509//509 
f 509//509 510//510 511//511 
f 510//510 512//512 511//511 
f 511//511 512//512 512//512 
f 512//512 513//513 512//512 
f 512//512 513//513 513//513 
f 513//513 514//514 513//513 
f 513//513 514//514 515//515 
f 514//514 516//516 515//515 
f 515//515 516//516 516//516 
f 516//516 517//517 516//516 
f 516//516 517//517 517//517 
f 517//517 518//518 517//517 
f 517//517 518//518 519//519 
f 518//518 520//520 519//519 
f 519//519 520//520 520//520 
f 520//520 521//521 520//520 
f 520//520 521//521 521//521 
f 521//521 522//522 521//521 
f 521//521 522//522 523//523 
f 522//522 524//524 523//523 
f 523//523 524//524 524//524 
f 524//524 525//525 524//524 
f 524//524 525//525 525//525 
f 525//525 526//526 525//525 
f 525//525 526//526 527//527 
f 526//526 528//528 527//527 
f 527//527 528//528 528//528 
f 528//528 529//529 528//528 
f 528//528 529//529 529//529 
f 529//529 530//530 529//529 
f 529//529 530//530 531//531 
f 530//530 532//532 531//531 
f 531//531 532//532 532//532 
f 532//532 533//533 532//532 
f 532//532 533//533 533//533 
f 533//533 534//534 533//533 
f 533//533 534//534 535//535 
f 534//534 536//536 535//535 
f 535//535 536//536 536//536 
f 536//536 537//537 536//536 
f 536//536 537//537 537//537 
f 537//537 538//538 537//537 
f 537//537 538//538 539//539 
f 538//538 540//540 539//539 
f 539//539 540//540 540//540 
f 540//540 541//541 540//540 
f 540//540 541//541 541//541 
f 541//541 542//542 541//541 
f 541//541 542//542 543//543 
f 542//542 544//544 543//543 
f 543//543 544//544 544//544 
f 544//544 545//545 544//544 
f 544//544 545//545 545//545 
f 545//545 546//546 545//545 
f 545//545 546//546 547//547 
f 546//546 548//548 547//547 
f 547//547 548//548 548//548 
f 548//548 549//549 548//548 
f 548//548 549//549 549//549 
f 549//549 550//550 549//549 
f 549//549 550//550 551//551 
f 550//550 552//552 551//551 
f 551//551 552//552 552//552 
f 552//552 553//553 552//552 
f 552//552 553//553 553//553 
f 553//553 554//554 553//553 
f 553//553 554//554 555//555 
f 554//554 556//556 555//555 
f 555//555 556//556 556//556 
f 556//556 557//557 556//556 
f 556//556 557//557 557//557 
f 557//557 558//558 557//557 
f 557//557 558//558 559//559 
f 558//558 560//560 559//559 
f 559//559 560//560 560//560 
f 560//560 561//561 560//560 
f 560//560 561//561 561//561 
f 561//561 562//562 561//561 
f 561//561 562//562 563//563 
f 562//562 564//564 563//563 
f 563//563 564//564 564//564 
f 564//564 565//565 564//564 
f 564//564 565//565 565//565 
f 565//565 566//566 565//565 
f 565//565 566//566 567//567 
f 566//566 568//568 567//567 
f 567//567 568//568 568//568 
f 568//568 569//569 568//568 
f 568//568 569//569 569//569 
f 569//569 570//570 569//569 
f 569//569 570//570 571//571 
f 570//570 572//572 571//571 
f 571//571 572//572 572//572 
f 572//572 573//573 572//572 
f 572//572 573//573 573//573 
f 573//573 574//574 573//573 
f 573//573 574//574 575//575 
f 574//574 576//576 575//575 
f 575//575 576//576 576//576 
f 576//576 577//577 576//576 
f 576//576 577//577 577//577 
f 577//577 578//578 577//577 
f 577//577 578//578 579//579 
f 578//578 580//580 579//579 
f 579//579 580//580 580//580 
f 580//580 581//581 580//580 
f 580//580 581//581 581//581 
f 581//581 582//582 581//581 
f 581//581 582//582 583//583 
f 582//582 584//584 583//583 
f 583//583 584//584 584//584 
f 584//584 585//585 584//584 
f 584//584 585//585 585//585 
f 585//585 586//586 585//585 
f 585//585 586//586 587//587 
f 586//586 588//588 587//587 
f 587//587 588//588 588//588 
f 588//588 589//589 588//588 
f 588//588 589//589 589//589 
f 589//589 590//590 589//589 
f 589//589 590//590 591//591 
f 590//590 592//592 591//591 
f 591//591 592//592 593//593 
f 592//592 594//594 593//593 
f 593//593 594//594 594//594 
f 594//594 595//595 594//594 
f 594//594 595//595 595//595 
f 595//595 596//596 595//595 
f 595//595 596//596 597//597 
f 596//596 598//598 597//597 
f 597//597 598//598 598//598 
f 598//598 599//599 598//598 
f 598//598 599//599 599//599 
f 599//599 600//600 599//599 
f 599//599 600//600 601//601 
f 600//600 602//602 601//601 
f 601//601 602//602 602//602 
f 602//602 603//603 602//602 
f 602//602 603//603 603//603 
f 603//603 604//604 603//603 
f 603//603 604//604 605//605 
f 604//604 606//606 605//605 
f 605//605 606//606 606//606 
f 606//606 607//607 606//606 
f 606//606 607//607 607//607 
f 607//607 608//608 607//607 
f 607//607 608//608 609//609 
f 608//608 610//610 609//609 
f 609//609 610//610 610//610 
f 610//610 611//611 610//610 
f 610//610 611//611 611//611 
f 611//611 612//612 611//611 
f 611//611 612//612 613//613 
f 612//612 614//614 613//613 
f 613//613 614//614 614//614 
f 614//614 615//615 614//614 
f 614//614 615//615 615//615 
f 615//615 616//616 615//615 
f 615//615 616//616 617//617 
f 616//616 618//618 617//617 
f 617//617 618//618 618//618 
f 618//618 619//619 618//618 
f 618//618 619//619 619//619 
f 619//619 620//620 619//619 
f 619//619 620//620 621//621 
f 620//620 622//622 621//621 
f 621//621 622//622 622//622 
f 622//622 623//623 622//622 
f 622//622 623//623 623//623 
f 623//623 624//624 623//623 
f 623//623 624//624 625//625 
f 624//624 626//626 625//625 
f 625//625 626//626 626//626 
f 626//626 627//627 626//626 
f 626//626 627//627 627//627 
f 627//627 628//628 627//627 
f 627//627 628//628 629//629 
f 628//628 630//630 629//629 
f 629//629 630//630 630//630 
f 630//630 628//628 630//630 
f 630//630 628//628 628//628 
f 628//628 631//631 628//628 
f 628//628 631//631 630//630 
f 631//631 632//632 630//630 
f 630//630 632//632 632//632 
f 632//632 633//633 632//632 
f 632//632 633//633 633//633 
f 633//633 634//634 633//633 
f 633//633 634//634 635//635 
f 634//634 636//636 635//635 
f 635//635 636//636 636//636 
f 636//636 637//637 636//636 
f 636//636 637//637 637//637 
f 637//637 638//638 637//637 
f 637//637 638//638 639//639 
f 638//638 640//640 639//639 
f 639//639 640//640 640//640 
f 640//640 641//641 640//640 
f 640//640 641//641 641//641 
f 641//641 642//642 641//641 
f 641//641 642//642 643//643 
f 642//642 644//644 643//643 
f 643//643 644//644 644//644 
f 644//644 645//645 644//644 
f 644//644 645//645 645//645 
f 645//645 646//646 645//645 
f 645//645 646//646 647//647 
f 646//646 648//648 647//647 
f 647//647 648//648 648//648 
f 648//648 649//649 648//648 
f 648//648 649//649 649//649 
f 649//649 650//650 649//649 
f 649//649 650//650 651//651 
f 650//650 652//652 651//651 
f 651//651 652//652 652//652 
f 652//652 653//653 652//652 
f 652//652 653//653 653//653 
f 653//653 654//654 653//653 
f 653//653 654//654 655//655 
f 654//654 656//656 655//655 
f 655//655 656//656 656//656 
f 656//656 657//657 656//656 
f 656//656 657//657 657//657 
f 657//657 658//658 657//657 
f 657//657 658//658 659//659 
f 658//658 660//660 659//659 
f 659//659 660//660 660//660 
f 660//660 658//658 660//660 
f 660//660 658//658 658//658 
f 658//658 661//661 658//658 
f 658//658 661//661 660//660 
f 661//661 662//662 660//660 
f 660//660 662//662 662//662 
f 662//662 663//663 662//662 
f 662//662 663//663 663//663 
f 663//663 664//664 663//663 
f 663//663 664//664 665//665 
f 664//664 666//666 665//665 
f 665//665 666//666 666//666 
f 666//666 664//664 666//666 
f 666//666 664//664 664//664 
f 664//664 667//667 664//664 
f 664//664 667//667 666//666 
f 667//667 668//668 666//666 
f 666//666 668//668 668//668 
f 668//668 669//669 668//668 
f 668//668 669//669 669//669 
f 669//669 670//670 669//669 
f 669//669 670//670 671//671 
f 670//670 672//672 671//671 
f 671//671 672//672 672//672 
f 672//672 673//673 672//672 
f 672//672 673//673 673//673 
f 673//673 674//674 673//673 
f 673//673 674//674 675//675 
f 674//674 676//676 675//675 
f 675//675 676//676 676//676 
f 676//676 674//674 676//676 
f 676//676 674//674 674//674 
f 674//674 677//677 674//674 
f 674//674 677//677 676//676 
f 677//677 678//678 676//676 
f 676//676 678//678 678//678 
f 678//678 679//679 678//678 
f 678//678 679//679 679//679 
f 679//679 680//680 679//679 
f 679//679 680//680 681//681 
f 680//680 682//682 681//681 
f 681//681 682//682 682//682 
f 682//682 683//683 682//682 
f 682//682 683//683 683//683 
f 683//683 684//684 683//683 
f 683//683 684//684 685//685 
f 684//684 686//686 685//685 
f 685//685 686//686 686//686 
f 686//686 687//687 686//686 
f 686//686 687//687 687//687 
f 687//687 688//688 687//687 
f 687//687 688//688 689//689 
f 688//688 690//690 689//689 
f 689//689 690//690 690//690 
f 690//690 691//691 690//690 
f 690//690 691//691 691//691 
f 691//691 692//692 691//691 
f 691//691 692//692 693//693 
f 692//692 694//694 693//693 
f 693//693 694//694 694//694 
f 694//694 695//695 694//694 
f 694//694 695//695 695//695 
f 695//695 696//696 695//695 
f 695//695 696//696 697//697 
f 696//696 698//698 697//697 
f 697//697 698//698 698//698 
f 698//698 699//699 698//698 
f 698//698 699//699 699//699 
f 699//699 700//700 699//699 
f 699//699 700//700 701//701 
f 700//700 702//702 701//701 
f 701//701 702//702 702//702 
f 702//702 703//703 702//702 
f 702//702 703//703 703//703 
f 703//703 704//704 703//703 
f 703//703 704//704 705//705 
f 704//704 706//706 705//705 
f 705//705 706//706 706//706 
f 706//706 707//707 706//706 
f 706//706 707//707 707//707 
f 707//707 708//708 707//707 
f 707//707 708//708 709//709 
f 708//708 710//710 709//709 
f 709//709 710//710 710//710 
f 710//710 711//711 710//710 
f 710//710 711//711 711//711 
f 711//711 712//712 711//711 
f 711//711 712//712 713//713 
f 712//712 714//714 713//713 
f 713//713 714//714 714//714 
f 714//714 715//715 714//714 
f 714//714 715//715 715//715 
f 715//715 716//716 715//715 
f 715//715 716//716 717//717 
f 716//716 718//718 717//717 
f 717//717 718//718 718//718 
f 718//718 719//719 718//718 
f 718//718 719//719 719//719 
f 719//719 720//720 719//719 
f 719//719 720//720 721//721 
f 720//720 722//722 721//721 
f 721//721 722//722 722//722 
f 722//722 723//723 722//722 
f 722//722 723//723 723//723 
f 723//723 724//724 723//723 
f 723//723 724//724 725//725 
f 724//724 726//726 725//725 
f 725//725 726//726 726//726 
f 726//726 727//727 726//726 
f 726//726 727//727 727//727 
f 727//727 728//728 727//727 
f 727//727 728//728 729//729 
f 728//728 730//730 729//729 
f 729//729 730//730 730//730 
f 730//730 731//731 730//730 
f 730//730 731//731 731//731 
f 731//731 732//732 731//731 
f 731//731 732//732 733//733 
f 732//732 734//734 733//733 
f 733//733 734//734 734//734 
f 734//734 735//735 734//734 
f 734//734 735//735 735//735 
f 735//735 736//736 735//735 
f 735//735 736//736 737//737 
f 736//736 738//738 737//737 
f 737//737 738//738 738//738 
f 738//738 739//739 738//738 
f 738//738 739//739 739//739 
f 739//739 740//740 739//739 
f 739//739 740//740 741//741 
f 740//740 742//742 741//741 
f 741//741 742//742 742//742 
f 742//742 743//743 742//742 
f 742//742 743//743 743//743 
f 743//743 744//744 743//743 
f 743//743 744//744 745//745 
f 744//744 746//746 745//745 
f 745//745 746//746 746//746 
f 746//746 747//747 746//746 
f 746//746 747//747 747//747 
f 747//747 748//748 747//747 
f 747//747 748//748 749//749 
f 748//748 750//750 749//749 
f 749//749 750//750 750//750 
f 750//750 751//751 750//750 
f 750//750 751//751 751//751 
f 751//751 752//752 751//751 
f 751//751 752//752 753//753 
f 752//752 754//754 753//753 
f 753//753 754//754 754//754 
f 754//754 755//755 754//754 
f 754//754 755//755 755//755 
f 755//755 756//756 755//755 
f 755//755 756//756 757//757 
f 756//756 758//758 757//757 
f 757//757 758//758 758//758 
f 758//758 759//759 758//758 
f 758//758 759//759 759//759 
f 759//759 760//760 759//759 
f 759//759 760//760 761//761 
f 760//760 762//762 761//761 
f 761//761 762//762 762//762 
f 762//762 763//763 762//762 
f 762//762 763//763 763//763 
f 763//763 764//764 763//763 
f 763//763 764//764 765//765 
f 764//764 766//766 765//765 
f 765//765 766//766 766//766 
f 766//766 767//767 766//766 
f 766//766 767//767 767//767 
f 767//767 768//768 767//767 
f 767//767 768//768 769//769 
f 768//768 770//770 769//769 
f 769//769 770//770 770//770 
f 770//770 771//771 770//770 
f 770//770 771//771 771//771 
f 771//771 772//772 771//771 
f 771//771 772//772 773//773 
f 772//772 774//774 773//773 
f 773//773 774//774 774//774 
f 774//774 775//775 774//774 
f 774//774 775//775 775//775 
f 775//775 776//776 775//775 
f 775//775 776//776 777//777 
f 776//776 778//778 777//777 
f 777//777 778//778 778//778 
f 778//778 779//779 778//778 
f 778//778 779//779 779//779 
f 779//779 780//780 779//779 
f 779//779 780//780 781//781 
f 780//780 782//782 781//781 
f 781//781 782//782 782//782 
f 782//782 783//783 782//782 
f 782//782 783//783 783//783 
f 783//783 784//784 783//783 
f 783//783 784//784 785//785 
f 784//784 786//786 785//785 
f 785//785 786//786 786//786 
f 786//786 787//787 786//786 
f 786//786 787//787 787//787 
f 787//787 788//788 787//787 
f 787//787 788//788 789//789 
f 788//788 790//790 789//789 
f 789//789 790//790 790//790 
f 790//790 791//791 790//790 
f 790//790 791//791 791//791 
f 791//791 792//792 791//791 
f 791//791 792//792 793//793 
f 792//792 794//794 793//793 
f 793//793 794//794 794//794 
f 794//794 795//795 794//794 
f 794//794 795//795 795//795 
f 795//795 796//796 795//795 
f 795//795 796//796 797//797 
f 796//796 798//798 797//797 
f 797//797 798//798 798//798 
f 798//798 799//799 798//798 
f 798//798 799//799 799//799 
f 799//799 800//800 799//799 
f 799//799 800//800 801//801 
f 800//800 802//802 801//801 
f 801//801 802//802 802//802 
f 802//802 803//803 802//802 
f 802//802 803//803 803//803 
f 803//803 804//804 803//803 
f 803//803 804//804 805//805 
f 804//804 806//806 805//805 
f 805//805 806//806 806//806 
f 806//806 807//807 806//806 
f 806//806 807//807 807//807 
f 807//807 808//808 807//807 
f 807//807 808//808 809//809 
f 808//808 810//810 809//809 
f 809//809 810//810 810//810 
f 810//810 811//811 810//810 
f 810//810 811//811 811//811 
f 811//811 812//812 811//811 
f 811//811 812//812 813//813 
f 812//812 814//814 813//813 
f 813//813 814//814 814//814 
f 814//814 815//815 814//814 
f 814//814 815//815 815//815 
f 815//815 816//816 815//815 
f 815//815 816//816 817//817 
f 816//816 818//818 817//817 
f 817//817 818//818 818//818 
f 818//818 819//819 818//818 
f 818//818 819//819 819//819 
f 819//819 820//820 819//819 
f 819//819 820//820 821//821 
f 820//820 822//822 821//821 
f 821//821 822//822 822//822 
f 822//822 823//823 822//822 
f 822//822 823//823 823//823 
f 823//823 824//824 823//823 
f 823//823 824//824 825//825 
f 824//824 826//826 825//825 
f 825//825 826//826 826//826 
f 826//826 827//827 826//826 
f 826//826 827//827 827//827 
f 827//827 828//828 827//827 
f 827//827 828//828 829//829 
f 828//828 830//830 829//829 
f 829//829 830//830 830//830 
f 830//830 831//831 830//830 
f 830//830 831//831 831//831 
f 831//831 832//832 831//831 
f 831//831 832//832 833//833 
f 832//832 834//834 833//833 
f 833//833 834//834 834//834 
f 834//834 835//835 834//834 
f 834//834 835//835 835//835 
f 835//835 836//836 835//835 
f 835//835 836//836 837//837 
f 836//836 838//838 837//837 
f 837//837 838//838 838//838 
f 838//838 839//839 838//838 
f 838//838 839//839 839//839 
f 839//839 840//840 839//839 
f 839//839 840//840 841//841 
f 840//840 842//842 841//841 
f 841//841 842//842 842//842 
f 842//842 843//843 842//842 
f 842//842 843//843 843//843 
f 843//843 844//844 843//843 
f 843//843 844//844 845//845 
f 844//844 846//846 845//845 
f 845//845 846//846 847//847 
f 846//846 848//848 847//847 
f 847//847 848//848 848//848 
f 848//848 849//849 848//848 
f 848//848 849//849 849//849 
f 849//849 850//850 849//849 
f 849//849 850//850 851//851 
f 850//850 852//852 851//851 
f 851//851 852//852 853//853 
f 852//852 854//854 853//853 
f 853//853 854//854 854//854 
f 854//854 850//850 854//854 
f 854//854 850//850 850//850 
f 850//850 855//855 850//850 
f 850//850 855//855 852//852 
f 855//855 856//856 852//852 
f 852//852 856//856 854//854 
f 856//856 857//857 854//854 
f 854//854 857//857 857//857 
f 857//857 858//858 857//857 
f 857//857 858//858 858//858 
f 858//858 859//859 858//858 
f 858//858 859//859 860//860 
f 859//859 861//861 860//860 
f 860//860 861//861 861//861 
f 861//861 862//862 861//861 
f 861//861 862//862 862//862 
f 862//862 863//863 862//862 
f 862//862 863//863 864//864 
f 863//863 865//865 864//864 
f 864//864 865//865 865//865 
f 865//865 866//866 865//865 
f 865//865 866//866 866//866 
f 866//866 867//867 866//866 
f 866//866 867//867 868//868 
f 867//867 869//869 868//868 
f 868//868 869//869 870//870 
f 869//869 871//871 870//870 
f 870//870 871//871 871//871 
f 871//871 872//872 871//871 
f 871//871 872//872 872//872 
f 872//872 873//873 872//872 
f 872//872 873//873 874//874 
f 873//873 875//875 874//874 
f 874//874 875//875 875//875 
f 875//875 876//876 875//875 
f 875//875 876//876 876//876 
f 876//876 877//877 876//876 
f 876//876 877//877 878//878 
f 877//877 879//879 878//878 
f 878//878 879//879 879//879 
f 879//879 880//880 879//879 
f 879//879 880//880 880//880 
f 880//880 881//881 880//880 
f 880//880 881//881 882//882 
f 881//881 883//883 882//882 
f 882//882 883//883 883//883 
f 883//883 884//884 883//883 
f 883//883 884//884 884//884 
f 884//884 885//885 884//884 
f 884//884 885//885 886//886 
f 885//885 887//887 886//886 
f 886//886 887//887 888//888 
f 887//887 889//889 888//888 
f 888//888 889//889 889//889 
f 889//889 890//890 889//889 
f 889//889 890//890 890//890 
f 890//890 891//891 890//890 
f 890//890 891//891 892//892 
f 891//891 893//893 892//892 
f 892//892 893//893 893//893 
f 893//893 894//894 893//893 
f 893//893 894//894 894//894 
f 894//894 895//895 894//894 
f 894//894 895//895 896//896 
f 895//895 897//897 896//896 
f 896//896 897//897 898//898 
f 897//897 899//899 898//898 
f 898//898 899//899 899//899 
f 899//899 900//900 899//899 
f 899//899 900//900 900//900 
f 900//900 901//901 900//900 
f 900//900 901//901 902//902 
f 901//901 903//903 902//902 
f 902//902 903//903 903//903 
f 903//903 904//904 903//903 
f 903//903 904//904 904//904 
f 904//904 905//905 904//904 
f 904//904 905//905 906//906 
f 905//905 907//907 906//906 
f 906//906 907//907 907//907 
f 907//907 908//908 907//907 
f 907//907 908//908 908//908 
f 908//908 909//909 908//908 
f 908//908 909//909 910//910 
f 909//909 911//911 910//910 
f 910//910 911//911 911//911 
f 911//911 912//912 911//911 
f 911//911 912//912 912//912 
f 912//912 913//913 912//912 
f 912//912 913//913 914//914 
f 913//913 915//915 914//914 
f 914//914 915//915 915//915 
f 915//915 916//916 915//915 
f 915//915 916//916 916//916 
f 916//916 917//917 916//916 
f 916//916 917//917 918//918 
f 917//917 919//919 918//918 
f 918//918 919//919 919//919 
f 919//919 920//920 919//919 
f 919//919 920//920 920//920 
f 920//920 921//921 920//920 
f 920//920 921//921 922//922 
f 921//921 923//923 922//922 
f 922//922 923//923 923//923 
f 923//923 924//924 923//923 
f 923//923 924//924 924//924 
f 924//924 925//925 924//924 
f 924//924 925//925 926//926 
f 925//925 927//927 926//926 
f 926//926 927//927 927//927 
f 927//927 928//928 927//927 
f 927//927 928//928 928//928 
f 928//928 929//929 928//928 
f 928//928 929//929 930//930 
f 929//929 931//931 930//930 
f 930//930 931//931 932//932 
f 931//931 933//933 932//932 
f 932//932 933//933 933//933 
f 933//933 934//934 933//933 
f 933//933 934//934 934//934 
f 934//934 935//935 934//934 
f 934//934 935//935 936//936 
f 935//935 937//937 936//936 
f 936//936 937//937 938//938 
f 937//937 939//939 938//938 
f 938//938 939//939 939//939 
f 939//939 940//940 939//939 
f 939//939 940//940 940//940 
f 940//940 941//941 940//940 
f 940//940 941//941 942//942 
f 941//941 943//943 942//942 
f 942//942 943//943 943//943 
f 943//943 944//944 943//943 
f 943//943 944//944 944//944 
f 944//944 945//945 944//944 
f 944//944 945//945 946//946 
f 945//945 947//947 946//946 
f 946//946 947//947 947//947 
f 947//947 948//948 947//947 
f 947//947 948//948 948//948 
f 948//948 949//949 948//948 
f 948//948 949//949 950//950 
f 949//949 951//951 950//950 
f 950//950 951//951 952//952 
f 951//951 953//953 952//952 
f 952//952 953//953 953//953 
f 953//953 954//954 953//953 
f 953//953 954//954 954//954 
f 954//954 955//955 954//954 
f 954//954 955//955 956//956 
f 955//955 957//957 956//956 
f 956//956 957//957 957//957 
f 957//957 958//958 957//957 
f 957//957 958//958 958//958 
f 958//958 959//959 958//958 
f 958//958 959//959 960//960 
f 959//959 961//961 960//960 
f 960//960 961//961 961//961 
f 961//961 962//962 961//961 
f 961//961 962//962 962//962 
f 962//962 963//963 962//962 
f 962//962 963//963 964//964 
f 963//963 965//965 964//964 
f 964//964 965//965 965//965 
f 965//965 966//966 965//965 
f 965//965 966//966 966//966 
f 966//966 967//967 966//966 
f 966//966 967//967 968//968 
f 967//967 969//969 968//968 
f 968//968 969//969 969//969 
f 969//969 970//970 969//969 
f 969//969 970//970 970//970 
f 970//970 971//971 970//970 
f 970//970 971//971 972//972 
f 971//971 973//973 972//972 
f 972//972 973//973 974//974 
f 973//973 975//975 974//974 
f 974//974 975//975 975//975 
f 975//975 976//976 975//975 
f 975//975 976//976 976//976 
f 976//976 977//977 976//976 
f 976//976 977//977 978//978 
f 977//977 979//979 978//978 
f 978//978 979//979 979//979 
f 979//979 980//980 979//979 
f 979//979 980//980 980//980 
f 980//980 981//981 980//980 
f 980//980 981//981 982//982 
f 981//981 983//983 982//982 
f 982//982 983//983 983//983 
f 983//983 984//984 983//983 
f 983//983 984//984 984//984 
f 984//984 985//985 984//984 
f 984//984 985//985 986//986 
f 985//985 987//987 986//986 
f 986//986 987//987 987//987 
f 987//987 988//988 987//987 
f 987//987 988//988 988//988 
f 988//988 989//989 988//988 
f 988//988 989//989 990//990 
f 989//989 991//991 990//990 
f 990//990 991//991 992//992 
f 991//991 993//993 992//992 
f 992//992 993//993 993//993 
f 993//993 994//994 993//993 
f 993//993 994//994 994//994 
f 994//994 995//995 994//994 
f 994//994 995//995 996//996 
f 995//995 997//997 996//996 
f 996//996 997//997 997//997 
f 997//997 998//998 997//997 
f 997//997 998//998 998//998 
f 998//998 999//999 998//998 
f 998//998 999//999 1000//1000 
f 999//999 1001//1001 1000//1000 
f 1000//1000 1001//1001 1001//1001 
f 1001//1001 1002//1002 1001//1001 
f 1001//1001 1002//1002 1002//1002 
f 1002//1002 1003//1003 1002//1002 
f 1002//1002 1003//1003 1004//1004 
f 1003//1003 1005//1005 1004//1004 
f 1004//1004 1005//1005 1005//1005 
f 1005//1005 1006//1006 1005//1005 
f 1005//1005 1006//1006 1006//1006 
f 1006//1006 1007//1007 1006//1006 
f 1006//1006 1007//1007 1008//1008 
f 1007//1007 1009//1009 1008//1008 
f 1008//1008 1009//1009 1009//1009 
f 1009//1009 1010//1010 1009//1009 
f 1009//1009 1010//1010 1010//1010 
f 1010//1010 1011//1011 1010//1010 
f 1010//1010 1011//1011 1012//1012 
f 1011//1011 1013//1013 1012//1012 
f 1012//1012 1013//1013 1014//1014 
f 1013//1013 1015//1015 1014//1014 
f 1014//1014 1015//1015 1015//1015 
f 1015//1015 1016//1016 1015//1015 
f 1015//1015 1016//1016 1016//1016 
f 1016//1016 1017//1017 1016//1016 
f 1016//1016 1017//1017 1018//1018 
f 1017//1017 1019//1019 1018//1018 
f 1018//1018 1019//1019 1020//1020 
f 1019//1019 1021//1021 1020//1020 
f 1020//1020 1021//1021 1021//1021 
f 1021//1021 1022//1022 1021//1021 
f 1021//1021 1022//1022 1022//1022 
f 1022//1022 1023//1023 1022//1022 
f 1022//1022 1023//1023 1024//1024 
f 1023//1023 1025//1025 1024//1024 
f 1024//1024 1025//1025 1025//1025 
f 1025//1025 1026//1026 1025//1025 
f 1025//1025 1026//1026 1026//1026 
f 1026//1026 1027//1027 1026//1026 
f 1026//1026 1027//1027 1028//1028 
f 1027//1027 1029//1029 1028//1028 
f 1028//1028 1029//1029 1029//1029 
f 1029//1029 1030//1030 1029//1029 
f 1029//1029 1030//1030 1030//1030 
f 1030//1030 1031//1031 1030//1030 
f 1030//1030 1031//1031 1032//1032 
f 1031//1031 1033//1033 1032//1032 
f 1032//1032 1033//1033 1033//1033 
f 1033//1033 1034//1034 1033//1033 
f 1033//1033 1034//1034 1034//1034 
f 1034//1034 1035//1035 1034//1034 
f 1034//1034 1035//1035 1036//1036 
f 1035//1035 1037//1037 1036//1036 
f 1036//1036 1037//1037 1037//1037 
f 1037//1037 1038//1038 1037//1037 
f 1037//1037 1038//1038 1038//1038 
f 1038//1038 1039//1039 1038//1038 
f 1038//1038 1039//1039 1040//1040 
f 1039//1039 1041//1041 1040//1040 
f 1040//1040 1041//1041 1042//1042 
f 1041//1041 1043//1043 1042//1042 
f 1042//1042 1043//1043 1043//1043 
f 1043//1043 1044//1044 1043//1043 
f 1043//1043 1044//1044 1044//1044 
f 1044//1044 1045//1045 1044//1044 
f 1044//1044 1045//1045 1046//1046 
f 1045//1045 1047//1047 1046//1046 
f 1046//1046 1047//1047 1047//1047 
f 1047//1047 1048//1048 1047//1047 
f 1047//1047 1048//1048 1048//1048 
f 1048//1048 1049//1049 1048//1048 
f 1048//1048 1049//1049 1050//1050 
f 1049//1049 1051//1051 1050//1050 
f 1050//1050 1051//1051 1051//1051 
f 1051//1051 1049//1049 1051//1051 
f 1051//1051 1049//1049 1049//1049 
f 1049//1049 1052//1052 1049//1049 
f 1049//1049 1052//1052 1051//1051 
f 1052//1052 1053//1053 1051//1051 
f 1051//1051 1053//1053 1053//1053 
f 1053//1053 1054//1054 1053//1053 
f 1053//1053 1054//1054 1054//1054 
f 1054//1054 1055//1055 1054//1054 
f 1054//1054 1055//1055 1056//1056 
f 1055//1055 1057//1057 1056//1056 
f 1056//1056 1057//1057 1057//1057 
f 1057//1057 1058//1058 1057//1057 
f 1057//1057 1058//1058 1058//1058 
f 1058//1058 1059//1059 1058//1058 
f 1058//1058 1059//1059 1060//1060 
f 1059//1059 1061//1061 1060//1060 
f 1060//1060 1061//1061 1061//1061 
f 1061//1061 1059//1059 1061//1061 
f 1061//1061 1059//1059 1059//1059 
f 1059//1059 1062//1062 1059//1059 
f 1059//1059 1062//1062 1061//1061 
f 1062//1062 1063//1063 1061//1061 
f 1061//1061 1063//1063 1063//1063 
f 1063//1063 1064//1064 1063//1063 
f 1063//1063 1064//1064 1064//1064 
f 1064//1064 1065//1065 1064//1064 
f 1064//1064 1065//1065 1066//1066 
f 1065//1065 1067//1067 1066//1066 
f 1066//1066 1067//1067 1067//1067 
f 1067//1067 1068//1068 1067//1067 
f 1067//1067 1068//1068 1068//1068 
f 1068//1068 1069//1069 1068//1068 
f 1068//1068 1069//1069 1070//1070 
f 1069//1069 1071//1071 1070//1070 
f 1070//1070 1071//1071 1072//1072 
f 1071//1071 1073//1073 1072//1072 
f 1072//1072 1073//1073 1073//1073 
f 1073//1073 1074//1074 1073//1073 
f 1073//1073 1074//1074 1074//1074 
f 1074//1074 1075//1075 1074//1074 
f 1074//1074 1075//1075 1076//1076 
f 1075//1075 1077//1077 1076//1076 
f 1076//1076 1077//1077 1077//1077 
f 1077//1077 1078//1078 1077//1077 
f 1077//1077 1078//1078 1078//1078 
f 1078//1078 1079//1079 1078//1078 
f 1078//1078 1079//1079 1080//1080 
f 1079//1079 1081//1081 1080//1080 
f 1080//1080 1081//1081 1082//1082 
f 1081//1081 1083//1083 1082//1082 
f 1082//1082 1083//1083 1083//1083 
f 1083//1083 1084//1084 1083//1083 
f 1083//1083 1084//1084 1084//1084 
f 1084//1084 1085//1085 1084//1084 
f 1084//1084 1085//1085 1086//1086 
f 1085//1085 1087//1087 1086//1086 
f 1086//1086 1087//1087 1087//1087 
f 1087//1087 1088//1088 1087//1087 
f 1087//1087 1088//1088 1088//1088 
f 1088//1088 1089//1089 1088//1088 
f 1088//1088 1089//1089 1090//1090 
f 1089//1089 1091//1091 1090//1090 
f 1090//1090 1091//1091 1092//1092 
f 1091//1091 1093//1093 1092//1092 
f 1092//1092 1093//1093 1093//1093 
f 1093//1093 1094//1094 1093//1093 
f 1093//1093 1094//1094 1094//1094 
f 1094//1094 1095//1095 1094//1094 
f 1094//1094 1095//1095 1096//1096 
f 1095//1095 1097//1097 1096//1096 
f 1096//1096 1097//1097 1097//1097 
f 1097//1097 1098//1098 1097//1097 
f 1097//1097 1098//1098 1098//1098 
f 1098//1098 1099//1099 1098//1098 
f 1098//1098 1099//1099 1100//1100 
f 1099//1099 1101//1101 1100//1100 
f 1100//1100 1101//1101 1101//1101 
f 1101//1101 1102//1102 1101//1101 
f 1101//1101 1102//1102 1102//1102 
f 1102//1102 1103//1103 1102//1102 
f 1102//1102 1103//1103 1104//1104 
f 1103//1103 1105//1105 1104//1104 
f 1104//1104 1105//1105 1106//1106 
f 1105//1105 1107//1107 1106//1106 
f 1106//1106 1107//1107 1107//1107 
f 1107//1107 1103//1103 1107//1107 
f 1107//1107 1103//1103 1103//1103 
f 1103//1103 1108//1108 1103//1103 
f 1103//1103 1108//1108 1105//1105 
f 1108//1108 1109//1109 1105//1105 
f 1105//1105 1109//1109 1107//1107 
f 1109//1109 1110//1110 1107//1107 
f 1107//1107 1110//1110 1110//1110 
f 1110//1110 1111//1111 1110//1110 
f 1110//1110 1111//1111 1111//1111 
f 1111//1111 1112//1112 1111//1111 
f 1111//1111 1112//1112 1113//1113 
f 1112//1112 1114//1114 1113//1113 
f 1113//1113 1114//1114 1114//1114 
f 1114//1114 1115//1115 1114//1114 
f 1114//1114 1115//1115 1115//1115 
f 1115//1115 1116//1116 1115//1115 
f 1115//1115 1116//1116 1117//1117 
f 1116//1116 1118//1118 1117//1117 
f 1117//1117 1118//1118 1118//1118 
f 1118//1118 1119//1119 1118//1118 
f 1118//1118 1119//1119 1119//1119 
f 1119//1119 1120//1120 1119//1119 
f 1119//1119 1120//1120 1121//1121 
f 1120//1120 1122//1122 1121//1121 
f 1121//1121 1122//1122 1123//1123 
f 1122//1122 1124//1124 1123//1123 
f 1123//1123 1124//1124 1124//1124 
f 1124//1124 1125//1125 1124//1124 
f 1124//1124 1125//1125 1125//1125 
f 1125//1125 1126//1126 1125//1125 
f 1125//1125 1126//1126 1127//1127 
f 1126//1126 1128//1128 1127//1127 
f 1127//1127 1128//1128 1128//1128 
f 1128//1128 1129//1129 1128//1128 
f 1128//1128 1129//1129 1129//1129 
f 1129//1129 1130//1130 1129//1129 
f 1129//1129 1130//1130 1131//1131 
f 1130//1130 1132//1132 1131//1131 
f 1131//1131 1132//1132 1132//1132 
f 1132//1132 1133//1133 1132//1132 
f 1132//1132 1133//1133 1133//1133 
f 1133//1133 1134//1134 1133//1133 
f 1133//1133 1134//1134 1135//1135 
f 1134//1134 1136//1136 1135//1135 
f 1135//1135 1136//1136 1136//1136 
f 1136//1136 1137//1137 1136//1136 
f 1136//1136 1137//1137 1137//1137 
f 1137//1137 1138//1138 1137//1137 
f 1137//1137 1138//1138 1139//1139 
f 1138//1138 1140//1140 1139//1139 
f 1139//1139 1140//1140 1141//1141 
f 1140//1140 1142//1142 1141//1141 
f 1141//1141 1142//1142 1142//1142 
f 1142//1142 1143//1143 1142//1142 
f 1142//1142 1143//1143 1143//1143 
f 1143//1143 1144//1144 1143//1143 
f 1143//1143 1144//1144 1145//1145 
f 1144//1144 1146//1146 1145//1145 
f 1145//1145 1146//1146 1146//1146 
f 1146//1146 1147//1147 1146//1146 
f 1146//1146 1147//1147 1147//1147 
f 1147//1147 1148//1148 1147//1147 
f 1147//1147 1148//1148 1149//1149 
f 1148//1148 1150//1150 1149//1149 
f 1149//1149 1150//1150 1150//1150 
f 1150//1150 1151//1151 1150//1150 
f 1150//1150 1151//1151 1151//1151 
f 1151//1151 1152//1152 1151//1151 
f 1151//1151 1152//1152 1153//1153 
f 1152//1152 1154//1154 1153//1153 
f 1153//1153 1154//1154 1155//1155 
f 1154//1154 1156//1156 1155//1155 
f 1155//1155 1156//1156 1156//1156 
f 1156//1156 1157//1157 1156//1156 
f 1156//1156 1157//1157 1157//1157 
f 1157//1157 1158//1158 1157//1157 
f 1157//1157 1158//1158 1159//1159 
f 1158//1158 1160//1160 1159//1159 
f 1159//1159 1160//1160 1160//1160 
f 1160//1160 1161//1161 1160//1160 
f 1160//1160 1161//1161 1161//1161 
f 1161//1161 1162//1162 1161//1161 
f 1161//1161 1162//1162 1163//1163 
f 1162//1162 1164//1164 1163//1163 
f 1163//1163 1164//1164 1164//1164 
f 1164//1164 1165//1165 1164//1164 
f 1164//1164 1165//1165 1165//1165 
f 1165//1165 1166//1166 1165//1165 
f 1165//1165 1166//1166 1167//1167 
f 1166//1166 1168//1168 1167//1167 
f 1167//1167 1168//1168 1168//1168 
f 1168//1168 1169//1169 1168//1168 
f 1168//1168 1169//1169 1169//1169 
f 1169//1169 1170//1170 1169//1169 
f 1169//1169 1170//1170 1171//1171 
f 1170//1170 1172//1172 1171//1171 
f 1171//1171 1172//1172 1172//1172 
f 1172//1172 1173//1173 1172//1172 
f 1172//1172 1173//1173 1173//1173 
f 1173//1173 1174//1174 1173//1173 
f 1173//1173 1174//1174 1175//1175 
f 1174//1174 1176//1176 1175//1175 
f 1175//1175 1176//1176 1177//1177 
f 1176//1176 1178//1178 1177//1177 
f 1177//1177 1178//1178 1178//1178 
f 1178//1178 1179//1179 1178//1178 
f 1178//1178 1179//1179 1179//1179 
f 1179//1179 1180//1180 1179//1179 
f 1179//1179 1180//1180 1181//1181 
f 1180//1180 1182//1182 1181//1181 
f 1181//1181 1182//1182 1182//1182 
f 1182//1182 1183//1183 1182//1182 
f 1182//1182 1183//1183 1183//1183 
f 1183//1183 1184//1184 1183//1183 
f 1183//1183 1184//1184 1185//1185 
f 1184//1184 1186//1186 1185//1185 
f 1185//1185 1186//1186 1186//1186 
f 1186//1186 1187//1187 1186//1186 
f 1186//1186 1187//1187 1187//1187 
f 1187//1187 1188//1188 1187//1187 
f 1187//1187 1188//1188 1189//1189 
f 1188//1188 1190//1190 1189//1189 
f 1189//1189 1190//1190 1191//1191 
f 1190//1190 1192//1192 1191//1191 
f 1191//1191 1192//1192 1192//1192 
f 1192//1192 1193//1193 1192//1192 
f 1192//1192 1193//1193 1193//1193 
f 1193//1193 1194//1194 1193//1193 
f 1193//1193 1194//1194 1195//1195 
f 1194//1194 1196//1196 1195//1195 
f 1195//1195 1196//1196 1197//1197 
f 1196//1196 1198//1198 1197//1197 
f 1197//1197 1198//1198 1198//1198 
f 1198//1198 1199//1199 1198//1198 
f 1198//1198 1199//1199 1199//1199 
f 1199//1199 1200//1200 1199//1199 
f 1199//1199 1200//1200 1201//1201 
f 1200//1200 1202//1202 1201//1201 
f 1201//1201 1202//1202 1202//1202 
f 1202//1202 1203//1203 1202//1202 
f 1202//1202 1203//1203 1203//1203 
f 1203//1203 1204//1204 1203//1203 
f 1203//1203 1204//1204 1205//1205 
f 1204//1204 1206//1206 1205//1205 
f 1205//1205 1206//1206 1206//1206 
f 1206//1206 1207//1207 1206//1206 
f 1206//1206 1207//1207 1207//1207 
f 1207//1207 1208//1208 1207//1207 
f 1207//1207 1208//1208 1209//1209 
f 1208//1208 1210//1210 1209//1209 
f 1209//1209 1210//1210 1210//1210 
f 1210//1210 1211//1211 1210//1210 
f 1210//1210 1211//1211 1211//1211 
f 1211//1211 1212//1212 1211//1211 
f 1211//1211 1212//1212 1213//1213 
f 1212//1212 1214//1214 1213//1213 
f 1213//1213 1214//1214 1214//1214 
f 1214//1214 1215//1215 1214//1214 
f 1214//1214 1215//1215 1215//1215 
f 1215//1215 1216//1216 1215//1215 
f 1215//1215 1216//1216 1217//1217 
f 1216//1216 1218//1218 1217//1217 
f 1217//1217 1218//1218 1218//1218 
f 1218//1218 1219//1219 1218//1218 
f 1218//1218 1219//1219 1219//1219 
f 1219//1219 1220//1220 1219//1219 
f 1219//1219 1220//1220 1221//1221 
f 1220//1220 1222//1222 1221//1221 
f 1221//1221 1222//1222 1223//1223 
f 1222//1222 1224//1224 1223//1223 
f 1223//1223 1224//1224 1224//1224 
f 1224//1224 1225//1225 1224//1224 
f 1224//1224 1225//1225 1225//1225 
f 1225//1225 1226//1226 1225//1225 
f 1225//1225 1226//1226 1227//1227 
f 1226//1226 1228//1228 1227//1227 
f 1227//1227 1228//1228 1228//1228 
f 1228//1228 1229//1229 1228//1228 
f 1228//1228 1229//1229 1229//1229 
f 1229//1229 1230//1230 1229//1229 
f 1229//1229 1230//1230 1231//1231 
f 1230//1230 1232//1232 1231//1231 
f 1231//1231 1232//1232 1232//1232 
f 1232//1232 1233//1233 1232//1232 
f 1232//1232 1233//1233 1233//1233 
f 1233//1233 1234//1234 1233//1233 
f 1233//1233 1234//1234 1235//1235 
f 1234//1234 1236//1236 1235//1235 
f 1235//1235 1236//1236 1236//1236 
f 1236//1236 1237//1237 1236//1236 
f 1236//1236 1237//1237 1237//1237 
f 1237//1237 1238//1238 1237//1237 
f 1237//1237 1238//1238 1239//1239 
f 1238//1238 1240//1240 1239//1239 
f 1239//1239 1240//1240 1240//1240 
f 1240//1240 1241//1241 1240//1240 
f 1240//1240 1241//1241 1241//1241 
f 1241//1241 1242//1242 1241//1241 
f 1241//1241 1242//1242 1243//1243 
f 1242//1242 1244//1244 1243//1243 
f 1243//1243 1244//1244 1244//1244 
f 1244//1244 1245//1245 1244//1244 
f 1244//1244 1245//1245 1245//1245 
f 1245//1245 1246//1246 1245//1245 
f 1245//1245 1246//1246 1247//1247 
f 1246//1246 1248//1248 1247//1247 
f 1247//1247 1248//1248 1248//1248 
f 1248//1248 1249//1249 1248//1248 
f 1248//1248 1249//1249 1249//1249 
f 1249//1249 1250//1250 1249//1249 
f 1249//1249 1250//1250 1251//1251 
f 1250//1250 1252//1252 1251//1251 
f 1251//1251 1252//1252 1253//1253 
f 1252//1252 1254//1254 1253//1253 
f 1253//1253 1254//1254 1254//1254 
f 1254//1254 1255//1255 1254//1254 
f 1254//1254 1255//1255 1255//1255 
f 1255//1255 1256//1256 1255//1255 
f 1255//1255 1256//1256 1257//1257 
f 1256//1256 1258//1258 1257//1257 
f 1257//1257 1258//1258 1258//1258 
f 1258//1258 1259//1259 1258//1258 
f 1258//1258 1259//1259 1259//1259 
f 1259//1259 1260//1260 1259//1259 
f 1259//1259 1260//1260 1261//1261 
f 1260//1260 1262//1262 1261//1261 
f 1261//1261 1262//1262 1262//1262 
f 1262//1262 1263//1263 1262//1262 
f 1262//1262 1263//1263 1263//1263 
f 1263//1263 1264//1264 1263//1263 
f 1263//1263 1264//1264 1265//1265 
f 1264//1264 1266//1266 1265//1265 
f 1265//1265 1266//1266 1266//1266 
f 1266//1266 1267//1267 1266//1266 
f 1266//1266 1267//1267 1267//1267 
f 1267//1267 1268//1268 1267//1267 
f 1267//1267 1268//1268 1269//1269 
f 1268//1268 1270//1270 1269//1269 
f 1269//1269 1270//1270 1271//1271 
f 1270//1270 1272//1272 1271//1271 
f 1271//1271 1272//1272 1272//1272 
f 1272//1272 1273//1273 1272//1272 
f 1272//1272 1273//1273 1273//1273 
f 1273//1273 1274//1274 1273//1273 
f 1273//1273 1274//1274 1275//1275 
f 1274//1274 1276//1276 1275//1275 
f 1275//1275 1276//1276 1276//1276 
f 1276//1276 1277//1277 1276//1276 
f 1276//1276 1277//1277 1277//1277 
f 1277//1277 1278//1278 1277//1277 
f 1277//1277 1278//1278 1279//1279 
f 1278//1278 1280//1280 1279//1279 
f 1279//1279 1280//1280 1280//1280 
f 1280//1280 1281//1281 1280//1280 
f 1280//1280 1281//1281 1281//1281 
f 1281//1281 1282//1282 1281//1281 
f 1281//1281 1282//1282 1283//1283 
f 1282//1282 1284//1284 1283//1283 
f 1283//1283 1284//1284 1284//1284 
f 1284//1284 1285//1285 1284//1284 
f 1284//1284 1285//1285 1285//1285 
f 1285//1285 1286//1286 1285//1285 
f 1285//1285 1286//1286 1287//1287 
f 1286//1286 1288//1288 1287//1287 
f 1287//1287 1288//1288 1289//1289 
f 1288//1288 1290//1290 1289//1289 
f 1289//1289 1290//1290 1290//1290 
f 1290//1290 1291//1291 1290//1290 
f 1290//1290 1291//1291 1291//1291 
f 1291//1291 1292//1292 1291//1291 
f 1291//1291 1292//1292 1293//1293 
f 1292//1292 1294//1294 1293//1293 
f 1293//1293 1294//1294 1294//1294 
f 1294//1294 1295//1295 1294//1294 
f 1294//1294 1295//1295 1295//1295 
f 1295//1295 1296//1296 1295//1295 
f 1295//1295 1296//1296 1297//1297 
f 1296//1296 1298//1298 1297//1297 
f 1297//1297 1298//1298 1298//1298 
f 1298//1298 1299//1299 1298//1298 
f 1298//1298 1299//1299 1299//1299 
f 1299//1299 1300//1300 1299//1299 
f 1299//1299 1300//1300 1301//1301 
f 1300//1300 1302//1302 1301//1301 
f 1301//1301 1302//1302 1302//1302 
f 1302//1302 1303//1303 1302//1302 
f 1302//1302 1303//1303 1303//1303 
f 1303//1303 1304//1304 1303//1303 
f 1303//1303 1304//1304 1305//1305 
f 1304//1304 1306//1306 1305//1305 
f 1305//1305 1306//1306 1307//1307 
f 1306//1306 1308//1308 1307//1307 
f 1307//1307 1308//1308 1308//1308 
f 1308//1308 1309//1309 1308//1308 
f 1308//1308 1309//1309 1309//1309 
f 1309//1309 1310//1310 1309//1309 
f 1309//1309 1310//1310 1311//1311 
f 1310//1310 1312//1312 1311//1311 
f 1311//1311 1312//1312 1312//1312 
f 1312//1312 1313//1313 1312//1312 
f 1312//1312 1313//1313 1313//1313 
f 1313//1313 1314//1314 1313//1313 
f 1313//1313 1314//1314 1315//1315 
f 1314//1314 1316//1316 1315//1315 
f 1315//1315 1316//1316 1316//1316 
f 1316//1316 1317//1317 1316//1316 
f 1316//1316 1317//1317 1317//1317 
f 1317//1317 1318//1318 1317//1317 
f 1317//1317 1318//1318 1319//1319 
f 1318//1318 1320//1320 1319//1319 
f 1319//1319 1320//1320 1321//1321 
f 1320//1320 1322//1322 1321//1321 
f 1321//1321 1322//1322 1322//1322 
f 1322//1322 1323//1323 1322//1322 
f 1322//1322 1323//1323 1323//1323 
f 1323//1323 1324//1324 1323//1323 
f 1323//1323 1324//1324 1325//1325 
f 1324//1324 1326//1326 1325//1325 
f 1325//1325 1326//1326 1326//1326 
f 1326//1326 1327//1327 1326//1326 
f 1326//1326 1327//1327 1327//1327 
f 1327//1327 1328//1328 1327//1327 
f 1327//1327 1328//1328 1329//1329 
f 1328//1328 1330//1330 1329//1329 
f 1329//1329 1330//1330 1330//1330 
f 1330//1330 1331//1331 1330//1330 
f 1330//1330 1331//1331 1331//1331 
f 1331//1331 1332//1332 1331//1331 
f 1331//1331 1332//1332 1333//1333 
f 1332//1332 1334//1334 1333//1333 
f 1333//1333 1334//1334 1334//1334 
f 1334//1334 1335//1335 1334//1334 
f 1334//1334 1335//1335 1335//1335 
f 1335//1335 1336//1336 1335//1335 
f 1335//1335 1336//1336 1337//1337 
f 1336//1336 1338//1338 1337//1337 
f 1337//1337 1338//1338 1339//1339 
f 1338//1338 1340//1340 1339//1339 
f 1339//1339 1340//1340 1340//1340 
f 1340//1340 1341//1341 1340//1340 
f 1340//1340 1341//1341 1341//1341 
f 1341//1341 1342//1342 1341//1341 
f 1341//1341 1342//1342 1343//1343 
f 1342//1342 1344//1344 1343//1343 
f 1343//1343 1344//1344 1344//1344 
f 1344//1344 1345//1345 1344//1344 
f 1344//1344 1345//1345 1345//1345 
f 1345//1345 1346//1346 1345//1345 
f 1345//1345 1346//1346 1347//1347 
f 1346//1346 1348//1348 1347//1347 
f 1347//1347 1348//1348 1348//1348 
f 1348//1348 1349//1349 1348//1348 
f 1348//1348 1349//1349 1349//1349 
f 1349//1349 1350//1350 1349//1349 
f 1349//1349 1350//1350 1351//1351 
f 1350//1350 1352//1352 1351//1351 
f 1351//1351 1352//1352 1352//1352 
f 1352//1352 1353//1353 1352//1352 
f 1352//1352 1353//1353 1353//1353 
f 1353//1353 1354//1354 1353//1353 
f 1353//1353 1354//1354 1355//1355 
f 1354//1354 1356//1356 1355//1355 
f 1355//1355 1356//1356 1356//1356 
f 1356//1356 1357//1357 1356//1356 
f 1356//1356 1357//1357 1357//1357 
f 1357//1357 1358//1358 1357//1357 
f 1357//1357 1358//1358 1359//1359 
f 1358//1358 1360//1360 1359//1359 
f 1359//1359 1360//1360 1360//1360 
f 1360//1360 1361//1361 1360//1360 
f 1360//1360 1361//1361 1361//1361 
f 1361//1361 1362//1362 1361//1361 
f 1361//1361 1362//1362 1363//1363 
f 1362//1362 1364//1364 1363//1363 
f 1363//1363 1364//1364 1364//1364 
f 1364//1364 1365//1365 1364//1364 
f 1364//1364 1365//1365 1365//1365 
f 1365//1365 1366//1366 1365//1365 
f 1365//1365 1366//1366 1367//1367 
f 1366//1366 1368//1368 1367//1367 
f 1367//1367 1368//1368 1368//1368 
f 1368//1368 1369//1369 1368//1368 
f 1368//1368 1369//1369 1369//1369 
f 1369//1369 1370//1370 1369//1369 
f 1369//1369 1370//1370 1371//1371 
f 1370//1370 1372//1372 1371//1371 
f 1371//1371 1372//1372 1373//1373 
f 1372//1372 1374//1374 1373//1373 
f 1373//1373 1374//1374 1374//1374 
f 1374//1374 1375//1375 1374//1374 
f 1374//1374 1375//1375 1375//1375 
f 1375//1375 1376//1376 1375//1375 
f 1375//1375 1376//1376 1377//1377 
f 1376//1376 1378//1378 1377//1377 
f 1377//1377 1378//1378 1379//1379 
f 1378//1378 1380//1380 1379//1379 
f 1379//1379 1380//1380 1380//1380 
f 1380//1380 1381//1381 1380//1380 
f 1380//1380 1381//1381 1381//1381 
f 1381//1381 1382//1382 1381//1381 
f 1381//1381 1382//1382 1383//1383 
f 1382//1382 1384//1384 1383//1383 
f 1383//1383 1384//1384 1384//1384 
f 1384//1384 1385//1385 1384//1384 
f 1384//1384 1385//1385 1385//1385 
f 1385//1385 1386//1386 1385//1385 
f 1385//1385 1386//1386 1387//1387 
f 1386//1386 1388//1388 1387//1387 
f 1387//1387 1388//1388 1388//1388 
f 1388//1388 1389//1389 1388//1388 
f 1388//1388 1389//1389 1389//1389 
f 1389//1389 1390//1390 1389//1389 
f 1389//1389 1390//1390 1391//1391 
f 1390//1390 1392//1392 1391//1391 
f 1391//1391 1392//1392 1393//1393 
f 1392//1392 1394//1394 1393//1393 
f 1393//1393 1394//1394 1394//1394 
f 1394//1394 1390//1390 1394//1394 
f 1394//1394 1390//1390 1390//1390 
f 1390//1390 1395//1395 1390//1390 
f 1390//1390 1395//1395 1392//1392 
f 1395//1395 1396//1396 1392//1392 
f 1392//1392 1396//1396 1394//1394 
f 1396//1396 1397//1397 1394//1394 
f 1394//1394 1397//1397 1397//1397 
f 1397//1397 1398//1398 1397//1397 
f 1397//1397 1398//1398 1398//1398 
f 1398//1398 1399//1399 1398//1398 
f 1398//1398 1399//1399 1400//1400 
f 1399//1399 1401//1401 1400//1400 
f 1400//1400 1401//1401 1401//1401 
f 1401//1401 1402//1402 1401//1401 
f 1401//1401 1402//1402 1402//1402 
f 1402//1402 1403//1403 1402//1402 
f 1402//1402 1403//1403 1404//1404 
f 1403//1403 1405//1405 1404//1404 
f 1404//1404 1405//1405 1405//1405 
f 1405//1405 1406//1406 1405//1405 
f 1405//1405 1406//1406 1406//1406 
f 1406//1406 1407//1407 1406//1406 
f 1406//1406 1407//1407 1408//1408 
f 1407//1407 1409//1409 1408//1408 
f 1408//1408 1409//1409 1409//1409 
f 1409//1409 1410//1410 1409//1409 
f 1409//1409 1410//1410 1410//1410 
f 1410//1410 1411//1411 1410//1410 
f 1410//1410 1411//1411 1412//1412 
f 1411//1411 1413//1413 1412//1412 
f 1412//1412 1413//1413 1413//1413 
f 1413//1413 1414//1414 1413//1413 
f 1413//1413 1414//1414 1414//1414 
f 1414//1414 1415//1415 1414//1414 
f 1414//1414 1415//1415 1416//1416 
f 1415//1415 1417//1417 1416//1416 
f 1416//1416 1417//1417 1417//1417 
f 1417//1417 1418//1418 1417//1417 
f 1417//1417 1418//1418 1418//1418 
f 1418//1418 1419//1419 1418//1418 
f 1418//1418 1419//1419 1420//1420 
f 1419//1419 1421//1421 1420//1420 
f 1420//1420 1421//1421 1421//1421 
f 1421//1421 1422//1422 1421//1421 
f 1421//1421 1422//1422 1422//1422 
f 1422//1422 1423//1423 1422//1422 
f 1422//1422 1423//1423 1424//1424 
f 1423//1423 1425//1425 1424//1424 
f 1424//1424 1425//1425 1426//1426 
f 1425//1425 1427//1427 1426//1426 
f 1426//1426 1427//1427 1427//1427 
f 1427//1427 1428//1428 1427//1427 
f 1427//1427 1428//1428 1428//1428 
f 1428//1428 1429//1429 1428//1428 
f 1428//1428 1429//1429 1430//1430 
f 1429//1429 1431//1431 1430//1430 
f 1430//1430 1431//1431 1432//1432 
f 1431//1431 1433//1433 1432//1432 
f 1432//1432 1433//1433 1433//1433 
f 1433//1433 1434//1434 1433//1433 
f 1433//1433 1434//1434 1434//1434 
f 1434//1434 1435//1435 1434//1434 
f 1434//1434 1435//1435 1436//1436 
f 1435//1435 1437//1437 1436//1436 
f 1436//1436 1437//1437 1437//1437 
f 1437//1437 1438//1438 1437//1437 
f 1437//1437 1438//1438 1438//1438 
f 1438//1438 1439//1439 1438//1438 
f 1438//1438 1439//1439 1440//1440 
f 1439//1439 1441//1441 1440//1440 
f 1440//1440 1441//1441 1441//1441 
f 1441//1441 1442//1442 1441//1441 
f 1441//1441 1442//1442 1442//1442 
f 1442//1442 1443//1443 1442//1442 
f 1442//1442 1443//1443 1444//1444 
f 1443//1443 1445//1445 1444//1444 
f 1444//1444 1445//1445 1445//1445 
f 1445//1445 1446//1446 1445//1445 
f 1445//1445 1446//1446 1446//1446 
f 1446//1446 1447//1447 1446//1446 
f 1446//1446 1447//1447 1448//1448 
f 1447//1447 1449//1449 1448//1448 
f 1448//1448 1449//1449 1450//1450 
f 1449//1449 1451//1451 1450//1450 
f 1450//1450 1451//1451 1451//1451 
f 1451//1451 1452//1452 1451//1451 
f 1451//1451 1452//1452 1452//1452 
f 1452//1452 1453//1453 1452//1452 
f 1452//1452 1453//1453 1454//1454 
f 1453//1453 1455//1455 1454//1454 
f 1454//1454 1455//1455 1455//1455 
f 1455//1455 1456//1456 1455//1455 
f 1455//1455 1456//1456 1456//1456 
f 1456//1456 1457//1457 1456//1456 
f 1456//1456 1457//1457 1458//1458 
f 1457//1457 1459//1459 1458//1458 
f 1458//1458 1459//1459 1459//1459 
f 1459//1459 1460//1460 1459//1459 
f 1459//1459 1460//1460 1460//1460 
f 1460//1460 1461//1461 1460//1460 
f 1460//1460 1461//1461 1462//1462 
f 1461//1461 1463//1463 1462//1462 
f 1462//1462 1463//1463 1463//1463 
f 1463//1463 1464//1464 1463//1463 
f 1463//1463 1464//1464 1464//1464 
f 1464//1464 1465//1465 1464//1464 
f 1464//1464 1465//1465 1466//1466 
f 1465//1465 1467//1467 1466//1466 
f 1466//1466 1467//1467 1468//1468 
f 1467//1467 1469//1469 1468//1468 
f 1468//1468 1469//1469 1469//1469 
f 1469//1469 1470//1470 1469//1469 
f 1469//1469 1470//1470 1470//1470 
f 1470//1470 1471//1471 1470//1470 
f 1470//1470 1471//1471 1472//1472 
f 1471//1471 1473//1473 1472//1472 
f 1472//1472 1473//1473 1473//1473 
f 1473//1473 1474//1474 1473//1473 
f 1473//1473 1474//1474 1474//1474 
f 1474//1474 1475//1475 1474//1474 
f 1474//1474 1475//1475 1476//1476 
f 1475//1475 1477//1477 1476//1476 
f 1476//1476 1477//1477 1477//1477 
f 1477//1477 1478//1478 1477//1477 
f 1477//1477 1478//1478 1478//1478 
f 1478//1478 1479//1479 1478//1478 
f 1478//1478 1479//1479 1480//1480 
f 1479//1479 1481//1481 1480//1480 
f 1480//1480 1481//1481 1481//1481 
f 1481//1481 1482//1482 1481//1481 
f 1481//1481 1482//1482 1482//1482 
f 1482//1482 1483//1483 1482//1482 
f 1482//1482 1483//1483 1484//1484 
f 1483//1483 1485//1485 1484//1484 
f 1484//1484 1485//1485 1486//1486 
f 1485//1485 1487//1487 1486//1486 
f 1486//1486 1487//1487 1487//1487 
f 1487//1487 1488//1488 1487//1487 
f 1487//1487 1488//1488 1488//1488 
f 1488//1488 1489//1489 1488//1488 
f 1488//1488 1489//1489 1490//1490 
f 1489//1489 1491//1491 1490//1490 
f 1490//1490 1491//1491 1491//1491 
f 1491//1491 1492//1492 1491//1491 
f 1491//1491 1492//1492 1492//1492 
f 1492//1492 1493//1493 1492//1492 
f 1492//1492 1493//1493 1494//1494 
f 1493//1493 1495//1495 1494//1494 
f 1494//1494 1495//1495 1495//1495 
f 1495//1495 1496//1496 1495//1495 
f 1495//1495 1496//1496 1496//1496 
f 1496//1496 1497//1497 1496//1496 
f 1496//1496 1497//1497 1498//1498 
f 1497//1497 1499//1499 1498//1498 
f 1498//1498 1499//1499 1499//1499 
f 1499//1499 1500//1500 1499//1499 
f 1499//1499 1500//1500 1500//1500 
f 1500//1500 1501//1501 1500//1500 
f 1500//1500 1501//1501 1502//1502 
f 1501//1501 1503//1503 1502//1502 
f 1502//1502 1503//1503 1504//1504 
f 1503//1503 1505//1505 1504//1504 
f 1504//1504 1505//1505 1505//1505 
f 1505//1505 1506//1506 1505//1505 
f 1505//1505 1506//1506 1506//1506 
f 1506//1506 1507//1507 1506//1506 
f 1506//1506 1507//1507 1508//1508 
f 1507//1507 1509//1509 1508//1508 
f 1508//1508 1509//1509 1509//1509 
f 1509//1509 1510//1510 1509//1509 
f 1509//1509 1510//1510 1510//1510 
f 1510//1510 1511//1511 1510//1510 
f 1510//1510 1511//1511 1512//1512 
f 1511//1511 1513//1513 1512//1512 
f 1512//1512 1513//1513 1513//1513 
f 1513//1513 1511//1511 1513//1513 
f 1513//1513 1511//1511 1511//1511 
f 1511//1511 1514//1514 1511//1511 
f 1511//1511 1514//1514 1513//1513 
f 1514//1514 1515//1515 1513//1513 
f 1513//1513 1515//1515 1515//1515 
f 1515//1515 1516//1516 1515//1515 
f 1515//1515 1516//1516 1516//1516 
f 1516//1516 1517//1517 1516//1516 
f 1516//1516 1517//1517 1518//1518 
f 1517//1517 1519//1519 1518//1518 
f 1518//1518 1519//1519 1519//1519 
f 1519//1519 1520//1520 1519//1519 
f 1519//1519 1520//1520 1520//1520 
f 1520//1520 1521//1521 1520//1520 
f 1520//1520 1521//1521 1522//1522 
f 1521//1521 1523//1523 1522//1522 
f 1522//1522 1523//1523 1523//1523 
f 1523//1523 1524//1524 1523//1523 
f 1523//1523 1524//1524 1524//1524 
f 1524//1524 1525//1525 1524//1524 
f 1524//1524 1525//1525 1526//1526 
f 1525//1525 1527//1527 1526//1526 
f 1526//1526 1527//1527 1527//1527 
f 1527//1527 1525//1525 1527//1527 
f 1527//1527 1525//1525 1525//1525 
f 1525//1525 1528//1528 1525//1525 
f 1525//1525 1528//1528 1527//1527 
f 1528//1528 1529//1529 1527//1527 
f 1527//1527 1529//1529 1529//1529 
f 1529//1529 1530//1530 1529//1529 
f 1529//1529 1530//1530 1530//1530 
f 1530//1530 1531//1531 1530//1530 
f 1530//1530 1531//1531 1532//1532 
f 1531//1531 1533//1533 1532//1532 
f 1532//1532 1533//1533 1533//1533 
f 1533//1533 1534//1534 1533//1533 
f 1533//1533 1534//1534 1534//1534 
f 1534//1534 1535//1535 1534//1534 
f 1534//1534 1535//1535 1536//1536 
f 1535//1535 1537//1537 1536//1536 
f 1536//1536 1537//1537 1537//1537 
f 1537//1537 1538//1538 1537//1537 
f 1537//1537 1538//1538 1538//1538 
f 1538//1538 1539//1539 1538//1538 
f 1538//1538 1539//1539 1540//1540 
f 1539//1539 1541//1541 1540//1540 
f 1540//1540 1541//1541 1541//1541 
f 1541//1541 1542//1542 1541//1541 
f 1541//1541 1542//1542 1542//1542 
f 1542//1542 1543//1543 1542//1542 
f 1542//1542 1543//1543 1544//1544 
f 1543//1543 1545//1545 1544//1544 
f 1544//1544 1545//1545 1545//1545 
f 1545//1545 1546//1546 1545//1545 
f 1545//1545 1546//1546 1546//1546 
f 1546//1546 1547//1547 1546//1546 
f 1546//1546 1547//1547 1548//1548 
f 1547//1547 1549//1549 1548//1548 
f 1548//1548 1549//1549 1549//1549 
f 1549//1549 1550//1550 1549//1549 
f 1549//1549 1550//1550 1550//1550 
f 1550//1550 1551//1551 1550//1550 
f 1550//1550 1551//1551 1552//1552 
f 1551//1551 1553//1553 1552//1552 
f 1552//1552 1553//1553 1553//1553 
f 1553//1553 1554//1554 1553//1553 
f 1553//1553 1554//1554 1554//1554 
f 1554//1554 1555//1555 1554//1554 
f 1554//1554 1555//1555 1556//1556 
f 1555//1555 1557//1557 1556//1556 
f 1556//1556 1557//1557 1557//1557 
f 1557//1557 1558//1558 1557//1557 
f 1557//1557 1558//1558 1558//1558 
f 1558//1558 1559//1559 1558//1558 
f 1558//1558 1559//1559 1560//1560 
f 1559//1559 1561//1561 1560//1560 
f 1560//1560 1561//1561 1561//1561 
f 1561//1561 1562//1562 1561//1561 
f 1561//1561 1562//1562 1562//1562 
f 1562//1562 1563//1563 1562//1562 
f 1562//1562 1563//1563 1564//1564 
f 1563//1563 1565//1565 1564//1564 
f 1564//1564 1565//1565 1565//1565 
f 1565//1565 1566//1566 1565//1565 
f 1565//1565 1566//1566 1566//1566 
f 1566//1566 1567//1567 1566//1566 
f 1566//1566 1567//1567 1568//1568 
f 1567//1567 1569//1569 1568//1568 
f 1568//1568 1569//1569 1570//1570 
f 1569//1569 1571//1571 1570//1570 
f 1570//1570 1571//1571 1571//1571 
f 1571//1571 1572//1572 1571//1571 
f 1571//1571 1572//1572 1572//1572 
f 1572//1572 1573//1573 1572//1572 
f 1572//1572 1573//1573 1574//1574 
f 1573//1573 1575//1575 1574//1574 
f 1574//1574 1575//1575 1575//1575 
f 1575//1575 1576//1576 1575//1575 
f 1575//1575 1576//1576 1576//1576 
f 1576//1576 1577//1577 1576//1576 
f 1576//1576 1577//1577 1578//1578 
f 1577//1577 1579//1579 1578//1578 
f 1578//1578 1579//1579 1579//1579 
f 1579//1579 1580//1580 1579//1579 
f 1579//1579 1580//1580 1580//1580 
f 1580//1580 1581//1581 1580//1580 
f 1580//1580 1581//1581 1582//1582 
f 1581//1581 1583//1583 1582//1582 
f 1582//1582 1583//1583 1584//1584 
f 1583//1583 1585//1585 1584//1584 
f 1584//1584 1585//1585 1585//1585 
f 1585//1585 1586//1586 1585//1585 
f 1585//1585 1586//1586 1586//1586 
f 1586//1586 1587//1587 1586//1586 
f 1586//1586 1587//1587 1588//1588 
f 1587//1587 1589//1589 1588//1588 
f 1588//1588 1589//1589 1589//1589 
f 1589//1589 1590//1590 1589//1589 
f 1589//1589 1590//1590 1590//1590 
f 1590//1590 1591//1591 1590//1590 
f 1590//1590 1591//1591 1592//1592 
f 1591//1591 1593//1593 1592//1592 
f 1592//1592 1593//1593 1593//1593 
f 1593//1593 1594//1594 1593//1593 
f 1593//1593 1594//1594 1594//1594 
f 1594//1594 1595//1595 1594//1594 
f 1594//1594 1595//1595 1596//1596 
f 1595//1595 1597//1597 1596//1596 
f 1596//1596 1597//1597 1597//1597 
f 1597//1597 1598//1598 1597//1597 
f 1597//1597 1598//1598 1598//1598 
f 1598//1598 1599//1599 1598//1598 
f 1598//1598 1599//1599 1600//1600 
f 1599//1599 1601//1601 1600//1600 
f 1600//1600 1601//1601 1602//1602 
f 1601//1601 1603//1603 1602//1602 
f 1602//1602 1603//1603 1603//1603 
f 1603//1603 1604//1604 1603//1603 
f 1603//1603 1604//1604 1604//1604 
f 1604//1604 1605//1605 1604//1604 
f 1604//1604 1605//1605 1606//1606 
f 1605//1605 1607//1607 1606//1606 
f 1606//1606 1607//1607 1607//1607 
f 1607//1607 1608//1608 1607//1607 
f 1607//1607 1608//1608 1608//1608 
f 1608//1608 1609//1609 1608//1608 
f 1608//1608 1609//1609 1610//1610 
f 1609//1609 1611//1611 1610//1610 
f 1610//1610 1611//1611 1612//1612 
f 1611//1611 1613//1613 1612//1612 
f 1612//1612 1613//1613 1613//1613 
f 1613//1613 1614//1614 1613//1613 
f 1613//1613 1614//1614 1614//1614 
f 1614//1614 1615//1615 1614//1614 
f 1614//1614 1615//1615 1616//1616 
f 1615//1615 1617//1617 1616//1616 
f 1616//1616 1617//1617 1617//1617 
f 1617//1617 1618//1618 1617//1617 
f 1617//1617 1618//1618 1618//1618 
f 1618//1618 1619//1619 1618//1618 
f 1618//1618 1619//1619 1620//1620 
f 1619//1619 1621//1621 1620//1620 
f 1620//1620 1621//1621 1621//1621 
f 1621//1621 1622//1622 1621//1621 
f 1621//1621 1622//1622 1622//1622 
f 1622//1622 1623//1623 1622//1622 
f 1622//1622 1623//1623 1624//1624 
f 1623//1623 1625//1625 1624//1624 
f 1624//1624 1625//1625 1625//1625 
f 1625//1625 1626//1626 1625//1625 
f 1625//1625 1626//1626 1626//1626 
f 1626//1626 1627//1627 1626//1626 
f 1626//1626 1627//1627 1628//1628 
f 1627//1627 1629//1629 1628//1628 
f 1628//1628 1629//1629 1629//1629 
f 1629//1629 1630//1630 1629//1629 
f 1629//1629 1630//1630 1630//1630 
f 1630//1630 1631//1631 1630//1630 
f 1630//1630 1631//1631 1632//1632 
f 1631//1631 1633//1633 1632//1632 
f 1632//1632 1633//1633 1633//1633 
f 1633//1633 1634//1634 1633//1633 
f 1633//1633 1634//1634 1634//1634 
f 1634//1634 1635//1635 1634//1634 
f 1634//1634 1635//1635 1636//1636 
f 1635//1635 1637//1637 1636//1636 
f 1636//1636 1637//1637 1638//1638 
f 1637//1637 1639//1639 1638//1638 
f 1638//1638 1639//1639 1639//1639 
f 1639//1639 1640//1640 1639//1639 
f 1639//1639 1640//1640 1640//1640 
f 1640//1640 1641//1641 1640//1640 
f 1640//1640 1641//1641 1642//1642 
f 1641//1641 1643//1643 1642//1642 
f 1642//1642 1643//1643 1644//1644 
f 1643//1643 1645//1645 1644//1644 
f 1644//1644 1645//1645 1645//1645 
f 1645//1645 1646//1646 1645//1645 
f 1645//1645 1646//1646 1646//1646 
f 1646//1646 1647//1647 1646//1646 
f 1646//1646 1647//1647 1648//1648 
f 1647//1647 1649//1649 1648//1648 
f 1648//1648 1649//1649 1649//1649 
f 1649//1649 1650//1650 1649//1649 
f 1649//1649 1650//1650 1650//1650 
f 1650//1650 1651//1651 1650//1650 
f 1650//1650 1651//1651 1652//1652 
f 1651//1651 1653//1653 1652//1652 
f 1652//1652 1653//1653 1653//1653 
f 1653//1653 1654//1654 1653//1653 
f 1653//1653 1654//1654 1654//1654 
f 1654//1654 1655//1655 1654//1654 
f 1654//1654 1655//1655 1656//1656 
f 1655//1655 1657//1657 1656//1656 
f 1656//1656 1657//1657 1657//1657 
f 1657//1657 1658//1658 1657//1657 
f 1657//1657 1658//1658 1658//1658 
f 1658//1658 1659//1659 1658//1658 
f 1658//1658 1659//1659 1660//1660 
f 1659//1659 1661//1661 1660//1660 
f 1660//1660 1661//1661 1661//1661 
f 1661//1661 1662//1662 1661//1661 
f 1661//1661 1662//1662 1662//1662 
f 1662//1662 1663//1663 1662//1662 
f 1662//1662 1663//1663 1664//1664 
f 1663//1663 1665//1665 1664//1664 
f 1664//1664 1665//1665 1665//1665 
f 1665//1665 1666//1666 1665//1665 
f 1665//1665 1666//1666 1666//1666 
f 1666//1666 1667//1667 1666//1666 
f 1666//1666 1667//1667 1668//1668 
f 1667//1667 1669//1669 1668//1668 
f 1668//1668 1669//1669 1670//1670 
f 1669//1669 1671//1671 1670//1670 
f 1670//1670 1671//1671 1671//1671 
f 1671//1671 1672//1672 1671//1671 
f 1671//1671 1672//1672 1672//1672 
f 1672//1672 1673//1673 1672//1672 
f 1672//1672 1673//1673 1674//1674 
f 1673//1673 1675//1675 1674//1674 
f 1674//1674 1675//1675 1675//1675 
f 1675//1675 1676//1676 1675//1675 
f 1675//1675 1676//1676 1676//1676 
f 1676//1676 1677//1677 1676//1676 
f 1676//1676 1677//1677 1678//1678 
f 1677//1677 1679//1679 1678//1678 
f 1678//1678 1679//1679 1679//1679 
f 1679//1679 1680//1680 1679//1679 
f 1679//1679 1680//1680 1680//1680 
f 1680//1680 1681//1681 1680//1680 
f 1680//1680 1681//1681 1682//1682 
f 1681//1681 1683//1683 1682//1682 
f 1682//1682 1683//1683 1683//1683 
f 1683//1683 1684//1684 1683//1683 
f 1683//1683 1684//1684 1684//1684 
f 1684//1684 1685//1685 1684//1684 
f 1684//1684 1685//1685 1686//1686 
f 1685//1685 1687//1687 1686//1686 
f 1686//1686 1687//1687 1688//1688 
f 1687//1687 1689//1689 1688//1688 
f 1688//1688 1689//1689 1689//1689 
f 1689//1689 1690//1690 1689//1689 
f 1689//1689 1690//1690 1690//1690 
f 1690//1690 1691//1691 1690//1690 
f 1690//1690 1691//1691 1692//1692 
f 1691//1691 1693//1693 1692//1692 
f 1692//1692 1693//1693 1693//1693 
f 1693//1693 1694//1694 1693//1693 
f 1693//1693 1694//1694 1694//1694 
f 1694//1694 1695//1695 1694//1694 
f 1694//1694 1695//1695 1696//1696 
f 1695//1695 1697//1697 1696//1696 
f 1696//1696 1697//1697 1697//1697 
f 1697//1697 1698//1698 1697//1697 
f 1697//1697 1698//1698 1698//1698 
f 1698//1698 1699//1699 1698//1698 
f 1698//1698 1699//1699 1700//1700 
f 1699//1699 1701//1701 1700//1700 
f 1700//1700 1701//1701 1701//1701 
f 1701//1701 1702//1702 1701//1701 
f 1701//1701 1702//1702 1702//1702 
f 1702//1702 1703//1703 1702//1702 
f 1702//1702 1703//1703 1704//1704 
f 1703//1703 1705//1705 1704//1704 
f 1704//1704 1705//1705 1705//1705 
f 1705//1705 1706//1706 1705//1705 
f 1705//1705 1706//1706 1706//1706 
f 1706//1706 1707//1707 1706//1706 
f 1706//1706 1707//1707 1708//1708 
f 1707//1707 1709//1709 1708//1708 
f 1708//1708 1709//1709 1709//1709 
f 1709//1709 1710//1710 1709//1709 
f 1709//1709 1710//1710 1710//1710 
f 1710//1710 1711//1711 1710//1710 
f 1710//1710 1711//1711 1712//1712 
f 1711//1711 1713//1713 1712//1712 
f 1712//1712 1713//1713 1713//1713 
f 1713//1713 1714//1714 1713//1713 
f 1713//1713 1714//1714 1714//1714 
f 1714//1714 1715//1715 1714//1714 
f 1714//1714 1715//1715 1716//1716 
f 1715//1715 1717//1717 1716//1716 
f 1716//1716 1717//1717 1717//1717 
f 1717//1717 1718//1718 1717//1717 
f 1717//1717 1718//1718 1718//1718 
f 1718//1718 1719//1719 1718//1718 
f 1718//1718 1719//1719 1720//1720 
f 1719//1719 1721//1721 1720//1720 
f 1720//1720 1721//1721 1721//1721 
f 1721//1721 1722//1722 1721//1721 
f 1721//1721 1722//1722 1722//1722 
f 1722//1722 1723//1723 1722//1722 
f 1722//1722 1723//1723 1724//1724 
f 1723//1723 1725//1725 1724//1724 
f 1724//1724 1725//1725 1726//1726 
f 1725//1725 1727//1727 1726//1726 
f 1726//1726 1727//1727 1727//1727 
f 1727//1727 1728//1728 1727//1727 
f 1727//1727 1728//1728 1728//1728 
f 1728//1728 1729//1729 1728//1728 
f 1728//1728 1729//1729 1730//1730 
f 1729//1729 1731//1731 1730//1730 
f 1730//1730 1731//1731 1731//1731 
f 1731//1731 1732//1732 1731//1731 
f 1731//1731 1732//1732 1732//1732 
f 1732//1732 1733//1733 1732//1732 
f 1732//1732 1733//1733 1734//1734 
f 1733//1733 1735//1735 1734//1734 
f 1734//1734 1735//1735 1735//1735 
f 1735//1735 1736//1736 1735//1735 
f 1735//1735 1736//1736 1736//1736 
f 1736//1736 1737//1737 1736//1736 
f 1736//1736 1737//1737 1738//1738 
f 1737//1737 1739//1739 1738//1738 
f 1738//1738 1739//1739 1739//1739 
f 1739//1739 1740//1740 1739//1739 
f 1739//1739 1740//1740 1740//1740 
f 1740//1740 1741//1741 1740//1740 
f 1740//1740 1741//1741 1742//1742 
f 1741//1741 1743//1743 1742//1742 
f 1742//1742 1743//1743 1743//1743 
f 1743//1743 1744//1744 1743//1743 
f 1743//1743 1744//1744 1744//1744 
f 1744//1744 1745//1745 1744//1744 
f 1744//1744 1745//1745 1746//1746 
f 1745//1745 1747//1747 1746//1746 
f 1746//1746 1747//1747 1747//1747 
f 1747//1747 1748//1748 1747//1747 
f 1747//1747 1748//1748 1748//1748 
f 1748//1748 1749//1749 1748//1748 
f 1748//1748 1749//1749 1750//1750 
f 1749//1749 1751//1751 1750//1750 
f 1750//1750 1751//1751 1751//1751 
f 1751//1751 1749//1749 1751//1751 
f 1751//1751 1749//1749 1749//1749 
f 1749//1749 1752//1752 1749//1749 
f 1749//1749 1752//1752 1751//1751 
f 1752//1752 1753//1753 1751//1751 
f 1751//1751 1753//1753 1753//1753 
f 1753//1753 1754//1754 1753//1753 
f 1753//1753 1754//1754 1754//1754 
f 1754//1754 1755//1755 1754//1754 
f 1754//1754 1755//1755 1756//1756 
f 1755//1755 1757//1757 1756//1756 
f 1756//1756 1757//1757 1757//1757 
f 1757//1757 1758//1758 1757//1757 
f 1757//1757 1758//1758 1758//1758 
f 1758//1758 1759//1759 1758//1758 
f 1758//1758 1759//1759 1760//1760 
f 1759//1759 1761//1761 1760//1760 
f 1760//1760 1761//1761 1761//1761 
f 1761//1761 1762//1762 1761//1761 
f 1761//1761 1762//1762 1762//1762 
f 1762//1762 1763//1763 1762//1762 
f 1762//1762 1763//1763 1764//1764 
f 1763//1763 1765//1765 1764//1764 
f 1764//1764 1765//1765 1765//1765 
f 1765//1765 1766//1766 1765//1765 
f 1765//1765 1766//1766 1766//1766 
f 1766//1766 1767//1767 1766//1766 
f 1766//1766 1767//1767 1768//1768 
f 1767//1767 1769//1769 1768//1768 
f 1768//1768 1769//1769 1770//1770 
f 1769//1769 1771//1771 1770//1770 
f 1770//1770 1771//1771 1771//1771 
f 1771//1771 1772//1772 1771//1771 
f 1771//1771 1772//1772 1772//1772 
f 1772//1772 1773//1773 1772//1772 
f 1772//1772 1773//1773 1774//1774 
f 1773//1773 1775//1775 1774//1774 
f 1774//1774 1775//1775 1775//1775 
f 1775//1775 1776//1776 1775//1775 
f 1775//1775 1776//1776 1776//1776 
f 1776//1776 1777//1777 1776//1776 
f 1776//1776 1777//1777 1778//1778 
f 1777//1777 1779//1779 1778//1778 
f 1778//1778 1779//1779 1779//1779 
f 1779//1779 1780//1780 1779//1779 
f 1779//1779 1780//1780 1780//1780 
f 1780//1780 1781//1781 1780//1780 
f 1780//1780 1781//1781 1782//1782 
f 1781//1781 1783//1783 1782//1782 
f 1782//1782 1783//1783 1783//1783 
f 1783//1783 1784//1784 1783//1783 
f 1783//1783 1784//1784 1784//1784 
f 1784//1784 1785//1785 1784//1784 
f 1784//1784 1785//1785 1786//1786 
f 1785//1785 1787//1787 1786//1786 
f 1786//1786 1787//1787 1787//1787 
f 1787//1787 1788//1788 1787//1787 
f 1787//1787 1788//1788 1788//1788 
f 1788//1788 1789//1789 1788//1788 
f 1788//1788 1789//1789 1790//1790 
f 1789//1789 1791//1791 1790//1790 
f 1790//1790 1791//1791 1792//1792 
f 1791//1791 1793//1793 1792//1792 
f 1792//1792 1793//1793 1793//1793 
f 1793//1793 1794//1794 1793//1793 
f 1793//1793 1794//1794 1794//1794 
f 1794//1794 1795//1795 1794//1794 
f 1794//1794 1795//1795 1796//1796 
f 1795//1795 1797//1797 1796//1796 
f 1796//1796 1797//1797 1797//1797 
f 1797//1797 1798//1798 1797//1797 
f 1797//1797 1798//1798 1798//1798 
f 1798//1798 1799//1799 1798//1798 
f 1798//1798 1799//1799 1800//1800 
f 1799//1799 1801//1801 1800//1800 
f 1800//1800 1801//1801 1801//1801 
f 1801//1801 1802//1802 1801//1801 
f 1801//1801 1802//1802 1802//1802 
f 1802//1802 1803//1803 1802//1802 
f 1802//1802 1803//1803 1804//1804 
f 1803//1803 1805//1805 1804//1804 
f 1804//1804 1805//1805 1805//1805 
f 1805//1805 1806//1806 1805//1805 
f 1805//1805 1806//1806 1806//1806 
f 1806//1806 1807//1807 1806//1806 
f 1806//1806 1807//1807 1808//1808 
f 1807//1807 1809//1809 1808//1808 
f 1808//1808 1809//1809 1809//1809 
f 1809//1809 1810//1810 1809//1809 
f 1809//1809 1810//1810 1810//1810 
f 1810//1810 1811//1811 1810//1810 
f 1810//1810 1811//1811 1812//1812 
f 1811//1811 1813//1813 1812//1812 
f 1812//1812 1813//1813 1814//1814 
f 1813//1813 1815//1815 1814//1814 
f 1814//1814 1815//1815 1815//1815 
f 1815//1815 1816//1816 1815//1815 
f 1815//1815 1816//1816 1816//1816 
f 1816//1816 1817//1817 1816//1816 
f 1816//1816 1817//1817 1818//1818 
f 1817//1817 1819//1819 1818//1818 
f 1818//1818 1819//1819 1819//1819 
f 1819//1819 1820//1820 1819//1819 
f 1819//1819 1820//1820 1820//1820 
f 1820//1820 1821//1821 1820//1820 
f 1820//1820 1821//1821 1822//1822 
f 1821//1821 1823//1823 1822//1822 
f 1822//1822 1823//1823 1823//1823 
f 1823//1823 1824//1824 1823//1823 
f 1823//1823 1824//1824 1824//1824 
f 1824//1824 1825//1825 1824//1824 
f 1824//1824 1825//1825 1826//1826 
f 1825//1825 1827//1827 1826//1826 
f 1826//1826 1827//1827 1827//1827 
f 1827//1827 1828//1828 1827//1827 
f 1827//1827 1828//1828 1828//1828 
f 1828//1828 1829//1829 1828//1828 
f 1828//1828 1829//1829 1830//1830 
f 1829//1829 1831//1831 1830//1830 
f 1830//1830 1831//1831 1832//1832 
f 1831//1831 1833//1833 1832//1832 
f 1832//1832 1833//1833 1833//1833 
f 1833//1833 1834//1834 1833//1833 
f 1833//1833 1834//1834 1834//1834 
f 1834//1834 1835//1835 1834//1834 
f 1834//1834 1835//1835 1836//1836 
f 1835//1835 1837//1837 1836//1836 
f 1836//1836 1837//1837 1837//1837 
f 1837//1837 1838//1838 1837//1837 
f 1837//1837 1838//1838 1838//1838 
f 1838//1838 1839//1839 1838//1838 
f 1838//1838 1839//1839 1840//1840 
f 1839//1839 1841//1841 1840//1840 
f 1840//1840 1841//1841 1841//1841 
f 1841//1841 1842//1842 1841//1841 
f 1841//1841 1842//1842 1842//1842 
f 1842//1842 1843//1843 1842//1842 
f 1842//1842 1843//1843 1844//1844 
f 1843//1843 1845//1845 1844//1844 
f 1844//1844 1845//1845 1845//1845 
f 1845//1845 1846//1846 1845//1845 
f 1845//1845 1846//1846 1846//1846 
f 1846//1846 1847//1847 1846//1846 
f 1846//1846 1847//1847 1848//1848 
f 1847//1847 1849//1849 1848//1848 
f 1848//1848 1849//1849 1849//1849 
f 1849//1849 1850//1850 1849//1849 
f 1849//1849 1850//1850 1850//1850 
f 1850//1850 1851//1851 1850//1850 
f 1850//1850 1851//1851 1852//1852 
f 1851//1851 1853//1853 1852//1852 
f 1852//1852 1853//1853 1854//1854 
f 1853//1853 1855//1855 1854//1854 
f 1854//1854 1855//1855 1855//1855 
f 1855//1855 1856//1856 1855//1855 
f 1855//1855 1856//1856 1856//1856 
f 1856//1856 1857//1857 1856//1856 
f 1856//1856 1857//1857 1858//1858 
f 1857//1857 1859//1859 1858//1858 
f 1858//1858 1859//1859 1860//1860 
f 1859//1859 1861//1861 1860//1860 
f 1860//1860 1861//1861 1861//1861 
f 1861//1861 1862//1862 1861//1861 
f 1861//1861 1862//1862 1862//1862 
f 1862//1862 1863//1863 1862//1862 
f 1862//1862 1863//1863 1864//1864 
f 1863//1863 1865//1865 1864//1864 
f 1864//1864 1865//1865 1865//1865 
f 1865//1865 1866//1866 1865//1865 
f 1865//1865 1866//1866 1866//1866 
f 1866//1866 1867//1867 1866//1866 
f 1866//1866 1867//1867 1868//1868 
f 1867//1867 1869//1869 1868//1868 
f 1868//1868 1869//1869 1869//1869 
f 1869//1869 1870//1870 1869//1869 
f 1869//1869 1870//1870 1870//1870 
f 1870//1870 1871//1871 1870//1870 
f 1870//1870 1871//1871 1872//1872 
f 1871//1871 1873//1873 1872//1872 
f 1872//1872 1873//1873 1874//1874 
f 1873//1873 1875//1875 1874//1874 
f 1874//1874 1875//1875 1875//1875 
f 1875//1875 1876//1876 1875//1875 
f 1875//1875 1876//1876 1876//1876 
f 1876//1876 1877//1877 1876//1876 
f 1876//1876 1877//1877 1878//1878 
f 1877//1877 1879//1879 1878//1878 
f 1878//1878 1879//1879 1879//1879 
f 1879//1879 1880//1880 1879//1879 
f 1879//1879 1880//1880 1880//1880 
f 1880//1880 1881//1881 1880//1880 
f 1880//1880 1881//1881 1882//1882 
f 1881//1881 1883//1883 1882//1882 
f 1882//1882 1883//1883 1883//1883 
f 1883//1883 1884//1884 1883//1883 
f 1883//1883 1884//1884 1884//1884 
f 1884//1884 1885//1885 1884//1884 
f 1884//1884 1885//1885 1886//1886 
f 1885//1885 1887//1887 1886//1886 
f 1886//1886 1887//1887 1887//1887 
f 1887//1887 1888//1888 1887//1887 
f 1887//1887 1888//1888 1888//1888 
f 1888//1888 1889//1889 1888//1888 
f 1888//1888 1889//1889 1890//1890 
f 1889//1889 1891//1891 1890//1890 
f 1890//1890 1891//1891 1891//1891 
f 1891//1891 1892//1892 1891//1891 
f 1891//1891 1892//1892 1892//1892 
f 1892//1892 1893//1893 1892//1892 
f 1892//1892 1893//1893 1894//1894 
f 1893//1893 1895//1895 1894//1894 
f 1894//1894 1895//1895 1895//1895 
f 1895//1895 1896//1896 1895//1895 
f 1895//1895 1896//1896 1896//1896 
f 1896//1896 1897//1897 1896//1896 
f 1896//1896 1897//1897 1898//1898 
f 1897//1897 1899//1899 1898//1898 
f 1898//1898 1899//1899 1899//1899 
f 1899//1899 1900//1900 1899//1899 
f 1899//1899 1900//1900 1900//1900 
f 1900//1900 1901//1901 1900//1900 
f 1900//1900 1901//1901 1902//1902 
f 1901//1901 1903//1903 1902//1902 
f 1902//1902 1903//1903 1904//1904 
f 1903//1903 1905//1905 1904//1904 
f 1904//1904 1905//1905 1905//1905 
f 1905//1905 1906//1906 1905//1905 
f 1905//1905 1906//1906 1906//1906 
f 1906//1906 1907//1907 1906//1906 
f 1906//1906 1907//1907 1908//1908 
f 1907//1907 1909//1909 1908//1908 
f 1908//1908 1909//1909 1909//1909 
f 1909//1909 1910//1910 1909//1909 
f 1909//1909 1910//1910 1910//1910 
f 1910//1910 1911//1911 1910//1910 
f 1910//1910 1911//1911 1912//1912 
f 1911//1911 1913//1913 1912//1912 
f 1912//1912 1913//1913 1913//1913 
f 1913//1913 1914//1914 1913//1913 
f 1913//1913 1914//1914 1914//1914 
f 1914//1914 1915//1915 1914//1914 
f 1914//1914 1915//1915 1916//1916 
f 1915//1915 1917//1917 1916//1916 
f 1916//1916 1917//1917 1917//1917 
f 1917//1917 1918//1918 1917//1917 
f 1917//1917 1918//1918 1918//1918 
f 1918//1918 1919//1919 1918//1918 
f 1918//1918 1919//1919 1920//1920 
f 1919//1919 1921//1921 1920//1920 
f 1920//1920 1921//1921 1921//1921 
f 1921//1921 1922//1922 1921//1921 
f 1921//1921 1922//1922 1922//1922 
f 1922//1922 1923//1923 1922//1922 
f 1922//1922 1923//1923 1924//1924 
f 1923//1923 1925//1925 1924//1924 
f 1924//1924 1925//1925 1925//1925 
f 1925//1925 1923//1923 1925//1925 
f 1925//1925 1923//1923 1923//1923 
f 1923//1923 1926//1926 1923//1923 
f 1923//1923 1926//1926 1925//1925 
f 1926//1926 1927//1927 1925//1925 
f 1925//1925 1927//1927 1927//1927 
f 1927//1927 1928//1928 1927//1927 
f 1927//1927 1928//1928 1928//1928 
f 1928//1928 1929//1929 1928//1928 
f 1928//1928 1929//1929 1930//1930 
f 1929//1929 1931//1931 1930//1930 
f 1930//1930 1931//1931 1932//1932 
f 1931//1931 1933//1933 1932//1932 
f 1932//1932 1933//1933 1933//1933 
f 1933//1933 1934//1934 1933//1933 
f 1933//1933 1934//1934 1934//1934 
f 1934//1934 1935//1935 1934//1934 
f 1934//1934 1935//1935 1936//1936 
f 1935//1935 1937//1937 1936//1936 
f 1936//1936 1937//1937 1937//1937 
f 1937//1937 1938//1938 1937//1937 
f 1937//1937 1938//1938 1938//1938 
f 1938//1938 1939//1939 1938//1938 
f 1938//1938 1939//1939 1940//1940 
f 1939//1939 1941//1941 1940//1940 
f 1940//1940 1941//1941 1941//1941 
f 1941//1941 1942//1942 1941//1941 
f 1941//1941 1942//1942 1942//1942 
f 1942//1942 1943//1943 1942//1942 
f 1942//1942 1943//1943 1944//1944 
f 1943//1943 1945//1945 1944//1944 
f 1944//1944 1945//1945 1945//1945 
f 1945//1945 1946//1946 1945//1945 
f 1945//1945 1946//1946 1946//1946 
f 1946//1946 1947//1947 1946//1946 
f 1946//1946 1947//1947 1948//1948 
f 1947//1947 1949//1949 1948//1948 
f 1948//1948 1949//1949 1950//1950 
f 1949//1949 1951//1951 1950//1950 
f 1950//1950 1951//1951 1951//1951 
f 1951//1951 1952//1952 1951//1951 
f 1951//1951 1952//1952 1952//1952 
f 1952//1952 1953//1953 1952//1952 
f 1952//1952 1953//1953 1954//1954 
f 1953//1953 1955//1955 1954//1954 
f 1954//1954 1955//1955 1955//1955 
f 1955//1955 1956//1956 1955//1955 
f 1955//1955 1956//1956 1956//1956 
f 1956//1956 1957//1957 1956//1956 
f 1956//1956 1957//1957 1958//1958 
f 1957//1957 1959//1959 1958//1958 
f 1958//1958 1959//1959 1959//1959 
f 1959//1959 1960//1960 1959//1959 
f 1959//1959 1960//1960 1960//1960 
f 1960//1960 1961//1961 1960//1960 
f 1960//1960 1961//1961 1962//1962 
f 1961//1961 1963//1963 1962//1962 
f 1962//1962 1963//1963 1963//1963 
f 1963//1963 1964//1964 1963//1963 
f 1963//1963 1964//1964 1964//1964 
f 1964//1964 1965//1965 1964//1964 
f 1964//1964 1965//1965 1966//1966 
f 1965//1965 1967//1967 1966//1966 
f 1966//1966 1967//1967 1967//1967 
f 1967//1967 1968//1968 1967//1967 
f 1967//1967 1968//1968 1968//1968 
f 1968//1968 1969//1969 1968//1968 
f 1968//1968 1969//1969 1970//1970 
f 1969//1969 1971//1971 1970//1970 
f 1970//1970 1971//1971 1971//1971 
f 1971//1971 1972//1972 1971//1971 
f 1971//1971 1972//1972 1972//1972 
f 1972//1972 1973//1973 1972//1972 
f 1972//1972 1973//1973 1974//1974 
f 1973//1973 1975//1975 1974//1974 
f 1974//1974 1975//1975 1975//1975 
f 1975//1975 1976//1976 1975//1975 
f 1975//1975 1976//1976 1976//1976 
f 1976//1976 1977//1977 1976//1976 
f 1976//1976 1977//1977 1978//1978 
f 1977//1977 1979//1979 1978//1978 
f 1978//1978 1979//1979 1979//1979 
f 1979//1979 1980//1980 1979//1979 
f 1979//1979 1980//1980 1980//1980 
f 1980//1980 1981//1981 1980//1980 
f 1980//1980 1981//1981 1982//1982 
f 1981//1981 1983//1983 1982//1982 
f 1982//1982 1983//1983 1983//1983 
f 1983//1983 1984//1984 1983//1983 
f 1983//1983 1984//1984 1984//1984 
f 1984//1984 1985//1985 1984//1984 
f 1984//1984 1985//1985 1986//1986 
f 1985//1985 1987//1987 1986//1986 
f 1986//1986 1987//1987 1988//1988 
f 1987//1987 1989//1989 1988//1988 
f 1988//1988 1989//1989 1989//1989 
f 1989//1989 1990//1990 1989//1989 
f 1989//1989 1990//1990 1990//1990 
f 1990//1990 1991//1991 1990//1990 
f 1990//1990 1991//1991 1992//1992 
f 1991//1991 1993//1993 1992//1992 
f 1992//1992 1993//1993 1993//1993 
f 1993//1993 1994//1994 1993//1993 
f 1993//1993 1994//1994 1994//1994 
f 1994//1994 1995//1995 1994//1994 
f 1994//1994 1995//1995 1996//1996 
f 1995//1995 1997//1997 1996//1996 
f 1996//1996 1997//1997 1997//1997 
f 1997//1997 1998//1998 1997//1997 
f 1997//1997 1998//1998 1998//1998 
f 1998//1998 1999//1999 1998//1998 
f 1998//1998 1999//1999 2000//2000 
f 1999//1999 2001//2001 2000//2000 
f 2000//2000 2001//2001 2001//2001 
f 2001//2001 2002//2002 2001//2001 
f 2001//2001 2002//2002 2002//2002 
f 2002//2002 2003//2003 2002//2002 
f 2002//2002 2003//2003 2004//2004 
f 2003//2003 2005//2005 2004//2004 
f 2004//2004 2005//2005 2006//2006 
f 2005//2005 2007//2007 2006//2006 
f 2006//2006 2007//2007 2007//2007 
f 2007//2007 2003//2003 2007//2007 
f 2007//2007 2003//2003 2003//2003 
f 2003//2003 2008//2008 2003//2003 
f 2003//2003 2008//2008 2005//2005 
f 2008//2008 2009//2009 2005//2005 
f 2005//2005 2009//2009 2007//2007 
f 2009//2009 2010//2010 2007//2007 
f 2007//2007 2010//2010 2010//2010 
f 2010//2010 2011//2011 2010//2010 
f 2010//2010 2011//2011 2011//2011 
f 2011//2011 2012//2012 2011//2011 
f 2011//2011 2012//2012 2013//2013 
f 2012//2012 2014//2014 2013//2013 
f 2013//2013 2014//2014 2014//2014 
f 2014//2014 2015//2015 2014//2014 
f 2014//2014 2015//2015 2015//2015 
f 2015//2015 2016//2016 2015//2015 
f 2015//2015 2016//2016 2017//2017 
f 2016//2016 2018//2018 2017//2017 
f 2017//2017 2018//2018 2019//2019 
f 2018//2018 2020//2020 2019//2019 
f 2019//2019 2020//2020 2020//2020 
f 2020//2020 2021//2021 2020//2020 
f 2020//2020 2021//2021 2021//2021 
f 2021//2021 2022//2022 2021//2021 
f 2021//2021 2022//2022 2023//2023 
f 2022//2022 2024//2024 2023//2023 
f 2023//2023 2024//2024 2024//2024 
f 2024//2024 2025//2025 2024//2024 
f 2024//2024 2025//2025 2025//2025 
f 2025//2025 2026//2026 2025//2025 
f 2025//2025 2026//2026 2027//2027 
f 2026//2026 2028//2028 2027//2027 
f 2027//2027 2028//2028 2028//2028 
f 2028//2028 2029//2029 2028//2028 
f 2028//2028 2029//2029 2029//2029 
f 2029//2029 2030//2030 2029//2029 
f 2029//2029 2030//2030 2031//2031 
f 2030//2030 2032//2032 2031//2031 
f 2031//2031 2032//2032 2032//2032 
f 2032//2032 2030//2030 2032//2032 
f 2032//2032 2030//2030 2030//2030 
f 2030//2030 2033//2033 2030//2030 
f 2030//2030 2033//2033 2032//2032 
f 2033//2033 2034//2034 2032//2032 
f 2032//2032 2034//2034 2034//2034 
f 2034//2034 2035//2035 2034//2034 
f 2034//2034 2035//2035 2035//2035 
f 2035//2035 2036//2036 2035//2035 
f 2035//2035 2036//2036 2037//2037 
f 2036//2036 2038//2038 2037//2037 
f 2037//2037 2038//2038 2039//2039 
f 2038//2038 2040//2040 2039//2039 
f 2039//2039 2040//2040 2040//2040 
f 2040//2040 2041//2041 2040//2040 
f 2040//2040 2041//2041 2041//2041 
f 2041//2041 2042//2042 2041//2041 
f 2041//2041 2042//2042 2043//2043 
f 2042//2042 2044//2044 2043//2043 
f 2043//2043 2044//2044 2044//2044 
f 2044//2044 2045//2045 2044//2044 
f 2044//2044 2045//2045 2045//2045 
f 2045//2045 2046//2046 2045//2045 
f 2045//2045 2046//2046 2047//2047 
f 2046//2046 2048//2048 2047//2047 
f 2047//2047 2048//2048 2048//2048 
f 2048//2048 2049//2049 2048//2048 
f 2048//2048 2049//2049 2049//2049 
f 2049//2049 2050//2050 2049//2049 
f 2049//2049 2050//2050 2051//2051 
f 2050//2050 2052//2052 2051//2051 
f 2051//2051 2052//2052 2052//2052 
f 2052//2052 2053//2053 2052//2052 
f 2052//2052 2053//2053 2053//2053 
f 2053//2053 2054//2054 2053//2053 
f 2053//2053 2054//2054 2055//2055 
f 2054//2054 2056//2056 2055//2055 
f 2055//2055 2056//2056 2056//2056 
f 2056//2056 2057//2057 2056//2056 
f 2056//2056 2057//2057 2057//2057 
f 2057//2057 2058//2058 2057//2057 
f 2057//2057 2058//2058 2059//2059 
f 2058//2058 2060//2060 2059//2059 
f 2059//2059 2060//2060 2060//2060 
f 2060//2060 2061//2061 2060//2060 
f 2060//2060 2061//2061 2061//2061 
f 2061//2061 2062//2062 2061//2061 
f 2061//2061 2062//2062 2063//2063 
f 2062//2062 2064//2064 2063//2063 
f 2063//2063 2064//2064 2065//2065 
f 2064//2064 2066//2066 2065//2065 
f 2065//2065 2066//2066 2066//2066 
f 2066//2066 2067//2067 2066//2066 
f 2066//2066 2067//2067 2067//2067 
f 2067//2067 2068//2068 2067//2067 
f 2067//2067 2068//2068 2069//2069 
f 2068//2068 2070//2070 2069//2069 
f 2069//2069 2070//2070 2070//2070 
f 2070//2070 2071//2071 2070//2070 
f 2070//2070 2071//2071 2071//2071 
f 2071//2071 2072//2072 2071//2071 
f 2071//2071 2072//2072 2073//2073 
f 2072//2072 2074//2074 2073//2073 
f 2073//2073 2074//2074 2074//2074 
f 2074//2074 2075//2075 2074//2074 
f 2074//2074 2075//2075 2075//2075 
f 2075//2075 2076//2076 2075//2075 
f 2075//2075 2076//2076 2077//2077 
f 2076//2076 2078//2078 2077//2077 
f 2077//2077 2078//2078 2078//2078 
f 2078//2078 2079//2079 2078//2078 
f 2078//2078 2079//2079 2079//2079 
f 2079//2079 2080//2080 2079//2079 
f 2079//2079 2080//2080 2081//2081 
f 2080//2080 2082//2082 2081//2081 
f 2081//2081 2082//2082 2082//2082 
f 2082//2082 2083//2083 2082//2082 
f 2082//2082 2083//2083 2083//2083 
f 2083//2083 2084//2084 2083//2083 
f 2083//2083 2084//2084 2085//2085 
f 2084//2084 2086//2086 2085//2085 
f 2085//2085 2086//2086 2087//2087 
f 2086//2086 2088//2088 2087//2087 
f 2087//2087 2088//2088 2088//2088 
f 2088//2088 2089//2089 2088//2088 
f 2088//2088 2089//2089 2089//2089 
f 2089//2089 2090//2090 2089//2089 
f 2089//2089 2090//2090 2091//2091 
f 2090//2090 2092//2092 2091//2091 
f 2091//2091 2092//2092 2092//2092 
f 2092//2092 2093//2093 2092//2092 
f 2092//2092 2093//2093 2093//2093 
f 2093//2093 2094//2094 2093//2093 
f 2093//2093 2094//2094 2095//2095 
f 2094//2094 2096//2096 2095//2095 
f 2095//2095 2096//2096 2096//2096 
f 2096//2096 2097//2097 2096//2096 
f 2096//2096 2097//2097 2097//2097 
f 2097//2097 2098//2098 2097//2097 
f 2097//2097 2098//2098 2099//2099 
f 2098//2098 2100//2100 2099//2099 
f 2099//2099 2100//2100 2100//2100 
f 2100//2100 2101//2101 2100//2100 
f 2100//2100 2101//2101 2101//2101 
f 2101//2101 2102//2102 2101//2101 
f 2101//2101 2102//2102 2103//2103 
f 2102//2102 2104//2104 2103//2103 
f 2103//2103 2104//2104 2105//2105 
f 2104//2104 2106//2106 2105//2105 
f 2105//2105 2106//2106 2106//2106 
f 2106//2106 2107//2107 2106//2106 
f 2106//2106 2107//2107 2107//2107 
f 2107//2107 2108//2108 2107//2107 
f 2107//2107 2108//2108 2109//2109 
f 2108//2108 2110//2110 2109//2109 
f 2109//2109 2110//2110 2110//2110 
f 2110//2110 2111//2111 2110//2110 
f 2110//2110 2111//2111 2111//2111 
f 2111//2111 2112//2112 2111//2111 
f 2111//2111 2112//2112 2113//2113 
f 2112//2112 2114//2114 2113//2113 
f 2113//2113 2114//2114 2114//2114 
f 2114//2114 2115//2115 2114//2114 
f 2114//2114 2115//2115 2115//2115 
f 2115//2115 2116//2116 2115//2115 
f 2115//2115 2116//2116 2117//2117 
f 2116//2116 2118//2118 2117//2117 
f 2117//2117 2118//2118 2118//2118 
f 2118//2118 2119//2119 2118//2118 
f 2118//2118 2119//2119 2119//2119 
f 2119//2119 2120//2120 2119//2119 
f 2119//2119 2120//2120 2121//2121 
f 2120//2120 2122//2122 2121//2121 
f 2121//2121 2122//2122 2123//2123 
f 2122//2122 2124//2124 2123//2123 
f 2123//2123 2124//2124 2124//2124 
f 2124//2124 2125//2125 2124//2124 
f 2124//2124 2125//2125 2125//2125 
f 2125//2125 2126//2126 2125//2125 
f 2125//2125 2126//2126 2127//2127 
f 2126//2126 2128//2128 2127//2127 
f 2127//2127 2128//2128 2128//2128 
f 2128//2128 2129//2129 2128//2128 
f 2128//2128 2129//2129 2129//2129 
f 2129//2129 2130//2130 2129//2129 
f 2129//2129 2130//2130 2131//2131 
f 2130//2130 2132//2132 2131//2131 
f 2131//2131 2132//2132 2132//2132 
f 2132//2132 2133//2133 2132//2132 
f 2132//2132 2133//2133 2133//2133 
f 2133//2133 2134//2134 2133//2133 
f 2133//2133 2134//2134 2135//2135 
f 2134//2134 2136//2136 2135//2135 
f 2135//2135 2136//2136 2136//2136 
f 2136//2136 2137//2137 2136//2136 
f 2136//2136 2137//2137 2137//2137 
f 2137//2137 2138//2138 2137//2137 
f 2137//2137 2138//2138 2139//2139 
f 2138//2138 2140//2140 2139//2139 
f 2139//2139 2140//2140 2141//2141 
f 2140//2140 2142//2142 2141//2141 
f 2141//2141 2142//2142 2142//2142 
f 2142//2142 2143//2143 2142//2142 
f 2142//2142 2143//2143 2143//2143 
f 2143//2143 2144//2144 2143//2143 
f 2143//2143 2144//2144 2145//2145 
f 2144//2144 2146//2146 2145//2145 
f 2145//2145 2146//2146 2146//2146 
f 2146//2146 2147//2147 2146//2146 
f 2146//2146 2147//2147 2147//2147 
f 2147//2147 2148//2148 2147//2147 
f 2147//2147 2148//2148 2149//2149 
f 2148//2148 2150//2150 2149//2149 
f 2149//2149 2150//2150 2150//2150 
f 2150//2150 2151//2151 2150//2150 
f 2150//2150 2151//2151 2151//2151 
f 2151//2151 2152//2152 2151//2151 
f 2151//2151 2152//2152 2153//2153 
f 2152//2152 2154//2154 2153//2153 
f 2153//2153 2154//2154 2154//2154 
f 2154//2154 2155//2155 2154//2154 
f 2154//2154 2155//2155 2155//2155 
f 2155//2155 2156//2156 2155//2155 
f 2155//2155 2156//2156 2157//2157 
f 2156//2156 2158//2158 2157//2157 
f 2157//2157 2158//2158 2159//2159 
f 2158//2158 2160//2160 2159//2159 
f 2159//2159 2160//2160 2160//2160 
f 2160//2160 2161//2161 2160//2160 
f 2160//2160 2161//2161 2161//2161 
f 2161//2161 2162//2162 2161//2161 
f 2161//2161 2162//2162 2163//2163 
f 2162//2162 2164//2164 2163//2163 
f 2163//2163 2164//2164 2164//2164 
f 2164//2164 2165//2165 2164//2164 
f 2164//2164 2165//2165 2165//2165 
f 2165//2165 2166//2166 2165//2165 
f 2165//2165 2166//2166 2167//2167 
f 2166//2166 2168//2168 2167//2167 
f 2167//2167 2168//2168 2168//2168 
f 2168//2168 2169//2169 2168//2168 
f 2168//2168 2169//2169 2169//2169 
f 2169//2169 2170//2170 2169//2169 
f 2169//2169 2170//2170 2171//2171 
f 2170//2170 2172//2172 2171//2171 
f 2171//2171 2172//2172 2172//2172 
f 2172//2172 2173//2173 2172//2172 
f 2172//2172 2173//2173 2173//2173 
f 2173//2173 2174//2174 2173//2173 
f 2173//2173 2174//2174 2175//2175 
f 2174//2174 2176//2176 2175//2175 
f 2175//2175 2176//2176 2177//2177 
f 2176//2176 2178//2178 2177//2177 
f 2177//2177 2178//2178 2178//2178 
f 2178//2178 2179//2179 2178//2178 
f 2178//2178 2179//2179 2179//2179 
f 2179//2179 2180//2180 2179//2179 
f 2179//2179 2180//2180 2181//2181 
f 2180//2180 2182//2182 2181//2181 
f 2181//2181 2182//2182 2182//2182 
f 2182//2182 2183//2183 2182//2182 
f 2182//2182 2183//2183 2183//2183 
f 2183//2183 2184//2184 2183//2183 
f 2183//2183 2184//2184 2185//2185 
f 2184//2184 2186//2186 2185//2185 
f 2185//2185 2186//2186 2186//2186 
f 2186//2186 2187//2187 2186//2186 
f 2186//2186 2187//2187 2187//2187 
f 2187//2187 2188//2188 2187//2187 
f 2187//2187 2188//2188 2189//2189 
f 2188//2188 2190//2190 2189//2189 
f 2189//2189 2190//2190 2190//2190 
f 2190//2190 2191//2191 2190//2190 
f 2190//2190 2191//2191 2191//2191 
f 2191//2191 2192//2192 2191//2191 
f 2191//2191 2192//2192 2193//2193 
f 2192//2192 2194//2194 2193//2193 
f 2193//2193 2194//2194 2195//2195 
f 2194//2194 2196//2196 2195//2195 
f 2195//2195 2196//2196 2196//2196 
f 2196//2196 2197//2197 2196//2196 
f 2196//2196 2197//2197 2197//2197 
f 2197//2197 2198//2198 2197//2197 
f 2197//2197 2198//2198 2199//2199 
f 2198//2198 2200//2200 2199//2199 
f 2199//2199 2200//2200 2200//2200 
f 2200//2200 2201//2201 2200//2200 
f 2200//2200 2201//2201 2201//2201 
f 2201//2201 2202//2202 2201//2201 
f 2201//2201 2202//2202 2203//2203 
f 2202//2202 2204//2204 2203//2203 
f 2203//2203 2204//2204 2204//2204 
f 2204//2204 2205//2205 2204//2204 
f 2204//2204 2205//2205 2205//2205 
f 2205//2205 2206//2206 2205//2205 
f 2205//2205 2206//2206 2207//2207 
f 2206//2206 2208//2208 2207//2207 
f 2207//2207 2208//2208 2208//2208 
f 2208//2208 2209//2209 2208//2208 
f 2208//2208 2209//2209 2209//2209 
f 2209//2209 2210//2210 2209//2209 
f 2209//2209 2210//2210 2211//2211 
f 2210//2210 2212//2212 2211//2211 
f 2211//2211 2212//2212 2213//2213 
f 2212//2212 2214//2214 2213//2213 
f 2213//2213 2214//2214 2214//2214 
f 2214//2214 2215//2215 2214//2214 
f 2214//2214 2215//2215 2215//2215 
f 2215//2215 2216//2216 2215//2215 
f 2215//2215 2216//2216 2217//2217 
f 2216//2216 2218//2218 2217//2217 
f 2217//2217 2218//2218 2218//2218 
f 2218//2218 2219//2219 2218//2218 
f 2218//2218 2219//2219 2219//2219 
f 2219//2219 2220//2220 2219//2219 
f 2219//2219 2220//2220 2221//2221 
f 2220//2220 2222//2222 2221//2221 
f 2221//2221 2222//2222 2222//2222 
f 2222//2222 2223//2223 2222//2222 
f 2222//2222 2223//2223 2223//2223 
f 2223//2223 2224//2224 2223//2223 
f 2223//2223 2224//2224 2225//2225 
f 2224//2224 2226//2226 2225//2225 
f 2225//2225 2226//2226 2226//2226 
f 2226//2226 2227//2227 2226//2226 
f 2226//2226 2227//2227 2227//2227 
f 2227//2227 2228//2228 2227//2227 
f 2227//2227 2228//2228 2229//2229 
f 2228//2228 2230//2230 2229//2229 
f 2229//2229 2230//2230 2231//2231 
f 2230//2230 2232//2232 2231//2231 
f 2231//2231 2232//2232 2232//2232 
f 2232//2232 2233//2233 2232//2232 
f 2232//2232 2233//2233 2233//2233 
f 2233//2233 2234//2234 2233//2233 
f 2233//2233 2234//2234 2235//2235 
f 2234//2234 2236//2236 2235//2235 
f 2235//2235 2236//2236 2236//2236 
f 2236//2236 2237//2237 2236//2236 
f 2236//2236 2237//2237 2237//2237 
f 2237//2237 2238//2238 2237//2237 
f 2237//2237 2238//2238 2239//2239 
f 2238//2238 2240//2240 2239//2239 
f 2239//2239 2240//2240 2240//2240 
f 2240//2240 2241//2241 2240//2240 
f 2240//2240 2241//2241 2241//2241 
f 2241//2241 2242//2242 2241//2241 
f 2241//2241 2242//2242 2243//2243 
f 2242//2242 2244//2244 2243//2243 
f 2243//2243 2244//2244 2244//2244 
f 2244//2244 2245//2245 2244//2244 
f 2244//2244 2245//2245 2245//2245 
f 2245//2245 2246//2246 2245//2245 
f 2245//2245 2246//2246 2247//2247 
f 2246//2246 2248//2248 2247//2247 
f 2247//2247 2248//2248 2248//2248 
f 2248//2248 2249//2249 2248//2248 
f 2248//2248 2249//2249 2249//2249 
f 2249//2249 2250//2250 2249//2249 
f 2249//2249 2250//2250 2251//2251 
f 2250//2250 2252//2252 2251//2251 
f 2251//2251 2252//2252 2252//2252 
f 2252//2252 2253//2253 2252//2252 
f 2252//2252 2253//2253 2253//2253 
f 2253//2253 2254//2254 2253//2253 
f 2253//2253 2254//2254 2255//2255 
f 2254//2254 2256//2256 2255//2255 
f 2255//2255 2256//2256 2256//2256 
f 2256//2256 2257//2257 2256//2256 
f 2256//2256 2257//2257 2257//2257 
f 2257//2257 2258//2258 2257//2257 
f 2257//2257 2258//2258 2259//2259 
f 2258//2258 2260//2260 2259//2259 
f 2259//2259 2260//2260 2260//2260 
f 2260//2260 2261//2261 2260//2260 
f 2260//2260 2261//2261 2261//2261 
f 2261//2261 2262//2262 2261//2261 
f 2261//2261 2262//2262 2263//2263 
f 2262//2262 2264//2264 2263//2263 
f 2263//2263 2264//2264 2264//2264 
f 2264//2264 2265//2265 2264//2264 
f 2264//2264 2265//2265 2265//2265 
f 2265//2265 2266//2266 2265//2265 
f 2265//2265 2266//2266 2267//2267 
f 2266//2266 2268//2268 2267//2267 
f 2267//2267 2268//2268 2268//2268 
f 2268//2268 2269//2269 2268//2268 
f 2268//2268 2269//2269 2269//2269 
f 2269//2269 2270//2270 2269//2269 
f 2269//2269 2270//2270 2271//2271 
f 2270//2270 2272//2272 2271//2271 
f 2271//2271 2272//2272 2272//2272 
f 2272//2272 2273//2273 2272//2272 
f 2272//2272 2273//2273 2273//2273 
f 2273//2273 2274//2274 2273//2273 
f 2273//2273 2274//2274 2275//2275 
f 2274//2274 2276//2276 2275//2275 
f 2275//2275 2276//2276 2276//2276 
f 2276//2276 2277//2277 2276//2276 
f 2276//2276 2277//2277 2277//2277 
f 2277//2277 2278//2278 2277//2277 
f 2277//2277 2278//2278 2279//2279 
f 2278//2278 2280//2280 2279//2279 
f 2279//2279 2280//2280 2280//2280 
f 2280//2280 2281//2281 2280//2280 
f 2280//2280 2281//2281 2281//2281 
f 2281//2281 2282//2282 2281//2281 
f 2281//2281 2282//2282 2283//2283 
f 2282//2282 2284//2284 2283//2283 
f 2283//2283 2284//2284 2285//2285 
f 2284//2284 2286//2286 2285//2285 
f 2285//2285 2286//2286 2286//2286 
f 2286//2286 2287//2287 2286//2286 
f 2286//2286 2287//2287 2287//2287 
f 2287//2287 2288//2288 2287//2287 
f 2287//2287 2288//2288 2289//2289 
f 2288//2288 2290//2290 2289//2289 
f 2289//2289 2290//2290 2290//2290 
f 2290//2290 2291//2291 2290//2290 
f 2290//2290 2291//2291 2291//2291 
f 2291//2291 2292//2292 2291//2291 
f 2291//2291 2292//2292 2293//2293 
f 2292//2292 2294//2294 2293//2293 
f 2293//2293 2294//2294 2294//2294 
f 2294//2294 2295//2295 2294//2294 
f 2294//2294 2295//2295 2295//2295 
f 2295//2295 2296//2296 2295//2295 
f 2295//2295 2296//2296 2297//2297 
f 2296//2296 2298//2298 2297//2297 
f 2297//2297 2298//2298 2298//2298 
f 2298//2298 2299//2299 2298//2298 
f 2298//2298 2299//2299 2299//2299 
f 2299//2299 2300//2300 2299//2299 
f 2299//2299 2300//2300 2301//2301 
f 2300//2300 2302//2302 2301//2301 
f 2301//2301 2302//2302 2303//2303 
f 2302//2302 2304//2304 2303//2303 
f 2303//2303 2304//2304 2304//2304 
f 2304//2304 2305//2305 2304//2304 
f 2304//2304 2305//2305 2305//2305 
f 2305//2305 2306//2306 2305//2305 
f 2305//2305 2306//2306 2307//2307 
f 2306//2306 2308//2308 2307//2307 
f 2307//2307 2308//2308 2308//2308 
f 2308//2308 2309//2309 2308//2308 
f 2308//2308 2309//2309 2309//2309 
f 2309//2309 2310//2310 2309//2309 
f 2309//2309 2310//2310 2311//2311 
f 2310//2310 2312//2312 2311//2311 
f 2311//2311 2312//2312 2312//2312 
f 2312//2312 2313//2313 2312//2312 
f 2312//2312 2313//2313 2313//2313 
f 2313//2313 2314//2314 2313//2313 
f 2313//2313 2314//2314 2315//2315 
f 2314//2314 2316//2316 2315//2315 
f 2315//2315 2316//2316 2316//2316 
f 2316//2316 2317//2317 2316//2316 
f 2316//2316 2317//2317 2317//2317 
f 2317//2317 2318//2318 2317//2317 
f 2317//2317 2318//2318 2319//2319 
f 2318//2318 2320//2320 2319//2319 
f 2319//2319 2320//2320 2321//2321 
f 2320//2320 2322//2322 2321//2321 
f 2321//2321 2322//2322 2322//2322 
f 2322//2322 2323//2323 2322//2322 
f 2322//2322 2323//2323 2323//2323 
f 2323//2323 2324//2324 2323//2323 
f 2323//2323 2324//2324 2325//2325 
f 2324//2324 2326//2326 2325//2325 
f 2325//2325 2326//2326 2326//2326 
f 2326//2326 2327//2327 2326//2326 
f 2326//2326 2327//2327 2327//2327 
f 2327//2327 2328//2328 2327//2327 
f 2327//2327 2328//2328 2329//2329 
f 2328//2328 2330//2330 2329//2329 
f 2329//2329 2330//2330 2330//2330 
f 2330//2330 2331//2331 2330//2330 
f 2330//2330 2331//2331 2331//2331 
f 2331//2331 2332//2332 2331//2331 
f 2331//2331 2332//2332 2333//2333 
f 2332//2332 2334//2334 2333//2333 
f 2333//2333 2334//2334 2334//2334 
f 2334//2334 2335//2335 2334//2334 
f 2334//2334 2335//2335 2335//2335 
f 2335//2335 2336//2336 2335//2335 
f 2335//2335 2336//2336 2337//2337 
f 2336//2336 2338//2338 2337//2337 
f 2337//2337 2338//2338 2339//2339 
f 2338//2338 2340//2340 2339//2339 
f 2339//2339 2340//2340 2340//2340 
f 2340//2340 2341//2341 2340//2340 
f 2340//2340 2341//2341 2341//2341 
f 2341//2341 2342//2342 2341//2341 
f 2341//2341 2342//2342 2343//2343 
f 2342//2342 2344//2344 2343//2343 
f 2343//2343 2344//2344 2344//2344 
f 2344//2344 2345//2345 2344//2344 
f 2344//2344 2345//2345 2345//2345 
f 2345//2345 2346//2346 2345//2345 
f 2345//2345 2346//2346 2347//2347 
f 2346//2346 2348//2348 2347//2347 
f 2347//2347 2348//2348 2348//2348 
f 2348//2348 2349//2349 2348//2348 
f 2348//2348 2349//2349 2349//2349 
f 2349//2349 2350//2350 2349//2349 
f 2349//2349 2350//2350 2351//2351 
f 2350//2350 2352//2352 2351//2351 
f 2351//2351 2352//2352 2352//2352 
f 2352//2352 2353//2353 2352//2352 
f 2352//2352 2353//2353 2353//2353 
f 2353//2353 2354//2354 2353//2353 
f 2353//2353 2354//2354 2355//2355 
f 2354//2354 2356//2356 2355//2355 
f 2355//2355 2356//2356 2357//2357 
f 2356//2356 2358//2358 2357//2357 
f 2357//2357 2358//2358 2358//2358 
f 2358//2358 2359//2359 2358//2358 
f 2358//2358 2359//2359 2359//2359 
f 2359//2359 2360//2360 2359//2359 
f 2359//2359 2360//2360 2361//2361 
f 2360//2360 2362//2362 2361//2361 
f 2361//2361 2362//2362 2362//2362 
f 2362//2362 2363//2363 2362//2362 
f 2362//2362 2363//2363 2363//2363 
f 2363//2363 2364//2364 2363//2363 
f 2363//2363 2364//2364 2365//2365 
f 2364//2364 2366//2366 2365//2365 
f 2365//2365 2366//2366 2366//2366 
f 2366//2366 2367//2367 2366//2366 
f 2366//2366 2367//2367 2367//2367 
f 2367//2367 2368//2368 2367//2367 
f 2367//2367 2368//2368 2369//2369 
f 2368//2368 2370//2370 2369//2369 
f 2369//2369 2370//2370 2370//2370 
f 2370//2370 2371//2371 2370//2370 
f 2370//2370 2371//2371 2371//2371 
f 2371//2371 2372//2372 2371//2371 
f 2371//2371 2372//2372 2373//2373 
f 2372//2372 2374//2374 2373//2373 
f 2373//2373 2374//2374 2375//2375 
f 2374//2374 2376//2376 2375//2375 
f 2375//2375 2376//2376 2376//2376 
f 2376//2376 2377//2377 2376//2376 
f 2376//2376 2377//2377 2377//2377 
f 2377//2377 2378//2378 2377//2377 
f 2377//2377 2378//2378 2379//2379 
f 2378//2378 2380//2380 2379//2379 
f 2379//2379 2380//2380 2380//2380 
f 2380//2380 2381//2381 2380//2380 
f 2380//2380 2381//2381 2381//2381 
f 2381//2381 2382//2382 2381//2381 
f 2381//2381 2382//2382 2383//2383 
f 2382//2382 2384//2384 2383//2383 
f 2383//2383 2384//2384 2384//2384 
f 2384//2384 2385//2385 2384//2384 
f 2384//2384 2385//2385 2385//2385 
f 2385//2385 2386//2386 2385//2385 
f 2385//2385 2386//2386 2387//2387 
f 2386//2386 2388//2388 2387//2387 
f 2387//2387 2388//2388 2388//2388 
f 2388//2388 2389//2389 2388//2388 
f 2388//2388 2389//2389 2389//2389 
f 2389//2389 2390//2390 2389//2389 
f 2389//2389 2390//2390 2391//2391 
f 2390//2390 2392//2392 2391//2391 
f 2391//2391 2392//2392 2393//2393 
f 2392//2392 2394//2394 2393//2393 
f 2393//2393 2394//2394 2394//2394 
f 2394//2394 2395//2395 2394//2394 
f 2394//2394 2395//2395 2395//2395 
f 2395//2395 2396//2396 2395//2395 
f 2395//2395 2396//2396 2397//2397 
f 2396//2396 2398//2398 2397//2397 
f 2397//2397 2398//2398 2398//2398 
f 2398//2398 2399//2399 2398//2398 
f 2398//2398 2399//2399 2399//2399 
f 2399//2399 2400//2400 2399//2399 
f 2399//2399 2400//2400 2401//2401 
f 2400//2400 2402//2402 2401//2401 
f 2401//2401 2402//2402 2402//2402 
f 2402//2402 2403//2403 2402//2402 
f 2402//2402 2403//2403 2403//2403 
f 2403//2403 2404//2404 2403//2403 
f 2403//2403 2404//2404 2405//2405 
f 2404//2404 2406//2406 2405//2405 
f 2405//2405 2406//2406 2406//2406 
f 2406//2406 2407//2407 2406//2406 
f 2406//2406 2407//2407 2407//2407 
f 2407//2407 2408//2408 2407//2407 
f 2407//2407 2408//2408 2409//2409 
f 2408//2408 2410//2410 2409//2409 
f 2409//2409 2410//2410 2410//2410 
f 2410//2410 2411//2411 2410//2410 
f 2410//2410 2411//2411 2411//2411 
f 2411//2411 2412//2412 2411//2411 
f 2411//2411 2412//2412 2413//2413 
f 2412//2412 2414//2414 2413//2413 
f 2413//2413 2414//2414 2414//2414 
f 2414//2414 2415//2415 2414//2414 
f 2414//2414 2415//2415 2415//2415 
f 2415//2415 2416//2416 2415//2415 
f 2415//2415 2416//2416 2417//2417 
f 2416//2416 2418//2418 2417//2417 
f 2417//2417 2418//2418 2418//2418 
f 2418//2418 2419//2419 2418//2418 
f 2418//2418 2419//2419 2419//2419 
f 2419//2419 2420//2420 2419//2419 
f 2419//2419 2420//2420 2421//2421 
f 2420//2420 2422//2422 2421//2421 
f 2421//2421 2422//2422 2422//2422 
f 2422//2422 2420//2420 2422//2422 
f 2422//2422 2420//2420 2420//2420 
f 2420//2420 2423//2423 2420//2420 
f 2420//2420 2423//2423 2422//2422 
f 2423//2423 2424//2424 2422//2422 
f 2422//2422 2424//2424 2424//2424 
f 2424//2424 2425//2425 2424//2424 
f 2424//2424 2425//2425 2425//2425 
f 2425//2425 2426//2426 2425//2425 
f 2425//2425 2426//2426 2427//2427 
f 2426//2426 2428//2428 2427//2427 
f 2427//2427 2428//2428 2428//2428 
f 2428//2428 2429//2429 2428//2428 
f 2428//2428 2429//2429 2429//2429 
f 2429//2429 2430//2430 2429//2429 
f 2429//2429 2430//2430 2431//2431 
f 2430//2430 2432//2432 2431//2431 
f 2431//2431 2432//2432 2432//2432 
f 2432//2432 2433//2433 2432//2432 
f 2432//2432 2433//2433 2433//2433 
f 2433//2433 2434//2434 2433//2433 
f 2433//2433 2434//2434 2435//2435 
f 2434//2434 2436//2436 2435//2435 
f 2435//2435 2436//2436 2436//2436 
f 2436//2436 2437//2437 2436//2436 
f 2436//2436 2437//2437 2437//2437 
f 2437//2437 2438//2438 2437//2437 
f 2437//2437 2438//2438 2439//2439 
f 2438//2438 2440//2440 2439//2439 
f 2439//2439 2440//2440 2440//2440 
f 2440//2440 2441//2441 2440//2440 
f 2440//2440 2441//2441 2441//2441 
f 2441//2441 2442//2442 2441//2441 
f 2441//2441 2442//2442 2443//2443 
f 2442//2442 2444//2444 2443//2443 
f 2443//2443 2444//2444 2444//2444 
f 2444//2444 2445//2445 2444//2444 
f 2444//2444 2445//2445 2445//2445 
f 2445//2445 2446//2446 2445//2445 
f 2445//2445 2446//2446 2447//2447 
f 2446//2446 2448//2448 2447//2447 
f 2447//2447 2448//2448 2448//2448 
f 2448//2448 2449//2449 2448//2448 
f 2448//2448 2449//2449 2449//2449 
f 2449//2449 2450//2450 2449//2449 
f 2449//2449 2450//2450 2451//2451 
f 2450//2450 2452//2452 2451//2451 
f 2451//2451 2452//2452 2452//2452 
f 2452//2452 2453//2453 2452//2452 
f 2452//2452 2453//2453 2453//2453 
f 2453//2453 2454//2454 2453//2453 
f 2453//2453 2454//2454 2455//2455 
f 2454//2454 2456//2456 2455//2455 
f 2455//2455 2456//2456 2457//2457 
f 2456//2456 2458//2458 2457//2457 
f 2457//2457 2458//2458 2458//2458 
f 2458//2458 2459//2459 2458//2458 
f 2458//2458 2459//2459 2459//2459 
f 2459//2459 2460//2460 2459//2459 
f 2459//2459 2460//2460 2461//2461 
f 2460//2460 2462//2462 2461//2461 
f 2461//2461 2462//2462 2462//2462 
f 2462//2462 2463//2463 2462//2462 
f 2462//2462 2463//2463 2463//2463 
f 2463//2463 2464//2464 2463//2463 
f 2463//2463 2464//2464 2465//2465 
f 2464//2464 2466//2466 2465//2465 
f 2465//2465 2466//2466 2466//2466 
f 2466//2466 2467//2467 2466//2466 
f 2466//2466 2467//2467 2467//2467 
f 2467//2467 2468//2468 2467//2467 
f 2467//2467 2468//2468 2469//2469 
f 2468//2468 2470//2470 2469//2469 
f 2469//2469 2470//2470 2471//2471 
f 2470//2470 2472//2472 2471//2471 
f 2471//2471 2472//2472 2472//2472 
f 2472//2472 2473//2473 2472//2472 
f 2472//2472 2473//2473 2473//2473 
f 2473//2473 2474//2474 2473//2473 
f 2473//2473 2474//2474 2475//2475 
f 2474//2474 2476//2476 2475//2475 
f 2475//2475 2476//2476 2476//2476 
f 2476//2476 2477//2477 2476//2476 
f 2476//2476 2477//2477 2477//2477 
f 2477//2477 2478//2478 2477//2477 
f 2477//2477 2478//2478 2479//2479 
f 2478//2478 2480//2480 2479//2479 
f 2479//2479 2480//2480 2480//2480 
f 2480//2480 2481//2481 2480//2480 
f 2480//2480 2481//2481 2481//2481 
f 2481//2481 2482//2482 2481//2481 
f 2481//2481 2482//2482 2483//2483 
f 2482//2482 2484//2484 2483//2483 
f 2483//2483 2484//2484 2484//2484 
f 2484//2484 2485//2485 2484//2484 
f 2484//2484 2485//2485 2485//2485 
f 2485//2485 2486//2486 2485//2485 
f 2485//2485 2486//2486 2487//2487 
f 2486//2486 2488//2488 2487//2487 
f 2487//2487 2488//2488 2488//2488 
f 2488//2488 2489//2489 2488//2488 
f 2488//2488 2489//2489 2489//2489 
f 2489//2489 2490//2490 2489//2489 
f 2489//2489 2490//2490 2491//2491 
f 2490//2490 2492//2492 2491//2491 
f 2491//2491 2492//2492 2492//2492 
f 2492//2492 2493//2493 2492//2492 
f 2492//2492 2493//2493 2493//2493 
f 2493//2493 2494//2494 2493//2493 
f 2493//2493 2494//2494 2495//2495 
f 2494//2494 2496//2496 2495//2495 
f 2495//2495 2496//2496 2496//2496 
f 2496//2496 2497//2497 2496//2496 
f 2496//2496 2497//2497 2497//2497 
f 2497//2497 2498//2498 2497//2497 
f 2497//2497 2498//2498 2499//2499 
f 2498//2498 2500//2500 2499//2499 
f 2499//2499 2500//2500 2500//2500 
f 2500//2500 2501//2501 2500//2500 
f 2500//2500 2501//2501 2501//2501 
f 2501//2501 2502//2502 2501//2501 
f 2501//2501 2502//2502 2503//2503 
f 2502//2502 2504//2504 2503//2503 
f 2503//2503 2504//2504 2504//2504 
f 2504//2504 2505//2505 2504//2504 
f 2504//2504 2505//2505 2505//2505 
f 2505//2505 2506//2506 2505//2505 
f 2505//2505 2506//2506 2507//2507 
f 2506//2506 2508//2508 2507//2507 
f 2507//2507 2508//2508 2508//2508 
f 2508//2508 2509//2509 2508//2508 
f 2508//2508 2509//2509 2509//2509 
f 2509//2509 2510//2510 2509//2509 
f 2509//2509 2510//2510 2511//2511 
f 2510//2510 2512//2512 2511//2511 
f 2511//2511 2512//2512 2513//2513 
f 2512//2512 2514//2514 2513//2513 
f 2513//2513 2514//2514 2514//2514 
f 2514//2514 2515//2515 2514//2514 
f 2514//2514 2515//2515 2515//2515 
f 2515//2515 2516//2516 2515//2515 
f 2515//2515 2516//2516 2517//2517 
f 2516//2516 2518//2518 2517//2517 
f 2517//2517 2518//2518 2518//2518 
f 2518//2518 2519//2519 2518//2518 
f 2518//2518 2519//2519 2519//2519 
f 2519//2519 2520//2520 2519//2519 
f 2519//2519 2520//2520 2521//2521 
f 2520//2520 2522//2522 2521//2521 
f 2521//2521 2522//2522 2522//2522 
f 2522//2522 2523//2523 2522//2522 
f 2522//2522 2523//2523 2523//2523 
f 2523//2523 2524//2524 2523//2523 
f 2523//2523 2524//2524 2525//2525 
f 2524//2524 2526//2526 2525//2525 
f 2525//2525 2526//2526 2526//2526 
f 2526//2526 2527//2527 2526//2526 
f 2526//2526 2527//2527 2527//2527 
f 2527//2527 2528//2528 2527//2527 
f 2527//2527 2528//2528 2529//2529 
f 2528//2528 2530//2530 2529//2529 
f 2529//2529 2530//2530 2530//2530 
f 2530//2530 2531//2531 2530//2530 
f 2530//2530 2531//2531 2531//2531 
f 2531//2531 2532//2532 2531//2531 
f 2531//2531 2532//2532 2533//2533 
f 2532//2532 2534//2534 2533//2533 
f 2533//2533 2534//2534 2535//2535 
f 2534//2534 2536//2536 2535//2535 
f 2535//2535 2536//2536 2536//2536 
f 2536//2536 2537//2537 2536//2536 
f 2536//2536 2537//2537 2537//2537 
f 2537//2537 2538//2538 2537//2537 
f 2537//2537 2538//2538 2539//2539 
f 2538//2538 2540//2540 2539//2539 
f 2539//2539 2540//2540 2540//2540 
f 2540//2540 2541//2541 2540//2540 
f 2540//2540 2541//2541 2541//2541 
f 2541//2541 2542//2542 2541//2541 
f 2541//2541 2542//2542 2543//2543 
f 2542//2542 2544//2544 2543//2543 
f 2543//2543 2544//2544 2544//2544 
f 2544//2544 2545//2545 2544//2544 
f 2544//2544 2545//2545 2545//2545 
f 2545//2545 2546//2546 2545//2545 
f 2545//2545 2546//2546 2547//2547 
f 2546//2546 2548//2548 2547//2547 
f 2547//2547 2548//2548 2548//2548 
f 2548//2548 2549//2549 2548//2548 
f 2548//2548 2549//2549 2549//2549 
f 2549//2549 2550//2550 2549//2549 
f 2549//2549 2550//2550 2551//2551 
f 2550//2550 2552//2552 2551//2551 
f 2551//2551 2552//2552 2553//2553 
f 2552//2552 2554//2554 2553//2553 
f 2553//2553 2554//2554 2554//2554 
f 2554//2554 2555//2555 2554//2554 
f 2554//2554 2555//2555 2555//2555 
f 2555//2555 2556//2556 2555//2555 
f 2555//2555 2556//2556 2557//2557 
f 2556//2556 2558//2558 2557//2557 
f 2557//2557 2558//2558 2558//2558 
f 2558//2558 2559//2559 2558//2558 
f 2558//2558 2559//2559 2559//2559 
f 2559//2559 2560//2560 2559//2559 
f 2559//2559 2560//2560 2561//2561 
f 2560//2560 2562//2562 2561//2561 
f 2561//2561 2562//2562 2562//2562 
f 2562//2562 2563//2563 2562//2562 
f 2562//2562 2563//2563 2563//2563 
f 2563//2563 2564//2564 2563//2563 
f 2563//2563 2564//2564 2565//2565 
f 2564//2564 2566//2566 2565//2565 
f 2565//2565 2566//2566 2566//2566 
f 2566//2566 2567//2567 2566//2566 
f 2566//2566 2567//2567 2567//2567 
f 2567//2567 2568//2568 2567//2567 
f 2567//2567 2568//2568 2569//2569 
f 2568//2568 2570//2570 2569//2569 
f 2569//2569 2570//2570 2570//2570 
f 2570//2570 2571//2571 2570//2570 
f 2570//2570 2571//2571 2571//2571 
f 2571//2571 2572//2572 2571//2571 
f 2571//2571 2572//2572 2573//2573 
f 2572//2572 2574//2574 2573//2573 
f 2573//2573 2574//2574 2575//2575 
f 2574//2574 2576//2576 2575//2575 
f 2575//2575 2576//2576 2576//2576 
f 2576//2576 2577//2577 2576//2576 
f 2576//2576 2577//2577 2577//2577 
f 2577//2577 2578//2578 2577//2577 
f 2577//2577 2578//2578 2579//2579 
f 2578//2578 2580//2580 2579//2579 
f 2579//2579 2580//2580 2580//2580 
f 2580//2580 2581//2581 2580//2580 
f 2580//2580 2581//2581 2581//2581 
f 2581//2581 2582//2582 2581//2581 
f 2581//2581 2582//2582 2583//2583 
f 2582//2582 2584//2584 2583//2583 
f 2583//2583 2584//2584 2584//2584 
f 2584//2584 2585//2585 2584//2584 
f 2584//2584 2585//2585 2585//2585 
f 2585//2585 2586//2586 2585//2585 
f 2585//2585 2586//2586 2587//2587 
f 2586//2586 2588//2588 2587//2587 
f 2587//2587 2588//2588 2588//2588 
f 2588//2588 2589//2589 2588//2588 
f 2588//2588 2589//2589 2589//2589 
f 2589//2589 2590//2590 2589//2589 
f 2589//2589 2590//2590 2591//2591 
f 2590//2590 2592//2592 2591//2591 
f 2591//2591 2592//2592 2592//2592 
f 2592//2592 2593//2593 2592//2592 
f 2592//2592 2593//2593 2593//2593 
f 2593//2593 2594//2594 2593//2593 
f 2593//2593 2594//2594 2595//2595 
f 2594//2594 2596//2596 2595//2595 
f 2595//2595 2596//2596 2596//2596 
f 2596//2596 2597//2597 2596//2596 
f 2596//2596 2597//2597 2597//2597 
f 2597//2597 2598//2598 2597//2597 
f 2597//2597 2598//2598 2599//2599 
f 2598//2598 2600//2600 2599//2599 
f 2599//2599 2600//2600 2600//2600 
f 2600//2600 2601//2601 2600//2600 
f 2600//2600 2601//2601 2601//2601 
f 2601//2601 2602//2602 2601//2601 
f 2601//2601 2602//2602 2603//2603 
f 2602//2602 2604//2604 2603//2603 
f 2603//2603 2604//2604 2604//2604 
f 2604//2604 2605//2605 2604//2604 
f 2604//2604 2605//2605 2605//2605 
f 2605//2605 2606//2606 2605//2605 
f 2605//2605 2606//2606 2607//2607 
f 2606//2606 2608//2608 2607//2607 
f 2607//2607 2608//2608 2608//2608 
f 2608//2608 2609//2609 2608//2608 
f 2608//2608 2609//2609 2609//2609 
f 2609//2609 2610//2610 2609//2609 
f 2609//2609 2610//2610 2611//2611 
f 2610//2610 2612//2612 2611//2611 
f 2611//2611 2612//2612 2613//2613 
f 2612//2612 2614//2614 2613//2613 
f 2613//2613 2614//2614 2614//2614 
f 2614//2614 2615//2615 2614//2614 
f 2614//2614 2615//2615 2615//2615 
f 2615//2615 2616//2616 2615//2615 
f 2615//2615 2616//2616 2617//2617 
f 2616//2616 2618//2618 2617//2617 
f 2617//2617 2618//2618 2618//2618 
f 2618//2618 2619//2619 2618//2618 
f 2618//2618 2619//2619 2619//2619 
f 2619//2619 2620//2620 2619//2619 
f 2619//2619 2620//2620 2621//2621 
f 2620//2620 2622//2622 2621//2621 
f 2621//2621 2622//2622 2622//2622 
f 2622//2622 2623//2623 2622//2622 
f 2622//2622 2623//2623 2623//2623 
f 2623//2623 2624//2624 2623//2623 
f 2623//2623 2624//2624 2625//2625 
f 2624//2624 2626//2626 2625//2625 
f 2625//2625 2626//2626 2626//2626 
f 2626//2626 2627//2627 2626//2626 
f 2626//2626 2627//2627 2627//2627 
f 2627//2627 2628//2628 2627//2627 
f 2627//2627 2628//2628 2629//2629 
f 2628//2628 2630//2630 2629//2629 
f 2629//2629 2630//2630 2630//2630 
f 2630//2630 2631//2631 2630//2630 
f 2630//2630 2631//2631 2631//2631 
f 2631//2631 2632//2632 2631//2631 
f 2631//2631 2632//2632 2633//2633 
f 2632//2632 2634//2634 2633//2633 
f 2633//2633 2634//2634 2634//2634 
f 2634//2634 2635//2635 2634//2634 
f 2634//2634 2635//2635 2635//2635 
f 2635//2635 2636//2636 2635//2635 
f 2635//2635 2636//2636 2637//2637 
f 2636//2636 2638//2638 2637//2637 
f 2637//2637 2638//2638 2638//2638 
f 2638//2638 2639//2639 2638//2638 
f 2638//2638 2639//2639 2639//2639 
f 2639//2639 2640//2640 2639//2639 
f 2639//2639 2640//2640 2641//2641 
f 2640//2640 2642//2642 2641//2641 
f 2641//2641 2642//2642 2642//2642 
f 2642//2642 2643//2643 2642//2642 
f 2642//2642 2643//2643 2643//2643 
f 2643//2643 2644//2644 2643//2643 
f 2643//2643 2644//2644 2645//2645 
f 2644//2644 2646//2646 2645//2645 
f 2645//2645 2646//2646 2646//2646 
f 2646//2646 2647//2647 2646//2646 
f 2646//2646 2647//2647 2647//2647 
f 2647//2647 2648//2648 2647//2647 
f 2647//2647 2648//2648 2649//2649 
f 2648//2648 2650//2650 2649//2649 
f 2649//2649 2650//2650 2650//2650 
f 2650//2650 2651//2651 2650//2650 
f 2650//2650 2651//2651 2651//2651 
f 2651//2651 2652//2652 2651//2651 
f 2651//2651 2652//2652 2653//2653 
f 2652//2652 2654//2654 2653//2653 
f 2653//2653 2654//2654 2654//2654 
f 2654//2654 2655//2655 2654//2654 
f 2654//2654 2655//2655 2655//2655 
f 2655//2655 2656//2656 2655//2655 
f 2655//2655 2656//2656 2657//2657 
f 2656//2656 2658//2658 2657//2657 
f 2657//2657 2658//2658 2658//2658 
f 2658//2658 2659//2659 2658//2658 
f 2658//2658 2659//2659 2659//2659 
f 2659//2659 2660//2660 2659//2659 
f 2659//2659 2660//2660 2661//2661 
f 2660//2660 2662//2662 2661//2661 
f 2661//2661 2662//2662 2662//2662 
f 2662//2662 2663//2663 2662//2662 
f 2662//2662 2663//2663 2663//2663 
f 2663//2663 2664//2664 2663//2663 
f 2663//2663 2664//2664 2665//2665 
f 2664//2664 2666//2666 2665//2665 
f 2665//2665 2666//2666 2666//2666 
f 2666//2666 2667//2667 2666//2666 
f 2666//2666 2667//2667 2667//2667 
f 2667//2667 2668//2668 2667//2667 
f 2667//2667 2668//2668 2669//2669 
f 2668//2668 2670//2670 2669//2669 
f 2669//2669 2670//2670 2671//2671 
f 2670//2670 2672//2672 2671//2671 
f 2671//2671 2672//2672 2672//2672 
f 2672//2672 2673//2673 2672//2672 
f 2672//2672 2673//2673 2673//2673 
f 2673//2673 2674//2674 2673//2673 
f 2673//2673 2674//2674 2675//2675 
f 2674//2674 2676//2676 2675//2675 
f 2675//2675 2676//2676 2677//2677 
f 2676//2676 2678//2678 2677//2677 
f 2677//2677 2678//2678 2678//2678 
f 2678//2678 2679//2679 2678//2678 
f 2678//2678 2679//2679 2679//2679 
f 2679//2679 2680//2680 2679//2679 
f 2679//2679 2680//2680 2681//2681 
f 2680//2680 2682//2682 2681//2681 
f 2681//2681 2682//2682 2682//2682 
f 2682//2682 2683//2683 2682//2682 
f 2682//2682 2683//2683 2683//2683 
f 2683//2683 2684//2684 2683//2683 
f 2683//2683 2684//2684 2685//2685 
f 2684//2684 2686//2686 2685//2685 
f 2685//2685 2686//2686 2686//2686 
f 2686//2686 2687//2687 2686//2686 
f 2686//2686 2687//2687 2687//2687 
f 2687//2687 2688//2688 2687//2687 
f 2687//2687 2688//2688 2689//2689 
f 2688//2688 2690//2690 2689//2689 
f 2689//2689 2690//2690 2690//2690 
f 2690//2690 2691//2691 2690//2690 
f 2690//2690 2691//2691 2691//2691 
f 2691//2691 2692//2692 2691//2691 
f 2691//2691 2692//2692 2693//2693 
f 2692//2692 2694//2694 2693//2693 
f 2693//2693 2694//2694 2694//2694 
f 2694//2694 2695//2695 2694//2694 
f 2694//2694 2695//2695 2695//2695 
f 2695//2695 2696//2696 2695//2695 
f 2695//2695 2696//2696 2697//2697 
f 2696//2696 2698//2698 2697//2697 
f 2697//2697 2698//2698 2698//2698 
f 2698//2698 2699//2699 2698//2698 
f 2698//2698 2699//2699 2699//2699 
f 2699//2699 2700//2700 2699//2699 
f 2699//2699 2700//2700 2701//2701 
f 2700//2700 2702//2702 2701//2701 
f 2701//2701 2702//2702 2702//2702 
f 2702//2702 2703//2703 2702//2702 
f 2702//2702 2703//2703 2703//2703 
f 2703//2703 2704//2704 2703//2703 
f 2703//2703 2704//2704 2705//2705 
f 2704//2704 2706//2706 2705//2705 
f 2705//2705 2706//2706 2706//2706 
f 2706//2706 2707//2707 2706//2706 
f 2706//2706 2707//2707 2707//2707 
f 2707//2707 2708//2708 2707//2707 
f 2707//2707 2708//2708 2709//2709 
f 2708//2708 2710//2710 2709//2709 
f 2709//2709 2710//2710 2710//2710 
f 2710//2710 2711//2711 2710//2710 
f 2710//2710 2711//2711 2711//2711 
f 2711//2711 2712//2712 2711//2711 
f 2711//2711 2712//2712 2713//2713 
f 2712//2712 2714//2714 2713//2713 
f 2713//2713 2714//2714 2714//2714 
f 2714//2714 2712//2712 2714//2714 
f 2714//2714 2712//2712 2712//2712 
f 2712//2712 2715//2715 2712//2712 
f 2712//2712 2715//2715 2714//2714 
f 2715//2715 2716//2716 2714//2714 
f 2714//2714 2716//2716 2716//2716 
f 2716//2716 2717//2717 2716//2716 
f 2716//2716 2717//2717 2717//2717 
f 2717//2717 2718//2718 2717//2717 
f 2717//2717 2718//2718 2719//2719 
f 2718//2718 2720//2720 2719//2719 
f 2719//2719 2720//2720 2720//2720 
f 2720//2720 2721//2721 2720//2720 
f 2720//2720 2721//2721 2721//2721 
f 2721//2721 2722//2722 2721//2721 
f 2721//2721 2722//2722 2723//2723 
f 2722//2722 2724//2724 2723//2723 
f 2723//2723 2724//2724 2724//2724 
f 2724//2724 2725//2725 2724//2724 
f 2724//2724 2725//2725 2725//2725 
f 2725//2725 2726//2726 2725//2725 
f 2725//2725 2726//2726 2727//2727 
f 2726//2726 2728//2728 2727//2727 
f 2727//2727 2728//2728 2728//2728 
f 2728//2728 2726//2726 2728//2728 
f 2728//2728 2726//2726 2726//2726 
f 2726//2726 2729//2729 2726//2726 
f 2726//2726 2729//2729 2728//2728 
f 2729//2729 2730//2730 2728//2728 
f 2728//2728 2730//2730 2730//2730 
f 2730//2730 2731//2731 2730//2730 
f 2730//2730 2731//2731 2731//2731 
f 2731//2731 2732//2732 2731//2731 
f 2731//2731 2732//2732 2733//2733 
f 2732//2732 2734//2734 2733//2733 
f 2733//2733 2734//2734 2734//2734 
f 2734//2734 2735//2735 2734//2734 
f 2734//2734 2735//2735 2735//2735 
f 2735//2735 2736//2736 2735//2735 
f 2735//2735 2736//2736 2737//2737 
f 2736//2736 2738//2738 2737//2737 
f 2737//2737 2738//2738 2738//2738 
f 2738//2738 2739//2739 2738//2738 
f 2738//2738 2739//2739 2739//2739 
f 2739//2739 2740//2740 2739//2739 
f 2739//2739 2740//2740 2741//2741 
f 2740//2740 2742//2742 2741//2741 
f 2741//2741 2742//2742 2742//2742 
f 2742//2742 2743//2743 2742//2742 
f 2742//2742 2743//2743 2743//2743 
f 2743//2743 2744//2744 2743//2743 
f 2743//2743 2744//2744 2745//2745 
f 2744//2744 2746//2746 2745//2745 
f 2745//2745 2746//2746 2746//2746 
f 2746//2746 2747//2747 2746//2746 
f 2746//2746 2747//2747 2747//2747 
f 2747//2747 2748//2748 2747//2747 
f 2747//2747 2748//2748 2749//2749 
f 2748//2748 2750//2750 2749//2749 
f 2749//2749 2750//2750 2750//2750 
f 2750//2750 2751//2751 2750//2750 
f 2750//2750 2751//2751 2751//2751 
f 2751//2751 2752//2752 2751//2751 
f 2751//2751 2752//2752 2753//2753 
f 2752//2752 2754//2754 2753//2753 
f 2753//2753 2754//2754 2754//2754 
f 2754//2754 2755//2755 2754//2754 
f 2754//2754 2755//2755 2755//2755 
f 2755//2755 2756//2756 2755//2755 
f 2755//2755 2756//2756 2757//2757 
f 2756//2756 2758//2758 2757//2757 
f 2757//2757 2758//2758 2758//2758 
f 2758//2758 2759//2759 2758//2758 
f 2758//2758 2759//2759 2759//2759 
f 2759//2759 2760//2760 2759//2759 
f 2759//2759 2760//2760 2761//2761 
f 2760//2760 2762//2762 2761//2761 
f 2761//2761 2762//2762 2762//2762 
f 2762//2762 2763//2763 2762//2762 
f 2762//2762 2763//2763 2763//2763 
f 2763//2763 2764//2764 2763//2763 
f 2763//2763 2764//2764 2765//2765 
f 2764//2764 2766//2766 2765//2765 
f 2765//2765 2766//2766 2766//2766 
f 2766//2766 2767//2767 2766//2766 
f 2766//2766 2767//2767 2767//2767 
f 2767//2767 2768//2768 2767//2767 
f 2767//2767 2768//2768 2769//2769 
f 2768//2768 2770//2770 2769//2769 
f 2769//2769 2770//2770 2770//2770 
f 2770//2770 2771//2771 2770//2770 
f 2770//2770 2771//2771 2771//2771 
f 2771//2771 2772//2772 2771//2771 
f 2771//2771 2772//2772 2773//2773 
f 2772//2772 2774//2774 2773//2773 
f 2773//2773 2774//2774 2774//2774 
f 2774//2774 2775//2775 2774//2774 
f 2774//2774 2775//2775 2775//2775 
f 2775//2775 2776//2776 2775//2775 
f 2775//2775 2776//2776 2777//2777 
f 2776//2776 2778//2778 2777//2777 
f 2777//2777 2778//2778 2778//2778 
f 2778//2778 2779//2779 2778//2778 
f 2778//2778 2779//2779 2779//2779 
f 2779//2779 2780//2780 2779//2779 
f 2779//2779 2780//2780 2781//2781 
f 2780//2780 2782//2782 2781//2781 
f 2781//2781 2782//2782 2782//2782 
f 2782//2782 2783//2783 2782//2782 
f 2782//2782 2783//2783 2783//2783 
f 2783//2783 2784//2784 2783//2783 
f 2783//2783 2784//2784 2785//2785 
f 2784//2784 2786//2786 2785//2785 
f 2785//2785 2786//2786 2786//2786 
f 2786//2786 2787//2787 2786//2786 
f 2786//2786 2787//2787 2787//2787 
f 2787//2787 2788//2788 2787//2787 
f 2787//2787 2788//2788 2789//2789 
f 2788//2788 2790//2790 2789//2789 
f 2789//2789 2790//2790 2790//2790 
f 2790//2790 2791//2791 2790//2790 
f 2790//2790 2791//2791 2791//2791 
f 2791//2791 2792//2792 2791//2791 
f 2791//2791 2792//2792 2793//2793 
f 2792//2792 2794//2794 2793//2793 
f 2793//2793 2794//2794 2794//2794 
f 2794//2794 2795//2795 2794//2794 
f 2794//2794 2795//2795 2795//2795 
f 2795//2795 2796//2796 2795//2795 
f 2795//2795 2796//2796 2797//2797 
f 2796//2796 2798//2798 2797//2797 
f 2797//2797 2798//2798 2798//2798 
f 2798//2798 2799//2799 2798//2798 
f 2798//2798 2799//2799 2799//2799 
f 2799//2799 2800//2800 2799//2799 
f 2799//2799 2800//2800 2801//2801 
f 2800//2800 2802//2802 2801//2801 
f 2801//2801 2802//2802 2802//2802 
f 2802//2802 2803//2803 2802//2802 
f 2802//2802 2803//2803 2803//2803 
f 2803//2803 2804//2804 2803//2803 
f 2803//2803 2804//2804 2805//2805 
f 2804//2804 2806//2806 2805//2805 
f 2805//2805 2806//2806 2806//2806 
f 2806//2806 2807//2807 2806//2806 
f 2806//2806 2807//2807 2807//2807 
f 2807//2807 2808//2808 2807//2807 
f 2807//2807 2808//2808 2809//2809 
f 2808//2808 2810//2810 2809//2809 
f 2809//2809 2810//2810 2810//2810 
f 2810//2810 2811//2811 2810//2810 
f 2810//2810 2811//2811 2811//2811 
f 2811//2811 2812//2812 2811//2811 
f 2811//2811 2812//2812 2813//2813 
f 2812//2812 2814//2814 2813//2813 
f 2813//2813 2814//2814 2814//2814 
f 2814//2814 2815//2815 2814//2814 
f 2814//2814 2815//2815 2815//2815 
f 2815//2815 2816//2816 2815//2815 
f 2815//2815 2816//2816 2817//2817 
f 2816//2816 2818//2818 2817//2817 
f 2817//2817 2818//2818 2818//2818 
f 2818//2818 2819//2819 2818//2818 
f 2818//2818 2819//2819 2819//2819 
f 2819//2819 2820//2820 2819//2819 
f 2819//2819 2820//2820 2821//2821 
f 2820//2820 2822//2822 2821//2821 
f 2821//2821 2822//2822 2822//2822 
f 2822//2822 2823//2823 2822//2822 
f 2822//2822 2823//2823 2823//2823 
f 2823//2823 2824//2824 2823//2823 
f 2823//2823 2824//2824 2825//2825 
f 2824//2824 2826//2826 2825//2825 
f 2825//2825 2826//2826 2826//2826 
f 2826//2826 2827//2827 2826//2826 
f 2826//2826 2827//2827 2827//2827 
f 2827//2827 2828//2828 2827//2827 
f 2827//2827 2828//2828 2829//2829 
f 2828//2828 2830//2830 2829//2829 
f 2829//2829 2830//2830 2830//2830 
f 2830//2830 2831//2831 2830//2830 
f 2830//2830 2831//2831 2831//2831 
f 2831//2831 2832//2832 2831//2831 
f 2831//2831 2832//2832 2833//2833 
f 2832//2832 2834//2834 2833//2833 
f 2833//2833 2834//2834 2834//2834 
f 2834//2834 2835//2835 2834//2834 
f 2834//2834 2835//2835 2835//2835 
f 2835//2835 2836//2836 2835//2835 
f 2835//2835 2836//2836 2837//2837 
f 2836//2836 2838//2838 2837//2837 
f 2837//2837 2838//2838 2838//2838 
f 2838//2838 2839//2839 2838//2838 
f 2838//2838 2839//2839 2839//2839 
f 2839//2839 2840//2840 2839//2839 
f 2839//2839 2840//2840 2841//2841 
f 2840//2840 2842//2842 2841//2841 
f 2841//2841 2842//2842 2842//2842 
f 2842//2842 2843//2843 2842//2842 
f 2842//2842 2843//2843 2843//2843 
f 2843//2843 2844//2844 2843//2843 
f 2843//2843 2844//2844 2845//2845 
f 2844//2844 2846//2846 2845//2845 
f 2845//2845 2846//2846 2846//2846 
f 2846//2846 2847//2847 2846//2846 
f 2846//2846 2847//2847 2847//2847 
f 2847//2847 2848//2848 2847//2847 
f 2847//2847 2848//2848 2849//2849 
f 2848//2848 2850//2850 2849//2849 
f 2849//2849 2850//2850 2850//2850 
f 2850//2850 2851//2851 2850//2850 
f 2850//2850 2851//2851 2851//2851 
f 2851//2851 2852//2852 2851//2851 
f 2851//2851 2852//2852 2853//2853 
f 2852//2852 2854//2854 2853//2853 
f 2853//2853 2854//2854 2854//2854 
f 2854//2854 2855//2855 2854//2854 
f 2854//2854 2855//2855 2855//2855 
f 2855//2855 2856//2856 2855//2855 
f 2855//2855 2856//2856 2857//2857 
f 2856//2856 2858//2858 2857//2857 
f 2857//2857 2858//2858 2858//2858 
f 2858//2858 2859//2859 2858//2858 
f 2858//2858 2859//2859 2859//2859 
f 2859//2859 2860//2860 2859//2859 
f 2859//2859 2860//2860 2861//2861 
f 2860//2860 2862//2862 2861//2861 
f 2861//2861 2862//2862 2862//2862 
f 2862//2862 2863//2863 2862//2862 
f 2862//2862 2863//2863 2863//2863 
f 2863//2863 2864//2864 2863//2863 
f 2863//2863 2864//2864 2865//2865 
f 2864//2864 2866//2866 2865//2865 
f 2865//2865 2866//2866 2866//2866 
f 2866//2866 2867//2867 2866//2866 
f 2866//2866 2867//2867 2867//2867 
f 2867//2867 2868//2868 2867//2867 
f 2867//2867 2868//2868 2869//2869 
f 2868//2868 2870//2870 2869//2869 
f 2869//2869 2870//2870 2870//2870 
f 2870//2870 2871//2871 2870//2870 
f 2870//2870 2871//2871 2871//2871 
f 2871//2871 2872//2872 2871//2871 
f 2871//2871 2872//2872 2873//2873 
f 2872//2872 2874//2874 2873//2873 
f 2873//2873 2874//2874 2874//2874 
f 2874//2874 2875//2875 2874//2874 
f 2874//2874 2875//2875 2875//2875 
f 2875//2875 2876//2876 2875//2875 
f 2875//2875 2876//2876 2877//2877 
f 2876//2876 2878//2878 2877//2877 
f 2877//2877 2878//2878 2878//2878 
f 2878//2878 2879//2879 2878//2878 
f 2878//2878 2879//2879 2879//2879 
f 2879//2879 2880//2880 2879//2879 
f 2879//2879 2880//2880 2881//2881 
f 2880//2880 2882//2882 2881//2881 
f 2881//2881 2882//2882 2882//2882 
f 2882//2882 2883//2883 2882//2882 
f 2882//2882 2883//2883 2883//2883 
f 2883//2883 2884//2884 2883//2883 
f 2883//2883 2884//2884 2885//2885 
f 2884//2884 2886//2886 2885//2885 
f 2885//2885 2886//2886 2886//2886 
f 2886//2886 2887//2887 2886//2886 
f 2886//2886 2887//2887 2887//2887 
f 2887//2887 2888//2888 2887//2887 
f 2887//2887 2888//2888 2889//2889 
f 2888//2888 2890//2890 2889//2889 
f 2889//2889 2890//2890 2890//2890 
f 2890//2890 2891//2891 2890//2890 
f 2890//2890 2891//2891 2891//2891 
f 2891//2891 2892//2892 2891//2891 
f 2891//2891 2892//2892 2893//2893 
f 2892//2892 2894//2894 2893//2893 
f 2893//2893 2894//2894 2894//2894 
f 2894//2894 2895//2895 2894//2894 
f 2894//2894 2895//2895 2895//2895 
f 2895//2895 2896//2896 2895//2895 
f 2895//2895 2896//2896 2897//2897 
f 2896//2896 2898//2898 2897//2897 
f 2897//2897 2898//2898 2898//2898 
f 2898//2898 2899//2899 2898//2898 
f 2898//2898 2899//2899 2899//2899 
f 2899//2899 2900//2900 2899//2899 
f 2899//2899 2900//2900 2901//2901 
f 2900//2900 2902//2902 2901//2901 
f 2901//2901 2902//2902 2902//2902 
f 2902//2902 2903//2903 2902//2902 
f 2902//2902 2903//2903 2903//2903 
f 2903//2903 2904//2904 2903//2903 
f 2903//2903 2904//2904 2905//2905 
f 2904//2904 2906//2906 2905//2905 
f 2905//2905 2906//2906 2906//2906 
f 2906//2906 2907//2907 2906//2906 
f 2906//2906 2907//2907 2907//2907 
f 2907//2907 2908//2908 2907//2907 
f 2907//2907 2908//2908 2909//2909 
f 2908//2908 2910//2910 2909//2909 
f 2909//2909 2910//2910 2910//2910 
f 2910//2910 2911//2911 2910//2910 
f 2910//2910 2911//2911 2911//2911 
f 2911//2911 2912//2912 2911//2911 
f 2911//2911 2912//2912 2913//2913 
f 2912//2912 2914//2914 2913//2913 
f 2913//2913 2914//2914 2914//2914 
f 2914//2914 2915//2915 2914//2914 
f 2914//2914 2915//2915 2915//2915 
f 2915//2915 2916//2916 2915//2915 
f 2915//2915 2916//2916 2917//2917 
f 2916//2916 2918//2918 2917//2917 
f 2917//2917 2918//2918 2918//2918 
f 2918//2918 2919//2919 2918//2918 
f 2918//2918 2919//2919 2919//2919 
f 2919//2919 2920//2920 2919//2919 
f 2919//2919 2920//2920 2921//2921 
f 2920//2920 2922//2922 2921//2921 
f 2921//2921 2922//2922 2922//2922 
f 2922//2922 2923//2923 2922//2922 
f 2922//2922 2923//2923 2923//2923 
f 2923//2923 2924//2924 2923//2923 
f 2923//2923 2924//2924 2925//2925 
f 2924//2924 2926//2926 2925//2925 
f 2925//2925 2926//2926 2926//2926 
f 2926//2926 2927//2927 2926//2926 
f 2926//2926 2927//2927 2927//2927 
f 2927//2927 2928//2928 2927//2927 
f 2927//2927 2928//2928 2929//2929 
f 2928//2928 2930//2930 2929//2929 
f 2929//2929 2930//2930 2930//2930 
f 2930//2930 2931//2931 2930//2930 
f 2930//2930 2931//2931 2931//2931 
f 2931//2931 2932//2932 2931//2931 
f 2931//2931 2932//2932 2933//2933 
f 2932//2932 2934//2934 2933//2933 
f 2933//2933 2934//2934 2934//2934 
f 2934//2934 2935//2935 2934//2934 
f 2934//2934 2935//2935 2935//2935 
f 2935//2935 2936//2936 2935//2935 
f 2935//2935 2936//2936 2937//2937 
f 2936//2936 2938//2938 2937//2937 
f 2937//2937 2938//2938 2938//2938 
f 2938//2938 2939//2939 2938//2938 
f 2938//2938 2939//2939 2939//2939 
f 2939//2939 2940//2940 2939//2939 
f 2939//2939 2940//2940 2941//2941 
f 2940//2940 2942//2942 2941//2941 
f 2941//2941 2942//2942 2942//2942 
f 2942//2942 2943//2943 2942//2942 
f 2942//2942 2943//2943 2943//2943 
f 2943//2943 2944//2944 2943//2943 
f 2943//2943 2944//2944 2945//2945 
f 2944//2944 2946//2946 2945//2945 
f 2945//2945 2946//2946 2946//2946 
f 2946//2946 2947//2947 2946//2946 
f 2946//2946 2947//2947 2947//2947 
f 2947//2947 2948//2948 2947//2947 
f 2947//2947 2948//2948 2949//2949 
f 2948//2948 2950//2950 2949//2949 
f 2949//2949 2950//2950 2950//2950 
f 2950//2950 2951//2951 2950//2950 
f 2950//2950 2951//2951 2951//2951 
f 2951//2951 2952//2952 2951//2951 
f 2951//2951 2952//2952 2953//2953 
f 2952//2952 2954//2954 2953//2953 
f 2953//2953 2954//2954 2954//2954 
f 2954//2954 2955//2955 2954//2954 
f 2954//2954 2955//2955 2955//2955 
f 2955//2955 2956//2956 2955//2955 
f 2955//2955 2956//2956 2957//2957 
f 2956//2956 2958//2958 2957//2957 
f 2957//2957 2958//2958 2958//2958 
f 2958//2958 2959//2959 2958//2958 
f 2958//2958 2959//2959 2959//2959 
f 2959//2959 2960//2960 2959//2959 
f 2959//2959 2960//2960 2961//2961 
f 2960//2960 2962//2962 2961//2961 
f 2961//2961 2962//2962 2962//2962 
f 2962//2962 2963//2963 2962//2962 
f 2962//2962 2963//2963 2963//2963 
f 2963//2963 2964//2964 2963//2963 
f 2963//2963 2964//2964 2965//2965 
f 2964//2964 2966//2966 2965//2965 
f 2965//2965 2966//2966 2966//2966 
f 2966//2966 2967//2967 2966//2966 
f 2966//2966 2967//2967 2967//2967 
f 2967//2967 2968//2968 2967//2967 
f 2967//2967 2968//2968 2969//2969 
f 2968//2968 2970//2970 2969//2969 
f 2969//2969 2970//2970 2970//2970 
f 2970//2970 2971//2971 2970//2970 
f 2970//2970 2971//2971 2971//2971 
f 2971//2971 2972//2972 2971//2971 
f 2971//2971 2972//2972 2973//2973 
f 2972//2972 2974//2974 2973//2973 
f 2973//2973 2974//2974 2974//2974 
f 2974//2974 2975//2975 2974//2974 
f 2974//2974 2975//2975 2975//2975 
f 2975//2975 2976//2976 2975//2975 
f 2975//2975 2976//2976 2977//2977 
f 2976//2976 2978//2978 2977//2977 
f 2977//2977 2978//2978 2978//2978 
f 2978//2978 2979//2979 2978//2978 
f 2978//2978 2979//2979 2979//2979 
f 2979//2979 2980//2980 2979//2979 
f 2979//2979 2980//2980 2981//2981 
f 2980//2980 2982//2982 2981//2981 
f 2981//2981 2982//2982 2982//2982 
f 2982//2982 2983//2983 2982//2982 
f 2982//2982 2983//2983 2983//2983 
f 2983//2983 2984//2984 2983//2983 
f 2983//2983 2984//2984 2985//2985 
f 2984//2984 2986//2986 2985//2985 
f 2985//2985 2986//2986 2986//2986 
f 2986//2986 2987//2987 2986//2986 
f 2986//2986 2987//2987 2987//2987 
f 2987//2987 2988//2988 2987//2987 
f 2987//2987 2988//2988 2989//2989 
f 2988//2988 2990//2990 2989//2989 
f 2989//2989 2990//2990 2990//2990 
f 2990//2990 2991//2991 2990//2990 
f 2990//2990 2991//2991 2991//2991 
f 2991//2991 2992//2992 2991//2991 
f 2991//2991 2992//2992 2993//2993 
f 2992//2992 2994//2994 2993//2993 
f 2993//2993 2994//2994 2994//2994 
f 2994//2994 2995//2995 2994//2994 
f 2994//2994 2995//2995 2995//2995 
f 2995//2995 2996//2996 2995//2995 
f 2995//2995 2996//2996 2997//2997 
f 2996//2996 2998//2998 2997//2997 
f 2997//2997 2998//2998 2998//2998 
f 2998//2998 2999//2999 2998//2998 
f 2998//2998 2999//2999 2999//2999 
f 2999//2999 3000//3000 2999//2999 
f 2999//2999 3000//3000 3001//3001 
f 3000//3000 3002//3002 3001//3001 
f 3001//3001 3002//3002 3002//3002 
f 3002//3002 3003//3003 3002//3002 
f 3002//3002 3003//3003 3003//3003 
f 3003//3003 3004//3004 3003//3003 
f 3003//3003 3004//3004 3005//3005 
f 3004//3004 3006//3006 3005//3005 
f 3005//3005 3006//3006 3006//3006 
f 3006//3006 3007//3007 3006//3006 
f 3006//3006 3007//3007 3007//3007 
f 3007//3007 3008//3008 3007//3007 
f 3007//3007 3008//3008 3009//3009 
f 3008//3008 3010//3010 3009//3009 
f 3009//3009 3010//3010 3011//3011 
f 3010//3010 3012//3012 3011//3011 
f 3011//3011 3012//3012 3012//3012 
f 3012//3012 3013//3013 3012//3012 
f 3012//3012 3013//3013 3013//3013 
f 3013//3013 3014//3014 3013//3013 
f 3013//3013 3014//3014 3015//3015 
f 3014//3014 3016//3016 3015//3015 
f 3015//3015 3016//3016 3016//3016 
f 3016//3016 3017//3017 3016//3016 
f 3016//3016 3017//3017 3017//3017 
f 3017//3017 3018//3018 3017//3017 
f 3017//3017 3018//3018 3019//3019 
f 3018//3018 3020//3020 3019//3019 
f 3019//3019 3020//3020 3020//3020 
f 3020//3020 3021//3021 3020//3020 
f 3020//3020 3021//3021 3021//3021 
f 3021//3021 3022//3022 3021//3021 
f 3021//3021 3022//3022 3023//3023 
f 3022//3022 3024//3024 3023//3023 
f 3023//3023 3024//3024 3024//3024 
f 3024//3024 3025//3025 3024//3024 
f 3024//3024 3025//3025 3025//3025 
f 3025//3025 3026//3026 3025//3025 
f 3025//3025 3026//3026 3027//3027 
f 3026//3026 3028//3028 3027//3027 
f 3027//3027 3028//3028 3028//3028 
f 3028//3028 3029//3029 3028//3028 
f 3028//3028 3029//3029 3029//3029 
f 3029//3029 3030//3030 3029//3029 
f 3029//3029 3030//3030 3031//3031 
f 3030//3030 3032//3032 3031//3031 
f 3031//3031 3032//3032 3032//3032 
f 3032//3032 3033//3033 3032//3032 
f 3032//3032 3033//3033 3033//3033 
f 3033//3033 3034//3034 3033//3033 
f 3033//3033 3034//3034 3035//3035 
f 3034//3034 3036//3036 3035//3035 
f 3035//3035 3036//3036 3036//3036 
f 3036//3036 3037//3037 3036//3036 
f 3036//3036 3037//3037 3037//3037 
f 3037//3037 3038//3038 3037//3037 
f 3037//3037 3038//3038 3039//3039 
f 3038//3038 3040//3040 3039//3039 
f 3039//3039 3040//3040 3040//3040 
f 3040//3040 3041//3041 3040//3040 
f 3040//3040 3041//3041 3041//3041 
f 3041//3041 3042//3042 3041//3041 
f 3041//3041 3042//3042 3043//3043 
f 3042//3042 3044//3044 3043//3043 
f 3043//3043 3044//3044 3044//3044 
f 3044//3044 3045//3045 3044//3044 
f 3044//3044 3045//3045 3045//3045 
f 3045//3045 3046//3046 3045//3045 
f 3045//3045 3046//3046 3047//3047 
f 3046//3046 3048//3048 3047//3047 
f 3047//3047 3048//3048 3048//3048 
f 3048//3048 3049//3049 3048//3048 
f 3048//3048 3049//3049 3049//3049 
f 3049//3049 3050//3050 3049//3049 
f 3049//3049 3050//3050 3051//3051 
f 3050//3050 3052//3052 3051//3051 
f 3051//3051 3052//3052 3052//3052 
f 3052//3052 3053//3053 3052//3052 
f 3052//3052 3053//3053 3053//3053 
f 3053//3053 3054//3054 3053//3053 
f 3053//3053 3054//3054 3055//3055 
f 3054//3054 3056//3056 3055//3055 
f 3055//3055 3056//3056 3056//3056 
f 3056//3056 3057//3057 3056//3056 
f 3056//3056 3057//3057 3057//3057 
f 3057//3057 3058//3058 3057//3057 
f 3057//3057 3058//3058 3059//3059 
f 3058//3058 3060//3060 3059//3059 
f 3059//3059 3060//3060 3060//3060 
f 3060//3060 3061//3061 3060//3060 
f 3060//3060 3061//3061 3061//3061 
f 3061//3061 3062//3062 3061//3061 
f 3061//3061 3062//3062 3063//3063 
f 3062//3062 3064//3064 3063//3063 
f 3063//3063 3064//3064 3064//3064 
f 3064//3064 3065//3065 3064//3064 
f 3064//3064 3065//3065 3065//3065 
f 3065//3065 3066//3066 3065//3065 
f 3065//3065 3066//3066 3067//3067 
f 3066//3066 3068//3068 3067//3067 
f 3067//3067 3068//3068 3068//3068 
f 3068//3068 3069//3069 3068//3068 
f 3068//3068 3069//3069 3069//3069 
f 3069//3069 3070//3070 3069//3069 
f 3069//3069 3070//3070 3071//3071 
f 3070//3070 3072//3072 3071//3071 
f 3071//3071 3072//3072 3072//3072 
f 3072//3072 3073//3073 3072//3072 
f 3072//3072 3073//3073 3073//3073 
f 3073//3073 3074//3074 3073//3073 
f 3073//3073 3074//3074 3075//3075 
f 3074//3074 3076//3076 3075//3075 
f 3075//3075 3076//3076 3076//3076 
f 3076//3076 3077//3077 3076//3076 
f 3076//3076 3077//3077 3077//3077 
f 3077//3077 3078//3078 3077//3077 
f 3077//3077 3078//3078 3079//3079 
f 3078//3078 3080//3080 3079//3079 
f 3079//3079 3080//3080 3080//3080 
f 3080//3080 3081//3081 3080//3080 
f 3080//3080 3081//3081 3081//3081 
f 3081//3081 3082//3082 3081//3081 
f 3081//3081 3082//3082 3083//3083 
f 3082//3082 3084//3084 3083//3083 
f 3083//3083 3084//3084 3084//3084 
f 3084//3084 3085//3085 3084//3084 
f 3084//3084 3085//3085 3085//3085 
f 3085//3085 3086//3086 3085//3085 
f 3085//3085 3086//3086 3087//3087 
f 3086//3086 3088//3088 3087//3087 
f 3087//3087 3088//3088 3088//3088 
f 3088//3088 3089//3089 3088//3088 
f 3088//3088 3089//3089 3089//3089 
f 3089//3089 3090//3090 3089//3089 
f 3089//3089 3090//3090 3091//3091 
f 3090//3090 3092//3092 3091//3091 
f 3091//3091 3092//3092 3092//3092 
f 3092//3092 3093//3093 3092//3092 
f 3092//3092 3093//3093 3093//3093 
f 3093//3093 3094//3094 3093//3093 
f 3093//3093 3094//3094 3095//3095 
f 3094//3094 3096//3096 3095//3095 
f 3095//3095 3096//3096 3096//3096 
f 3096//3096 3094//3094 3096//3096 
f 3096//3096 3094//3094 3094//3094 
f 3094//3094 3097//3097 3094//3094 
f 3094//3094 3097//3097 3096//3096 
f 3097//3097 3098//3098 3096//3096 
f 3096//3096 3098//3098 3098//3098 
f 3098//3098 3099//3099 3098//3098 
f 3098//3098 3099//3099 3099//3099 
f 3099//3099 3100//3100 3099//3099 
f 3099//3099 3100//3100 3101//3101 
f 3100//3100 3102//3102 3101//3101 
f 3101//3101 3102//3102 3102//3102 
f 3102//3102 3103//3103 3102//3102 
f 3102//3102 3103//3103 3103//3103 
f 3103//3103 3104//3104 3103//3103 
f 3103//3103 3104//3104 3105//3105 
f 3104//3104 3106//3106 3105//3105 
f 3105//3105 3106//3106 3106//3106 
f 3106//3106 3107//3107 3106//3106 
f 3106//3106 3107//3107 3107//3107 
f 3107//3107 3108//3108 3107//3107 
f 3107//3107 3108//3108 3109//3109 
f 3108//3108 3110//3110 3109//3109 
f 3109//3109 3110//3110 3110//3110 
f 3110//3110 3111//3111 3110//3110 
f 3110//3110 3111//3111 3111//3111 
f 3111//3111 3112//3112 3111//3111 
f 3111//3111 3112//3112 3113//3113 
f 3112//3112 3114//3114 3113//3113 
f 3113//3113 3114//3114 3114//3114 
f 3114//3114 3115//3115 3114//3114 
f 3114//3114 3115//3115 3115//3115 
f 3115//3115 3116//3116 3115//3115 
f 3115//3115 3116//3116 3117//3117 
f 3116//3116 3118//3118 3117//3117 
f 3117//3117 3118//3118 3118//3118 
f 3118//3118 3119//3119 3118//3118 
f 3118//3118 3119//3119 3119//3119 
f 3119//3119 3120//3120 3119//3119 
f 3119//3119 3120//3120 3121//3121 
f 3120//3120 3122//3122 3121//3121 
f 3121//3121 3122//3122 3122//3122 
f 3122//3122 3123//3123 3122//3122 
f 3122//3122 3123//3123 3123//3123 
f 3123//3123 3124//3124 3123//3123 
f 3123//3123 3124//3124 3125//3125 
f 3124//3124 3126//3126 3125//3125 
f 3125//3125 3126//3126 3126//3126 
f 3126//3126 3124//3124 3126//3126 
f 3126//3126 3124//3124 3124//3124 
f 3124//3124 3127//3127 3124//3124 
f 3124//3124 3127//3127 3126//3126 
f 3127//3127 3128//3128 3126//3126 
f 3126//3126 3128//3128 3128//3128 
f 3128//3128 3129//3129 3128//3128 
f 3128//3128 3129//3129 3129//3129 
f 3129//3129 3130//3130 3129//3129 
f 3129//3129 3130//3130 3131//3131 
f 3130//3130 3132//3132 3131//3131 
f 3131//3131 3132//3132 3132//3132 
f 3132//3132 3133//3133 3132//3132 
f 3132//3132 3133//3133 3133//3133 
f 3133//3133 3134//3134 3133//3133 
f 3133//3133 3134//3134 3135//3135 
f 3134//3134 3136//3136 3135//3135 
f 3135//3135 3136//3136 3136//3136 
f 3136//3136 3137//3137 3136//3136 
f 3136//3136 3137//3137 3137//3137 
f 3137//3137 3138//3138 3137//3137 
f 3137//3137 3138//3138 3139//3139 
f 3138//3138 3140//3140 3139//3139 
f 3139//3139 3140//3140 3140//3140 
f 3140//3140 3141//3141 3140//3140 
f 3140//3140 3141//3141 3141//3141 
f 3141//3141 3142//3142 3141//3141 
f 3141//3141 3142//3142 3143//3143 
f 3142//3142 3144//3144 3143//3143 
f 3143//3143 3144//3144 3144//3144 
f 3144//3144 3145//3145 3144//3144 
f 3144//3144 3145//3145 3145//3145 
f 3145//3145 3146//3146 3145//3145 
f 3145//3145 3146//3146 3147//3147 
f 3146//3146 3148//3148 3147//3147 
f 3147//3147 3148//3148 3148//3148 
f 3148//3148 3149//3149 3148//3148 
f 3148//3148 3149//3149 3149//3149 
f 3149//3149 3150//3150 3149//3149 
f 3149//3149 3150//3150 3151//3151 
f 3150//3150 3152//3152 3151//3151 
f 3151//3151 3152//3152 3152//3152 
f 3152//3152 3153//3153 3152//3152 
f 3152//3152 3153//3153 3153//3153 
f 3153//3153 3154//3154 3153//3153 
f 3153//3153 3154//3154 3155//3155 
f 3154//3154 3156//3156 3155//3155 
f 3155//3155 3156//3156 3156//3156 
f 3156//3156 3157//3157 3156//3156 
f 3156//3156 3157//3157 3157//3157 
f 3157//3157 3158//3158 3157//3157 
f 3157//3157 3158//3158 3159//3159 
f 3158//3158 3160//3160 3159//3159 
f 3159//3159 3160//3160 3160//3160 
f 3160//3160 3161//3161 3160//3160 
f 3160//3160 3161//3161 3161//3161 
f 3161//3161 3162//3162 3161//3161 
f 3161//3161 3162//3162 3163//3163 
f 3162//3162 3164//3164 3163//3163 
f 3163//3163 3164//3164 3164//3164 
f 3164//3164 3165//3165 3164//3164 
f 3164//3164 3165//3165 3165//3165 
f 3165//3165 3166//3166 3165//3165 
f 3165//3165 3166//3166 3167//3167 
f 3166//3166 3168//3168 3167//3167 
f 3167//3167 3168//3168 3168//3168 
f 3168//3168 3169//3169 3168//3168 
f 3168//3168 3169//3169 3169//3169 
f 3169//3169 3170//3170 3169//3169 
f 3169//3169 3170//3170 3171//3171 
f 3170//3170 3172//3172 3171//3171 
f 3171//3171 3172//3172 3172//3172 
f 3172//3172 3173//3173 3172//3172 
f 3172//3172 3173//3173 3173//3173 
f 3173//3173 3174//3174 3173//3173 
f 3173//3173 3174//3174 3175//3175 
f 3174//3174 3176//3176 3175//3175 
f 3175//3175 3176//3176 3176//3176 
f 3176//3176 3177//3177 3176//3176 
f 3176//3176 3177//3177 3177//3177 
f 3177//3177 3178//3178 3177//3177 
f 3177//3177 3178//3178 3179//3179 
f 3178//3178 3180//3180 3179//3179 
f 3179//3179 3180//3180 3180//3180 
f 3180//3180 3181//3181 3180//3180 
f 3180//3180 3181//3181 3181//3181 
f 3181//3181 3182//3182 3181//3181 
f 3181//3181 3182//3182 3183//3183 
f 3182//3182 3184//3184 3183//3183 
f 3183//3183 3184//3184 3184//3184 
f 3184//3184 3185//3185 3184//3184 
f 3184//3184 3185//3185 3185//3185 
f 3185//3185 3186//3186 3185//3185 
f 3185//3185 3186//3186 3187//3187 
f 3186//3186 3188//3188 3187//3187 
f 3187//3187 3188//3188 3188//3188 
f 3188//3188 3189//3189 3188//3188 
f 3188//3188 3189//3189 3189//3189 
f 3189//3189 3190//3190 3189//3189 
f 3189//3189 3190//3190 3191//3191 
f 3190//3190 3192//3192 3191//3191 
f 3191//3191 3192//3192 3192//3192 
f 3192//3192 3193//3193 3192//3192 
f 3192//3192 3193//3193 3193//3193 
f 3193//3193 3194//3194 3193//3193 
f 3193//3193 3194//3194 3195//3195 
f 3194//3194 3196//3196 3195//3195 
f 3195//3195 3196//3196 3196//3196 
f 3196//3196 3197//3197 3196//3196 
f 3196//3196 3197//3197 3197//3197 
f 3197//3197 3198//3198 3197//3197 
f 3197//3197 3198//3198 3199//3199 
f 3198//3198 3200//3200 3199//3199 
f 3199//3199 3200//3200 3200//3200 
f 3200//3200 3201//3201 3200//3200 
f 3200//3200 3201//3201 3201//3201 
f 3201//3201 3202//3202 3201//3201 
f 3201//3201 3202//3202 3203//3203 
f 3202//3202 3204//3204 3203//3203 
f 3203//3203 3204//3204 3204//3204 
f 3204//3204 3205//3205 3204//3204 
f 3204//3204 3205//3205 3205//3205 
f 3205//3205 3206//3206 3205//3205 
f 3205//3205 3206//3206 3207//3207 
f 3206//3206 3208//3208 3207//3207 
f 3207//3207 3208//3208 3208//3208 
f 3208//3208 3209//3209 3208//3208 
f 3208//3208 3209//3209 3209//3209 
f 3209//3209 3210//3210 3209//3209 
f 3209//3209 3210//3210 3211//3211 
f 3210//3210 3212//3212 3211//3211 
f 3211//3211 3212//3212 3212//3212 
f 3212//3212 3213//3213 3212//3212 
f 3212//3212 3213//3213 3213//3213 
f 3213//3213 3214//3214 3213//3213 
f 3213//3213 3214//3214 3215//3215 
f 3214//3214 3216//3216 3215//3215 
f 3215//3215 3216//3216 3216//3216 
f 3216//3216 3217//3217 3216//3216 
f 3216//3216 3217//3217 3217//3217 
f 3217//3217 3218//3218 3217//3217 
f 3217//3217 3218//3218 3219//3219 
f 3218//3218 3220//3220 3219//3219 
f 3219//3219 3220//3220 3220//3220 
f 3220//3220 3221//3221 3220//3220 
f 3220//3220 3221//3221 3221//3221 
f 3221//3221 3222//3222 3221//3221 
f 3221//3221 3222//3222 3223//3223 
f 3222//3222 3224//3224 3223//3223 
f 3223//3223 3224//3224 3224//3224 
f 3224//3224 3225//3225 3224//3224 
f 3224//3224 3225//3225 3225//3225 
f 3225//3225 3226//3226 3225//3225 
f 3225//3225 3226//3226 3227//3227 
f 3226//3226 3228//3228 3227//3227 
f 3227//3227 3228//3228 3228//3228 
f 3228//3228 3229//3229 3228//3228 
f 3228//3228 3229//3229 3229//3229 
f 3229//3229 3230//3230 3229//3229 
f 3229//3229 3230//3230 3231//3231 
f 3230//3230 3232//3232 3231//3231 
f 3231//3231 3232//3232 3232//3232 
f 3232//3232 3233//3233 3232//3232 
f 3232//3232 3233//3233 3233//3233 
f 3233//3233 3234//3234 3233//3233 
f 3233//3233 3234//3234 3235//3235 
f 3234//3234 3236//3236 3235//3235 
f 3235//3235 3236//3236 3236//3236 
f 3236//3236 3237//3237 3236//3236 
f 3236//3236 3237//3237 3237//3237 
f 3237//3237 3238//3238 3237//3237 
f 3237//3237 3238//3238 3239//3239 
f 3238//3238 3240//3240 3239//3239 
f 3239//3239 3240//3240 3240//3240 
f 3240//3240 3241//3241 3240//3240 
f 3240//3240 3241//3241 3241//3241 
f 3241//3241 3242//3242 3241//3241 
f 3241//3241 3242//3242 3243//3243 
f 3242//3242 3244//3244 3243//3243 
f 3243//3243 3244//3244 3244//3244 
f 3244//3244 3245//3245 3244//3244 
f 3244//3244 3245//3245 3245//3245 
f 3245//3245 3246//3246 3245//3245 
f 3245//3245 3246//3246 3247//3247 
f 3246//3246 3248//3248 3247//3247 
f 3247//3247 3248//3248 3248//3248 
f 3248//3248 3249//3249 3248//3248 
f 3248//3248 3249//3249 3249//3249 
f 3249//3249 3250//3250 3249//3249 
f 3249//3249 3250//3250 3251//3251 
f 3250//3250 3252//3252 3251//3251 
f 3251//3251 3252//3252 3252//3252 
f 3252//3252 3253//3253 3252//3252 
f 3252//3252 3253//3253 3253//3253 
f 3253//3253 3254//3254 3253//3253 
f 3253//3253 3254//3254 3255//3255 
f 3254//3254 3256//3256 3255//3255 
f 3255//3255 3256//3256 3257//3257 
f 3256//3256 3258//3258 3257//3257 
f 3257//3257 3258//3258 3258//3258 
f 3258//3258 3259//3259 3258//3258 
f 3258//3258 3259//3259 3259//3259 
f 3259//3259 3260//3260 3259//3259 
f 3259//3259 3260//3260 3261//3261 
f 3260//3260 3262//3262 3261//3261 
f 3261//3261 3262//3262 3262//3262 
f 3262//3262 3263//3263 3262//3262 
f 3262//3262 3263//3263 3263//3263 
f 3263//3263 3264//3264 3263//3263 
f 3263//3263 3264//3264 3265//3265 
f 3264//3264 3266//3266 3265//3265 
f 3265//3265 3266//3266 3267//3267 
f 3266//3266 3268//3268 3267//3267 
f 3267//3267 3268//3268 3268//3268 
f 3268//3268 3269//3269 3268//3268 
f 3268//3268 3269//3269 3269//3269 
f 3269//3269 3270//3270 3269//3269 
f 3269//3269 3270//3270 3271//3271 
f 3270//3270 3272//3272 3271//3271 
f 3271//3271 3272//3272 3272//3272 
f 3272//3272 3270//3270 3272//3272 
f 3272//3272 3270//3270 3270//3270 
f 3270//3270 3273//3273 3270//3270 
f 3270//3270 3273//3273 3272//3272 
f 3273//3273 3274//3274 3272//3272 
f 3272//3272 3274//3274 3274//3274 
f 3274//3274 3275//3275 3274//3274 
f 3274//3274 3275//3275 3275//3275 
f 3275//3275 3276//3276 3275//3275 
f 3275//3275 3276//3276 3277//3277 
f 3276//3276 3278//3278 3277//3277 
f 3277//3277 3278//3278 3278//3278 
f 3278//3278 3279//3279 3278//3278 
f 3278//3278 3279//3279 3279//3279 
f 3279//3279 3280//3280 3279//3279 
f 3279//3279 3280//3280 3281//3281 
f 3280//3280 3282//3282 3281//3281 
f 3281//3281 3282//3282 3282//3282 
f 3282//3282 3283//3283 3282//3282 
f 3282//3282 3283//3283 3283//3283 
f 3283//3283 3284//3284 3283//3283 
f 3283//3283 3284//3284 3285//3285 
f 3284//3284 3286//3286 3285//3285 
f 3285//3285 3286//3286 3286//3286 
f 3286//3286 3287//3287 3286//3286 
f 3286//3286 3287//3287 3287//3287 
f 3287//3287 3288//3288 3287//3287 
f 3287//3287 3288//3288 3289//3289 
f 3288//3288 3290//3290 3289//3289 
f 3289//3289 3290//3290 3291//3291 
f 3290//3290 3292//3292 3291//3291 
f 3291//3291 3292//3292 3292//3292 
f 3292//3292 3293//3293 3292//3292 
f 3292//3292 3293//3293 3293//3293 
f 3293//3293 3294//3294 3293//3293 
f 3293//3293 3294//3294 3295//3295 
f 3294//3294 3296//3296 3295//3295 
f 3295//3295 3296//3296 3296//3296 
f 3296//3296 3297//3297 3296//3296 
f 3296//3296 3297//3297 3297//3297 
f 3297//3297 3298//3298 3297//3297 
f 3297//3297 3298//3298 3299//3299 
f 3298//3298 3300//3300 3299//3299 
f 3299//3299 3300//3300 3300//3300 
f 3300//3300 3301//3301 3300//3300 
f 3300//3300 3301//3301 3301//3301 
f 3301//3301 3302//3302 3301//3301 
f 3301//3301 3302//3302 3303//3303 
f 3302//3302 3304//3304 3303//3303 
f 3303//3303 3304//3304 3304//3304 
f 3304//3304 3305//3305 3304//3304 
f 3304//3304 3305//3305 3305//3305 
f 3305//3305 3306//3306 3305//3305 
f 3305//3305 3306//3306 3307//3307 
f 3306//3306 3308//3308 3307//3307 
f 3307//3307 3308//3308 3308//3308 
f 3308//3308 3306//3306 3308//3308 
f 3308//3308 3306//3306 3306//3306 
f 3306//3306 3309//3309 3306//3306 
f 3306//3306 3309//3309 3308//3308 
f 3309//3309 3310//3310 3308//3308 
f 3308//3308 3310//3310 3310//3310 
f 3310//3310 3311//3311 3310//3310 
f 3310//3310 3311//3311 3311//3311 
f 3311//3311 3312//3312 3311//3311 
f 3311//3311 3312//3312 3313//3313 
f 3312//3312 3314//3314 3313//3313 
f 3313//3313 3314//3314 3314//3314 
f 3314//3314 3315//3315 3314//3314 
f 3314//3314 3315//3315 3315//3315 
f 3315//3315 3316//3316 3315//3315 
f 3315//3315 3316//3316 3317//3317 
f 3316//3316 3318//3318 3317//3317 
f 3317//3317 3318//3318 3319//3319 
f 3318//3318 3320//3320 3319//3319 
f 3319//3319 3320//3320 3320//3320 
f 3320//3320 3321//3321 3320//3320 
f 3320//3320 3321//3321 3321//3321 
f 3321//3321 3322//3322 3321//3321 
f 3321//3321 3322//3322 3323//3323 
f 3322//3322 3324//3324 3323//3323 
f 3323//3323 3324//3324 3324//3324 
f 3324//3324 3325//3325 3324//3324 
f 3324//3324 3325//3325 3325//3325 
f 3325//3325 3326//3326 3325//3325 
f 3325//3325 3326//3326 3327//3327 
f 3326//3326 3328//3328 3327//3327 
f 3327//3327 3328//3328 3328//3328 
f 3328//3328 3329//3329 3328//3328 
f 3328//3328 3329//3329 3329//3329 
f 3329//3329 3330//3330 3329//3329 
f 3329//3329 3330//3330 3331//3331 
f 3330//3330 3332//3332 3331//3331 
f 3331//3331 3332//3332 3332//3332 
f 3332//3332 3333//3333 3332//3332 
f 3332//3332 3333//3333 3333//3333 
f 3333//3333 3334//3334 3333//3333 
f 3333//3333 3334//3334 3335//3335 
f 3334//3334 3336//3336 3335//3335 
f 3335//3335 3336//3336 3336//3336 
f 3336//3336 3337//3337 3336//3336 
f 3336//3336 3337//3337 3337//3337 
f 3337//3337 3338//3338 3337//3337 
f 3337//3337 3338//3338 3339//3339 
f 3338//3338 3340//3340 3339//3339 
f 3339//3339 3340//3340 3341//3341 
f 3340//3340 3342//3342 3341//3341 
f 3341//3341 3342//3342 3342//3342 
f 3342//3342 3343//3343 3342//3342 
f 3342//3342 3343//3343 3343//3343 
f 3343//3343 3344//3344 3343//3343 
f 3343//3343 3344//3344 3345//3345 
f 3344//3344 3346//3346 3345//3345 
f 3345//3345 3346//3346 3346//3346 
f 3346//3346 3347//3347 3346//3346 
f 3346//3346 3347//3347 3347//3347 
f 3347//3347 3348//3348 3347//3347 
f 3347//3347 3348//3348 3349//3349 
f 3348//3348 3350//3350 3349//3349 
f 3349//3349 3350//3350 3350//3350 
f 3350//3350 3351//3351 3350//3350 
f 3350//3350 3351//3351 3351//3351 
f 3351//3351 3352//3352 3351//3351 
f 3351//3351 3352//3352 3353//3353 
f 3352//3352 3354//3354 3353//3353 
f 3353//3353 3354//3354 3355//3355 
f 3354//3354 3356//3356 3355//3355 
f 3355//3355 3356//3356 3356//3356 
f 3356//3356 3357//3357 3356//3356 
f 3356//3356 3357//3357 3357//3357 
f 3357//3357 3358//3358 3357//3357 
f 3357//3357 3358//3358 3359//3359 
f 3358//3358 3360//3360 3359//3359 
f 3359//3359 3360//3360 3360//3360 
f 3360//3360 3361//3361 3360//3360 
f 3360//3360 3361//3361 3361//3361 
f 3361//3361 3362//3362 3361//3361 
f 3361//3361 3362//3362 3363//3363 
f 3362//3362 3364//3364 3363//3363 
f 3363//3363 3364//3364 3364//3364 
f 3364//3364 3365//3365 3364//3364 
f 3364//3364 3365//3365 3365//3365 
f 3365//3365 3366//3366 3365//3365 
f 3365//3365 3366//3366 3367//3367 
f 3366//3366 3368//3368 3367//3367 
f 3367//3367 3368//3368 3368//3368 
f 3368//3368 3369//3369 3368//3368 
f 3368//3368 3369//3369 3369//3369 
f 3369//3369 3370//3370 3369//3369 
f 3369//3369 3370//3370 3371//3371 
f 3370//3370 3372//3372 3371//3371 
f 3371//3371 3372//3372 3372//3372 
f 3372//3372 3373//3373 3372//3372 
f 3372//3372 3373//3373 3373//3373 
f 3373//3373 3374//3374 3373//3373 
f 3373//3373 3374//3374 3375//3375 
f 3374//3374 3376//3376 3375//3375 
f 3375//3375 3376//3376 3376//3376 
f 3376//3376 3377//3377 3376//3376 
f 3376//3376 3377//3377 3377//3377 
f 3377//3377 3378//3378 3377//3377 
f 3377//3377 3378//3378 3379//3379 
f 3378//3378 3380//3380 3379//3379 
f 3379//3379 3380//3380 3380//3380 
f 3380//3380 3381//3381 3380//3380 
f 3380//3380 3381//3381 3381//3381 
f 3381//3381 3382//3382 3381//3381 
f 3381//3381 3382//3382 3383//3383 
f 3382//3382 3384//3384 3383//3383 
f 3383//3383 3384//3384 3384//3384 
f 3384//3384 3385//3385 3384//3384 
f 3384//3384 3385//3385 3385//3385 
f 3385//3385 3386//3386 3385//3385 
f 3385//3385 3386//3386 3387//3387 
f 3386//3386 3388//3388 3387//3387 
f 3387//3387 3388//3388 3388//3388 
f 3388//3388 3389//3389 3388//3388 
f 3388//3388 3389//3389 3389//3389 
f 3389//3389 3390//3390 3389//3389 
f 3389//3389 3390//3390 3391//3391 
f 3390//3390 3392//3392 3391//3391 
f 3391//3391 3392//3392 3393//3393 
f 3392//3392 3394//3394 3393//3393 
f 3393//3393 3394//3394 3394//3394 
f 3394//3394 3395//3395 3394//3394 
f 3394//3394 3395//3395 3395//3395 
f 3395//3395 3396//3396 3395//3395 
f 3395//3395 3396//3396 3397//3397 
f 3396//3396 3398//3398 3397//3397 
f 3397//3397 3398//3398 3399//3399 
f 3398//3398 3400//3400 3399//3399 
f 3399//3399 3400//3400 3400//3400 
f 3400//3400 3401//3401 3400//3400 
f 3400//3400 3401//3401 3401//3401 
f 3401//3401 3402//3402 3401//3401 
f 3401//3401 3402//3402 3403//3403 
f 3402//3402 3404//3404 3403//3403 
f 3403//3403 3404//3404 3404//3404 
f 3404//3404 3405//3405 3404//3404 
f 3404//3404 3405//3405 3405//3405 
f 3405//3405 3406//3406 3405//3405 
f 3405//3405 3406//3406 3407//3407 
f 3406//3406 3408//3408 3407//3407 
f 3407//3407 3408//3408 3408//3408 
f 3408//3408 3409//3409 3408//3408 
f 3408//3408 3409//3409 3409//3409 
f 3409//3409 3410//3410 3409//3409 
f 3409//3409 3410//3410 3411//3411 
f 3410//3410 3412//3412 3411//3411 
f 3411//3411 3412//3412 3412//3412 
f 3412//3412 3413//3413 3412//3412 
f 3412//3412 3413//3413 3413//3413 
f 3413//3413 3414//3414 3413//3413 
f 3413//3413 3414//3414 3415//3415 
f 3414//3414 3416//3416 3415//3415 
f 3415//3415 3416//3416 3416//3416 
f 3416//3416 3417//3417 3416//3416 
f 3416//3416 3417//3417 3417//3417 
f 3417//3417 3418//3418 3417//3417 
f 3417//3417 3418//3418 3419//3419 
f 3418//3418 3420//3420 3419//3419 
f 3419//3419 3420//3420 3420//3420 
f 3420//3420 3421//3421 3420//3420 
f 3420//3420 3421//3421 3421//3421 
f 3421//3421 3422//3422 3421//3421 
f 3421//3421 3422//3422 3423//3423 
f 3422//3422 3424//3424 3423//3423 
f 3423//3423 3424//3424 3424//3424 
f 3424//3424 3425//3425 3424//3424 
f 3424//3424 3425//3425 3425//3425 
f 3425//3425 3426//3426 3425//3425 
f 3425//3425 3426//3426 3427//3427 
f 3426//3426 3428//3428 3427//3427 
f 3427//3427 3428//3428 3428//3428 
f 3428//3428 3429//3429 3428//3428 
f 3428//3428 3429//3429 3429//3429 
f 3429//3429 3430//3430 3429//3429 
f 3429//3429 3430//3430 3431//3431 
f 3430//3430 3432//3432 3431//3431 
f 3431//3431 3432//3432 3432//3432 
f 3432//3432 3433//3433 3432//3432 
f 3432//3432 3433//3433 3433//3433 
f 3433//3433 3434//3434 3433//3433 
f 3433//3433 3434//3434 3435//3435 
f 3434//3434 3436//3436 3435//3435 
f 3435//3435 3436//3436 3436//3436 
f 3436//3436 3437//3437 3436//3436 
f 3436//3436 3437//3437 3437//3437 
f 3437//3437 3438//3438 3437//3437 
f 3437//3437 3438//3438 3439//3439 
f 3438//3438 3440//3440 3439//3439 
f 3439//3439 3440//3440 3440//3440 
f 3440//3440 3441//3441 3440//3440 
f 3440//3440 3441//3441 3441//3441 
f 3441//3441 3442//3442 3441//3441 
f 3441//3441 3442//3442 3443//3443 
f 3442//3442 3444//3444 3443//3443 
f 3443//3443 3444//3444 3444//3444 
f 3444//3444 3445//3445 3444//3444 
f 3444//3444 3445//3445 3445//3445 
f 3445//3445 3446//3446 3445//3445 
f 3445//3445 3446//3446 3447//3447 
f 3446//3446 3448//3448 3447//3447 
f 3447//3447 3448//3448 3448//3448 
f 3448//3448 3449//3449 3448//3448 
f 3448//3448 3449//3449 3449//3449 
f 3449//3449 3450//3450 3449//3449 
f 3449//3449 3450//3450 3451//3451 
f 3450//3450 3452//3452 3451//3451 
f 3451//3451 3452//3452 3452//3452 
f 3452//3452 3453//3453 3452//3452 
f 3452//3452 3453//3453 3453//3453 
f 3453//3453 3454//3454 3453//3453 
f 3453//3453 3454//3454 3455//3455 
f 3454//3454 3456//3456 3455//3455 
f 3455//3455 3456//3456 3456//3456 
f 3456//3456 3457//3457 3456//3456 
f 3456//3456 3457//3457 3457//3457 
f 3457//3457 3458//3458 3457//3457 
f 3457//3457 3458//3458 3459//3459 
f 3458//3458 3460//3460 3459//3459 
f 3459//3459 3460//3460 3460//3460 
f 3460//3460 3461//3461 3460//3460 
f 3460//3460 3461//3461 3461//3461 
f 3461//3461 3462//3462 3461//3461 
f 3461//3461 3462//3462 3463//3463 
f 3462//3462 3464//3464 3463//3463 
f 3463//3463 3464//3464 3464//3464 
f 3464//3464 3465//3465 3464//3464 
f 3464//3464 3465//3465 3465//3465 
f 3465//3465 3466//3466 3465//3465 
f 3465//3465 3466//3466 3467//3467 
f 3466//3466 3468//3468 3467//3467 
f 3467//3467 3468//3468 3468//3468 
f 3468//3468 3469//3469 3468//3468 
f 3468//3468 3469//3469 3469//3469 
f 3469//3469 3470//3470 3469//3469 
f 3469//3469 3470//3470 3471//3471 
f 3470//3470 3472//3472 3471//3471 
f 3471//3471 3472//3472 3472//3472 
f 3472//3472 3473//3473 3472//3472 
f 3472//3472 3473//3473 3473//3473 
f 3473//3473 3474//3474 3473//3473 
f 3473//3473 3474//3474 3475//3475 
f 3474//3474 3476//3476 3475//3475 
f 3475//3475 3476//3476 3476//3476 
f 3476//3476 3477//3477 3476//3476 
f 3476//3476 3477//3477 3477//3477 
f 3477//3477 3478//3478 3477//3477 
f 3477//3477 3478//3478 3479//3479 
f 3478//3478 3480//3480 3479//3479 
f 3479//3479 3480//3480 3480//3480 
f 3480//3480 3481//3481 3480//3480 
f 3480//3480 3481//3481 3481//3481 
f 3481//3481 3482//3482 3481//3481 
f 3481//3481 3482//3482 3483//3483 
f 3482//3482 3484//3484 3483//3483 

