mtllib model_10.mtl
o model_10
v -26.853187561035156 4.589632511138916 1.0160833597183228 
v -27.08318328857422 5.158889293670654 1.2487549781799316 
v -27.08318328857422 4.390392780303955 0.36977338790893555 
v -27.374509811401367 5.158889293670654 0.36977338790893555 
v -27.08318328857422 4.390392780303955 -0.6772487759590149 
v -27.374509811401367 5.158889293670654 -0.6772487759590149 
v -27.374509811401367 5.158889293670654 -22.768125534057617 
v -27.374509811401367 5.7637248039245605 -0.6772487759590149 
v -27.374509811401367 5.7637248039245605 -22.768125534057617 
v -27.374509811401367 7.051668167114258 -22.768125534057617 
v -27.374509811401367 5.7637248039245605 -23.802221298217773 
v -27.374509811401367 7.051668167114258 -23.802221298217773 
v -27.08318328857422 7.051668167114258 -24.642423629760742 
v -27.374509811401367 7.7134294509887695 -23.802221298217773 
v -27.08318328857422 7.7134294509887695 -24.642423629760742 
v -27.08318328857422 8.332496643066406 -24.422677993774414 
v -27.08318328857422 5.7637248039245605 1.2487549781799316 
v -27.374509811401367 5.7637248039245605 0.36977338790893555 
v -27.08318328857422 7.051668167114258 1.2487549781799316 
v -27.374509811401367 7.051668167114258 0.36977338790893555 
v -27.374509811401367 7.051668167114258 -0.6772487759590149 
v -27.374509811401367 7.7134294509887695 -22.768125534057617 
v -27.08318328857422 7.7134294509887695 1.2487549781799316 
v -27.374509811401367 7.7134294509887695 0.36977338790893555 
v -27.374509811401367 7.7134294509887695 -0.6772487759590149 
v -27.08318328857422 8.545967102050781 -0.6772487759590149 
v -27.08318328857422 8.545967102050781 -22.768125534057617 
v -27.08318328857422 8.545967102050781 0.36977338790893555 
v -27.0985164642334 8.332496643066406 1.0160833597183228 
v 1.512861967086792 8.332496643066406 1.0160833597183228 
v 0.8842089772224426 8.545967102050781 1.2487549781799316 
v 1.7275240421295166 7.7134294509887695 1.2487549781799316 
v 0.8842089772224426 7.7134294509887695 1.5331313610076904 
v 1.7275240421295166 7.051668167114258 1.2487549781799316 
v 0.8842089772224426 7.051668167114258 1.5331313610076904 
v 1.7275240421295166 5.7637248039245605 1.2487549781799316 
v 0.8842089772224426 5.7637248039245605 1.5331313610076904 
v 1.7275240421295166 5.158889293670654 1.2487549781799316 
v 0.8842089772224426 5.158889293670654 1.5331313610076904 
v 1.512861967086792 4.589632511138916 1.0160833597183228 
v 0.8842089772224426 4.390392780303955 1.2487549781799316 
v -0.28109899163246155 8.545967102050781 1.2487549781799316 
v -0.28109899163246155 7.7134294509887695 1.5331313610076904 
v -0.28109899163246155 7.051668167114258 1.5331313610076904 
v -0.28109899163246155 5.7637248039245605 1.5331313610076904 
v -24.997894287109375 5.7637248039245605 1.5331313610076904 
v -24.997894287109375 5.158889293670654 1.5331313610076904 
v -26.19386863708496 5.158889293670654 1.5331313610076904 
v -26.19386863708496 4.390392780303955 1.2487549781799316 
v -26.853187561035156 4.589632511138916 1.0160833597183228 
v -24.997894287109375 7.7134294509887695 1.5331313610076904 
v -24.997894287109375 7.051668167114258 1.5331313610076904 
v -26.19386863708496 5.7637248039245605 1.5331313610076904 
v -27.08318328857422 5.158889293670654 1.2487549781799316 
v -24.997894287109375 8.545967102050781 1.2487549781799316 
v -26.19386863708496 7.7134294509887695 1.5331313610076904 
v -26.19386863708496 8.545967102050781 1.2487549781799316 
v -27.08318328857422 7.7134294509887695 1.2487549781799316 
v -27.0985164642334 8.332496643066406 1.0160833597183228 
v -26.19386863708496 7.051668167114258 1.5331313610076904 
v -27.08318328857422 7.051668167114258 1.2487549781799316 
v -27.08318328857422 5.7637248039245605 1.2487549781799316 
v 1.512861967086792 4.589632511138916 -24.422677993774414 
v 1.7275240421295166 4.390392780303955 -23.802221298217773 
v 0.8842089772224426 4.390392780303955 -24.642423629760742 
v 0.8842089772224426 4.134227275848389 -23.802221298217773 
v -0.28109899163246155 4.390392780303955 -24.642423629760742 
v -0.28109899163246155 4.134227275848389 -23.802221298217773 
v -24.997894287109375 4.134227275848389 -23.802221298217773 
v -0.28109899163246155 4.134227275848389 -22.768125534057617 
v -24.997894287109375 4.134227275848389 -22.768125534057617 
v -24.997894287109375 4.134227275848389 -0.6772487759590149 
v -26.19386863708496 4.134227275848389 -22.768125534057617 
v -26.19386863708496 4.134227275848389 -0.6772487759590149 
v -27.08318328857422 4.390392780303955 -0.6772487759590149 
v -26.19386863708496 4.134227275848389 0.36977338790893555 
v -27.08318328857422 4.390392780303955 0.36977338790893555 
v -26.19386863708496 4.390392780303955 1.2487549781799316 
v -26.853187561035156 4.589632511138916 1.0160833597183228 
v -24.997894287109375 4.390392780303955 1.2487549781799316 
v -24.997894287109375 4.134227275848389 0.36977338790893555 
v -0.28109899163246155 4.390392780303955 1.2487549781799316 
v -0.28109899163246155 4.134227275848389 0.36977338790893555 
v 0.8842089772224426 4.134227275848389 0.36977338790893555 
v 0.8842089772224426 4.134227275848389 -0.6772487759590149 
v 1.7275240421295166 4.390392780303955 -0.6772487759590149 
v 0.8842089772224426 4.134227275848389 -22.768125534057617 
v 1.7275240421295166 4.390392780303955 -22.768125534057617 
v -0.28109899163246155 4.134227275848389 -0.6772487759590149 
v -24.997894287109375 4.390392780303955 1.2487549781799316 
v -0.28109899163246155 4.390392780303955 1.2487549781799316 
v -0.28109899163246155 5.158889293670654 1.5331313610076904 
v -24.997894287109375 4.390392780303955 -24.642423629760742 
v -26.19386863708496 4.390392780303955 -24.642423629760742 
v -26.19386863708496 4.134227275848389 -23.802221298217773 
v -27.08318328857422 4.390392780303955 -23.802221298217773 
v -26.853187561035156 4.589632511138916 -24.422677993774414 
v -27.08318328857422 4.390392780303955 -22.768125534057617 
v -27.451175689697266 0.0640411525964737 -24.86216926574707 
v -27.420509338378906 0.03557831048965454 -24.771684646606445 
v -27.52783966064453 0.03557831048965454 -24.88802146911621 
v -27.52783966064453 -2.3841900542720396e-7 -24.771684646606445 
v -27.803834915161133 0.03557831048965454 -24.88802146911621 
v -27.803834915161133 -2.3841900542720396e-7 -24.771684646606445 
v -28.38648796081543 0.03557831048965454 -24.88802146911621 
v -28.38648796081543 -2.3841900542720396e-7 -24.771684646606445 
v -28.96914291381836 0.03557831048965454 -24.88802146911621 
v -28.96914291381836 -2.3841900542720396e-7 -24.771684646606445 
v -29.245136260986328 0.03557831048965454 -24.88802146911621 
v -29.245136260986328 -2.3841900542720396e-7 -24.771684646606445 
v -29.306467056274414 0.0640411525964737 -24.86216926574707 
v -29.337133407592773 0.03557831048965454 -24.771684646606445 
v -27.420509338378906 0.03557831048965454 -24.383899688720703 
v -27.52783966064453 -2.3841900542720396e-7 -24.383899688720703 
v -27.803834915161133 -2.3841900542720396e-7 -24.383899688720703 
v -28.38648796081543 -2.3841900542720396e-7 -24.383899688720703 
v -28.96914291381836 -2.3841900542720396e-7 -24.383899688720703 
v -29.245136260986328 -2.3841900542720396e-7 -24.383899688720703 
v -29.337133407592773 0.03557831048965454 -24.383899688720703 
v -28.38648796081543 -2.3841900542720396e-7 0.9385262131690979 
v -28.96914291381836 -2.3841900542720396e-7 0.9385262131690979 
v -29.245136260986328 -2.3841900542720396e-7 0.9385262131690979 
v -29.337133407592773 0.03557831048965454 0.9385262131690979 
v -29.245136260986328 -2.3841900542720396e-7 1.352164626121521 
v -29.337133407592773 0.03557831048965454 1.352164626121521 
v -29.245136260986328 0.03557831048965454 1.4943528175354004 
v -29.306467056274414 0.0640411525964737 1.4555741548538208 
v -28.96914291381836 0.03557831048965454 1.4943528175354004 
v -28.96914291381836 -2.3841900542720396e-7 1.352164626121521 
v -28.38648796081543 -2.3841900542720396e-7 1.352164626121521 
v -27.803834915161133 -2.3841900542720396e-7 0.9385262131690979 
v -27.52783966064453 -2.3841900542720396e-7 0.9385262131690979 
v -27.451175689697266 14.47335433959961 -24.86216926574707 
v -27.420509338378906 14.516048431396484 -24.771684646606445 
v -27.420509338378906 14.359502792358398 -24.88802146911621 
v -27.374509811401367 14.359502792358398 -24.771684646606445 
v -27.420509338378906 13.989485740661621 -24.88802146911621 
v -27.374509811401367 13.989485740661621 -24.771684646606445 
v -27.420509338378906 0.46252089738845825 -24.88802146911621 
v -27.374509811401367 0.46252089738845825 -24.771684646606445 
v -27.420509338378906 0.13519825041294098 -24.88802146911621 
v -27.374509811401367 0.13519825041294098 -24.771684646606445 
v -27.451175689697266 0.0640411525964737 -24.86216926574707 
v -27.420509338378906 0.03557831048965454 -24.771684646606445 
v -27.420509338378906 14.516048431396484 -24.383899688720703 
v -27.374509811401367 14.359502792358398 -24.383899688720703 
v -27.374509811401367 13.989485740661621 -24.383899688720703 
v -27.374509811401367 0.46252089738845825 -24.383899688720703 
v -27.374509811401367 0.46252089738845825 0.9385262131690979 
v -27.374509811401367 0.13519825041294098 -24.383899688720703 
v -27.374509811401367 0.13519825041294098 0.9385262131690979 
v -27.420509338378906 0.03557831048965454 -24.383899688720703 
v -27.420509338378906 0.03557831048965454 0.9385262131690979 
v -27.08318328857422 8.545967102050781 -23.802221298217773 
v -27.451175689697266 14.47335433959961 -24.86216926574707 
v -27.52783966064453 14.516048431396484 -24.88802146911621 
v -27.420509338378906 14.516048431396484 -24.771684646606445 
v -27.52783966064453 14.565857887268066 -24.771684646606445 
v -27.420509338378906 14.516048431396484 -24.383899688720703 
v -27.52783966064453 14.565857887268066 -24.383899688720703 
v -27.420509338378906 14.516048431396484 0.9385262131690979 
v -27.52783966064453 14.565857887268066 0.9385262131690979 
v -27.52783966064453 14.565857887268066 1.352164626121521 
v -27.803834915161133 14.565857887268066 1.352164626121521 
v -27.803834915161133 14.516048431396484 1.4943528175354004 
v -28.38648796081543 14.516048431396484 1.4943528175354004 
v -27.803834915161133 14.516048431396484 -24.88802146911621 
v -27.803834915161133 14.565857887268066 -24.771684646606445 
v -27.803834915161133 14.565857887268066 -24.383899688720703 
v -27.803834915161133 14.565857887268066 0.9385262131690979 
v -28.38648796081543 14.565857887268066 -24.383899688720703 
v -28.38648796081543 14.565857887268066 0.9385262131690979 
v -28.96914291381836 14.565857887268066 0.9385262131690979 
v -28.96914291381836 14.565857887268066 1.352164626121521 
v -29.245136260986328 14.565857887268066 1.352164626121521 
v -29.245136260986328 14.516048431396484 1.4943528175354004 
v -28.96914291381836 14.516048431396484 1.4943528175354004 
v -28.38648796081543 14.565857887268066 1.352164626121521 
v -27.420509338378906 0.03557831048965454 1.352164626121521 
v -27.374509811401367 0.13519825041294098 1.352164626121521 
v -27.451175689697266 0.0640411525964737 1.4555741548538208 
v -27.420509338378906 0.13519825041294098 1.4943528175354004 
v -27.374509811401367 0.46252089738845825 1.352164626121521 
v -27.374509811401367 13.989485740661621 0.9385262131690979 
v -27.374509811401367 14.359502792358398 0.9385262131690979 
v -27.420509338378906 14.516048431396484 0.9385262131690979 
v -27.374509811401367 14.359502792358398 1.352164626121521 
v -27.374509811401367 13.989485740661621 1.352164626121521 
v -27.420509338378906 13.989485740661621 1.4943528175354004 
v -27.420509338378906 0.46252089738845825 1.4943528175354004 
v -28.38648796081543 14.516048431396484 -24.88802146911621 
v -28.38648796081543 14.565857887268066 -24.771684646606445 
v -28.96914291381836 14.516048431396484 -24.88802146911621 
v -28.96914291381836 14.565857887268066 -24.771684646606445 
v -28.96914291381836 14.565857887268066 -24.383899688720703 
v -29.245136260986328 14.565857887268066 0.9385262131690979 
v -29.337133407592773 14.516048431396484 1.352164626121521 
v -29.245136260986328 14.565857887268066 -24.383899688720703 
v -29.245136260986328 14.565857887268066 -24.771684646606445 
v -29.245136260986328 14.516048431396484 -24.88802146911621 
v -29.337133407592773 14.516048431396484 -24.771684646606445 
v -29.337133407592773 14.516048431396484 -24.383899688720703 
v -29.337133407592773 14.516048431396484 0.9385262131690979 
v -29.306467056274414 0.0640411525964737 1.4555741548538208 
v -29.337133407592773 0.13519825041294098 1.4943528175354004 
v -29.337133407592773 0.03557831048965454 1.352164626121521 
v -29.367799758911133 0.13519825041294098 1.352164626121521 
v -29.337133407592773 0.03557831048965454 0.9385262131690979 
v -29.367799758911133 0.13519825041294098 0.9385262131690979 
v -29.367799758911133 0.13519825041294098 -24.383899688720703 
v -29.367799758911133 0.46252089738845825 0.9385262131690979 
v -29.367799758911133 0.46252089738845825 -24.383899688720703 
v -29.367799758911133 13.989485740661621 -24.383899688720703 
v -29.367799758911133 0.46252089738845825 -24.771684646606445 
v -29.367799758911133 13.989485740661621 -24.771684646606445 
v -29.337133407592773 0.46252089738845825 -24.88802146911621 
v -29.337133407592773 13.989485740661621 -24.88802146911621 
v -29.337133407592773 0.46252089738845825 1.4943528175354004 
v -29.367799758911133 0.46252089738845825 1.352164626121521 
v -29.337133407592773 13.989485740661621 1.4943528175354004 
v -29.367799758911133 13.989485740661621 1.352164626121521 
v -29.367799758911133 13.989485740661621 0.9385262131690979 
v -29.367799758911133 14.359502792358398 -24.383899688720703 
v -29.367799758911133 14.359502792358398 -24.771684646606445 
v -29.337133407592773 14.359502792358398 -24.88802146911621 
v -29.337133407592773 14.359502792358398 1.4943528175354004 
v -29.367799758911133 14.359502792358398 1.352164626121521 
v -29.367799758911133 14.359502792358398 0.9385262131690979 
v -29.337133407592773 14.516048431396484 0.9385262131690979 
v -29.337133407592773 14.516048431396484 -24.383899688720703 
v -29.337133407592773 14.516048431396484 -24.771684646606445 
v -29.306467056274414 14.47335433959961 -24.86216926574707 
v -27.451175689697266 14.47335433959961 1.4555741548538208 
v -27.420509338378906 14.516048431396484 1.352164626121521 
v -27.52783966064453 14.516048431396484 1.4943528175354004 
v -29.337133407592773 0.13519825041294098 -24.88802146911621 
v -29.367799758911133 0.13519825041294098 -24.771684646606445 
v -29.306467056274414 0.0640411525964737 -24.86216926574707 
v -29.337133407592773 0.03557831048965454 -24.771684646606445 
v -29.337133407592773 0.03557831048965454 -24.383899688720703 
v -29.306467056274414 0.0640411525964737 -24.86216926574707 
v -29.337133407592773 0.13519825041294098 -24.88802146911621 
v -29.245136260986328 0.03557831048965454 -24.88802146911621 
v -29.245136260986328 0.13519825041294098 -24.926799774169922 
v -28.96914291381836 0.03557831048965454 -24.88802146911621 
v -28.96914291381836 0.13519825041294098 -24.926799774169922 
v -28.38648796081543 0.13519825041294098 -24.926799774169922 
v -28.38648796081543 0.46252089738845825 -24.926799774169922 
v -27.803834915161133 0.46252089738845825 -24.926799774169922 
v -28.38648796081543 13.989485740661621 -24.926799774169922 
v -27.803834915161133 13.989485740661621 -24.926799774169922 
v -28.38648796081543 14.359502792358398 -24.926799774169922 
v -27.803834915161133 14.359502792358398 -24.926799774169922 
v -28.38648796081543 14.516048431396484 -24.88802146911621 
v -27.803834915161133 14.516048431396484 -24.88802146911621 
v -29.337133407592773 0.46252089738845825 -24.88802146911621 
v -29.245136260986328 0.46252089738845825 -24.926799774169922 
v -28.96914291381836 0.46252089738845825 -24.926799774169922 
v -28.96914291381836 13.989485740661621 -24.926799774169922 
v -28.96914291381836 14.359502792358398 -24.926799774169922 
v -28.96914291381836 14.516048431396484 -24.88802146911621 
v -29.245136260986328 13.989485740661621 -24.926799774169922 
v -29.245136260986328 14.359502792358398 -24.926799774169922 
v -29.245136260986328 14.516048431396484 -24.88802146911621 
v -29.337133407592773 13.989485740661621 -24.88802146911621 
v -29.337133407592773 14.359502792358398 -24.88802146911621 
v -29.306467056274414 14.47335433959961 -24.86216926574707 
v 1.512861967086792 8.332496643066406 1.0160833597183228 
v 1.7275240421295166 8.545967102050781 0.36977338790893555 
v 0.8842089772224426 8.545967102050781 1.2487549781799316 
v 0.8842089772224426 8.823480606079102 0.36977338790893555 
v -0.28109899163246155 8.545967102050781 1.2487549781799316 
v -0.28109899163246155 8.823480606079102 0.36977338790893555 
v -24.997894287109375 8.823480606079102 0.36977338790893555 
v -0.28109899163246155 8.823480606079102 -0.6772487759590149 
v -24.997894287109375 8.823480606079102 -0.6772487759590149 
v -0.28109899163246155 8.823480606079102 -22.768125534057617 
v -24.997894287109375 8.823480606079102 -22.768125534057617 
v -24.997894287109375 8.823480606079102 -23.802221298217773 
v -26.19386863708496 8.823480606079102 -22.768125534057617 
v -26.19386863708496 8.823480606079102 -23.802221298217773 
v -27.08318328857422 8.545967102050781 -22.768125534057617 
v -27.08318328857422 8.545967102050781 -23.802221298217773 
v -27.08318328857422 8.545967102050781 -0.6772487759590149 
v -26.19386863708496 8.823480606079102 -0.6772487759590149 
v -27.08318328857422 8.545967102050781 0.36977338790893555 
v -26.19386863708496 8.823480606079102 0.36977338790893555 
v -27.0985164642334 8.332496643066406 1.0160833597183228 
v -26.19386863708496 8.545967102050781 1.2487549781799316 
v -24.997894287109375 8.545967102050781 1.2487549781799316 
v -27.08318328857422 4.390392780303955 -22.768125534057617 
v -27.08318328857422 4.390392780303955 -23.802221298217773 
v -27.374509811401367 5.158889293670654 -23.802221298217773 
v -27.08318328857422 5.158889293670654 -24.642423629760742 
v -26.853187561035156 4.589632511138916 -24.422677993774414 
v -27.08318328857422 5.7637248039245605 -24.642423629760742 
v 1.7275240421295166 8.545967102050781 -0.6772487759590149 
v 0.8842089772224426 8.823480606079102 -0.6772487759590149 
v 1.7275240421295166 8.545967102050781 -22.768125534057617 
v 0.8842089772224426 8.823480606079102 -22.768125534057617 
v 1.7275240421295166 8.545967102050781 -23.802221298217773 
v 0.8842089772224426 8.823480606079102 -23.802221298217773 
v -0.28109899163246155 8.823480606079102 -23.802221298217773 
v -0.28109899163246155 8.545967102050781 -24.642423629760742 
v -24.997894287109375 8.545967102050781 -24.642423629760742 
v -26.19386863708496 8.545967102050781 -24.642423629760742 
v -27.08318328857422 8.332496643066406 -24.422677993774414 
v 0.8842089772224426 8.545967102050781 -24.642423629760742 
v 1.512861967086792 8.332496643066406 -24.422677993774414 
v -26.853187561035156 4.589632511138916 -24.422677993774414 
v -27.08318328857422 5.158889293670654 -24.642423629760742 
v -26.19386863708496 4.390392780303955 -24.642423629760742 
v -26.19386863708496 5.158889293670654 -24.926799774169922 
v -24.997894287109375 4.390392780303955 -24.642423629760742 
v -24.997894287109375 5.158889293670654 -24.926799774169922 
v -0.28109899163246155 4.390392780303955 -24.642423629760742 
v -0.28109899163246155 5.158889293670654 -24.926799774169922 
v 0.8842089772224426 5.158889293670654 -24.926799774169922 
v 0.8842089772224426 5.7637248039245605 -24.926799774169922 
v 1.7275240421295166 5.7637248039245605 -24.642423629760742 
v 0.8842089772224426 7.051668167114258 -24.926799774169922 
v 1.7275240421295166 7.051668167114258 -24.642423629760742 
v 0.8842089772224426 7.7134294509887695 -24.926799774169922 
v 1.7275240421295166 7.7134294509887695 -24.642423629760742 
v 0.8842089772224426 8.545967102050781 -24.642423629760742 
v 1.512861967086792 8.332496643066406 -24.422677993774414 
v -0.28109899163246155 8.545967102050781 -24.642423629760742 
v -0.28109899163246155 7.7134294509887695 -24.926799774169922 
v -24.997894287109375 7.7134294509887695 -24.926799774169922 
v -0.28109899163246155 7.051668167114258 -24.926799774169922 
v -24.997894287109375 7.051668167114258 -24.926799774169922 
v -0.28109899163246155 5.7637248039245605 -24.926799774169922 
v -24.997894287109375 5.7637248039245605 -24.926799774169922 
v -26.19386863708496 5.7637248039245605 -24.926799774169922 
v -27.08318328857422 5.7637248039245605 -24.642423629760742 
v 0.8842089772224426 4.390392780303955 -24.642423629760742 
v 1.7275240421295166 5.158889293670654 -24.642423629760742 
v 1.512861967086792 4.589632511138916 -24.422677993774414 
v -24.997894287109375 8.545967102050781 -24.642423629760742 
v -26.19386863708496 8.545967102050781 -24.642423629760742 
v -26.19386863708496 7.7134294509887695 -24.926799774169922 
v -26.19386863708496 7.051668167114258 -24.926799774169922 
v -27.08318328857422 7.051668167114258 -24.642423629760742 
v -27.08318328857422 7.7134294509887695 -24.642423629760742 
v -27.08318328857422 8.332496643066406 -24.422677993774414 
v -28.38648796081543 0.03557831048965454 -24.88802146911621 
v -27.803834915161133 0.13519825041294098 -24.926799774169922 
v -27.803834915161133 0.03557831048965454 -24.88802146911621 
v -27.52783966064453 0.13519825041294098 -24.926799774169922 
v -27.52783966064453 0.03557831048965454 -24.88802146911621 
v -27.420509338378906 0.13519825041294098 -24.88802146911621 
v -27.451175689697266 0.0640411525964737 -24.86216926574707 
v -27.52783966064453 0.46252089738845825 -24.926799774169922 
v -27.420509338378906 0.46252089738845825 -24.88802146911621 
v -27.52783966064453 13.989485740661621 -24.926799774169922 
v -27.420509338378906 13.989485740661621 -24.88802146911621 
v -27.52783966064453 14.359502792358398 -24.926799774169922 
v -27.420509338378906 14.359502792358398 -24.88802146911621 
v -27.52783966064453 14.516048431396484 -24.88802146911621 
v -27.451175689697266 14.47335433959961 -24.86216926574707 
v 0.8842089772224426 4.390392780303955 1.2487549781799316 
v 1.7275240421295166 4.390392780303955 0.36977338790893555 
v 1.512861967086792 4.589632511138916 1.0160833597183228 
v 1.512861967086792 8.332496643066406 1.0160833597183228 
v 1.7275240421295166 7.7134294509887695 1.2487549781799316 
v 1.7275240421295166 8.545967102050781 0.36977338790893555 
v 2.0188510417938232 7.7134294509887695 0.36977338790893555 
v 1.7275240421295166 8.545967102050781 -0.6772487759590149 
v 2.0188510417938232 7.7134294509887695 -0.6772487759590149 
v 1.7275240421295166 8.545967102050781 -22.768125534057617 
v 2.0188510417938232 7.7134294509887695 -22.768125534057617 
v 2.0188510417938232 7.7134294509887695 -23.802221298217773 
v 2.0188510417938232 7.051668167114258 -23.802221298217773 
v 1.7275240421295166 7.051668167114258 -24.642423629760742 
v 1.7275240421295166 5.7637248039245605 -24.642423629760742 
v 1.7275240421295166 7.051668167114258 1.2487549781799316 
v 2.0188510417938232 7.051668167114258 0.36977338790893555 
v 2.0188510417938232 7.051668167114258 -0.6772487759590149 
v 2.0188510417938232 7.051668167114258 -22.768125534057617 
v 2.0188510417938232 5.7637248039245605 -22.768125534057617 
v 2.0188510417938232 5.7637248039245605 -23.802221298217773 
v 1.7275240421295166 5.158889293670654 -24.642423629760742 
v 1.7275240421295166 8.545967102050781 -23.802221298217773 
v 1.7275240421295166 7.7134294509887695 -24.642423629760742 
v 1.512861967086792 8.332496643066406 -24.422677993774414 
v -27.420509338378906 14.516048431396484 1.352164626121521 
v -27.420509338378906 14.359502792358398 1.4943528175354004 
v -27.451175689697266 14.47335433959961 1.4555741548538208 
v -27.52783966064453 14.516048431396484 1.4943528175354004 
v -27.420509338378906 14.359502792358398 1.4943528175354004 
v -27.52783966064453 14.359502792358398 1.5331313610076904 
v -27.420509338378906 13.989485740661621 1.4943528175354004 
v -27.52783966064453 13.989485740661621 1.5331313610076904 
v -27.420509338378906 0.46252089738845825 1.4943528175354004 
v -27.52783966064453 0.46252089738845825 1.5331313610076904 
v -27.420509338378906 0.13519825041294098 1.4943528175354004 
v -27.52783966064453 0.13519825041294098 1.5331313610076904 
v -27.451175689697266 0.0640411525964737 1.4555741548538208 
v -27.52783966064453 0.03557831048965454 1.4943528175354004 
v -27.803834915161133 14.516048431396484 1.4943528175354004 
v -27.803834915161133 14.359502792358398 1.5331313610076904 
v -27.803834915161133 13.989485740661621 1.5331313610076904 
v -27.803834915161133 0.46252089738845825 1.5331313610076904 
v -28.38648796081543 13.989485740661621 1.5331313610076904 
v -28.38648796081543 0.46252089738845825 1.5331313610076904 
v -28.96914291381836 0.46252089738845825 1.5331313610076904 
v -28.96914291381836 0.13519825041294098 1.5331313610076904 
v -29.245136260986328 0.13519825041294098 1.5331313610076904 
v -29.245136260986328 0.03557831048965454 1.4943528175354004 
v -29.306467056274414 0.0640411525964737 1.4555741548538208 
v -28.38648796081543 14.516048431396484 1.4943528175354004 
v -28.38648796081543 14.359502792358398 1.5331313610076904 
v -28.96914291381836 14.516048431396484 1.4943528175354004 
v -28.96914291381836 14.359502792358398 1.5331313610076904 
v -28.96914291381836 13.989485740661621 1.5331313610076904 
v -29.245136260986328 0.46252089738845825 1.5331313610076904 
v -29.337133407592773 0.13519825041294098 1.4943528175354004 
v -29.245136260986328 13.989485740661621 1.5331313610076904 
v -29.245136260986328 14.359502792358398 1.5331313610076904 
v -29.245136260986328 14.516048431396484 1.4943528175354004 
v -29.337133407592773 14.359502792358398 1.4943528175354004 
v -29.337133407592773 13.989485740661621 1.4943528175354004 
v -29.337133407592773 0.46252089738845825 1.4943528175354004 
v -28.96914291381836 0.03557831048965454 1.4943528175354004 
v -28.38648796081543 0.13519825041294098 1.5331313610076904 
v -28.38648796081543 0.03557831048965454 1.4943528175354004 
v -27.803834915161133 0.13519825041294098 1.5331313610076904 
v -27.803834915161133 0.03557831048965454 1.4943528175354004 
v -29.337133407592773 14.516048431396484 1.352164626121521 
v -29.306467056274414 14.47335433959961 1.4555741548538208 
v -29.245136260986328 14.565857887268066 1.352164626121521 
v -29.245136260986328 14.516048431396484 1.4943528175354004 
v -27.451175689697266 0.0640411525964737 1.4555741548538208 
v -27.52783966064453 0.03557831048965454 1.4943528175354004 
v -27.420509338378906 0.03557831048965454 1.352164626121521 
v -27.52783966064453 -2.3841900542720396e-7 1.352164626121521 
v -27.420509338378906 0.03557831048965454 0.9385262131690979 
v -27.803834915161133 0.03557831048965454 1.4943528175354004 
v -27.803834915161133 -2.3841900542720396e-7 1.352164626121521 
v -28.38648796081543 0.03557831048965454 1.4943528175354004 
v 1.7275240421295166 4.390392780303955 -22.768125534057617 
v 1.7275240421295166 4.390392780303955 -23.802221298217773 
v 2.0188510417938232 5.158889293670654 -22.768125534057617 
v 2.0188510417938232 5.158889293670654 -23.802221298217773 
v 2.0188510417938232 5.7637248039245605 -0.6772487759590149 
v 2.0188510417938232 5.7637248039245605 0.36977338790893555 
v 2.0188510417938232 5.158889293670654 0.36977338790893555 
v 2.0188510417938232 5.158889293670654 -0.6772487759590149 
v 1.7275240421295166 4.390392780303955 0.36977338790893555 
v 1.7275240421295166 4.390392780303955 -0.6772487759590149 
v 1.512861967086792 4.589632511138916 1.0160833597183228 
v 1.7275240421295166 5.158889293670654 1.2487549781799316 
v 1.7275240421295166 5.7637248039245605 1.2487549781799316 
v 1.512861967086792 4.589632511138916 -24.422677993774414 
v -29.306467056274414 14.47335433959961 1.4555741548538208 
v -27.451175689697266 14.47335433959961 1.4555741548538208 
v -29.306467056274414 14.47335433959961 -24.86216926574707 
vn -0.5392682552337646 -0.6338708400726318 0.5544344186782837 
vn -0.6862676739692688 -0.20793098211288452 0.6969945430755615 
vn -0.6543502807617188 -0.743640661239624 0.1372016966342926 
vn -0.9668431282043457 -0.20962202548980713 0.1458524912595749 
vn -0.651740550994873 -0.7584388852119446 0.002184694167226553 
vn -0.9777246117591858 -0.20988060534000397 0.002184694167226553 
vn -0.9777246117591858 -0.20988060534000397 0.002184694167226553 
vn -0.999997615814209 -2.0682260971124217e-13 0.002184694167226553 
vn -0.999997615814209 -2.0682260971124217e-13 0.002184694167226553 
vn -0.999997615814209 -2.0682260971124217e-13 0.002184694167226553 
vn -0.9879940152168274 -2.043399900241577e-13 -0.15449213981628418 
vn -0.9879940152168274 -2.043399900241577e-13 -0.15449213981628418 
vn -0.6891098022460938 0.003778226673603058 -0.7246471047401428 
vn -0.9822403788566589 0.1542331427335739 -0.10684575140476227 
vn -0.6014111638069153 0.1350513994693756 -0.7874425053596497 
vn -0.49089768528938293 0.6242271661758423 -0.607749879360199 
vn -0.6985594630241394 -1.4447823363031298e-13 0.715552031993866 
vn -0.9886524081230164 0.0037739467807114124 0.15017375349998474 
vn -0.6985594630241394 -1.4447823363031298e-13 0.715552031993866 
vn -0.9886524081230164 0.0037739467807114124 0.15017375349998474 
vn -0.999997615814209 -2.0682260971124217e-13 0.002184694167226553 
vn -0.9807829260826111 0.19508986175060272 0.002184694167226553 
vn -0.6085627675056458 0.134486585855484 0.7820260524749756 
vn -0.9832988977432251 0.15038950741291046 0.10250037163496017 
vn -0.9807829260826111 0.19508986175060272 0.002184694167226553 
vn -0.6799074411392212 0.733294665813446 0.002184694167226553 
vn -0.6799074411392212 0.733294665813446 0.002184694167226553 
vn -0.6162527799606323 0.7814080119132996 0.0981530249118805 
vn -0.49667787551879883 0.6297282576560974 0.5972883701324463 
vn 0.5749370455741882 0.5949423909187317 0.5616858005523682 
vn 0.13485190272331238 0.7165694832801819 0.6843559741973877 
vn 0.7018129229545593 0.186423659324646 0.6875353455543518 
vn 0.13981671631336212 0.18734166026115417 0.9722933769226074 
vn 0.7140241861343384 0 0.7001210451126099 
vn 0.1436908096075058 0 0.9896226525306702 
vn 0.7140241861343384 0 0.7001210451126099 
vn 0.1436908096075058 0 0.9896226525306702 
vn 0.6977896094322205 -0.20095965266227722 0.6875353455543518 
vn 0.13811153173446655 -0.20416122674942017 0.9691457152366638 
vn 0.5597156286239624 -0.622378945350647 0.5471406579017639 
vn 0.12573650479316711 -0.7420421242713928 0.6584556698799133 
vn -0.001883754855953157 0.7231374382972717 0.6907016038894653 
vn -1.9758959483233245e-14 0.19107110798358917 0.9815762042999268 
vn 0 0 1 
vn 0 0 1 
vn 0 0 1 
vn -0.0018687433330342174 -0.2081882208585739 0.9780870079994202 
vn -0.12967827916145325 -0.2046201229095459 0.9702134728431702 
vn -0.12201692909002304 -0.742662787437439 0.6584556698799133 
vn -0.5392682552337646 -0.6338708400726318 0.5544344186782837 
vn -1.9758959483233245e-14 0.19107110798358917 0.9815762042999268 
vn 0 0 1 
vn -0.1393151730298996 -0.003741681342944503 0.9902410507202148 
vn -0.6862676739692688 -0.20793098211288452 0.6969945430755615 
vn -0.001883754855953157 0.7231374382972717 0.6907016038894653 
vn -0.1314932405948639 0.1828959584236145 0.9742990136146545 
vn -0.12743966281414032 0.7179248332977295 0.6843559741973877 
vn -0.6085627675056458 0.134486585855484 0.7820260524749756 
vn -0.49667787551879883 0.6297282576560974 0.5972883701324463 
vn -0.1393151730298996 0.003741681342944503 0.9902410507202148 
vn -0.6985594630241394 -1.4447823363031298e-13 0.715552031993866 
vn -0.6985594630241394 -1.4447823363031298e-13 0.715552031993866 
vn 0.5552425384521484 -0.6166592836380005 -0.5580654144287109 
vn 0.6676528453826904 -0.7317208051681519 -0.1372016966342926 
vn 0.1258746236562729 -0.7331973910331726 -0.6682642698287964 
vn 0.12234947085380554 -0.9835525155067444 -0.1328723281621933 
vn 2.2955387048682885e-13 -0.7409969568252563 -0.6715083718299866 
vn 3.0686092772694296e-13 -0.9905431270599365 -0.1372016966342926 
vn 3.0686092772694296e-13 -0.9905431270599365 -0.1372016966342926 
vn 3.097898456858039e-13 -0.999997615814209 -0.002184694167226553 
vn 3.097898456858039e-13 -0.999997615814209 0.002184694167226553 
vn 3.097898456858039e-13 -0.999997615814209 0.002184694167226553 
vn -0.12053639441728592 -0.9927064776420593 0.002184694167226553 
vn -0.12053639441728592 -0.9927064776420593 0.002184694167226553 
vn -0.651740550994873 -0.7584388852119446 0.002184694167226553 
vn -0.11867157369852066 -0.9845783114433289 0.12854042649269104 
vn -0.6543502807617188 -0.743640661239624 0.1372016966342926 
vn -0.12201692909002304 -0.742662787437439 0.6584556698799133 
vn -0.5392682552337646 -0.6338708400726318 0.5544344186782837 
vn 0.0018842883873730898 -0.7497329711914062 0.661737859249115 
vn 0.001887112041004002 -0.9911313652992249 0.1328723281621933 
vn 0.0018842883873730898 -0.7497329711914062 0.661737859249115 
vn 0.001887112041004002 -0.9911313652992249 0.1328723281621933 
vn 0.12241996824741364 -0.9841192364692688 0.12854042649269104 
vn 0.1280297040939331 -0.991767942905426 0.002184694167226553 
vn 0.6687547564506531 -0.74347984790802 0.002184694167226553 
vn 0.1280297040939331 -0.991767942905426 -0.002184694167226553 
vn 0.6687547564506531 -0.74347984790802 0.002184694167226553 
vn 3.097898456858039e-13 -0.999997615814209 0.002184694167226553 
vn 0.0018842883873730898 -0.7497329711914062 0.661737859249115 
vn 0.0018842883873730898 -0.7497329711914062 0.661737859249115 
vn -0.0018687433330342174 -0.2081882208585739 0.9780870079994202 
vn 2.2955387048682885e-13 -0.7409969568252563 -0.6715083718299866 
vn -0.12215184420347214 -0.7338268160820007 -0.6682642698287964 
vn -0.11860322952270508 -0.9840112924575806 -0.1328723281621933 
vn -0.6503409743309021 -0.7463419437408447 -0.1415284425020218 
vn -0.5375869870185852 -0.6256526708602905 -0.5652954578399658 
vn -0.651740550994873 -0.7584388852119446 0.002184694167226553 
vn 0.5810948014259338 -0.6024665236473083 -0.5471406579017639 
vn 0.6944449543952942 -0.7171267867088318 -0.058952588587999344 
vn 0.07915056496858597 -0.733799397945404 -0.67473965883255 
vn 0.08854683488607407 -0.9940577745437622 -0.0633138045668602 
vn -0.0018898396519944072 -0.7350981831550598 -0.677958071231842 
vn 0.003776365192607045 -0.9977003335952759 -0.06767380982637405 
vn -0.0018898396519944072 -0.7350981831550598 -0.677958071231842 
vn 0.003776365192607045 -0.9977003335952759 -0.06767380982637405 
vn -0.0018898396519944072 -0.7350981831550598 -0.677958071231842 
vn 0.003776365192607045 -0.9977003335952759 -0.06767380982637405 
vn -0.08665540814399719 -0.7329510450363159 -0.67473965883255 
vn -0.09230422228574753 -0.9937158823013306 -0.0633138045668602 
vn -0.6253629326820374 -0.5773081183433533 -0.5250110030174255 
vn -0.7339733242988586 -0.6766149401664734 -0.058952588587999344 
vn 0.6963448524475098 -0.7177039980888367 -0.002184694167226553 
vn 0.0904986634850502 -0.995894193649292 0.002184694167226553 
vn 3.097898456858039e-13 -0.999997615814209 0.002184694167226553 
vn 3.097898456858039e-13 -0.999997615814209 0.002184694167226553 
vn 3.097898456858039e-13 -0.999997615814209 0.002184694167226553 
vn -0.0904986634850502 -0.995894193649292 0.002184694167226553 
vn -0.733294665813446 -0.6799074411392212 -0.002184694167226553 
vn 3.097898456858039e-13 -0.999997615814209 0.002184694167226553 
vn 3.097898456858039e-13 -0.999997615814209 0.002184694167226553 
vn -0.0904986634850502 -0.995894193649292 0.002184694167226553 
vn -0.733294665813446 -0.6799074411392212 0.002184694167226553 
vn -0.09232892841100693 -0.9939818978309631 0.058952588587999344 
vn -0.7341557145118713 -0.6767830848693848 0.05459024757146835 
vn -0.08845000714063644 -0.783812403678894 0.6146662831306458 
vn -0.6558594703674316 -0.6011976599693298 0.456519216299057 
vn -0.0018865399761125445 -0.7914631962776184 0.6112139225006104 
vn -0.0018864546436816454 -0.9979918599128723 0.0633138045668602 
vn -0.0018864546436816454 -0.9979918599128723 0.0633138045668602 
vn 3.097898456858039e-13 -0.999997615814209 0.002184694167226553 
vn 0.0904986634850502 -0.995894193649292 0.002184694167226553 
vn 0.6549215316772461 0.43476614356040955 -0.6181069612503052 
vn 0.8156986236572266 0.5739747881889343 -0.07203252613544464 
vn 0.722970724105835 0.06788560003042221 -0.6875353455543518 
vn 0.9953927993774414 0.06792216002941132 -0.06767380982637405 
vn 0.7261508703231812 0 -0.6875353455543518 
vn 0.9977074861526489 0 -0.06767380982637405 
vn 0.7261508703231812 0 -0.6875353455543518 
vn 0.9977074861526489 0 -0.06767380982637405 
vn 0.7222254276275635 -0.07540258765220642 -0.6875353455543518 
vn 0.9942504167556763 -0.08298425376415253 -0.06767380982637405 
vn 0.5810948014259338 -0.6024665236473083 -0.5471406579017639 
vn 0.6944449543952942 -0.7171267867088318 -0.058952588587999344 
vn 0.8229818940162659 0.5680633783340454 0.002184694167226553 
vn 0.9976887702941895 0.06791467219591141 -0.002184694167226553 
vn 0.999997615814209 0 0.002184694167226553 
vn 0.999997615814209 0 0.002184694167226553 
vn 0.999997615814209 0 0.002184694167226553 
vn 0.9965491890907288 -0.08297525346279144 -0.002184694167226553 
vn 0.9965491890907288 -0.08297525346279144 0.002184694167226553 
vn 0.6963448524475098 -0.7177039980888367 -0.002184694167226553 
vn 0.6963448524475098 -0.7177039980888367 0.002184694167226553 
vn -0.6159813404083252 0.7810637950897217 -0.10250037163496017 
vn 0.6549215316772461 0.43476614356040955 -0.6181069612503052 
vn 0.09966384619474411 0.5942323207855225 -0.7980946898460388 
vn 0.8156986236572266 0.5739747881889343 -0.07203252613544464 
vn 0.12230972945690155 0.9880491495132446 -0.09380380809307098 
vn 0.8229818940162659 0.5680633783340454 0.002184694167226553 
vn 0.1280297040939331 0.991767942905426 0.002184694167226553 
vn 0.8229818940162659 0.5680633783340454 -0.002184694167226553 
vn 0.1280297040939331 0.991767942905426 -0.002184694167226553 
vn 0.12235891819000244 0.9884465336799622 0.08945280313491821 
vn 0.0018864526646211743 0.9955888986587524 0.09380380809307098 
vn -0.0018861298449337482 0.6568071246147156 0.7540562748908997 
vn -0.0018861298449337482 0.6568071246147156 0.7540562748908997 
vn -6.122161019242109e-14 0.5920190215110779 -0.8059239983558655 
vn -1.0291221271430812e-13 0.995171308517456 -0.0981530249118805 
vn -1.0341130485562108e-13 0.999997615814209 0.002184694167226553 
vn -1.0341130485562108e-13 0.999997615814209 0.002184694167226553 
vn -1.0341130485562108e-13 0.999997615814209 0.002184694167226553 
vn -1.0341130485562108e-13 0.999997615814209 0.002184694167226553 
vn -1.0341130485562108e-13 0.999997615814209 0.002184694167226553 
vn 0.0018864526646211743 0.9955888986587524 0.09380380809307098 
vn -0.1335882693529129 0.9869915843009949 0.08945280313491821 
vn -0.11065485328435898 0.6540801525115967 0.7482877969741821 
vn -0.0018861298449337482 0.6568071246147156 0.7540562748908997 
vn 0.0018864526646211743 0.9955888986587524 0.09380380809307098 
vn 0.6944449543952942 -0.7171267867088318 0.058952588587999344 
vn 0.9945439100265503 -0.08290839195251465 0.0633138045668602 
vn 0.6138617396354675 -0.6298762559890747 0.4758462607860565 
vn 0.7762535214424133 -0.08285216987133026 0.6249527335166931 
vn 0.9979936480522156 0 0.0633138045668602 
vn 0.999997615814209 0 0.002184694167226553 
vn 0.9976887702941895 0.06791467219591141 0.002184694167226553 
vn 0.8229818940162659 0.5680633783340454 -0.002184694167226553 
vn 0.9956838488578796 0.06786000728607178 0.0633138045668602 
vn 0.9979936480522156 0 0.0633138045668602 
vn 0.7806625962257385 0 0.6249527335166931 
vn 0.7806625962257385 0 0.6249527335166931 
vn -6.122161019242109e-14 0.5920190215110779 -0.8059239983558655 
vn -1.0291221271430812e-13 0.995171308517456 -0.0981530249118805 
vn -6.122161019242109e-14 0.5920190215110779 -0.8059239983558655 
vn -1.0291221271430812e-13 0.995171308517456 -0.0981530249118805 
vn -1.0341130485562108e-13 0.999997615814209 0.002184694167226553 
vn -0.1355157196521759 0.9907727837562561 -0.002184694167226553 
vn -0.8438044190406799 0.5329028367996216 0.0633138045668602 
vn -0.1355157196521759 0.9907727837562561 0.002184694167226553 
vn -0.13353456556797028 0.9865948557853699 -0.09380380809307098 
vn -0.10338807851076126 0.5935956835746765 -0.7980946898460388 
vn -0.8452133536338806 0.5301270484924316 -0.06767380982637405 
vn -0.8478681445121765 0.5302026271820068 0.002184694167226553 
vn -0.8478681445121765 0.5302026271820068 -0.002184694167226553 
vn -0.6558594703674316 -0.6011976599693298 0.456519216299057 
vn -0.8059219717979431 -0.07902134209871292 0.5867242813110352 
vn -0.7341557145118713 -0.6767830848693848 0.05459024757146835 
vn -0.9959340691566467 -0.07166066765785217 0.05459024757146835 
vn -0.733294665813446 -0.6799074411392212 0.002184694167226553 
vn -0.9971474409103394 -0.07544711232185364 0.002184694167226553 
vn -0.9971474409103394 -0.07544711232185364 -0.002184694167226553 
vn -0.999997615814209 -2.0682260971124217e-13 0.002184694167226553 
vn -0.999997615814209 -2.0682260971124217e-13 0.002184694167226553 
vn -0.999997615814209 -2.0682260971124217e-13 0.002184694167226553 
vn -0.9979865550994873 0.0037729027681052685 -0.0633138045668602 
vn -0.9979865550994873 0.0037729027681052685 -0.0633138045668602 
vn -0.7611764073371887 0.003777765901759267 -0.6485338807106018 
vn -0.7611764073371887 0.003777765901759267 -0.6485338807106018 
vn -0.8123339414596558 -0.0037696314975619316 0.5831804275512695 
vn -0.9982536435127258 0.0037739125546067953 0.058952588587999344 
vn -0.8123339414596558 0.0037696314975619316 0.5831804275512695 
vn -0.9982536435127258 0.0037739125546067953 0.058952588587999344 
vn -0.999997615814209 -2.0682260971124217e-13 0.002184694167226553 
vn -0.998173177242279 0.06037835404276848 0.002184694167226553 
vn -0.9966561198234558 0.056578487157821655 -0.058952588587999344 
vn -0.7584781050682068 0.06414611637592316 -0.6485338807106018 
vn -0.807253360748291 0.0640047937631607 0.5867242813110352 
vn -0.9969037771224976 0.05659254640340805 0.05459024757146835 
vn -0.998173177242279 0.06037835404276848 0.002184694167226553 
vn -0.8478681445121765 0.5302026271820068 -0.002184694167226553 
vn -0.8478681445121765 0.5302026271820068 0.002184694167226553 
vn -0.8452133536338806 0.5301270484924316 -0.06767380982637405 
vn -0.6942738890647888 0.41681936383247375 -0.5867242813110352 
vn 0.6932106614112854 0.46914398670196533 0.5471406579017639 
vn 0.8159482479095459 0.5741503834724426 0.06767380982637405 
vn 0.10693725943565369 0.6546981930732727 0.7482877969741821 
vn -0.7578040361404419 -0.07167152315378189 -0.6485338807106018 
vn -0.9956866502761841 -0.07164286077022552 -0.058952588587999344 
vn -0.6253629326820374 -0.5773081183433533 -0.5250110030174255 
vn -0.7339733242988586 -0.6766149401664734 -0.058952588587999344 
vn -0.733294665813446 -0.6799074411392212 -0.002184694167226553 
vn -0.6253629326820374 -0.5773081183433533 -0.5250110030174255 
vn -0.7578040361404419 -0.07167152315378189 -0.6485338807106018 
vn -0.08665540814399719 -0.7329510450363159 -0.67473965883255 
vn -0.10012713074684143 -0.08401664346456528 -0.991421103477478 
vn -0.0018898396519944072 -0.7350981831550598 -0.677958071231842 
vn 2.703748479986924e-14 -0.0872766524553299 -0.9961841106414795 
vn 2.703748479986924e-14 -0.0872766524553299 -0.9961841106414795 
vn 2.0682311115474694e-13 4.2775797696334704e-26 -1 
vn 2.0682311115474694e-13 4.2775797696334704e-26 -1 
vn -2.0682311115474694e-13 0 -1 
vn -2.0682311115474694e-13 0 -1 
vn 0.0037817833945155144 0.06975089013576508 -0.9975572824478149 
vn 0.0037817833945155144 0.06975089013576508 -0.9975572824478149 
vn -6.122161019242109e-14 0.5920190215110779 -0.8059239983558655 
vn -6.122161019242109e-14 0.5920190215110779 -0.8059239983558655 
vn -0.7611764073371887 0.003777765901759267 -0.6485338807106018 
vn -0.1002550795674324 0.0037965194787830114 -0.994954526424408 
vn 2.0682311115474694e-13 4.2775797696334704e-26 -1 
vn 2.0682311115474694e-13 4.2775797696334704e-26 -1 
vn 0.0037817833945155144 0.06975089013576508 -0.9975572824478149 
vn -6.122161019242109e-14 0.5920190215110779 -0.8059239983558655 
vn -0.1002550795674324 0.0037965194787830114 -0.994954526424408 
vn -0.10133888572454453 0.06799781322479248 -0.9925254583358765 
vn -0.10338807851076126 0.5935956835746765 -0.7980946898460388 
vn -0.7611764073371887 0.003777765901759267 -0.6485338807106018 
vn -0.7584781050682068 0.06414611637592316 -0.6485338807106018 
vn -0.6942738890647888 0.41681936383247375 -0.5867242813110352 
vn 0.5749370455741882 0.5949423909187317 0.5616858005523682 
vn 0.6903467178344727 0.710349977016449 0.1372016966342926 
vn 0.13485190272331238 0.7165694832801819 0.6843559741973877 
vn 0.1297592669725418 0.9820072650909424 0.1372016966342926 
vn -0.001883754855953157 0.7231374382972717 0.6907016038894653 
vn -1.0237063340036087e-13 0.9899342060089111 0.1415284425020218 
vn -1.0237063340036087e-13 0.9899342060089111 0.1415284425020218 
vn -1.0341130485562108e-13 0.999997615814209 0.002184694167226553 
vn -1.0341130485562108e-13 0.999997615814209 0.002184694167226553 
vn -1.0341130485562108e-13 0.999997615814209 -0.002184694167226553 
vn -1.0341130485562108e-13 0.999997615814209 0.002184694167226553 
vn -0.001888211234472692 0.9893045425415039 -0.1458524912595749 
vn -0.1280297040939331 0.991767942905426 0.002184694167226553 
vn -0.12796491384506226 0.9816285967826843 -0.1415284425020218 
vn -0.6799074411392212 0.733294665813446 0.002184694167226553 
vn -0.6159813404083252 0.7810637950897217 -0.10250037163496017 
vn -0.6799074411392212 0.733294665813446 0.002184694167226553 
vn -0.1280297040939331 0.991767942905426 -0.002184694167226553 
vn -0.6162527799606323 0.7814080119132996 0.0981530249118805 
vn -0.12601886689662933 0.9824942350387573 0.1372016966342926 
vn -0.49667787551879883 0.6297282576560974 0.5972883701324463 
vn -0.12743966281414032 0.7179248332977295 0.6843559741973877 
vn -0.001883754855953157 0.7231374382972717 0.6907016038894653 
vn -0.651740550994873 -0.7584388852119446 0.002184694167226553 
vn -0.6503409743309021 -0.7463419437408447 -0.1415284425020218 
vn -0.9669502973556519 -0.20604605972766876 -0.15017375349998474 
vn -0.6776370406150818 -0.20469585061073303 -0.7063339352607727 
vn -0.5375869870185852 -0.6256526708602905 -0.5652954578399658 
vn -0.6891098022460938 0.003778226673603058 -0.7246471047401428 
vn 0.6963448524475098 0.7177039980888367 0.002184694167226553 
vn 0.1355157196521759 0.9907727837562561 -0.002184694167226553 
vn 0.6963448524475098 0.7177039980888367 -0.002184694167226553 
vn 0.1355157196521759 0.9907727837562561 -0.002184694167226553 
vn 0.6892330646514893 0.7105824947357178 -0.1415284425020218 
vn 0.12796491384506226 0.9816285967826843 -0.1415284425020218 
vn -0.001888211234472692 0.9893045425415039 -0.1458524912595749 
vn -0.003776367986574769 0.7140141725540161 -0.7001210451126099 
vn -0.003776367986574769 0.7140141725540161 -0.7001210451126099 
vn -0.12215273827314377 0.7096790671348572 -0.6938546895980835 
vn -0.49089768528938293 0.6242271661758423 -0.607749879360199 
vn 0.13330337405204773 0.7076693177223206 -0.6938546895980835 
vn 0.5672152638435364 0.5885766744613647 -0.5760593414306641 
vn -0.5375869870185852 -0.6256526708602905 -0.5652954578399658 
vn -0.6776370406150818 -0.20469585061073303 -0.7063339352607727 
vn -0.12215184420347214 -0.7338268160820007 -0.6682642698287964 
vn -0.13183856010437012 -0.19816002249717712 -0.9712626934051514 
vn 2.2955387048682885e-13 -0.7409969568252563 -0.6715083718299866 
vn 0.0037780406419187784 -0.19960573315620422 -0.97986900806427 
vn 2.2955387048682885e-13 -0.7409969568252563 -0.6715083718299866 
vn -0.0037780406419187784 -0.19960573315620422 -0.97986900806427 
vn 0.13183856010437012 -0.19816002249717712 -0.9712626934051514 
vn 0.13936540484428406 0 -0.9902410507202148 
vn 0.7047857642173767 0 -0.7094202041625977 
vn 0.13936540484428406 0 -0.9902410507202148 
vn 0.7047857642173767 0 -0.7094202041625977 
vn 0.13270960748195648 0.1820152848958969 -0.9742990136146545 
vn 0.6923154592514038 0.1868097484111786 -0.6969945430755615 
vn 0.13330337405204773 0.7076693177223206 -0.6938546895980835 
vn 0.5672152638435364 0.5885766744613647 -0.5760593414306641 
vn -0.003776367986574769 0.7140141725540161 -0.7001210451126099 
vn -0.0018928318750113249 0.18677081167697906 -0.9824016690254211 
vn -0.0018928318750113249 0.18677081167697906 -0.9824016690254211 
vn -2.0682311115474694e-13 0 -1 
vn -2.0682311115474694e-13 0 -1 
vn -2.0682311115474694e-13 0 -1 
vn -2.0682311115474694e-13 0 -1 
vn -0.13503733277320862 -2.7928841287187464e-14 -0.990840494632721 
vn -0.6891098022460938 0.003778226673603058 -0.7246471047401428 
vn 0.1258746236562729 -0.7331973910331726 -0.6682642698287964 
vn 0.688223123550415 -0.20136427879333496 -0.6969945430755615 
vn 0.5552425384521484 -0.6166592836380005 -0.5580654144287109 
vn -0.003776367986574769 0.7140141725540161 -0.7001210451126099 
vn -0.12215273827314377 0.7096790671348572 -0.6938546895980835 
vn -0.12119714170694351 0.1796821504831314 -0.976230263710022 
vn -0.13503733277320862 -2.7928841287187464e-14 -0.990840494632721 
vn -0.6891098022460938 0.003778226673603058 -0.7246471047401428 
vn -0.6014111638069153 0.1350513994693756 -0.7874425053596497 
vn -0.49089768528938293 0.6242271661758423 -0.607749879360199 
vn -0.0018898396519944072 -0.7350981831550598 -0.677958071231842 
vn 2.703748479986924e-14 -0.0872766524553299 -0.9961841106414795 
vn -0.0018898396519944072 -0.7350981831550598 -0.677958071231842 
vn 0.09516831487417221 -0.08314605057239532 -0.9919826984405518 
vn 0.07915056496858597 -0.733799397945404 -0.67473965883255 
vn 0.7222254276275635 -0.07540258765220642 -0.6875353455543518 
vn 0.5810948014259338 -0.6024665236473083 -0.5471406579017639 
vn 0.09597864747047424 0 -0.9953833818435669 
vn 0.7261508703231812 0 -0.6875353455543518 
vn 0.09597864747047424 0 -0.9953833818435669 
vn 0.7261508703231812 0 -0.6875353455543518 
vn 0.09385910630226135 0.07101960480213165 -0.9930492043495178 
vn 0.722970724105835 0.06788560003042221 -0.6875353455543518 
vn 0.09966384619474411 0.5942323207855225 -0.7980946898460388 
vn 0.6549215316772461 0.43476614356040955 -0.6181069612503052 
vn 0.12573650479316711 -0.7420421242713928 0.6584556698799133 
vn 0.6631975173950195 -0.7365554571151733 0.1328723281621933 
vn 0.5597156286239624 -0.622378945350647 0.5471406579017639 
vn 0.5749370455741882 0.5949423909187317 0.5616858005523682 
vn 0.7018129229545593 0.186423659324646 0.6875353455543518 
vn 0.6903467178344727 0.710349977016449 0.1372016966342926 
vn 0.9720014929771423 0.18757088482379913 0.1415284425020218 
vn 0.6963448524475098 0.7177039980888367 0.002184694167226553 
vn 0.9822282791137695 0.18767757713794708 0.002184694167226553 
vn 0.6963448524475098 0.7177039980888367 -0.002184694167226553 
vn 0.9822282791137695 0.18767757713794708 0.002184694167226553 
vn 0.9713415503501892 0.18767690658569336 -0.1458524912595749 
vn 0.9886596202850342 0 -0.15017375349998474 
vn 0.7047857642173767 0 -0.7094202041625977 
vn 0.7047857642173767 0 -0.7094202041625977 
vn 0.7140241861343384 0 0.7001210451126099 
vn 0.9893063306808472 0 0.1458524912595749 
vn 0.999997615814209 0 0.002184694167226553 
vn 0.999997615814209 0 0.002184694167226553 
vn 0.999997615814209 0 0.002184694167226553 
vn 0.9886596202850342 0 -0.15017375349998474 
vn 0.688223123550415 -0.20136427879333496 -0.6969945430755615 
vn 0.6892330646514893 0.7105824947357178 -0.1415284425020218 
vn 0.6923154592514038 0.1868097484111786 -0.6969945430755615 
vn 0.5672152638435364 0.5885766744613647 -0.5760593414306641 
vn 0.8159482479095459 0.5741503834724426 0.06767380982637405 
vn 0.7777101397514343 0.0678304061293602 0.6249527335166931 
vn 0.6932106614112854 0.46914398670196533 0.5471406579017639 
vn 0.10693725943565369 0.6546981930732727 0.7482877969741821 
vn 0.7777101397514343 0.0678304061293602 0.6249527335166931 
vn 0.10656343400478363 0.08294165134429932 0.990840494632721 
vn 0.7806625962257385 0 0.6249527335166931 
vn 0.1133599802851677 0 0.9935539960861206 
vn 0.7806625962257385 0 0.6249527335166931 
vn 0.1133599802851677 0 0.9935539960861206 
vn 0.7762535214424133 -0.08285216987133026 0.6249527335166931 
vn 0.10789717733860016 -0.10132219642400742 0.9889853596687317 
vn 0.6138617396354675 -0.6298762559890747 0.4758462607860565 
vn 0.0847010388970375 -0.7842264175415039 0.6146662831306458 
vn -0.0018861298449337482 0.6568071246147156 0.7540562748908997 
vn 0.003720331471413374 0.08283961564302444 0.9965559244155884 
vn 0 0 1 
vn 0 0 1 
vn 0 0 1 
vn 0 0 1 
vn 0 0 1 
vn 3.2426803077542296e-14 -0.10467331111431122 0.9945066571235657 
vn -0.11287153512239456 -0.10230080038309097 0.9883291721343994 
vn -0.08845000714063644 -0.783812403678894 0.6146662831306458 
vn -0.6558594703674316 -0.6011976599693298 0.456519216299057 
vn -0.0018861298449337482 0.6568071246147156 0.7540562748908997 
vn -0.003720331471413374 0.08283961564302444 0.9965559244155884 
vn -0.0018861298449337482 0.6568071246147156 0.7540562748908997 
vn 0.003720331471413374 0.08283961564302444 0.9965559244155884 
vn 0 0 1 
vn -0.11764085292816162 -0.003734381403774023 0.9930492043495178 
vn -0.8059219717979431 -0.07902134209871292 0.5867242813110352 
vn -0.11764085292816162 -0.003734381403774023 0.9930492043495178 
vn -0.113622285425663 0.08070124685764313 0.9902410507202148 
vn -0.11065485328435898 0.6540801525115967 0.7482877969741821 
vn -0.807253360748291 0.0640047937631607 0.5867242813110352 
vn -0.8123339414596558 0.0037696314975619316 0.5831804275512695 
vn -0.8123339414596558 -0.0037696314975619316 0.5831804275512695 
vn -0.0018865399761125445 -0.7914631962776184 0.6112139225006104 
vn 3.2426803077542296e-14 -0.10467331111431122 0.9945066571235657 
vn -0.0018865399761125445 -0.7914631962776184 0.6112139225006104 
vn 3.2426803077542296e-14 -0.10467331111431122 0.9945066571235657 
vn -0.0018865399761125445 -0.7914631962776184 0.6112139225006104 
vn -0.8438044190406799 0.5329028367996216 0.0633138045668602 
vn -0.733036458492279 0.4413568675518036 0.5175535082817078 
vn -0.1335882693529129 0.9869915843009949 0.08945280313491821 
vn -0.11065485328435898 0.6540801525115967 0.7482877969741821 
vn 0.6138617396354675 -0.6298762559890747 0.4758462607860565 
vn 0.0847010388970375 -0.7842264175415039 0.6146662831306458 
vn 0.6944449543952942 -0.7171267867088318 0.058952588587999344 
vn 0.08857053518295288 -0.9943237900733948 0.058952588587999344 
vn 0.6963448524475098 -0.7177039980888367 0.002184694167226553 
vn -0.0018865399761125445 -0.7914631962776184 0.6112139225006104 
vn -0.0018864546436816454 -0.9979918599128723 0.0633138045668602 
vn -0.0018865399761125445 -0.7914631962776184 0.6112139225006104 
vn 0.6687547564506531 -0.74347984790802 0.002184694167226553 
vn 0.6676528453826904 -0.7317208051681519 -0.1372016966342926 
vn 0.9792816638946533 -0.20249100029468536 0.002184694167226553 
vn 0.9683628082275391 -0.2024858593940735 -0.1458524912595749 
vn 0.999997615814209 0 0.002184694167226553 
vn 0.9893063306808472 0 0.1458524912595749 
vn 0.9690279960632324 -0.20237195491790771 0.1415284425020218 
vn 0.9792816638946533 -0.20249100029468536 0.002184694167226553 
vn 0.6631975173950195 -0.7365554571151733 0.1328723281621933 
vn 0.6687547564506531 -0.74347984790802 0.002184694167226553 
vn 0.5597156286239624 -0.622378945350647 0.5471406579017639 
vn 0.6977896094322205 -0.20095965266227722 0.6875353455543518 
vn 0.7140241861343384 0 0.7001210451126099 
vn 0.5552425384521484 -0.6166592836380005 -0.5580654144287109 
vn -0.733036458492279 0.4413568675518036 0.5175535082817078 
vn 0.6932106614112854 0.46914398670196533 0.5471406579017639 
vn -0.6942738890647888 0.41681936383247375 -0.5867242813110352 
vt 0.42365121841430664 0.17714077234268188 
vt 0.42572230100631714 0.17634226381778717 
vt 0.4229608476161957 0.17933663725852966 
vt 0.42572230100631714 0.17933663725852966 
vt 0.4229608476161957 0.18302969634532928 
vt 0.42572230100631714 0.18302969634532928 
vt 0.42572230100631714 0.2605838477611542 
vt 0.42779338359832764 0.18302969634532928 
vt 0.42779338359832764 0.2605838477611542 
vt 0.43233004212379456 0.2605838477611542 
vt 0.42779338359832764 0.2641770839691162 
vt 0.43233004212379456 0.2641770839691162 
vt 0.43233004212379456 0.2670716643333435 
vt 0.4346969723701477 0.2641770839691162 
vt 0.4346969723701477 0.2670716643333435 
vt 0.4367680549621582 0.2663729786872864 
vt 0.42779338359832764 0.17634226381778717 
vt 0.42779338359832764 0.17933663725852966 
vt 0.43233004212379456 0.17634226381778717 
vt 0.43233004212379456 0.17933663725852966 
vt 0.43233004212379456 0.18302969634532928 
vt 0.4346969723701477 0.2605838477611542 
vt 0.4346969723701477 0.17634226381778717 
vt 0.4346969723701477 0.17933663725852966 
vt 0.4346969723701477 0.18302969634532928 
vt 0.43755704164505005 0.18302969634532928 
vt 0.43755704164505005 0.2605838477611542 
vt 0.43755704164505005 0.17933663725852966 
vt 0.4367680549621582 0.17714077234268188 
vt 0.4012637734413147 0.17833851277828217 
vt 0.40205276012420654 0.18053439259529114 
vt 0.3991926908493042 0.17754001915454865 
vt 0.3991926908493042 0.18053439259529114 
vt 0.39682576060295105 0.17754001915454865 
vt 0.39682576060295105 0.18053439259529114 
vt 0.39228910207748413 0.17754001915454865 
vt 0.39228910207748413 0.18053439259529114 
vt 0.39021801948547363 0.17754001915454865 
vt 0.39021801948547363 0.18053439259529114 
vt 0.38814693689346313 0.17833851277828217 
vt 0.3874565660953522 0.18053439259529114 
vt 0.40205276012420654 0.18462669849395752 
vt 0.3991926908493042 0.18462669849395752 
vt 0.39682576060295105 0.18462669849395752 
vt 0.39228910207748413 0.18462669849395752 
vt 0.39228910207748413 0.2712637782096863 
vt 0.39021801948547363 0.2712637782096863 
vt 0.39021801948547363 0.27555570006370544 
vt 0.3874565660953522 0.27555570006370544 
vt 0.38814693689346313 0.2778513729572296 
vt 0.3991926908493042 0.2712637782096863 
vt 0.39682576060295105 0.2712637782096863 
vt 0.39228910207748413 0.27555570006370544 
vt 0.39021801948547363 0.27864986658096313 
vt 0.40205276012420654 0.2712637782096863 
vt 0.3991926908493042 0.27555570006370544 
vt 0.40205276012420654 0.27555570006370544 
vt 0.3991926908493042 0.27864986658096313 
vt 0.4012637734413147 0.27864986658096313 
vt 0.39682576060295105 0.27555570006370544 
vt 0.39682576060295105 0.27864986658096313 
vt 0.39228910207748413 0.27864986658096313 
vt 0.48134565353393555 0.07513260096311569 
vt 0.4835153818130493 0.07433409988880157 
vt 0.4805566668510437 0.07732846587896347 
vt 0.4835153818130493 0.07732846587896347 
vt 0.4805566668510437 0.08142077177762985 
vt 0.4835153818130493 0.08142077177762985 
vt 0.4835153818130493 0.16805784404277802 
vt 0.4871644079685211 0.08142077177762985 
vt 0.4871644079685211 0.16805784404277802 
vt 0.5646820664405823 0.16805784404277802 
vt 0.4871644079685211 0.17234978079795837 
vt 0.5646820664405823 0.17234978079795837 
vt 0.5646820664405823 0.17544396221637726 
vt 0.5683311223983765 0.17234978079795837 
vt 0.5683311223983765 0.17544396221637726 
vt 0.5713884830474854 0.17234978079795837 
vt 0.5705994963645935 0.17464546859264374 
vt 0.5713884830474854 0.16805784404277802 
vt 0.5683311223983765 0.16805784404277802 
vt 0.5713884830474854 0.08142077177762985 
vt 0.5683311223983765 0.08142077177762985 
vt 0.5683311223983765 0.07732846587896347 
vt 0.5646820664405823 0.07732846587896347 
vt 0.5646820664405823 0.07433409988880157 
vt 0.4871644079685211 0.07732846587896347 
vt 0.4871644079685211 0.07433409988880157 
vt 0.5646820664405823 0.08142077177762985 
vt 0.3874565660953522 0.2712637782096863 
vt 0.3874565660953522 0.18462669849395752 
vt 0.39021801948547363 0.18462669849395752 
vt 0.4805566668510437 0.16805784404277802 
vt 0.4805566668510437 0.17234978079795837 
vt 0.4835153818130493 0.17234978079795837 
vt 0.4835153818130493 0.17544396221637726 
vt 0.48134565353393555 0.17464546859264374 
vt 0.4871644079685211 0.17544396221637726 
vt 0.5135954022407532 0.17634226381778717 
vt 0.5136939883232117 0.17664170265197754 
vt 0.5132995247840881 0.17624245584011078 
vt 0.5132995247840881 0.17664170265197754 
vt 0.5123133063316345 0.17624245584011078 
vt 0.5123133063316345 0.17664170265197754 
vt 0.510242223739624 0.17624245584011078 
vt 0.510242223739624 0.17664170265197754 
vt 0.508269727230072 0.17624245584011078 
vt 0.508269727230072 0.17664170265197754 
vt 0.5072835087776184 0.17624245584011078 
vt 0.5072835087776184 0.17664170265197754 
vt 0.5069876313209534 0.17634226381778717 
vt 0.5068890452384949 0.17664170265197754 
vt 0.5136939883232117 0.1780390739440918 
vt 0.5132995247840881 0.1780390739440918 
vt 0.5123133063316345 0.1780390739440918 
vt 0.510242223739624 0.1780390739440918 
vt 0.508269727230072 0.1780390739440918 
vt 0.5072835087776184 0.1780390739440918 
vt 0.5068890452384949 0.1780390739440918 
vt 0.510242223739624 0.26687201857566833 
vt 0.508269727230072 0.26687201857566833 
vt 0.5072835087776184 0.26687201857566833 
vt 0.5068890452384949 0.26687201857566833 
vt 0.5072835087776184 0.268369197845459 
vt 0.5068890452384949 0.268369197845459 
vt 0.5072835087776184 0.26876845955848694 
vt 0.5069876313209534 0.26866865158081055 
vt 0.508269727230072 0.26876845955848694 
vt 0.508269727230072 0.268369197845459 
vt 0.510242223739624 0.268369197845459 
vt 0.5123133063316345 0.26687201857566833 
vt 0.5132995247840881 0.26687201857566833 
vt 0.5054096579551697 0.17644208669662476 
vt 0.5056068897247314 0.17674152553081512 
vt 0.5050151944160461 0.17634226381778717 
vt 0.5050151944160461 0.17674152553081512 
vt 0.5037330985069275 0.17634226381778717 
vt 0.5037330985069275 0.17674152553081512 
vt 0.4562954306602478 0.17634226381778717 
vt 0.4562954306602478 0.17674152553081512 
vt 0.4552105665206909 0.17634226381778717 
vt 0.4552105665206909 0.17674152553081512 
vt 0.4549146890640259 0.17644208669662476 
vt 0.454816073179245 0.17674152553081512 
vt 0.5056068897247314 0.17813889682292938 
vt 0.5050151944160461 0.17813889682292938 
vt 0.5037330985069275 0.17813889682292938 
vt 0.4562954306602478 0.17813889682292938 
vt 0.4562954306602478 0.26687201857566833 
vt 0.4552105665206909 0.17813889682292938 
vt 0.4552105665206909 0.26687201857566833 
vt 0.454816073179245 0.17813889682292938 
vt 0.454816073179245 0.26687201857566833 
vt 0.43755704164505005 0.2641770839691162 
vt 0.5216824412345886 0.26866865158081055 
vt 0.5213866233825684 0.26876845955848694 
vt 0.5217810869216919 0.268369197845459 
vt 0.5213866233825684 0.268369197845459 
vt 0.5217810869216919 0.2669718265533447 
vt 0.5213866233825684 0.2669718265533447 
vt 0.5217810869216919 0.17823870480060577 
vt 0.5213866233825684 0.17823870480060577 
vt 0.5213866233825684 0.17674152553081512 
vt 0.52040034532547 0.17674152553081512 
vt 0.52040034532547 0.17624245584011078 
vt 0.5183292627334595 0.17624245584011078 
vt 0.52040034532547 0.26876845955848694 
vt 0.52040034532547 0.268369197845459 
vt 0.52040034532547 0.2669718265533447 
vt 0.52040034532547 0.17823870480060577 
vt 0.5183292627334595 0.2669718265533447 
vt 0.5183292627334595 0.17823870480060577 
vt 0.5163568258285522 0.17823870480060577 
vt 0.5163568258285522 0.17674152553081512 
vt 0.5153706073760986 0.17674152553081512 
vt 0.5153706073760986 0.17624245584011078 
vt 0.5163568258285522 0.17624245584011078 
vt 0.5183292627334595 0.17674152553081512 
vt 0.454816073179245 0.268369197845459 
vt 0.4552105665206909 0.268369197845459 
vt 0.4549146890640259 0.26866865158081055 
vt 0.4552105665206909 0.26886826753616333 
vt 0.4562954306602478 0.268369197845459 
vt 0.5037330985069275 0.26687201857566833 
vt 0.5050151944160461 0.26687201857566833 
vt 0.5056068897247314 0.26687201857566833 
vt 0.5050151944160461 0.268369197845459 
vt 0.5037330985069275 0.268369197845459 
vt 0.5037330985069275 0.26886826753616333 
vt 0.4562954306602478 0.26886826753616333 
vt 0.5183292627334595 0.26876845955848694 
vt 0.5183292627334595 0.268369197845459 
vt 0.5163568258285522 0.26876845955848694 
vt 0.5163568258285522 0.268369197845459 
vt 0.5163568258285522 0.2669718265533447 
vt 0.5153706073760986 0.17823870480060577 
vt 0.5149760842323303 0.17674152553081512 
vt 0.5153706073760986 0.2669718265533447 
vt 0.5153706073760986 0.268369197845459 
vt 0.5153706073760986 0.26876845955848694 
vt 0.5149760842323303 0.268369197845459 
vt 0.5149760842323303 0.2669718265533447 
vt 0.5149760842323303 0.17823870480060577 
vt 0.5231618285179138 0.17644208669662476 
vt 0.5234577059745789 0.17624245584011078 
vt 0.5230631828308105 0.17674152553081512 
vt 0.5234577059745789 0.17674152553081512 
vt 0.5230631828308105 0.17823870480060577 
vt 0.5234577059745789 0.17823870480060577 
vt 0.5234577059745789 0.2669718265533447 
vt 0.524542510509491 0.17823870480060577 
vt 0.524542510509491 0.2669718265533447 
vt 0.5719801783561707 0.2669718265533447 
vt 0.524542510509491 0.268369197845459 
vt 0.5719801783561707 0.268369197845459 
vt 0.524542510509491 0.26876845955848694 
vt 0.5719801783561707 0.26876845955848694 
vt 0.524542510509491 0.17624245584011078 
vt 0.524542510509491 0.17674152553081512 
vt 0.5719801783561707 0.17624245584011078 
vt 0.5719801783561707 0.17674152553081512 
vt 0.5719801783561707 0.17823870480060577 
vt 0.5733609199523926 0.2669718265533447 
vt 0.5733609199523926 0.268369197845459 
vt 0.5733609199523926 0.26876845955848694 
vt 0.5733609199523926 0.17624245584011078 
vt 0.5733609199523926 0.17674152553081512 
vt 0.5733609199523926 0.17823870480060577 
vt 0.5738540291786194 0.17823870480060577 
vt 0.5738540291786194 0.2669718265533447 
vt 0.5738540291786194 0.268369197845459 
vt 0.5737553834915161 0.26866865158081055 
vt 0.5216824412345886 0.17644208669662476 
vt 0.5217810869216919 0.17674152553081512 
vt 0.5213866233825684 0.17624245584011078 
vt 0.5234577059745789 0.26876845955848694 
vt 0.5234577059745789 0.268369197845459 
vt 0.5231618285179138 0.26866865158081055 
vt 0.5230631828308105 0.268369197845459 
vt 0.5230631828308105 0.2669718265533447 
vt 0.4068852961063385 0.2270469218492508 
vt 0.4068852961063385 0.22674748301506042 
vt 0.40718117356300354 0.22714672982692719 
vt 0.40718117356300354 0.22674748301506042 
vt 0.40816739201545715 0.22714672982692719 
vt 0.40816739201545715 0.22674748301506042 
vt 0.41013985872268677 0.22674748301506042 
vt 0.41013985872268677 0.22564955055713654 
vt 0.41221094131469727 0.22564955055713654 
vt 0.41013985872268677 0.17813889682292938 
vt 0.41221094131469727 0.17813889682292938 
vt 0.41013985872268677 0.17684133350849152 
vt 0.41221094131469727 0.17684133350849152 
vt 0.41013985872268677 0.17634226381778717 
vt 0.41221094131469727 0.17634226381778717 
vt 0.4068852961063385 0.22564955055713654 
vt 0.40718117356300354 0.22564955055713654 
vt 0.40816739201545715 0.22564955055713654 
vt 0.40816739201545715 0.17813889682292938 
vt 0.40816739201545715 0.17684133350849152 
vt 0.40816739201545715 0.17634226381778717 
vt 0.40718117356300354 0.17813889682292938 
vt 0.40718117356300354 0.17684133350849152 
vt 0.40718117356300354 0.17634226381778717 
vt 0.4068852961063385 0.17813889682292938 
vt 0.4068852961063385 0.17684133350849152 
vt 0.4068852961063385 0.17644208669662476 
vt 0.3729589879512787 0.07513260096311569 
vt 0.37522730231285095 0.07433409988880157 
vt 0.37217000126838684 0.07732846587896347 
vt 0.37522730231285095 0.07732846587896347 
vt 0.37217000126838684 0.08142077177762985 
vt 0.37522730231285095 0.08142077177762985 
vt 0.37522730231285095 0.16805784404277802 
vt 0.37887635827064514 0.08142077177762985 
vt 0.37887635827064514 0.16805784404277802 
vt 0.4563940465450287 0.08142077177762985 
vt 0.4563940465450287 0.16805784404277802 
vt 0.4600431025028229 0.16805784404277802 
vt 0.4563940465450287 0.17234978079795837 
vt 0.4600431025028229 0.17234978079795837 
vt 0.4563940465450287 0.17544396221637726 
vt 0.4600431025028229 0.17544396221637726 
vt 0.37887635827064514 0.17544396221637726 
vt 0.37887635827064514 0.17234978079795837 
vt 0.37522730231285095 0.17544396221637726 
vt 0.37522730231285095 0.17234978079795837 
vt 0.3729589879512787 0.17544396221637726 
vt 0.37217000126838684 0.17234978079795837 
vt 0.37217000126838684 0.16805784404277802 
vt 0.4229608476161957 0.2605838477611542 
vt 0.4229608476161957 0.2641770839691162 
vt 0.42572230100631714 0.2641770839691162 
vt 0.42572230100631714 0.2670716643333435 
vt 0.42365121841430664 0.2663729786872864 
vt 0.42779338359832764 0.2670716643333435 
vt 0.37887635827064514 0.07433409988880157 
vt 0.37887635827064514 0.07732846587896347 
vt 0.4563940465450287 0.07433409988880157 
vt 0.4563940465450287 0.07732846587896347 
vt 0.4600431025028229 0.07433409988880157 
vt 0.4600431025028229 0.07732846587896347 
vt 0.4600431025028229 0.08142077177762985 
vt 0.4630017876625061 0.08142077177762985 
vt 0.4630017876625061 0.16805784404277802 
vt 0.4630017876625061 0.17234978079795837 
vt 0.46221280097961426 0.17544396221637726 
vt 0.4630017876625061 0.07732846587896347 
vt 0.46221280097961426 0.07513260096311569 
vt 0.47818973660469055 0.17464546859264374 
vt 0.47621726989746094 0.17544396221637726 
vt 0.4789787232875824 0.17234978079795837 
vt 0.47621726989746094 0.17234978079795837 
vt 0.4789787232875824 0.16805784404277802 
vt 0.47621726989746094 0.16805784404277802 
vt 0.4789787232875824 0.08142077177762985 
vt 0.47621726989746094 0.08142077177762985 
vt 0.47621726989746094 0.07732846587896347 
vt 0.47414618730545044 0.07732846587896347 
vt 0.47414618730545044 0.07433409988880157 
vt 0.4696095287799835 0.07732846587896347 
vt 0.4696095287799835 0.07433409988880157 
vt 0.467242568731308 0.07732846587896347 
vt 0.467242568731308 0.07433409988880157 
vt 0.46438249945640564 0.07732846587896347 
vt 0.4651714861392975 0.07513260096311569 
vt 0.46438249945640564 0.08142077177762985 
vt 0.467242568731308 0.08142077177762985 
vt 0.467242568731308 0.16805784404277802 
vt 0.4696095287799835 0.08142077177762985 
vt 0.4696095287799835 0.16805784404277802 
vt 0.47414618730545044 0.08142077177762985 
vt 0.47414618730545044 0.16805784404277802 
vt 0.47414618730545044 0.17234978079795837 
vt 0.47414618730545044 0.17544396221637726 
vt 0.4789787232875824 0.07732846587896347 
vt 0.47621726989746094 0.07433409988880157 
vt 0.47818973660469055 0.07513260096311569 
vt 0.46438249945640564 0.16805784404277802 
vt 0.46438249945640564 0.17234978079795837 
vt 0.467242568731308 0.17234978079795837 
vt 0.4696095287799835 0.17234978079795837 
vt 0.4696095287799835 0.17544396221637726 
vt 0.467242568731308 0.17544396221637726 
vt 0.4651714861392975 0.17544396221637726 
vt 0.41013985872268677 0.22714672982692719 
vt 0.41221094131469727 0.22674748301506042 
vt 0.41221094131469727 0.22714672982692719 
vt 0.4131971597671509 0.22674748301506042 
vt 0.4131971597671509 0.22714672982692719 
vt 0.4135916531085968 0.22674748301506042 
vt 0.4134930372238159 0.2270469218492508 
vt 0.4131971597671509 0.22564955055713654 
vt 0.4135916531085968 0.22564955055713654 
vt 0.4131971597671509 0.17813889682292938 
vt 0.4135916531085968 0.17813889682292938 
vt 0.4131971597671509 0.17684133350849152 
vt 0.4135916531085968 0.17684133350849152 
vt 0.4131971597671509 0.17634226381778717 
vt 0.4134930372238159 0.17644208669662476 
vt 0.5713884830474854 0.07732846587896347 
vt 0.5683311223983765 0.07433409988880157 
vt 0.5705994963645935 0.07513260096311569 
vt 0.4527449905872345 0.2663729786872864 
vt 0.4505752921104431 0.2670716643333435 
vt 0.45343536138534546 0.2640772759914398 
vt 0.4505752921104431 0.2640772759914398 
vt 0.45343536138534546 0.2603842318058014 
vt 0.4505752921104431 0.2603842318058014 
vt 0.45343536138534546 0.1829298883676529 
vt 0.4505752921104431 0.1829298883676529 
vt 0.4505752921104431 0.17923682928085327 
vt 0.4482083320617676 0.17923682928085327 
vt 0.4482083320617676 0.17634226381778717 
vt 0.44377028942108154 0.17634226381778717 
vt 0.4482083320617676 0.2670716643333435 
vt 0.4482083320617676 0.2640772759914398 
vt 0.4482083320617676 0.2603842318058014 
vt 0.4482083320617676 0.1829298883676529 
vt 0.44377028942108154 0.1829298883676529 
vt 0.44377028942108154 0.17923682928085327 
vt 0.44160059094429016 0.17634226381778717 
vt 0.45343536138534546 0.17923682928085327 
vt 0.4505752921104431 0.17634226381778717 
vt 0.4527449905872345 0.1770409494638443 
vt 0.5056068897247314 0.268369197845459 
vt 0.5050151944160461 0.26886826753616333 
vt 0.42158013582229614 0.2269471138715744 
vt 0.4212842583656311 0.22714672982692719 
vt 0.421678751707077 0.22654785215854645 
vt 0.4212842583656311 0.22654785215854645 
vt 0.421678751707077 0.22525030374526978 
vt 0.4212842583656311 0.22525030374526978 
vt 0.421678751707077 0.177839457988739 
vt 0.4212842583656311 0.177839457988739 
vt 0.421678751707077 0.17664170265197754 
vt 0.4212842583656311 0.17664170265197754 
vt 0.42158013582229614 0.17644208669662476 
vt 0.4212842583656311 0.17634226381778717 
vt 0.4202980101108551 0.22714672982692719 
vt 0.4202980101108551 0.22654785215854645 
vt 0.4202980101108551 0.22525030374526978 
vt 0.4202980101108551 0.177839457988739 
vt 0.4182269275188446 0.22525030374526978 
vt 0.4182269275188446 0.177839457988739 
vt 0.4162544906139374 0.177839457988739 
vt 0.4162544906139374 0.17664170265197754 
vt 0.4152682423591614 0.17664170265197754 
vt 0.4152682423591614 0.17634226381778717 
vt 0.4149723947048187 0.17644208669662476 
vt 0.4182269275188446 0.22714672982692719 
vt 0.4182269275188446 0.22654785215854645 
vt 0.4162544906139374 0.22714672982692719 
vt 0.4162544906139374 0.22654785215854645 
vt 0.4162544906139374 0.22525030374526978 
vt 0.4152682423591614 0.177839457988739 
vt 0.41487374901771545 0.17664170265197754 
vt 0.4152682423591614 0.22525030374526978 
vt 0.4152682423591614 0.22654785215854645 
vt 0.4152682423591614 0.22714672982692719 
vt 0.41487374901771545 0.22654785215854645 
vt 0.41487374901771545 0.22525030374526978 
vt 0.41487374901771545 0.177839457988739 
vt 0.4162544906139374 0.17634226381778717 
vt 0.4182269275188446 0.17664170265197754 
vt 0.4182269275188446 0.17634226381778717 
vt 0.4202980101108551 0.17664170265197754 
vt 0.4202980101108551 0.17634226381778717 
vt 0.5738540291786194 0.17674152553081512 
vt 0.5737553834915161 0.17644208669662476 
vt 0.5740512609481812 0.17674152553081512 
vt 0.5738540291786194 0.17624245584011078 
vt 0.5135954022407532 0.26866865158081055 
vt 0.5132995247840881 0.26876845955848694 
vt 0.5136939883232117 0.268369197845459 
vt 0.5132995247840881 0.268369197845459 
vt 0.5136939883232117 0.26687201857566833 
vt 0.5123133063316345 0.26876845955848694 
vt 0.5123133063316345 0.268369197845459 
vt 0.510242223739624 0.26876845955848694 
vt 0.438937783241272 0.1829298883676529 
vt 0.438937783241272 0.17923682928085327 
vt 0.44160059094429016 0.1829298883676529 
vt 0.44160059094429016 0.17923682928085327 
vt 0.44377028942108154 0.2603842318058014 
vt 0.44377028942108154 0.2640772759914398 
vt 0.44160059094429016 0.2640772759914398 
vt 0.44160059094429016 0.2603842318058014 
vt 0.438937783241272 0.2640772759914398 
vt 0.438937783241272 0.2603842318058014 
vt 0.43962812423706055 0.2663729786872864 
vt 0.44160059094429016 0.2670716643333435 
vt 0.44377028942108154 0.2670716643333435 
vt 0.43962812423706055 0.1770409494638443 
vt 0.4149723947048187 0.2269471138715744 
vt 0.5054096579551697 0.26866865158081055 
vt 0.5150747299194336 0.26866865158081055 
s on 
f 1/1/1 2/2/2 3/3/3 
f 2/2/2 4/4/4 3/3/3 
f 3/3/3 4/4/4 5/5/5 
f 4/4/4 6/6/6 5/5/5 
f 5/5/5 6/6/6 7/7/7 
f 6/6/6 8/8/8 7/7/7 
f 7/7/7 8/8/8 9/9/9 
f 8/8/8 10/10/10 9/9/9 
f 9/9/9 10/10/10 11/11/11 
f 10/10/10 12/12/12 11/11/11 
f 11/11/11 12/12/12 13/13/13 
f 12/12/12 14/14/14 13/13/13 
f 13/13/13 14/14/14 15/15/15 
f 14/14/14 16/16/16 15/15/15 
f 15/15/15 16/16/16 16/16/16 
f 16/16/16 2/2/2 16/16/16 
f 16/16/16 2/2/2 2/2/2 
f 2/2/2 17/17/17 2/2/2 
f 2/2/2 17/17/17 4/4/4 
f 17/17/17 18/18/18 4/4/4 
f 4/4/4 18/18/18 6/6/6 
f 18/18/18 8/8/8 6/6/6 
f 6/6/6 8/8/8 8/8/8 
f 8/8/8 17/17/17 8/8/8 
f 8/8/8 17/17/17 17/17/17 
f 17/17/17 19/19/19 17/17/17 
f 17/17/17 19/19/19 18/18/18 
f 19/19/19 20/20/20 18/18/18 
f 18/18/18 20/20/20 8/8/8 
f 20/20/20 21/21/21 8/8/8 
f 8/8/8 21/21/21 10/10/10 
f 21/21/21 22/22/22 10/10/10 
f 10/10/10 22/22/22 12/12/12 
f 22/22/22 14/14/14 12/12/12 
f 12/12/12 14/14/14 14/14/14 
f 14/14/14 19/19/19 14/14/14 
f 14/14/14 19/19/19 19/19/19 
f 19/19/19 23/23/23 19/19/19 
f 19/19/19 23/23/23 20/20/20 
f 23/23/23 24/24/24 20/20/20 
f 20/20/20 24/24/24 21/21/21 
f 24/24/24 25/25/25 21/21/21 
f 21/21/21 25/25/25 22/22/22 
f 25/25/25 26/26/26 22/22/22 
f 22/22/22 26/26/26 27/27/27 
f 26/26/26 27/27/27 27/27/27 
f 27/27/27 27/27/27 26/26/26 
f 27/27/27 26/26/26 26/26/26 
f 26/26/26 26/26/26 26/26/26 
f 26/26/26 25/25/25 26/26/26 
f 26/26/26 25/25/25 28/28/28 
f 25/25/25 24/24/24 28/28/28 
f 28/28/28 24/24/24 29/29/29 
f 24/24/24 23/23/23 29/29/29 
f 29/29/29 23/23/23 23/23/23 
f 23/23/23 30/30/30 23/23/23 
f 23/23/23 30/30/30 30/30/30 
f 30/30/30 31/31/31 30/30/30 
f 30/30/30 31/31/31 32/32/32 
f 31/31/31 33/33/33 32/32/32 
f 32/32/32 33/33/33 34/34/34 
f 33/33/33 35/35/35 34/34/34 
f 34/34/34 35/35/35 36/36/36 
f 35/35/35 37/37/37 36/36/36 
f 36/36/36 37/37/37 38/38/38 
f 37/37/37 39/39/39 38/38/38 
f 38/38/38 39/39/39 40/40/40 
f 39/39/39 41/41/41 40/40/40 
f 40/40/40 41/41/41 41/41/41 
f 41/41/41 31/31/31 41/41/41 
f 41/41/41 31/31/31 31/31/31 
f 31/31/31 42/42/42 31/31/31 
f 31/31/31 42/42/42 33/33/33 
f 42/42/42 43/43/43 33/33/33 
f 33/33/33 43/43/43 35/35/35 
f 43/43/43 44/44/44 35/35/35 
f 35/35/35 44/44/44 45/45/45 
f 44/44/44 46/46/46 45/45/45 
f 45/45/45 46/46/46 47/47/47 
f 46/46/46 48/48/48 47/47/47 
f 47/47/47 48/48/48 49/49/49 
f 48/48/48 50/50/50 49/49/49 
f 49/49/49 50/50/50 50/50/50 
f 50/50/50 43/43/43 50/50/50 
f 50/50/50 43/43/43 43/43/43 
f 43/43/43 51/51/51 43/43/43 
f 43/43/43 51/51/51 44/44/44 
f 51/51/51 52/52/52 44/44/44 
f 44/44/44 52/52/52 46/46/46 
f 52/52/52 53/53/53 46/46/46 
f 46/46/46 53/53/53 48/48/48 
f 53/53/53 54/54/54 48/48/48 
f 48/48/48 54/54/54 50/50/50 
f 54/54/54 50/50/50 50/50/50 
f 50/50/50 50/50/50 43/43/43 
f 50/50/50 43/43/43 43/43/43 
f 43/43/43 43/43/43 43/43/43 
f 43/43/43 42/42/42 43/43/43 
f 43/43/43 42/42/42 51/51/51 
f 42/42/42 55/55/55 51/51/51 
f 51/51/51 55/55/55 56/56/56 
f 55/55/55 57/57/57 56/56/56 
f 56/56/56 57/57/57 58/58/58 
f 57/57/57 59/59/59 58/58/58 
f 58/58/58 59/59/59 59/59/59 
f 59/59/59 51/51/51 59/59/59 
f 59/59/59 51/51/51 51/51/51 
f 51/51/51 56/56/56 51/51/51 
f 51/51/51 56/56/56 60/60/60 
f 56/56/56 61/61/61 60/60/60 
f 60/60/60 61/61/61 53/53/53 
f 61/61/61 62/62/62 53/53/53 
f 53/53/53 62/62/62 54/54/54 
f 62/62/62 54/54/54 54/54/54 
f 54/54/54 54/54/54 53/53/53 
f 54/54/54 53/53/53 53/53/53 
f 53/53/53 53/53/53 53/53/53 
f 53/53/53 52/52/52 53/53/53 
f 53/53/53 52/52/52 60/60/60 
f 52/52/52 51/51/51 60/60/60 
f 60/60/60 51/51/51 51/51/51 
f 51/51/51 63/63/63 51/51/51 
f 51/51/51 63/63/63 63/63/63 
f 63/63/63 64/64/64 63/63/63 
f 63/63/63 64/64/64 65/65/65 
f 64/64/64 66/66/66 65/65/65 
f 65/65/65 66/66/66 67/67/67 
f 66/66/66 68/68/68 67/67/67 
f 67/67/67 68/68/68 69/69/69 
f 68/68/68 70/70/70 69/69/69 
f 69/69/69 70/70/70 71/71/71 
f 70/70/70 72/72/72 71/71/71 
f 71/71/71 72/72/72 73/73/73 
f 72/72/72 74/74/74 73/73/73 
f 73/73/73 74/74/74 75/75/75 
f 74/74/74 76/76/76 75/75/75 
f 75/75/75 76/76/76 77/77/77 
f 76/76/76 78/78/78 77/77/77 
f 77/77/77 78/78/78 79/79/79 
f 78/78/78 79/79/79 79/79/79 
f 79/79/79 79/79/79 78/78/78 
f 79/79/79 78/78/78 78/78/78 
f 78/78/78 78/78/78 78/78/78 
f 78/78/78 76/76/76 78/78/78 
f 78/78/78 76/76/76 80/80/80 
f 76/76/76 81/81/81 80/80/80 
f 80/80/80 81/81/81 82/82/82 
f 81/81/81 83/83/83 82/82/82 
f 82/82/82 83/83/83 84/84/84 
f 83/83/83 85/85/85 84/84/84 
f 84/84/84 85/85/85 86/86/86 
f 85/85/85 87/87/87 86/86/86 
f 86/86/86 87/87/87 88/88/88 
f 87/87/87 66/66/66 88/88/88 
f 88/88/88 66/66/66 64/64/64 
f 66/66/66 64/64/64 64/64/64 
f 64/64/64 64/64/64 76/76/76 
f 64/64/64 76/76/76 76/76/76 
f 76/76/76 76/76/76 76/76/76 
f 76/76/76 74/74/74 76/76/76 
f 76/76/76 74/74/74 81/81/81 
f 74/74/74 72/72/72 81/81/81 
f 81/81/81 72/72/72 89/89/89 
f 72/72/72 70/70/70 89/89/89 
f 89/89/89 70/70/70 85/85/85 
f 70/70/70 87/87/87 85/85/85 
f 85/85/85 87/87/87 87/87/87 
f 87/87/87 70/70/70 87/87/87 
f 87/87/87 70/70/70 70/70/70 
f 70/70/70 68/68/68 70/70/70 
f 70/70/70 68/68/68 87/87/87 
f 68/68/68 66/66/66 87/87/87 
f 87/87/87 66/66/66 66/66/66 
f 66/66/66 49/49/49 66/66/66 
f 66/66/66 49/49/49 49/49/49 
f 49/49/49 90/90/90 49/49/49 
f 49/49/49 90/90/90 47/47/47 
f 90/90/90 91/91/91 47/47/47 
f 47/47/47 91/91/91 92/92/92 
f 91/91/91 41/41/41 92/92/92 
f 92/92/92 41/41/41 39/39/39 
f 41/41/41 39/39/39 39/39/39 
f 39/39/39 39/39/39 47/47/47 
f 39/39/39 47/47/47 47/47/47 
f 47/47/47 47/47/47 47/47/47 
f 47/47/47 92/92/92 47/47/47 
f 47/47/47 92/92/92 45/45/45 
f 92/92/92 39/39/39 45/45/45 
f 45/45/45 39/39/39 37/37/37 
f 39/39/39 37/37/37 37/37/37 
f 37/37/37 37/37/37 67/67/67 
f 37/37/37 67/67/67 67/67/67 
f 67/67/67 67/67/67 67/67/67 
f 67/67/67 69/69/69 67/67/67 
f 67/67/67 69/69/69 93/93/93 
f 69/69/69 94/94/94 93/93/93 
f 93/93/93 94/94/94 94/94/94 
f 94/94/94 69/69/69 94/94/94 
f 94/94/94 69/69/69 95/95/95 
f 69/69/69 71/71/71 95/95/95 
f 95/95/95 71/71/71 73/73/73 
f 71/71/71 73/73/73 73/73/73 
f 73/73/73 73/73/73 73/73/73 
f 73/73/73 96/96/96 73/73/73 
f 73/73/73 96/96/96 95/95/95 
f 96/96/96 97/97/97 95/95/95 
f 95/95/95 97/97/97 94/94/94 
f 97/97/97 94/94/94 94/94/94 
f 94/94/94 94/94/94 96/96/96 
f 94/94/94 96/96/96 96/96/96 
f 96/96/96 96/96/96 96/96/96 
f 96/96/96 73/73/73 96/96/96 
f 96/96/96 73/73/73 98/98/98 
f 73/73/73 75/75/75 98/98/98 
f 98/98/98 75/75/75 75/75/75 
f 75/75/75 99/99/99 75/75/75 
f 75/75/75 99/99/99 99/99/99 
f 99/99/99 100/100/100 99/99/99 
f 99/99/99 100/100/100 101/101/101 
f 100/100/100 102/102/102 101/101/101 
f 101/101/101 102/102/102 103/103/103 
f 102/102/102 104/104/104 103/103/103 
f 103/103/103 104/104/104 105/105/105 
f 104/104/104 106/106/106 105/105/105 
f 105/105/105 106/106/106 107/107/107 
f 106/106/106 108/108/108 107/107/107 
f 107/107/107 108/108/108 109/109/109 
f 108/108/108 110/110/110 109/109/109 
f 109/109/109 110/110/110 111/111/111 
f 110/110/110 112/112/112 111/111/111 
f 111/111/111 112/112/112 112/112/112 
f 112/112/112 100/100/100 112/112/112 
f 112/112/112 100/100/100 100/100/100 
f 100/100/100 113/113/113 100/100/100 
f 100/100/100 113/113/113 102/102/102 
f 113/113/113 114/114/114 102/102/102 
f 102/102/102 114/114/114 104/104/104 
f 114/114/114 115/115/115 104/104/104 
f 104/104/104 115/115/115 106/106/106 
f 115/115/115 116/116/116 106/106/106 
f 106/106/106 116/116/116 108/108/108 
f 116/116/116 117/117/117 108/108/108 
f 108/108/108 117/117/117 110/110/110 
f 117/117/117 118/118/118 110/110/110 
f 110/110/110 118/118/118 112/112/112 
f 118/118/118 119/119/119 112/112/112 
f 112/112/112 119/119/119 119/119/119 
f 119/119/119 116/116/116 119/119/119 
f 119/119/119 116/116/116 116/116/116 
f 116/116/116 120/120/120 116/116/116 
f 116/116/116 120/120/120 117/117/117 
f 120/120/120 121/121/121 117/117/117 
f 117/117/117 121/121/121 118/118/118 
f 121/121/121 122/122/122 118/118/118 
f 118/118/118 122/122/122 123/123/123 
f 122/122/122 124/124/124 123/123/123 
f 123/123/123 124/124/124 125/125/125 
f 124/124/124 126/126/126 125/125/125 
f 125/125/125 126/126/126 127/127/127 
f 126/126/126 127/127/127 127/127/127 
f 127/127/127 127/127/127 126/126/126 
f 127/127/127 126/126/126 126/126/126 
f 126/126/126 126/126/126 126/126/126 
f 126/126/126 124/124/124 126/126/126 
f 126/126/126 124/124/124 128/128/128 
f 124/124/124 129/129/129 128/128/128 
f 128/128/128 129/129/129 130/130/130 
f 129/129/129 120/120/120 130/130/130 
f 130/130/130 120/120/120 131/131/131 
f 120/120/120 115/115/115 131/131/131 
f 131/131/131 115/115/115 132/132/132 
f 115/115/115 114/114/114 132/132/132 
f 132/132/132 114/114/114 113/113/113 
f 114/114/114 113/113/113 113/113/113 
f 113/113/113 113/113/113 124/124/124 
f 113/113/113 124/124/124 124/124/124 
f 124/124/124 124/124/124 124/124/124 
f 124/124/124 122/122/122 124/124/124 
f 124/124/124 122/122/122 129/129/129 
f 122/122/122 121/121/121 129/129/129 
f 129/129/129 121/121/121 120/120/120 
f 121/121/121 120/120/120 120/120/120 
f 120/120/120 120/120/120 81/81/81 
f 120/120/120 81/81/81 81/81/81 
f 81/81/81 81/81/81 81/81/81 
f 81/81/81 89/89/89 81/81/81 
f 81/81/81 89/89/89 83/83/83 
f 89/89/89 85/85/85 83/83/83 
f 83/83/83 85/85/85 85/85/85 
f 85/85/85 133/133/133 85/85/85 
f 85/85/85 133/133/133 133/133/133 
f 133/133/133 134/134/134 133/133/133 
f 133/133/133 134/134/134 135/135/135 
f 134/134/134 136/136/136 135/135/135 
f 135/135/135 136/136/136 137/137/137 
f 136/136/136 138/138/138 137/137/137 
f 137/137/137 138/138/138 139/139/139 
f 138/138/138 140/140/140 139/139/139 
f 139/139/139 140/140/140 141/141/141 
f 140/140/140 142/142/142 141/141/141 
f 141/141/141 142/142/142 143/143/143 
f 142/142/142 144/144/144 143/143/143 
f 143/143/143 144/144/144 144/144/144 
f 144/144/144 134/134/134 144/144/144 
f 144/144/144 134/134/134 134/134/134 
f 134/134/134 145/145/145 134/134/134 
f 134/134/134 145/145/145 136/136/136 
f 145/145/145 146/146/146 136/136/136 
f 136/136/136 146/146/146 138/138/138 
f 146/146/146 147/147/147 138/138/138 
f 138/138/138 147/147/147 148/148/148 
f 147/147/147 149/149/149 148/148/148 
f 148/148/148 149/149/149 150/150/150 
f 149/149/149 151/151/151 150/150/150 
f 150/150/150 151/151/151 152/152/152 
f 151/151/151 153/153/153 152/152/152 
f 152/152/152 153/153/153 153/153/153 
f 153/153/153 152/152/152 153/153/153 
f 153/153/153 152/152/152 152/152/152 
f 152/152/152 144/144/144 152/152/152 
f 152/152/152 144/144/144 150/150/150 
f 144/144/144 142/142/142 150/150/150 
f 150/150/150 142/142/142 148/148/148 
f 142/142/142 140/140/140 148/148/148 
f 148/148/148 140/140/140 138/138/138 
f 140/140/140 138/138/138 138/138/138 
f 138/138/138 138/138/138 16/16/16 
f 138/138/138 16/16/16 16/16/16 
f 16/16/16 16/16/16 16/16/16 
f 16/16/16 14/14/14 16/16/16 
f 16/16/16 14/14/14 154/154/154 
f 14/14/14 27/27/27 154/154/154 
f 154/154/154 27/27/27 27/27/27 
f 27/27/27 155/155/155 27/27/27 
f 27/27/27 155/155/155 155/155/155 
f 155/155/155 156/156/156 155/155/155 
f 155/155/155 156/156/156 157/157/157 
f 156/156/156 158/158/158 157/157/157 
f 157/157/157 158/158/158 159/159/159 
f 158/158/158 160/160/160 159/159/159 
f 159/159/159 160/160/160 161/161/161 
f 160/160/160 162/162/162 161/161/161 
f 161/161/161 162/162/162 163/163/163 
f 162/162/162 164/164/164 163/163/163 
f 163/163/163 164/164/164 165/165/165 
f 164/164/164 166/166/166 165/165/165 
f 165/165/165 166/166/166 166/166/166 
f 166/166/166 156/156/156 166/166/166 
f 166/166/166 156/156/156 156/156/156 
f 156/156/156 167/167/167 156/156/156 
f 156/156/156 167/167/167 158/158/158 
f 167/167/167 168/168/168 158/158/158 
f 158/158/158 168/168/168 160/160/160 
f 168/168/168 169/169/169 160/160/160 
f 160/160/160 169/169/169 170/170/170 
f 169/169/169 171/171/171 170/170/170 
f 170/170/170 171/171/171 172/172/172 
f 171/171/171 173/173/173 172/172/172 
f 172/172/172 173/173/173 174/174/174 
f 173/173/173 175/175/175 174/174/174 
f 174/174/174 175/175/175 176/176/176 
f 175/175/175 176/176/176 176/176/176 
f 176/176/176 176/176/176 176/176/176 
f 176/176/176 177/177/177 176/176/176 
f 176/176/176 177/177/177 174/174/174 
f 177/177/177 178/178/178 174/174/174 
f 174/174/174 178/178/178 172/172/172 
f 178/178/178 170/170/170 172/172/172 
f 172/172/172 170/170/170 170/170/170 
f 170/170/170 177/177/177 170/170/170 
f 170/170/170 177/177/177 177/177/177 
f 177/177/177 166/166/166 177/177/177 
f 177/177/177 166/166/166 178/178/178 
f 166/166/166 164/164/164 178/178/178 
f 178/178/178 164/164/164 170/170/170 
f 164/164/164 162/162/162 170/170/170 
f 170/170/170 162/162/162 160/160/160 
f 162/162/162 160/160/160 160/160/160 
f 160/160/160 160/160/160 153/153/153 
f 160/160/160 153/153/153 153/153/153 
f 153/153/153 153/153/153 153/153/153 
f 153/153/153 151/151/151 153/153/153 
f 153/153/153 151/151/151 179/179/179 
f 151/151/151 180/180/180 179/179/179 
f 179/179/179 180/180/180 181/181/181 
f 180/180/180 182/182/182 181/181/181 
f 181/181/181 182/182/182 182/182/182 
f 182/182/182 180/180/180 182/182/182 
f 182/182/182 180/180/180 183/183/183 
f 180/180/180 149/149/149 183/183/183 
f 183/183/183 149/149/149 184/184/184 
f 149/149/149 147/147/147 184/184/184 
f 184/184/184 147/147/147 185/185/185 
f 147/147/147 146/146/146 185/185/185 
f 185/185/185 146/146/146 145/145/145 
f 146/146/146 145/145/145 145/145/145 
f 145/145/145 145/145/145 145/145/145 
f 145/145/145 186/186/186 145/145/145 
f 145/145/145 186/186/186 185/185/185 
f 186/186/186 187/187/187 185/185/185 
f 185/185/185 187/187/187 188/188/188 
f 187/187/187 189/189/189 188/188/188 
f 188/188/188 189/189/189 183/183/183 
f 189/189/189 190/190/190 183/183/183 
f 183/183/183 190/190/190 182/182/182 
f 190/190/190 182/182/182 182/182/182 
f 182/182/182 182/182/182 183/183/183 
f 182/182/182 183/183/183 183/183/183 
f 183/183/183 183/183/183 183/183/183 
f 183/183/183 184/184/184 183/183/183 
f 183/183/183 184/184/184 188/188/188 
f 184/184/184 185/185/185 188/188/188 
f 188/188/188 185/185/185 185/185/185 
f 185/185/185 167/167/167 185/185/185 
f 185/185/185 167/167/167 167/167/167 
f 167/167/167 191/191/191 167/167/167 
f 167/167/167 191/191/191 168/168/168 
f 191/191/191 192/192/192 168/168/168 
f 168/168/168 192/192/192 169/169/169 
f 192/192/192 171/171/171 169/169/169 
f 169/169/169 171/171/171 171/171/171 
f 171/171/171 191/191/191 171/171/171 
f 171/171/171 191/191/191 191/191/191 
f 191/191/191 193/193/193 191/191/191 
f 191/191/191 193/193/193 192/192/192 
f 193/193/193 194/194/194 192/192/192 
f 192/192/192 194/194/194 171/171/171 
f 194/194/194 195/195/195 171/171/171 
f 171/171/171 195/195/195 173/173/173 
f 195/195/195 196/196/196 173/173/173 
f 173/173/173 196/196/196 175/175/175 
f 196/196/196 197/197/197 175/175/175 
f 175/175/175 197/197/197 197/197/197 
f 197/197/197 196/196/196 197/197/197 
f 197/197/197 196/196/196 196/196/196 
f 196/196/196 195/195/195 196/196/196 
f 196/196/196 195/195/195 198/198/198 
f 195/195/195 194/194/194 198/198/198 
f 198/198/198 194/194/194 199/199/199 
f 194/194/194 193/193/193 199/199/199 
f 199/199/199 193/193/193 200/200/200 
f 193/193/193 200/200/200 200/200/200 
f 200/200/200 200/200/200 200/200/200 
f 200/200/200 201/201/201 200/200/200 
f 200/200/200 201/201/201 199/199/199 
f 201/201/201 202/202/202 199/199/199 
f 199/199/199 202/202/202 198/198/198 
f 202/202/202 203/203/203 198/198/198 
f 198/198/198 203/203/203 196/196/196 
f 203/203/203 197/197/197 196/196/196 
f 196/196/196 197/197/197 197/197/197 
f 197/197/197 204/204/204 197/197/197 
f 197/197/197 204/204/204 204/204/204 
f 204/204/204 205/205/205 204/204/204 
f 204/204/204 205/205/205 206/206/206 
f 205/205/205 207/207/207 206/206/206 
f 206/206/206 207/207/207 208/208/208 
f 207/207/207 209/209/209 208/208/208 
f 208/208/208 209/209/209 210/210/210 
f 209/209/209 211/211/211 210/210/210 
f 210/210/210 211/211/211 212/212/212 
f 211/211/211 213/213/213 212/212/212 
f 212/212/212 213/213/213 214/214/214 
f 213/213/213 215/215/215 214/214/214 
f 214/214/214 215/215/215 216/216/216 
f 215/215/215 217/217/217 216/216/216 
f 216/216/216 217/217/217 217/217/217 
f 217/217/217 205/205/205 217/217/217 
f 217/217/217 205/205/205 205/205/205 
f 205/205/205 218/218/218 205/205/205 
f 205/205/205 218/218/218 207/207/207 
f 218/218/218 219/219/219 207/207/207 
f 207/207/207 219/219/219 209/209/209 
f 219/219/219 211/211/211 209/209/209 
f 209/209/209 211/211/211 211/211/211 
f 211/211/211 218/218/218 211/211/211 
f 211/211/211 218/218/218 218/218/218 
f 218/218/218 220/220/220 218/218/218 
f 218/218/218 220/220/220 219/219/219 
f 220/220/220 221/221/221 219/219/219 
f 219/219/219 221/221/221 211/211/211 
f 221/221/221 222/222/222 211/211/211 
f 211/211/211 222/222/222 213/213/213 
f 222/222/222 223/223/223 213/213/213 
f 213/213/213 223/223/223 215/215/215 
f 223/223/223 224/224/224 215/215/215 
f 215/215/215 224/224/224 217/217/217 
f 224/224/224 225/225/225 217/217/217 
f 217/217/217 225/225/225 225/225/225 
f 225/225/225 220/220/220 225/225/225 
f 225/225/225 220/220/220 220/220/220 
f 220/220/220 226/226/226 220/220/220 
f 220/220/220 226/226/226 221/221/221 
f 226/226/226 227/227/227 221/221/221 
f 221/221/221 227/227/227 222/222/222 
f 227/227/227 228/228/228 222/222/222 
f 222/222/222 228/228/228 223/223/223 
f 228/228/228 229/229/229 223/223/223 
f 223/223/223 229/229/229 230/230/230 
f 229/229/229 230/230/230 230/230/230 
f 230/230/230 230/230/230 223/223/223 
f 230/230/230 223/223/223 223/223/223 
f 223/223/223 223/223/223 223/223/223 
f 223/223/223 230/230/230 223/223/223 
f 223/223/223 230/230/230 224/224/224 
f 230/230/230 231/231/231 224/224/224 
f 224/224/224 231/231/231 225/225/225 
f 231/231/231 232/232/232 225/225/225 
f 225/225/225 232/232/232 232/232/232 
f 232/232/232 233/233/233 232/232/232 
f 232/232/232 233/233/233 233/233/233 
f 233/233/233 234/234/234 233/233/233 
f 233/233/233 234/234/234 235/235/235 
f 234/234/234 163/163/163 235/235/235 
f 235/235/235 163/163/163 165/165/165 
f 163/163/163 165/165/165 165/165/165 
f 165/165/165 165/165/165 216/216/216 
f 165/165/165 216/216/216 216/216/216 
f 216/216/216 216/216/216 216/216/216 
f 216/216/216 236/236/236 216/216/216 
f 216/216/216 236/236/236 214/214/214 
f 236/236/236 237/237/237 214/214/214 
f 214/214/214 237/237/237 212/212/212 
f 237/237/237 210/210/210 212/212/212 
f 212/212/212 210/210/210 210/210/210 
f 210/210/210 236/236/236 210/210/210 
f 210/210/210 236/236/236 236/236/236 
f 236/236/236 238/238/238 236/236/236 
f 236/236/236 238/238/238 237/237/237 
f 238/238/238 239/239/239 237/237/237 
f 237/237/237 239/239/239 210/210/210 
f 239/239/239 240/240/240 210/210/210 
f 210/210/210 240/240/240 208/208/208 
f 240/240/240 208/208/208 208/208/208 
f 208/208/208 208/208/208 241/241/241 
f 208/208/208 241/241/241 241/241/241 
f 241/241/241 241/241/241 241/241/241 
f 241/241/241 242/242/242 241/241/241 
f 241/241/241 242/242/242 243/243/243 
f 242/242/242 244/244/244 243/243/243 
f 243/243/243 244/244/244 245/245/245 
f 244/244/244 246/246/246 245/245/245 
f 245/245/245 246/246/246 247/247/247 
f 246/246/246 248/248/248 247/247/247 
f 247/247/247 248/248/248 249/249/249 
f 248/248/248 250/250/250 249/249/249 
f 249/249/249 250/250/250 251/251/251 
f 250/250/250 252/252/252 251/251/251 
f 251/251/251 252/252/252 253/253/253 
f 252/252/252 254/254/254 253/253/253 
f 253/253/253 254/254/254 255/255/255 
f 254/254/254 255/255/255 255/255/255 
f 255/255/255 255/255/255 242/242/242 
f 255/255/255 242/242/242 242/242/242 
f 242/242/242 242/242/242 242/242/242 
f 242/242/242 256/256/256 242/242/242 
f 242/242/242 256/256/256 244/244/244 
f 256/256/256 257/257/257 244/244/244 
f 244/244/244 257/257/257 246/246/246 
f 257/257/257 258/258/258 246/246/246 
f 246/246/246 258/258/258 248/248/248 
f 258/258/258 259/259/259 248/248/248 
f 248/248/248 259/259/259 250/250/250 
f 259/259/259 260/260/260 250/250/250 
f 250/250/250 260/260/260 252/252/252 
f 260/260/260 261/261/261 252/252/252 
f 252/252/252 261/261/261 254/254/254 
f 261/261/261 254/254/254 254/254/254 
f 254/254/254 254/254/254 258/258/258 
f 254/254/254 258/258/258 258/258/258 
f 258/258/258 258/258/258 258/258/258 
f 258/258/258 262/262/262 258/258/258 
f 258/258/258 262/262/262 259/259/259 
f 262/262/262 263/263/263 259/259/259 
f 259/259/259 263/263/263 260/260/260 
f 263/263/263 264/264/264 260/260/260 
f 260/260/260 264/264/264 261/261/261 
f 264/264/264 261/261/261 261/261/261 
f 261/261/261 261/261/261 258/258/258 
f 261/261/261 258/258/258 258/258/258 
f 258/258/258 258/258/258 258/258/258 
f 258/258/258 257/257/257 258/258/258 
f 258/258/258 257/257/257 262/262/262 
f 257/257/257 256/256/256 262/262/262 
f 262/262/262 256/256/256 265/265/265 
f 256/256/256 265/265/265 265/265/265 
f 265/265/265 265/265/265 265/265/265 
f 265/265/265 266/266/266 265/265/265 
f 265/265/265 266/266/266 262/262/262 
f 266/266/266 263/263/263 262/262/262 
f 262/262/262 263/263/263 263/263/263 
f 263/263/263 266/266/266 263/263/263 
f 263/263/263 266/266/266 266/266/266 
f 266/266/266 267/267/267 266/266/266 
f 266/266/266 267/267/267 263/263/263 
f 267/267/267 264/264/264 263/263/263 
f 263/263/263 264/264/264 264/264/264 
f 264/264/264 268/268/268 264/264/264 
f 264/264/264 268/268/268 268/268/268 
f 268/268/268 269/269/269 268/268/268 
f 268/268/268 269/269/269 270/270/270 
f 269/269/269 271/271/271 270/270/270 
f 270/270/270 271/271/271 272/272/272 
f 271/271/271 273/273/273 272/272/272 
f 272/272/272 273/273/273 274/274/274 
f 273/273/273 275/275/275 274/274/274 
f 274/274/274 275/275/275 276/276/276 
f 275/275/275 277/277/277 276/276/276 
f 276/276/276 277/277/277 278/278/278 
f 277/277/277 279/279/279 278/278/278 
f 278/278/278 279/279/279 280/280/280 
f 279/279/279 281/281/281 280/280/280 
f 280/280/280 281/281/281 282/282/282 
f 281/281/281 283/283/283 282/282/282 
f 282/282/282 283/283/283 283/283/283 
f 283/283/283 282/282/282 283/283/283 
f 283/283/283 282/282/282 282/282/282 
f 282/282/282 284/284/284 282/282/282 
f 282/282/282 284/284/284 280/280/280 
f 284/284/284 285/285/285 280/280/280 
f 280/280/280 285/285/285 278/278/278 
f 285/285/285 276/276/276 278/278/278 
f 278/278/278 276/276/276 276/276/276 
f 276/276/276 284/284/284 276/276/276 
f 276/276/276 284/284/284 284/284/284 
f 284/284/284 286/286/286 284/284/284 
f 284/284/284 286/286/286 285/285/285 
f 286/286/286 287/287/287 285/285/285 
f 285/285/285 287/287/287 276/276/276 
f 287/287/287 274/274/274 276/276/276 
f 276/276/276 274/274/274 274/274/274 
f 274/274/274 286/286/286 274/274/274 
f 274/274/274 286/286/286 286/286/286 
f 286/286/286 288/288/288 286/286/286 
f 286/286/286 288/288/288 287/287/287 
f 288/288/288 289/289/289 287/287/287 
f 287/287/287 289/289/289 274/274/274 
f 289/289/289 290/290/290 274/274/274 
f 274/274/274 290/290/290 272/272/272 
f 290/290/290 272/272/272 272/272/272 
f 272/272/272 272/272/272 5/5/5 
f 272/272/272 5/5/5 5/5/5 
f 5/5/5 5/5/5 5/5/5 
f 5/5/5 7/7/7 5/5/5 
f 5/5/5 7/7/7 291/291/291 
f 7/7/7 292/292/292 291/291/291 
f 291/291/291 292/292/292 292/292/292 
f 292/292/292 7/7/7 292/292/292 
f 292/292/292 7/7/7 293/293/293 
f 7/7/7 9/9/9 293/293/293 
f 293/293/293 9/9/9 11/11/11 
f 9/9/9 11/11/11 11/11/11 
f 11/11/11 11/11/11 11/11/11 
f 11/11/11 294/294/294 11/11/11 
f 11/11/11 294/294/294 293/293/293 
f 294/294/294 295/295/295 293/293/293 
f 293/293/293 295/295/295 292/292/292 
f 295/295/295 292/292/292 292/292/292 
f 292/292/292 292/292/292 294/294/294 
f 292/292/292 294/294/294 294/294/294 
f 294/294/294 294/294/294 294/294/294 
f 294/294/294 11/11/11 294/294/294 
f 294/294/294 11/11/11 296/296/296 
f 11/11/11 13/13/13 296/296/296 
f 296/296/296 13/13/13 13/13/13 
f 13/13/13 269/269/269 13/13/13 
f 13/13/13 269/269/269 269/269/269 
f 269/269/269 297/297/297 269/269/269 
f 269/269/269 297/297/297 271/271/271 
f 297/297/297 298/298/298 271/271/271 
f 271/271/271 298/298/298 273/273/273 
f 298/298/298 275/275/275 273/273/273 
f 273/273/273 275/275/275 275/275/275 
f 275/275/275 297/297/297 275/275/275 
f 275/275/275 297/297/297 297/297/297 
f 297/297/297 299/299/299 297/297/297 
f 297/297/297 299/299/299 298/298/298 
f 299/299/299 300/300/300 298/298/298 
f 298/298/298 300/300/300 275/275/275 
f 300/300/300 277/277/277 275/275/275 
f 275/275/275 277/277/277 277/277/277 
f 277/277/277 299/299/299 277/277/277 
f 277/277/277 299/299/299 299/299/299 
f 299/299/299 301/301/301 299/299/299 
f 299/299/299 301/301/301 300/300/300 
f 301/301/301 302/302/302 300/300/300 
f 300/300/300 302/302/302 277/277/277 
f 302/302/302 303/303/303 277/277/277 
f 277/277/277 303/303/303 279/279/279 
f 303/303/303 304/304/304 279/279/279 
f 279/279/279 304/304/304 305/305/305 
f 304/304/304 305/305/305 305/305/305 
f 305/305/305 305/305/305 279/279/279 
f 305/305/305 279/279/279 279/279/279 
f 279/279/279 279/279/279 279/279/279 
f 279/279/279 305/305/305 279/279/279 
f 279/279/279 305/305/305 281/281/281 
f 305/305/305 306/306/306 281/281/281 
f 281/281/281 306/306/306 283/283/283 
f 306/306/306 307/307/307 283/283/283 
f 283/283/283 307/307/307 307/307/307 
f 307/307/307 304/304/304 307/307/307 
f 307/307/307 304/304/304 304/304/304 
f 304/304/304 303/303/303 304/304/304 
f 304/304/304 303/303/303 308/308/308 
f 303/303/303 302/302/302 308/308/308 
f 308/308/308 302/302/302 309/309/309 
f 302/302/302 301/301/301 309/309/309 
f 309/309/309 301/301/301 301/301/301 
f 301/301/301 310/310/310 301/301/301 
f 301/301/301 310/310/310 310/310/310 
f 310/310/310 311/311/311 310/310/310 
f 310/310/310 311/311/311 312/312/312 
f 311/311/311 313/313/313 312/312/312 
f 312/312/312 313/313/313 314/314/314 
f 313/313/313 315/315/315 314/314/314 
f 314/314/314 315/315/315 316/316/316 
f 315/315/315 317/317/317 316/316/316 
f 316/316/316 317/317/317 318/318/318 
f 317/317/317 319/319/319 318/318/318 
f 318/318/318 319/319/319 320/320/320 
f 319/319/319 321/321/321 320/320/320 
f 320/320/320 321/321/321 322/322/322 
f 321/321/321 323/323/323 322/322/322 
f 322/322/322 323/323/323 324/324/324 
f 323/323/323 325/325/325 324/324/324 
f 324/324/324 325/325/325 326/326/326 
f 325/325/325 326/326/326 326/326/326 
f 326/326/326 326/326/326 325/325/325 
f 326/326/326 325/325/325 325/325/325 
f 325/325/325 325/325/325 325/325/325 
f 325/325/325 323/323/323 325/325/325 
f 325/325/325 323/323/323 327/327/327 
f 323/323/323 328/328/328 327/327/327 
f 327/327/327 328/328/328 329/329/329 
f 328/328/328 330/330/330 329/329/329 
f 329/329/329 330/330/330 331/331/331 
f 330/330/330 332/332/332 331/331/331 
f 331/331/331 332/332/332 333/333/333 
f 332/332/332 315/315/315 333/333/333 
f 333/333/333 315/315/315 334/334/334 
f 315/315/315 313/313/313 334/334/334 
f 334/334/334 313/313/313 335/335/335 
f 313/313/313 311/311/311 335/335/335 
f 335/335/335 311/311/311 311/311/311 
f 311/311/311 328/328/328 311/311/311 
f 311/311/311 328/328/328 328/328/328 
f 328/328/328 321/321/321 328/328/328 
f 328/328/328 321/321/321 330/330/330 
f 321/321/321 319/319/319 330/330/330 
f 330/330/330 319/319/319 332/332/332 
f 319/319/319 317/317/317 332/332/332 
f 332/332/332 317/317/317 315/315/315 
f 317/317/317 315/315/315 315/315/315 
f 315/315/315 315/315/315 316/316/316 
f 315/315/315 316/316/316 316/316/316 
f 316/316/316 316/316/316 316/316/316 
f 316/316/316 318/318/318 316/316/316 
f 316/316/316 318/318/318 336/336/336 
f 318/318/318 337/337/337 336/336/336 
f 336/336/336 337/337/337 338/338/338 
f 337/337/337 338/338/338 338/338/338 
f 338/338/338 338/338/338 327/327/327 
f 338/338/338 327/327/327 327/327/327 
f 327/327/327 327/327/327 327/327/327 
f 327/327/327 329/329/329 327/327/327 
f 327/327/327 329/329/329 339/339/339 
f 329/329/329 340/340/340 339/339/339 
f 339/339/339 340/340/340 340/340/340 
f 340/340/340 329/329/329 340/340/340 
f 340/340/340 329/329/329 341/341/341 
f 329/329/329 331/331/331 341/341/341 
f 341/341/341 331/331/331 342/342/342 
f 331/331/331 333/333/333 342/342/342 
f 342/342/342 333/333/333 334/334/334 
f 333/333/333 334/334/334 334/334/334 
f 334/334/334 334/334/334 334/334/334 
f 334/334/334 343/343/343 334/334/334 
f 334/334/334 343/343/343 342/342/342 
f 343/343/343 344/344/344 342/342/342 
f 342/342/342 344/344/344 341/341/341 
f 344/344/344 345/345/345 341/341/341 
f 341/341/341 345/345/345 340/340/340 
f 345/345/345 340/340/340 340/340/340 
f 340/340/340 340/340/340 245/245/245 
f 340/340/340 245/245/245 245/245/245 
f 245/245/245 245/245/245 245/245/245 
f 245/245/245 247/247/247 245/245/245 
f 245/245/245 247/247/247 346/346/346 
f 247/247/247 347/347/347 346/346/346 
f 346/346/346 347/347/347 348/348/348 
f 347/347/347 349/349/349 348/348/348 
f 348/348/348 349/349/349 350/350/350 
f 349/349/349 351/351/351 350/350/350 
f 350/350/350 351/351/351 352/352/352 
f 351/351/351 352/352/352 352/352/352 
f 352/352/352 352/352/352 247/247/247 
f 352/352/352 247/247/247 247/247/247 
f 247/247/247 247/247/247 247/247/247 
f 247/247/247 249/249/249 247/247/247 
f 247/247/247 249/249/249 347/347/347 
f 249/249/249 353/353/353 347/347/347 
f 347/347/347 353/353/353 349/349/349 
f 353/353/353 354/354/354 349/349/349 
f 349/349/349 354/354/354 351/351/351 
f 354/354/354 351/351/351 351/351/351 
f 351/351/351 351/351/351 249/249/249 
f 351/351/351 249/249/249 249/249/249 
f 249/249/249 249/249/249 249/249/249 
f 249/249/249 251/251/251 249/249/249 
f 249/249/249 251/251/251 353/353/353 
f 251/251/251 355/355/355 353/353/353 
f 353/353/353 355/355/355 354/354/354 
f 355/355/355 356/356/356 354/354/354 
f 354/354/354 356/356/356 356/356/356 
f 356/356/356 251/251/251 356/356/356 
f 356/356/356 251/251/251 251/251/251 
f 251/251/251 253/253/253 251/251/251 
f 251/251/251 253/253/253 355/355/355 
f 253/253/253 357/357/357 355/355/355 
f 355/355/355 357/357/357 356/356/356 
f 357/357/357 358/358/358 356/356/356 
f 356/356/356 358/358/358 358/358/358 
f 358/358/358 253/253/253 358/358/358 
f 358/358/358 253/253/253 253/253/253 
f 253/253/253 255/255/255 253/253/253 
f 253/253/253 255/255/255 357/357/357 
f 255/255/255 359/359/359 357/357/357 
f 357/357/357 359/359/359 358/358/358 
f 359/359/359 360/360/360 358/358/358 
f 358/358/358 360/360/360 360/360/360 
f 360/360/360 82/82/82 360/360/360 
f 360/360/360 82/82/82 82/82/82 
f 82/82/82 84/84/84 82/82/82 
f 82/82/82 84/84/84 361/361/361 
f 84/84/84 362/362/362 361/361/361 
f 361/361/361 362/362/362 363/363/363 
f 362/362/362 363/363/363 363/363/363 
f 363/363/363 363/363/363 364/364/364 
f 363/363/363 364/364/364 364/364/364 
f 364/364/364 364/364/364 364/364/364 
f 364/364/364 365/365/365 364/364/364 
f 364/364/364 365/365/365 366/366/366 
f 365/365/365 367/367/367 366/366/366 
f 366/366/366 367/367/367 368/368/368 
f 367/367/367 369/369/369 368/368/368 
f 368/368/368 369/369/369 370/370/370 
f 369/369/369 371/371/371 370/370/370 
f 370/370/370 371/371/371 372/372/372 
f 371/371/371 373/373/373 372/372/372 
f 372/372/372 373/373/373 374/374/374 
f 373/373/373 375/375/375 374/374/374 
f 374/374/374 375/375/375 375/375/375 
f 375/375/375 365/365/365 375/375/375 
f 375/375/375 365/365/365 365/365/365 
f 365/365/365 376/376/376 365/365/365 
f 365/365/365 376/376/376 367/367/367 
f 376/376/376 377/377/377 367/367/367 
f 367/367/367 377/377/377 369/369/369 
f 377/377/377 378/378/378 369/369/369 
f 369/369/369 378/378/378 379/379/379 
f 378/378/378 380/380/380 379/379/379 
f 379/379/379 380/380/380 373/373/373 
f 380/380/380 381/381/381 373/373/373 
f 373/373/373 381/381/381 375/375/375 
f 381/381/381 382/382/382 375/375/375 
f 375/375/375 382/382/382 382/382/382 
f 382/382/382 373/373/373 382/382/382 
f 382/382/382 373/373/373 373/373/373 
f 373/373/373 371/371/371 373/373/373 
f 373/373/373 371/371/371 379/379/379 
f 371/371/371 369/369/369 379/379/379 
f 379/379/379 369/369/369 369/369/369 
f 369/369/369 370/370/370 369/369/369 
f 369/369/369 370/370/370 370/370/370 
f 370/370/370 372/372/372 370/370/370 
f 370/370/370 372/372/372 383/383/383 
f 372/372/372 384/384/384 383/383/383 
f 383/383/383 384/384/384 385/385/385 
f 384/384/384 385/385/385 385/385/385 
f 385/385/385 385/385/385 186/186/186 
f 385/385/385 186/186/186 186/186/186 
f 186/186/186 186/186/186 186/186/186 
f 186/186/186 386/386/386 186/186/186 
f 186/186/186 386/386/386 187/187/187 
f 386/386/386 387/387/387 187/187/187 
f 187/187/187 387/387/387 189/189/189 
f 387/387/387 189/189/189 189/189/189 
f 189/189/189 189/189/189 388/388/388 
f 189/189/189 388/388/388 388/388/388 
f 388/388/388 388/388/388 388/388/388 
f 388/388/388 389/389/389 388/388/388 
f 388/388/388 389/389/389 390/390/390 
f 389/389/389 391/391/391 390/390/390 
f 390/390/390 391/391/391 392/392/392 
f 391/391/391 393/393/393 392/392/392 
f 392/392/392 393/393/393 394/394/394 
f 393/393/393 395/395/395 394/394/394 
f 394/394/394 395/395/395 396/396/396 
f 395/395/395 397/397/397 396/396/396 
f 396/396/396 397/397/397 398/398/398 
f 397/397/397 399/399/399 398/398/398 
f 398/398/398 399/399/399 399/399/399 
f 399/399/399 389/389/389 399/399/399 
f 399/399/399 389/389/389 389/389/389 
f 389/389/389 400/400/400 389/389/389 
f 389/389/389 400/400/400 391/391/391 
f 400/400/400 401/401/401 391/391/391 
f 391/391/391 401/401/401 393/393/393 
f 401/401/401 402/402/402 393/393/393 
f 393/393/393 402/402/402 403/403/403 
f 402/402/402 404/404/404 403/403/403 
f 403/403/403 404/404/404 405/405/405 
f 404/404/404 406/406/406 405/405/405 
f 405/405/405 406/406/406 407/407/407 
f 406/406/406 408/408/408 407/407/407 
f 407/407/407 408/408/408 409/409/409 
f 408/408/408 410/410/410 409/409/409 
f 409/409/409 410/410/410 410/410/410 
f 410/410/410 400/400/400 410/410/410 
f 410/410/410 400/400/400 400/400/400 
f 400/400/400 411/411/411 400/400/400 
f 400/400/400 411/411/411 401/401/401 
f 411/411/411 412/412/412 401/401/401 
f 401/401/401 412/412/412 402/402/402 
f 412/412/412 404/404/404 402/402/402 
f 402/402/402 404/404/404 404/404/404 
f 404/404/404 411/411/411 404/404/404 
f 404/404/404 411/411/411 411/411/411 
f 411/411/411 413/413/413 411/411/411 
f 411/411/411 413/413/413 412/412/412 
f 413/413/413 414/414/414 412/412/412 
f 412/412/412 414/414/414 404/404/404 
f 414/414/414 415/415/415 404/404/404 
f 404/404/404 415/415/415 406/406/406 
f 415/415/415 416/416/416 406/406/406 
f 406/406/406 416/416/416 408/408/408 
f 416/416/416 417/417/417 408/408/408 
f 408/408/408 417/417/417 410/410/410 
f 417/417/417 410/410/410 410/410/410 
f 410/410/410 410/410/410 416/416/416 
f 410/410/410 416/416/416 416/416/416 
f 416/416/416 416/416/416 416/416/416 
f 416/416/416 415/415/415 416/416/416 
f 416/416/416 415/415/415 418/418/418 
f 415/415/415 414/414/414 418/418/418 
f 418/418/418 414/414/414 419/419/419 
f 414/414/414 413/413/413 419/419/419 
f 419/419/419 413/413/413 420/420/420 
f 413/413/413 420/420/420 420/420/420 
f 420/420/420 420/420/420 420/420/420 
f 420/420/420 421/421/421 420/420/420 
f 420/420/420 421/421/421 419/419/419 
f 421/421/421 422/422/422 419/419/419 
f 419/419/419 422/422/422 418/418/418 
f 422/422/422 423/423/423 418/418/418 
f 418/418/418 423/423/423 416/416/416 
f 423/423/423 417/417/417 416/416/416 
f 416/416/416 417/417/417 417/417/417 
f 417/417/417 409/409/409 417/417/417 
f 417/417/417 409/409/409 409/409/409 
f 409/409/409 424/424/424 409/409/409 
f 409/409/409 424/424/424 407/407/407 
f 424/424/424 425/425/425 407/407/407 
f 407/407/407 425/425/425 405/405/405 
f 425/425/425 403/403/403 405/405/405 
f 405/405/405 403/403/403 403/403/403 
f 403/403/403 424/424/424 403/403/403 
f 403/403/403 424/424/424 424/424/424 
f 424/424/424 426/426/426 424/424/424 
f 424/424/424 426/426/426 425/425/425 
f 426/426/426 427/427/427 425/425/425 
f 425/425/425 427/427/427 403/403/403 
f 427/427/427 397/397/397 403/403/403 
f 403/403/403 397/397/397 395/395/395 
f 397/397/397 395/395/395 395/395/395 
f 395/395/395 395/395/395 426/426/426 
f 395/395/395 426/426/426 426/426/426 
f 426/426/426 426/426/426 426/426/426 
f 426/426/426 428/428/428 426/426/426 
f 426/426/426 428/428/428 427/427/427 
f 428/428/428 399/399/399 427/427/427 
f 427/427/427 399/399/399 397/397/397 
f 399/399/399 397/397/397 397/397/397 
f 397/397/397 397/397/397 229/229/229 
f 397/397/397 229/229/229 229/229/229 
f 229/229/229 229/229/229 229/229/229 
f 229/229/229 228/228/228 229/229/229 
f 229/229/229 228/228/228 429/429/429 
f 228/228/228 227/227/227 429/429/429 
f 429/429/429 227/227/227 430/430/430 
f 227/227/227 226/226/226 430/430/430 
f 430/430/430 226/226/226 226/226/226 
f 226/226/226 429/429/429 226/226/226 
f 226/226/226 429/429/429 429/429/429 
f 429/429/429 430/430/430 429/429/429 
f 429/429/429 430/430/430 431/431/431 
f 430/430/430 432/432/432 431/431/431 
f 431/431/431 432/432/432 432/432/432 
f 432/432/432 433/433/433 432/432/432 
f 432/432/432 433/433/433 433/433/433 
f 433/433/433 434/434/434 433/433/433 
f 433/433/433 434/434/434 435/435/435 
f 434/434/434 436/436/436 435/435/435 
f 435/435/435 436/436/436 437/437/437 
f 436/436/436 132/132/132 437/437/437 
f 437/437/437 132/132/132 113/113/113 
f 132/132/132 113/113/113 113/113/113 
f 113/113/113 113/113/113 434/434/434 
f 113/113/113 434/434/434 434/434/434 
f 434/434/434 434/434/434 434/434/434 
f 434/434/434 438/438/438 434/434/434 
f 434/434/434 438/438/438 436/436/436 
f 438/438/438 439/439/439 436/436/436 
f 436/436/436 439/439/439 132/132/132 
f 439/439/439 131/131/131 132/132/132 
f 132/132/132 131/131/131 131/131/131 
f 131/131/131 439/439/439 131/131/131 
f 131/131/131 439/439/439 130/130/130 
f 439/439/439 440/440/440 130/130/130 
f 130/130/130 440/440/440 128/128/128 
f 440/440/440 128/128/128 128/128/128 
f 128/128/128 128/128/128 441/441/441 
f 128/128/128 441/441/441 441/441/441 
f 441/441/441 441/441/441 441/441/441 
f 441/441/441 442/442/442 441/441/441 
f 441/441/441 442/442/442 443/443/443 
f 442/442/442 444/444/444 443/443/443 
f 443/443/443 444/444/444 380/380/380 
f 444/444/444 381/381/381 380/380/380 
f 380/380/380 381/381/381 381/381/381 
f 381/381/381 443/443/443 381/381/381 
f 381/381/381 443/443/443 443/443/443 
f 443/443/443 380/380/380 443/443/443 
f 443/443/443 380/380/380 445/445/445 
f 380/380/380 378/378/378 445/445/445 
f 445/445/445 378/378/378 446/446/446 
f 378/378/378 377/377/377 446/446/446 
f 446/446/446 377/377/377 376/376/376 
f 377/377/377 376/376/376 376/376/376 
f 376/376/376 376/376/376 446/446/446 
f 376/376/376 446/446/446 446/446/446 
f 446/446/446 446/446/446 446/446/446 
f 446/446/446 447/447/447 446/446/446 
f 446/446/446 447/447/447 445/445/445 
f 447/447/447 448/448/448 445/445/445 
f 445/445/445 448/448/448 443/443/443 
f 448/448/448 441/441/441 443/443/443 
f 443/443/443 441/441/441 441/441/441 
f 441/441/441 447/447/447 441/441/441 
f 441/441/441 447/447/447 447/447/447 
f 447/447/447 449/449/449 447/447/447 
f 447/447/447 449/449/449 448/448/448 
f 449/449/449 450/450/450 448/448/448 
f 448/448/448 450/450/450 441/441/441 
f 450/450/450 441/441/441 441/441/441 
f 441/441/441 441/441/441 449/449/449 
f 441/441/441 449/449/449 449/449/449 
f 449/449/449 449/449/449 449/449/449 
f 449/449/449 447/447/447 449/449/449 
f 449/449/449 447/447/447 451/451/451 
f 447/447/447 452/452/452 451/451/451 
f 451/451/451 452/452/452 452/452/452 
f 452/452/452 447/447/447 452/452/452 
f 452/452/452 447/447/447 447/447/447 
f 447/447/447 446/446/446 447/447/447 
f 447/447/447 446/446/446 452/452/452 
f 446/446/446 453/453/453 452/452/452 
f 452/452/452 453/453/453 453/453/453 
f 453/453/453 381/381/381 453/453/453 
f 453/453/453 381/381/381 381/381/381 
f 381/381/381 444/444/444 381/381/381 
f 381/381/381 444/444/444 382/382/382 
f 444/444/444 454/454/454 382/382/382 
f 318/318/318 320/320/320 337/337/337 
f 84/84/84 86/86/86 362/362/362 
f 321/321/321 328/328/328 323/323/323 
f 35/35/35 45/45/45 37/37/37 
f 376/376/376 453/453/453 446/446/446 
f 343/343/343 334/334/334 335/335/335 
f 61/61/61 56/56/56 58/58/58 
f 14/14/14 22/22/22 27/27/27 
f 444/444/444 442/442/442 454/454/454 
f 372/372/372 374/374/374 384/384/384 
f 180/180/180 151/151/151 149/149/149 
f 123/123/123 119/119/119 118/118/118 
f 163/163/163 234/234/234 161/161/161 
f 120/120/120 116/116/116 115/115/115 
f 440/440/440 439/439/439 438/438/438 
f 421/421/421 420/420/420 455/455/455 
f 387/387/387 386/386/386 456/456/456 
f 201/201/201 200/200/200 457/457/457 
f 393/393/393 403/403/403 395/395/395 

