mtllib model_5.mtl
o model_5
v -25.232606887817383 15.279067993164062 7.235959053039551 
v -25.18598747253418 15.279067993164062 7.277554988861084 
v -25.101375579833984 15.279067993164062 7.0084028244018555 
v -24.97368049621582 15.279067993164062 7.123404502868652 
v -25.09016990661621 15.276127815246582 6.988828182220459 
v -24.955524444580078 15.276127815246582 7.1099467277526855 
v -25.07180404663086 15.256340026855469 6.957019329071045 
v -24.92580223083496 15.256340026855469 7.08914852142334 
v -25.060897827148438 15.223380088806152 6.9386677742004395 
v -24.908184051513672 15.223380088806152 7.075690746307373 
v -25.05984878540039 15.183926582336426 6.936221122741699 
v -24.90650749206543 15.183926582336426 7.074467658996582 
v -25.068538665771484 15.127381324768066 6.952125549316406 
v -24.92055892944336 15.127381324768066 7.084254741668701 
v -25.081031799316406 15.07414436340332 6.972923755645752 
v -24.940752029418945 15.07414436340332 7.098936080932617 
v -25.097030639648438 15.02507209777832 7.001062393188477 
v -24.9666690826416 15.02507209777832 7.118510723114014 
v -25.1163272857666 14.980901718139648 7.03409481048584 
v -24.99785804748535 14.980901718139648 7.14053201675415 
v -25.13861846923828 14.942367553710938 7.073244094848633 
v -25.033931732177734 14.942367553710938 7.167447566986084 
v -25.163665771484375 14.910265922546387 7.116063594818115 
v -25.074440002441406 14.910265922546387 7.1968092918396 
v -25.191200256347656 14.885332107543945 7.1637773513793945 
v -25.119022369384766 14.885332107543945 7.228618621826172 
v -25.242284774780273 14.847900390625 7.253087043762207 
v -25.201656341552734 14.847900390625 7.2885661125183105 
v -24.822555541992188 15.183926582336426 7.262874126434326 
v -24.83957290649414 15.127381324768066 7.266544342041016 
v -24.863990783691406 15.07414436340332 7.271438121795654 
v -24.895301818847656 15.02507209777832 7.278778553009033 
v -24.933021545410156 14.980901718139648 7.286118984222412 
v -24.97661590576172 14.942367553710938 7.2959065437316895 
v -25.025632858276367 14.910265922546387 7.305694103240967 
v -25.079504013061523 14.885332107543945 7.317928314208984 
v -25.179424285888672 14.847900390625 7.338726043701172 
v -24.822555541992188 15.183926582336426 7.469632148742676 
v -24.83957290649414 15.127381324768066 7.465961933135986 
v -24.863990783691406 15.07414436340332 7.461068153381348 
v -24.895301818847656 15.02507209777832 7.453727722167969 
v -24.933021545410156 14.980901718139648 7.44638729095459 
v -24.97661590576172 14.942367553710938 7.4365997314453125 
v -25.025632858276367 14.910265922546387 7.426812648773193 
v -25.079504013061523 14.885332107543945 7.414578437805176 
v -25.179424285888672 14.847900390625 7.39378023147583 
v -24.90650749206543 15.183926582336426 7.65803861618042 
v -24.92055892944336 15.127381324768066 7.648251533508301 
v -24.940752029418945 15.07414436340332 7.633570671081543 
v -24.9666690826416 15.02507209777832 7.613995552062988 
v -24.99785804748535 14.980901718139648 7.591974258422852 
v -25.033931732177734 14.942367553710938 7.565058708190918 
v -25.074440002441406 14.910265922546387 7.535696983337402 
v -25.119022369384766 14.885332107543945 7.503888130187988 
v -25.201656341552734 14.847900390625 7.443940162658691 
v -25.05984878540039 15.183926582336426 7.796285152435303 
v -25.068538665771484 15.127381324768066 7.781604290008545 
v -25.081031799316406 15.07414436340332 7.75958251953125 
v -25.097030639648438 15.02507209777832 7.731443881988525 
v -25.1163272857666 14.980901718139648 7.698411464691162 
v -25.13861846923828 14.942367553710938 7.659262180328369 
v -25.163665771484375 14.910265922546387 7.616442680358887 
v -25.191200256347656 14.885332107543945 7.568729400634766 
v -25.242284774780273 14.847900390625 7.480642795562744 
v -25.256126403808594 15.183926582336426 7.859903335571289 
v -25.257953643798828 15.127381324768066 7.842775344848633 
v -25.260560989379883 15.07414436340332 7.818306922912598 
v -25.263916015625 15.02507209777832 7.786498069763184 
v -25.26793098449707 14.980901718139648 7.747348308563232 
v -25.272605895996094 14.942367553710938 7.703305244445801 
v -25.27781867980957 14.910265922546387 7.6531453132629395 
v -25.283601760864258 14.885332107543945 7.598091125488281 
v -25.294267654418945 14.847900390625 7.496547222137451 
v -25.461360931396484 15.183926582336426 7.837881565093994 
v -25.45599937438965 15.127381324768066 7.821977138519287 
v -25.44826889038086 15.07414436340332 7.797508716583252 
v -25.43838119506836 15.02507209777832 7.768146514892578 
v -25.426456451416016 14.980901718139648 7.731443881988525 
v -25.412704467773438 14.942367553710938 7.688624382019043 
v -25.397214889526367 14.910265922546387 7.640911102294922 
v -25.38019561767578 14.885332107543945 7.588304042816162 
v -25.348617553710938 14.847900390625 7.491653919219971 
v -25.64008140563965 15.183926582336426 7.735114097595215 
v -25.628456115722656 15.127381324768066 7.721656799316406 
v -25.611738204956055 15.07414436340332 7.703305244445801 
v -25.590314865112305 15.02507209777832 7.680060386657715 
v -25.564517974853516 14.980901718139648 7.650698184967041 
v -25.53470802307129 14.942367553710938 7.617665767669678 
v -25.50118064880371 14.910265922546387 7.580963611602783 
v -25.464298248291016 14.885332107543945 7.539367198944092 
v -25.395986557006836 14.847900390625 7.463515281677246 
v -25.761394500732422 15.183926582336426 7.568729400634766 
v -25.745515823364258 15.127381324768066 7.5613884925842285 
v -25.722715377807617 15.07414436340332 7.55037784576416 
v -25.693443298339844 15.02507209777832 7.538143634796143 
v -25.65823745727539 14.980901718139648 7.5222392082214355 
v -25.617490768432617 14.942367553710938 7.503888130187988 
v -25.571739196777344 14.910265922546387 7.484313011169434 
v -25.521404266357422 14.885332107543945 7.461068153381348 
v -25.428104400634766 14.847900390625 7.419471740722656 
v -25.80430030822754 15.183926582336426 7.3668646812438965 
v -25.786922454833984 15.127381324768066 7.3668646812438965 
v -25.761934280395508 15.07414436340332 7.3668646812438965 
v -25.729936599731445 15.02507209777832 7.3668646812438965 
v -25.691375732421875 14.980901718139648 7.3668646812438965 
v -25.646793365478516 14.942367553710938 7.3668646812438965 
v -25.596696853637695 14.910265922546387 7.3668646812438965 
v -25.54159927368164 14.885332107543945 7.3668646812438965 
v -25.43946075439453 14.847900390625 7.3668646812438965 
v -25.761394500732422 15.183926582336426 7.1650004386901855 
v -25.745515823364258 15.127381324768066 7.171117782592773 
v -25.722715377807617 15.07414436340332 7.182128429412842 
v -25.693443298339844 15.02507209777832 7.194362640380859 
v -25.65823745727539 14.980901718139648 7.210267066955566 
v -25.617490768432617 14.942367553710938 7.228618621826172 
v -25.571739196777344 14.910265922546387 7.249416351318359 
v -25.521404266357422 14.885332107543945 7.271438121795654 
v -25.428104400634766 14.847900390625 7.313034534454346 
v -25.64008140563965 15.183926582336426 6.997392177581787 
v -25.628456115722656 15.127381324768066 7.010849475860596 
v -25.611738204956055 15.07414436340332 7.029201030731201 
v -25.590314865112305 15.02507209777832 7.052445888519287 
v -25.564517974853516 14.980901718139648 7.081808090209961 
v -25.53470802307129 14.942367553710938 7.114840507507324 
v -25.50118064880371 14.910265922546387 7.151543140411377 
v -25.464298248291016 14.885332107543945 7.19313907623291 
v -25.395986557006836 14.847900390625 7.268991470336914 
v -25.461360931396484 15.183926582336426 6.894624710083008 
v -25.45599937438965 15.127381324768066 6.910529136657715 
v -25.44826889038086 15.07414436340332 6.93499755859375 
v -25.43838119506836 15.02507209777832 6.965583324432373 
v -25.426456451416016 14.980901718139648 7.002285957336426 
v -25.412704467773438 14.942367553710938 7.043881893157959 
v -25.397214889526367 14.910265922546387 7.09159517288208 
v -25.38019561767578 14.885332107543945 7.14420223236084 
v -25.348617553710938 14.847900390625 7.2408528327941895 
v -25.256126403808594 15.183926582336426 6.872603416442871 
v -25.257953643798828 15.127381324768066 6.889730930328369 
v -25.260560989379883 15.07414436340332 6.9154229164123535 
v -25.263916015625 15.02507209777832 6.947231769561768 
v -25.26793098449707 14.980901718139648 6.9851579666137695 
v -25.272605895996094 14.942367553710938 7.029201030731201 
v -25.27781867980957 14.910265922546387 7.0793609619140625 
v -25.283571243286133 14.885332107543945 7.134415149688721 
v -25.294267654418945 14.847900390625 7.235959053039551 
v -25.05984878540039 15.183926582336426 6.936221122741699 
v -25.068538665771484 15.127381324768066 6.952125549316406 
v -25.081031799316406 15.07414436340332 6.972923755645752 
v -25.097030639648438 15.02507209777832 7.001062393188477 
v -25.1163272857666 14.980901718139648 7.03409481048584 
v -25.13861846923828 14.942367553710938 7.073244094848633 
v -25.163665771484375 14.910265922546387 7.116063594818115 
v -25.191200256347656 14.885332107543945 7.1637773513793945 
v -25.242284774780273 14.847900390625 7.253087043762207 
v -25.060897827148438 15.223380088806152 6.9386677742004395 
v -25.256336212158203 15.223380088806152 6.875050067901611 
v -25.07180404663086 15.256340026855469 6.957019329071045 
v -25.25861358642578 15.256340026855469 6.897071838378906 
v -25.09016990661621 15.276127815246582 6.988828182220459 
v -25.262447357177734 15.276127815246582 6.93255090713501 
v -25.101375579833984 15.279067993164062 7.0084028244018555 
v -25.264814376831055 15.279067993164062 6.955795764923096 
v -25.232606887817383 15.279067993164062 7.235959053039551 
v -25.2922306060791 15.279067993164062 7.216384410858154 
v -25.46073341369629 15.223380088806152 6.895848274230957 
v -25.453990936279297 15.256340026855469 6.916646480560303 
v -25.442636489868164 15.276127815246582 6.952125549316406 
v -25.435714721679688 15.279067993164062 6.972923755645752 
v -25.3546085357666 15.279067993164062 7.222501277923584 
v -25.638702392578125 15.223380088806152 6.998615264892578 
v -25.624113082885742 15.256340026855469 7.015743255615234 
v -25.599544525146484 15.276127815246582 7.042658805847168 
v -25.58453369140625 15.279067993164062 7.059786319732666 
v -25.4089298248291 15.279067993164062 7.254310131072998 
v -25.759477615356445 15.223380088806152 7.1650004386901855 
v -25.73958396911621 15.256340026855469 7.174787998199463 
v -25.706026077270508 15.276127815246582 7.189468860626221 
v -25.68553352355957 15.279067993164062 7.198032855987549 
v -25.445781707763672 15.279067993164062 7.304470539093018 
v -25.802202224731445 15.223380088806152 7.3668646812438965 
v -25.780420303344727 15.256340026855469 7.3668646812438965 
v -25.743688583374023 15.276127815246582 7.3668646812438965 
v -25.72124671936035 15.279067993164062 7.3668646812438965 
v -25.45881462097168 15.279067993164062 7.3668646812438965 
v -25.759477615356445 15.223380088806152 7.567505836486816 
v -25.73958396911621 15.256340026855469 7.558941841125488 
v -25.706026077270508 15.276127815246582 7.543037414550781 
v -25.68553352355957 15.279067993164062 7.534473419189453 
v -25.445781707763672 15.279067993164062 7.428035736083984 
v -25.638702392578125 15.223380088806152 7.733891010284424 
v -25.624113082885742 15.256340026855469 7.717986583709717 
v -25.599544525146484 15.276127815246582 7.689847946166992 
v -25.58453369140625 15.279067993164062 7.673943519592285 
v -25.4089298248291 15.279067993164062 7.478196144104004 
v -25.46073341369629 15.223380088806152 7.836658000946045 
v -25.453990936279297 15.256340026855469 7.815859794616699 
v -25.442636489868164 15.276127815246582 7.780380725860596 
v -25.435714721679688 15.279067993164062 7.75958251953125 
v -25.3546085357666 15.279067993164062 7.510004997253418 
v -25.256336212158203 15.223380088806152 7.857456207275391 
v -25.25861358642578 15.256340026855469 7.836658000946045 
v -25.262447357177734 15.276127815246582 7.799955368041992 
v -25.264814376831055 15.279067993164062 7.776710510253906 
v -25.2922306060791 15.279067993164062 7.516122341156006 
v -25.060897827148438 15.223380088806152 7.7938385009765625 
v -25.07180404663086 15.256340026855469 7.775486946105957 
v -25.09016990661621 15.276127815246582 7.743678092956543 
v -25.101375579833984 15.279067993164062 7.7241034507751465 
v -25.232606887817383 15.279067993164062 7.496547222137451 
v -24.908184051513672 15.223380088806152 7.656815528869629 
v -24.92580223083496 15.256340026855469 7.644581317901611 
v -24.955524444580078 15.276127815246582 7.622559547424316 
v -24.97368049621582 15.279067993164062 7.609102249145508 
v -25.18598747253418 15.279067993164062 7.454951286315918 
v -24.82459259033203 15.223380088806152 7.469632148742676 
v -24.845924377441406 15.256340026855469 7.464738368988037 
v -24.881818771362305 15.276127815246582 7.457397937774658 
v -24.903779983520508 15.279067993164062 7.4525041580200195 
v -25.160490036010742 15.279067993164062 7.3974504470825195 
v -24.82459259033203 15.223380088806152 7.264097690582275 
v -24.845924377441406 15.256340026855469 7.267767906188965 
v -24.881818771362305 15.276127815246582 7.276331901550293 
v -24.903779983520508 15.279067993164062 7.280002117156982 
v -25.160490036010742 15.279067993164062 7.335055828094482 
v -25.23386573791504 15.279067993164062 -31.864543914794922 
v -25.293487548828125 15.279067993164062 -31.884119033813477 
v -25.220083236694336 15.294261932373047 -31.887788772583008 
v -25.290611267089844 15.294261932373047 -31.911033630371094 
v -25.207918167114258 15.313559532165527 -31.90981101989746 
v -25.28806495666504 15.313559532165527 -31.935503005981445 
v -25.197551727294922 15.336410522460938 -31.926939010620117 
v -25.285907745361328 15.336410522460938 -31.956300735473633 
v -25.189191818237305 15.362263679504395 -31.941619873046875 
v -25.28413963317871 15.362263679504395 -31.972206115722656 
v -25.182960510253906 15.3905668258667 -31.9526309967041 
v -25.282852172851562 15.3905668258667 -31.984439849853516 
v -25.17912483215332 15.420646667480469 -31.95874786376953 
v -25.28204345703125 15.420646667480469 -31.993003845214844 
v -25.177776336669922 15.45201301574707 -31.96119499206543 
v -25.28177261352539 15.45201301574707 -31.995450973510742 
v -25.177776336669922 16.855300903320312 -31.96119499206543 
v -25.28177261352539 16.855300903320312 -31.995450973510742 
v -25.355867385864258 15.279067993164062 -31.87677764892578 
v -25.364376068115234 15.294261932373047 -31.90369415283203 
v -25.371896743774414 15.313559532165527 -31.926939010620117 
v -25.37830924987793 15.336410522460938 -31.946514129638672 
v -25.38346290588379 15.362263679504395 -31.962417602539062 
v -25.387296676635742 15.3905668258667 -31.97342872619629 
v -25.389694213867188 15.420646667480469 -31.980770111083984 
v -25.3905029296875 15.45201301574707 -31.984439849853516 
v -25.3905029296875 16.855300903320312 -31.984439849853516 
v -25.410158157348633 15.279067993164062 -31.846193313598633 
v -25.428613662719727 15.294261932373047 -31.865768432617188 
v -25.444883346557617 15.313559532165527 -31.884119033813477 
v -25.458755493164062 15.336410522460938 -31.900022506713867 
v -25.469961166381836 15.362263679504395 -31.91225814819336 
v -25.478260040283203 15.3905668258667 -31.92204475402832 
v -25.483413696289062 15.420646667480469 -31.926939010620117 
v -25.48518180847168 15.45201301574707 -31.929386138916016 
v -25.48518180847168 16.855300903320312 -31.929386138916016 
v -25.447040557861328 15.279067993164062 -31.794809341430664 
v -25.47220802307129 15.294261932373047 -31.80582046508789 
v -25.49444007873535 15.313559532165527 -31.816831588745117 
v -25.51334571838379 15.336410522460938 -31.82417106628418 
v -25.528656005859375 15.362263679504395 -31.831512451171875 
v -25.539979934692383 15.3905668258667 -31.83640480041504 
v -25.547021865844727 15.420646667480469 -31.840076446533203 
v -25.549448013305664 15.45201301574707 -31.841299057006836 
v -25.549448013305664 16.855300903320312 -31.841299057006836 
v -25.460073471069336 15.279067993164062 -31.733638763427734 
v -25.487638473510742 15.294261932373047 -31.733638763427734 
v -25.511966705322266 15.313559532165527 -31.733638763427734 
v -25.532669067382812 15.336410522460938 -31.733638763427734 
v -25.54941749572754 15.362263679504395 -31.733638763427734 
v -25.56182289123535 15.3905668258667 -31.733638763427734 
v -25.569522857666016 15.420646667480469 -31.733638763427734 
v -25.572189331054688 15.45201301574707 -31.733638763427734 
v -25.572189331054688 16.855300903320312 -31.733638763427734 
v -25.447040557861328 15.279067993164062 -31.672468185424805 
v -25.47220802307129 15.294261932373047 -31.661457061767578 
v -25.49444007873535 15.313559532165527 -31.651668548583984 
v -25.51334571838379 15.336410522460938 -31.643104553222656 
v -25.528656005859375 15.362263679504395 -31.635765075683594 
v -25.539979934692383 15.3905668258667 -31.630870819091797 
v -25.547021865844727 15.420646667480469 -31.6284236907959 
v -25.549448013305664 15.45201301574707 -31.627201080322266 
v -25.549448013305664 16.855300903320312 -31.627201080322266 
v -25.410158157348633 15.279067993164062 -31.62230682373047 
v -25.428613662719727 15.294261932373047 -31.60150909423828 
v -25.444883346557617 15.313559532165527 -31.583158493041992 
v -25.458755493164062 15.336410522460938 -31.56725311279297 
v -25.469961166381836 15.362263679504395 -31.55501937866211 
v -25.478260040283203 15.3905668258667 -31.54645538330078 
v -25.483413696289062 15.420646667480469 -31.54033851623535 
v -25.48518180847168 15.45201301574707 -31.537891387939453 
v -25.48518180847168 16.855300903320312 -31.537891387939453 
v -25.355867385864258 15.279067993164062 -31.590497970581055 
v -25.364376068115234 15.294261932373047 -31.563583374023438 
v -25.371896743774414 15.313559532165527 -31.541561126708984 
v -25.37830924987793 15.336410522460938 -31.520763397216797 
v -25.38346290588379 15.362263679504395 -31.504858016967773 
v -25.387296676635742 15.3905668258667 -31.49384880065918 
v -25.389694213867188 15.420646667480469 -31.486507415771484 
v -25.3905029296875 15.45201301574707 -31.484060287475586 
v -25.3905029296875 16.855300903320312 -31.484060287475586 
v -25.293487548828125 15.279067993164062 -31.584381103515625 
v -25.290611267089844 15.294261932373047 -31.556241989135742 
v -25.28806495666504 15.313559532165527 -31.531774520874023 
v -25.285907745361328 15.336410522460938 -31.51219940185547 
v -25.284170150756836 15.362263679504395 -31.495071411132812 
v -25.282852172851562 15.3905668258667 -31.482837677001953 
v -25.28204345703125 15.420646667480469 -31.475496292114258 
v -25.28177261352539 15.45201301574707 -31.471826553344727 
v -25.28177261352539 16.855300903320312 -31.471826553344727 
v -25.23386573791504 15.279067993164062 -31.602731704711914 
v -25.220083236694336 15.294261932373047 -31.579486846923828 
v -25.207918167114258 15.313559532165527 -31.55868911743164 
v -25.197551727294922 15.336410522460938 -31.54033851623535 
v -25.189191818237305 15.362263679504395 -31.525657653808594 
v -25.182960510253906 15.3905668258667 -31.514646530151367 
v -25.17912483215332 15.420646667480469 -31.508529663085938 
v -25.177776336669922 15.45201301574707 -31.50608253479004 
v -25.177776336669922 16.855300903320312 -31.50608253479004 
v -25.187244415283203 15.279067993164062 -31.645551681518555 
v -25.164953231811523 15.294261932373047 -31.6284236907959 
v -25.1452693939209 15.313559532165527 -31.614967346191406 
v -25.128520965576172 15.336410522460938 -31.602731704711914 
v -25.114978790283203 15.362263679504395 -31.592945098876953 
v -25.10491180419922 15.3905668258667 -31.585603713989258 
v -25.098678588867188 15.420646667480469 -31.580711364746094 
v -25.0965518951416 15.45201301574707 -31.579486846923828 
v -25.0965518951416 16.855300903320312 -31.579486846923828 
v -25.161746978759766 15.279067993164062 -31.70182991027832 
v -25.134782791137695 15.294261932373047 -31.696935653686523 
v -25.110992431640625 15.313559532165527 -31.692041397094727 
v -25.090740203857422 15.336410522460938 -31.687149047851562 
v -25.074350357055664 15.362263679504395 -31.6834774017334 
v -25.06221580505371 15.3905668258667 -31.681032180786133 
v -25.05466651916504 15.420646667480469 -31.679807662963867 
v -25.052059173583984 15.45201301574707 -31.678585052490234 
v -25.052059173583984 16.855300903320312 -31.678585052490234 
v -25.161746978759766 15.279067993164062 -31.76544761657715 
v -25.134782791137695 15.294261932373047 -31.770341873168945 
v -25.110992431640625 15.313559532165527 -31.776458740234375 
v -25.090740203857422 15.336410522460938 -31.780128479003906 
v -25.074350357055664 15.362263679504395 -31.783798217773438 
v -25.06221580505371 15.3905668258667 -31.786245346069336 
v -25.05466651916504 15.420646667480469 -31.78746795654297 
v -25.052059173583984 15.45201301574707 -31.788692474365234 
v -25.052059173583984 16.855300903320312 -31.788692474365234 
v -25.187244415283203 15.279067993164062 -31.822948455810547 
v -25.164953231811523 15.294261932373047 -31.838851928710938 
v -25.1452693939209 15.313559532165527 -31.853532791137695 
v -25.128520965576172 15.336410522460938 -31.864543914794922 
v -25.114978790283203 15.362263679504395 -31.87555503845215 
v -25.10491180419922 15.3905668258667 -31.881671905517578 
v -25.098678588867188 15.420646667480469 -31.886566162109375 
v -25.0965518951416 15.45201301574707 -31.887788772583008 
v -25.0965518951416 16.855300903320312 -31.887788772583008 
v -25.23386573791504 15.279067993164062 -31.864543914794922 
v -25.220083236694336 15.294261932373047 -31.887788772583008 
v -25.207918167114258 15.313559532165527 -31.90981101989746 
v -25.197551727294922 15.336410522460938 -31.926939010620117 
v -25.189191818237305 15.362263679504395 -31.941619873046875 
v -25.182960510253906 15.3905668258667 -31.9526309967041 
v -25.17912483215332 15.420646667480469 -31.95874786376953 
v -25.177776336669922 15.45201301574707 -31.96119499206543 
v -25.177776336669922 16.855300903320312 -31.96119499206543 
v -25.232606887817383 15.279067993164062 -31.864543914794922 
v -25.18598747253418 15.279067993164062 -31.822948455810547 
v -25.101375579833984 15.279067993164062 -32.09210205078125 
v -24.97368049621582 15.279067993164062 -31.97709846496582 
v -25.09016990661621 15.276127815246582 -32.11167526245117 
v -24.955524444580078 15.276127815246582 -31.990556716918945 
v -25.07180404663086 15.256340026855469 -32.14348220825195 
v -24.92580223083496 15.256340026855469 -32.012577056884766 
v -25.060897827148438 15.223380088806152 -32.161834716796875 
v -24.908184051513672 15.223380088806152 -32.024810791015625 
v -25.05984878540039 15.183926582336426 -32.164283752441406 
v -24.90650749206543 15.183926582336426 -32.02603530883789 
v -25.068538665771484 15.127381324768066 -32.149600982666016 
v -24.92055892944336 15.127381324768066 -32.0162467956543 
v -25.081031799316406 15.07414436340332 -32.12757873535156 
v -24.940752029418945 15.07414436340332 -32.00156784057617 
v -25.097030639648438 15.02507209777832 -32.09944152832031 
v -24.9666690826416 15.02507209777832 -31.981992721557617 
v -25.1163272857666 14.980901718139648 -32.066410064697266 
v -24.99785804748535 14.980901718139648 -31.959970474243164 
v -25.13861846923828 14.942367553710938 -32.027259826660156 
v -25.033931732177734 14.942367553710938 -31.933055877685547 
v -25.163665771484375 14.910265922546387 -31.984439849853516 
v -25.074440002441406 14.910265922546387 -31.90369415283203 
v -25.191200256347656 14.885332107543945 -31.936725616455078 
v -25.119022369384766 14.885332107543945 -31.871885299682617 
v -25.242284774780273 14.847900390625 -31.84864044189453 
v -25.201656341552734 14.847900390625 -31.81193733215332 
v -24.822555541992188 15.183926582336426 -31.837629318237305 
v -24.83957290649414 15.127381324768066 -31.833959579467773 
v -24.863990783691406 15.07414436340332 -31.829065322875977 
v -24.895301818847656 15.02507209777832 -31.82172393798828 
v -24.933021545410156 14.980901718139648 -31.81438446044922 
v -24.97661590576172 14.942367553710938 -31.804595947265625 
v -25.025632858276367 14.910265922546387 -31.794809341430664 
v -25.079504013061523 14.885332107543945 -31.782575607299805 
v -25.179424285888672 14.847900390625 -31.761777877807617 
v -24.822555541992188 15.183926582336426 -31.630870819091797 
v -24.83957290649414 15.127381324768066 -31.634540557861328 
v -24.863990783691406 15.07414436340332 -31.639434814453125 
v -24.895301818847656 15.02507209777832 -31.64677619934082 
v -24.933021545410156 14.980901718139648 -31.654115676879883 
v -24.97661590576172 14.942367553710938 -31.663904190063477 
v -25.025632858276367 14.910265922546387 -31.67491340637207 
v -25.079504013061523 14.885332107543945 -31.685924530029297 
v -25.179424285888672 14.847900390625 -31.706722259521484 
v -24.90650749206543 15.183926582336426 -31.44246482849121 
v -24.92055892944336 15.127381324768066 -31.452251434326172 
v -24.940752029418945 15.07414436340332 -31.46693229675293 
v -24.9666690826416 15.02507209777832 -31.486507415771484 
v -24.99785804748535 14.980901718139648 -31.508529663085938 
v -25.033931732177734 14.942367553710938 -31.535444259643555 
v -25.074440002441406 14.910265922546387 -31.56480598449707 
v -25.119022369384766 14.885332107543945 -31.596614837646484 
v -25.201656341552734 14.847900390625 -31.65656280517578 
v -25.05984878540039 15.183926582336426 -31.304218292236328 
v -25.068538665771484 15.127381324768066 -31.32012176513672 
v -25.081031799316406 15.07414436340332 -31.34092140197754 
v -25.097030639648438 15.02507209777832 -31.36905860900879 
v -25.1163272857666 14.980901718139648 -31.40209197998047 
v -25.13861846923828 14.942367553710938 -31.441240310668945 
v -25.163665771484375 14.910265922546387 -31.484060287475586 
v -25.191200256347656 14.885332107543945 -31.531774520874023 
v -25.242284774780273 14.847900390625 -31.621084213256836 
v -25.256126403808594 15.183926582336426 -31.2406005859375 
v -25.257953643798828 15.127381324768066 -31.257728576660156 
v -25.260560989379883 15.07414436340332 -31.28342056274414 
v -25.263916015625 15.02507209777832 -31.315229415893555 
v -25.26793098449707 14.980901718139648 -31.3531551361084 
v -25.272605895996094 14.942367553710938 -31.397197723388672 
v -25.27781867980957 14.910265922546387 -31.447357177734375 
v -25.283601760864258 14.885332107543945 -31.502412796020508 
v -25.294267654418945 14.847900390625 -31.60395622253418 
v -25.461360931396484 15.183926582336426 -31.26262092590332 
v -25.45599937438965 15.127381324768066 -31.278526306152344 
v -25.44826889038086 15.07414436340332 -31.302993774414062 
v -25.43838119506836 15.02507209777832 -31.333580017089844 
v -25.426456451416016 14.980901718139648 -31.370283126831055 
v -25.412704467773438 14.942367553710938 -31.41187858581543 
v -25.397214889526367 14.910265922546387 -31.459592819213867 
v -25.38019561767578 14.885332107543945 -31.51219940185547 
v -25.348617553710938 14.847900390625 -31.608848571777344 
v -25.64008140563965 15.183926582336426 -31.365388870239258 
v -25.628456115722656 15.127381324768066 -31.378847122192383 
v -25.611738204956055 15.07414436340332 -31.397197723388672 
v -25.590314865112305 15.02507209777832 -31.420442581176758 
v -25.564517974853516 14.980901718139648 -31.449804306030273 
v -25.53470802307129 14.942367553710938 -31.482837677001953 
v -25.50118064880371 14.910265922546387 -31.51953887939453 
v -25.464298248291016 14.885332107543945 -31.56113624572754 
v -25.395986557006836 14.847900390625 -31.636987686157227 
v -25.761394500732422 15.183926582336426 -31.532997131347656 
v -25.745515823364258 15.127381324768066 -31.539113998413086 
v -25.722715377807617 15.07414436340332 -31.550125122070312 
v -25.693443298339844 15.02507209777832 -31.562358856201172 
v -25.65823745727539 14.980901718139648 -31.578264236450195 
v -25.617490768432617 14.942367553710938 -31.596614837646484 
v -25.571739196777344 14.910265922546387 -31.617412567138672 
v -25.521404266357422 14.885332107543945 -31.639434814453125 
v -25.428104400634766 14.847900390625 -31.681032180786133 
v -25.80430030822754 15.183926582336426 -31.734861373901367 
v -25.786922454833984 15.127381324768066 -31.734861373901367 
v -25.761934280395508 15.07414436340332 -31.734861373901367 
v -25.729936599731445 15.02507209777832 -31.734861373901367 
v -25.691375732421875 14.980901718139648 -31.734861373901367 
v -25.646793365478516 14.942367553710938 -31.734861373901367 
v -25.596696853637695 14.910265922546387 -31.734861373901367 
v -25.54159927368164 14.885332107543945 -31.734861373901367 
v -25.43946075439453 14.847900390625 -31.734861373901367 
v -25.761394500732422 15.183926582336426 -31.936725616455078 
v -25.745515823364258 15.127381324768066 -31.929386138916016 
v -25.722715377807617 15.07414436340332 -31.91837501525879 
v -25.693443298339844 15.02507209777832 -31.90614128112793 
v -25.65823745727539 14.980901718139648 -31.890235900878906 
v -25.617490768432617 14.942367553710938 -31.871885299682617 
v -25.571739196777344 14.910265922546387 -31.852310180664062 
v -25.521404266357422 14.885332107543945 -31.829065322875977 
v -25.428104400634766 14.847900390625 -31.78746795654297 
v -25.64008140563965 15.183926582336426 -32.103111267089844 
v -25.628456115722656 15.127381324768066 -32.08965301513672 
v -25.611738204956055 15.07414436340332 -32.0713005065918 
v -25.590314865112305 15.02507209777832 -32.048057556152344 
v -25.564517974853516 14.980901718139648 -32.01869583129883 
v -25.53470802307129 14.942367553710938 -31.98566246032715 
v -25.50118064880371 14.910265922546387 -31.948959350585938 
v -25.464298248291016 14.885332107543945 -31.907363891601562 
v -25.395986557006836 14.847900390625 -31.831512451171875 
v -25.461360931396484 15.183926582336426 -32.20587921142578 
v -25.45599937438965 15.127381324768066 -32.18997573852539 
v -25.44826889038086 15.07414436340332 -32.165504455566406 
v -25.43838119506836 15.02507209777832 -32.13614273071289 
v -25.426456451416016 14.980901718139648 -32.09944152832031 
v -25.412704467773438 14.942367553710938 -32.05662155151367 
v -25.397214889526367 14.910265922546387 -32.008907318115234 
v -25.38019561767578 14.885332107543945 -31.956300735473633 
v -25.348617553710938 14.847900390625 -31.859649658203125 
v -25.256126403808594 15.183926582336426 -32.227901458740234 
v -25.257953643798828 15.127381324768066 -32.21077346801758 
v -25.260560989379883 15.07414436340332 -32.186302185058594 
v -25.263916015625 15.02507209777832 -32.15449523925781 
v -25.26793098449707 14.980901718139648 -32.1153450012207 
v -25.272605895996094 14.942367553710938 -32.0713005065918 
v -25.27781867980957 14.910265922546387 -32.021141052246094 
v -25.283571243286133 14.885332107543945 -31.966087341308594 
v -25.294267654418945 14.847900390625 -31.864543914794922 
v -25.05984878540039 15.183926582336426 -32.164283752441406 
v -25.068538665771484 15.127381324768066 -32.149600982666016 
v -25.081031799316406 15.07414436340332 -32.12757873535156 
v -25.097030639648438 15.02507209777832 -32.09944152832031 
v -25.1163272857666 14.980901718139648 -32.066410064697266 
v -25.13861846923828 14.942367553710938 -32.027259826660156 
v -25.163665771484375 14.910265922546387 -31.984439849853516 
v -25.191200256347656 14.885332107543945 -31.936725616455078 
v -25.242284774780273 14.847900390625 -31.84864044189453 
v -25.060897827148438 15.223380088806152 -32.161834716796875 
v -25.256336212158203 15.223380088806152 -32.2254524230957 
v -25.07180404663086 15.256340026855469 -32.14348220825195 
v -25.25861358642578 15.256340026855469 -32.204654693603516 
v -25.09016990661621 15.276127815246582 -32.11167526245117 
v -25.262447357177734 15.276127815246582 -32.16795349121094 
v -25.101375579833984 15.279067993164062 -32.09210205078125 
v -25.264814376831055 15.279067993164062 -32.14470672607422 
v -25.232606887817383 15.279067993164062 -31.864543914794922 
v -25.2922306060791 15.279067993164062 -31.884119033813477 
v -25.46073341369629 15.223380088806152 -32.204654693603516 
v -25.453990936279297 15.256340026855469 -32.18385696411133 
v -25.442636489868164 15.276127815246582 -32.14837646484375 
v -25.435714721679688 15.279067993164062 -32.12757873535156 
v -25.3546085357666 15.279067993164062 -31.878002166748047 
v -25.638702392578125 15.223380088806152 -32.10188674926758 
v -25.624113082885742 15.256340026855469 -32.08598327636719 
v -25.599544525146484 15.276127815246582 -32.05784606933594 
v -25.58453369140625 15.279067993164062 -32.04193878173828 
v -25.4089298248291 15.279067993164062 -31.846193313598633 
v -25.759477615356445 15.223380088806152 -31.935503005981445 
v -25.73958396911621 15.256340026855469 -31.926939010620117 
v -25.706026077270508 15.276127815246582 -31.911033630371094 
v -25.68553352355957 15.279067993164062 -31.902469635009766 
v -25.445781707763672 15.279067993164062 -31.796031951904297 
v -25.802202224731445 15.223380088806152 -31.734861373901367 
v -25.780420303344727 15.256340026855469 -31.734861373901367 
v -25.743688583374023 15.276127815246582 -31.734861373901367 
v -25.72124671936035 15.279067993164062 -31.734861373901367 
v -25.45881462097168 15.279067993164062 -31.734861373901367 
v -25.759477615356445 15.223380088806152 -31.532997131347656 
v -25.73958396911621 15.256340026855469 -31.54278564453125 
v -25.706026077270508 15.276127815246582 -31.557466506958008 
v -25.68553352355957 15.279067993164062 -31.566030502319336 
v -25.445781707763672 15.279067993164062 -31.672468185424805 
v -25.638702392578125 15.223380088806152 -31.36661148071289 
v -25.624113082885742 15.256340026855469 -31.383739471435547 
v -25.599544525146484 15.276127815246582 -31.410655975341797 
v -25.58453369140625 15.279067993164062 -31.427783966064453 
v -25.4089298248291 15.279067993164062 -31.62230682373047 
v -25.46073341369629 15.223380088806152 -31.263845443725586 
v -25.453990936279297 15.256340026855469 -31.284643173217773 
v -25.442636489868164 15.276127815246582 -31.32012176513672 
v -25.435714721679688 15.279067993164062 -31.34092140197754 
v -25.3546085357666 15.279067993164062 -31.590497970581055 
v -25.256336212158203 15.223380088806152 -31.2430477142334 
v -25.25861358642578 15.256340026855469 -31.26506805419922 
v -25.262447357177734 15.276127815246582 -31.300548553466797 
v -25.264814376831055 15.279067993164062 -31.323793411254883 
v -25.2922306060791 15.279067993164062 -31.584381103515625 
v -25.060897827148438 15.223380088806152 -31.306665420532227 
v -25.07180404663086 15.256340026855469 -31.325016021728516 
v -25.09016990661621 15.276127815246582 -31.35682487487793 
v -25.101375579833984 15.279067993164062 -31.376399993896484 
v -25.232606887817383 15.279067993164062 -31.60395622253418 
v -24.908184051513672 15.223380088806152 -31.443687438964844 
v -24.92580223083496 15.256340026855469 -31.45714569091797 
v -24.955524444580078 15.276127815246582 -31.477943420410156 
v -24.97368049621582 15.279067993164062 -31.49140167236328 
v -25.18598747253418 15.279067993164062 -31.645551681518555 
v -24.82459259033203 15.223380088806152 -31.632095336914062 
v -24.845924377441406 15.256340026855469 -31.635765075683594 
v -24.881818771362305 15.276127815246582 -31.644329071044922 
v -24.903779983520508 15.279067993164062 -31.647998809814453 
v -25.160490036010742 15.279067993164062 -31.703052520751953 
v -24.82459259033203 15.223380088806152 -31.837629318237305 
v -24.845924377441406 15.256340026855469 -31.832735061645508 
v -24.881818771362305 15.276127815246582 -31.825395584106445 
v -24.903779983520508 15.279067993164062 -31.82050132751465 
v -25.160490036010742 15.279067993164062 -31.76544761657715 
v -25.23386573791504 15.279067993164062 7.235959053039551 
v -25.293487548828125 15.279067993164062 7.216384410858154 
v -25.220083236694336 15.294261932373047 7.212714195251465 
v -25.290611267089844 15.294261932373047 7.189468860626221 
v -25.207918167114258 15.313559532165527 7.191915988922119 
v -25.28806495666504 15.313559532165527 7.1650004386901855 
v -25.197551727294922 15.336410522460938 7.173564434051514 
v -25.285907745361328 15.336410522460938 7.14420223236084 
v -25.189191818237305 15.362263679504395 7.158883571624756 
v -25.28413963317871 15.362263679504395 7.128297805786133 
v -25.182960510253906 15.3905668258667 7.1478729248046875 
v -25.282852172851562 15.3905668258667 7.116063594818115 
v -25.17912483215332 15.420646667480469 7.1417555809021 
v -25.28204345703125 15.420646667480469 7.107500076293945 
v -25.177776336669922 15.45201301574707 7.139308929443359 
v -25.28177261352539 15.45201301574707 7.105052947998047 
v -25.177776336669922 16.855300903320312 7.139308929443359 
v -25.28177261352539 16.855300903320312 7.105052947998047 
v -25.355867385864258 15.279067993164062 7.223724842071533 
v -25.364376068115234 15.294261932373047 7.1968092918396 
v -25.371896743774414 15.313559532165527 7.173564434051514 
v -25.37830924987793 15.336410522460938 7.153989791870117 
v -25.38346290588379 15.362263679504395 7.13808536529541 
v -25.387296676635742 15.3905668258667 7.127074718475342 
v -25.389694213867188 15.420646667480469 7.119733810424805 
v -25.3905029296875 15.45201301574707 7.1172871589660645 
v -25.3905029296875 16.855300903320312 7.1172871589660645 
v -25.410158157348633 15.279067993164062 7.254310131072998 
v -25.428613662719727 15.294261932373047 7.234735488891602 
v -25.444883346557617 15.313559532165527 7.216384410858154 
v -25.458755493164062 15.336410522460938 7.200479984283447 
v -25.469961166381836 15.362263679504395 7.18824577331543 
v -25.478260040283203 15.3905668258667 7.179681777954102 
v -25.483413696289062 15.420646667480469 7.173564434051514 
v -25.48518180847168 15.45201301574707 7.171117782592773 
v -25.48518180847168 16.855300903320312 7.171117782592773 
v -25.447040557861328 15.279067993164062 7.305694103240967 
v -25.47220802307129 15.294261932373047 7.29468297958374 
v -25.49444007873535 15.313559532165527 7.284895896911621 
v -25.51334571838379 15.336410522460938 7.276331901550293 
v -25.528656005859375 15.362263679504395 7.268991470336914 
v -25.539979934692383 15.3905668258667 7.264097690582275 
v -25.547021865844727 15.420646667480469 7.260427474975586 
v -25.549448013305664 15.45201301574707 7.260427474975586 
v -25.549448013305664 16.855300903320312 7.260427474975586 
v -25.460073471069336 15.279067993164062 7.3668646812438965 
v -25.487638473510742 15.294261932373047 7.3668646812438965 
v -25.511966705322266 15.313559532165527 7.3668646812438965 
v -25.532669067382812 15.336410522460938 7.3668646812438965 
v -25.54941749572754 15.362263679504395 7.3668646812438965 
v -25.56182289123535 15.3905668258667 7.3668646812438965 
v -25.569522857666016 15.420646667480469 7.3668646812438965 
v -25.572189331054688 15.45201301574707 7.3668646812438965 
v -25.572189331054688 16.855300903320312 7.3668646812438965 
v -25.447040557861328 15.279067993164062 7.428035736083984 
v -25.47220802307129 15.294261932373047 7.439046859741211 
v -25.49444007873535 15.313559532165527 7.44883394241333 
v -25.51334571838379 15.336410522460938 7.457397937774658 
v -25.528656005859375 15.362263679504395 7.464738368988037 
v -25.539979934692383 15.3905668258667 7.469632148742676 
v -25.547021865844727 15.420646667480469 7.473302364349365 
v -25.549448013305664 15.45201301574707 7.473302364349365 
v -25.549448013305664 16.855300903320312 7.473302364349365 
v -25.410158157348633 15.279067993164062 7.479419708251953 
v -25.428613662719727 15.294261932373047 7.49899435043335 
v -25.444883346557617 15.313559532165527 7.517345428466797 
v -25.458755493164062 15.336410522460938 7.533249855041504 
v -25.469961166381836 15.362263679504395 7.5454840660095215 
v -25.478260040283203 15.3905668258667 7.55404806137085 
v -25.483413696289062 15.420646667480469 7.5601654052734375 
v -25.48518180847168 15.45201301574707 7.562612056732178 
v -25.48518180847168 16.855300903320312 7.562612056732178 
v -25.355867385864258 15.279067993164062 7.510004997253418 
v -25.364376068115234 15.294261932373047 7.536920070648193 
v -25.371896743774414 15.313559532165527 7.5601654052734375 
v -25.37830924987793 15.336410522460938 7.579740047454834 
v -25.38346290588379 15.362263679504395 7.595644474029541 
v -25.387296676635742 15.3905668258667 7.606655120849609 
v -25.389694213867188 15.420646667480469 7.613995552062988 
v -25.3905029296875 15.45201301574707 7.616442680358887 
v -25.3905029296875 16.855300903320312 7.616442680358887 
v -25.293487548828125 15.279067993164062 7.517345428466797 
v -25.290611267089844 15.294261932373047 7.5442609786987305 
v -25.28806495666504 15.313559532165527 7.568729400634766 
v -25.285907745361328 15.336410522460938 7.589527130126953 
v -25.284170150756836 15.362263679504395 7.60543155670166 
v -25.282852172851562 15.3905668258667 7.617665767669678 
v -25.28204345703125 15.420646667480469 7.626229763031006 
v -25.28177261352539 15.45201301574707 7.628676891326904 
v -25.28177261352539 16.855300903320312 7.628676891326904 
v -25.23386573791504 15.279067993164062 7.4977707862854 
v -25.220083236694336 15.294261932373047 7.521015644073486 
v -25.207918167114258 15.313559532165527 7.541813850402832 
v -25.197551727294922 15.336410522460938 7.5601654052734375 
v -25.189191818237305 15.362263679504395 7.574846267700195 
v -25.182960510253906 15.3905668258667 7.585856914520264 
v -25.17912483215332 15.420646667480469 7.591974258422852 
v -25.177776336669922 15.45201301574707 7.594420909881592 
v -25.177776336669922 16.855300903320312 7.594420909881592 
v -25.187244415283203 15.279067993164062 7.454951286315918 
v -25.164953231811523 15.294261932373047 7.472078800201416 
v -25.1452693939209 15.313559532165527 7.485536575317383 
v -25.128520965576172 15.336410522460938 7.4977707862854 
v -25.114978790283203 15.362263679504395 7.507558345794678 
v -25.10491180419922 15.3905668258667 7.514898777008057 
v -25.098678588867188 15.420646667480469 7.519792556762695 
v -25.0965518951416 15.45201301574707 7.521015644073486 
v -25.0965518951416 16.855300903320312 7.521015644073486 
v -25.161746978759766 15.279067993164062 7.398674011230469 
v -25.134782791137695 15.294261932373047 7.403567314147949 
v -25.110992431640625 15.313559532165527 7.408461093902588 
v -25.090740203857422 15.336410522460938 7.413354873657227 
v -25.074350357055664 15.362263679504395 7.417025089263916 
v -25.06221580505371 15.3905668258667 7.419471740722656 
v -25.05466651916504 15.420646667480469 7.4206953048706055 
v -25.052059173583984 15.45201301574707 7.421918869018555 
v -25.052059173583984 16.855300903320312 7.421918869018555 
v -25.161746978759766 15.279067993164062 7.335055828094482 
v -25.134782791137695 15.294261932373047 7.330162048339844 
v -25.110992431640625 15.313559532165527 7.325268745422363 
v -25.090740203857422 15.336410522460938 7.320374965667725 
v -25.074350357055664 15.362263679504395 7.316704750061035 
v -25.06221580505371 15.3905668258667 7.314257621765137 
v -25.05466651916504 15.420646667480469 7.313034534454346 
v -25.052059173583984 15.45201301574707 7.3118109703063965 
v -25.052059173583984 16.855300903320312 7.3118109703063965 
v -25.187244415283203 15.279067993164062 7.278778553009033 
v -25.164953231811523 15.294261932373047 7.261650562286377 
v -25.1452693939209 15.313559532165527 7.248193264007568 
v -25.128520965576172 15.336410522460938 7.235959053039551 
v -25.114978790283203 15.362263679504395 7.226171493530273 
v -25.10491180419922 15.3905668258667 7.2188310623168945 
v -25.098678588867188 15.420646667480469 7.213937282562256 
v -25.0965518951416 15.45201301574707 7.212714195251465 
v -25.0965518951416 16.855300903320312 7.212714195251465 
v -25.23386573791504 15.279067993164062 7.235959053039551 
v -25.220083236694336 15.294261932373047 7.212714195251465 
v -25.207918167114258 15.313559532165527 7.191915988922119 
v -25.197551727294922 15.336410522460938 7.173564434051514 
v -25.189191818237305 15.362263679504395 7.158883571624756 
v -25.182960510253906 15.3905668258667 7.1478729248046875 
v -25.17912483215332 15.420646667480469 7.1417555809021 
v -25.177776336669922 15.45201301574707 7.139308929443359 
v -25.177776336669922 16.855300903320312 7.139308929443359 
vn -1.0341130485562108e-13 0.999997615814209 -0.002184694167226553 
vn -1.0341130485562108e-13 0.999997615814209 -0.002184694167226553 
vn 0.03584454581141472 0.9976170659065247 -0.058952588587999344 
vn 0.05279320478439331 0.9977428913116455 -0.04149730131030083 
vn 0.1261434555053711 0.9665924906730652 -0.22312943637371063 
vn 0.20789122581481934 0.9665552377700806 -0.15017375349998474 
vn 0.3401387631893158 0.7348878979682922 -0.5867242813110352 
vn 0.5482384562492371 0.7359433174133301 -0.3972681760787964 
vn 0.4721338450908661 0.3205874264240265 -0.8211658596992493 
vn 0.7669934034347534 0.31667670607566833 -0.5580654144287109 
vn 0.4906456172466278 -0.19198426604270935 -0.8499464392662048 
vn 0.7956959009170532 -0.18714597821235657 -0.5760593414306641 
vn 0.46659424901008606 -0.3586260676383972 -0.8085030317306519 
vn 0.7564737796783447 -0.3583078682422638 -0.5471406579017639 
vn 0.43952587246894836 -0.4836225211620331 -0.7569189071655273 
vn 0.7088335752487183 -0.48327454924583435 -0.5138099193572998 
vn 0.4011654853820801 -0.601662278175354 -0.6907016038894653 
vn 0.6451886892318726 -0.6037999987602234 -0.46814218163490295 
vn 0.3535822033882141 -0.70809406042099 -0.6112139225006104 
vn 0.5725163817405701 -0.7057986855506897 -0.417220801115036 
vn 0.29935160279273987 -0.7991546988487244 -0.5212872624397278 
vn 0.48520708084106445 -0.8001022934913635 -0.3527185618877411 
vn 0.23886193335056305 -0.876853346824646 -0.417220801115036 
vn 0.3922616243362427 -0.8754628300666809 -0.28230419754981995 
vn 0.19123102724552155 -0.9250954389572144 -0.3280687630176544 
vn 0.3098321855068207 -0.9242387413978577 -0.22312943637371063 
vn 0.16900694370269775 -0.9391589760780334 -0.2990269064903259 
vn 0.2810377776622772 -0.9382440447807312 -0.2017817199230194 
vn 0.9603763818740845 -0.18766145408153534 -0.2060592919588089 
vn 0.9121448993682861 -0.36146873235702515 -0.19321508705615997 
vn 0.8561996817588806 -0.4841492176055908 -0.18033768236637115 
vn 0.7794640064239502 -0.6036581993103027 -0.16742929816246033 
vn 0.6935112476348877 -0.7055276036262512 -0.1458524912595749 
vn 0.5887157320976257 -0.7987406849861145 -0.1242060661315918 
vn 0.47120046615600586 -0.8765478134155273 -0.0981530249118805 
vn 0.3705019950866699 -0.925315260887146 -0.08074574917554855 
vn 0.33679214119911194 -0.9388196468353271 -0.07203252613544464 
vn 0.9604207873344421 -0.18743406236171722 0.2060592919588089 
vn 0.9123117327690125 -0.3610474467277527 0.19321508705615997 
vn 0.8565037250518799 -0.4836111068725586 0.18033768236637115 
vn 0.7799482941627502 -0.6030324101448059 0.16742929816246033 
vn 0.6941907405853271 -0.7048590183258057 0.1458524912595749 
vn 0.5887157320976257 -0.7987406849861145 0.1242060661315918 
vn 0.47120046615600586 -0.8765478134155273 0.0981530249118805 
vn 0.37182822823524475 -0.9247831702232361 0.08074574917554855 
vn 0.33679214119911194 -0.9388196468353271 0.07203252613544464 
vn 0.795759379863739 -0.1868760734796524 0.5760593414306641 
vn 0.7567009925842285 -0.35782772302627563 0.5471406579017639 
vn 0.709237813949585 -0.48268115520477295 0.5138099193572998 
vn 0.6458054780960083 -0.6031402349472046 0.46814218163490295 
vn 0.5733451247215271 -0.705125629901886 0.417220801115036 
vn 0.4862600862979889 -0.7994627952575684 0.3527185618877411 
vn 0.386628657579422 -0.8779650330543518 0.28230419754981995 
vn 0.31125155091285706 -0.9237617254257202 0.22312943637371063 
vn 0.2810377776622772 -0.9382440447807312 0.2017817199230194 
vn 0.4909704029560089 -0.1911521852016449 0.8499464392662048 
vn 0.4675498604774475 -0.35737931728363037 0.8085030317306519 
vn 0.4354131817817688 -0.48732852935791016 0.7569189071655273 
vn 0.40312445163726807 -0.6003515124320984 0.6907016038894653 
vn 0.3547718822956085 -0.7074987292289734 0.6112139225006104 
vn 0.3007138669490814 -0.7986431121826172 0.5212872624397278 
vn 0.24037301540374756 -0.8764402866363525 0.417220801115036 
vn 0.19283755123615265 -0.9247618913650513 0.3280687630176544 
vn 0.16900694370269775 -0.9391589760780334 0.2990269064903259 
vn 0.1040196567773819 -0.1901429444551468 0.976230263710022 
vn 0.10026490688323975 -0.3572441637516022 0.9286137819290161 
vn 0.08808986097574234 -0.48511362075805664 0.8700028657913208 
vn 0.08454818278551102 -0.6000866293907166 0.7954543828964233 
vn 0.07531588524580002 -0.7069576978683472 0.7032341957092285 
vn 0.060293737798929214 -0.7997570037841797 0.5972883701324463 
vn 0.05087922513484955 -0.8759645223617554 0.4796847105026245 
vn 0.043383173644542694 -0.9251453280448914 0.37712597846984863 
vn 0.035831108689308167 -0.9395894408226013 0.34042292833328247 
vn -0.3029818534851074 -0.19227813184261322 0.933397650718689 
vn -0.28710460662841797 -0.35743284225463867 0.888714075088501 
vn -0.273765504360199 -0.4842188358306885 0.8310141563415527 
vn -0.24620524048805237 -0.6017781496047974 0.7597671151161194 
vn -0.2210722267627716 -0.707250714302063 0.6715083718299866 
vn -0.18874609470367432 -0.7978965640068054 0.5724822878837585 
vn -0.14830203354358673 -0.8772665858268738 0.456519216299057 
vn -0.11845827102661133 -0.9250577092170715 0.36088213324546814 
vn -0.10723966360092163 -0.9385470151901245 0.3280687630176544 
vn -0.6558718681335449 -0.18972401320934296 0.7306414246559143 
vn -0.6236379146575928 -0.3600575029850006 0.6938546895980835 
vn -0.5852515697479248 -0.4867077171802521 0.6485338807106018 
vn -0.5346527695655823 -0.6013099551200867 0.5937783122062683 
vn -0.47460561990737915 -0.7064792513847351 0.5250110030174255 
vn -0.4003283381462097 -0.7989877462387085 0.4487268626689911 
vn -0.32147666811943054 -0.8771224617958069 0.3568037748336792 
vn -0.2552677094936371 -0.9247393012046814 0.28230419754981995 
vn -0.2297240048646927 -0.9386942982673645 0.25706008076667786 
vn -0.8958374261856079 -0.19093020260334015 0.401274174451828 
vn -0.85158371925354 -0.35988229513168335 0.3811691105365753 
vn -0.7968143224716187 -0.4876248240470886 0.3568037748336792 
vn -0.7322248816490173 -0.599091649055481 0.3239381015300751 
vn -0.6488914489746094 -0.7048840522766113 0.2864931523799896 
vn -0.5486893057823181 -0.7995142340660095 0.24437066912651062 
vn -0.43695858120918274 -0.877531111240387 0.1975002884864807 
vn -0.3508906066417694 -0.9235842823982239 0.15449213981628418 
vn -0.3116439878940582 -0.9395997524261475 0.1415284425020218 
vn -0.9822282791137695 -0.18767757713794708 0.002184694167226553 
vn -0.9323094487190247 -0.36165499687194824 0.002184694167226553 
vn -0.8746989965438843 -0.48466166853904724 0.002184694167226553 
vn -0.8009505867958069 -0.5987265110015869 -0.002184694167226553 
vn -0.7071051001548767 -0.7071051001548767 -0.002184694167226553 
vn -0.5987265110015869 -0.8009505867958069 0.002184694167226553 
vn -0.47804227471351624 -0.878334105014801 -0.002184694167226553 
vn -0.38268253207206726 -0.9238772988319397 0.002184694167226553 
vn -0.34753286838531494 -0.9376652836799622 0.002184694167226553 
vn -0.896565318107605 -0.1874822974205017 -0.401274174451828 
vn -0.8528614044189453 -0.3568437993526459 -0.3811691105365753 
vn -0.7984368205070496 -0.484963595867157 -0.3568037748336792 
vn -0.7293027639389038 -0.6026455163955688 -0.3239381015300751 
vn -0.6453737616539001 -0.7081061601638794 -0.2864931523799896 
vn -0.5486893057823181 -0.7995142340660095 -0.24437066912651062 
vn -0.43695858120918274 -0.877531111240387 -0.1975002884864807 
vn -0.3508906066417694 -0.9235842823982239 -0.15449213981628418 
vn -0.3116439878940582 -0.9395997524261475 -0.1415284425020218 
vn -0.6568188667297363 -0.18641915917396545 -0.7306414246559143 
vn -0.6252056360244751 -0.3573284149169922 -0.6938546895980835 
vn -0.5871293544769287 -0.4844408631324768 -0.6485338807106018 
vn -0.5367147326469421 -0.5994702577590942 -0.5937783122062683 
vn -0.4767611026763916 -0.7050264477729797 -0.5250110030174255 
vn -0.4025154709815979 -0.7978881597518921 -0.4487268626689911 
vn -0.3236454725265503 -0.8763245344161987 -0.3568037748336792 
vn -0.25739943981170654 -0.9241482019424438 -0.28230419754981995 
vn -0.23183758556842804 -0.9381745457649231 -0.25706008076667786 
vn -0.30626076459884644 -0.18701130151748657 -0.933397650718689 
vn -0.2854238748550415 -0.35877639055252075 -0.888714075088501 
vn -0.27154862880706787 -0.48546552658081055 -0.8310141563415527 
vn -0.24838286638259888 -0.6008825898170471 -0.7597671151161194 
vn -0.21600398421287537 -0.7088150382041931 -0.6715083718299866 
vn -0.18350061774253845 -0.799119234085083 -0.5724822878837585 
vn -0.1503623127937317 -0.8769158124923706 -0.456519216299057 
vn -0.12048233300447464 -0.9247962236404419 -0.36088213324546814 
vn -0.10925091803073883 -0.9383150339126587 -0.3280687630176544 
vn 0.10175131261348724 -0.19136638939380646 -0.976230263710022 
vn 0.0972522422671318 -0.3580760359764099 -0.9286137819290161 
vn 0.09387170523405075 -0.48402804136276245 -0.8700028657913208 
vn 0.08284423500299454 -0.600324273109436 -0.7954543828964233 
vn 0.07356362044811249 -0.707142174243927 -0.7032341957092285 
vn 0.06603268533945084 -0.7993035912513733 -0.5972883701324463 
vn 0.04906385391950607 -0.876068115234375 -0.4796847105026245 
vn 0.043383173644542694 -0.9251453280448914 -0.37712597846984863 
vn 0.03398949280381203 -0.9396578669548035 -0.34042292833328247 
vn 0.4906456172466278 -0.19198426604270935 -0.8499464392662048 
vn 0.46659424901008606 -0.3586260676383972 -0.8085030317306519 
vn 0.43952587246894836 -0.4836225211620331 -0.7569189071655273 
vn 0.4011654853820801 -0.601662278175354 -0.6907016038894653 
vn 0.3535822033882141 -0.70809406042099 -0.6112139225006104 
vn 0.29935160279273987 -0.7991546988487244 -0.5212872624397278 
vn 0.23886193335056305 -0.876853346824646 -0.417220801115036 
vn 0.19123102724552155 -0.9250954389572144 -0.3280687630176544 
vn 0.16900694370269775 -0.9391589760780334 -0.2990269064903259 
vn 0.4721338450908661 0.3205874264240265 -0.8211658596992493 
vn 0.10041175037622452 0.31881430745124817 -0.9424833655357361 
vn 0.3401387631893158 0.7348878979682922 -0.5867242813110352 
vn 0.07163743674755096 0.7345709204673767 -0.67473965883255 
vn 0.1261434555053711 0.9665924906730652 -0.22312943637371063 
vn 0.03020424209535122 0.9659233093261719 -0.25706008076667786 
vn 0.03584454581141472 0.9976170659065247 -0.058952588587999344 
vn 0.003776365192607045 0.9977003335952759 -0.06767380982637405 
vn -1.0341130485562108e-13 0.999997615814209 -0.002184694167226553 
vn -1.0341130485562108e-13 0.999997615814209 -0.002184694167226553 
vn -0.2925409972667694 0.31660836935043335 -0.9023185968399048 
vn -0.2107921540737152 0.7343577742576599 -0.6452018022537231 
vn -0.07730336487293243 0.9665956497192383 -0.24437066912651062 
vn -0.02452145703136921 0.997692346572876 -0.0633138045668602 
vn -1.0341130485562108e-13 0.999997615814209 -0.002184694167226553 
vn -0.6362749934196472 0.31719982624053955 -0.7032341957092285 
vn -0.4570886790752411 0.7312571406364441 -0.5062933564186096 
vn -0.17285549640655518 0.9658100008964539 -0.19321508705615997 
vn -0.047178998589515686 0.9976228475570679 -0.05022686347365379 
vn -1.0341130485562108e-13 0.999997615814209 -0.002184694167226553 
vn -0.8663135766983032 0.3179904818534851 -0.3852050006389618 
vn -0.6201573610305786 0.7335255742073059 -0.2781098484992981 
vn -0.2318487912416458 0.9673364758491516 -0.10250037163496017 
vn -0.06035414710640907 0.9977729916572571 -0.028397228568792343 
vn -1.0341130485562108e-13 0.999997615814209 -0.002184694167226553 
vn -0.947733998298645 0.31905397772789 0.002184694167226553 
vn -0.6799074411392212 0.733294665813446 0.002184694167226553 
vn -0.25395211577415466 0.9672143459320068 0.002184694167226553 
vn -0.06791467219591141 0.9976887702941895 0.002184694167226553 
vn -1.0341130485562108e-13 0.999997615814209 0.002184694167226553 
vn -0.8663135766983032 0.3179904818534851 0.3852050006389618 
vn -0.6180710792541504 0.7352843284606934 0.2781098484992981 
vn -0.2318487912416458 0.9673364758491516 0.10250037163496017 
vn -0.06035414710640907 0.9977729916572571 0.028397228568792343 
vn -1.0341130485562108e-13 0.999997615814209 0.002184694167226553 
vn -0.6348329782485962 0.3200760781764984 0.7032341957092285 
vn -0.45491790771484375 0.7326095104217529 0.5062933564186096 
vn -0.17078883945941925 0.9661775827407837 0.19321508705615997 
vn -0.047178998589515686 0.9976228475570679 0.05022686347365379 
vn -1.0341130485562108e-13 0.999997615814209 0.002184694167226553 
vn -0.29398882389068604 0.31526443362236023 0.9023185968399048 
vn -0.2065223753452301 0.735569953918457 0.6452018022537231 
vn -0.07730336487293243 0.9665956497192383 0.24437066912651062 
vn -0.02452145703136921 0.997692346572876 0.0633138045668602 
vn -1.0341130485562108e-13 0.999997615814209 0.002184694167226553 
vn 0.1018570065498352 0.3183555006980896 0.9424833655357361 
vn 0.07339730858802795 0.7343971729278564 0.67473965883255 
vn 0.024511825293302536 0.9660845398902893 0.25706008076667786 
vn 0.003776365192607045 0.9977003335952759 0.06767380982637405 
vn -1.0341130485562108e-13 0.999997615814209 0.002184694167226553 
vn 0.47293585538864136 0.31940311193466187 0.8211658596992493 
vn 0.34137651324272156 0.7343137860298157 0.5867242813110352 
vn 0.12785863876342773 0.9663671255111694 0.22312943637371063 
vn 0.03584454581141472 0.9976170659065247 0.058952588587999344 
vn -1.0341130485562108e-13 0.999997615814209 0.002184694167226553 
vn 0.7671726942062378 0.3162420392036438 0.5580654144287109 
vn 0.5491344332695007 0.7352750301361084 0.3972681760787964 
vn 0.20789122581481934 0.9665552377700806 0.15017375349998474 
vn 0.05279320478439331 0.9977428913116455 0.04149730131030083 
vn -1.0341130485562108e-13 0.999997615814209 0.002184694167226553 
vn 0.927058219909668 0.318679541349411 0.1975002884864807 
vn 0.6616469621658325 0.7363375425338745 0.1415284425020218 
vn 0.2520465850830078 0.9661741256713867 0.05459024757146835 
vn 0.06790688633918762 0.9975744485855103 0.0152922747656703 
vn -1.0341130485562108e-13 0.999997615814209 0.002184694167226553 
vn 0.927058219909668 0.318679541349411 -0.1975002884864807 
vn 0.6616469621658325 0.7363375425338745 -0.1415284425020218 
vn 0.2520465850830078 0.9661741256713867 -0.05459024757146835 
vn 0.06790688633918762 0.9975744485855103 -0.0152922747656703 
vn -1.0341130485562108e-13 0.999997615814209 -0.002184694167226553 
vn 0.23886193335056305 -0.876853346824646 -0.417220801115036 
vn 0.04906385391950607 -0.876068115234375 -0.4796847105026245 
vn 0.2819638252258301 -0.8286800384521484 -0.4835140109062195 
vn 0.060398172587156296 -0.8300328850746155 -0.5544344186782837 
vn 0.34546342492103577 -0.7266927361488342 -0.5937783122062683 
vn 0.07170411944389343 -0.7256138324737549 -0.6843559741973877 
vn 0.3994938135147095 -0.6063825488090515 -0.6875353455543518 
vn 0.08655112236738205 -0.6068000197410583 -0.790128231048584 
vn 0.44248202443122864 -0.4718576669692993 -0.762600839138031 
vn 0.09024293720722198 -0.47307005524635315 -0.8763908743858337 
vn 0.47203755378723145 -0.32706132531166077 -0.8186644315719604 
vn 0.09878849983215332 -0.3236258029937744 -0.9410139322280884 
vn 0.49305716156959534 -0.16338135302066803 -0.8545181155204773 
vn 0.10416583716869354 -0.1652703434228897 -0.9807319641113281 
vn 0.49857622385025024 -0.0453065000474453 -0.865661084651947 
vn 0.10436485707759857 -0.044254522770643234 -0.9935539960861206 
vn 0.5006305575370789 0 -0.865661084651947 
vn 0.10467331111431122 0 -0.9945066571235657 
vn -0.14670081436634064 -0.875504732131958 -0.46040233969688416 
vn -0.17622774839401245 -0.8302974700927734 -0.528724730014801 
vn -0.21051979064941406 -0.728538453578949 -0.651853621006012 
vn -0.2452760487794876 -0.6057337522506714 -0.7569189071655273 
vn -0.27265533804893494 -0.47225290536880493 -0.838234007358551 
vn -0.29257044196128845 -0.3219233751296997 -0.9004265069961548 
vn -0.303854376077652 -0.16670021414756775 -0.9380210638046265 
vn -0.31029388308525085 -0.04530952498316765 -0.949560284614563 
vn -0.30940940976142883 0.0037824385799467564 -0.9509214162826538 
vn -0.3236454725265503 -0.8763245344161987 -0.3568037748336792 
vn -0.37015244364738464 -0.8319945931434631 -0.41324591636657715 
vn -0.4602481722831726 -0.7266457080841064 -0.5100564956665039 
vn -0.5343028903007507 -0.6050761342048645 -0.590256929397583 
vn -0.5920094847679138 -0.46934953331947327 -0.6551609039306641 
vn -0.6328668594360352 -0.3239462971687317 -0.7032341957092285 
vn -0.6584002375602722 -0.16826821863651276 -0.7336177229881287 
vn -0.6685990691184998 -0.041534677147865295 -0.7424622178077698 
vn -0.6698772311210632 0.0037782832514494658 -0.7424622178077698 
vn -0.4437025189399719 -0.8741405606269836 -0.1975002884864807 
vn -0.50639408826828 -0.8317814469337463 -0.22738653421401978 
vn -0.6259064078330994 -0.7286261320114136 -0.2781098484992981 
vn -0.7244682312011719 -0.6084488034248352 -0.3239381015300751 
vn -0.8061753511428833 -0.47198766469955444 -0.3568037748336792 
vn -0.8636830449104309 -0.32506728172302246 -0.3852050006389618 
vn -0.9009283185005188 -0.16524890065193176 -0.401274174451828 
vn -0.9132534861564636 -0.04149998351931572 -0.405272513628006 
vn -0.9141881465911865 0.0037740119732916355 -0.405272513628006 
vn -0.48466166853904724 -0.8746989965438843 0.002184694167226553 
vn -0.5555689334869385 -0.8314676284790039 0.002184694167226553 
vn -0.6854257583618164 -0.7281392216682434 -0.002184694167226553 
vn -0.7964062690734863 -0.604758083820343 -0.002184694167226553 
vn -0.8819191455841064 -0.4713956117630005 0.002184694167226553 
vn -0.9452975392341614 -0.32620200514793396 0.002184694167226553 
vn -0.986227810382843 -0.16537824273109436 0.002184694167226553 
vn -0.9989712238311768 -0.04529581964015961 0.002184694167226553 
vn -0.999997615814209 -2.0682260971124217e-13 0.002184694167226553 
vn -0.4437025189399719 -0.8741405606269836 0.1975002884864807 
vn -0.5106596350669861 -0.829169511795044 0.22738653421401978 
vn -0.6295441389083862 -0.7254853844642639 0.2781098484992981 
vn -0.7274247407913208 -0.6049110293388367 0.3239381015300751 
vn -0.8045862317085266 -0.4746915102005005 0.3568037748336792 
vn -0.8636830449104309 -0.32506728172302246 0.3852050006389618 
vn -0.9002804160118103 -0.16874295473098755 0.401274174451828 
vn -0.9132534861564636 -0.04149998351931572 0.405272513628006 
vn -0.9141881465911865 0.0037740119732916355 0.405272513628006 
vn -0.32147666811943054 -0.8771224617958069 0.3568037748336792 
vn -0.37015244364738464 -0.8319945931434631 0.41324591636657715 
vn -0.4580789804458618 -0.728015124797821 0.5100564956665039 
vn -0.5322341322898865 -0.606896698474884 0.590256929397583 
vn -0.5901609063148499 -0.47167181968688965 0.6551609039306641 
vn -0.6314001679420471 -0.32679569721221924 0.7032341957092285 
vn -0.659396767616272 -0.1643196940422058 0.7336177229881287 
vn -0.668359637260437 -0.045223962515592575 0.7424622178077698 
vn -0.669887900352478 -1.3854829826812076e-13 0.7424622178077698 
vn -0.15208415687084198 -0.8745856881141663 0.46040233969688416 
vn -0.17413684725761414 -0.8307385444641113 0.528724730014801 
vn -0.21562251448631287 -0.7270445823669434 0.651853621006012 
vn -0.24791017174720764 -0.6046605110168457 0.7569189071655273 
vn -0.2748262584209442 -0.4709928631782532 0.838234007358551 
vn -0.29051730036735535 -0.3237774074077606 0.9004265069961548 
vn -0.30442944169044495 -0.1656477153301239 0.9380210638046265 
vn -0.31034383177757263 -0.04496605321764946 0.949560284614563 
vn -0.3094097673892975 0.0037532320711761713 0.9509214162826538 
vn 0.05087922513484955 -0.8759645223617554 0.4796847105026245 
vn 0.054665569216012955 -0.8304300904273987 0.5544344186782837 
vn 0.07521747052669525 -0.7252580523490906 0.6843559741973877 
vn 0.08078321814537048 -0.6075947880744934 0.790128231048584 
vn 0.09349413216114044 -0.472438246011734 0.8763908743858337 
vn 0.10169943422079086 -0.3227228820323944 0.9410139322280884 
vn 0.10619035363197327 -0.16397687792778015 0.9807319641113281 
vn 0.10473096370697021 -0.0433809868991375 0.9935539960861206 
vn 0.10467331111431122 0 0.9945066571235657 
vn 0.24037301540374756 -0.8764402866363525 0.417220801115036 
vn 0.27622756361961365 -0.8306097388267517 0.4835140109062195 
vn 0.3466853201389313 -0.726110577583313 0.5937783122062683 
vn 0.40048378705978394 -0.6057292222976685 0.6875353455543518 
vn 0.44319719076156616 -0.47118598222732544 0.762600839138031 
vn 0.47286349534988403 -0.3258660137653351 0.8186644315719604 
vn 0.49317774176597595 -0.16301694512367249 0.8545181155204773 
vn 0.49859583377838135 -0.045090314000844955 0.865661084651947 
vn 0.5006305575370789 0 0.865661084651947 
vn 0.3935208022594452 -0.8748975396156311 0.28230419754981995 
vn 0.4537019431591034 -0.8285682797431946 0.3280687630176544 
vn 0.5564024448394775 -0.7253761291503906 0.405272513628006 
vn 0.6406330466270447 -0.6086313724517822 0.46814218163490295 
vn 0.7149625420570374 -0.47007113695144653 0.5175535082817078 
vn 0.7668777704238892 -0.32326608896255493 0.5544344186782837 
vn 0.798055112361908 -0.16474948823451996 0.5796254277229309 
vn 0.8085241317749023 -0.045203518122434616 0.5867242813110352 
vn 0.8097867965698242 0 0.5867242813110352 
vn 0.47120046615600586 -0.8765478134155273 0.0981530249118805 
vn 0.5469381809234619 -0.8291630744934082 0.11553031951189041 
vn 0.6727990508079529 -0.7261618971824646 0.1415284425020218 
vn 0.775878369808197 -0.6094297766685486 0.16312000155448914 
vn 0.8628359436988831 -0.47055763006210327 0.18463370203971863 
vn 0.9245769381523132 -0.3258083462715149 0.1975002884864807 
vn 0.9644985198974609 -0.1651730239391327 0.2060592919588089 
vn 0.9774928092956543 -0.045247748494148254 0.2060592919588089 
vn 0.9785395264625549 0 0.2060592919588089 
vn 0.47120046615600586 -0.8765478134155273 -0.0981530249118805 
vn 0.5469381809234619 -0.8291630744934082 -0.11553031951189041 
vn 0.6727990508079529 -0.7261618971824646 -0.1415284425020218 
vn 0.775878369808197 -0.6094297766685486 -0.16312000155448914 
vn 0.8628359436988831 -0.47055763006210327 -0.18463370203971863 
vn 0.9245769381523132 -0.3258083462715149 -0.1975002884864807 
vn 0.9644641280174255 -0.16537398099899292 -0.2060592919588089 
vn 0.977490246295929 -0.04530329629778862 -0.2060592919588089 
vn 0.9785395264625549 0 -0.2060592919588089 
vn 0.3922616243362427 -0.8754628300666809 -0.28230419754981995 
vn 0.4525737464427948 -0.8291850686073303 -0.3280687630176544 
vn 0.5564024448394775 -0.7253761291503906 -0.405272513628006 
vn 0.6451886892318726 -0.6037999987602234 -0.46814218163490295 
vn 0.7145783305168152 -0.47065502405166626 -0.5175535082817078 
vn 0.766691267490387 -0.3237081468105316 -0.5544344186782837 
vn 0.7980056405067444 -0.16498909890651703 -0.5796254277229309 
vn 0.8085203766822815 -0.045270513743162155 -0.5867242813110352 
vn 0.8097867965698242 0 -0.5867242813110352 
vn 0.23886193335056305 -0.876853346824646 -0.417220801115036 
vn 0.2819638252258301 -0.8286800384521484 -0.4835140109062195 
vn 0.34546342492103577 -0.7266927361488342 -0.5937783122062683 
vn 0.3994938135147095 -0.6063825488090515 -0.6875353455543518 
vn 0.44248202443122864 -0.4718576669692993 -0.762600839138031 
vn 0.47203755378723145 -0.32706132531166077 -0.8186644315719604 
vn 0.49305716156959534 -0.16338135302066803 -0.8545181155204773 
vn 0.49857622385025024 -0.0453065000474453 -0.865661084651947 
vn 0.5006305575370789 0 -0.865661084651947 
vn -1.0341130485562108e-13 0.999997615814209 -0.002184694167226553 
vn -1.0341130485562108e-13 0.999997615814209 -0.002184694167226553 
vn 0.03584454581141472 0.9976170659065247 -0.058952588587999344 
vn 0.05279320478439331 0.9977428913116455 -0.04149730131030083 
vn 0.1261434555053711 0.9665924906730652 -0.22312943637371063 
vn 0.20789122581481934 0.9665552377700806 -0.15017375349998474 
vn 0.3401387631893158 0.7348878979682922 -0.5867242813110352 
vn 0.5482384562492371 0.7359433174133301 -0.3972681760787964 
vn 0.4721338450908661 0.3205874264240265 -0.8211658596992493 
vn 0.7669934034347534 0.31667670607566833 -0.5580654144287109 
vn 0.4906456172466278 -0.19198426604270935 -0.8499464392662048 
vn 0.7956959009170532 -0.18714597821235657 -0.5760593414306641 
vn 0.46659424901008606 -0.3586260676383972 -0.8085030317306519 
vn 0.7564737796783447 -0.3583078682422638 -0.5471406579017639 
vn 0.43952587246894836 -0.4836225211620331 -0.7569189071655273 
vn 0.7088335752487183 -0.48327454924583435 -0.5138099193572998 
vn 0.4011654853820801 -0.601662278175354 -0.6907016038894653 
vn 0.6451886892318726 -0.6037999987602234 -0.46814218163490295 
vn 0.3535822033882141 -0.70809406042099 -0.6112139225006104 
vn 0.5725163817405701 -0.7057986855506897 -0.417220801115036 
vn 0.29935160279273987 -0.7991546988487244 -0.5212872624397278 
vn 0.48520708084106445 -0.8001022934913635 -0.3527185618877411 
vn 0.23886193335056305 -0.876853346824646 -0.417220801115036 
vn 0.3922616243362427 -0.8754628300666809 -0.28230419754981995 
vn 0.19123102724552155 -0.9250954389572144 -0.3280687630176544 
vn 0.3098321855068207 -0.9242387413978577 -0.22312943637371063 
vn 0.16900694370269775 -0.9391589760780334 -0.2990269064903259 
vn 0.2810377776622772 -0.9382440447807312 -0.2017817199230194 
vn 0.9603763818740845 -0.18766145408153534 -0.2060592919588089 
vn 0.9121448993682861 -0.36146873235702515 -0.19321508705615997 
vn 0.8561996817588806 -0.4841492176055908 -0.18033768236637115 
vn 0.7794640064239502 -0.6036581993103027 -0.16742929816246033 
vn 0.6935112476348877 -0.7055276036262512 -0.1458524912595749 
vn 0.5887157320976257 -0.7987406849861145 -0.1242060661315918 
vn 0.47120046615600586 -0.8765478134155273 -0.0981530249118805 
vn 0.3705019950866699 -0.925315260887146 -0.08074574917554855 
vn 0.33679214119911194 -0.9388196468353271 -0.07203252613544464 
vn 0.9604207873344421 -0.18743406236171722 0.2060592919588089 
vn 0.9123117327690125 -0.3610474467277527 0.19321508705615997 
vn 0.8565037250518799 -0.4836111068725586 0.18033768236637115 
vn 0.7799482941627502 -0.6030324101448059 0.16742929816246033 
vn 0.6941907405853271 -0.7048590183258057 0.1458524912595749 
vn 0.5887157320976257 -0.7987406849861145 0.1242060661315918 
vn 0.47120046615600586 -0.8765478134155273 0.0981530249118805 
vn 0.37182822823524475 -0.9247831702232361 0.08074574917554855 
vn 0.33679214119911194 -0.9388196468353271 0.07203252613544464 
vn 0.795759379863739 -0.1868760734796524 0.5760593414306641 
vn 0.7567009925842285 -0.35782772302627563 0.5471406579017639 
vn 0.709237813949585 -0.48268115520477295 0.5138099193572998 
vn 0.6458054780960083 -0.6031402349472046 0.46814218163490295 
vn 0.5733451247215271 -0.705125629901886 0.417220801115036 
vn 0.4862600862979889 -0.7994627952575684 0.3527185618877411 
vn 0.386628657579422 -0.8779650330543518 0.28230419754981995 
vn 0.31125155091285706 -0.9237617254257202 0.22312943637371063 
vn 0.2810377776622772 -0.9382440447807312 0.2017817199230194 
vn 0.4909704029560089 -0.1911521852016449 0.8499464392662048 
vn 0.4675498604774475 -0.35737931728363037 0.8085030317306519 
vn 0.4354131817817688 -0.48732852935791016 0.7569189071655273 
vn 0.40312445163726807 -0.6003515124320984 0.6907016038894653 
vn 0.3547718822956085 -0.7074987292289734 0.6112139225006104 
vn 0.3007138669490814 -0.7986431121826172 0.5212872624397278 
vn 0.24037301540374756 -0.8764402866363525 0.417220801115036 
vn 0.19283755123615265 -0.9247618913650513 0.3280687630176544 
vn 0.16900694370269775 -0.9391589760780334 0.2990269064903259 
vn 0.1040196567773819 -0.1901429444551468 0.976230263710022 
vn 0.10026490688323975 -0.3572441637516022 0.9286137819290161 
vn 0.08808986097574234 -0.48511362075805664 0.8700028657913208 
vn 0.08454818278551102 -0.6000866293907166 0.7954543828964233 
vn 0.07531588524580002 -0.7069576978683472 0.7032341957092285 
vn 0.060293737798929214 -0.7997570037841797 0.5972883701324463 
vn 0.05087922513484955 -0.8759645223617554 0.4796847105026245 
vn 0.043383173644542694 -0.9251453280448914 0.37712597846984863 
vn 0.035831108689308167 -0.9395894408226013 0.34042292833328247 
vn -0.3029818534851074 -0.19227813184261322 0.933397650718689 
vn -0.28710460662841797 -0.35743284225463867 0.888714075088501 
vn -0.273765504360199 -0.4842188358306885 0.8310141563415527 
vn -0.24620524048805237 -0.6017781496047974 0.7597671151161194 
vn -0.2210722267627716 -0.707250714302063 0.6715083718299866 
vn -0.18874609470367432 -0.7978965640068054 0.5724822878837585 
vn -0.14830203354358673 -0.8772665858268738 0.456519216299057 
vn -0.11845827102661133 -0.9250577092170715 0.36088213324546814 
vn -0.10723966360092163 -0.9385470151901245 0.3280687630176544 
vn -0.6558718681335449 -0.18972401320934296 0.7306414246559143 
vn -0.6236379146575928 -0.3600575029850006 0.6938546895980835 
vn -0.5852515697479248 -0.4867077171802521 0.6485338807106018 
vn -0.5346527695655823 -0.6013099551200867 0.5937783122062683 
vn -0.47460561990737915 -0.7064792513847351 0.5250110030174255 
vn -0.4003283381462097 -0.7989877462387085 0.4487268626689911 
vn -0.32147666811943054 -0.8771224617958069 0.3568037748336792 
vn -0.2552677094936371 -0.9247393012046814 0.28230419754981995 
vn -0.2297240048646927 -0.9386942982673645 0.25706008076667786 
vn -0.8958374261856079 -0.19093020260334015 0.401274174451828 
vn -0.85158371925354 -0.35988229513168335 0.3811691105365753 
vn -0.7968143224716187 -0.4876248240470886 0.3568037748336792 
vn -0.7322248816490173 -0.599091649055481 0.3239381015300751 
vn -0.6488914489746094 -0.7048840522766113 0.2864931523799896 
vn -0.5486893057823181 -0.7995142340660095 0.24437066912651062 
vn -0.43695858120918274 -0.877531111240387 0.1975002884864807 
vn -0.3508906066417694 -0.9235842823982239 0.15449213981628418 
vn -0.3116439878940582 -0.9395997524261475 0.1415284425020218 
vn -0.9822282791137695 -0.18767757713794708 0.002184694167226553 
vn -0.9323094487190247 -0.36165499687194824 0.002184694167226553 
vn -0.8746989965438843 -0.48466166853904724 0.002184694167226553 
vn -0.8009505867958069 -0.5987265110015869 -0.002184694167226553 
vn -0.7071051001548767 -0.7071051001548767 -0.002184694167226553 
vn -0.5987265110015869 -0.8009505867958069 0.002184694167226553 
vn -0.47804227471351624 -0.878334105014801 -0.002184694167226553 
vn -0.38268253207206726 -0.9238772988319397 0.002184694167226553 
vn -0.34753286838531494 -0.9376652836799622 0.002184694167226553 
vn -0.896565318107605 -0.1874822974205017 -0.401274174451828 
vn -0.8528614044189453 -0.3568437993526459 -0.3811691105365753 
vn -0.7984368205070496 -0.484963595867157 -0.3568037748336792 
vn -0.7293027639389038 -0.6026455163955688 -0.3239381015300751 
vn -0.6453737616539001 -0.7081061601638794 -0.2864931523799896 
vn -0.5486893057823181 -0.7995142340660095 -0.24437066912651062 
vn -0.43695858120918274 -0.877531111240387 -0.1975002884864807 
vn -0.3508906066417694 -0.9235842823982239 -0.15449213981628418 
vn -0.3116439878940582 -0.9395997524261475 -0.1415284425020218 
vn -0.6568188667297363 -0.18641915917396545 -0.7306414246559143 
vn -0.6252056360244751 -0.3573284149169922 -0.6938546895980835 
vn -0.5871293544769287 -0.4844408631324768 -0.6485338807106018 
vn -0.5367147326469421 -0.5994702577590942 -0.5937783122062683 
vn -0.4767611026763916 -0.7050264477729797 -0.5250110030174255 
vn -0.4025154709815979 -0.7978881597518921 -0.4487268626689911 
vn -0.3236454725265503 -0.8763245344161987 -0.3568037748336792 
vn -0.25739943981170654 -0.9241482019424438 -0.28230419754981995 
vn -0.23183758556842804 -0.9381745457649231 -0.25706008076667786 
vn -0.30626076459884644 -0.18701130151748657 -0.933397650718689 
vn -0.2854238748550415 -0.35877639055252075 -0.888714075088501 
vn -0.27154862880706787 -0.48546552658081055 -0.8310141563415527 
vn -0.24838286638259888 -0.6008825898170471 -0.7597671151161194 
vn -0.21600398421287537 -0.7088150382041931 -0.6715083718299866 
vn -0.18350061774253845 -0.799119234085083 -0.5724822878837585 
vn -0.1503623127937317 -0.8769158124923706 -0.456519216299057 
vn -0.12048233300447464 -0.9247962236404419 -0.36088213324546814 
vn -0.10925091803073883 -0.9383150339126587 -0.3280687630176544 
vn 0.10175131261348724 -0.19136638939380646 -0.976230263710022 
vn 0.0972522422671318 -0.3580760359764099 -0.9286137819290161 
vn 0.09387170523405075 -0.48402804136276245 -0.8700028657913208 
vn 0.08284423500299454 -0.600324273109436 -0.7954543828964233 
vn 0.07356362044811249 -0.707142174243927 -0.7032341957092285 
vn 0.06603268533945084 -0.7993035912513733 -0.5972883701324463 
vn 0.04906385391950607 -0.876068115234375 -0.4796847105026245 
vn 0.043383173644542694 -0.9251453280448914 -0.37712597846984863 
vn 0.03398949280381203 -0.9396578669548035 -0.34042292833328247 
vn 0.4906456172466278 -0.19198426604270935 -0.8499464392662048 
vn 0.46659424901008606 -0.3586260676383972 -0.8085030317306519 
vn 0.43952587246894836 -0.4836225211620331 -0.7569189071655273 
vn 0.4011654853820801 -0.601662278175354 -0.6907016038894653 
vn 0.3535822033882141 -0.70809406042099 -0.6112139225006104 
vn 0.29935160279273987 -0.7991546988487244 -0.5212872624397278 
vn 0.23886193335056305 -0.876853346824646 -0.417220801115036 
vn 0.19123102724552155 -0.9250954389572144 -0.3280687630176544 
vn 0.16900694370269775 -0.9391589760780334 -0.2990269064903259 
vn 0.4721338450908661 0.3205874264240265 -0.8211658596992493 
vn 0.10041175037622452 0.31881430745124817 -0.9424833655357361 
vn 0.3401387631893158 0.7348878979682922 -0.5867242813110352 
vn 0.07163743674755096 0.7345709204673767 -0.67473965883255 
vn 0.1261434555053711 0.9665924906730652 -0.22312943637371063 
vn 0.03020424209535122 0.9659233093261719 -0.25706008076667786 
vn 0.03584454581141472 0.9976170659065247 -0.058952588587999344 
vn 0.003776365192607045 0.9977003335952759 -0.06767380982637405 
vn -1.0341130485562108e-13 0.999997615814209 -0.002184694167226553 
vn -1.0341130485562108e-13 0.999997615814209 -0.002184694167226553 
vn -0.2925409972667694 0.31660836935043335 -0.9023185968399048 
vn -0.2107921540737152 0.7343577742576599 -0.6452018022537231 
vn -0.07730336487293243 0.9665956497192383 -0.24437066912651062 
vn -0.02452145703136921 0.997692346572876 -0.0633138045668602 
vn -1.0341130485562108e-13 0.999997615814209 -0.002184694167226553 
vn -0.6362749934196472 0.31719982624053955 -0.7032341957092285 
vn -0.4570886790752411 0.7312571406364441 -0.5062933564186096 
vn -0.17285549640655518 0.9658100008964539 -0.19321508705615997 
vn -0.047178998589515686 0.9976228475570679 -0.05022686347365379 
vn -1.0341130485562108e-13 0.999997615814209 -0.002184694167226553 
vn -0.8663135766983032 0.3179904818534851 -0.3852050006389618 
vn -0.6201573610305786 0.7335255742073059 -0.2781098484992981 
vn -0.2318487912416458 0.9673364758491516 -0.10250037163496017 
vn -0.06035414710640907 0.9977729916572571 -0.028397228568792343 
vn -1.0341130485562108e-13 0.999997615814209 -0.002184694167226553 
vn -0.947733998298645 0.31905397772789 0.002184694167226553 
vn -0.6799074411392212 0.733294665813446 0.002184694167226553 
vn -0.25395211577415466 0.9672143459320068 0.002184694167226553 
vn -0.06791467219591141 0.9976887702941895 0.002184694167226553 
vn -1.0341130485562108e-13 0.999997615814209 0.002184694167226553 
vn -0.8663135766983032 0.3179904818534851 0.3852050006389618 
vn -0.6180710792541504 0.7352843284606934 0.2781098484992981 
vn -0.2318487912416458 0.9673364758491516 0.10250037163496017 
vn -0.06035414710640907 0.9977729916572571 0.028397228568792343 
vn -1.0341130485562108e-13 0.999997615814209 0.002184694167226553 
vn -0.6348329782485962 0.3200760781764984 0.7032341957092285 
vn -0.45491790771484375 0.7326095104217529 0.5062933564186096 
vn -0.17078883945941925 0.9661775827407837 0.19321508705615997 
vn -0.047178998589515686 0.9976228475570679 0.05022686347365379 
vn -1.0341130485562108e-13 0.999997615814209 0.002184694167226553 
vn -0.29398882389068604 0.31526443362236023 0.9023185968399048 
vn -0.2065223753452301 0.735569953918457 0.6452018022537231 
vn -0.07730336487293243 0.9665956497192383 0.24437066912651062 
vn -0.02452145703136921 0.997692346572876 0.0633138045668602 
vn -1.0341130485562108e-13 0.999997615814209 0.002184694167226553 
vn 0.1018570065498352 0.3183555006980896 0.9424833655357361 
vn 0.07339730858802795 0.7343971729278564 0.67473965883255 
vn 0.024511825293302536 0.9660845398902893 0.25706008076667786 
vn 0.003776365192607045 0.9977003335952759 0.06767380982637405 
vn -1.0341130485562108e-13 0.999997615814209 0.002184694167226553 
vn 0.47293585538864136 0.31940311193466187 0.8211658596992493 
vn 0.34137651324272156 0.7343137860298157 0.5867242813110352 
vn 0.12785863876342773 0.9663671255111694 0.22312943637371063 
vn 0.03584454581141472 0.9976170659065247 0.058952588587999344 
vn -1.0341130485562108e-13 0.999997615814209 0.002184694167226553 
vn 0.7671726942062378 0.3162420392036438 0.5580654144287109 
vn 0.5491344332695007 0.7352750301361084 0.3972681760787964 
vn 0.20789122581481934 0.9665552377700806 0.15017375349998474 
vn 0.05279320478439331 0.9977428913116455 0.04149730131030083 
vn -1.0341130485562108e-13 0.999997615814209 0.002184694167226553 
vn 0.927058219909668 0.318679541349411 0.1975002884864807 
vn 0.6616469621658325 0.7363375425338745 0.1415284425020218 
vn 0.2520465850830078 0.9661741256713867 0.05459024757146835 
vn 0.06790688633918762 0.9975744485855103 0.0152922747656703 
vn -1.0341130485562108e-13 0.999997615814209 0.002184694167226553 
vn 0.927058219909668 0.318679541349411 -0.1975002884864807 
vn 0.6616469621658325 0.7363375425338745 -0.1415284425020218 
vn 0.2520465850830078 0.9661741256713867 -0.05459024757146835 
vn 0.06790688633918762 0.9975744485855103 -0.0152922747656703 
vn -1.0341130485562108e-13 0.999997615814209 -0.002184694167226553 
vn 0.23886193335056305 -0.876853346824646 -0.417220801115036 
vn 0.04906385391950607 -0.876068115234375 -0.4796847105026245 
vn 0.2819638252258301 -0.8286800384521484 -0.4835140109062195 
vn 0.060398172587156296 -0.8300328850746155 -0.5544344186782837 
vn 0.34546342492103577 -0.7266927361488342 -0.5937783122062683 
vn 0.07170411944389343 -0.7256138324737549 -0.6843559741973877 
vn 0.3994938135147095 -0.6063825488090515 -0.6875353455543518 
vn 0.08655112236738205 -0.6068000197410583 -0.790128231048584 
vn 0.44248202443122864 -0.4718576669692993 -0.762600839138031 
vn 0.09024293720722198 -0.47307005524635315 -0.8763908743858337 
vn 0.47203755378723145 -0.32706132531166077 -0.8186644315719604 
vn 0.09878849983215332 -0.3236258029937744 -0.9410139322280884 
vn 0.49305716156959534 -0.16338135302066803 -0.8545181155204773 
vn 0.10416583716869354 -0.1652703434228897 -0.9807319641113281 
vn 0.49857622385025024 -0.0453065000474453 -0.865661084651947 
vn 0.10436485707759857 -0.044254522770643234 -0.9935539960861206 
vn 0.5006305575370789 0 -0.865661084651947 
vn 0.10467331111431122 0 -0.9945066571235657 
vn -0.14670081436634064 -0.875504732131958 -0.46040233969688416 
vn -0.17622774839401245 -0.8302974700927734 -0.528724730014801 
vn -0.21051979064941406 -0.728538453578949 -0.651853621006012 
vn -0.2452760487794876 -0.6057337522506714 -0.7569189071655273 
vn -0.27265533804893494 -0.47225290536880493 -0.838234007358551 
vn -0.29257044196128845 -0.3219233751296997 -0.9004265069961548 
vn -0.303854376077652 -0.16670021414756775 -0.9380210638046265 
vn -0.31029388308525085 -0.04530952498316765 -0.949560284614563 
vn -0.30940940976142883 0.0037824385799467564 -0.9509214162826538 
vn -0.3236454725265503 -0.8763245344161987 -0.3568037748336792 
vn -0.37015244364738464 -0.8319945931434631 -0.41324591636657715 
vn -0.4602481722831726 -0.7266457080841064 -0.5100564956665039 
vn -0.5343028903007507 -0.6050761342048645 -0.590256929397583 
vn -0.5920094847679138 -0.46934953331947327 -0.6551609039306641 
vn -0.6328668594360352 -0.3239462971687317 -0.7032341957092285 
vn -0.6584002375602722 -0.16826821863651276 -0.7336177229881287 
vn -0.6685990691184998 -0.041534677147865295 -0.7424622178077698 
vn -0.6698772311210632 0.0037782832514494658 -0.7424622178077698 
vn -0.4437025189399719 -0.8741405606269836 -0.1975002884864807 
vn -0.50639408826828 -0.8317814469337463 -0.22738653421401978 
vn -0.6259064078330994 -0.7286261320114136 -0.2781098484992981 
vn -0.7244682312011719 -0.6084488034248352 -0.3239381015300751 
vn -0.8061753511428833 -0.47198766469955444 -0.3568037748336792 
vn -0.8636830449104309 -0.32506728172302246 -0.3852050006389618 
vn -0.9009283185005188 -0.16524890065193176 -0.401274174451828 
vn -0.9132534861564636 -0.04149998351931572 -0.405272513628006 
vn -0.9141881465911865 0.0037740119732916355 -0.405272513628006 
vn -0.48466166853904724 -0.8746989965438843 0.002184694167226553 
vn -0.5555689334869385 -0.8314676284790039 0.002184694167226553 
vn -0.6854257583618164 -0.7281392216682434 -0.002184694167226553 
vn -0.7964062690734863 -0.604758083820343 -0.002184694167226553 
vn -0.8819191455841064 -0.4713956117630005 0.002184694167226553 
vn -0.9452975392341614 -0.32620200514793396 0.002184694167226553 
vn -0.986227810382843 -0.16537824273109436 0.002184694167226553 
vn -0.9989712238311768 -0.04529581964015961 0.002184694167226553 
vn -0.999997615814209 -2.0682260971124217e-13 0.002184694167226553 
vn -0.4437025189399719 -0.8741405606269836 0.1975002884864807 
vn -0.5106596350669861 -0.829169511795044 0.22738653421401978 
vn -0.6295441389083862 -0.7254853844642639 0.2781098484992981 
vn -0.7274247407913208 -0.6049110293388367 0.3239381015300751 
vn -0.8045862317085266 -0.4746915102005005 0.3568037748336792 
vn -0.8636830449104309 -0.32506728172302246 0.3852050006389618 
vn -0.9002804160118103 -0.16874295473098755 0.401274174451828 
vn -0.9132534861564636 -0.04149998351931572 0.405272513628006 
vn -0.9141881465911865 0.0037740119732916355 0.405272513628006 
vn -0.32147666811943054 -0.8771224617958069 0.3568037748336792 
vn -0.37015244364738464 -0.8319945931434631 0.41324591636657715 
vn -0.4580789804458618 -0.728015124797821 0.5100564956665039 
vn -0.5322341322898865 -0.606896698474884 0.590256929397583 
vn -0.5901609063148499 -0.47167181968688965 0.6551609039306641 
vn -0.6314001679420471 -0.32679569721221924 0.7032341957092285 
vn -0.659396767616272 -0.1643196940422058 0.7336177229881287 
vn -0.668359637260437 -0.045223962515592575 0.7424622178077698 
vn -0.669887900352478 -1.3854829826812076e-13 0.7424622178077698 
vn -0.15208415687084198 -0.8745856881141663 0.46040233969688416 
vn -0.17413684725761414 -0.8307385444641113 0.528724730014801 
vn -0.21562251448631287 -0.7270445823669434 0.651853621006012 
vn -0.24791017174720764 -0.6046605110168457 0.7569189071655273 
vn -0.2748262584209442 -0.4709928631782532 0.838234007358551 
vn -0.29051730036735535 -0.3237774074077606 0.9004265069961548 
vn -0.30442944169044495 -0.1656477153301239 0.9380210638046265 
vn -0.31034383177757263 -0.04496605321764946 0.949560284614563 
vn -0.3094097673892975 0.0037532320711761713 0.9509214162826538 
vn 0.05087922513484955 -0.8759645223617554 0.4796847105026245 
vn 0.054665569216012955 -0.8304300904273987 0.5544344186782837 
vn 0.07521747052669525 -0.7252580523490906 0.6843559741973877 
vn 0.08078321814537048 -0.6075947880744934 0.790128231048584 
vn 0.09349413216114044 -0.472438246011734 0.8763908743858337 
vn 0.10169943422079086 -0.3227228820323944 0.9410139322280884 
vn 0.10619035363197327 -0.16397687792778015 0.9807319641113281 
vn 0.10473096370697021 -0.0433809868991375 0.9935539960861206 
vn 0.10467331111431122 0 0.9945066571235657 
vn 0.24037301540374756 -0.8764402866363525 0.417220801115036 
vn 0.27622756361961365 -0.8306097388267517 0.4835140109062195 
vn 0.3466853201389313 -0.726110577583313 0.5937783122062683 
vn 0.40048378705978394 -0.6057292222976685 0.6875353455543518 
vn 0.44319719076156616 -0.47118598222732544 0.762600839138031 
vn 0.47286349534988403 -0.3258660137653351 0.8186644315719604 
vn 0.49317774176597595 -0.16301694512367249 0.8545181155204773 
vn 0.49859583377838135 -0.045090314000844955 0.865661084651947 
vn 0.5006305575370789 0 0.865661084651947 
vn 0.3935208022594452 -0.8748975396156311 0.28230419754981995 
vn 0.4537019431591034 -0.8285682797431946 0.3280687630176544 
vn 0.5564024448394775 -0.7253761291503906 0.405272513628006 
vn 0.6406330466270447 -0.6086313724517822 0.46814218163490295 
vn 0.7149625420570374 -0.47007113695144653 0.5175535082817078 
vn 0.7668777704238892 -0.32326608896255493 0.5544344186782837 
vn 0.798055112361908 -0.16474948823451996 0.5796254277229309 
vn 0.8085241317749023 -0.045203518122434616 0.5867242813110352 
vn 0.8097867965698242 0 0.5867242813110352 
vn 0.47120046615600586 -0.8765478134155273 0.0981530249118805 
vn 0.5469381809234619 -0.8291630744934082 0.11553031951189041 
vn 0.6727990508079529 -0.7261618971824646 0.1415284425020218 
vn 0.775878369808197 -0.6094297766685486 0.16312000155448914 
vn 0.8628359436988831 -0.47055763006210327 0.18463370203971863 
vn 0.9245769381523132 -0.3258083462715149 0.1975002884864807 
vn 0.9644985198974609 -0.1651730239391327 0.2060592919588089 
vn 0.9774928092956543 -0.045247748494148254 0.2060592919588089 
vn 0.9785395264625549 0 0.2060592919588089 
vn 0.47120046615600586 -0.8765478134155273 -0.0981530249118805 
vn 0.5469381809234619 -0.8291630744934082 -0.11553031951189041 
vn 0.6727990508079529 -0.7261618971824646 -0.1415284425020218 
vn 0.775878369808197 -0.6094297766685486 -0.16312000155448914 
vn 0.8628359436988831 -0.47055763006210327 -0.18463370203971863 
vn 0.9245769381523132 -0.3258083462715149 -0.1975002884864807 
vn 0.9644641280174255 -0.16537398099899292 -0.2060592919588089 
vn 0.977490246295929 -0.04530329629778862 -0.2060592919588089 
vn 0.9785395264625549 0 -0.2060592919588089 
vn 0.3922616243362427 -0.8754628300666809 -0.28230419754981995 
vn 0.4525737464427948 -0.8291850686073303 -0.3280687630176544 
vn 0.5564024448394775 -0.7253761291503906 -0.405272513628006 
vn 0.6451886892318726 -0.6037999987602234 -0.46814218163490295 
vn 0.7145783305168152 -0.47065502405166626 -0.5175535082817078 
vn 0.766691267490387 -0.3237081468105316 -0.5544344186782837 
vn 0.7980056405067444 -0.16498909890651703 -0.5796254277229309 
vn 0.8085203766822815 -0.045270513743162155 -0.5867242813110352 
vn 0.8097867965698242 0 -0.5867242813110352 
vn 0.23886193335056305 -0.876853346824646 -0.417220801115036 
vn 0.2819638252258301 -0.8286800384521484 -0.4835140109062195 
vn 0.34546342492103577 -0.7266927361488342 -0.5937783122062683 
vn 0.3994938135147095 -0.6063825488090515 -0.6875353455543518 
vn 0.44248202443122864 -0.4718576669692993 -0.762600839138031 
vn 0.47203755378723145 -0.32706132531166077 -0.8186644315719604 
vn 0.49305716156959534 -0.16338135302066803 -0.8545181155204773 
vn 0.49857622385025024 -0.0453065000474453 -0.865661084651947 
vn 0.5006305575370789 0 -0.865661084651947 
s on 
f 1//1 2//2 3//3 
f 2//2 4//4 3//3 
f 3//3 4//4 5//5 
f 4//4 6//6 5//5 
f 5//5 6//6 7//7 
f 6//6 8//8 7//7 
f 7//7 8//8 9//9 
f 8//8 10//10 9//9 
f 9//9 10//10 11//11 
f 10//10 12//12 11//11 
f 11//11 12//12 13//13 
f 12//12 14//14 13//13 
f 13//13 14//14 15//15 
f 14//14 16//16 15//15 
f 15//15 16//16 17//17 
f 16//16 18//18 17//17 
f 17//17 18//18 19//19 
f 18//18 20//20 19//19 
f 19//19 20//20 21//21 
f 20//20 22//22 21//21 
f 21//21 22//22 23//23 
f 22//22 24//24 23//23 
f 23//23 24//24 25//25 
f 24//24 26//26 25//25 
f 25//25 26//26 27//27 
f 26//26 28//28 27//27 
f 27//27 28//28 28//28 
f 28//28 12//12 28//28 
f 28//28 12//12 12//12 
f 12//12 29//29 12//12 
f 12//12 29//29 14//14 
f 29//29 30//30 14//14 
f 14//14 30//30 16//16 
f 30//30 31//31 16//16 
f 16//16 31//31 18//18 
f 31//31 32//32 18//18 
f 18//18 32//32 20//20 
f 32//32 33//33 20//20 
f 20//20 33//33 22//22 
f 33//33 34//34 22//22 
f 22//22 34//34 24//24 
f 34//34 35//35 24//24 
f 24//24 35//35 26//26 
f 35//35 36//36 26//26 
f 26//26 36//36 28//28 
f 36//36 37//37 28//28 
f 28//28 37//37 37//37 
f 37//37 29//29 37//37 
f 37//37 29//29 29//29 
f 29//29 38//38 29//29 
f 29//29 38//38 30//30 
f 38//38 39//39 30//30 
f 30//30 39//39 31//31 
f 39//39 40//40 31//31 
f 31//31 40//40 32//32 
f 40//40 41//41 32//32 
f 32//32 41//41 33//33 
f 41//41 42//42 33//33 
f 33//33 42//42 34//34 
f 42//42 43//43 34//34 
f 34//34 43//43 35//35 
f 43//43 44//44 35//35 
f 35//35 44//44 36//36 
f 44//44 45//45 36//36 
f 36//36 45//45 37//37 
f 45//45 46//46 37//37 
f 37//37 46//46 46//46 
f 46//46 38//38 46//46 
f 46//46 38//38 38//38 
f 38//38 47//47 38//38 
f 38//38 47//47 39//39 
f 47//47 48//48 39//39 
f 39//39 48//48 40//40 
f 48//48 49//49 40//40 
f 40//40 49//49 41//41 
f 49//49 50//50 41//41 
f 41//41 50//50 42//42 
f 50//50 51//51 42//42 
f 42//42 51//51 43//43 
f 51//51 52//52 43//43 
f 43//43 52//52 44//44 
f 52//52 53//53 44//44 
f 44//44 53//53 45//45 
f 53//53 54//54 45//45 
f 45//45 54//54 46//46 
f 54//54 55//55 46//46 
f 46//46 55//55 55//55 
f 55//55 47//47 55//55 
f 55//55 47//47 47//47 
f 47//47 56//56 47//47 
f 47//47 56//56 48//48 
f 56//56 57//57 48//48 
f 48//48 57//57 49//49 
f 57//57 58//58 49//49 
f 49//49 58//58 50//50 
f 58//58 59//59 50//50 
f 50//50 59//59 51//51 
f 59//59 60//60 51//51 
f 51//51 60//60 52//52 
f 60//60 61//61 52//52 
f 52//52 61//61 53//53 
f 61//61 62//62 53//53 
f 53//53 62//62 54//54 
f 62//62 63//63 54//54 
f 54//54 63//63 55//55 
f 63//63 64//64 55//55 
f 55//55 64//64 64//64 
f 64//64 56//56 64//64 
f 64//64 56//56 56//56 
f 56//56 65//65 56//56 
f 56//56 65//65 57//57 
f 65//65 66//66 57//57 
f 57//57 66//66 58//58 
f 66//66 67//67 58//58 
f 58//58 67//67 59//59 
f 67//67 68//68 59//59 
f 59//59 68//68 60//60 
f 68//68 69//69 60//60 
f 60//60 69//69 61//61 
f 69//69 70//70 61//61 
f 61//61 70//70 62//62 
f 70//70 71//71 62//62 
f 62//62 71//71 63//63 
f 71//71 72//72 63//63 
f 63//63 72//72 64//64 
f 72//72 73//73 64//64 
f 64//64 73//73 73//73 
f 73//73 65//65 73//73 
f 73//73 65//65 65//65 
f 65//65 74//74 65//65 
f 65//65 74//74 66//66 
f 74//74 75//75 66//66 
f 66//66 75//75 67//67 
f 75//75 76//76 67//67 
f 67//67 76//76 68//68 
f 76//76 77//77 68//68 
f 68//68 77//77 69//69 
f 77//77 78//78 69//69 
f 69//69 78//78 70//70 
f 78//78 79//79 70//70 
f 70//70 79//79 71//71 
f 79//79 80//80 71//71 
f 71//71 80//80 72//72 
f 80//80 81//81 72//72 
f 72//72 81//81 73//73 
f 81//81 82//82 73//73 
f 73//73 82//82 82//82 
f 82//82 74//74 82//82 
f 82//82 74//74 74//74 
f 74//74 83//83 74//74 
f 74//74 83//83 75//75 
f 83//83 84//84 75//75 
f 75//75 84//84 76//76 
f 84//84 85//85 76//76 
f 76//76 85//85 77//77 
f 85//85 86//86 77//77 
f 77//77 86//86 78//78 
f 86//86 87//87 78//78 
f 78//78 87//87 79//79 
f 87//87 88//88 79//79 
f 79//79 88//88 80//80 
f 88//88 89//89 80//80 
f 80//80 89//89 81//81 
f 89//89 90//90 81//81 
f 81//81 90//90 82//82 
f 90//90 91//91 82//82 
f 82//82 91//91 91//91 
f 91//91 83//83 91//91 
f 91//91 83//83 83//83 
f 83//83 92//92 83//83 
f 83//83 92//92 84//84 
f 92//92 93//93 84//84 
f 84//84 93//93 85//85 
f 93//93 94//94 85//85 
f 85//85 94//94 86//86 
f 94//94 95//95 86//86 
f 86//86 95//95 87//87 
f 95//95 96//96 87//87 
f 87//87 96//96 88//88 
f 96//96 97//97 88//88 
f 88//88 97//97 89//89 
f 97//97 98//98 89//89 
f 89//89 98//98 90//90 
f 98//98 99//99 90//90 
f 90//90 99//99 91//91 
f 99//99 100//100 91//91 
f 91//91 100//100 100//100 
f 100//100 92//92 100//100 
f 100//100 92//92 92//92 
f 92//92 101//101 92//92 
f 92//92 101//101 93//93 
f 101//101 102//102 93//93 
f 93//93 102//102 94//94 
f 102//102 103//103 94//94 
f 94//94 103//103 95//95 
f 103//103 104//104 95//95 
f 95//95 104//104 96//96 
f 104//104 105//105 96//96 
f 96//96 105//105 97//97 
f 105//105 106//106 97//97 
f 97//97 106//106 98//98 
f 106//106 107//107 98//98 
f 98//98 107//107 99//99 
f 107//107 108//108 99//99 
f 99//99 108//108 100//100 
f 108//108 109//109 100//100 
f 100//100 109//109 109//109 
f 109//109 101//101 109//109 
f 109//109 101//101 101//101 
f 101//101 110//110 101//101 
f 101//101 110//110 102//102 
f 110//110 111//111 102//102 
f 102//102 111//111 103//103 
f 111//111 112//112 103//103 
f 103//103 112//112 104//104 
f 112//112 113//113 104//104 
f 104//104 113//113 105//105 
f 113//113 114//114 105//105 
f 105//105 114//114 106//106 
f 114//114 115//115 106//106 
f 106//106 115//115 107//107 
f 115//115 116//116 107//107 
f 107//107 116//116 108//108 
f 116//116 117//117 108//108 
f 108//108 117//117 109//109 
f 117//117 118//118 109//109 
f 109//109 118//118 118//118 
f 118//118 110//110 118//118 
f 118//118 110//110 110//110 
f 110//110 119//119 110//110 
f 110//110 119//119 111//111 
f 119//119 120//120 111//111 
f 111//111 120//120 112//112 
f 120//120 121//121 112//112 
f 112//112 121//121 113//113 
f 121//121 122//122 113//113 
f 113//113 122//122 114//114 
f 122//122 123//123 114//114 
f 114//114 123//123 115//115 
f 123//123 124//124 115//115 
f 115//115 124//124 116//116 
f 124//124 125//125 116//116 
f 116//116 125//125 117//117 
f 125//125 126//126 117//117 
f 117//117 126//126 118//118 
f 126//126 127//127 118//118 
f 118//118 127//127 127//127 
f 127//127 119//119 127//127 
f 127//127 119//119 119//119 
f 119//119 128//128 119//119 
f 119//119 128//128 120//120 
f 128//128 129//129 120//120 
f 120//120 129//129 121//121 
f 129//129 130//130 121//121 
f 121//121 130//130 122//122 
f 130//130 131//131 122//122 
f 122//122 131//131 123//123 
f 131//131 132//132 123//123 
f 123//123 132//132 124//124 
f 132//132 133//133 124//124 
f 124//124 133//133 125//125 
f 133//133 134//134 125//125 
f 125//125 134//134 126//126 
f 134//134 135//135 126//126 
f 126//126 135//135 127//127 
f 135//135 136//136 127//127 
f 127//127 136//136 136//136 
f 136//136 128//128 136//136 
f 136//136 128//128 128//128 
f 128//128 137//137 128//128 
f 128//128 137//137 129//129 
f 137//137 138//138 129//129 
f 129//129 138//138 130//130 
f 138//138 139//139 130//130 
f 130//130 139//139 131//131 
f 139//139 140//140 131//131 
f 131//131 140//140 132//132 
f 140//140 141//141 132//132 
f 132//132 141//141 133//133 
f 141//141 142//142 133//133 
f 133//133 142//142 134//134 
f 142//142 143//143 134//134 
f 134//134 143//143 135//135 
f 143//143 144//144 135//135 
f 135//135 144//144 136//136 
f 144//144 145//145 136//136 
f 136//136 145//145 145//145 
f 145//145 137//137 145//145 
f 145//145 137//137 137//137 
f 137//137 146//146 137//137 
f 137//137 146//146 138//138 
f 146//146 147//147 138//138 
f 138//138 147//147 139//139 
f 147//147 148//148 139//139 
f 139//139 148//148 140//140 
f 148//148 149//149 140//140 
f 140//140 149//149 141//141 
f 149//149 150//150 141//141 
f 141//141 150//150 142//142 
f 150//150 151//151 142//142 
f 142//142 151//151 143//143 
f 151//151 152//152 143//143 
f 143//143 152//152 144//144 
f 152//152 153//153 144//144 
f 144//144 153//153 145//145 
f 153//153 154//154 145//145 
f 145//145 154//154 154//154 
f 154//154 146//146 154//154 
f 154//154 146//146 146//146 
f 146//146 137//137 146//146 
f 146//146 137//137 155//155 
f 137//137 156//156 155//155 
f 155//155 156//156 157//157 
f 156//156 158//158 157//157 
f 157//157 158//158 159//159 
f 158//158 160//160 159//159 
f 159//159 160//160 161//161 
f 160//160 162//162 161//161 
f 161//161 162//162 163//163 
f 162//162 164//164 163//163 
f 163//163 164//164 164//164 
f 164//164 137//137 164//164 
f 164//164 137//137 137//137 
f 137//137 128//128 137//137 
f 137//137 128//128 156//156 
f 128//128 165//165 156//156 
f 156//156 165//165 158//158 
f 165//165 166//166 158//158 
f 158//158 166//166 160//160 
f 166//166 167//167 160//160 
f 160//160 167//167 162//162 
f 167//167 168//168 162//162 
f 162//162 168//168 164//164 
f 168//168 169//169 164//164 
f 164//164 169//169 169//169 
f 169//169 128//128 169//169 
f 169//169 128//128 128//128 
f 128//128 119//119 128//128 
f 128//128 119//119 165//165 
f 119//119 170//170 165//165 
f 165//165 170//170 166//166 
f 170//170 171//171 166//166 
f 166//166 171//171 167//167 
f 171//171 172//172 167//167 
f 167//167 172//172 168//168 
f 172//172 173//173 168//168 
f 168//168 173//173 169//169 
f 173//173 174//174 169//169 
f 169//169 174//174 174//174 
f 174//174 119//119 174//174 
f 174//174 119//119 119//119 
f 119//119 110//110 119//119 
f 119//119 110//110 170//170 
f 110//110 175//175 170//170 
f 170//170 175//175 171//171 
f 175//175 176//176 171//171 
f 171//171 176//176 172//172 
f 176//176 177//177 172//172 
f 172//172 177//177 173//173 
f 177//177 178//178 173//173 
f 173//173 178//178 174//174 
f 178//178 179//179 174//174 
f 174//174 179//179 179//179 
f 179//179 110//110 179//179 
f 179//179 110//110 110//110 
f 110//110 101//101 110//110 
f 110//110 101//101 175//175 
f 101//101 180//180 175//175 
f 175//175 180//180 176//176 
f 180//180 181//181 176//176 
f 176//176 181//181 177//177 
f 181//181 182//182 177//177 
f 177//177 182//182 178//178 
f 182//182 183//183 178//178 
f 178//178 183//183 179//179 
f 183//183 184//184 179//179 
f 179//179 184//184 184//184 
f 184//184 101//101 184//184 
f 184//184 101//101 101//101 
f 101//101 92//92 101//101 
f 101//101 92//92 180//180 
f 92//92 185//185 180//180 
f 180//180 185//185 181//181 
f 185//185 186//186 181//181 
f 181//181 186//186 182//182 
f 186//186 187//187 182//182 
f 182//182 187//187 183//183 
f 187//187 188//188 183//183 
f 183//183 188//188 184//184 
f 188//188 189//189 184//184 
f 184//184 189//189 189//189 
f 189//189 92//92 189//189 
f 189//189 92//92 92//92 
f 92//92 83//83 92//92 
f 92//92 83//83 185//185 
f 83//83 190//190 185//185 
f 185//185 190//190 186//186 
f 190//190 191//191 186//186 
f 186//186 191//191 187//187 
f 191//191 192//192 187//187 
f 187//187 192//192 188//188 
f 192//192 193//193 188//188 
f 188//188 193//193 189//189 
f 193//193 194//194 189//189 
f 189//189 194//194 194//194 
f 194//194 83//83 194//194 
f 194//194 83//83 83//83 
f 83//83 74//74 83//83 
f 83//83 74//74 190//190 
f 74//74 195//195 190//190 
f 190//190 195//195 191//191 
f 195//195 196//196 191//191 
f 191//191 196//196 192//192 
f 196//196 197//197 192//192 
f 192//192 197//197 193//193 
f 197//197 198//198 193//193 
f 193//193 198//198 194//194 
f 198//198 199//199 194//194 
f 194//194 199//199 199//199 
f 199//199 74//74 199//199 
f 199//199 74//74 74//74 
f 74//74 65//65 74//74 
f 74//74 65//65 195//195 
f 65//65 200//200 195//195 
f 195//195 200//200 196//196 
f 200//200 201//201 196//196 
f 196//196 201//201 197//197 
f 201//201 202//202 197//197 
f 197//197 202//202 198//198 
f 202//202 203//203 198//198 
f 198//198 203//203 199//199 
f 203//203 204//204 199//199 
f 199//199 204//204 204//204 
f 204//204 65//65 204//204 
f 204//204 65//65 65//65 
f 65//65 56//56 65//65 
f 65//65 56//56 200//200 
f 56//56 205//205 200//200 
f 200//200 205//205 201//201 
f 205//205 206//206 201//201 
f 201//201 206//206 202//202 
f 206//206 207//207 202//202 
f 202//202 207//207 203//203 
f 207//207 208//208 203//203 
f 203//203 208//208 204//204 
f 208//208 209//209 204//204 
f 204//204 209//209 209//209 
f 209//209 56//56 209//209 
f 209//209 56//56 56//56 
f 56//56 47//47 56//56 
f 56//56 47//47 205//205 
f 47//47 210//210 205//205 
f 205//205 210//210 206//206 
f 210//210 211//211 206//206 
f 206//206 211//211 207//207 
f 211//211 212//212 207//207 
f 207//207 212//212 208//208 
f 212//212 213//213 208//208 
f 208//208 213//213 209//209 
f 213//213 214//214 209//209 
f 209//209 214//214 214//214 
f 214//214 47//47 214//214 
f 214//214 47//47 47//47 
f 47//47 38//38 47//47 
f 47//47 38//38 210//210 
f 38//38 215//215 210//210 
f 210//210 215//215 211//211 
f 215//215 216//216 211//211 
f 211//211 216//216 212//212 
f 216//216 217//217 212//212 
f 212//212 217//217 213//213 
f 217//217 218//218 213//213 
f 213//213 218//218 214//214 
f 218//218 219//219 214//214 
f 214//214 219//219 219//219 
f 219//219 38//38 219//219 
f 219//219 38//38 38//38 
f 38//38 29//29 38//38 
f 38//38 29//29 215//215 
f 29//29 220//220 215//215 
f 215//215 220//220 216//216 
f 220//220 221//221 216//216 
f 216//216 221//221 217//217 
f 221//221 222//222 217//217 
f 217//217 222//222 218//218 
f 222//222 223//223 218//218 
f 218//218 223//223 219//219 
f 223//223 224//224 219//219 
f 219//219 224//224 224//224 
f 224//224 223//223 224//224 
f 224//224 223//223 223//223 
f 223//223 222//222 223//223 
f 223//223 222//222 6//6 
f 222//222 221//221 6//6 
f 6//6 221//221 8//8 
f 221//221 220//220 8//8 
f 8//8 220//220 10//10 
f 220//220 29//29 10//10 
f 10//10 29//29 12//12 
f 29//29 12//12 12//12 
f 12//12 12//12 6//6 
f 12//12 6//6 6//6 
f 6//6 6//6 6//6 
f 6//6 4//4 6//6 
f 6//6 4//4 223//223 
f 4//4 224//224 223//223 
f 223//223 224//224 224//224 
f 224//224 225//225 224//224 
f 224//224 225//225 225//225 
f 225//225 226//226 225//225 
f 225//225 226//226 227//227 
f 226//226 228//228 227//227 
f 227//227 228//228 229//229 
f 228//228 230//230 229//229 
f 229//229 230//230 231//231 
f 230//230 232//232 231//231 
f 231//231 232//232 233//233 
f 232//232 234//234 233//233 
f 233//233 234//234 235//235 
f 234//234 236//236 235//235 
f 235//235 236//236 237//237 
f 236//236 238//238 237//237 
f 237//237 238//238 239//239 
f 238//238 240//240 239//239 
f 239//239 240//240 241//241 
f 240//240 242//242 241//241 
f 241//241 242//242 242//242 
f 242//242 226//226 242//242 
f 242//242 226//226 226//226 
f 226//226 243//243 226//226 
f 226//226 243//243 228//228 
f 243//243 244//244 228//228 
f 228//228 244//244 230//230 
f 244//244 245//245 230//230 
f 230//230 245//245 232//232 
f 245//245 246//246 232//232 
f 232//232 246//246 234//234 
f 246//246 247//247 234//234 
f 234//234 247//247 236//236 
f 247//247 248//248 236//236 
f 236//236 248//248 238//238 
f 248//248 249//249 238//238 
f 238//238 249//249 240//240 
f 249//249 250//250 240//240 
f 240//240 250//250 242//242 
f 250//250 251//251 242//242 
f 242//242 251//251 251//251 
f 251//251 243//243 251//251 
f 251//251 243//243 243//243 
f 243//243 252//252 243//243 
f 243//243 252//252 244//244 
f 252//252 253//253 244//244 
f 244//244 253//253 245//245 
f 253//253 254//254 245//245 
f 245//245 254//254 246//246 
f 254//254 255//255 246//246 
f 246//246 255//255 247//247 
f 255//255 256//256 247//247 
f 247//247 256//256 248//248 
f 256//256 257//257 248//248 
f 248//248 257//257 249//249 
f 257//257 258//258 249//249 
f 249//249 258//258 250//250 
f 258//258 259//259 250//250 
f 250//250 259//259 251//251 
f 259//259 260//260 251//251 
f 251//251 260//260 260//260 
f 260//260 252//252 260//260 
f 260//260 252//252 252//252 
f 252//252 261//261 252//252 
f 252//252 261//261 253//253 
f 261//261 262//262 253//253 
f 253//253 262//262 254//254 
f 262//262 263//263 254//254 
f 254//254 263//263 255//255 
f 263//263 264//264 255//255 
f 255//255 264//264 256//256 
f 264//264 265//265 256//256 
f 256//256 265//265 257//257 
f 265//265 266//266 257//257 
f 257//257 266//266 258//258 
f 266//266 267//267 258//258 
f 258//258 267//267 259//259 
f 267//267 268//268 259//259 
f 259//259 268//268 260//260 
f 268//268 269//269 260//260 
f 260//260 269//269 269//269 
f 269//269 261//261 269//269 
f 269//269 261//261 261//261 
f 261//261 270//270 261//261 
f 261//261 270//270 262//262 
f 270//270 271//271 262//262 
f 262//262 271//271 263//263 
f 271//271 272//272 263//263 
f 263//263 272//272 264//264 
f 272//272 273//273 264//264 
f 264//264 273//273 265//265 
f 273//273 274//274 265//265 
f 265//265 274//274 266//266 
f 274//274 275//275 266//266 
f 266//266 275//275 267//267 
f 275//275 276//276 267//267 
f 267//267 276//276 268//268 
f 276//276 277//277 268//268 
f 268//268 277//277 269//269 
f 277//277 278//278 269//269 
f 269//269 278//278 278//278 
f 278//278 270//270 278//278 
f 278//278 270//270 270//270 
f 270//270 279//279 270//270 
f 270//270 279//279 271//271 
f 279//279 280//280 271//271 
f 271//271 280//280 272//272 
f 280//280 281//281 272//272 
f 272//272 281//281 273//273 
f 281//281 282//282 273//273 
f 273//273 282//282 274//274 
f 282//282 283//283 274//274 
f 274//274 283//283 275//275 
f 283//283 284//284 275//275 
f 275//275 284//284 276//276 
f 284//284 285//285 276//276 
f 276//276 285//285 277//277 
f 285//285 286//286 277//277 
f 277//277 286//286 278//278 
f 286//286 287//287 278//278 
f 278//278 287//287 287//287 
f 287//287 279//279 287//287 
f 287//287 279//279 279//279 
f 279//279 288//288 279//279 
f 279//279 288//288 280//280 
f 288//288 289//289 280//280 
f 280//280 289//289 281//281 
f 289//289 290//290 281//281 
f 281//281 290//290 282//282 
f 290//290 291//291 282//282 
f 282//282 291//291 283//283 
f 291//291 292//292 283//283 
f 283//283 292//292 284//284 
f 292//292 293//293 284//284 
f 284//284 293//293 285//285 
f 293//293 294//294 285//285 
f 285//285 294//294 286//286 
f 294//294 295//295 286//286 
f 286//286 295//295 287//287 
f 295//295 296//296 287//287 
f 287//287 296//296 296//296 
f 296//296 288//288 296//296 
f 296//296 288//288 288//288 
f 288//288 297//297 288//288 
f 288//288 297//297 289//289 
f 297//297 298//298 289//289 
f 289//289 298//298 290//290 
f 298//298 299//299 290//290 
f 290//290 299//299 291//291 
f 299//299 300//300 291//291 
f 291//291 300//300 292//292 
f 300//300 301//301 292//292 
f 292//292 301//301 293//293 
f 301//301 302//302 293//293 
f 293//293 302//302 294//294 
f 302//302 303//303 294//294 
f 294//294 303//303 295//295 
f 303//303 304//304 295//295 
f 295//295 304//304 296//296 
f 304//304 305//305 296//296 
f 296//296 305//305 305//305 
f 305//305 297//297 305//305 
f 305//305 297//297 297//297 
f 297//297 306//306 297//297 
f 297//297 306//306 298//298 
f 306//306 307//307 298//298 
f 298//298 307//307 299//299 
f 307//307 308//308 299//299 
f 299//299 308//308 300//300 
f 308//308 309//309 300//300 
f 300//300 309//309 301//301 
f 309//309 310//310 301//301 
f 301//301 310//310 302//302 
f 310//310 311//311 302//302 
f 302//302 311//311 303//303 
f 311//311 312//312 303//303 
f 303//303 312//312 304//304 
f 312//312 313//313 304//304 
f 304//304 313//313 305//305 
f 313//313 314//314 305//305 
f 305//305 314//314 314//314 
f 314//314 306//306 314//314 
f 314//314 306//306 306//306 
f 306//306 315//315 306//306 
f 306//306 315//315 307//307 
f 315//315 316//316 307//307 
f 307//307 316//316 308//308 
f 316//316 317//317 308//308 
f 308//308 317//317 309//309 
f 317//317 318//318 309//309 
f 309//309 318//318 310//310 
f 318//318 319//319 310//310 
f 310//310 319//319 311//311 
f 319//319 320//320 311//311 
f 311//311 320//320 312//312 
f 320//320 321//321 312//312 
f 312//312 321//321 313//313 
f 321//321 322//322 313//313 
f 313//313 322//322 314//314 
f 322//322 323//323 314//314 
f 314//314 323//323 323//323 
f 323//323 315//315 323//323 
f 323//323 315//315 315//315 
f 315//315 324//324 315//315 
f 315//315 324//324 316//316 
f 324//324 325//325 316//316 
f 316//316 325//325 317//317 
f 325//325 326//326 317//317 
f 317//317 326//326 318//318 
f 326//326 327//327 318//318 
f 318//318 327//327 319//319 
f 327//327 328//328 319//319 
f 319//319 328//328 320//320 
f 328//328 329//329 320//320 
f 320//320 329//329 321//321 
f 329//329 330//330 321//321 
f 321//321 330//330 322//322 
f 330//330 331//331 322//322 
f 322//322 331//331 323//323 
f 331//331 332//332 323//323 
f 323//323 332//332 332//332 
f 332//332 324//324 332//332 
f 332//332 324//324 324//324 
f 324//324 333//333 324//324 
f 324//324 333//333 325//325 
f 333//333 334//334 325//325 
f 325//325 334//334 326//326 
f 334//334 335//335 326//326 
f 326//326 335//335 327//327 
f 335//335 336//336 327//327 
f 327//327 336//336 328//328 
f 336//336 337//337 328//328 
f 328//328 337//337 329//329 
f 337//337 338//338 329//329 
f 329//329 338//338 330//330 
f 338//338 339//339 330//330 
f 330//330 339//339 331//331 
f 339//339 340//340 331//331 
f 331//331 340//340 332//332 
f 340//340 341//341 332//332 
f 332//332 341//341 341//341 
f 341//341 333//333 341//341 
f 341//341 333//333 333//333 
f 333//333 342//342 333//333 
f 333//333 342//342 334//334 
f 342//342 343//343 334//334 
f 334//334 343//343 335//335 
f 343//343 344//344 335//335 
f 335//335 344//344 336//336 
f 344//344 345//345 336//336 
f 336//336 345//345 337//337 
f 345//345 346//346 337//337 
f 337//337 346//346 338//338 
f 346//346 347//347 338//338 
f 338//338 347//347 339//339 
f 347//347 348//348 339//339 
f 339//339 348//348 340//340 
f 348//348 349//349 340//340 
f 340//340 349//349 341//341 
f 349//349 350//350 341//341 
f 341//341 350//350 350//350 
f 350//350 342//342 350//350 
f 350//350 342//342 342//342 
f 342//342 351//351 342//342 
f 342//342 351//351 343//343 
f 351//351 352//352 343//343 
f 343//343 352//352 344//344 
f 352//352 353//353 344//344 
f 344//344 353//353 345//345 
f 353//353 354//354 345//345 
f 345//345 354//354 346//346 
f 354//354 355//355 346//346 
f 346//346 355//355 347//347 
f 355//355 356//356 347//347 
f 347//347 356//356 348//348 
f 356//356 357//357 348//348 
f 348//348 357//357 349//349 
f 357//357 358//358 349//349 
f 349//349 358//358 350//350 
f 358//358 359//359 350//350 
f 350//350 359//359 359//359 
f 359//359 351//351 359//359 
f 359//359 351//351 351//351 
f 351//351 360//360 351//351 
f 351//351 360//360 352//352 
f 360//360 361//361 352//352 
f 352//352 361//361 353//353 
f 361//361 362//362 353//353 
f 353//353 362//362 354//354 
f 362//362 363//363 354//354 
f 354//354 363//363 355//355 
f 363//363 364//364 355//355 
f 355//355 364//364 356//356 
f 364//364 365//365 356//356 
f 356//356 365//365 357//357 
f 365//365 366//366 357//357 
f 357//357 366//366 358//358 
f 366//366 367//367 358//358 
f 358//358 367//367 359//359 
f 367//367 368//368 359//359 
f 359//359 368//368 368//368 
f 368//368 369//369 368//368 
f 368//368 369//369 369//369 
f 369//369 370//370 369//369 
f 369//369 370//370 371//371 
f 370//370 372//372 371//371 
f 371//371 372//372 373//373 
f 372//372 374//374 373//373 
f 373//373 374//374 375//375 
f 374//374 376//376 375//375 
f 375//375 376//376 377//377 
f 376//376 378//378 377//377 
f 377//377 378//378 379//379 
f 378//378 380//380 379//379 
f 379//379 380//380 381//381 
f 380//380 382//382 381//381 
f 381//381 382//382 383//383 
f 382//382 384//384 383//383 
f 383//383 384//384 385//385 
f 384//384 386//386 385//385 
f 385//385 386//386 387//387 
f 386//386 388//388 387//387 
f 387//387 388//388 389//389 
f 388//388 390//390 389//389 
f 389//389 390//390 391//391 
f 390//390 392//392 391//391 
f 391//391 392//392 393//393 
f 392//392 394//394 393//393 
f 393//393 394//394 395//395 
f 394//394 396//396 395//395 
f 395//395 396//396 396//396 
f 396//396 380//380 396//396 
f 396//396 380//380 380//380 
f 380//380 397//397 380//380 
f 380//380 397//397 382//382 
f 397//397 398//398 382//382 
f 382//382 398//398 384//384 
f 398//398 399//399 384//384 
f 384//384 399//399 386//386 
f 399//399 400//400 386//386 
f 386//386 400//400 388//388 
f 400//400 401//401 388//388 
f 388//388 401//401 390//390 
f 401//401 402//402 390//390 
f 390//390 402//402 392//392 
f 402//402 403//403 392//392 
f 392//392 403//403 394//394 
f 403//403 404//404 394//394 
f 394//394 404//404 396//396 
f 404//404 405//405 396//396 
f 396//396 405//405 405//405 
f 405//405 397//397 405//405 
f 405//405 397//397 397//397 
f 397//397 406//406 397//397 
f 397//397 406//406 398//398 
f 406//406 407//407 398//398 
f 398//398 407//407 399//399 
f 407//407 408//408 399//399 
f 399//399 408//408 400//400 
f 408//408 409//409 400//400 
f 400//400 409//409 401//401 
f 409//409 410//410 401//401 
f 401//401 410//410 402//402 
f 410//410 411//411 402//402 
f 402//402 411//411 403//403 
f 411//411 412//412 403//403 
f 403//403 412//412 404//404 
f 412//412 413//413 404//404 
f 404//404 413//413 405//405 
f 413//413 414//414 405//405 
f 405//405 414//414 414//414 
f 414//414 406//406 414//414 
f 414//414 406//406 406//406 
f 406//406 415//415 406//406 
f 406//406 415//415 407//407 
f 415//415 416//416 407//407 
f 407//407 416//416 408//408 
f 416//416 417//417 408//408 
f 408//408 417//417 409//409 
f 417//417 418//418 409//409 
f 409//409 418//418 410//410 
f 418//418 419//419 410//410 
f 410//410 419//419 411//411 
f 419//419 420//420 411//411 
f 411//411 420//420 412//412 
f 420//420 421//421 412//412 
f 412//412 421//421 413//413 
f 421//421 422//422 413//413 
f 413//413 422//422 414//414 
f 422//422 423//423 414//414 
f 414//414 423//423 423//423 
f 423//423 415//415 423//423 
f 423//423 415//415 415//415 
f 415//415 424//424 415//415 
f 415//415 424//424 416//416 
f 424//424 425//425 416//416 
f 416//416 425//425 417//417 
f 425//425 426//426 417//417 
f 417//417 426//426 418//418 
f 426//426 427//427 418//418 
f 418//418 427//427 419//419 
f 427//427 428//428 419//419 
f 419//419 428//428 420//420 
f 428//428 429//429 420//420 
f 420//420 429//429 421//421 
f 429//429 430//430 421//421 
f 421//421 430//430 422//422 
f 430//430 431//431 422//422 
f 422//422 431//431 423//423 
f 431//431 432//432 423//423 
f 423//423 432//432 432//432 
f 432//432 424//424 432//432 
f 432//432 424//424 424//424 
f 424//424 433//433 424//424 
f 424//424 433//433 425//425 
f 433//433 434//434 425//425 
f 425//425 434//434 426//426 
f 434//434 435//435 426//426 
f 426//426 435//435 427//427 
f 435//435 436//436 427//427 
f 427//427 436//436 428//428 
f 436//436 437//437 428//428 
f 428//428 437//437 429//429 
f 437//437 438//438 429//429 
f 429//429 438//438 430//430 
f 438//438 439//439 430//430 
f 430//430 439//439 431//431 
f 439//439 440//440 431//431 
f 431//431 440//440 432//432 
f 440//440 441//441 432//432 
f 432//432 441//441 441//441 
f 441//441 433//433 441//441 
f 441//441 433//433 433//433 
f 433//433 442//442 433//433 
f 433//433 442//442 434//434 
f 442//442 443//443 434//434 
f 434//434 443//443 435//435 
f 443//443 444//444 435//435 
f 435//435 444//444 436//436 
f 444//444 445//445 436//436 
f 436//436 445//445 437//437 
f 445//445 446//446 437//437 
f 437//437 446//446 438//438 
f 446//446 447//447 438//438 
f 438//438 447//447 439//439 
f 447//447 448//448 439//439 
f 439//439 448//448 440//440 
f 448//448 449//449 440//440 
f 440//440 449//449 441//441 
f 449//449 450//450 441//441 
f 441//441 450//450 450//450 
f 450//450 442//442 450//450 
f 450//450 442//442 442//442 
f 442//442 451//451 442//442 
f 442//442 451//451 443//443 
f 451//451 452//452 443//443 
f 443//443 452//452 444//444 
f 452//452 453//453 444//444 
f 444//444 453//453 445//445 
f 453//453 454//454 445//445 
f 445//445 454//454 446//446 
f 454//454 455//455 446//446 
f 446//446 455//455 447//447 
f 455//455 456//456 447//447 
f 447//447 456//456 448//448 
f 456//456 457//457 448//448 
f 448//448 457//457 449//449 
f 457//457 458//458 449//449 
f 449//449 458//458 450//450 
f 458//458 459//459 450//450 
f 450//450 459//459 459//459 
f 459//459 451//451 459//459 
f 459//459 451//451 451//451 
f 451//451 460//460 451//451 
f 451//451 460//460 452//452 
f 460//460 461//461 452//452 
f 452//452 461//461 453//453 
f 461//461 462//462 453//453 
f 453//453 462//462 454//454 
f 462//462 463//463 454//454 
f 454//454 463//463 455//455 
f 463//463 464//464 455//455 
f 455//455 464//464 456//456 
f 464//464 465//465 456//456 
f 456//456 465//465 457//457 
f 465//465 466//466 457//457 
f 457//457 466//466 458//458 
f 466//466 467//467 458//458 
f 458//458 467//467 459//459 
f 467//467 468//468 459//459 
f 459//459 468//468 468//468 
f 468//468 460//460 468//468 
f 468//468 460//460 460//460 
f 460//460 469//469 460//460 
f 460//460 469//469 461//461 
f 469//469 470//470 461//461 
f 461//461 470//470 462//462 
f 470//470 471//471 462//462 
f 462//462 471//471 463//463 
f 471//471 472//472 463//463 
f 463//463 472//472 464//464 
f 472//472 473//473 464//464 
f 464//464 473//473 465//465 
f 473//473 474//474 465//465 
f 465//465 474//474 466//466 
f 474//474 475//475 466//466 
f 466//466 475//475 467//467 
f 475//475 476//476 467//467 
f 467//467 476//476 468//468 
f 476//476 477//477 468//468 
f 468//468 477//477 477//477 
f 477//477 469//469 477//477 
f 477//477 469//469 469//469 
f 469//469 478//478 469//469 
f 469//469 478//478 470//470 
f 478//478 479//479 470//470 
f 470//470 479//479 471//471 
f 479//479 480//480 471//471 
f 471//471 480//480 472//472 
f 480//480 481//481 472//472 
f 472//472 481//481 473//473 
f 481//481 482//482 473//473 
f 473//473 482//482 474//474 
f 482//482 483//483 474//474 
f 474//474 483//483 475//475 
f 483//483 484//484 475//475 
f 475//475 484//484 476//476 
f 484//484 485//485 476//476 
f 476//476 485//485 477//477 
f 485//485 486//486 477//477 
f 477//477 486//486 486//486 
f 486//486 478//478 486//486 
f 486//486 478//478 478//478 
f 478//478 487//487 478//478 
f 478//478 487//487 479//479 
f 487//487 488//488 479//479 
f 479//479 488//488 480//480 
f 488//488 489//489 480//480 
f 480//480 489//489 481//481 
f 489//489 490//490 481//481 
f 481//481 490//490 482//482 
f 490//490 491//491 482//482 
f 482//482 491//491 483//483 
f 491//491 492//492 483//483 
f 483//483 492//492 484//484 
f 492//492 493//493 484//484 
f 484//484 493//493 485//485 
f 493//493 494//494 485//485 
f 485//485 494//494 486//486 
f 494//494 495//495 486//486 
f 486//486 495//495 495//495 
f 495//495 487//487 495//495 
f 495//495 487//487 487//487 
f 487//487 496//496 487//487 
f 487//487 496//496 488//488 
f 496//496 497//497 488//488 
f 488//488 497//497 489//489 
f 497//497 498//498 489//489 
f 489//489 498//498 490//490 
f 498//498 499//499 490//490 
f 490//490 499//499 491//491 
f 499//499 500//500 491//491 
f 491//491 500//500 492//492 
f 500//500 501//501 492//492 
f 492//492 501//501 493//493 
f 501//501 502//502 493//493 
f 493//493 502//502 494//494 
f 502//502 503//503 494//494 
f 494//494 503//503 495//495 
f 503//503 504//504 495//495 
f 495//495 504//504 504//504 
f 504//504 496//496 504//504 
f 504//504 496//496 496//496 
f 496//496 505//505 496//496 
f 496//496 505//505 497//497 
f 505//505 506//506 497//497 
f 497//497 506//506 498//498 
f 506//506 507//507 498//498 
f 498//498 507//507 499//499 
f 507//507 508//508 499//499 
f 499//499 508//508 500//500 
f 508//508 509//509 500//500 
f 500//500 509//509 501//501 
f 509//509 510//510 501//501 
f 501//501 510//510 502//502 
f 510//510 511//511 502//502 
f 502//502 511//511 503//503 
f 511//511 512//512 503//503 
f 503//503 512//512 504//504 
f 512//512 513//513 504//504 
f 504//504 513//513 513//513 
f 513//513 505//505 513//513 
f 513//513 505//505 505//505 
f 505//505 514//514 505//505 
f 505//505 514//514 506//506 
f 514//514 515//515 506//506 
f 506//506 515//515 507//507 
f 515//515 516//516 507//507 
f 507//507 516//516 508//508 
f 516//516 517//517 508//508 
f 508//508 517//517 509//509 
f 517//517 518//518 509//509 
f 509//509 518//518 510//510 
f 518//518 519//519 510//510 
f 510//510 519//519 511//511 
f 519//519 520//520 511//511 
f 511//511 520//520 512//512 
f 520//520 521//521 512//512 
f 512//512 521//521 513//513 
f 521//521 522//522 513//513 
f 513//513 522//522 522//522 
f 522//522 514//514 522//522 
f 522//522 514//514 514//514 
f 514//514 505//505 514//514 
f 514//514 505//505 523//523 
f 505//505 524//524 523//523 
f 523//523 524//524 525//525 
f 524//524 526//526 525//525 
f 525//525 526//526 527//527 
f 526//526 528//528 527//527 
f 527//527 528//528 529//529 
f 528//528 530//530 529//529 
f 529//529 530//530 531//531 
f 530//530 532//532 531//531 
f 531//531 532//532 532//532 
f 532//532 505//505 532//532 
f 532//532 505//505 505//505 
f 505//505 496//496 505//505 
f 505//505 496//496 524//524 
f 496//496 533//533 524//524 
f 524//524 533//533 526//526 
f 533//533 534//534 526//526 
f 526//526 534//534 528//528 
f 534//534 535//535 528//528 
f 528//528 535//535 530//530 
f 535//535 536//536 530//530 
f 530//530 536//536 532//532 
f 536//536 537//537 532//532 
f 532//532 537//537 537//537 
f 537//537 496//496 537//537 
f 537//537 496//496 496//496 
f 496//496 487//487 496//496 
f 496//496 487//487 533//533 
f 487//487 538//538 533//533 
f 533//533 538//538 534//534 
f 538//538 539//539 534//534 
f 534//534 539//539 535//535 
f 539//539 540//540 535//535 
f 535//535 540//540 536//536 
f 540//540 541//541 536//536 
f 536//536 541//541 537//537 
f 541//541 542//542 537//537 
f 537//537 542//542 542//542 
f 542//542 487//487 542//542 
f 542//542 487//487 487//487 
f 487//487 478//478 487//487 
f 487//487 478//478 538//538 
f 478//478 543//543 538//538 
f 538//538 543//543 539//539 
f 543//543 544//544 539//539 
f 539//539 544//544 540//540 
f 544//544 545//545 540//540 
f 540//540 545//545 541//541 
f 545//545 546//546 541//541 
f 541//541 546//546 542//542 
f 546//546 547//547 542//542 
f 542//542 547//547 547//547 
f 547//547 478//478 547//547 
f 547//547 478//478 478//478 
f 478//478 469//469 478//478 
f 478//478 469//469 543//543 
f 469//469 548//548 543//543 
f 543//543 548//548 544//544 
f 548//548 549//549 544//544 
f 544//544 549//549 545//545 
f 549//549 550//550 545//545 
f 545//545 550//550 546//546 
f 550//550 551//551 546//546 
f 546//546 551//551 547//547 
f 551//551 552//552 547//547 
f 547//547 552//552 552//552 
f 552//552 469//469 552//552 
f 552//552 469//469 469//469 
f 469//469 460//460 469//469 
f 469//469 460//460 548//548 
f 460//460 553//553 548//548 
f 548//548 553//553 549//549 
f 553//553 554//554 549//549 
f 549//549 554//554 550//550 
f 554//554 555//555 550//550 
f 550//550 555//555 551//551 
f 555//555 556//556 551//551 
f 551//551 556//556 552//552 
f 556//556 557//557 552//552 
f 552//552 557//557 557//557 
f 557//557 460//460 557//557 
f 557//557 460//460 460//460 
f 460//460 451//451 460//460 
f 460//460 451//451 553//553 
f 451//451 558//558 553//553 
f 553//553 558//558 554//554 
f 558//558 559//559 554//554 
f 554//554 559//559 555//555 
f 559//559 560//560 555//555 
f 555//555 560//560 556//556 
f 560//560 561//561 556//556 
f 556//556 561//561 557//557 
f 561//561 562//562 557//557 
f 557//557 562//562 562//562 
f 562//562 451//451 562//562 
f 562//562 451//451 451//451 
f 451//451 442//442 451//451 
f 451//451 442//442 558//558 
f 442//442 563//563 558//558 
f 558//558 563//563 559//559 
f 563//563 564//564 559//559 
f 559//559 564//564 560//560 
f 564//564 565//565 560//560 
f 560//560 565//565 561//561 
f 565//565 566//566 561//561 
f 561//561 566//566 562//562 
f 566//566 567//567 562//562 
f 562//562 567//567 567//567 
f 567//567 442//442 567//567 
f 567//567 442//442 442//442 
f 442//442 433//433 442//442 
f 442//442 433//433 563//563 
f 433//433 568//568 563//563 
f 563//563 568//568 564//564 
f 568//568 569//569 564//564 
f 564//564 569//569 565//565 
f 569//569 570//570 565//565 
f 565//565 570//570 566//566 
f 570//570 571//571 566//566 
f 566//566 571//571 567//567 
f 571//571 572//572 567//567 
f 567//567 572//572 572//572 
f 572//572 433//433 572//572 
f 572//572 433//433 433//433 
f 433//433 424//424 433//433 
f 433//433 424//424 568//568 
f 424//424 573//573 568//568 
f 568//568 573//573 569//569 
f 573//573 574//574 569//569 
f 569//569 574//574 570//570 
f 574//574 575//575 570//570 
f 570//570 575//575 571//571 
f 575//575 576//576 571//571 
f 571//571 576//576 572//572 
f 576//576 577//577 572//572 
f 572//572 577//577 577//577 
f 577//577 424//424 577//577 
f 577//577 424//424 424//424 
f 424//424 415//415 424//424 
f 424//424 415//415 573//573 
f 415//415 578//578 573//573 
f 573//573 578//578 574//574 
f 578//578 579//579 574//574 
f 574//574 579//579 575//575 
f 579//579 580//580 575//575 
f 575//575 580//580 576//576 
f 580//580 581//581 576//576 
f 576//576 581//581 577//577 
f 581//581 582//582 577//577 
f 577//577 582//582 582//582 
f 582//582 415//415 582//582 
f 582//582 415//415 415//415 
f 415//415 406//406 415//415 
f 415//415 406//406 578//578 
f 406//406 583//583 578//578 
f 578//578 583//583 579//579 
f 583//583 584//584 579//579 
f 579//579 584//584 580//580 
f 584//584 585//585 580//580 
f 580//580 585//585 581//581 
f 585//585 586//586 581//581 
f 581//581 586//586 582//582 
f 586//586 587//587 582//582 
f 582//582 587//587 587//587 
f 587//587 406//406 587//587 
f 587//587 406//406 406//406 
f 406//406 397//397 406//406 
f 406//406 397//397 583//583 
f 397//397 588//588 583//583 
f 583//583 588//588 584//584 
f 588//588 589//589 584//584 
f 584//584 589//589 585//585 
f 589//589 590//590 585//585 
f 585//585 590//590 586//586 
f 590//590 591//591 586//586 
f 586//586 591//591 587//587 
f 591//591 592//592 587//587 
f 587//587 592//592 592//592 
f 592//592 591//591 592//592 
f 592//592 591//591 591//591 
f 591//591 590//590 591//591 
f 591//591 590//590 374//374 
f 590//590 589//589 374//374 
f 374//374 589//589 376//376 
f 589//589 588//588 376//376 
f 376//376 588//588 378//378 
f 588//588 397//397 378//378 
f 378//378 397//397 380//380 
f 397//397 380//380 380//380 
f 380//380 380//380 374//374 
f 380//380 374//374 374//374 
f 374//374 374//374 374//374 
f 374//374 372//372 374//374 
f 374//374 372//372 591//591 
f 372//372 592//592 591//591 
f 591//591 592//592 592//592 
f 592//592 593//593 592//592 
f 592//592 593//593 593//593 
f 593//593 594//594 593//593 
f 593//593 594//594 595//595 
f 594//594 596//596 595//595 
f 595//595 596//596 597//597 
f 596//596 598//598 597//597 
f 597//597 598//598 599//599 
f 598//598 600//600 599//599 
f 599//599 600//600 601//601 
f 600//600 602//602 601//601 
f 601//601 602//602 603//603 
f 602//602 604//604 603//603 
f 603//603 604//604 605//605 
f 604//604 606//606 605//605 
f 605//605 606//606 607//607 
f 606//606 608//608 607//607 
f 607//607 608//608 609//609 
f 608//608 610//610 609//609 
f 609//609 610//610 610//610 
f 610//610 594//594 610//610 
f 610//610 594//594 594//594 
f 594//594 611//611 594//594 
f 594//594 611//611 596//596 
f 611//611 612//612 596//596 
f 596//596 612//612 598//598 
f 612//612 613//613 598//598 
f 598//598 613//613 600//600 
f 613//613 614//614 600//600 
f 600//600 614//614 602//602 
f 614//614 615//615 602//602 
f 602//602 615//615 604//604 
f 615//615 616//616 604//604 
f 604//604 616//616 606//606 
f 616//616 617//617 606//606 
f 606//606 617//617 608//608 
f 617//617 618//618 608//608 
f 608//608 618//618 610//610 
f 618//618 619//619 610//610 
f 610//610 619//619 619//619 
f 619//619 611//611 619//619 
f 619//619 611//611 611//611 
f 611//611 620//620 611//611 
f 611//611 620//620 612//612 
f 620//620 621//621 612//612 
f 612//612 621//621 613//613 
f 621//621 622//622 613//613 
f 613//613 622//622 614//614 
f 622//622 623//623 614//614 
f 614//614 623//623 615//615 
f 623//623 624//624 615//615 
f 615//615 624//624 616//616 
f 624//624 625//625 616//616 
f 616//616 625//625 617//617 
f 625//625 626//626 617//617 
f 617//617 626//626 618//618 
f 626//626 627//627 618//618 
f 618//618 627//627 619//619 
f 627//627 628//628 619//619 
f 619//619 628//628 628//628 
f 628//628 620//620 628//628 
f 628//628 620//620 620//620 
f 620//620 629//629 620//620 
f 620//620 629//629 621//621 
f 629//629 630//630 621//621 
f 621//621 630//630 622//622 
f 630//630 631//631 622//622 
f 622//622 631//631 623//623 
f 631//631 632//632 623//623 
f 623//623 632//632 624//624 
f 632//632 633//633 624//624 
f 624//624 633//633 625//625 
f 633//633 634//634 625//625 
f 625//625 634//634 626//626 
f 634//634 635//635 626//626 
f 626//626 635//635 627//627 
f 635//635 636//636 627//627 
f 627//627 636//636 628//628 
f 636//636 637//637 628//628 
f 628//628 637//637 637//637 
f 637//637 629//629 637//637 
f 637//637 629//629 629//629 
f 629//629 638//638 629//629 
f 629//629 638//638 630//630 
f 638//638 639//639 630//630 
f 630//630 639//639 631//631 
f 639//639 640//640 631//631 
f 631//631 640//640 632//632 
f 640//640 641//641 632//632 
f 632//632 641//641 633//633 
f 641//641 642//642 633//633 
f 633//633 642//642 634//634 
f 642//642 643//643 634//634 
f 634//634 643//643 635//635 
f 643//643 644//644 635//635 
f 635//635 644//644 636//636 
f 644//644 645//645 636//636 
f 636//636 645//645 637//637 
f 645//645 646//646 637//637 
f 637//637 646//646 646//646 
f 646//646 638//638 646//646 
f 646//646 638//638 638//638 
f 638//638 647//647 638//638 
f 638//638 647//647 639//639 
f 647//647 648//648 639//639 
f 639//639 648//648 640//640 
f 648//648 649//649 640//640 
f 640//640 649//649 641//641 
f 649//649 650//650 641//641 
f 641//641 650//650 642//642 
f 650//650 651//651 642//642 
f 642//642 651//651 643//643 
f 651//651 652//652 643//643 
f 643//643 652//652 644//644 
f 652//652 653//653 644//644 
f 644//644 653//653 645//645 
f 653//653 654//654 645//645 
f 645//645 654//654 646//646 
f 654//654 655//655 646//646 
f 646//646 655//655 655//655 
f 655//655 647//647 655//655 
f 655//655 647//647 647//647 
f 647//647 656//656 647//647 
f 647//647 656//656 648//648 
f 656//656 657//657 648//648 
f 648//648 657//657 649//649 
f 657//657 658//658 649//649 
f 649//649 658//658 650//650 
f 658//658 659//659 650//650 
f 650//650 659//659 651//651 
f 659//659 660//660 651//651 
f 651//651 660//660 652//652 
f 660//660 661//661 652//652 
f 652//652 661//661 653//653 
f 661//661 662//662 653//653 
f 653//653 662//662 654//654 
f 662//662 663//663 654//654 
f 654//654 663//663 655//655 
f 663//663 664//664 655//655 
f 655//655 664//664 664//664 
f 664//664 656//656 664//664 
f 664//664 656//656 656//656 
f 656//656 665//665 656//656 
f 656//656 665//665 657//657 
f 665//665 666//666 657//657 
f 657//657 666//666 658//658 
f 666//666 667//667 658//658 
f 658//658 667//667 659//659 
f 667//667 668//668 659//659 
f 659//659 668//668 660//660 
f 668//668 669//669 660//660 
f 660//660 669//669 661//661 
f 669//669 670//670 661//661 
f 661//661 670//670 662//662 
f 670//670 671//671 662//662 
f 662//662 671//671 663//663 
f 671//671 672//672 663//663 
f 663//663 672//672 664//664 
f 672//672 673//673 664//664 
f 664//664 673//673 673//673 
f 673//673 665//665 673//673 
f 673//673 665//665 665//665 
f 665//665 674//674 665//665 
f 665//665 674//674 666//666 
f 674//674 675//675 666//666 
f 666//666 675//675 667//667 
f 675//675 676//676 667//667 
f 667//667 676//676 668//668 
f 676//676 677//677 668//668 
f 668//668 677//677 669//669 
f 677//677 678//678 669//669 
f 669//669 678//678 670//670 
f 678//678 679//679 670//670 
f 670//670 679//679 671//671 
f 679//679 680//680 671//671 
f 671//671 680//680 672//672 
f 680//680 681//681 672//672 
f 672//672 681//681 673//673 
f 681//681 682//682 673//673 
f 673//673 682//682 682//682 
f 682//682 674//674 682//682 
f 682//682 674//674 674//674 
f 674//674 683//683 674//674 
f 674//674 683//683 675//675 
f 683//683 684//684 675//675 
f 675//675 684//684 676//676 
f 684//684 685//685 676//676 
f 676//676 685//685 677//677 
f 685//685 686//686 677//677 
f 677//677 686//686 678//678 
f 686//686 687//687 678//678 
f 678//678 687//687 679//679 
f 687//687 688//688 679//679 
f 679//679 688//688 680//680 
f 688//688 689//689 680//680 
f 680//680 689//689 681//681 
f 689//689 690//690 681//681 
f 681//681 690//690 682//682 
f 690//690 691//691 682//682 
f 682//682 691//691 691//691 
f 691//691 683//683 691//691 
f 691//691 683//683 683//683 
f 683//683 692//692 683//683 
f 683//683 692//692 684//684 
f 692//692 693//693 684//684 
f 684//684 693//693 685//685 
f 693//693 694//694 685//685 
f 685//685 694//694 686//686 
f 694//694 695//695 686//686 
f 686//686 695//695 687//687 
f 695//695 696//696 687//687 
f 687//687 696//696 688//688 
f 696//696 697//697 688//688 
f 688//688 697//697 689//689 
f 697//697 698//698 689//689 
f 689//689 698//698 690//690 
f 698//698 699//699 690//690 
f 690//690 699//699 691//691 
f 699//699 700//700 691//691 
f 691//691 700//700 700//700 
f 700//700 692//692 700//700 
f 700//700 692//692 692//692 
f 692//692 701//701 692//692 
f 692//692 701//701 693//693 
f 701//701 702//702 693//693 
f 693//693 702//702 694//694 
f 702//702 703//703 694//694 
f 694//694 703//703 695//695 
f 703//703 704//704 695//695 
f 695//695 704//704 696//696 
f 704//704 705//705 696//696 
f 696//696 705//705 697//697 
f 705//705 706//706 697//697 
f 697//697 706//706 698//698 
f 706//706 707//707 698//698 
f 698//698 707//707 699//699 
f 707//707 708//708 699//699 
f 699//699 708//708 700//700 
f 708//708 709//709 700//700 
f 700//700 709//709 709//709 
f 709//709 701//701 709//709 
f 709//709 701//701 701//701 
f 701//701 710//710 701//701 
f 701//701 710//710 702//702 
f 710//710 711//711 702//702 
f 702//702 711//711 703//703 
f 711//711 712//712 703//703 
f 703//703 712//712 704//704 
f 712//712 713//713 704//704 
f 704//704 713//713 705//705 
f 713//713 714//714 705//705 
f 705//705 714//714 706//706 
f 714//714 715//715 706//706 
f 706//706 715//715 707//707 
f 715//715 716//716 707//707 
f 707//707 716//716 708//708 
f 716//716 717//717 708//708 
f 708//708 717//717 709//709 
f 717//717 718//718 709//709 
f 709//709 718//718 718//718 
f 718//718 710//710 718//718 
f 718//718 710//710 710//710 
f 710//710 719//719 710//710 
f 710//710 719//719 711//711 
f 719//719 720//720 711//711 
f 711//711 720//720 712//712 
f 720//720 721//721 712//712 
f 712//712 721//721 713//713 
f 721//721 722//722 713//713 
f 713//713 722//722 714//714 
f 722//722 723//723 714//714 
f 714//714 723//723 715//715 
f 723//723 724//724 715//715 
f 715//715 724//724 716//716 
f 724//724 725//725 716//716 
f 716//716 725//725 717//717 
f 725//725 726//726 717//717 
f 717//717 726//726 718//718 
f 726//726 727//727 718//718 
f 718//718 727//727 727//727 
f 727//727 719//719 727//727 
f 727//727 719//719 719//719 
f 719//719 728//728 719//719 
f 719//719 728//728 720//720 
f 728//728 729//729 720//720 
f 720//720 729//729 721//721 
f 729//729 730//730 721//721 
f 721//721 730//730 722//722 
f 730//730 731//731 722//722 
f 722//722 731//731 723//723 
f 731//731 732//732 723//723 
f 723//723 732//732 724//724 
f 732//732 733//733 724//724 
f 724//724 733//733 725//725 
f 733//733 734//734 725//725 
f 725//725 734//734 726//726 
f 734//734 735//735 726//726 
f 726//726 735//735 727//727 
f 735//735 736//736 727//727 
f 224//224 4//4 2//2 
f 592//592 372//372 370//370 

