mtllib model_41.mtl
o model_41
v -10.923638343811035 0.677551805973053 31.209815979003906 
v -10.967637062072754 0.677551805973053 31.597013473510742 
v -9.061031341552734 0.677551805973053 31.597013473510742 
v -10.923638343811035 0.677551805973053 31.984210968017578 
v -9.471684455871582 14.930709838867188 -43.59664535522461 
v -9.471684455871582 16.089853286743164 -43.59664535522461 
v -10.630313873291016 14.930709838867188 -43.59664535522461 
v -10.358989715576172 15.817955017089844 -43.59664535522461 
v -19.35670280456543 14.930709838867188 -43.59664535522461 
v -19.628028869628906 15.817955017089844 -43.59664535522461 
v -20.507999420166016 14.930709838867188 -43.59664535522461 
v -20.507999420166016 16.089853286743164 -43.59664535522461 
v -19.628028869628906 28.554210662841797 -43.59664535522461 
v -20.507999420166016 28.28231430053711 -43.59664535522461 
v -19.35670280456543 29.441455841064453 -43.59664535522461 
v -10.630313873291016 29.441455841064453 -43.59664535522461 
v -10.358989715576172 28.554210662841797 -43.59664535522461 
v -9.471684455871582 29.441455841064453 -43.59664535522461 
v -9.471684455871582 28.28231430053711 -43.59664535522461 
v -7.513746738433838 7.661026954650879 32.71988296508789 
v -7.513746738433838 7.131542205810547 32.71988296508789 
v -6.0764594078063965 7.661026954650879 33.532997131347656 
v -6.399115562438965 7.131542205810547 33.37812042236328 
v -7.425749778747559 7.661026954650879 34.772029876708984 
v -8.107728004455566 7.661026954650879 33.261959075927734 
v -7.792404651641846 7.661026954650879 34.92690658569336 
v -8.467049598693848 7.661026954650879 33.416839599609375 
v -5.4971442222595215 7.661026954650879 31.790611267089844 
v -7.147091865539551 7.661026954650879 31.597013473510742 
v -5.54114294052124 7.661026954650879 32.17781066894531 
v -7.1910905838012695 7.661026954650879 31.984210968017578 
v -10.3223237991333 7.661026954650879 34.92690658569336 
v -9.647679328918457 7.661026954650879 33.416839599609375 
v -10.688979148864746 7.661026954650879 34.772029876708984 
v -10.014333724975586 7.661026954650879 33.261959075927734 
v -7.777738571166992 7.661026954650879 30.164384841918945 
v -6.802435874938965 7.661026954650879 28.847915649414062 
v -8.107728004455566 7.661026954650879 29.932065963745117 
v -7.125092506408691 7.661026954650879 28.615596771240234 
v -11.29029369354248 7.131542205810547 33.88147735595703 
v -11.561617851257324 7.131542205810547 33.57171630859375 
v -10.336990356445312 7.131542205810547 33.02964401245117 
v -10.600981712341309 7.131542205810547 32.71988296508789 
v -7.513746738433838 7.131542205810547 32.71988296508789 
v -7.315752983093262 7.131542205810547 32.37140655517578 
v -6.399115562438965 7.131542205810547 33.37812042236328 
v -6.201121807098389 7.131542205810547 33.02964401245117 
v -12.045602798461914 7.661026954650879 33.532997131347656 
v -10.600981712341309 7.661026954650879 32.71988296508789 
v -12.243596076965332 7.661026954650879 33.22323989868164 
v -10.80630874633789 7.661026954650879 32.37140655517578 
v -7.777738571166992 7.131542205810547 30.164384841918945 
v -8.107728004455566 7.131542205810547 29.932065963745117 
v -7.0224289894104 7.131542205810547 29.11895179748535 
v -7.345085620880127 7.131542205810547 28.886634826660156 
v -10.80630874633789 7.131542205810547 32.37140655517578 
v -10.600981712341309 7.131542205810547 32.71988296508789 
v -11.920939445495605 7.131542205810547 33.02964401245117 
v -11.71561336517334 7.131542205810547 33.37812042236328 
v -12.382925033569336 7.661026954650879 32.87476348876953 
v -10.80630874633789 7.661026954650879 32.37140655517578 
v -12.507587432861328 7.661026954650879 32.52628707885742 
v -10.923638343811035 7.661026954650879 31.984210968017578 
v -12.030936241149902 7.131542205810547 32.75860595703125 
v -12.148265838623047 7.131542205810547 32.410125732421875 
v -10.80630874633789 7.131542205810547 32.37140655517578 
v -10.923638343811035 7.131542205810547 31.984210968017578 
v -10.967637062072754 7.661026954650879 31.597013473510742 
v -12.617584228515625 7.661026954650879 31.790611267089844 
v -12.58091926574707 7.661026954650879 32.17781066894531 
v -8.863037109375 7.661026954650879 29.699748992919922 
v -8.863037109375 7.661026954650879 28.034801483154297 
v -9.259024620056152 7.661026954650879 29.699748992919922 
v -9.259024620056152 7.661026954650879 28.034801483154297 
v -5.614473819732666 7.661026954650879 32.52628707885742 
v -7.1910905838012695 7.661026954650879 31.984210968017578 
v -5.7318034172058105 7.661026954650879 32.87476348876953 
v -7.315752983093262 7.661026954650879 32.37140655517578 
v -9.259024620056152 7.131542205810547 28.421998977661133 
v -8.863037109375 7.131542205810547 28.421998977661133 
v -9.259024620056152 7.131542205810547 29.699748992919922 
v -8.863037109375 7.131542205810547 29.699748992919922 
v -10.923638343811035 7.661026954650879 31.209815979003906 
v -12.58091926574707 7.661026954650879 31.016218185424805 
v -12.617584228515625 7.661026954650879 31.442134857177734 
v -9.259024620056152 7.661026954650879 29.699748992919922 
v -9.259024620056152 7.131542205810547 29.699748992919922 
v -9.603680610656738 7.661026954650879 28.07352066040039 
v -9.523015975952148 7.131542205810547 28.421998977661133 
v -12.250929832458496 7.131542205810547 31.480854034423828 
v -12.206931114196777 7.131542205810547 31.0549373626709 
v -10.967637062072754 7.131542205810547 31.597013473510742 
v -10.923638343811035 7.131542205810547 31.209815979003906 
v -10.80630874633789 7.661026954650879 30.822620391845703 
v -12.382925033569336 7.661026954650879 30.319263458251953 
v -12.507587432861328 7.661026954650879 30.70646095275879 
v -9.9190034866333 7.131542205810547 28.538156509399414 
v -9.523015975952148 7.131542205810547 28.421998977661133 
v -9.647679328918457 7.131542205810547 29.77718734741211 
v -9.259024620056152 7.131542205810547 29.699748992919922 
v -9.647679328918457 7.661026954650879 29.77718734741211 
v -10.3223237991333 7.661026954650879 28.267118453979492 
v -10.014333724975586 7.661026954650879 29.932065963745117 
v -10.688979148864746 7.661026954650879 28.421998977661133 
v -7.777738571166992 7.131542205810547 33.02964401245117 
v -7.777738571166992 7.661026954650879 33.02964401245117 
v -7.0224289894104 7.131542205810547 34.0750732421875 
v -6.802435874938965 7.661026954650879 34.34611129760742 
v -12.243596076965332 7.661026954650879 30.009506225585938 
v -12.045602798461914 7.661026954650879 29.661027908325195 
v -10.600981712341309 7.661026954650879 30.47414207458496 
v -12.148265838623047 7.131542205810547 30.822620391845703 
v -12.030936241149902 7.131542205810547 30.435422897338867 
v -10.923638343811035 7.131542205810547 31.209815979003906 
v -10.80630874633789 7.131542205810547 30.822620391845703 
v -10.014333724975586 7.661026954650879 29.932065963745117 
v -10.989636421203613 7.661026954650879 28.615596771240234 
v -10.336990356445312 7.661026954650879 30.164384841918945 
v -11.31229305267334 7.661026954650879 28.847915649414062 
v -10.336990356445312 7.661026954650879 30.164384841918945 
v -11.568950653076172 7.661026954650879 29.080232620239258 
v -11.840275764465332 7.661026954650879 29.35127067565918 
v -9.647679328918457 7.131542205810547 29.77718734741211 
v -10.014333724975586 7.131542205810547 29.932065963745117 
v -10.17566204071045 7.131542205810547 28.615596771240234 
v -10.53498363494873 7.131542205810547 28.770475387573242 
v -6.824435234069824 0.677551805973053 33.88147735595703 
v -6.560443878173828 0.677551805973053 33.57171630859375 
v -7.777738571166992 0.677551805973053 33.02964401245117 
v -7.513746738433838 0.677551805973053 32.71988296508789 
v -7.345085620880127 0.677551805973053 34.30739212036133 
v -7.0224289894104 0.677551805973053 34.0750732421875 
v -8.107728004455566 0.677551805973053 33.261959075927734 
v -7.777738571166992 0.677551805973053 33.02964401245117 
v -6.399115562438965 0.677551805973053 33.37812042236328 
v -6.201121807098389 0.677551805973053 33.02964401245117 
v -7.513746738433838 0.677551805973053 32.71988296508789 
v -7.315752983093262 0.677551805973053 32.37140655517578 
v -10.600981712341309 7.131542205810547 30.47414207458496 
v -10.80630874633789 7.131542205810547 30.822620391845703 
v -11.71561336517334 7.131542205810547 29.815906524658203 
v -11.920939445495605 7.131542205810547 30.164384841918945 
v -11.092299461364746 7.131542205810547 29.11895179748535 
v -10.76964282989502 7.131542205810547 28.886634826660156 
v -10.336990356445312 7.131542205810547 30.164384841918945 
v -10.014333724975586 7.131542205810547 29.932065963745117 
v -7.946399688720703 0.677551805973053 34.57843017578125 
v -7.579744815826416 0.677551805973053 34.423553466796875 
v -8.467049598693848 0.677551805973053 33.416839599609375 
v -8.107728004455566 0.677551805973053 33.261959075927734 
v -11.561617851257324 7.131542205810547 29.6223087310791 
v -11.29029369354248 7.131542205810547 29.312551498413086 
v -10.600981712341309 7.131542205810547 30.47414207458496 
v -10.336990356445312 7.131542205810547 30.164384841918945 
v -8.591712951660156 0.677551805973053 34.772029876708984 
v -8.203058242797852 0.677551805973053 34.65586853027344 
v -8.863037109375 0.677551805973053 33.49427795410156 
v -8.467049598693848 0.677551805973053 33.416839599609375 
v -7.147091865539551 0.677551805973053 31.597013473510742 
v -7.1910905838012695 0.677551805973053 31.984210968017578 
v -5.8711323738098145 0.677551805973053 31.75189208984375 
v -5.907797813415527 0.677551805973053 32.13908767700195 
v -9.259024620056152 0.677551805973053 34.772029876708984 
v -8.863037109375 0.677551805973053 34.772029876708984 
v -9.259024620056152 0.677551805973053 33.49427795410156 
v -8.863037109375 0.677551805973053 33.49427795410156 
v -11.71561336517334 0.677551805973053 33.37812042236328 
v -12.045602798461914 0.14806699752807617 33.532997131347656 
v -10.600981712341309 0.677551805973053 32.71988296508789 
v -10.600981712341309 0.14806699752807617 32.71988296508789 
v -7.1910905838012695 0.677551805973053 31.209815979003906 
v -7.147091865539551 0.677551805973053 31.597013473510742 
v -5.907797813415527 0.677551805973053 31.0549373626709 
v -5.8711323738098145 0.677551805973053 31.480854034423828 
v -9.9190034866333 0.677551805973053 34.65586853027344 
v -9.523015975952148 0.677551805973053 34.772029876708984 
v -9.647679328918457 0.677551805973053 33.416839599609375 
v -9.259024620056152 0.677551805973053 33.49427795410156 
v -5.9664626121521 0.677551805973053 30.822620391845703 
v -6.09112548828125 0.677551805973053 30.435422897338867 
v -7.1910905838012695 0.677551805973053 31.209815979003906 
v -7.315752983093262 0.677551805973053 30.822620391845703 
v -7.513746738433838 0.677551805973053 30.47414207458496 
v -7.777738571166992 0.677551805973053 30.164384841918945 
v -9.647679328918457 0.677551805973053 33.416839599609375 
v -10.014333724975586 0.677551805973053 33.261959075927734 
v -10.17566204071045 0.677551805973053 34.57843017578125 
v -10.53498363494873 0.677551805973053 34.423553466796875 
v -7.513746738433838 0.677551805973053 30.47414207458496 
v -7.315752983093262 0.677551805973053 30.822620391845703 
v -6.399115562438965 0.677551805973053 29.815906524658203 
v -6.201121807098389 0.677551805973053 30.164384841918945 
v -11.092299461364746 0.677551805973053 34.0750732421875 
v -10.76964282989502 0.677551805973053 34.30739212036133 
v -10.336990356445312 0.677551805973053 33.02964401245117 
v -10.014333724975586 0.677551805973053 33.261959075927734 
v -11.561617851257324 0.677551805973053 33.57171630859375 
v -11.29029369354248 0.677551805973053 33.88147735595703 
v -10.600981712341309 0.677551805973053 32.71988296508789 
v -10.336990356445312 0.677551805973053 33.02964401245117 
v -7.777738571166992 7.661026954650879 33.02964401245117 
v -7.777738571166992 7.131542205810547 33.02964401245117 
v -6.545777797698975 7.661026954650879 34.113792419433594 
v -6.824435234069824 7.131542205810547 33.88147735595703 
v -6.28178596496582 7.661026954650879 33.84275436401367 
v -6.560443878173828 7.131542205810547 33.57171630859375 
v -7.513746738433838 7.661026954650879 32.71988296508789 
v -7.513746738433838 7.131542205810547 32.71988296508789 
v -7.513746738433838 7.661026954650879 32.71988296508789 
v -6.0764594078063965 7.661026954650879 33.532997131347656 
v -5.87846565246582 7.661026954650879 33.22323989868164 
v -8.107728004455566 0.677551805973053 29.932065963745117 
v -7.777738571166992 0.677551805973053 30.164384841918945 
v -7.345085620880127 0.677551805973053 28.886634826660156 
v -7.0224289894104 0.677551805973053 29.11895179748535 
v -12.148265838623047 0.677551805973053 32.410125732421875 
v -12.030936241149902 0.677551805973053 32.75860595703125 
v -10.80630874633789 0.677551805973053 32.37140655517578 
v -8.863037109375 7.661026954650879 35.15922546386719 
v -8.863037109375 7.131542205810547 34.772029876708984 
v -8.863037109375 7.661026954650879 33.49427795410156 
v -8.863037109375 7.131542205810547 33.49427795410156 
v -9.259024620056152 7.661026954650879 33.49427795410156 
v -9.259024620056152 7.131542205810547 33.49427795410156 
v -9.259024620056152 7.661026954650879 35.15922546386719 
v -9.259024620056152 7.131542205810547 34.772029876708984 
v -10.336990356445312 7.131542205810547 33.02964401245117 
v -10.014333724975586 7.131542205810547 33.261959075927734 
v -11.092299461364746 7.131542205810547 34.0750732421875 
v -10.76964282989502 7.131542205810547 34.30739212036133 
v -12.250929832458496 0.677551805973053 31.75189208984375 
v -12.206931114196777 0.677551805973053 32.13908767700195 
v -10.967637062072754 0.677551805973053 31.597013473510742 
v -10.923638343811035 0.677551805973053 31.984210968017578 
v -9.259024620056152 0.677551805973053 29.699748992919922 
v -8.863037109375 0.677551805973053 29.699748992919922 
v -9.259024620056152 0.677551805973053 28.421998977661133 
v -8.863037109375 0.677551805973053 28.421998977661133 
v -6.28178596496582 0.14806699752807617 33.84275436401367 
v -6.28178596496582 7.661026954650879 33.84275436401367 
v -6.545777797698975 0.14806699752807617 34.113792419433594 
v -6.545777797698975 7.661026954650879 34.113792419433594 
v -7.125092506408691 7.661026954650879 34.57843017578125 
v -7.125092506408691 0.14806699752807617 34.57843017578125 
v -6.802435874938965 7.661026954650879 34.34611129760742 
v -6.802435874938965 0.14806699752807617 34.34611129760742 
v -5.87846565246582 0.14806699752807617 33.22323989868164 
v -5.87846565246582 7.661026954650879 33.22323989868164 
v -6.0764594078063965 0.14806699752807617 33.532997131347656 
v -6.0764594078063965 7.661026954650879 33.532997131347656 
v -11.092299461364746 0.677551805973053 29.11895179748535 
v -11.31229305267334 0.14806699752807617 28.847915649414062 
v -10.336990356445312 0.677551805973053 30.164384841918945 
v -10.336990356445312 0.14806699752807617 30.164384841918945 
v -10.967637062072754 0.677551805973053 31.597013473510742 
v -10.923638343811035 0.677551805973053 31.209815979003906 
v -12.250929832458496 0.677551805973053 31.480854034423828 
v -12.206931114196777 0.677551805973053 31.0549373626709 
v -6.824435234069824 7.131542205810547 33.88147735595703 
v -6.824435234069824 0.677551805973053 33.88147735595703 
v -6.545777797698975 7.661026954650879 34.113792419433594 
v -6.545777797698975 0.14806699752807617 34.113792419433594 
v -6.545777797698975 7.661026954650879 29.080232620239258 
v -6.28178596496582 7.661026954650879 29.35127067565918 
v -7.513746738433838 7.661026954650879 30.47414207458496 
v -6.802435874938965 7.661026954650879 34.34611129760742 
v -6.802435874938965 0.14806699752807617 34.34611129760742 
v -7.0224289894104 7.131542205810547 34.0750732421875 
v -7.0224289894104 0.677551805973053 34.0750732421875 
v -6.560443878173828 0.677551805973053 33.57171630859375 
v -6.560443878173828 7.131542205810547 33.57171630859375 
v -6.28178596496582 0.14806699752807617 33.84275436401367 
v -6.28178596496582 7.661026954650879 33.84275436401367 
v -7.425749778747559 0.14806699752807617 34.772029876708984 
v -7.425749778747559 7.661026954650879 34.772029876708984 
v -7.792404651641846 0.14806699752807617 34.92690658569336 
v -7.792404651641846 7.661026954650879 34.92690658569336 
v -5.8711323738098145 7.131542205810547 31.480854034423828 
v -5.8711323738098145 0.677551805973053 31.480854034423828 
v -5.4971442222595215 7.661026954650879 31.442134857177734 
v -5.4971442222595215 0.14806699752807617 31.442134857177734 
v -7.125092506408691 0.14806699752807617 34.57843017578125 
v -7.125092506408691 7.661026954650879 34.57843017578125 
v -7.345085620880127 0.677551805973053 34.30739212036133 
v -7.345085620880127 7.131542205810547 34.30739212036133 
v -7.425749778747559 7.661026954650879 34.772029876708984 
v -7.425749778747559 0.14806699752807617 34.772029876708984 
v -7.579744815826416 7.131542205810547 34.423553466796875 
v -7.579744815826416 0.677551805973053 34.423553466796875 
v -10.600981712341309 0.677551805973053 32.71988296508789 
v -10.80630874633789 0.677551805973053 32.37140655517578 
v -11.71561336517334 0.677551805973053 33.37812042236328 
v -11.920939445495605 0.677551805973053 33.02964401245117 
v -6.201121807098389 0.677551805973053 33.02964401245117 
v -6.201121807098389 7.131542205810547 33.02964401245117 
v -5.87846565246582 0.14806699752807617 33.22323989868164 
v -5.87846565246582 7.661026954650879 33.22323989868164 
v -5.614473819732666 0.14806699752807617 32.52628707885742 
v -5.614473819732666 7.661026954650879 32.52628707885742 
v -5.7318034172058105 0.14806699752807617 32.87476348876953 
v -5.7318034172058105 7.661026954650879 32.87476348876953 
v -7.345085620880127 7.131542205810547 34.30739212036133 
v -7.0224289894104 7.131542205810547 34.0750732421875 
v -7.345085620880127 0.677551805973053 34.30739212036133 
v -7.0224289894104 0.677551805973053 34.0750732421875 
v -5.7318034172058105 0.14806699752807617 32.87476348876953 
v -5.7318034172058105 7.661026954650879 32.87476348876953 
v -6.09112548828125 0.677551805973053 32.75860595703125 
v -6.09112548828125 7.131542205810547 32.75860595703125 
v -7.792404651641846 0.14806699752807617 34.92690658569336 
v -7.792404651641846 7.661026954650879 34.92690658569336 
v -7.946399688720703 0.677551805973053 34.57843017578125 
v -7.946399688720703 7.131542205810547 34.57843017578125 
v -6.399115562438965 7.131542205810547 33.37812042236328 
v -6.201121807098389 7.131542205810547 33.02964401245117 
v -6.399115562438965 0.677551805973053 33.37812042236328 
v -6.201121807098389 0.677551805973053 33.02964401245117 
v -12.030936241149902 0.677551805973053 30.435422897338867 
v -12.148265838623047 0.677551805973053 30.822620391845703 
v -10.80630874633789 0.677551805973053 30.822620391845703 
v -10.923638343811035 0.677551805973053 31.209815979003906 
v -8.511048316955566 7.661026954650879 35.120506286621094 
v -8.511048316955566 0.14806699752807617 35.120506286621094 
v -8.122394561767578 7.661026954650879 35.043067932128906 
v -8.122394561767578 0.14806699752807617 35.043067932128906 
v -7.579744815826416 0.677551805973053 34.423553466796875 
v -7.946399688720703 0.677551805973053 34.57843017578125 
v -7.579744815826416 7.131542205810547 34.423553466796875 
v -7.946399688720703 7.131542205810547 34.57843017578125 
v -8.122394561767578 7.661026954650879 35.043067932128906 
v -8.122394561767578 0.14806699752807617 35.043067932128906 
v -8.203058242797852 7.131542205810547 34.65586853027344 
v -8.203058242797852 0.677551805973053 34.65586853027344 
v -5.9664626121521 0.677551805973053 32.410125732421875 
v -5.9664626121521 7.131542205810547 32.410125732421875 
v -5.614473819732666 0.14806699752807617 32.52628707885742 
v -5.614473819732666 7.661026954650879 32.52628707885742 
v -10.014333724975586 0.677551805973053 29.932065963745117 
v -9.647679328918457 0.677551805973053 29.77718734741211 
v -10.53498363494873 0.677551805973053 28.770475387573242 
v -10.17566204071045 0.677551805973053 28.615596771240234 
v -6.09112548828125 7.131542205810547 32.75860595703125 
v -5.9664626121521 7.131542205810547 32.410125732421875 
v -6.09112548828125 0.677551805973053 32.75860595703125 
v -5.9664626121521 0.677551805973053 32.410125732421875 
v -6.560443878173828 7.131542205810547 29.6223087310791 
v -6.28178596496582 7.661026954650879 29.35127067565918 
v -7.513746738433838 7.131542205810547 30.47414207458496 
v -7.513746738433838 7.661026954650879 30.47414207458496 
v -5.4971442222595215 0.14806699752807617 31.790611267089844 
v -5.4971442222595215 7.661026954650879 31.790611267089844 
v -5.54114294052124 0.14806699752807617 32.17781066894531 
v -5.54114294052124 7.661026954650879 32.17781066894531 
v -5.907797813415527 7.131542205810547 32.13908767700195 
v -5.907797813415527 0.677551805973053 32.13908767700195 
v -5.54114294052124 7.661026954650879 32.17781066894531 
v -5.54114294052124 0.14806699752807617 32.17781066894531 
v -10.80630874633789 0.677551805973053 30.822620391845703 
v -10.600981712341309 0.677551805973053 30.47414207458496 
v -11.920939445495605 0.677551805973053 30.164384841918945 
v -11.71561336517334 0.677551805973053 29.815906524658203 
v -8.511048316955566 0.14806699752807617 35.120506286621094 
v -8.511048316955566 7.661026954650879 35.120506286621094 
v -8.591712951660156 0.677551805973053 34.772029876708984 
v -8.591712951660156 7.131542205810547 34.772029876708984 
v -11.092299461364746 7.131542205810547 34.0750732421875 
v -11.31229305267334 7.661026954650879 34.34611129760742 
v -10.336990356445312 7.131542205810547 33.02964401245117 
v -10.336990356445312 7.661026954650879 33.02964401245117 
v -8.203058242797852 0.677551805973053 34.65586853027344 
v -8.591712951660156 0.677551805973053 34.772029876708984 
v -8.203058242797852 7.131542205810547 34.65586853027344 
v -8.591712951660156 7.131542205810547 34.772029876708984 
v -10.336990356445312 0.677551805973053 30.164384841918945 
v -10.014333724975586 0.677551805973053 29.932065963745117 
v -11.092299461364746 0.677551805973053 29.11895179748535 
v -10.76964282989502 0.677551805973053 28.886634826660156 
v -10.600981712341309 0.677551805973053 30.47414207458496 
v -10.336990356445312 0.677551805973053 30.164384841918945 
v -11.561617851257324 0.677551805973053 29.6223087310791 
v -11.29029369354248 0.677551805973053 29.312551498413086 
v -8.863037109375 7.661026954650879 35.15922546386719 
v -8.863037109375 0.14806699752807617 35.15922546386719 
v -8.863037109375 7.131542205810547 34.772029876708984 
v -8.863037109375 0.677551805973053 34.772029876708984 
v -11.840275764465332 7.661026954650879 33.84275436401367 
v -11.568950653076172 7.661026954650879 34.113792419433594 
v -10.600981712341309 7.661026954650879 32.71988296508789 
v -10.336990356445312 7.661026954650879 33.02964401245117 
v -5.8711323738098145 0.677551805973053 31.75189208984375 
v -5.8711323738098145 7.131542205810547 31.75189208984375 
v -5.4971442222595215 0.14806699752807617 31.790611267089844 
v -5.4971442222595215 7.661026954650879 31.790611267089844 
v -5.907797813415527 7.131542205810547 32.13908767700195 
v -5.8711323738098145 7.131542205810547 31.75189208984375 
v -5.907797813415527 0.677551805973053 32.13908767700195 
v -5.8711323738098145 0.677551805973053 31.75189208984375 
v -6.560443878173828 7.131542205810547 33.57171630859375 
v -6.824435234069824 7.131542205810547 33.88147735595703 
v -7.513746738433838 7.131542205810547 32.71988296508789 
v -7.777738571166992 7.131542205810547 33.02964401245117 
v -6.560443878173828 0.677551805973053 33.57171630859375 
v -6.824435234069824 0.677551805973053 33.88147735595703 
v -6.560443878173828 7.131542205810547 33.57171630859375 
v -6.824435234069824 7.131542205810547 33.88147735595703 
v -10.600981712341309 0.677551805973053 32.71988296508789 
v -10.600981712341309 0.14806699752807617 32.71988296508789 
v -11.561617851257324 0.677551805973053 33.57171630859375 
v -11.840275764465332 0.14806699752807617 33.84275436401367 
v -10.600981712341309 0.677551805973053 30.47414207458496 
v -10.600981712341309 0.14806699752807617 30.47414207458496 
v -11.71561336517334 0.677551805973053 29.815906524658203 
v -12.045602798461914 0.14806699752807617 29.661027908325195 
v -5.907797813415527 0.677551805973053 31.0549373626709 
v -5.8711323738098145 0.677551805973053 31.480854034423828 
v -5.907797813415527 7.131542205810547 31.0549373626709 
v -5.8711323738098145 7.131542205810547 31.480854034423828 
v -5.907797813415527 0.677551805973053 31.0549373626709 
v -5.907797813415527 7.131542205810547 31.0549373626709 
v -5.54114294052124 0.14806699752807617 31.016218185424805 
v -5.54114294052124 7.661026954650879 31.016218185424805 
v -9.603680610656738 0.14806699752807617 35.120506286621094 
v -9.603680610656738 7.661026954650879 35.120506286621094 
v -9.992334365844727 0.14806699752807617 35.043067932128906 
v -9.992334365844727 7.661026954650879 35.043067932128906 
v -9.259024620056152 7.661026954650879 35.15922546386719 
v -9.259024620056152 0.14806699752807617 35.15922546386719 
v -8.863037109375 7.661026954650879 35.15922546386719 
v -8.863037109375 0.14806699752807617 35.15922546386719 
v -10.014333724975586 0.677551805973053 29.932065963745117 
v -10.014333724975586 0.14806699752807617 29.932065963745117 
v -10.76964282989502 0.677551805973053 28.886634826660156 
v -10.989636421203613 0.14806699752807617 28.615596771240234 
v -9.523015975952148 0.677551805973053 34.772029876708984 
v -9.9190034866333 0.677551805973053 34.65586853027344 
v -9.523015975952148 7.131542205810547 34.772029876708984 
v -9.9190034866333 7.131542205810547 34.65586853027344 
v -8.467049598693848 7.661026954650879 29.77718734741211 
v -7.792404651641846 7.661026954650879 28.267118453979492 
v -7.425749778747559 7.661026954650879 28.421998977661133 
v -9.992334365844727 0.14806699752807617 35.043067932128906 
v -9.992334365844727 7.661026954650879 35.043067932128906 
v -9.9190034866333 0.677551805973053 34.65586853027344 
v -9.9190034866333 7.131542205810547 34.65586853027344 
v -10.989636421203613 7.661026954650879 34.57843017578125 
v -11.31229305267334 7.661026954650879 34.34611129760742 
v -5.614473819732666 7.661026954650879 30.70646095275879 
v -5.614473819732666 0.14806699752807617 30.70646095275879 
v -5.7318034172058105 7.661026954650879 30.319263458251953 
v -5.7318034172058105 0.14806699752807617 30.319263458251953 
v -6.09112548828125 0.677551805973053 30.435422897338867 
v -5.9664626121521 0.677551805973053 30.822620391845703 
v -6.09112548828125 7.131542205810547 30.435422897338867 
v -5.9664626121521 7.131542205810547 30.822620391845703 
v -10.17566204071045 0.677551805973053 34.57843017578125 
v -10.17566204071045 7.131542205810547 34.57843017578125 
v -10.3223237991333 0.14806699752807617 34.92690658569336 
v -10.3223237991333 7.661026954650879 34.92690658569336 
v -6.09112548828125 0.677551805973053 30.435422897338867 
v -6.09112548828125 7.131542205810547 30.435422897338867 
v -5.7318034172058105 0.14806699752807617 30.319263458251953 
v -5.7318034172058105 7.661026954650879 30.319263458251953 
v -8.863037109375 7.661026954650879 29.699748992919922 
v -8.511048316955566 7.661026954650879 28.07352066040039 
v -8.122394561767578 7.661026954650879 28.15096092224121 
v -10.53498363494873 7.131542205810547 34.423553466796875 
v -10.17566204071045 7.131542205810547 34.57843017578125 
v -10.53498363494873 0.677551805973053 34.423553466796875 
v -10.17566204071045 0.677551805973053 34.57843017578125 
v -10.923638343811035 7.661026954650879 31.984210968017578 
v -10.923638343811035 7.131542205810547 31.984210968017578 
v -12.507587432861328 7.661026954650879 32.52628707885742 
v -12.148265838623047 7.131542205810547 32.410125732421875 
v -9.523015975952148 7.131542205810547 34.772029876708984 
v -9.9190034866333 7.131542205810547 34.65586853027344 
v -9.259024620056152 7.131542205810547 33.49427795410156 
v -9.647679328918457 7.131542205810547 33.416839599609375 
v -10.688979148864746 0.14806699752807617 34.772029876708984 
v -10.688979148864746 7.661026954650879 34.772029876708984 
v -10.53498363494873 0.677551805973053 34.423553466796875 
v -10.53498363494873 7.131542205810547 34.423553466796875 
v -8.467049598693848 7.131542205810547 29.77718734741211 
v -8.863037109375 7.131542205810547 29.699748992919922 
v -8.203058242797852 7.131542205810547 28.538156509399414 
v -8.591712951660156 7.131542205810547 28.421998977661133 
v -6.0764594078063965 0.14806699752807617 29.661027908325195 
v -6.0764594078063965 7.661026954650879 29.661027908325195 
v -5.87846565246582 0.14806699752807617 30.009506225585938 
v -5.87846565246582 7.661026954650879 30.009506225585938 
v -8.863037109375 7.131542205810547 34.772029876708984 
v -9.259024620056152 7.131542205810547 34.772029876708984 
v -8.863037109375 7.131542205810547 33.49427795410156 
v -9.259024620056152 7.131542205810547 33.49427795410156 
v -6.399115562438965 0.677551805973053 29.815906524658203 
v -6.201121807098389 0.677551805973053 30.164384841918945 
v -6.399115562438965 7.131542205810547 29.815906524658203 
v -6.201121807098389 7.131542205810547 30.164384841918945 
v -8.863037109375 7.131542205810547 28.421998977661133 
v -8.863037109375 7.661026954650879 28.034801483154297 
v -8.863037109375 7.131542205810547 29.699748992919922 
v -8.863037109375 7.661026954650879 29.699748992919922 
v -10.76964282989502 0.677551805973053 34.30739212036133 
v -10.76964282989502 7.131542205810547 34.30739212036133 
v -10.989636421203613 0.14806699752807617 34.57843017578125 
v -10.989636421203613 7.661026954650879 34.57843017578125 
v -12.250929832458496 7.131542205810547 31.75189208984375 
v -12.617584228515625 7.661026954650879 31.790611267089844 
v -10.967637062072754 7.131542205810547 31.597013473510742 
v -10.967637062072754 7.661026954650879 31.597013473510742 
v -10.989636421203613 0.14806699752807617 34.57843017578125 
v -10.989636421203613 7.661026954650879 34.57843017578125 
v -11.31229305267334 0.14806699752807617 34.34611129760742 
v -11.31229305267334 7.661026954650879 34.34611129760742 
v -11.092299461364746 7.131542205810547 34.0750732421875 
v -10.76964282989502 7.131542205810547 34.30739212036133 
v -11.092299461364746 0.677551805973053 34.0750732421875 
v -10.76964282989502 0.677551805973053 34.30739212036133 
v -9.259024620056152 7.131542205810547 29.699748992919922 
v -9.259024620056152 7.661026954650879 29.699748992919922 
v -9.259024620056152 7.131542205810547 28.421998977661133 
v -9.259024620056152 7.661026954650879 28.034801483154297 
v -10.53498363494873 0.677551805973053 28.770475387573242 
v -10.688979148864746 0.14806699752807617 28.421998977661133 
v -10.014333724975586 0.677551805973053 29.932065963745117 
v -10.014333724975586 0.14806699752807617 29.932065963745117 
v -6.560443878173828 7.131542205810547 29.6223087310791 
v -6.560443878173828 0.677551805973053 29.6223087310791 
v -6.28178596496582 7.661026954650879 29.35127067565918 
v -6.28178596496582 0.14806699752807617 29.35127067565918 
v -9.603680610656738 7.661026954650879 28.07352066040039 
v -9.992334365844727 7.661026954650879 28.15096092224121 
v -9.259024620056152 7.661026954650879 29.699748992919922 
v -11.092299461364746 7.131542205810547 34.0750732421875 
v -11.092299461364746 0.677551805973053 34.0750732421875 
v -11.31229305267334 7.661026954650879 34.34611129760742 
v -11.31229305267334 0.14806699752807617 34.34611129760742 
v -9.992334365844727 7.661026954650879 28.15096092224121 
v -9.9190034866333 7.131542205810547 28.538156509399414 
v -9.647679328918457 7.661026954650879 29.77718734741211 
v -9.647679328918457 7.131542205810547 29.77718734741211 
v -6.824435234069824 0.677551805973053 29.312551498413086 
v -6.560443878173828 0.677551805973053 29.6223087310791 
v -6.824435234069824 7.131542205810547 29.312551498413086 
v -6.560443878173828 7.131542205810547 29.6223087310791 
v -6.545777797698975 0.14806699752807617 34.113792419433594 
v -6.824435234069824 0.677551805973053 33.88147735595703 
v -7.777738571166992 0.14806699752807617 33.02964401245117 
v -7.777738571166992 0.677551805973053 33.02964401245117 
v -6.560443878173828 0.677551805973053 33.57171630859375 
v -6.28178596496582 0.14806699752807617 33.84275436401367 
v -7.513746738433838 0.677551805973053 32.71988296508789 
v -7.513746738433838 0.14806699752807617 32.71988296508789 
v -10.17566204071045 7.131542205810547 28.615596771240234 
v -10.3223237991333 7.661026954650879 28.267118453979492 
v -9.647679328918457 7.131542205810547 29.77718734741211 
v -9.647679328918457 7.661026954650879 29.77718734741211 
v -12.030936241149902 7.131542205810547 30.435422897338867 
v -12.382925033569336 7.661026954650879 30.319263458251953 
v -10.80630874633789 7.131542205810547 30.822620391845703 
v -10.80630874633789 7.661026954650879 30.822620391845703 
v -11.29029369354248 0.677551805973053 33.88147735595703 
v -11.29029369354248 7.131542205810547 33.88147735595703 
v -11.568950653076172 0.14806699752807617 34.113792419433594 
v -11.568950653076172 7.661026954650879 34.113792419433594 
v -12.243596076965332 7.661026954650879 30.009506225585938 
v -11.920939445495605 7.131542205810547 30.164384841918945 
v -10.80630874633789 7.661026954650879 30.822620391845703 
v -10.80630874633789 7.131542205810547 30.822620391845703 
v -6.824435234069824 0.677551805973053 29.312551498413086 
v -6.824435234069824 7.131542205810547 29.312551498413086 
v -6.545777797698975 0.14806699752807617 29.080232620239258 
v -6.545777797698975 7.661026954650879 29.080232620239258 
v -11.71561336517334 7.131542205810547 29.815906524658203 
v -12.045602798461914 7.661026954650879 29.661027908325195 
v -10.600981712341309 7.131542205810547 30.47414207458496 
v -10.600981712341309 7.661026954650879 30.47414207458496 
v -11.29029369354248 0.677551805973053 33.88147735595703 
v -11.568950653076172 0.14806699752807617 34.113792419433594 
v -10.336990356445312 0.677551805973053 33.02964401245117 
v -10.336990356445312 0.14806699752807617 33.02964401245117 
v -11.31229305267334 7.661026954650879 28.847915649414062 
v -11.092299461364746 7.131542205810547 29.11895179748535 
v -10.336990356445312 7.661026954650879 30.164384841918945 
v -10.336990356445312 7.131542205810547 30.164384841918945 
v -8.203058242797852 7.131542205810547 34.65586853027344 
v -8.591712951660156 7.131542205810547 34.772029876708984 
v -8.467049598693848 7.131542205810547 33.416839599609375 
v -8.863037109375 7.131542205810547 33.49427795410156 
v -11.840275764465332 7.661026954650879 33.84275436401367 
v -11.840275764465332 0.14806699752807617 33.84275436401367 
v -11.568950653076172 7.661026954650879 34.113792419433594 
v -11.568950653076172 0.14806699752807617 34.113792419433594 
v -7.0224289894104 7.131542205810547 29.11895179748535 
v -7.0224289894104 0.677551805973053 29.11895179748535 
v -6.802435874938965 7.661026954650879 28.847915649414062 
v -6.802435874938965 0.14806699752807617 28.847915649414062 
v -5.8711323738098145 7.131542205810547 31.75189208984375 
v -5.907797813415527 7.131542205810547 32.13908767700195 
v -7.147091865539551 7.131542205810547 31.597013473510742 
v -7.1910905838012695 7.131542205810547 31.984210968017578 
v -8.863037109375 0.677551805973053 34.772029876708984 
v -8.863037109375 0.14806699752807617 35.15922546386719 
v -8.863037109375 0.677551805973053 33.49427795410156 
v -8.863037109375 0.14806699752807617 33.49427795410156 
v -7.1910905838012695 0.14806699752807617 31.984210968017578 
v -7.1910905838012695 0.677551805973053 31.984210968017578 
v -5.614473819732666 0.14806699752807617 32.52628707885742 
v -5.9664626121521 0.677551805973053 32.410125732421875 
v -10.80630874633789 0.14806699752807617 30.822620391845703 
v -10.80630874633789 0.677551805973053 30.822620391845703 
v -12.243596076965332 0.14806699752807617 30.009506225585938 
v -11.920939445495605 0.677551805973053 30.164384841918945 
v -12.045602798461914 7.661026954650879 33.532997131347656 
v -12.045602798461914 0.14806699752807617 33.532997131347656 
v -11.71561336517334 7.131542205810547 33.37812042236328 
v -11.71561336517334 0.677551805973053 33.37812042236328 
v -8.863037109375 7.661026954650879 35.15922546386719 
v -8.863037109375 7.661026954650879 33.49427795410156 
v -9.259024620056152 7.661026954650879 35.15922546386719 
v -9.259024620056152 7.661026954650879 33.49427795410156 
v -9.259024620056152 0.677551805973053 33.49427795410156 
v -9.259024620056152 0.14806699752807617 33.49427795410156 
v -9.259024620056152 0.677551805973053 34.772029876708984 
v -9.259024620056152 0.14806699752807617 35.15922546386719 
v -11.920939445495605 7.131542205810547 33.02964401245117 
v -11.71561336517334 7.131542205810547 33.37812042236328 
v -11.920939445495605 0.677551805973053 33.02964401245117 
v -11.71561336517334 0.677551805973053 33.37812042236328 
v -12.045602798461914 0.14806699752807617 33.532997131347656 
v -12.045602798461914 7.661026954650879 33.532997131347656 
v -12.243596076965332 0.14806699752807617 33.22323989868164 
v -12.243596076965332 7.661026954650879 33.22323989868164 
v -10.3223237991333 0.14806699752807617 28.267118453979492 
v -10.17566204071045 0.677551805973053 28.615596771240234 
v -9.647679328918457 0.14806699752807617 29.77718734741211 
v -9.647679328918457 0.677551805973053 29.77718734741211 
v -7.579744815826416 7.131542205810547 28.770475387573242 
v -7.579744815826416 0.677551805973053 28.770475387573242 
v -7.425749778747559 7.661026954650879 28.421998977661133 
v -7.425749778747559 0.14806699752807617 28.421998977661133 
v -11.920939445495605 7.131542205810547 33.02964401245117 
v -11.920939445495605 0.677551805973053 33.02964401245117 
v -12.243596076965332 7.661026954650879 33.22323989868164 
v -12.243596076965332 0.14806699752807617 33.22323989868164 
v -7.946399688720703 0.677551805973053 28.615596771240234 
v -7.579744815826416 0.677551805973053 28.770475387573242 
v -7.946399688720703 7.131542205810547 28.615596771240234 
v -7.579744815826416 7.131542205810547 28.770475387573242 
v -12.030936241149902 0.677551805973053 32.75860595703125 
v -12.030936241149902 7.131542205810547 32.75860595703125 
v -12.382925033569336 0.14806699752807617 32.87476348876953 
v -12.382925033569336 7.661026954650879 32.87476348876953 
v -7.946399688720703 0.677551805973053 28.615596771240234 
v -7.946399688720703 7.131542205810547 28.615596771240234 
v -7.792404651641846 0.14806699752807617 28.267118453979492 
v -7.792404651641846 7.661026954650879 28.267118453979492 
v -10.336990356445312 0.677551805973053 33.02964401245117 
v -10.336990356445312 0.14806699752807617 33.02964401245117 
v -11.092299461364746 0.677551805973053 34.0750732421875 
v -11.31229305267334 0.14806699752807617 34.34611129760742 
v -12.030936241149902 0.677551805973053 32.75860595703125 
v -12.148265838623047 0.677551805973053 32.410125732421875 
v -12.030936241149902 7.131542205810547 32.75860595703125 
v -12.148265838623047 7.131542205810547 32.410125732421875 
v -12.507587432861328 7.661026954650879 32.52628707885742 
v -12.507587432861328 0.14806699752807617 32.52628707885742 
v -12.382925033569336 7.661026954650879 32.87476348876953 
v -12.382925033569336 0.14806699752807617 32.87476348876953 
v -8.122394561767578 0.14806699752807617 28.15096092224121 
v -8.122394561767578 7.661026954650879 28.15096092224121 
v -8.203058242797852 0.677551805973053 28.538156509399414 
v -8.203058242797852 7.131542205810547 28.538156509399414 
v -12.507587432861328 0.14806699752807617 32.52628707885742 
v -12.507587432861328 7.661026954650879 32.52628707885742 
v -12.148265838623047 0.677551805973053 32.410125732421875 
v -12.148265838623047 7.131542205810547 32.410125732421875 
v -8.203058242797852 7.131542205810547 28.538156509399414 
v -8.591712951660156 7.131542205810547 28.421998977661133 
v -8.203058242797852 0.677551805973053 28.538156509399414 
v -8.591712951660156 0.677551805973053 28.421998977661133 
v -8.511048316955566 0.14806699752807617 28.07352066040039 
v -8.511048316955566 7.661026954650879 28.07352066040039 
v -8.122394561767578 0.14806699752807617 28.15096092224121 
v -8.122394561767578 7.661026954650879 28.15096092224121 
v -12.58091926574707 7.661026954650879 32.17781066894531 
v -12.58091926574707 0.14806699752807617 32.17781066894531 
v -12.206931114196777 7.131542205810547 32.13908767700195 
v -12.206931114196777 0.677551805973053 32.13908767700195 
v -5.9664626121521 7.131542205810547 32.410125732421875 
v -6.09112548828125 7.131542205810547 32.75860595703125 
v -7.1910905838012695 7.131542205810547 31.984210968017578 
v -7.315752983093262 7.131542205810547 32.37140655517578 
v -12.250929832458496 7.131542205810547 31.75189208984375 
v -12.206931114196777 7.131542205810547 32.13908767700195 
v -12.250929832458496 0.677551805973053 31.75189208984375 
v -12.206931114196777 0.677551805973053 32.13908767700195 
v -7.0224289894104 7.131542205810547 34.0750732421875 
v -7.345085620880127 7.131542205810547 34.30739212036133 
v -7.777738571166992 7.131542205810547 33.02964401245117 
v -8.107728004455566 7.131542205810547 33.261959075927734 
v -6.399115562438965 0.677551805973053 29.815906524658203 
v -6.0764594078063965 0.14806699752807617 29.661027908325195 
v -7.513746738433838 0.677551805973053 30.47414207458496 
v -7.513746738433838 0.14806699752807617 30.47414207458496 
v -7.513746738433838 0.677551805973053 30.47414207458496 
v -7.513746738433838 0.14806699752807617 30.47414207458496 
v -6.560443878173828 0.677551805973053 29.6223087310791 
v -6.28178596496582 0.14806699752807617 29.35127067565918 
v -12.617584228515625 7.661026954650879 31.790611267089844 
v -12.617584228515625 0.14806699752807617 31.790611267089844 
v -12.58091926574707 7.661026954650879 32.17781066894531 
v -12.58091926574707 0.14806699752807617 32.17781066894531 
v -8.863037109375 7.131542205810547 28.421998977661133 
v -8.863037109375 0.677551805973053 28.421998977661133 
v -8.863037109375 7.661026954650879 28.034801483154297 
v -8.863037109375 0.14806699752807617 28.034801483154297 
v -6.0764594078063965 7.661026954650879 29.661027908325195 
v -7.513746738433838 7.661026954650879 30.47414207458496 
v -5.87846565246582 7.661026954650879 30.009506225585938 
v -7.315752983093262 7.661026954650879 30.822620391845703 
v -12.206931114196777 7.131542205810547 31.0549373626709 
v -12.250929832458496 7.131542205810547 31.480854034423828 
v -12.206931114196777 0.677551805973053 31.0549373626709 
v -12.250929832458496 0.677551805973053 31.480854034423828 
v -12.617584228515625 7.661026954650879 31.442134857177734 
v -12.617584228515625 0.14806699752807617 31.442134857177734 
v -12.250929832458496 7.131542205810547 31.480854034423828 
v -12.250929832458496 0.677551805973053 31.480854034423828 
v -9.259024620056152 0.14806699752807617 28.034801483154297 
v -9.259024620056152 7.661026954650879 28.034801483154297 
v -8.863037109375 0.14806699752807617 28.034801483154297 
v -8.863037109375 7.661026954650879 28.034801483154297 
v -9.259024620056152 7.661026954650879 28.034801483154297 
v -9.259024620056152 0.14806699752807617 28.034801483154297 
v -9.259024620056152 7.131542205810547 28.421998977661133 
v -9.259024620056152 0.677551805973053 28.421998977661133 
v -7.946399688720703 7.131542205810547 28.615596771240234 
v -7.579744815826416 7.131542205810547 28.770475387573242 
v -8.467049598693848 7.131542205810547 29.77718734741211 
v -8.107728004455566 7.131542205810547 29.932065963745117 
v -6.824435234069824 0.677551805973053 29.312551498413086 
v -6.545777797698975 0.14806699752807617 29.080232620239258 
v -7.777738571166992 0.677551805973053 30.164384841918945 
v -7.777738571166992 0.14806699752807617 30.164384841918945 
v -9.9190034866333 0.677551805973053 28.538156509399414 
v -9.523015975952148 0.677551805973053 28.421998977661133 
v -9.9190034866333 7.131542205810547 28.538156509399414 
v -9.523015975952148 7.131542205810547 28.421998977661133 
v -6.802435874938965 0.14806699752807617 28.847915649414062 
v -7.0224289894104 0.677551805973053 29.11895179748535 
v -7.777738571166992 0.14806699752807617 30.164384841918945 
v -7.777738571166992 0.677551805973053 30.164384841918945 
v -9.523015975952148 7.131542205810547 28.421998977661133 
v -9.523015975952148 0.677551805973053 28.421998977661133 
v -9.603680610656738 7.661026954650879 28.07352066040039 
v -9.603680610656738 0.14806699752807617 28.07352066040039 
v -12.206931114196777 7.131542205810547 31.0549373626709 
v -12.206931114196777 0.677551805973053 31.0549373626709 
v -12.58091926574707 7.661026954650879 31.016218185424805 
v -12.58091926574707 0.14806699752807617 31.016218185424805 
v -12.58091926574707 7.661026954650879 31.016218185424805 
v -12.58091926574707 0.14806699752807617 31.016218185424805 
v -12.617584228515625 7.661026954650879 31.442134857177734 
v -12.617584228515625 0.14806699752807617 31.442134857177734 
v -12.148265838623047 0.677551805973053 30.822620391845703 
v -12.030936241149902 0.677551805973053 30.435422897338867 
v -12.148265838623047 7.131542205810547 30.822620391845703 
v -12.030936241149902 7.131542205810547 30.435422897338867 
v -12.148265838623047 0.677551805973053 30.822620391845703 
v -12.148265838623047 7.131542205810547 30.822620391845703 
v -12.507587432861328 0.14806699752807617 30.70646095275879 
v -12.507587432861328 7.661026954650879 30.70646095275879 
v -9.9190034866333 0.677551805973053 28.538156509399414 
v -9.9190034866333 7.131542205810547 28.538156509399414 
v -9.992334365844727 0.14806699752807617 28.15096092224121 
v -9.992334365844727 7.661026954650879 28.15096092224121 
v -10.53498363494873 0.677551805973053 28.770475387573242 
v -10.17566204071045 0.677551805973053 28.615596771240234 
v -10.53498363494873 7.131542205810547 28.770475387573242 
v -10.17566204071045 7.131542205810547 28.615596771240234 
v -9.603680610656738 7.661026954650879 28.07352066040039 
v -9.603680610656738 0.14806699752807617 28.07352066040039 
v -9.992334365844727 7.661026954650879 28.15096092224121 
v -9.992334365844727 0.14806699752807617 28.15096092224121 
v -11.920939445495605 0.677551805973053 30.164384841918945 
v -11.71561336517334 0.677551805973053 29.815906524658203 
v -11.920939445495605 7.131542205810547 30.164384841918945 
v -11.71561336517334 7.131542205810547 29.815906524658203 
v -10.17566204071045 7.131542205810547 28.615596771240234 
v -10.17566204071045 0.677551805973053 28.615596771240234 
v -10.3223237991333 7.661026954650879 28.267118453979492 
v -10.3223237991333 0.14806699752807617 28.267118453979492 
v -12.030936241149902 7.131542205810547 30.435422897338867 
v -12.030936241149902 0.677551805973053 30.435422897338867 
v -12.382925033569336 7.661026954650879 30.319263458251953 
v -12.382925033569336 0.14806699752807617 30.319263458251953 
v -7.345085620880127 0.677551805973053 28.886634826660156 
v -7.125092506408691 0.14806699752807617 28.615596771240234 
v -8.107728004455566 0.677551805973053 29.932065963745117 
v -8.107728004455566 0.14806699752807617 29.932065963745117 
v -11.092299461364746 0.677551805973053 29.11895179748535 
v -10.76964282989502 0.677551805973053 28.886634826660156 
v -11.092299461364746 7.131542205810547 29.11895179748535 
v -10.76964282989502 7.131542205810547 28.886634826660156 
v -12.382925033569336 7.661026954650879 30.319263458251953 
v -12.382925033569336 0.14806699752807617 30.319263458251953 
v -12.507587432861328 7.661026954650879 30.70646095275879 
v -12.507587432861328 0.14806699752807617 30.70646095275879 
v -11.561617851257324 0.677551805973053 29.6223087310791 
v -11.29029369354248 0.677551805973053 29.312551498413086 
v -11.561617851257324 7.131542205810547 29.6223087310791 
v -11.29029369354248 7.131542205810547 29.312551498413086 
v -11.920939445495605 0.677551805973053 30.164384841918945 
v -11.920939445495605 7.131542205810547 30.164384841918945 
v -12.243596076965332 0.14806699752807617 30.009506225585938 
v -12.243596076965332 7.661026954650879 30.009506225585938 
v -10.53498363494873 0.677551805973053 28.770475387573242 
v -10.53498363494873 7.131542205810547 28.770475387573242 
v -10.688979148864746 0.14806699752807617 28.421998977661133 
v -10.688979148864746 7.661026954650879 28.421998977661133 
v -10.76964282989502 7.131542205810547 28.886634826660156 
v -10.76964282989502 0.677551805973053 28.886634826660156 
v -10.989636421203613 7.661026954650879 28.615596771240234 
v -10.989636421203613 0.14806699752807617 28.615596771240234 
v -11.71561336517334 7.131542205810547 29.815906524658203 
v -11.71561336517334 0.677551805973053 29.815906524658203 
v -12.045602798461914 7.661026954650879 29.661027908325195 
v -12.045602798461914 0.14806699752807617 29.661027908325195 
v -7.1910905838012695 7.131542205810547 31.209815979003906 
v -7.1910905838012695 7.661026954650879 31.209815979003906 
v -5.907797813415527 7.131542205810547 31.0549373626709 
v -5.54114294052124 7.661026954650879 31.016218185424805 
v -11.561617851257324 0.677551805973053 29.6223087310791 
v -11.561617851257324 7.131542205810547 29.6223087310791 
v -11.840275764465332 0.14806699752807617 29.35127067565918 
v -11.840275764465332 7.661026954650879 29.35127067565918 
v -11.31229305267334 7.661026954650879 28.847915649414062 
v -11.31229305267334 0.14806699752807617 28.847915649414062 
v -11.092299461364746 7.131542205810547 29.11895179748535 
v -11.092299461364746 0.677551805973053 29.11895179748535 
v -11.29029369354248 7.131542205810547 29.312551498413086 
v -11.29029369354248 0.677551805973053 29.312551498413086 
v -11.568950653076172 7.661026954650879 29.080232620239258 
v -11.568950653076172 0.14806699752807617 29.080232620239258 
v -7.315752983093262 7.661026954650879 30.822620391845703 
v -7.315752983093262 7.131542205810547 30.822620391845703 
v -5.87846565246582 7.661026954650879 30.009506225585938 
v -6.201121807098389 7.131542205810547 30.164384841918945 
v -10.989636421203613 7.661026954650879 28.615596771240234 
v -10.989636421203613 0.14806699752807617 28.615596771240234 
v -11.31229305267334 7.661026954650879 28.847915649414062 
v -11.31229305267334 0.14806699752807617 28.847915649414062 
v -6.0764594078063965 0.14806699752807617 33.532997131347656 
v -6.0764594078063965 7.661026954650879 33.532997131347656 
v -6.399115562438965 0.677551805973053 33.37812042236328 
v -6.399115562438965 7.131542205810547 33.37812042236328 
v -8.203058242797852 0.677551805973053 28.538156509399414 
v -8.591712951660156 0.677551805973053 28.421998977661133 
v -8.467049598693848 0.677551805973053 29.77718734741211 
v -8.863037109375 0.677551805973053 29.699748992919922 
v -9.259024620056152 0.677551805973053 29.699748992919922 
v -9.647679328918457 0.677551805973053 29.77718734741211 
v -9.9190034866333 0.677551805973053 28.538156509399414 
v -10.014333724975586 0.677551805973053 29.932065963745117 
v -10.336990356445312 0.677551805973053 30.164384841918945 
v -12.206931114196777 0.677551805973053 32.13908767700195 
v -12.58091926574707 0.14806699752807617 32.17781066894531 
v -10.923638343811035 0.677551805973053 31.984210968017578 
v -10.923638343811035 0.14806699752807617 31.984210968017578 
v -8.863037109375 0.14806699752807617 29.699748992919922 
v -8.863037109375 0.677551805973053 29.699748992919922 
v -8.511048316955566 0.14806699752807617 28.07352066040039 
v -8.591712951660156 0.677551805973053 28.421998977661133 
v -9.259024620056152 0.14806699752807617 29.699748992919922 
v -9.259024620056152 0.677551805973053 29.699748992919922 
v -9.259024620056152 0.14806699752807617 28.034801483154297 
v -9.259024620056152 0.677551805973053 28.421998977661133 
v -9.9190034866333 0.677551805973053 28.538156509399414 
v -9.992334365844727 0.14806699752807617 28.15096092224121 
v -9.647679328918457 0.677551805973053 29.77718734741211 
v -9.647679328918457 0.14806699752807617 29.77718734741211 
v -12.148265838623047 0.677551805973053 30.822620391845703 
v -12.507587432861328 0.14806699752807617 30.70646095275879 
v -10.923638343811035 0.677551805973053 31.209815979003906 
v -10.923638343811035 0.14806699752807617 31.209815979003906 
v -8.863037109375 0.677551805973053 29.699748992919922 
v -8.863037109375 0.14806699752807617 29.699748992919922 
v -8.863037109375 0.677551805973053 28.421998977661133 
v -8.863037109375 0.14806699752807617 28.034801483154297 
v -9.603680610656738 0.14806699752807617 28.07352066040039 
v -9.523015975952148 0.677551805973053 28.421998977661133 
v -9.259024620056152 0.14806699752807617 29.699748992919922 
v -9.259024620056152 0.677551805973053 29.699748992919922 
v -10.967637062072754 0.14806699752807617 31.597013473510742 
v -10.967637062072754 0.677551805973053 31.597013473510742 
v -12.617584228515625 0.14806699752807617 31.442134857177734 
v -12.250929832458496 0.677551805973053 31.480854034423828 
v -6.399115562438965 7.131542205810547 29.815906524658203 
v -6.201121807098389 7.131542205810547 30.164384841918945 
v -7.513746738433838 7.131542205810547 30.47414207458496 
v -7.315752983093262 7.131542205810547 30.822620391845703 
v -10.76964282989502 0.677551805973053 34.30739212036133 
v -10.989636421203613 0.14806699752807617 34.57843017578125 
v -10.014333724975586 0.677551805973053 33.261959075927734 
v -10.014333724975586 0.14806699752807617 33.261959075927734 
v -10.014333724975586 7.131542205810547 33.261959075927734 
v -9.647679328918457 7.131542205810547 33.416839599609375 
v -10.53498363494873 7.131542205810547 34.423553466796875 
v -10.17566204071045 7.131542205810547 34.57843017578125 
v -10.014333724975586 0.677551805973053 33.261959075927734 
v -10.014333724975586 0.14806699752807617 33.261959075927734 
v -10.53498363494873 0.677551805973053 34.423553466796875 
v -10.688979148864746 0.14806699752807617 34.772029876708984 
v -8.107728004455566 7.661026954650879 33.261959075927734 
v -8.107728004455566 7.131542205810547 33.261959075927734 
v -7.125092506408691 7.661026954650879 34.57843017578125 
v -7.345085620880127 7.131542205810547 34.30739212036133 
v -7.425749778747559 7.661026954650879 34.772029876708984 
v -7.579744815826416 7.131542205810547 34.423553466796875 
v -8.107728004455566 7.661026954650879 33.261959075927734 
v -8.107728004455566 7.131542205810547 33.261959075927734 
v -7.315752983093262 7.131542205810547 32.37140655517578 
v -7.315752983093262 7.661026954650879 32.37140655517578 
v -6.201121807098389 7.131542205810547 33.02964401245117 
v -5.87846565246582 7.661026954650879 33.22323989868164 
v -7.315752983093262 7.661026954650879 32.37140655517578 
v -7.315752983093262 7.131542205810547 32.37140655517578 
v -5.7318034172058105 7.661026954650879 32.87476348876953 
v -6.09112548828125 7.131542205810547 32.75860595703125 
v -8.467049598693848 7.661026954650879 33.416839599609375 
v -8.467049598693848 7.131542205810547 33.416839599609375 
v -7.792404651641846 7.661026954650879 34.92690658569336 
v -7.946399688720703 7.131542205810547 34.57843017578125 
v -8.467049598693848 7.131542205810547 33.416839599609375 
v -8.467049598693848 7.661026954650879 33.416839599609375 
v -8.203058242797852 7.131542205810547 34.65586853027344 
v -8.122394561767578 7.661026954650879 35.043067932128906 
v -7.1910905838012695 7.131542205810547 31.984210968017578 
v -7.1910905838012695 7.661026954650879 31.984210968017578 
v -5.9664626121521 7.131542205810547 32.410125732421875 
v -5.614473819732666 7.661026954650879 32.52628707885742 
v -5.907797813415527 7.131542205810547 32.13908767700195 
v -5.54114294052124 7.661026954650879 32.17781066894531 
v -7.1910905838012695 7.131542205810547 31.984210968017578 
v -7.1910905838012695 7.661026954650879 31.984210968017578 
v -8.591712951660156 7.131542205810547 34.772029876708984 
v -8.511048316955566 7.661026954650879 35.120506286621094 
v -8.863037109375 7.131542205810547 33.49427795410156 
v -8.863037109375 7.661026954650879 33.49427795410156 
v -7.147091865539551 7.131542205810547 31.597013473510742 
v -7.147091865539551 7.661026954650879 31.597013473510742 
v -5.8711323738098145 7.131542205810547 31.75189208984375 
v -5.4971442222595215 7.661026954650879 31.790611267089844 
v -5.8711323738098145 7.131542205810547 31.480854034423828 
v -5.4971442222595215 7.661026954650879 31.442134857177734 
v -7.147091865539551 7.131542205810547 31.597013473510742 
v -7.147091865539551 7.661026954650879 31.597013473510742 
v -9.259024620056152 7.131542205810547 33.49427795410156 
v -9.259024620056152 7.661026954650879 33.49427795410156 
v -9.523015975952148 7.131542205810547 34.772029876708984 
v -9.603680610656738 7.661026954650879 35.120506286621094 
v -5.9664626121521 7.131542205810547 30.822620391845703 
v -5.614473819732666 7.661026954650879 30.70646095275879 
v -7.1910905838012695 7.131542205810547 31.209815979003906 
v -7.1910905838012695 7.661026954650879 31.209815979003906 
v -9.9190034866333 7.131542205810547 34.65586853027344 
v -9.992334365844727 7.661026954650879 35.043067932128906 
v -9.647679328918457 7.131542205810547 33.416839599609375 
v -9.647679328918457 7.661026954650879 33.416839599609375 
v -9.647679328918457 7.131542205810547 33.416839599609375 
v -9.647679328918457 7.661026954650879 33.416839599609375 
v -10.17566204071045 7.131542205810547 34.57843017578125 
v -10.3223237991333 7.661026954650879 34.92690658569336 
v -7.315752983093262 7.131542205810547 30.822620391845703 
v -7.315752983093262 7.661026954650879 30.822620391845703 
v -6.09112548828125 7.131542205810547 30.435422897338867 
v -5.7318034172058105 7.661026954650879 30.319263458251953 
v -10.53498363494873 7.131542205810547 34.423553466796875 
v -10.688979148864746 7.661026954650879 34.772029876708984 
v -10.014333724975586 7.131542205810547 33.261959075927734 
v -10.014333724975586 7.661026954650879 33.261959075927734 
v -10.014333724975586 7.131542205810547 33.261959075927734 
v -10.014333724975586 7.661026954650879 33.261959075927734 
v -10.76964282989502 7.131542205810547 34.30739212036133 
v -10.989636421203613 7.661026954650879 34.57843017578125 
v -7.513746738433838 7.131542205810547 30.47414207458496 
v -7.513746738433838 7.661026954650879 30.47414207458496 
v -6.399115562438965 7.131542205810547 29.815906524658203 
v -6.0764594078063965 7.661026954650879 29.661027908325195 
v -10.336990356445312 7.131542205810547 33.02964401245117 
v -10.336990356445312 7.661026954650879 33.02964401245117 
v -11.29029369354248 7.131542205810547 33.88147735595703 
v -11.568950653076172 7.661026954650879 34.113792419433594 
v -7.777738571166992 7.131542205810547 30.164384841918945 
v -7.777738571166992 7.661026954650879 30.164384841918945 
v -6.824435234069824 7.131542205810547 29.312551498413086 
v -6.545777797698975 7.661026954650879 29.080232620239258 
v -7.0224289894104 7.131542205810547 29.11895179748535 
v -6.802435874938965 7.661026954650879 28.847915649414062 
v -7.777738571166992 7.131542205810547 30.164384841918945 
v -7.777738571166992 7.661026954650879 30.164384841918945 
v -11.561617851257324 7.131542205810547 33.57171630859375 
v -11.840275764465332 7.661026954650879 33.84275436401367 
v -10.600981712341309 7.131542205810547 32.71988296508789 
v -10.600981712341309 7.661026954650879 32.71988296508789 
v -10.600981712341309 7.131542205810547 32.71988296508789 
v -10.600981712341309 7.661026954650879 32.71988296508789 
v -11.71561336517334 7.131542205810547 33.37812042236328 
v -12.045602798461914 7.661026954650879 33.532997131347656 
v -8.107728004455566 7.131542205810547 29.932065963745117 
v -8.107728004455566 7.661026954650879 29.932065963745117 
v -7.345085620880127 7.131542205810547 28.886634826660156 
v -7.125092506408691 7.661026954650879 28.615596771240234 
v -7.579744815826416 7.131542205810547 28.770475387573242 
v -7.425749778747559 7.661026954650879 28.421998977661133 
v -8.107728004455566 7.131542205810547 29.932065963745117 
v -8.107728004455566 7.661026954650879 29.932065963745117 
v -11.920939445495605 7.131542205810547 33.02964401245117 
v -12.243596076965332 7.661026954650879 33.22323989868164 
v -10.80630874633789 7.131542205810547 32.37140655517578 
v -10.80630874633789 7.661026954650879 32.37140655517578 
v -10.80630874633789 7.131542205810547 32.37140655517578 
v -10.80630874633789 7.661026954650879 32.37140655517578 
v -12.030936241149902 7.131542205810547 32.75860595703125 
v -12.382925033569336 7.661026954650879 32.87476348876953 
v -8.467049598693848 7.131542205810547 29.77718734741211 
v -8.467049598693848 7.661026954650879 29.77718734741211 
v -7.946399688720703 7.131542205810547 28.615596771240234 
v -7.792404651641846 7.661026954650879 28.267118453979492 
v -8.203058242797852 7.131542205810547 28.538156509399414 
v -8.122394561767578 7.661026954650879 28.15096092224121 
v -8.467049598693848 7.131542205810547 29.77718734741211 
v -8.467049598693848 7.661026954650879 29.77718734741211 
v -10.923638343811035 7.131542205810547 31.984210968017578 
v -10.923638343811035 7.661026954650879 31.984210968017578 
v -12.206931114196777 7.131542205810547 32.13908767700195 
v -12.58091926574707 7.661026954650879 32.17781066894531 
v -8.863037109375 7.131542205810547 29.699748992919922 
v -8.863037109375 7.661026954650879 29.699748992919922 
v -8.591712951660156 7.131542205810547 28.421998977661133 
v -8.511048316955566 7.661026954650879 28.07352066040039 
v -10.967637062072754 7.131542205810547 31.597013473510742 
v -10.967637062072754 7.661026954650879 31.597013473510742 
v -12.250929832458496 7.131542205810547 31.480854034423828 
v -12.617584228515625 7.661026954650879 31.442134857177734 
v -12.206931114196777 7.131542205810547 31.0549373626709 
v -12.58091926574707 7.661026954650879 31.016218185424805 
v -10.923638343811035 7.131542205810547 31.209815979003906 
v -10.923638343811035 7.661026954650879 31.209815979003906 
v -10.923638343811035 7.131542205810547 31.209815979003906 
v -10.923638343811035 7.661026954650879 31.209815979003906 
v -12.148265838623047 7.131542205810547 30.822620391845703 
v -12.507587432861328 7.661026954650879 30.70646095275879 
v -9.647679328918457 7.661026954650879 33.416839599609375 
v -9.992334365844727 7.661026954650879 35.043067932128906 
v -9.259024620056152 7.661026954650879 33.49427795410156 
v -9.603680610656738 7.661026954650879 35.120506286621094 
v -10.76964282989502 7.131542205810547 28.886634826660156 
v -10.989636421203613 7.661026954650879 28.615596771240234 
v -10.014333724975586 7.131542205810547 29.932065963745117 
v -10.014333724975586 7.661026954650879 29.932065963745117 
v -10.600981712341309 7.131542205810547 30.47414207458496 
v -10.600981712341309 7.661026954650879 30.47414207458496 
v -11.561617851257324 7.131542205810547 29.6223087310791 
v -11.840275764465332 7.661026954650879 29.35127067565918 
v -10.336990356445312 7.661026954650879 30.164384841918945 
v -10.336990356445312 7.131542205810547 30.164384841918945 
v -11.568950653076172 7.661026954650879 29.080232620239258 
v -11.29029369354248 7.131542205810547 29.312551498413086 
v -7.777738571166992 0.14806699752807617 33.02964401245117 
v -7.777738571166992 0.677551805973053 33.02964401245117 
v -6.802435874938965 0.14806699752807617 34.34611129760742 
v -7.0224289894104 0.677551805973053 34.0750732421875 
v -6.0764594078063965 0.14806699752807617 33.532997131347656 
v -6.399115562438965 0.677551805973053 33.37812042236328 
v -7.513746738433838 0.14806699752807617 32.71988296508789 
v -7.513746738433838 0.677551805973053 32.71988296508789 
v -7.125092506408691 0.14806699752807617 34.57843017578125 
v -7.345085620880127 0.677551805973053 34.30739212036133 
v -8.107728004455566 0.14806699752807617 33.261959075927734 
v -8.107728004455566 0.677551805973053 33.261959075927734 
v -8.107728004455566 0.14806699752807617 33.261959075927734 
v -8.107728004455566 0.677551805973053 33.261959075927734 
v -7.425749778747559 0.14806699752807617 34.772029876708984 
v -7.579744815826416 0.677551805973053 34.423553466796875 
v -7.315752983093262 0.14806699752807617 32.37140655517578 
v -7.315752983093262 0.677551805973053 32.37140655517578 
v -5.87846565246582 0.14806699752807617 33.22323989868164 
v -6.201121807098389 0.677551805973053 33.02964401245117 
v -5.7318034172058105 0.14806699752807617 32.87476348876953 
v -6.09112548828125 0.677551805973053 32.75860595703125 
v -7.315752983093262 0.14806699752807617 32.37140655517578 
v -7.315752983093262 0.677551805973053 32.37140655517578 
v -7.792404651641846 0.14806699752807617 34.92690658569336 
v -7.946399688720703 0.677551805973053 34.57843017578125 
v -8.467049598693848 0.14806699752807617 33.416839599609375 
v -8.467049598693848 0.677551805973053 33.416839599609375 
v -8.467049598693848 0.14806699752807617 33.416839599609375 
v -8.467049598693848 0.677551805973053 33.416839599609375 
v -8.122394561767578 0.14806699752807617 35.043067932128906 
v -8.203058242797852 0.677551805973053 34.65586853027344 
v -7.425749778747559 0.14806699752807617 28.421998977661133 
v -7.579744815826416 0.677551805973053 28.770475387573242 
v -8.107728004455566 0.14806699752807617 29.932065963745117 
v -8.107728004455566 0.677551805973053 29.932065963745117 
v -8.511048316955566 0.14806699752807617 35.120506286621094 
v -8.591712951660156 0.677551805973053 34.772029876708984 
v -8.863037109375 0.14806699752807617 33.49427795410156 
v -8.863037109375 0.677551805973053 33.49427795410156 
v -20.507999420166016 14.930709838867188 -43.59664535522461 
v -20.507999420166016 14.930709838867188 -44.099998474121094 
v -19.35670280456543 14.930709838867188 -43.59664535522461 
v -19.35670280456543 14.930709838867188 -44.099998474121094 
v -10.630313873291016 14.930709838867188 -43.59664535522461 
v -10.630313873291016 14.930709838867188 -44.099998474121094 
v -9.471684455871582 14.930709838867188 -43.59664535522461 
v -9.471684455871582 14.930709838867188 -44.099998474121094 
v -5.4971442222595215 0.14806699752807617 31.442134857177734 
v -5.8711323738098145 0.677551805973053 31.480854034423828 
v -7.147091865539551 0.14806699752807617 31.597013473510742 
v -7.147091865539551 0.677551805973053 31.597013473510742 
v -10.688979148864746 0.14806699752807617 28.421998977661133 
v -10.688979148864746 7.661026954650879 28.421998977661133 
v -10.3223237991333 0.14806699752807617 28.267118453979492 
v -10.3223237991333 7.661026954650879 28.267118453979492 
v -9.647679328918457 0.677551805973053 33.416839599609375 
v -9.647679328918457 0.14806699752807617 33.416839599609375 
v -9.9190034866333 0.677551805973053 34.65586853027344 
v -9.992334365844727 0.14806699752807617 35.043067932128906 
v -9.647679328918457 0.14806699752807617 33.416839599609375 
v -9.647679328918457 0.677551805973053 33.416839599609375 
v -10.3223237991333 0.14806699752807617 34.92690658569336 
v -10.17566204071045 0.677551805973053 34.57843017578125 
v -6.09112548828125 0.677551805973053 30.435422897338867 
v -5.7318034172058105 0.14806699752807617 30.319263458251953 
v -7.315752983093262 0.677551805973053 30.822620391845703 
v -7.315752983093262 0.14806699752807617 30.822620391845703 
v -7.1910905838012695 0.677551805973053 31.209815979003906 
v -7.1910905838012695 0.14806699752807617 31.209815979003906 
v -5.9664626121521 0.677551805973053 30.822620391845703 
v -5.614473819732666 0.14806699752807617 30.70646095275879 
v -7.1910905838012695 0.14806699752807617 31.209815979003906 
v -7.1910905838012695 0.677551805973053 31.209815979003906 
v -5.54114294052124 0.14806699752807617 31.016218185424805 
v -5.907797813415527 0.677551805973053 31.0549373626709 
v -11.840275764465332 0.14806699752807617 29.35127067565918 
v -11.840275764465332 7.661026954650879 29.35127067565918 
v -11.568950653076172 0.14806699752807617 29.080232620239258 
v -11.568950653076172 7.661026954650879 29.080232620239258 
v -10.3223237991333 0.14806699752807617 34.92690658569336 
v -10.3223237991333 7.661026954650879 34.92690658569336 
v -10.688979148864746 0.14806699752807617 34.772029876708984 
v -10.688979148864746 7.661026954650879 34.772029876708984 
v -6.802435874938965 7.661026954650879 34.34611129760742 
v -7.777738571166992 7.661026954650879 33.02964401245117 
v -7.125092506408691 7.661026954650879 34.57843017578125 
v -8.107728004455566 7.661026954650879 33.261959075927734 
v -12.243596076965332 0.14806699752807617 30.009506225585938 
v -12.243596076965332 7.661026954650879 30.009506225585938 
v -12.045602798461914 0.14806699752807617 29.661027908325195 
v -12.045602798461914 7.661026954650879 29.661027908325195 
v -7.513746738433838 7.131542205810547 30.47414207458496 
v -7.777738571166992 7.131542205810547 30.164384841918945 
v -6.560443878173828 7.131542205810547 29.6223087310791 
v -6.824435234069824 7.131542205810547 29.312551498413086 
v -12.243596076965332 0.14806699752807617 33.22323989868164 
v -11.920939445495605 0.677551805973053 33.02964401245117 
v -10.80630874633789 0.14806699752807617 32.37140655517578 
v -10.80630874633789 0.677551805973053 32.37140655517578 
v -10.600981712341309 0.14806699752807617 30.47414207458496 
v -10.600981712341309 0.677551805973053 30.47414207458496 
v -11.840275764465332 0.14806699752807617 29.35127067565918 
v -11.561617851257324 0.677551805973053 29.6223087310791 
v -7.946399688720703 0.677551805973053 28.615596771240234 
v -7.792404651641846 0.14806699752807617 28.267118453979492 
v -8.467049598693848 0.677551805973053 29.77718734741211 
v -8.467049598693848 0.14806699752807617 29.77718734741211 
v -7.147091865539551 7.131542205810547 31.597013473510742 
v -7.1910905838012695 7.131542205810547 31.209815979003906 
v -5.8711323738098145 7.131542205810547 31.480854034423828 
v -5.907797813415527 7.131542205810547 31.0549373626709 
v -10.967637062072754 0.677551805973053 31.597013473510742 
v -10.967637062072754 0.14806699752807617 31.597013473510742 
v -12.250929832458496 0.677551805973053 31.75189208984375 
v -12.617584228515625 0.14806699752807617 31.790611267089844 
v -10.923638343811035 0.677551805973053 31.209815979003906 
v -10.923638343811035 0.14806699752807617 31.209815979003906 
v -12.206931114196777 0.677551805973053 31.0549373626709 
v -12.58091926574707 0.14806699752807617 31.016218185424805 
v -6.28178596496582 7.661026954650879 29.35127067565918 
v -6.28178596496582 0.14806699752807617 29.35127067565918 
v -6.545777797698975 7.661026954650879 29.080232620239258 
v -6.545777797698975 0.14806699752807617 29.080232620239258 
v -11.568950653076172 0.14806699752807617 29.080232620239258 
v -11.29029369354248 0.677551805973053 29.312551498413086 
v -10.336990356445312 0.14806699752807617 30.164384841918945 
v -10.336990356445312 0.677551805973053 30.164384841918945 
v -9.471684455871582 29.441455841064453 -44.099998474121094 
v -9.471684455871582 29.441455841064453 -43.59664535522461 
v -9.471684455871582 28.28231430053711 -44.099998474121094 
v -9.471684455871582 28.28231430053711 -43.59664535522461 
v -9.471684455871582 16.089853286743164 -44.099998474121094 
v -9.471684455871582 16.089853286743164 -43.59664535522461 
v -9.471684455871582 14.930709838867188 -44.099998474121094 
v -9.471684455871582 14.930709838867188 -43.59664535522461 
v -5.54114294052124 7.661026954650879 31.016218185424805 
v -7.1910905838012695 7.661026954650879 31.209815979003906 
v -5.4971442222595215 7.661026954650879 31.442134857177734 
v -7.147091865539551 7.661026954650879 31.597013473510742 
v -19.628028869628906 28.554210662841797 -43.751522064208984 
v -19.628028869628906 28.554210662841797 -43.59664535522461 
v -19.628028869628906 15.817955017089844 -43.751522064208984 
v -19.628028869628906 15.817955017089844 -43.59664535522461 
v -7.777738571166992 7.661026954650879 33.02964401245117 
v -6.545777797698975 7.661026954650879 34.113792419433594 
v -6.28178596496582 7.661026954650879 33.84275436401367 
v -10.688979148864746 7.661026954650879 28.421998977661133 
v -10.53498363494873 7.131542205810547 28.770475387573242 
v -10.014333724975586 7.661026954650879 29.932065963745117 
v -10.014333724975586 7.131542205810547 29.932065963745117 
v -20.507999420166016 14.930709838867188 -44.099998474121094 
v -20.507999420166016 14.930709838867188 -43.59664535522461 
v -20.507999420166016 16.089853286743164 -44.099998474121094 
v -20.507999420166016 16.089853286743164 -43.59664535522461 
v -20.507999420166016 28.28231430053711 -44.099998474121094 
v -20.507999420166016 28.28231430053711 -43.59664535522461 
v -20.507999420166016 29.441455841064453 -44.099998474121094 
v -20.507999420166016 29.441455841064453 -43.59664535522461 
v -9.471684455871582 29.441455841064453 -43.59664535522461 
v -9.471684455871582 29.441455841064453 -44.099998474121094 
v -10.630313873291016 29.441455841064453 -43.59664535522461 
v -10.630313873291016 29.441455841064453 -44.099998474121094 
v -19.35670280456543 29.441455841064453 -43.59664535522461 
v -19.35670280456543 29.441455841064453 -44.099998474121094 
v -20.507999420166016 29.441455841064453 -43.59664535522461 
v -20.507999420166016 29.441455841064453 -44.099998474121094 
v -7.0224289894104 7.131542205810547 29.11895179748535 
v -7.345085620880127 7.131542205810547 28.886634826660156 
v -7.0224289894104 0.677551805973053 29.11895179748535 
v -7.345085620880127 0.677551805973053 28.886634826660156 
v -10.358989715576172 28.554210662841797 -43.751522064208984 
v -10.358989715576172 28.554210662841797 -43.59664535522461 
v -19.628028869628906 28.554210662841797 -43.751522064208984 
v -19.628028869628906 28.554210662841797 -43.59664535522461 
v -9.647679328918457 0.677551805973053 33.416839599609375 
v -10.014333724975586 0.677551805973053 33.261959075927734 
v -8.467049598693848 0.677551805973053 29.77718734741211 
v -8.107728004455566 0.677551805973053 29.932065963745117 
v -7.946399688720703 0.677551805973053 28.615596771240234 
v -7.579744815826416 0.677551805973053 28.770475387573242 
v -9.259024620056152 7.131542205810547 34.772029876708984 
v -8.863037109375 7.131542205810547 34.772029876708984 
v -9.259024620056152 0.677551805973053 34.772029876708984 
v -8.863037109375 0.677551805973053 34.772029876708984 
v -12.382925033569336 0.14806699752807617 30.319263458251953 
v -12.030936241149902 0.677551805973053 30.435422897338867 
v -10.80630874633789 0.14806699752807617 30.822620391845703 
v -10.80630874633789 0.677551805973053 30.822620391845703 
v -10.358989715576172 15.817955017089844 -43.59664535522461 
v -10.358989715576172 15.817955017089844 -43.751522064208984 
v -19.628028869628906 15.817955017089844 -43.59664535522461 
v -19.628028869628906 15.817955017089844 -43.751522064208984 
v -7.147091865539551 0.14806699752807617 31.597013473510742 
v -7.147091865539551 0.677551805973053 31.597013473510742 
v -5.4971442222595215 0.14806699752807617 31.790611267089844 
v -5.8711323738098145 0.677551805973053 31.75189208984375 
v -8.122394561767578 7.661026954650879 35.043067932128906 
v -8.511048316955566 7.661026954650879 35.120506286621094 
v -8.863037109375 7.661026954650879 33.49427795410156 
v -9.523015975952148 0.677551805973053 34.772029876708984 
v -9.523015975952148 7.131542205810547 34.772029876708984 
v -9.603680610656738 0.14806699752807617 35.120506286621094 
v -9.603680610656738 7.661026954650879 35.120506286621094 
v -12.250929832458496 7.131542205810547 31.75189208984375 
v -12.250929832458496 0.677551805973053 31.75189208984375 
v -12.617584228515625 7.661026954650879 31.790611267089844 
v -12.617584228515625 0.14806699752807617 31.790611267089844 
v -5.7318034172058105 7.661026954650879 30.319263458251953 
v -7.315752983093262 7.661026954650879 30.822620391845703 
v -5.614473819732666 7.661026954650879 30.70646095275879 
v -7.1910905838012695 7.661026954650879 31.209815979003906 
v -5.87846565246582 0.14806699752807617 30.009506225585938 
v -6.201121807098389 0.677551805973053 30.164384841918945 
v -7.315752983093262 0.14806699752807617 30.822620391845703 
v -7.315752983093262 0.677551805973053 30.822620391845703 
v -11.29029369354248 0.677551805973053 33.88147735595703 
v -11.561617851257324 0.677551805973053 33.57171630859375 
v -11.29029369354248 7.131542205810547 33.88147735595703 
v -11.561617851257324 7.131542205810547 33.57171630859375 
v -8.467049598693848 0.677551805973053 29.77718734741211 
v -8.467049598693848 0.14806699752807617 29.77718734741211 
v -8.203058242797852 0.677551805973053 28.538156509399414 
v -8.122394561767578 0.14806699752807617 28.15096092224121 
v -7.579744815826416 7.131542205810547 34.423553466796875 
v -7.946399688720703 7.131542205810547 34.57843017578125 
v -8.107728004455566 7.131542205810547 33.261959075927734 
v -8.467049598693848 7.131542205810547 33.416839599609375 
v -7.1910905838012695 0.677551805973053 31.984210968017578 
v -7.1910905838012695 0.14806699752807617 31.984210968017578 
v -5.907797813415527 0.677551805973053 32.13908767700195 
v -5.54114294052124 0.14806699752807617 32.17781066894531 
v -9.259024620056152 0.677551805973053 28.421998977661133 
v -8.863037109375 0.677551805973053 28.421998977661133 
v -9.259024620056152 7.131542205810547 28.421998977661133 
v -8.863037109375 7.131542205810547 28.421998977661133 
v -9.259024620056152 0.14806699752807617 35.15922546386719 
v -9.259024620056152 7.661026954650879 35.15922546386719 
v -9.259024620056152 0.677551805973053 34.772029876708984 
v -9.259024620056152 7.131542205810547 34.772029876708984 
v -5.54114294052124 0.14806699752807617 31.016218185424805 
v -5.54114294052124 7.661026954650879 31.016218185424805 
v -5.4971442222595215 0.14806699752807617 31.442134857177734 
v -5.4971442222595215 7.661026954650879 31.442134857177734 
v -6.09112548828125 0.677551805973053 32.75860595703125 
v -5.9664626121521 0.677551805973053 32.410125732421875 
v -7.315752983093262 0.677551805973053 32.37140655517578 
v -7.1910905838012695 0.677551805973053 31.984210968017578 
v -5.9664626121521 7.131542205810547 30.822620391845703 
v -5.9664626121521 0.677551805973053 30.822620391845703 
v -5.614473819732666 7.661026954650879 30.70646095275879 
v -5.614473819732666 0.14806699752807617 30.70646095275879 
v -10.923638343811035 0.677551805973053 31.984210968017578 
v -10.923638343811035 0.14806699752807617 31.984210968017578 
v -12.148265838623047 0.677551805973053 32.410125732421875 
v -12.507587432861328 0.14806699752807617 32.52628707885742 
v -6.560443878173828 0.677551805973053 29.6223087310791 
v -6.824435234069824 0.677551805973053 29.312551498413086 
v -7.513746738433838 0.677551805973053 30.47414207458496 
v -7.777738571166992 0.677551805973053 30.164384841918945 
v -7.1910905838012695 7.131542205810547 31.209815979003906 
v -7.315752983093262 7.131542205810547 30.822620391845703 
v -5.9664626121521 7.131542205810547 30.822620391845703 
v -6.09112548828125 7.131542205810547 30.435422897338867 
v -12.030936241149902 0.677551805973053 32.75860595703125 
v -12.382925033569336 0.14806699752807617 32.87476348876953 
v -10.80630874633789 0.677551805973053 32.37140655517578 
v -10.80630874633789 0.14806699752807617 32.37140655517578 
v -7.125092506408691 7.661026954650879 28.615596771240234 
v -7.125092506408691 0.14806699752807617 28.615596771240234 
v -7.345085620880127 7.131542205810547 28.886634826660156 
v -7.345085620880127 0.677551805973053 28.886634826660156 
v -7.125092506408691 0.14806699752807617 28.615596771240234 
v -7.125092506408691 7.661026954650879 28.615596771240234 
v -6.802435874938965 0.14806699752807617 28.847915649414062 
v -6.802435874938965 7.661026954650879 28.847915649414062 
v -12.206931114196777 7.131542205810547 32.13908767700195 
v -12.250929832458496 7.131542205810547 31.75189208984375 
v -10.923638343811035 7.131542205810547 31.984210968017578 
v -10.967637062072754 7.131542205810547 31.597013473510742 
v -11.561617851257324 7.131542205810547 33.57171630859375 
v -11.561617851257324 0.677551805973053 33.57171630859375 
v -11.840275764465332 7.661026954650879 33.84275436401367 
v -11.840275764465332 0.14806699752807617 33.84275436401367 
v -10.358989715576172 15.817955017089844 -43.751522064208984 
v -10.358989715576172 15.817955017089844 -43.59664535522461 
v -10.358989715576172 28.554210662841797 -43.751522064208984 
v -10.358989715576172 28.554210662841797 -43.59664535522461 
v -8.511048316955566 7.661026954650879 28.07352066040039 
v -8.511048316955566 0.14806699752807617 28.07352066040039 
v -8.591712951660156 7.131542205810547 28.421998977661133 
v -8.591712951660156 0.677551805973053 28.421998977661133 
v -7.792404651641846 0.14806699752807617 28.267118453979492 
v -7.792404651641846 7.661026954650879 28.267118453979492 
v -7.425749778747559 0.14806699752807617 28.421998977661133 
v -7.425749778747559 7.661026954650879 28.421998977661133 
v -6.201121807098389 7.131542205810547 30.164384841918945 
v -6.201121807098389 0.677551805973053 30.164384841918945 
v -5.87846565246582 7.661026954650879 30.009506225585938 
v -5.87846565246582 0.14806699752807617 30.009506225585938 
v -9.523015975952148 0.677551805973053 34.772029876708984 
v -9.603680610656738 0.14806699752807617 35.120506286621094 
v -9.259024620056152 0.677551805973053 33.49427795410156 
v -9.259024620056152 0.14806699752807617 33.49427795410156 
v -6.399115562438965 0.677551805973053 29.815906524658203 
v -6.399115562438965 7.131542205810547 29.815906524658203 
v -6.0764594078063965 0.14806699752807617 29.661027908325195 
v -6.0764594078063965 7.661026954650879 29.661027908325195 
v -10.336990356445312 0.677551805973053 30.164384841918945 
v -10.600981712341309 0.677551805973053 30.47414207458496 
v -9.061031341552734 0.677551805973053 31.597013473510742 
v -10.600981712341309 0.677551805973053 30.47414207458496 
v -10.80630874633789 0.677551805973053 30.822620391845703 
v -10.80630874633789 0.677551805973053 30.822620391845703 
v -10.923638343811035 0.677551805973053 31.209815979003906 
v -9.061031341552734 0.677551805973053 31.597013473510742 
v -10.923638343811035 0.677551805973053 31.984210968017578 
v -10.80630874633789 0.677551805973053 32.37140655517578 
v -9.061031341552734 0.677551805973053 31.597013473510742 
v -8.107728004455566 0.677551805973053 29.932065963745117 
v -10.600981712341309 0.677551805973053 32.71988296508789 
v -7.777738571166992 0.677551805973053 30.164384841918945 
v -8.107728004455566 0.677551805973053 29.932065963745117 
v -9.061031341552734 0.677551805973053 31.597013473510742 
v -10.600981712341309 0.677551805973053 32.71988296508789 
v -10.336990356445312 0.677551805973053 33.02964401245117 
v -9.061031341552734 0.677551805973053 31.597013473510742 
v -10.336990356445312 0.677551805973053 33.02964401245117 
v -7.147091865539551 0.677551805973053 31.597013473510742 
v -7.1910905838012695 0.677551805973053 31.209815979003906 
v -9.061031341552734 0.677551805973053 31.597013473510742 
v -9.259024620056152 0.677551805973053 33.49427795410156 
v -8.863037109375 0.677551805973053 33.49427795410156 
v -9.061031341552734 0.677551805973053 31.597013473510742 
v -7.1910905838012695 0.677551805973053 31.984210968017578 
v -7.147091865539551 0.677551805973053 31.597013473510742 
v -9.061031341552734 0.677551805973053 31.597013473510742 
v -8.863037109375 0.677551805973053 33.49427795410156 
v -8.467049598693848 0.677551805973053 33.416839599609375 
v -9.061031341552734 0.677551805973053 31.597013473510742 
v -8.467049598693848 0.677551805973053 33.416839599609375 
v -8.107728004455566 0.677551805973053 33.261959075927734 
v -9.061031341552734 0.677551805973053 31.597013473510742 
v -7.513746738433838 0.677551805973053 32.71988296508789 
v -8.107728004455566 0.677551805973053 33.261959075927734 
v -7.777738571166992 0.677551805973053 33.02964401245117 
v -7.777738571166992 0.677551805973053 33.02964401245117 
v -7.513746738433838 0.677551805973053 32.71988296508789 
v -9.061031341552734 0.677551805973053 31.597013473510742 
v -9.259024620056152 7.661026954650879 29.699748992919922 
v -9.647679328918457 7.661026954650879 29.77718734741211 
v -9.061031341552734 7.661026954650879 31.597013473510742 
v -8.467049598693848 7.661026954650879 29.77718734741211 
v -8.863037109375 7.661026954650879 29.699748992919922 
v -9.061031341552734 7.661026954650879 31.597013473510742 
v -8.107728004455566 7.661026954650879 29.932065963745117 
v -8.467049598693848 7.661026954650879 29.77718734741211 
v -9.061031341552734 7.661026954650879 31.597013473510742 
v -10.600981712341309 7.661026954650879 32.71988296508789 
v -10.336990356445312 7.661026954650879 33.02964401245117 
v -9.061031341552734 7.661026954650879 31.597013473510742 
v -10.336990356445312 7.661026954650879 30.164384841918945 
v -10.600981712341309 7.661026954650879 30.47414207458496 
v -9.061031341552734 7.661026954650879 31.597013473510742 
v -10.014333724975586 7.661026954650879 29.932065963745117 
v -10.336990356445312 7.661026954650879 30.164384841918945 
v -9.061031341552734 7.661026954650879 31.597013473510742 
v -10.600981712341309 7.661026954650879 30.47414207458496 
v -10.80630874633789 7.661026954650879 30.822620391845703 
v -9.061031341552734 7.661026954650879 31.597013473510742 
v -9.647679328918457 7.661026954650879 29.77718734741211 
v -10.014333724975586 7.661026954650879 29.932065963745117 
v -9.061031341552734 7.661026954650879 31.597013473510742 
v -10.80630874633789 7.661026954650879 30.822620391845703 
v -10.923638343811035 7.661026954650879 31.209815979003906 
v -9.061031341552734 7.661026954650879 31.597013473510742 
v -10.923638343811035 7.661026954650879 31.209815979003906 
v -10.967637062072754 7.661026954650879 31.597013473510742 
v -9.061031341552734 7.661026954650879 31.597013473510742 
v -8.863037109375 7.661026954650879 29.699748992919922 
v -9.259024620056152 7.661026954650879 29.699748992919922 
v -9.061031341552734 7.661026954650879 31.597013473510742 
v -10.967637062072754 7.661026954650879 31.597013473510742 
v -10.923638343811035 7.661026954650879 31.984210968017578 
v -9.061031341552734 7.661026954650879 31.597013473510742 
v -10.923638343811035 7.661026954650879 31.984210968017578 
v -10.80630874633789 7.661026954650879 32.37140655517578 
v -9.061031341552734 7.661026954650879 31.597013473510742 
v -10.80630874633789 7.661026954650879 32.37140655517578 
v -10.600981712341309 7.661026954650879 32.71988296508789 
v -9.061031341552734 7.661026954650879 31.597013473510742 
v -7.777738571166992 7.661026954650879 30.164384841918945 
v -8.107728004455566 7.661026954650879 29.932065963745117 
v -9.061031341552734 7.661026954650879 31.597013473510742 
v -7.513746738433838 7.661026954650879 30.47414207458496 
v -7.777738571166992 7.661026954650879 30.164384841918945 
v -9.061031341552734 7.661026954650879 31.597013473510742 
v -10.336990356445312 7.661026954650879 33.02964401245117 
v -10.014333724975586 7.661026954650879 33.261959075927734 
v -9.061031341552734 7.661026954650879 31.597013473510742 
v -7.315752983093262 7.661026954650879 30.822620391845703 
v -7.513746738433838 7.661026954650879 30.47414207458496 
v -9.061031341552734 7.661026954650879 31.597013473510742 
v -10.014333724975586 7.661026954650879 33.261959075927734 
v -9.647679328918457 7.661026954650879 33.416839599609375 
v -9.061031341552734 7.661026954650879 31.597013473510742 
v -7.1910905838012695 7.661026954650879 31.209815979003906 
v -7.315752983093262 7.661026954650879 30.822620391845703 
v -9.061031341552734 7.661026954650879 31.597013473510742 
v -9.647679328918457 7.661026954650879 33.416839599609375 
v -9.259024620056152 7.661026954650879 33.49427795410156 
v -9.061031341552734 7.661026954650879 31.597013473510742 
v -7.147091865539551 7.661026954650879 31.597013473510742 
v -7.1910905838012695 7.661026954650879 31.209815979003906 
v -9.061031341552734 7.661026954650879 31.597013473510742 
v -9.259024620056152 7.661026954650879 33.49427795410156 
v -8.863037109375 7.661026954650879 33.49427795410156 
v -9.061031341552734 7.661026954650879 31.597013473510742 
v -7.1910905838012695 7.661026954650879 31.984210968017578 
v -7.147091865539551 7.661026954650879 31.597013473510742 
v -9.061031341552734 7.661026954650879 31.597013473510742 
v -8.863037109375 7.661026954650879 33.49427795410156 
v -8.467049598693848 7.661026954650879 33.416839599609375 
v -9.061031341552734 7.661026954650879 31.597013473510742 
v -7.315752983093262 7.661026954650879 32.37140655517578 
v -7.1910905838012695 7.661026954650879 31.984210968017578 
v -9.061031341552734 7.661026954650879 31.597013473510742 
v -8.467049598693848 7.661026954650879 33.416839599609375 
v -8.107728004455566 7.661026954650879 33.261959075927734 
v -9.061031341552734 7.661026954650879 31.597013473510742 
v -7.513746738433838 7.661026954650879 32.71988296508789 
v -7.315752983093262 7.661026954650879 32.37140655517578 
v -9.061031341552734 7.661026954650879 31.597013473510742 
v -8.107728004455566 7.661026954650879 33.261959075927734 
v -7.777738571166992 7.661026954650879 33.02964401245117 
v -9.061031341552734 7.661026954650879 31.597013473510742 
v -7.777738571166992 7.661026954650879 33.02964401245117 
v -7.513746738433838 7.661026954650879 32.71988296508789 
v -9.061031341552734 7.661026954650879 31.597013473510742 
v -20.507999420166016 29.441455841064453 -43.59664535522461 
v -9.523015975952148 0.677551805973053 28.421998977661133 
vn -1.0341130485562108e-13 0.999997615814209 0.002184694167226553 
vn -1.0341130485562108e-13 0.999997615814209 0.002184694167226553 
vn -1.0341130485562108e-13 0.999997615814209 0.002184694167226553 
vn -1.0341130485562108e-13 0.999997615814209 0.002184694167226553 
vn 0 0 1 
vn 0 0 1 
vn 0 0 1 
vn 0 0 1 
vn 0 0 1 
vn 0 0 1 
vn 0 0 1 
vn 0 0 1 
vn 0 0 1 
vn 0 0 1 
vn 0 0 1 
vn 0 0 1 
vn 0 0 1 
vn 0 0 1 
vn 0 0 1 
vn -0.5006305575370789 -1.0354196476993274e-13 0.865661084651947 
vn -0.5006305575370789 -1.0354196476993274e-13 0.865661084651947 
vn -0.5006305575370789 -1.0354196476993274e-13 0.865661084651947 
vn -0.5006305575370789 -1.0354196476993274e-13 0.865661084651947 
vn -1.0341130485562108e-13 0.999997615814209 0.002184694167226553 
vn -1.0341130485562108e-13 0.999997615814209 0.002184694167226553 
vn -1.0341130485562108e-13 0.999997615814209 0.002184694167226553 
vn -1.0341130485562108e-13 0.999997615814209 0.002184694167226553 
vn -1.0341130485562108e-13 0.999997615814209 -0.002184694167226553 
vn -1.0341130485562108e-13 0.999997615814209 -0.002184694167226553 
vn -1.0341130485562108e-13 0.999997615814209 -0.002184694167226553 
vn -1.0341130485562108e-13 0.999997615814209 -0.002184694167226553 
vn -1.0341130485562108e-13 0.999997615814209 0.002184694167226553 
vn -1.0341130485562108e-13 0.999997615814209 0.002184694167226553 
vn -1.0341130485562108e-13 0.999997615814209 0.002184694167226553 
vn -1.0341130485562108e-13 0.999997615814209 0.002184694167226553 
vn -1.0341130485562108e-13 0.999997615814209 0.002184694167226553 
vn -1.0341130485562108e-13 0.999997615814209 0.002184694167226553 
vn -1.0341130485562108e-13 0.999997615814209 0.002184694167226553 
vn -1.0341130485562108e-13 0.999997615814209 0.002184694167226553 
vn 3.097898456858039e-13 -0.999997615814209 0.002184694167226553 
vn 3.097898456858039e-13 -0.999997615814209 0.002184694167226553 
vn 3.097898456858039e-13 -0.999997615814209 0.002184694167226553 
vn 3.097898456858039e-13 -0.999997615814209 0.002184694167226553 
vn 3.097898456858039e-13 -0.999997615814209 0.002184694167226553 
vn 3.097898456858039e-13 -0.999997615814209 0.002184694167226553 
vn 3.097898456858039e-13 -0.999997615814209 0.002184694167226553 
vn 3.097898456858039e-13 -0.999997615814209 0.002184694167226553 
vn -1.0341130485562108e-13 0.999997615814209 -0.002184694167226553 
vn -1.0341130485562108e-13 0.999997615814209 -0.002184694167226553 
vn -1.0341130485562108e-13 0.999997615814209 -0.002184694167226553 
vn -1.0341130485562108e-13 0.999997615814209 -0.002184694167226553 
vn 3.097898456858039e-13 -0.999997615814209 -0.002184694167226553 
vn 3.097898456858039e-13 -0.999997615814209 -0.002184694167226553 
vn 3.097898456858039e-13 -0.999997615814209 -0.002184694167226553 
vn 3.097898456858039e-13 -0.999997615814209 -0.002184694167226553 
vn 3.097898456858039e-13 -0.999997615814209 0.002184694167226553 
vn 3.097898456858039e-13 -0.999997615814209 0.002184694167226553 
vn 3.097898456858039e-13 -0.999997615814209 0.002184694167226553 
vn 3.097898456858039e-13 -0.999997615814209 0.002184694167226553 
vn -1.0341130485562108e-13 0.999997615814209 0.002184694167226553 
vn -1.0341130485562108e-13 0.999997615814209 0.002184694167226553 
vn -1.0341130485562108e-13 0.999997615814209 0.002184694167226553 
vn -1.0341130485562108e-13 0.999997615814209 0.002184694167226553 
vn 3.097898456858039e-13 -0.999997615814209 -0.002184694167226553 
vn 3.097898456858039e-13 -0.999997615814209 -0.002184694167226553 
vn 3.097898456858039e-13 -0.999997615814209 -0.002184694167226553 
vn 3.097898456858039e-13 -0.999997615814209 -0.002184694167226553 
vn -1.0341130485562108e-13 0.999997615814209 0.002184694167226553 
vn -1.0341130485562108e-13 0.999997615814209 0.002184694167226553 
vn -1.0341130485562108e-13 0.999997615814209 0.002184694167226553 
vn -1.0341130485562108e-13 0.999997615814209 0.002184694167226553 
vn -1.0341130485562108e-13 0.999997615814209 0.002184694167226553 
vn -1.0341130485562108e-13 0.999997615814209 0.002184694167226553 
vn -1.0341130485562108e-13 0.999997615814209 0.002184694167226553 
vn -1.0341130485562108e-13 0.999997615814209 0.002184694167226553 
vn -1.0341130485562108e-13 0.999997615814209 0.002184694167226553 
vn -1.0341130485562108e-13 0.999997615814209 0.002184694167226553 
vn -1.0341130485562108e-13 0.999997615814209 0.002184694167226553 
vn 3.097898456858039e-13 -0.999997615814209 0.002184694167226553 
vn 3.097898456858039e-13 -0.999997615814209 0.002184694167226553 
vn 3.097898456858039e-13 -0.999997615814209 0.002184694167226553 
vn 3.097898456858039e-13 -0.999997615814209 0.002184694167226553 
vn -1.0341130485562108e-13 0.999997615814209 0.002184694167226553 
vn -1.0341130485562108e-13 0.999997615814209 0.002184694167226553 
vn -1.0341130485562108e-13 0.999997615814209 0.002184694167226553 
vn 0.9785395264625549 0 -0.2060592919588089 
vn 0.9785395264625549 0 -0.2060592919588089 
vn 0.9785395264625549 0 -0.2060592919588089 
vn 0.9785395264625549 0 -0.2060592919588089 
vn 3.097898456858039e-13 -0.999997615814209 -0.002184694167226553 
vn 3.097898456858039e-13 -0.999997615814209 -0.002184694167226553 
vn 3.097898456858039e-13 -0.999997615814209 -0.002184694167226553 
vn 3.097898456858039e-13 -0.999997615814209 -0.002184694167226553 
vn -1.0341130485562108e-13 0.999997615814209 0.002184694167226553 
vn -1.0341130485562108e-13 0.999997615814209 0.002184694167226553 
vn -1.0341130485562108e-13 0.999997615814209 0.002184694167226553 
vn 3.097898456858039e-13 -0.999997615814209 0.002184694167226553 
vn 3.097898456858039e-13 -0.999997615814209 0.002184694167226553 
vn 3.097898456858039e-13 -0.999997615814209 0.002184694167226553 
vn 3.097898456858039e-13 -0.999997615814209 0.002184694167226553 
vn -1.0341130485562108e-13 0.999997615814209 0.002184694167226553 
vn -1.0341130485562108e-13 0.999997615814209 0.002184694167226553 
vn -1.0341130485562108e-13 0.999997615814209 0.002184694167226553 
vn -1.0341130485562108e-13 0.999997615814209 0.002184694167226553 
vn 0.8097867965698242 0 -0.5867242813110352 
vn 0.8097867965698242 0 -0.5867242813110352 
vn 0.8097867965698242 0 -0.5867242813110352 
vn 0.8097867965698242 0 -0.5867242813110352 
vn -1.0341130485562108e-13 0.999997615814209 0.002184694167226553 
vn -1.0341130485562108e-13 0.999997615814209 0.002184694167226553 
vn -1.0341130485562108e-13 0.999997615814209 0.002184694167226553 
vn 3.097898456858039e-13 -0.999997615814209 0.002184694167226553 
vn 3.097898456858039e-13 -0.999997615814209 0.002184694167226553 
vn 3.097898456858039e-13 -0.999997615814209 0.002184694167226553 
vn 3.097898456858039e-13 -0.999997615814209 0.002184694167226553 
vn -1.0341130485562108e-13 0.999997615814209 0.002184694167226553 
vn -1.0341130485562108e-13 0.999997615814209 0.002184694167226553 
vn -1.0341130485562108e-13 0.999997615814209 0.002184694167226553 
vn -1.0341130485562108e-13 0.999997615814209 0.002184694167226553 
vn -1.0341130485562108e-13 0.999997615814209 0.002184694167226553 
vn -1.0341130485562108e-13 0.999997615814209 0.002184694167226553 
vn -1.0341130485562108e-13 0.999997615814209 0.002184694167226553 
vn 3.097898456858039e-13 -0.999997615814209 -0.002184694167226553 
vn 3.097898456858039e-13 -0.999997615814209 -0.002184694167226553 
vn 3.097898456858039e-13 -0.999997615814209 -0.002184694167226553 
vn 3.097898456858039e-13 -0.999997615814209 -0.002184694167226553 
vn -1.0341130485562108e-13 0.999997615814209 -0.002184694167226553 
vn -1.0341130485562108e-13 0.999997615814209 -0.002184694167226553 
vn -1.0341130485562108e-13 0.999997615814209 -0.002184694167226553 
vn -1.0341130485562108e-13 0.999997615814209 -0.002184694167226553 
vn -1.0341130485562108e-13 0.999997615814209 0.002184694167226553 
vn -1.0341130485562108e-13 0.999997615814209 0.002184694167226553 
vn -1.0341130485562108e-13 0.999997615814209 0.002184694167226553 
vn -1.0341130485562108e-13 0.999997615814209 0.002184694167226553 
vn -1.0341130485562108e-13 0.999997615814209 -0.002184694167226553 
vn -1.0341130485562108e-13 0.999997615814209 -0.002184694167226553 
vn -1.0341130485562108e-13 0.999997615814209 -0.002184694167226553 
vn -1.0341130485562108e-13 0.999997615814209 -0.002184694167226553 
vn 3.097898456858039e-13 -0.999997615814209 -0.002184694167226553 
vn 3.097898456858039e-13 -0.999997615814209 -0.002184694167226553 
vn 3.097898456858039e-13 -0.999997615814209 -0.002184694167226553 
vn 3.097898456858039e-13 -0.999997615814209 -0.002184694167226553 
vn 3.097898456858039e-13 -0.999997615814209 0.002184694167226553 
vn 3.097898456858039e-13 -0.999997615814209 0.002184694167226553 
vn 3.097898456858039e-13 -0.999997615814209 0.002184694167226553 
vn 3.097898456858039e-13 -0.999997615814209 0.002184694167226553 
vn -1.0341130485562108e-13 0.999997615814209 0.002184694167226553 
vn -1.0341130485562108e-13 0.999997615814209 0.002184694167226553 
vn -1.0341130485562108e-13 0.999997615814209 0.002184694167226553 
vn -1.0341130485562108e-13 0.999997615814209 0.002184694167226553 
vn 3.097898456858039e-13 -0.999997615814209 0.002184694167226553 
vn 3.097898456858039e-13 -0.999997615814209 0.002184694167226553 
vn 3.097898456858039e-13 -0.999997615814209 0.002184694167226553 
vn 3.097898456858039e-13 -0.999997615814209 0.002184694167226553 
vn -1.0341130485562108e-13 0.999997615814209 0.002184694167226553 
vn -1.0341130485562108e-13 0.999997615814209 0.002184694167226553 
vn -1.0341130485562108e-13 0.999997615814209 0.002184694167226553 
vn -1.0341130485562108e-13 0.999997615814209 0.002184694167226553 
vn -1.0341130485562108e-13 0.999997615814209 0.002184694167226553 
vn -1.0341130485562108e-13 0.999997615814209 0.002184694167226553 
vn -1.0341130485562108e-13 0.999997615814209 0.002184694167226553 
vn -1.0341130485562108e-13 0.999997615814209 0.002184694167226553 
vn -1.0341130485562108e-13 0.999997615814209 0.002184694167226553 
vn -1.0341130485562108e-13 0.999997615814209 0.002184694167226553 
vn -1.0341130485562108e-13 0.999997615814209 0.002184694167226553 
vn -1.0341130485562108e-13 0.999997615814209 0.002184694167226553 
vn 0.5006305575370789 0 0.865661084651947 
vn 0.5006305575370789 0 0.865661084651947 
vn 0.5006305575370789 0 0.865661084651947 
vn 0.5006305575370789 0 0.865661084651947 
vn -1.0341130485562108e-13 0.999997615814209 -0.002184694167226553 
vn -1.0341130485562108e-13 0.999997615814209 -0.002184694167226553 
vn -1.0341130485562108e-13 0.999997615814209 -0.002184694167226553 
vn -1.0341130485562108e-13 0.999997615814209 -0.002184694167226553 
vn -1.0341130485562108e-13 0.999997615814209 -0.002184694167226553 
vn -1.0341130485562108e-13 0.999997615814209 -0.002184694167226553 
vn -1.0341130485562108e-13 0.999997615814209 -0.002184694167226553 
vn -1.0341130485562108e-13 0.999997615814209 -0.002184694167226553 
vn -1.0341130485562108e-13 0.999997615814209 0.002184694167226553 
vn -1.0341130485562108e-13 0.999997615814209 0.002184694167226553 
vn -1.0341130485562108e-13 0.999997615814209 0.002184694167226553 
vn -1.0341130485562108e-13 0.999997615814209 0.002184694167226553 
vn -1.0341130485562108e-13 0.999997615814209 0.002184694167226553 
vn -1.0341130485562108e-13 0.999997615814209 0.002184694167226553 
vn -1.0341130485562108e-13 0.999997615814209 -0.002184694167226553 
vn -1.0341130485562108e-13 0.999997615814209 -0.002184694167226553 
vn -1.0341130485562108e-13 0.999997615814209 -0.002184694167226553 
vn -1.0341130485562108e-13 0.999997615814209 -0.002184694167226553 
vn -1.0341130485562108e-13 0.999997615814209 -0.002184694167226553 
vn -1.0341130485562108e-13 0.999997615814209 -0.002184694167226553 
vn -1.0341130485562108e-13 0.999997615814209 -0.002184694167226553 
vn -1.0341130485562108e-13 0.999997615814209 -0.002184694167226553 
vn -1.0341130485562108e-13 0.999997615814209 -0.002184694167226553 
vn -1.0341130485562108e-13 0.999997615814209 -0.002184694167226553 
vn -1.0341130485562108e-13 0.999997615814209 -0.002184694167226553 
vn -1.0341130485562108e-13 0.999997615814209 -0.002184694167226553 
vn -1.0341130485562108e-13 0.999997615814209 -0.002184694167226553 
vn -1.0341130485562108e-13 0.999997615814209 -0.002184694167226553 
vn -1.0341130485562108e-13 0.999997615814209 -0.002184694167226553 
vn -1.0341130485562108e-13 0.999997615814209 -0.002184694167226553 
vn -0.669887900352478 -1.3854829826812076e-13 0.7424622178077698 
vn -0.669887900352478 -1.3854829826812076e-13 0.7424622178077698 
vn -0.669887900352478 -1.3854829826812076e-13 0.7424622178077698 
vn -0.669887900352478 -1.3854829826812076e-13 0.7424622178077698 
vn 0.669887900352478 0 -0.7424622178077698 
vn 0.669887900352478 0 -0.7424622178077698 
vn 0.669887900352478 0 -0.7424622178077698 
vn 0.669887900352478 0 -0.7424622178077698 
vn -1.0341130485562108e-13 0.999997615814209 0.002184694167226553 
vn -1.0341130485562108e-13 0.999997615814209 0.002184694167226553 
vn -1.0341130485562108e-13 0.999997615814209 0.002184694167226553 
vn -1.0341130485562108e-13 0.999997615814209 -0.002184694167226553 
vn -1.0341130485562108e-13 0.999997615814209 -0.002184694167226553 
vn -1.0341130485562108e-13 0.999997615814209 -0.002184694167226553 
vn -1.0341130485562108e-13 0.999997615814209 -0.002184694167226553 
vn -1.0341130485562108e-13 0.999997615814209 0.002184694167226553 
vn -1.0341130485562108e-13 0.999997615814209 0.002184694167226553 
vn -1.0341130485562108e-13 0.999997615814209 0.002184694167226553 
vn 0.999997615814209 0 0.002184694167226553 
vn 0.999997615814209 0 0.002184694167226553 
vn 0.999997615814209 0 0.002184694167226553 
vn 0.999997615814209 0 0.002184694167226553 
vn -0.999997615814209 -2.0682260971124217e-13 0.002184694167226553 
vn -0.999997615814209 -2.0682260971124217e-13 0.002184694167226553 
vn -0.999997615814209 -2.0682260971124217e-13 0.002184694167226553 
vn -0.999997615814209 -2.0682260971124217e-13 0.002184694167226553 
vn 3.097898456858039e-13 -0.999997615814209 -0.002184694167226553 
vn 3.097898456858039e-13 -0.999997615814209 -0.002184694167226553 
vn 3.097898456858039e-13 -0.999997615814209 -0.002184694167226553 
vn 3.097898456858039e-13 -0.999997615814209 -0.002184694167226553 
vn -1.0341130485562108e-13 0.999997615814209 0.002184694167226553 
vn -1.0341130485562108e-13 0.999997615814209 0.002184694167226553 
vn -1.0341130485562108e-13 0.999997615814209 0.002184694167226553 
vn -1.0341130485562108e-13 0.999997615814209 0.002184694167226553 
vn -1.0341130485562108e-13 0.999997615814209 -0.002184694167226553 
vn -1.0341130485562108e-13 0.999997615814209 -0.002184694167226553 
vn -1.0341130485562108e-13 0.999997615814209 -0.002184694167226553 
vn -1.0341130485562108e-13 0.999997615814209 -0.002184694167226553 
vn 0.7439239621162415 0 0.6682642698287964 
vn 0.7439239621162415 0 0.6682642698287964 
vn 0.7439239621162415 0 0.6682642698287964 
vn 0.7439239621162415 0 0.6682642698287964 
vn 0.5884920358657837 0 0.8085030317306519 
vn 0.5884920358657837 0 0.8085030317306519 
vn 0.5884920358657837 0 0.8085030317306519 
vn 0.5884920358657837 0 0.8085030317306519 
vn 0.8667527437210083 0 0.4987381398677826 
vn 0.8667527437210083 0 0.4987381398677826 
vn 0.8667527437210083 0 0.4987381398677826 
vn 0.8667527437210083 0 0.4987381398677826 
vn -0.8097780346870422 0.003768905298784375 0.5867242813110352 
vn -0.8097780346870422 0.003768905298784375 0.5867242813110352 
vn -0.8097780346870422 0.003768905298784375 0.5867242813110352 
vn -0.8097780346870422 0.003768905298784375 0.5867242813110352 
vn -1.0341130485562108e-13 0.999997615814209 -0.002184694167226553 
vn -1.0341130485562108e-13 0.999997615814209 -0.002184694167226553 
vn -1.0341130485562108e-13 0.999997615814209 -0.002184694167226553 
vn -1.0341130485562108e-13 0.999997615814209 -0.002184694167226553 
vn -0.669887900352478 -1.3854829826812076e-13 0.7424622178077698 
vn -0.669887900352478 -1.3854829826812076e-13 0.7424622178077698 
vn -0.669887900352478 -1.3854829826812076e-13 0.7424622178077698 
vn -0.669887900352478 -1.3854829826812076e-13 0.7424622178077698 
vn -1.0341130485562108e-13 0.999997615814209 0.002184694167226553 
vn -1.0341130485562108e-13 0.999997615814209 0.002184694167226553 
vn -1.0341130485562108e-13 0.999997615814209 0.002184694167226553 
vn 0.8097867965698242 0 -0.5867242813110352 
vn 0.8097867965698242 0 -0.5867242813110352 
vn 0.8097867965698242 0 -0.5867242813110352 
vn 0.8097867965698242 0 -0.5867242813110352 
vn 0.669887900352478 0 -0.7424622178077698 
vn 0.669887900352478 0 -0.7424622178077698 
vn 0.669887900352478 0 -0.7424622178077698 
vn 0.669887900352478 0 -0.7424622178077698 
vn 0.40726879239082336 0 0.913308322429657 
vn 0.40726879239082336 0 0.913308322429657 
vn 0.40726879239082336 0 0.913308322429657 
vn 0.40726879239082336 0 0.913308322429657 
vn 0.10467331111431122 0 0.9945066571235657 
vn 0.10467331111431122 0 0.9945066571235657 
vn 0.10467331111431122 0 0.9945066571235657 
vn 0.10467331111431122 0 0.9945066571235657 
vn -0.8097780346870422 0.003768905298784375 0.5867242813110352 
vn -0.8097780346870422 0.003768905298784375 0.5867242813110352 
vn -0.8097780346870422 0.003768905298784375 0.5867242813110352 
vn -0.8097780346870422 0.003768905298784375 0.5867242813110352 
vn 0.9141958951950073 0 -0.405272513628006 
vn 0.9141958951950073 0 -0.405272513628006 
vn 0.9141958951950073 0 -0.405272513628006 
vn 0.9141958951950073 0 -0.405272513628006 
vn -1.0341130485562108e-13 0.999997615814209 -0.002184694167226553 
vn -1.0341130485562108e-13 0.999997615814209 -0.002184694167226553 
vn -1.0341130485562108e-13 0.999997615814209 -0.002184694167226553 
vn -1.0341130485562108e-13 0.999997615814209 -0.002184694167226553 
vn 0.5006305575370789 0 -0.865661084651947 
vn 0.5006305575370789 0 -0.865661084651947 
vn 0.5006305575370789 0 -0.865661084651947 
vn 0.5006305575370789 0 -0.865661084651947 
vn 0.95159512758255 0 0.30735430121421814 
vn 0.95159512758255 0 0.30735430121421814 
vn 0.95159512758255 0 0.30735430121421814 
vn 0.95159512758255 0 0.30735430121421814 
vn -0.5884798765182495 0.0037807554472237825 -0.8085030317306519 
vn -0.5884798765182495 0.0037807554472237825 -0.8085030317306519 
vn -0.5884798765182495 0.0037807554472237825 -0.8085030317306519 
vn -0.5884798765182495 0.0037807554472237825 -0.8085030317306519 
vn -0.3094097673892975 0.0037532320711761713 0.9509214162826538 
vn -0.3094097673892975 0.0037532320711761713 0.9509214162826538 
vn -0.3094097673892975 0.0037532320711761713 0.9509214162826538 
vn -0.3094097673892975 0.0037532320711761713 0.9509214162826538 
vn -0.9141881465911865 0.0037740119732916355 0.405272513628006 
vn -0.9141881465911865 0.0037740119732916355 0.405272513628006 
vn -0.9141881465911865 0.0037740119732916355 0.405272513628006 
vn -0.9141881465911865 0.0037740119732916355 0.405272513628006 
vn -0.8667445182800293 0.0037766648456454277 -0.4987381398677826 
vn -0.8667445182800293 0.0037766648456454277 -0.4987381398677826 
vn -0.8667445182800293 0.0037766648456454277 -0.4987381398677826 
vn -0.8667445182800293 0.0037766648456454277 -0.4987381398677826 
vn -1.0341130485562108e-13 0.999997615814209 0.002184694167226553 
vn -1.0341130485562108e-13 0.999997615814209 0.002184694167226553 
vn -1.0341130485562108e-13 0.999997615814209 0.002184694167226553 
vn -1.0341130485562108e-13 0.999997615814209 0.002184694167226553 
vn 0.20819661021232605 0 0.9780870079994202 
vn 0.20819661021232605 0 0.9780870079994202 
vn 0.20819661021232605 0 0.9780870079994202 
vn 0.20819661021232605 0 0.9780870079994202 
vn -0.40726879239082336 -8.405173665361129e-14 -0.913308322429657 
vn -0.40726879239082336 -8.405173665361129e-14 -0.913308322429657 
vn -0.40726879239082336 -8.405173665361129e-14 -0.913308322429657 
vn -0.40726879239082336 -8.405173665361129e-14 -0.913308322429657 
vn 0.9785395264625549 0 -0.2060592919588089 
vn 0.9785395264625549 0 -0.2060592919588089 
vn 0.9785395264625549 0 -0.2060592919588089 
vn 0.9785395264625549 0 -0.2060592919588089 
vn 0.3094325065612793 0 -0.9509214162826538 
vn 0.3094325065612793 0 -0.9509214162826538 
vn 0.3094325065612793 0 -0.9509214162826538 
vn 0.3094325065612793 0 -0.9509214162826538 
vn -1.0341130485562108e-13 0.999997615814209 0.002184694167226553 
vn -1.0341130485562108e-13 0.999997615814209 0.002184694167226553 
vn -1.0341130485562108e-13 0.999997615814209 0.002184694167226553 
vn -1.0341130485562108e-13 0.999997615814209 0.002184694167226553 
vn -0.95159512758255 -1.9681185934455891e-13 -0.30735430121421814 
vn -0.95159512758255 -1.9681185934455891e-13 -0.30735430121421814 
vn -0.95159512758255 -1.9681185934455891e-13 -0.30735430121421814 
vn -0.95159512758255 -1.9681185934455891e-13 -0.30735430121421814 
vn 0.669887900352478 0 0.7424622178077698 
vn 0.669887900352478 0 0.7424622178077698 
vn 0.669887900352478 0 0.7424622178077698 
vn 0.669887900352478 0 0.7424622178077698 
vn 0.9947329759597778 0 0.10250037163496017 
vn 0.9947329759597778 0 0.10250037163496017 
vn 0.9947329759597778 0 0.10250037163496017 
vn 0.9947329759597778 0 0.10250037163496017 
vn -0.10467331111431122 -2.164885939514704e-14 0.9945066571235657 
vn -0.10467331111431122 -2.164885939514704e-14 0.9945066571235657 
vn -0.10467331111431122 -2.164885939514704e-14 0.9945066571235657 
vn -0.10467331111431122 -2.164885939514704e-14 0.9945066571235657 
vn -1.0341130485562108e-13 0.999997615814209 0.002184694167226553 
vn -1.0341130485562108e-13 0.999997615814209 0.002184694167226553 
vn -1.0341130485562108e-13 0.999997615814209 0.002184694167226553 
vn -1.0341130485562108e-13 0.999997615814209 0.002184694167226553 
vn -0.9785322546958923 0.00377198145724833 0.2060592919588089 
vn -0.9785322546958923 0.00377198145724833 0.2060592919588089 
vn -0.9785322546958923 0.00377198145724833 0.2060592919588089 
vn -0.9785322546958923 0.00377198145724833 0.2060592919588089 
vn -0.8097867965698242 -1.6748261848567592e-13 -0.5867242813110352 
vn -0.8097867965698242 -1.6748261848567592e-13 -0.5867242813110352 
vn -0.8097867965698242 -1.6748261848567592e-13 -0.5867242813110352 
vn -0.8097867965698242 -1.6748261848567592e-13 -0.5867242813110352 
vn -0.20816227793693542 0.0037805375177413225 -0.9780870079994202 
vn -0.20816227793693542 0.0037805375177413225 -0.9780870079994202 
vn -0.20816227793693542 0.0037805375177413225 -0.9780870079994202 
vn -0.20816227793693542 0.0037805375177413225 -0.9780870079994202 
vn -1.0341130485562108e-13 0.999997615814209 0.002184694167226553 
vn -1.0341130485562108e-13 0.999997615814209 0.002184694167226553 
vn -1.0341130485562108e-13 0.999997615814209 0.002184694167226553 
vn -1.0341130485562108e-13 0.999997615814209 0.002184694167226553 
vn -1.0341130485562108e-13 0.999997615814209 0.002184694167226553 
vn -1.0341130485562108e-13 0.999997615814209 0.002184694167226553 
vn -1.0341130485562108e-13 0.999997615814209 0.002184694167226553 
vn -1.0341130485562108e-13 0.999997615814209 0.002184694167226553 
vn 0.999997615814209 0 0.002184694167226553 
vn 0.999997615814209 0 0.002184694167226553 
vn 0.999997615814209 0 0.002184694167226553 
vn 0.999997615814209 0 0.002184694167226553 
vn -1.0341130485562108e-13 0.999997615814209 0.002184694167226553 
vn -1.0341130485562108e-13 0.999997615814209 0.002184694167226553 
vn -1.0341130485562108e-13 0.999997615814209 0.002184694167226553 
vn -1.0341130485562108e-13 0.999997615814209 0.002184694167226553 
vn 0.10467331111431122 0 -0.9945066571235657 
vn 0.10467331111431122 0 -0.9945066571235657 
vn 0.10467331111431122 0 -0.9945066571235657 
vn 0.10467331111431122 0 -0.9945066571235657 
vn -0.9947329759597778 -2.0573375902194213e-13 -0.10250037163496017 
vn -0.9947329759597778 -2.0573375902194213e-13 -0.10250037163496017 
vn -0.9947329759597778 -2.0573375902194213e-13 -0.10250037163496017 
vn -0.9947329759597778 -2.0573375902194213e-13 -0.10250037163496017 
vn 3.097898456858039e-13 -0.999997615814209 -0.002184694167226553 
vn 3.097898456858039e-13 -0.999997615814209 -0.002184694167226553 
vn 3.097898456858039e-13 -0.999997615814209 -0.002184694167226553 
vn 3.097898456858039e-13 -0.999997615814209 -0.002184694167226553 
vn -0.7439143657684326 0.0037755994126200676 -0.6682642698287964 
vn -0.7439143657684326 0.0037755994126200676 -0.6682642698287964 
vn -0.7439143657684326 0.0037755994126200676 -0.6682642698287964 
vn -0.7439143657684326 0.0037755994126200676 -0.6682642698287964 
vn -0.6698772311210632 -0.0037782832514494658 -0.7424622178077698 
vn -0.6698772311210632 -0.0037782832514494658 -0.7424622178077698 
vn -0.6698772311210632 -0.0037782832514494658 -0.7424622178077698 
vn -0.6698772311210632 -0.0037782832514494658 -0.7424622178077698 
vn 0.5006305575370789 0 -0.865661084651947 
vn 0.5006305575370789 0 -0.865661084651947 
vn 0.5006305575370789 0 -0.865661084651947 
vn 0.5006305575370789 0 -0.865661084651947 
vn -0.9947329759597778 -2.0573375902194213e-13 0.10250037163496017 
vn -0.9947329759597778 -2.0573375902194213e-13 0.10250037163496017 
vn -0.9947329759597778 -2.0573375902194213e-13 0.10250037163496017 
vn -0.9947329759597778 -2.0573375902194213e-13 0.10250037163496017 
vn -0.10460507124662399 0.003778959158807993 -0.9945066571235657 
vn -0.10460507124662399 0.003778959158807993 -0.9945066571235657 
vn -0.10460507124662399 0.003778959158807993 -0.9945066571235657 
vn -0.10460507124662399 0.003778959158807993 -0.9945066571235657 
vn -0.2081630676984787 0.0037373360246419907 0.9780870079994202 
vn -0.2081630676984787 0.0037373360246419907 0.9780870079994202 
vn -0.2081630676984787 0.0037373360246419907 0.9780870079994202 
vn -0.2081630676984787 0.0037373360246419907 0.9780870079994202 
vn 0 0 1 
vn 0 0 1 
vn 0 0 1 
vn 0 0 1 
vn 0.8097867965698242 0 -0.5867242813110352 
vn 0.8097867965698242 0 -0.5867242813110352 
vn 0.8097867965698242 0 -0.5867242813110352 
vn 0.8097867965698242 0 -0.5867242813110352 
vn 0.20819661021232605 0 -0.9780870079994202 
vn 0.20819661021232605 0 -0.9780870079994202 
vn 0.20819661021232605 0 -0.9780870079994202 
vn 0.20819661021232605 0 -0.9780870079994202 
vn -1.0341130485562108e-13 0.999997615814209 0.002184694167226553 
vn -1.0341130485562108e-13 0.999997615814209 0.002184694167226553 
vn -1.0341130485562108e-13 0.999997615814209 0.002184694167226553 
vn -0.9785395264625549 -2.0238457719597147e-13 -0.2060592919588089 
vn -0.9785395264625549 -2.0238457719597147e-13 -0.2060592919588089 
vn -0.9785395264625549 -2.0238457719597147e-13 -0.2060592919588089 
vn -0.9785395264625549 -2.0238457719597147e-13 -0.2060592919588089 
vn -1.0341130485562108e-13 0.999997615814209 0.002184694167226553 
vn -1.0341130485562108e-13 0.999997615814209 0.002184694167226553 
vn 0.95159512758255 0 -0.30735430121421814 
vn 0.95159512758255 0 -0.30735430121421814 
vn 0.95159512758255 0 -0.30735430121421814 
vn 0.95159512758255 0 -0.30735430121421814 
vn -0.95159512758255 -1.9681185934455891e-13 0.30735430121421814 
vn -0.95159512758255 -1.9681185934455891e-13 0.30735430121421814 
vn -0.95159512758255 -1.9681185934455891e-13 0.30735430121421814 
vn -0.95159512758255 -1.9681185934455891e-13 0.30735430121421814 
vn 0.9141958951950073 0 0.405272513628006 
vn 0.9141958951950073 0 0.405272513628006 
vn 0.9141958951950073 0 0.405272513628006 
vn 0.9141958951950073 0 0.405272513628006 
vn -0.30940940976142883 0.0037824385799467564 -0.9509214162826538 
vn -0.30940940976142883 0.0037824385799467564 -0.9509214162826538 
vn -0.30940940976142883 0.0037824385799467564 -0.9509214162826538 
vn -0.30940940976142883 0.0037824385799467564 -0.9509214162826538 
vn -1.0341130485562108e-13 0.999997615814209 0.002184694167226553 
vn -1.0341130485562108e-13 0.999997615814209 0.002184694167226553 
vn -1.0341130485562108e-13 0.999997615814209 0.002184694167226553 
vn 0.40726879239082336 0 -0.913308322429657 
vn 0.40726879239082336 0 -0.913308322429657 
vn 0.40726879239082336 0 -0.913308322429657 
vn 0.40726879239082336 0 -0.913308322429657 
vn -0.30940940976142883 0.0037824385799467564 -0.9509214162826538 
vn -0.30940940976142883 0.0037824385799467564 -0.9509214162826538 
vn -0.30940940976142883 0.0037824385799467564 -0.9509214162826538 
vn -0.30940940976142883 0.0037824385799467564 -0.9509214162826538 
vn 3.097898456858039e-13 -0.999997615814209 0.002184694167226553 
vn 3.097898456858039e-13 -0.999997615814209 0.002184694167226553 
vn 3.097898456858039e-13 -0.999997615814209 0.002184694167226553 
vn 3.097898456858039e-13 -0.999997615814209 0.002184694167226553 
vn -0.9141881465911865 0.0037740119732916355 -0.405272513628006 
vn -0.9141881465911865 0.0037740119732916355 -0.405272513628006 
vn -0.9141881465911865 0.0037740119732916355 -0.405272513628006 
vn -0.9141881465911865 0.0037740119732916355 -0.405272513628006 
vn 3.097898456858039e-13 -0.999997615814209 0.002184694167226553 
vn 3.097898456858039e-13 -0.999997615814209 0.002184694167226553 
vn 3.097898456858039e-13 -0.999997615814209 0.002184694167226553 
vn 3.097898456858039e-13 -0.999997615814209 0.002184694167226553 
vn 0.8667527437210083 0 -0.4987381398677826 
vn 0.8667527437210083 0 -0.4987381398677826 
vn 0.8667527437210083 0 -0.4987381398677826 
vn 0.8667527437210083 0 -0.4987381398677826 
vn 3.097898456858039e-13 -0.999997615814209 0.002184694167226553 
vn 3.097898456858039e-13 -0.999997615814209 0.002184694167226553 
vn 3.097898456858039e-13 -0.999997615814209 0.002184694167226553 
vn 3.097898456858039e-13 -0.999997615814209 0.002184694167226553 
vn -0.8667527437210083 -1.7926449441627718e-13 0.4987381398677826 
vn -0.8667527437210083 -1.7926449441627718e-13 0.4987381398677826 
vn -0.8667527437210083 -1.7926449441627718e-13 0.4987381398677826 
vn -0.8667527437210083 -1.7926449441627718e-13 0.4987381398677826 
vn 0.999997615814209 0 0.002184694167226553 
vn 0.999997615814209 0 0.002184694167226553 
vn 0.999997615814209 0 0.002184694167226553 
vn 0.999997615814209 0 0.002184694167226553 
vn 0.8097867965698242 0 0.5867242813110352 
vn 0.8097867965698242 0 0.5867242813110352 
vn 0.8097867965698242 0 0.5867242813110352 
vn 0.8097867965698242 0 0.5867242813110352 
vn -0.10460507124662399 0.003778959158807993 -0.9945066571235657 
vn -0.10460507124662399 0.003778959158807993 -0.9945066571235657 
vn -0.10460507124662399 0.003778959158807993 -0.9945066571235657 
vn -0.10460507124662399 0.003778959158807993 -0.9945066571235657 
vn -0.5884799361228943 0.0037653555627912283 0.8085030317306519 
vn -0.5884799361228943 0.0037653555627912283 0.8085030317306519 
vn -0.5884799361228943 0.0037653555627912283 0.8085030317306519 
vn -0.5884799361228943 0.0037653555627912283 0.8085030317306519 
vn 0.5884920358657837 0 -0.8085030317306519 
vn 0.5884920358657837 0 -0.8085030317306519 
vn 0.5884920358657837 0 -0.8085030317306519 
vn 0.5884920358657837 0 -0.8085030317306519 
vn -0.999997615814209 -2.0682260971124217e-13 -0.002184694167226553 
vn -0.999997615814209 -2.0682260971124217e-13 -0.002184694167226553 
vn -0.999997615814209 -2.0682260971124217e-13 -0.002184694167226553 
vn -0.999997615814209 -2.0682260971124217e-13 -0.002184694167226553 
vn -0.9141881465911865 0.0037740119732916355 0.405272513628006 
vn -0.9141881465911865 0.0037740119732916355 0.405272513628006 
vn -0.9141881465911865 0.0037740119732916355 0.405272513628006 
vn -0.9141881465911865 0.0037740119732916355 0.405272513628006 
vn 0.669887900352478 0 0.7424622178077698 
vn 0.669887900352478 0 0.7424622178077698 
vn 0.669887900352478 0 0.7424622178077698 
vn 0.669887900352478 0 0.7424622178077698 
vn -1.0341130485562108e-13 0.999997615814209 0.002184694167226553 
vn -1.0341130485562108e-13 0.999997615814209 0.002184694167226553 
vn -1.0341130485562108e-13 0.999997615814209 0.002184694167226553 
vn -0.8097867965698242 -1.6748261848567592e-13 -0.5867242813110352 
vn -0.8097867965698242 -1.6748261848567592e-13 -0.5867242813110352 
vn -0.8097867965698242 -1.6748261848567592e-13 -0.5867242813110352 
vn -0.8097867965698242 -1.6748261848567592e-13 -0.5867242813110352 
vn -0.9785322546958923 0.00377198145724833 0.2060592919588089 
vn -0.9785322546958923 0.00377198145724833 0.2060592919588089 
vn -0.9785322546958923 0.00377198145724833 0.2060592919588089 
vn -0.9785322546958923 0.00377198145724833 0.2060592919588089 
vn -0.7439239621162415 -1.5386066173298657e-13 0.6682642698287964 
vn -0.7439239621162415 -1.5386066173298657e-13 0.6682642698287964 
vn -0.7439239621162415 -1.5386066173298657e-13 0.6682642698287964 
vn -0.7439239621162415 -1.5386066173298657e-13 0.6682642698287964 
vn -0.669887900352478 -1.3854829826812076e-13 0.7424622178077698 
vn -0.669887900352478 -1.3854829826812076e-13 0.7424622178077698 
vn -0.669887900352478 -1.3854829826812076e-13 0.7424622178077698 
vn -0.669887900352478 -1.3854829826812076e-13 0.7424622178077698 
vn 0.669887900352478 0 -0.7424622178077698 
vn 0.669887900352478 0 -0.7424622178077698 
vn 0.669887900352478 0 -0.7424622178077698 
vn 0.669887900352478 0 -0.7424622178077698 
vn 0.9141958951950073 0 -0.405272513628006 
vn 0.9141958951950073 0 -0.405272513628006 
vn 0.9141958951950073 0 -0.405272513628006 
vn 0.9141958951950073 0 -0.405272513628006 
vn 0.3094325065612793 0 -0.9509214162826538 
vn 0.3094325065612793 0 -0.9509214162826538 
vn 0.3094325065612793 0 -0.9509214162826538 
vn 0.3094325065612793 0 -0.9509214162826538 
vn 0.669887900352478 0 0.7424622178077698 
vn 0.669887900352478 0 0.7424622178077698 
vn 0.669887900352478 0 0.7424622178077698 
vn 0.669887900352478 0 0.7424622178077698 
vn -0.5006305575370789 -1.0354196476993274e-13 0.865661084651947 
vn -0.5006305575370789 -1.0354196476993274e-13 0.865661084651947 
vn -0.5006305575370789 -1.0354196476993274e-13 0.865661084651947 
vn -0.5006305575370789 -1.0354196476993274e-13 0.865661084651947 
vn -0.6698772311210632 0.0037782832514494658 -0.7424622178077698 
vn -0.6698772311210632 0.0037782832514494658 -0.7424622178077698 
vn -0.6698772311210632 0.0037782832514494658 -0.7424622178077698 
vn -0.6698772311210632 0.0037782832514494658 -0.7424622178077698 
vn 0.5006305575370789 0 -0.865661084651947 
vn 0.5006305575370789 0 -0.865661084651947 
vn 0.5006305575370789 0 -0.865661084651947 
vn 0.5006305575370789 0 -0.865661084651947 
vn 0.669887900352478 0 0.7424622178077698 
vn 0.669887900352478 0 0.7424622178077698 
vn 0.669887900352478 0 0.7424622178077698 
vn 0.669887900352478 0 0.7424622178077698 
vn -0.8097780346870422 -0.003768905298784375 0.5867242813110352 
vn -0.8097780346870422 -0.003768905298784375 0.5867242813110352 
vn -0.8097780346870422 -0.003768905298784375 0.5867242813110352 
vn -0.8097780346870422 -0.003768905298784375 0.5867242813110352 
vn 3.097898456858039e-13 -0.999997615814209 0.002184694167226553 
vn 3.097898456858039e-13 -0.999997615814209 0.002184694167226553 
vn 3.097898456858039e-13 -0.999997615814209 0.002184694167226553 
vn 3.097898456858039e-13 -0.999997615814209 0.002184694167226553 
vn -0.7439239621162415 -1.5386066173298657e-13 0.6682642698287964 
vn -0.7439239621162415 -1.5386066173298657e-13 0.6682642698287964 
vn -0.7439239621162415 -1.5386066173298657e-13 0.6682642698287964 
vn -0.7439239621162415 -1.5386066173298657e-13 0.6682642698287964 
vn 0.8097867965698242 0 0.5867242813110352 
vn 0.8097867965698242 0 0.5867242813110352 
vn 0.8097867965698242 0 0.5867242813110352 
vn 0.8097867965698242 0 0.5867242813110352 
vn 3.097898456858039e-13 -0.999997615814209 0.002184694167226553 
vn 3.097898456858039e-13 -0.999997615814209 0.002184694167226553 
vn 3.097898456858039e-13 -0.999997615814209 0.002184694167226553 
vn 3.097898456858039e-13 -0.999997615814209 0.002184694167226553 
vn 0.999997615814209 0 0.002184694167226553 
vn 0.999997615814209 0 0.002184694167226553 
vn 0.999997615814209 0 0.002184694167226553 
vn 0.999997615814209 0 0.002184694167226553 
vn 0.3094325065612793 0 -0.9509214162826538 
vn 0.3094325065612793 0 -0.9509214162826538 
vn 0.3094325065612793 0 -0.9509214162826538 
vn 0.3094325065612793 0 -0.9509214162826538 
vn -0.5006305575370789 -1.0354196476993274e-13 0.865661084651947 
vn -0.5006305575370789 -1.0354196476993274e-13 0.865661084651947 
vn -0.5006305575370789 -1.0354196476993274e-13 0.865661084651947 
vn -0.5006305575370789 -1.0354196476993274e-13 0.865661084651947 
vn 0.5006305575370789 0 0.865661084651947 
vn 0.5006305575370789 0 0.865661084651947 
vn 0.5006305575370789 0 0.865661084651947 
vn 0.5006305575370789 0 0.865661084651947 
vn -1.0341130485562108e-13 0.999997615814209 -0.002184694167226553 
vn -1.0341130485562108e-13 0.999997615814209 -0.002184694167226553 
vn -1.0341130485562108e-13 0.999997615814209 -0.002184694167226553 
vn -1.0341130485562108e-13 0.999997615814209 -0.002184694167226553 
vn -0.999997615814209 -2.0682260971124217e-13 0.002184694167226553 
vn -0.999997615814209 -2.0682260971124217e-13 0.002184694167226553 
vn -0.999997615814209 -2.0682260971124217e-13 0.002184694167226553 
vn -0.999997615814209 -2.0682260971124217e-13 0.002184694167226553 
vn 0.8667527437210083 0 -0.4987381398677826 
vn 0.8667527437210083 0 -0.4987381398677826 
vn 0.8667527437210083 0 -0.4987381398677826 
vn 0.8667527437210083 0 -0.4987381398677826 
vn -0.8667527437210083 -1.7926449441627718e-13 0.4987381398677826 
vn -0.8667527437210083 -1.7926449441627718e-13 0.4987381398677826 
vn -0.8667527437210083 -1.7926449441627718e-13 0.4987381398677826 
vn -0.8667527437210083 -1.7926449441627718e-13 0.4987381398677826 
vn 0.9141958951950073 0 -0.405272513628006 
vn 0.9141958951950073 0 -0.405272513628006 
vn 0.9141958951950073 0 -0.405272513628006 
vn 0.9141958951950073 0 -0.405272513628006 
vn 0.9141958951950073 0 0.405272513628006 
vn 0.9141958951950073 0 0.405272513628006 
vn 0.9141958951950073 0 0.405272513628006 
vn 0.9141958951950073 0 0.405272513628006 
vn -0.5006305575370789 -1.0354196476993274e-13 -0.865661084651947 
vn -0.5006305575370789 -1.0354196476993274e-13 -0.865661084651947 
vn -0.5006305575370789 -1.0354196476993274e-13 -0.865661084651947 
vn -0.5006305575370789 -1.0354196476993274e-13 -0.865661084651947 
vn -0.40726879239082336 -8.405173665361129e-14 0.913308322429657 
vn -0.40726879239082336 -8.405173665361129e-14 0.913308322429657 
vn -0.40726879239082336 -8.405173665361129e-14 0.913308322429657 
vn -0.40726879239082336 -8.405173665361129e-14 0.913308322429657 
vn 0.3094325065612793 0 0.9509214162826538 
vn 0.3094325065612793 0 0.9509214162826538 
vn 0.3094325065612793 0 0.9509214162826538 
vn 0.3094325065612793 0 0.9509214162826538 
vn -0.9141881465911865 0.0037740119732916355 -0.405272513628006 
vn -0.9141881465911865 0.0037740119732916355 -0.405272513628006 
vn -0.9141881465911865 0.0037740119732916355 -0.405272513628006 
vn -0.9141881465911865 0.0037740119732916355 -0.405272513628006 
vn -0.8097867965698242 -1.6748261848567592e-13 -0.5867242813110352 
vn -0.8097867965698242 -1.6748261848567592e-13 -0.5867242813110352 
vn -0.8097867965698242 -1.6748261848567592e-13 -0.5867242813110352 
vn -0.8097867965698242 -1.6748261848567592e-13 -0.5867242813110352 
vn 0.95159512758255 0 -0.30735430121421814 
vn 0.95159512758255 0 -0.30735430121421814 
vn 0.95159512758255 0 -0.30735430121421814 
vn 0.95159512758255 0 -0.30735430121421814 
vn -0.95159512758255 -1.9681185934455891e-13 0.30735430121421814 
vn -0.95159512758255 -1.9681185934455891e-13 0.30735430121421814 
vn -0.95159512758255 -1.9681185934455891e-13 0.30735430121421814 
vn -0.95159512758255 -1.9681185934455891e-13 0.30735430121421814 
vn 0.9785395264625549 0 0.2060592919588089 
vn 0.9785395264625549 0 0.2060592919588089 
vn 0.9785395264625549 0 0.2060592919588089 
vn 0.9785395264625549 0 0.2060592919588089 
vn -0.30940940976142883 0.0037824385799467564 -0.9509214162826538 
vn -0.30940940976142883 0.0037824385799467564 -0.9509214162826538 
vn -0.30940940976142883 0.0037824385799467564 -0.9509214162826538 
vn -0.30940940976142883 0.0037824385799467564 -0.9509214162826538 
vn -0.2081630676984787 0.0037373360246419907 0.9780870079994202 
vn -0.2081630676984787 0.0037373360246419907 0.9780870079994202 
vn -0.2081630676984787 0.0037373360246419907 0.9780870079994202 
vn -0.2081630676984787 0.0037373360246419907 0.9780870079994202 
vn 0.20819661021232605 0 -0.9780870079994202 
vn 0.20819661021232605 0 -0.9780870079994202 
vn 0.20819661021232605 0 -0.9780870079994202 
vn 0.20819661021232605 0 -0.9780870079994202 
vn 0.10467331111431122 0 0.9945066571235657 
vn 0.10467331111431122 0 0.9945066571235657 
vn 0.10467331111431122 0 0.9945066571235657 
vn 0.10467331111431122 0 0.9945066571235657 
vn 3.097898456858039e-13 -0.999997615814209 0.002184694167226553 
vn 3.097898456858039e-13 -0.999997615814209 0.002184694167226553 
vn 3.097898456858039e-13 -0.999997615814209 0.002184694167226553 
vn 3.097898456858039e-13 -0.999997615814209 0.002184694167226553 
vn 0.9947329759597778 0 -0.10250037163496017 
vn 0.9947329759597778 0 -0.10250037163496017 
vn 0.9947329759597778 0 -0.10250037163496017 
vn 0.9947329759597778 0 -0.10250037163496017 
vn 3.097898456858039e-13 -0.999997615814209 0.002184694167226553 
vn 3.097898456858039e-13 -0.999997615814209 0.002184694167226553 
vn 3.097898456858039e-13 -0.999997615814209 0.002184694167226553 
vn 3.097898456858039e-13 -0.999997615814209 0.002184694167226553 
vn -0.5006305575370789 -1.0354196476993274e-13 -0.865661084651947 
vn -0.5006305575370789 -1.0354196476993274e-13 -0.865661084651947 
vn -0.5006305575370789 -1.0354196476993274e-13 -0.865661084651947 
vn -0.5006305575370789 -1.0354196476993274e-13 -0.865661084651947 
vn 0.669887900352478 0 0.7424622178077698 
vn 0.669887900352478 0 0.7424622178077698 
vn 0.669887900352478 0 0.7424622178077698 
vn 0.669887900352478 0 0.7424622178077698 
vn -0.9947329759597778 -2.0573375902194213e-13 0.10250037163496017 
vn -0.9947329759597778 -2.0573375902194213e-13 0.10250037163496017 
vn -0.9947329759597778 -2.0573375902194213e-13 0.10250037163496017 
vn -0.9947329759597778 -2.0573375902194213e-13 0.10250037163496017 
vn 0.999997615814209 0 0.002184694167226553 
vn 0.999997615814209 0 0.002184694167226553 
vn 0.999997615814209 0 0.002184694167226553 
vn 0.999997615814209 0 0.002184694167226553 
vn -1.0341130485562108e-13 0.999997615814209 0.002184694167226553 
vn -1.0341130485562108e-13 0.999997615814209 0.002184694167226553 
vn -1.0341130485562108e-13 0.999997615814209 0.002184694167226553 
vn -1.0341130485562108e-13 0.999997615814209 0.002184694167226553 
vn 0.9947329759597778 0 0.10250037163496017 
vn 0.9947329759597778 0 0.10250037163496017 
vn 0.9947329759597778 0 0.10250037163496017 
vn 0.9947329759597778 0 0.10250037163496017 
vn -0.10467331111431122 -2.164885939514704e-14 0.9945066571235657 
vn -0.10467331111431122 -2.164885939514704e-14 0.9945066571235657 
vn -0.10467331111431122 -2.164885939514704e-14 0.9945066571235657 
vn -0.10467331111431122 -2.164885939514704e-14 0.9945066571235657 
vn -2.0682311115474694e-13 0 -1 
vn -2.0682311115474694e-13 0 -1 
vn -2.0682311115474694e-13 0 -1 
vn -2.0682311115474694e-13 0 -1 
vn -0.999997615814209 -2.0682260971124217e-13 0.002184694167226553 
vn -0.999997615814209 -2.0682260971124217e-13 0.002184694167226553 
vn -0.999997615814209 -2.0682260971124217e-13 0.002184694167226553 
vn -0.999997615814209 -2.0682260971124217e-13 0.002184694167226553 
vn 3.097898456858039e-13 -0.999997615814209 0.002184694167226553 
vn 3.097898456858039e-13 -0.999997615814209 0.002184694167226553 
vn 3.097898456858039e-13 -0.999997615814209 0.002184694167226553 
vn 3.097898456858039e-13 -0.999997615814209 0.002184694167226553 
vn -0.6698772311210632 0.0037782832514494658 -0.7424622178077698 
vn -0.6698772311210632 0.0037782832514494658 -0.7424622178077698 
vn -0.6698772311210632 0.0037782832514494658 -0.7424622178077698 
vn -0.6698772311210632 0.0037782832514494658 -0.7424622178077698 
vn 0.20819661021232605 0 0.9780870079994202 
vn 0.20819661021232605 0 0.9780870079994202 
vn 0.20819661021232605 0 0.9780870079994202 
vn 0.20819661021232605 0 0.9780870079994202 
vn 0.8097867965698242 0 0.5867242813110352 
vn 0.8097867965698242 0 0.5867242813110352 
vn 0.8097867965698242 0 0.5867242813110352 
vn 0.8097867965698242 0 0.5867242813110352 
vn 0.9785395264625549 0 -0.2060592919588089 
vn 0.9785395264625549 0 -0.2060592919588089 
vn 0.9785395264625549 0 -0.2060592919588089 
vn 0.9785395264625549 0 -0.2060592919588089 
vn 0.10467331111431122 0 -0.9945066571235657 
vn 0.10467331111431122 0 -0.9945066571235657 
vn 0.10467331111431122 0 -0.9945066571235657 
vn 0.10467331111431122 0 -0.9945066571235657 
vn -0.9947329759597778 -2.0573375902194213e-13 -0.10250037163496017 
vn -0.9947329759597778 -2.0573375902194213e-13 -0.10250037163496017 
vn -0.9947329759597778 -2.0573375902194213e-13 -0.10250037163496017 
vn -0.9947329759597778 -2.0573375902194213e-13 -0.10250037163496017 
vn 0.95159512758255 0 0.30735430121421814 
vn 0.95159512758255 0 0.30735430121421814 
vn 0.95159512758255 0 0.30735430121421814 
vn 0.95159512758255 0 0.30735430121421814 
vn -0.3094097673892975 0.0037532320711761713 0.9509214162826538 
vn -0.3094097673892975 0.0037532320711761713 0.9509214162826538 
vn -0.3094097673892975 0.0037532320711761713 0.9509214162826538 
vn -0.3094097673892975 0.0037532320711761713 0.9509214162826538 
vn -0.9785322546958923 0.00377198145724833 0.2060592919588089 
vn -0.9785322546958923 0.00377198145724833 0.2060592919588089 
vn -0.9785322546958923 0.00377198145724833 0.2060592919588089 
vn -0.9785322546958923 0.00377198145724833 0.2060592919588089 
vn 0.40726879239082336 0 0.913308322429657 
vn 0.40726879239082336 0 0.913308322429657 
vn 0.40726879239082336 0 0.913308322429657 
vn 0.40726879239082336 0 0.913308322429657 
vn -0.20816227793693542 0.0037805375177413225 -0.9780870079994202 
vn -0.20816227793693542 0.0037805375177413225 -0.9780870079994202 
vn -0.20816227793693542 0.0037805375177413225 -0.9780870079994202 
vn -0.20816227793693542 0.0037805375177413225 -0.9780870079994202 
vn 0.8667527437210083 0 0.4987381398677826 
vn 0.8667527437210083 0 0.4987381398677826 
vn 0.8667527437210083 0 0.4987381398677826 
vn 0.8667527437210083 0 0.4987381398677826 
vn 0.9141958951950073 0 -0.405272513628006 
vn 0.9141958951950073 0 -0.405272513628006 
vn 0.9141958951950073 0 -0.405272513628006 
vn 0.9141958951950073 0 -0.405272513628006 
vn 0.3094325065612793 0 -0.9509214162826538 
vn 0.3094325065612793 0 -0.9509214162826538 
vn 0.3094325065612793 0 -0.9509214162826538 
vn 0.3094325065612793 0 -0.9509214162826538 
vn -0.8097867965698242 -1.6748261848567592e-13 -0.5867242813110352 
vn -0.8097867965698242 -1.6748261848567592e-13 -0.5867242813110352 
vn -0.8097867965698242 -1.6748261848567592e-13 -0.5867242813110352 
vn -0.8097867965698242 -1.6748261848567592e-13 -0.5867242813110352 
vn 0.5884920358657837 0 0.8085030317306519 
vn 0.5884920358657837 0 0.8085030317306519 
vn 0.5884920358657837 0 0.8085030317306519 
vn 0.5884920358657837 0 0.8085030317306519 
vn -0.95159512758255 -1.9681185934455891e-13 -0.30735430121421814 
vn -0.95159512758255 -1.9681185934455891e-13 -0.30735430121421814 
vn -0.95159512758255 -1.9681185934455891e-13 -0.30735430121421814 
vn -0.95159512758255 -1.9681185934455891e-13 -0.30735430121421814 
vn 0.7439239621162415 0 0.6682642698287964 
vn 0.7439239621162415 0 0.6682642698287964 
vn 0.7439239621162415 0 0.6682642698287964 
vn 0.7439239621162415 0 0.6682642698287964 
vn -0.5006305575370789 -1.0354196476993274e-13 0.865661084651947 
vn -0.5006305575370789 -1.0354196476993274e-13 0.865661084651947 
vn -0.5006305575370789 -1.0354196476993274e-13 0.865661084651947 
vn -0.5006305575370789 -1.0354196476993274e-13 0.865661084651947 
vn -0.9141881465911865 0.0037740119732916355 0.405272513628006 
vn -0.9141881465911865 0.0037740119732916355 0.405272513628006 
vn -0.9141881465911865 0.0037740119732916355 0.405272513628006 
vn -0.9141881465911865 0.0037740119732916355 0.405272513628006 
vn 0.8097867965698242 0 -0.5867242813110352 
vn 0.8097867965698242 0 -0.5867242813110352 
vn 0.8097867965698242 0 -0.5867242813110352 
vn 0.8097867965698242 0 -0.5867242813110352 
vn 0.5006305575370789 0 -0.865661084651947 
vn 0.5006305575370789 0 -0.865661084651947 
vn 0.5006305575370789 0 -0.865661084651947 
vn 0.5006305575370789 0 -0.865661084651947 
vn -0.10460507124662399 -0.003778959158807993 -0.9945066571235657 
vn -0.10460507124662399 -0.003778959158807993 -0.9945066571235657 
vn -0.10460507124662399 -0.003778959158807993 -0.9945066571235657 
vn -0.10460507124662399 -0.003778959158807993 -0.9945066571235657 
vn -0.669887900352478 -1.3854829826812076e-13 0.7424622178077698 
vn -0.669887900352478 -1.3854829826812076e-13 0.7424622178077698 
vn -0.669887900352478 -1.3854829826812076e-13 0.7424622178077698 
vn -0.669887900352478 -1.3854829826812076e-13 0.7424622178077698 
vn -0.8097780346870422 0.003768905298784375 0.5867242813110352 
vn -0.8097780346870422 0.003768905298784375 0.5867242813110352 
vn -0.8097780346870422 0.003768905298784375 0.5867242813110352 
vn -0.8097780346870422 0.003768905298784375 0.5867242813110352 
vn 0.669887900352478 0 -0.7424622178077698 
vn 0.669887900352478 0 -0.7424622178077698 
vn 0.669887900352478 0 -0.7424622178077698 
vn 0.669887900352478 0 -0.7424622178077698 
vn 0.5006305575370789 0 0.865661084651947 
vn 0.5006305575370789 0 0.865661084651947 
vn 0.5006305575370789 0 0.865661084651947 
vn 0.5006305575370789 0 0.865661084651947 
vn -0.5884798765182495 0.0037807554472237825 -0.8085030317306519 
vn -0.5884798765182495 0.0037807554472237825 -0.8085030317306519 
vn -0.5884798765182495 0.0037807554472237825 -0.8085030317306519 
vn -0.5884798765182495 0.0037807554472237825 -0.8085030317306519 
vn -0.5006305575370789 -1.0354196476993274e-13 0.865661084651947 
vn -0.5006305575370789 -1.0354196476993274e-13 0.865661084651947 
vn -0.5006305575370789 -1.0354196476993274e-13 0.865661084651947 
vn -0.5006305575370789 -1.0354196476993274e-13 0.865661084651947 
vn -1.0341130485562108e-13 0.999997615814209 0.002184694167226553 
vn -1.0341130485562108e-13 0.999997615814209 0.002184694167226553 
vn -1.0341130485562108e-13 0.999997615814209 0.002184694167226553 
vn -1.0341130485562108e-13 0.999997615814209 0.002184694167226553 
vn -1.0341130485562108e-13 0.999997615814209 0.002184694167226553 
vn -1.0341130485562108e-13 0.999997615814209 0.002184694167226553 
vn -1.0341130485562108e-13 0.999997615814209 0.002184694167226553 
vn -1.0341130485562108e-13 0.999997615814209 0.002184694167226553 
vn -1.0341130485562108e-13 0.999997615814209 0.002184694167226553 
vn 0.10467331111431122 0 0.9945066571235657 
vn 0.10467331111431122 0 0.9945066571235657 
vn 0.10467331111431122 0 0.9945066571235657 
vn 0.10467331111431122 0 0.9945066571235657 
vn -0.9785395264625549 -2.0238457719597147e-13 -0.2060592919588089 
vn -0.9785395264625549 -2.0238457719597147e-13 -0.2060592919588089 
vn -0.9785395264625549 -2.0238457719597147e-13 -0.2060592919588089 
vn -0.9785395264625549 -2.0238457719597147e-13 -0.2060592919588089 
vn -0.999997615814209 -2.0682260971124217e-13 -0.002184694167226553 
vn -0.999997615814209 -2.0682260971124217e-13 -0.002184694167226553 
vn -0.999997615814209 -2.0682260971124217e-13 -0.002184694167226553 
vn -0.999997615814209 -2.0682260971124217e-13 -0.002184694167226553 
vn -0.9785322546958923 0.00377198145724833 0.2060592919588089 
vn -0.9785322546958923 0.00377198145724833 0.2060592919588089 
vn -0.9785322546958923 0.00377198145724833 0.2060592919588089 
vn -0.9785322546958923 0.00377198145724833 0.2060592919588089 
vn -0.3094097673892975 0.0037532320711761713 0.9509214162826538 
vn -0.3094097673892975 0.0037532320711761713 0.9509214162826538 
vn -0.3094097673892975 0.0037532320711761713 0.9509214162826538 
vn -0.3094097673892975 0.0037532320711761713 0.9509214162826538 
vn 0.999997615814209 0 0.002184694167226553 
vn 0.999997615814209 0 0.002184694167226553 
vn 0.999997615814209 0 0.002184694167226553 
vn 0.999997615814209 0 0.002184694167226553 
vn 0.9785395264625549 0 -0.2060592919588089 
vn 0.9785395264625549 0 -0.2060592919588089 
vn 0.9785395264625549 0 -0.2060592919588089 
vn 0.9785395264625549 0 -0.2060592919588089 
vn -0.10467331111431122 -2.164885939514704e-14 0.9945066571235657 
vn -0.10467331111431122 -2.164885939514704e-14 0.9945066571235657 
vn -0.10467331111431122 -2.164885939514704e-14 0.9945066571235657 
vn -0.10467331111431122 -2.164885939514704e-14 0.9945066571235657 
vn 3.097898456858039e-13 -0.999997615814209 -0.002184694167226553 
vn 3.097898456858039e-13 -0.999997615814209 -0.002184694167226553 
vn 3.097898456858039e-13 -0.999997615814209 -0.002184694167226553 
vn 3.097898456858039e-13 -0.999997615814209 -0.002184694167226553 
vn 0.8097867965698242 0 0.5867242813110352 
vn 0.8097867965698242 0 0.5867242813110352 
vn 0.8097867965698242 0 0.5867242813110352 
vn 0.8097867965698242 0 0.5867242813110352 
vn 3.097898456858039e-13 -0.999997615814209 0.002184694167226553 
vn 3.097898456858039e-13 -0.999997615814209 0.002184694167226553 
vn 3.097898456858039e-13 -0.999997615814209 0.002184694167226553 
vn 3.097898456858039e-13 -0.999997615814209 0.002184694167226553 
vn -0.9141881465911865 -0.0037740119732916355 -0.405272513628006 
vn -0.9141881465911865 -0.0037740119732916355 -0.405272513628006 
vn -0.9141881465911865 -0.0037740119732916355 -0.405272513628006 
vn -0.9141881465911865 -0.0037740119732916355 -0.405272513628006 
vn -0.8097780346870422 -0.003768905298784375 0.5867242813110352 
vn -0.8097780346870422 -0.003768905298784375 0.5867242813110352 
vn -0.8097780346870422 -0.003768905298784375 0.5867242813110352 
vn -0.8097780346870422 -0.003768905298784375 0.5867242813110352 
vn 0.9141958951950073 0 -0.405272513628006 
vn 0.9141958951950073 0 -0.405272513628006 
vn 0.9141958951950073 0 -0.405272513628006 
vn 0.9141958951950073 0 -0.405272513628006 
vn 0.5006305575370789 0 -0.865661084651947 
vn 0.5006305575370789 0 -0.865661084651947 
vn 0.5006305575370789 0 -0.865661084651947 
vn 0.5006305575370789 0 -0.865661084651947 
vn -0.3094097673892975 -0.0037532320711761713 0.9509214162826538 
vn -0.3094097673892975 -0.0037532320711761713 0.9509214162826538 
vn -0.3094097673892975 -0.0037532320711761713 0.9509214162826538 
vn -0.3094097673892975 -0.0037532320711761713 0.9509214162826538 
vn -0.9141881465911865 -0.0037740119732916355 0.405272513628006 
vn -0.9141881465911865 -0.0037740119732916355 0.405272513628006 
vn -0.9141881465911865 -0.0037740119732916355 0.405272513628006 
vn -0.9141881465911865 -0.0037740119732916355 0.405272513628006 
vn 0.9785395264625549 0 -0.2060592919588089 
vn 0.9785395264625549 0 -0.2060592919588089 
vn 0.9785395264625549 0 -0.2060592919588089 
vn 0.9785395264625549 0 -0.2060592919588089 
vn 0.3094325065612793 0 -0.9509214162826538 
vn 0.3094325065612793 0 -0.9509214162826538 
vn 0.3094325065612793 0 -0.9509214162826538 
vn 0.3094325065612793 0 -0.9509214162826538 
vn -0.10467331111431122 -2.164885939514704e-14 0.9945066571235657 
vn -0.10467331111431122 -2.164885939514704e-14 0.9945066571235657 
vn -0.10467331111431122 -2.164885939514704e-14 0.9945066571235657 
vn -0.10467331111431122 -2.164885939514704e-14 0.9945066571235657 
vn -0.9785322546958923 0.00377198145724833 0.2060592919588089 
vn -0.9785322546958923 0.00377198145724833 0.2060592919588089 
vn -0.9785322546958923 0.00377198145724833 0.2060592919588089 
vn -0.9785322546958923 0.00377198145724833 0.2060592919588089 
vn 0.10467331111431122 0 -0.9945066571235657 
vn 0.10467331111431122 0 -0.9945066571235657 
vn 0.10467331111431122 0 -0.9945066571235657 
vn 0.10467331111431122 0 -0.9945066571235657 
vn 0.10467331111431122 0 0.9945066571235657 
vn 0.10467331111431122 0 0.9945066571235657 
vn 0.10467331111431122 0 0.9945066571235657 
vn 0.10467331111431122 0 0.9945066571235657 
vn 0.9785395264625549 0 0.2060592919588089 
vn 0.9785395264625549 0 0.2060592919588089 
vn 0.9785395264625549 0 0.2060592919588089 
vn 0.9785395264625549 0 0.2060592919588089 
vn 0.3094325065612793 0 0.9509214162826538 
vn 0.3094325065612793 0 0.9509214162826538 
vn 0.3094325065612793 0 0.9509214162826538 
vn 0.3094325065612793 0 0.9509214162826538 
vn -0.9785395264625549 -2.0238457719597147e-13 -0.2060592919588089 
vn -0.9785395264625549 -2.0238457719597147e-13 -0.2060592919588089 
vn -0.9785395264625549 -2.0238457719597147e-13 -0.2060592919588089 
vn -0.9785395264625549 -2.0238457719597147e-13 -0.2060592919588089 
vn 0.9141958951950073 0 0.405272513628006 
vn 0.9141958951950073 0 0.405272513628006 
vn 0.9141958951950073 0 0.405272513628006 
vn 0.9141958951950073 0 0.405272513628006 
vn -0.30940940976142883 -0.0037824385799467564 -0.9509214162826538 
vn -0.30940940976142883 -0.0037824385799467564 -0.9509214162826538 
vn -0.30940940976142883 -0.0037824385799467564 -0.9509214162826538 
vn -0.30940940976142883 -0.0037824385799467564 -0.9509214162826538 
vn -0.9141881465911865 0.0037740119732916355 -0.405272513628006 
vn -0.9141881465911865 0.0037740119732916355 -0.405272513628006 
vn -0.9141881465911865 0.0037740119732916355 -0.405272513628006 
vn -0.9141881465911865 0.0037740119732916355 -0.405272513628006 
vn 0.8097867965698242 0 0.5867242813110352 
vn 0.8097867965698242 0 0.5867242813110352 
vn 0.8097867965698242 0 0.5867242813110352 
vn 0.8097867965698242 0 0.5867242813110352 
vn -0.5006305575370789 -1.0354196476993274e-13 -0.865661084651947 
vn -0.5006305575370789 -1.0354196476993274e-13 -0.865661084651947 
vn -0.5006305575370789 -1.0354196476993274e-13 -0.865661084651947 
vn -0.5006305575370789 -1.0354196476993274e-13 -0.865661084651947 
vn 0.669887900352478 0 0.7424622178077698 
vn 0.669887900352478 0 0.7424622178077698 
vn 0.669887900352478 0 0.7424622178077698 
vn 0.669887900352478 0 0.7424622178077698 
vn -0.6698772311210632 0.0037782832514494658 -0.7424622178077698 
vn -0.6698772311210632 0.0037782832514494658 -0.7424622178077698 
vn -0.6698772311210632 0.0037782832514494658 -0.7424622178077698 
vn -0.6698772311210632 0.0037782832514494658 -0.7424622178077698 
vn 0.8097867965698242 0 0.5867242813110352 
vn 0.8097867965698242 0 0.5867242813110352 
vn 0.8097867965698242 0 0.5867242813110352 
vn 0.8097867965698242 0 0.5867242813110352 
vn -0.6698772311210632 0.0037782832514494658 -0.7424622178077698 
vn -0.6698772311210632 0.0037782832514494658 -0.7424622178077698 
vn -0.6698772311210632 0.0037782832514494658 -0.7424622178077698 
vn -0.6698772311210632 0.0037782832514494658 -0.7424622178077698 
vn 0.5006305575370789 0 0.865661084651947 
vn 0.5006305575370789 0 0.865661084651947 
vn 0.5006305575370789 0 0.865661084651947 
vn 0.5006305575370789 0 0.865661084651947 
vn -0.8097867965698242 -1.6748261848567592e-13 -0.5867242813110352 
vn -0.8097867965698242 -1.6748261848567592e-13 -0.5867242813110352 
vn -0.8097867965698242 -1.6748261848567592e-13 -0.5867242813110352 
vn -0.8097867965698242 -1.6748261848567592e-13 -0.5867242813110352 
vn 0.9141958951950073 0 0.405272513628006 
vn 0.9141958951950073 0 0.405272513628006 
vn 0.9141958951950073 0 0.405272513628006 
vn 0.9141958951950073 0 0.405272513628006 
vn -0.5006305575370789 -1.0354196476993274e-13 -0.865661084651947 
vn -0.5006305575370789 -1.0354196476993274e-13 -0.865661084651947 
vn -0.5006305575370789 -1.0354196476993274e-13 -0.865661084651947 
vn -0.5006305575370789 -1.0354196476993274e-13 -0.865661084651947 
vn 0.3094325065612793 0 0.9509214162826538 
vn 0.3094325065612793 0 0.9509214162826538 
vn 0.3094325065612793 0 0.9509214162826538 
vn 0.3094325065612793 0 0.9509214162826538 
vn -0.9141881465911865 0.0037740119732916355 -0.405272513628006 
vn -0.9141881465911865 0.0037740119732916355 -0.405272513628006 
vn -0.9141881465911865 0.0037740119732916355 -0.405272513628006 
vn -0.9141881465911865 0.0037740119732916355 -0.405272513628006 
vn 0.9785395264625549 0 0.2060592919588089 
vn 0.9785395264625549 0 0.2060592919588089 
vn 0.9785395264625549 0 0.2060592919588089 
vn 0.9785395264625549 0 0.2060592919588089 
vn 0.10467331111431122 0 0.9945066571235657 
vn 0.10467331111431122 0 0.9945066571235657 
vn 0.10467331111431122 0 0.9945066571235657 
vn 0.10467331111431122 0 0.9945066571235657 
vn -0.9785395264625549 -2.0238457719597147e-13 -0.2060592919588089 
vn -0.9785395264625549 -2.0238457719597147e-13 -0.2060592919588089 
vn -0.9785395264625549 -2.0238457719597147e-13 -0.2060592919588089 
vn -0.9785395264625549 -2.0238457719597147e-13 -0.2060592919588089 
vn -0.10467331111431122 -2.164885939514704e-14 0.9945066571235657 
vn -0.10467331111431122 -2.164885939514704e-14 0.9945066571235657 
vn -0.10467331111431122 -2.164885939514704e-14 0.9945066571235657 
vn -0.10467331111431122 -2.164885939514704e-14 0.9945066571235657 
vn 0.10467331111431122 0 -0.9945066571235657 
vn 0.10467331111431122 0 -0.9945066571235657 
vn 0.10467331111431122 0 -0.9945066571235657 
vn 0.10467331111431122 0 -0.9945066571235657 
vn -0.3094097673892975 -0.0037532320711761713 0.9509214162826538 
vn -0.3094097673892975 -0.0037532320711761713 0.9509214162826538 
vn -0.3094097673892975 -0.0037532320711761713 0.9509214162826538 
vn -0.3094097673892975 -0.0037532320711761713 0.9509214162826538 
vn -1.0341130485562108e-13 0.999997615814209 -0.002184694167226553 
vn -1.0341130485562108e-13 0.999997615814209 -0.002184694167226553 
vn -1.0341130485562108e-13 0.999997615814209 -0.002184694167226553 
vn -1.0341130485562108e-13 0.999997615814209 -0.002184694167226553 
vn 0.8097867965698242 0 -0.5867242813110352 
vn 0.8097867965698242 0 -0.5867242813110352 
vn 0.8097867965698242 0 -0.5867242813110352 
vn 0.8097867965698242 0 -0.5867242813110352 
vn -0.669887900352478 -1.3854829826812076e-13 0.7424622178077698 
vn -0.669887900352478 -1.3854829826812076e-13 0.7424622178077698 
vn -0.669887900352478 -1.3854829826812076e-13 0.7424622178077698 
vn -0.669887900352478 -1.3854829826812076e-13 0.7424622178077698 
vn 0.669887900352478 0 -0.7424622178077698 
vn 0.669887900352478 0 -0.7424622178077698 
vn 0.669887900352478 0 -0.7424622178077698 
vn 0.669887900352478 0 -0.7424622178077698 
vn 0.8097867965698242 0 -0.5867242813110352 
vn 0.8097867965698242 0 -0.5867242813110352 
vn 0.8097867965698242 0 -0.5867242813110352 
vn 0.8097867965698242 0 -0.5867242813110352 
vn -0.5006305575370789 -1.0354196476993274e-13 0.865661084651947 
vn -0.5006305575370789 -1.0354196476993274e-13 0.865661084651947 
vn -0.5006305575370789 -1.0354196476993274e-13 0.865661084651947 
vn -0.5006305575370789 -1.0354196476993274e-13 0.865661084651947 
vn -0.8097780346870422 0.003768905298784375 0.5867242813110352 
vn -0.8097780346870422 0.003768905298784375 0.5867242813110352 
vn -0.8097780346870422 0.003768905298784375 0.5867242813110352 
vn -0.8097780346870422 0.003768905298784375 0.5867242813110352 
vn 0.9141958951950073 0 -0.405272513628006 
vn 0.9141958951950073 0 -0.405272513628006 
vn 0.9141958951950073 0 -0.405272513628006 
vn 0.9141958951950073 0 -0.405272513628006 
vn 0.5006305575370789 0 -0.865661084651947 
vn 0.5006305575370789 0 -0.865661084651947 
vn 0.5006305575370789 0 -0.865661084651947 
vn 0.5006305575370789 0 -0.865661084651947 
vn -0.3094097673892975 0.0037532320711761713 0.9509214162826538 
vn -0.3094097673892975 0.0037532320711761713 0.9509214162826538 
vn -0.3094097673892975 0.0037532320711761713 0.9509214162826538 
vn -0.3094097673892975 0.0037532320711761713 0.9509214162826538 
vn -0.9141881465911865 0.0037740119732916355 0.405272513628006 
vn -0.9141881465911865 0.0037740119732916355 0.405272513628006 
vn -0.9141881465911865 0.0037740119732916355 0.405272513628006 
vn -0.9141881465911865 0.0037740119732916355 0.405272513628006 
vn 0.9785395264625549 0 -0.2060592919588089 
vn 0.9785395264625549 0 -0.2060592919588089 
vn 0.9785395264625549 0 -0.2060592919588089 
vn 0.9785395264625549 0 -0.2060592919588089 
vn 0.9141958951950073 0 0.405272513628006 
vn 0.9141958951950073 0 0.405272513628006 
vn 0.9141958951950073 0 0.405272513628006 
vn 0.9141958951950073 0 0.405272513628006 
vn -0.9785322546958923 -0.00377198145724833 0.2060592919588089 
vn -0.9785322546958923 -0.00377198145724833 0.2060592919588089 
vn -0.9785322546958923 -0.00377198145724833 0.2060592919588089 
vn -0.9785322546958923 -0.00377198145724833 0.2060592919588089 
vn 3.097898456858039e-13 -0.999997615814209 0.002184694167226553 
vn 3.097898456858039e-13 -0.999997615814209 0.002184694167226553 
vn 3.097898456858039e-13 -0.999997615814209 0.002184694167226553 
vn 3.097898456858039e-13 -0.999997615814209 0.002184694167226553 
vn 3.097898456858039e-13 -0.999997615814209 0.002184694167226553 
vn 3.097898456858039e-13 -0.999997615814209 0.002184694167226553 
vn 3.097898456858039e-13 -0.999997615814209 0.002184694167226553 
vn 3.097898456858039e-13 -0.999997615814209 0.002184694167226553 
vn 0.10467331111431122 0 0.9945066571235657 
vn 0.10467331111431122 0 0.9945066571235657 
vn 0.10467331111431122 0 0.9945066571235657 
vn 0.10467331111431122 0 0.9945066571235657 
vn -0.40726879239082336 -8.405173665361129e-14 -0.913308322429657 
vn -0.40726879239082336 -8.405173665361129e-14 -0.913308322429657 
vn -0.40726879239082336 -8.405173665361129e-14 -0.913308322429657 
vn -0.40726879239082336 -8.405173665361129e-14 -0.913308322429657 
vn -0.9785395264625549 -2.0238457719597147e-13 -0.2060592919588089 
vn -0.9785395264625549 -2.0238457719597147e-13 -0.2060592919588089 
vn -0.9785395264625549 -2.0238457719597147e-13 -0.2060592919588089 
vn -0.9785395264625549 -2.0238457719597147e-13 -0.2060592919588089 
vn 0.9141958951950073 0 0.405272513628006 
vn 0.9141958951950073 0 0.405272513628006 
vn 0.9141958951950073 0 0.405272513628006 
vn 0.9141958951950073 0 0.405272513628006 
vn -0.30940940976142883 0.0037824385799467564 -0.9509214162826538 
vn -0.30940940976142883 0.0037824385799467564 -0.9509214162826538 
vn -0.30940940976142883 0.0037824385799467564 -0.9509214162826538 
vn -0.30940940976142883 0.0037824385799467564 -0.9509214162826538 
vn 0.3094325065612793 0 0.9509214162826538 
vn 0.3094325065612793 0 0.9509214162826538 
vn 0.3094325065612793 0 0.9509214162826538 
vn 0.3094325065612793 0 0.9509214162826538 
vn -0.10460507124662399 0.003778959158807993 -0.9945066571235657 
vn -0.10460507124662399 0.003778959158807993 -0.9945066571235657 
vn -0.10460507124662399 0.003778959158807993 -0.9945066571235657 
vn -0.10460507124662399 0.003778959158807993 -0.9945066571235657 
vn -0.7439143657684326 0.0037755994126200676 -0.6682642698287964 
vn -0.7439143657684326 0.0037755994126200676 -0.6682642698287964 
vn -0.7439143657684326 0.0037755994126200676 -0.6682642698287964 
vn -0.7439143657684326 0.0037755994126200676 -0.6682642698287964 
vn -0.40726879239082336 -8.405173665361129e-14 0.913308322429657 
vn -0.40726879239082336 -8.405173665361129e-14 0.913308322429657 
vn -0.40726879239082336 -8.405173665361129e-14 0.913308322429657 
vn -0.40726879239082336 -8.405173665361129e-14 0.913308322429657 
vn -1.0341130485562108e-13 0.999997615814209 -0.002184694167226553 
vn -1.0341130485562108e-13 0.999997615814209 -0.002184694167226553 
vn -1.0341130485562108e-13 0.999997615814209 -0.002184694167226553 
vn -1.0341130485562108e-13 0.999997615814209 -0.002184694167226553 
vn -0.8667445182800293 0.0037766648456454277 -0.4987381398677826 
vn -0.8667445182800293 0.0037766648456454277 -0.4987381398677826 
vn -0.8667445182800293 0.0037766648456454277 -0.4987381398677826 
vn -0.8667445182800293 0.0037766648456454277 -0.4987381398677826 
vn 3.097898456858039e-13 -0.999997615814209 0.002184694167226553 
vn 3.097898456858039e-13 -0.999997615814209 0.002184694167226553 
vn 3.097898456858039e-13 -0.999997615814209 0.002184694167226553 
vn 3.097898456858039e-13 -0.999997615814209 0.002184694167226553 
vn -0.5006305575370789 -1.0354196476993274e-13 -0.865661084651947 
vn -0.5006305575370789 -1.0354196476993274e-13 -0.865661084651947 
vn -0.5006305575370789 -1.0354196476993274e-13 -0.865661084651947 
vn -0.5006305575370789 -1.0354196476993274e-13 -0.865661084651947 
vn -0.669887900352478 -1.3854829826812076e-13 0.7424622178077698 
vn -0.669887900352478 -1.3854829826812076e-13 0.7424622178077698 
vn -0.669887900352478 -1.3854829826812076e-13 0.7424622178077698 
vn -0.669887900352478 -1.3854829826812076e-13 0.7424622178077698 
vn -0.9141881465911865 -0.0037740119732916355 -0.405272513628006 
vn -0.9141881465911865 -0.0037740119732916355 -0.405272513628006 
vn -0.9141881465911865 -0.0037740119732916355 -0.405272513628006 
vn -0.9141881465911865 -0.0037740119732916355 -0.405272513628006 
vn 3.097898456858039e-13 -0.999997615814209 -0.002184694167226553 
vn 3.097898456858039e-13 -0.999997615814209 -0.002184694167226553 
vn 3.097898456858039e-13 -0.999997615814209 -0.002184694167226553 
vn 3.097898456858039e-13 -0.999997615814209 -0.002184694167226553 
vn -0.10460507124662399 -0.003778959158807993 -0.9945066571235657 
vn -0.10460507124662399 -0.003778959158807993 -0.9945066571235657 
vn -0.10460507124662399 -0.003778959158807993 -0.9945066571235657 
vn -0.10460507124662399 -0.003778959158807993 -0.9945066571235657 
vn 0.10467331111431122 0 -0.9945066571235657 
vn 0.10467331111431122 0 -0.9945066571235657 
vn 0.10467331111431122 0 -0.9945066571235657 
vn 0.10467331111431122 0 -0.9945066571235657 
vn 0.7439239621162415 0 -0.6682642698287964 
vn 0.7439239621162415 0 -0.6682642698287964 
vn 0.7439239621162415 0 -0.6682642698287964 
vn 0.7439239621162415 0 -0.6682642698287964 
vn 0.669887900352478 0 -0.7424622178077698 
vn 0.669887900352478 0 -0.7424622178077698 
vn 0.669887900352478 0 -0.7424622178077698 
vn 0.669887900352478 0 -0.7424622178077698 
vn 0.999997615814209 0 0.002184694167226553 
vn 0.999997615814209 0 0.002184694167226553 
vn 0.999997615814209 0 0.002184694167226553 
vn 0.999997615814209 0 0.002184694167226553 
vn 0.999997615814209 0 0.002184694167226553 
vn 0.999997615814209 0 0.002184694167226553 
vn 0.999997615814209 0 0.002184694167226553 
vn 0.999997615814209 0 0.002184694167226553 
vn -1.0341130485562108e-13 0.999997615814209 0.002184694167226553 
vn -1.0341130485562108e-13 0.999997615814209 0.002184694167226553 
vn -1.0341130485562108e-13 0.999997615814209 0.002184694167226553 
vn -1.0341130485562108e-13 0.999997615814209 0.002184694167226553 
vn 0.999997615814209 0 0.002184694167226553 
vn 0.999997615814209 0 0.002184694167226553 
vn 0.999997615814209 0 0.002184694167226553 
vn 0.999997615814209 0 0.002184694167226553 
vn -1.0341130485562108e-13 0.999997615814209 0.002184694167226553 
vn -1.0341130485562108e-13 0.999997615814209 0.002184694167226553 
vn -1.0341130485562108e-13 0.999997615814209 0.002184694167226553 
vn -0.9141881465911865 -0.0037740119732916355 0.405272513628006 
vn -0.9141881465911865 -0.0037740119732916355 0.405272513628006 
vn -0.9141881465911865 -0.0037740119732916355 0.405272513628006 
vn -0.9141881465911865 -0.0037740119732916355 0.405272513628006 
vn -0.999997615814209 -2.0682260971124217e-13 0.002184694167226553 
vn -0.999997615814209 -2.0682260971124217e-13 0.002184694167226553 
vn -0.999997615814209 -2.0682260971124217e-13 0.002184694167226553 
vn -0.999997615814209 -2.0682260971124217e-13 0.002184694167226553 
vn -0.999997615814209 -2.0682260971124217e-13 0.002184694167226553 
vn -0.999997615814209 -2.0682260971124217e-13 0.002184694167226553 
vn -0.999997615814209 -2.0682260971124217e-13 0.002184694167226553 
vn -0.999997615814209 -2.0682260971124217e-13 0.002184694167226553 
vn -1.0341130485562108e-13 0.999997615814209 0.002184694167226553 
vn -1.0341130485562108e-13 0.999997615814209 0.002184694167226553 
vn -1.0341130485562108e-13 0.999997615814209 0.002184694167226553 
vn -1.0341130485562108e-13 0.999997615814209 0.002184694167226553 
vn -1.0341130485562108e-13 0.999997615814209 0.002184694167226553 
vn -1.0341130485562108e-13 0.999997615814209 0.002184694167226553 
vn -1.0341130485562108e-13 0.999997615814209 0.002184694167226553 
vn -1.0341130485562108e-13 0.999997615814209 0.002184694167226553 
vn -0.5884799361228943 0.0037653555627912283 0.8085030317306519 
vn -0.5884799361228943 0.0037653555627912283 0.8085030317306519 
vn -0.5884799361228943 0.0037653555627912283 0.8085030317306519 
vn -0.5884799361228943 0.0037653555627912283 0.8085030317306519 
vn 3.097898456858039e-13 -0.999997615814209 0.002184694167226553 
vn 3.097898456858039e-13 -0.999997615814209 0.002184694167226553 
vn 3.097898456858039e-13 -0.999997615814209 0.002184694167226553 
vn 3.097898456858039e-13 -0.999997615814209 0.002184694167226553 
vn -1.0341130485562108e-13 0.999997615814209 0.002184694167226553 
vn -1.0341130485562108e-13 0.999997615814209 0.002184694167226553 
vn -1.0341130485562108e-13 0.999997615814209 0.002184694167226553 
vn -1.0341130485562108e-13 0.999997615814209 0.002184694167226553 
vn -1.0341130485562108e-13 0.999997615814209 0.002184694167226553 
vn -1.0341130485562108e-13 0.999997615814209 0.002184694167226553 
vn -2.0682311115474694e-13 0 -1 
vn -2.0682311115474694e-13 0 -1 
vn -2.0682311115474694e-13 0 -1 
vn -2.0682311115474694e-13 0 -1 
vn 0.3094325065612793 0 -0.9509214162826538 
vn 0.3094325065612793 0 -0.9509214162826538 
vn 0.3094325065612793 0 -0.9509214162826538 
vn 0.3094325065612793 0 -0.9509214162826538 
vn -1.0341130485562108e-13 0.999997615814209 0.002184694167226553 
vn -1.0341130485562108e-13 0.999997615814209 0.002184694167226553 
vn -1.0341130485562108e-13 0.999997615814209 0.002184694167226553 
vn -1.0341130485562108e-13 0.999997615814209 0.002184694167226553 
vn 0.10467331111431122 0 -0.9945066571235657 
vn 0.10467331111431122 0 -0.9945066571235657 
vn 0.10467331111431122 0 -0.9945066571235657 
vn 0.10467331111431122 0 -0.9945066571235657 
vn -1.0341130485562108e-13 0.999997615814209 0.002184694167226553 
vn -1.0341130485562108e-13 0.999997615814209 0.002184694167226553 
vn -1.0341130485562108e-13 0.999997615814209 0.002184694167226553 
vn 0.9785395264625549 0 0.2060592919588089 
vn 0.9785395264625549 0 0.2060592919588089 
vn 0.9785395264625549 0 0.2060592919588089 
vn 0.9785395264625549 0 0.2060592919588089 
vn -0.10460507124662399 0.003778959158807993 -0.9945066571235657 
vn -0.10460507124662399 0.003778959158807993 -0.9945066571235657 
vn -0.10460507124662399 0.003778959158807993 -0.9945066571235657 
vn -0.10460507124662399 0.003778959158807993 -0.9945066571235657 
vn -1.0341130485562108e-13 0.999997615814209 0.002184694167226553 
vn -1.0341130485562108e-13 0.999997615814209 0.002184694167226553 
vn -1.0341130485562108e-13 0.999997615814209 0.002184694167226553 
vn -1.0341130485562108e-13 0.999997615814209 0.002184694167226553 
vn 0.5006305575370789 0 0.865661084651947 
vn 0.5006305575370789 0 0.865661084651947 
vn 0.5006305575370789 0 0.865661084651947 
vn 0.5006305575370789 0 0.865661084651947 
vn 0.7439239621162415 0 -0.6682642698287964 
vn 0.7439239621162415 0 -0.6682642698287964 
vn 0.7439239621162415 0 -0.6682642698287964 
vn 0.7439239621162415 0 -0.6682642698287964 
vn 0.9785395264625549 0 0.2060592919588089 
vn 0.9785395264625549 0 0.2060592919588089 
vn 0.9785395264625549 0 0.2060592919588089 
vn 0.9785395264625549 0 0.2060592919588089 
vn 3.097898456858039e-13 -0.999997615814209 0.002184694167226553 
vn 3.097898456858039e-13 -0.999997615814209 0.002184694167226553 
vn 3.097898456858039e-13 -0.999997615814209 0.002184694167226553 
vn 3.097898456858039e-13 -0.999997615814209 0.002184694167226553 
vn -0.10467331111431122 -2.164885939514704e-14 0.9945066571235657 
vn -0.10467331111431122 -2.164885939514704e-14 0.9945066571235657 
vn -0.10467331111431122 -2.164885939514704e-14 0.9945066571235657 
vn -0.10467331111431122 -2.164885939514704e-14 0.9945066571235657 
vn 0 0 1 
vn 0 0 1 
vn 0 0 1 
vn 0 0 1 
vn -0.999997615814209 -2.0682260971124217e-13 0.002184694167226553 
vn -0.999997615814209 -2.0682260971124217e-13 0.002184694167226553 
vn -0.999997615814209 -2.0682260971124217e-13 0.002184694167226553 
vn -0.999997615814209 -2.0682260971124217e-13 0.002184694167226553 
vn 0.9947329759597778 0 -0.10250037163496017 
vn 0.9947329759597778 0 -0.10250037163496017 
vn 0.9947329759597778 0 -0.10250037163496017 
vn 0.9947329759597778 0 -0.10250037163496017 
vn -1.0341130485562108e-13 0.999997615814209 0.002184694167226553 
vn -1.0341130485562108e-13 0.999997615814209 0.002184694167226553 
vn -1.0341130485562108e-13 0.999997615814209 0.002184694167226553 
vn -1.0341130485562108e-13 0.999997615814209 0.002184694167226553 
vn 0.3094325065612793 0 0.9509214162826538 
vn 0.3094325065612793 0 0.9509214162826538 
vn 0.3094325065612793 0 0.9509214162826538 
vn 0.3094325065612793 0 0.9509214162826538 
vn -0.30940940976142883 -0.0037824385799467564 -0.9509214162826538 
vn -0.30940940976142883 -0.0037824385799467564 -0.9509214162826538 
vn -0.30940940976142883 -0.0037824385799467564 -0.9509214162826538 
vn -0.30940940976142883 -0.0037824385799467564 -0.9509214162826538 
vn -1.0341130485562108e-13 0.999997615814209 -0.002184694167226553 
vn -1.0341130485562108e-13 0.999997615814209 -0.002184694167226553 
vn -1.0341130485562108e-13 0.999997615814209 -0.002184694167226553 
vn -1.0341130485562108e-13 0.999997615814209 -0.002184694167226553 
vn 3.097898456858039e-13 -0.999997615814209 0.002184694167226553 
vn 3.097898456858039e-13 -0.999997615814209 0.002184694167226553 
vn 3.097898456858039e-13 -0.999997615814209 0.002184694167226553 
vn 3.097898456858039e-13 -0.999997615814209 0.002184694167226553 
vn 0.3094325065612793 0 0.9509214162826538 
vn 0.3094325065612793 0 0.9509214162826538 
vn 0.3094325065612793 0 0.9509214162826538 
vn 0.3094325065612793 0 0.9509214162826538 
vn -0.8097867965698242 -1.6748261848567592e-13 -0.5867242813110352 
vn -0.8097867965698242 -1.6748261848567592e-13 -0.5867242813110352 
vn -0.8097867965698242 -1.6748261848567592e-13 -0.5867242813110352 
vn -0.8097867965698242 -1.6748261848567592e-13 -0.5867242813110352 
vn 0.5884920358657837 0 -0.8085030317306519 
vn 0.5884920358657837 0 -0.8085030317306519 
vn 0.5884920358657837 0 -0.8085030317306519 
vn 0.5884920358657837 0 -0.8085030317306519 
vn 3.097898456858039e-13 -0.999997615814209 0.002184694167226553 
vn 3.097898456858039e-13 -0.999997615814209 0.002184694167226553 
vn 3.097898456858039e-13 -0.999997615814209 0.002184694167226553 
vn 3.097898456858039e-13 -0.999997615814209 0.002184694167226553 
vn -0.6698772311210632 0.0037782832514494658 -0.7424622178077698 
vn -0.6698772311210632 0.0037782832514494658 -0.7424622178077698 
vn -0.6698772311210632 0.0037782832514494658 -0.7424622178077698 
vn -0.6698772311210632 0.0037782832514494658 -0.7424622178077698 
vn -0.999997615814209 -2.0682260971124217e-13 0.002184694167226553 
vn -0.999997615814209 -2.0682260971124217e-13 0.002184694167226553 
vn -0.999997615814209 -2.0682260971124217e-13 0.002184694167226553 
vn -0.999997615814209 -2.0682260971124217e-13 0.002184694167226553 
vn -0.9785395264625549 -2.0238457719597147e-13 -0.2060592919588089 
vn -0.9785395264625549 -2.0238457719597147e-13 -0.2060592919588089 
vn -0.9785395264625549 -2.0238457719597147e-13 -0.2060592919588089 
vn -0.9785395264625549 -2.0238457719597147e-13 -0.2060592919588089 
vn 0.40726879239082336 0 -0.913308322429657 
vn 0.40726879239082336 0 -0.913308322429657 
vn 0.40726879239082336 0 -0.913308322429657 
vn 0.40726879239082336 0 -0.913308322429657 
vn 0.5006305575370789 0 0.865661084651947 
vn 0.5006305575370789 0 0.865661084651947 
vn 0.5006305575370789 0 0.865661084651947 
vn 0.5006305575370789 0 0.865661084651947 
vn 0.9785395264625549 0 0.2060592919588089 
vn 0.9785395264625549 0 0.2060592919588089 
vn 0.9785395264625549 0 0.2060592919588089 
vn 0.9785395264625549 0 0.2060592919588089 
vn -0.5006305575370789 -1.0354196476993274e-13 -0.865661084651947 
vn -0.5006305575370789 -1.0354196476993274e-13 -0.865661084651947 
vn -0.5006305575370789 -1.0354196476993274e-13 -0.865661084651947 
vn -0.5006305575370789 -1.0354196476993274e-13 -0.865661084651947 
vn -1.0341130485562108e-13 0.999997615814209 0.002184694167226553 
vn -1.0341130485562108e-13 0.999997615814209 0.002184694167226553 
vn -1.0341130485562108e-13 0.999997615814209 0.002184694167226553 
vn -1.0341130485562108e-13 0.999997615814209 0.002184694167226553 
vn -1.0341130485562108e-13 0.999997615814209 0.002184694167226553 
vn -1.0341130485562108e-13 0.999997615814209 0.002184694167226553 
vn -1.0341130485562108e-13 0.999997615814209 0.002184694167226553 
vn -1.0341130485562108e-13 0.999997615814209 0.002184694167226553 
vn -1.0341130485562108e-13 0.999997615814209 -0.002184694167226553 
vn -1.0341130485562108e-13 0.999997615814209 -0.002184694167226553 
vn -1.0341130485562108e-13 0.999997615814209 -0.002184694167226553 
vn -1.0341130485562108e-13 0.999997615814209 0.002184694167226553 
vn -1.0341130485562108e-13 0.999997615814209 0.002184694167226553 
vn -1.0341130485562108e-13 0.999997615814209 0.002184694167226553 
vn -1.0341130485562108e-13 0.999997615814209 0.002184694167226553 
vn -1.0341130485562108e-13 0.999997615814209 0.002184694167226553 
vn -1.0341130485562108e-13 0.999997615814209 -0.002184694167226553 
vn -1.0341130485562108e-13 0.999997615814209 -0.002184694167226553 
vn -1.0341130485562108e-13 0.999997615814209 -0.002184694167226553 
vn -1.0341130485562108e-13 0.999997615814209 0.002184694167226553 
vn -1.0341130485562108e-13 0.999997615814209 -0.002184694167226553 
vn -1.0341130485562108e-13 0.999997615814209 -0.002184694167226553 
vn -1.0341130485562108e-13 0.999997615814209 -0.002184694167226553 
vn -1.0341130485562108e-13 0.999997615814209 0.002184694167226553 
vn -1.0341130485562108e-13 0.999997615814209 0.002184694167226553 
vn -1.0341130485562108e-13 0.999997615814209 0.002184694167226553 
vn -1.0341130485562108e-13 0.999997615814209 0.002184694167226553 
vn -1.0341130485562108e-13 0.999997615814209 0.002184694167226553 
vn -1.0341130485562108e-13 0.999997615814209 0.002184694167226553 
vn -1.0341130485562108e-13 0.999997615814209 -0.002184694167226553 
vn -1.0341130485562108e-13 0.999997615814209 -0.002184694167226553 
vn -1.0341130485562108e-13 0.999997615814209 -0.002184694167226553 
vn -1.0341130485562108e-13 0.999997615814209 0.002184694167226553 
vn -1.0341130485562108e-13 0.999997615814209 0.002184694167226553 
vn -1.0341130485562108e-13 0.999997615814209 0.002184694167226553 
vn -1.0341130485562108e-13 0.999997615814209 0.002184694167226553 
vn -1.0341130485562108e-13 0.999997615814209 0.002184694167226553 
vn -1.0341130485562108e-13 0.999997615814209 0.002184694167226553 
vn -1.0341130485562108e-13 0.999997615814209 -0.002184694167226553 
vn -1.0341130485562108e-13 0.999997615814209 -0.002184694167226553 
vn -1.0341130485562108e-13 0.999997615814209 -0.002184694167226553 
vn -1.0341130485562108e-13 0.999997615814209 0.002184694167226553 
vn -1.0341130485562108e-13 0.999997615814209 0.002184694167226553 
vn -1.0341130485562108e-13 0.999997615814209 0.002184694167226553 
vn -1.0341130485562108e-13 0.999997615814209 0.002184694167226553 
vn -1.0341130485562108e-13 0.999997615814209 0.002184694167226553 
vn -1.0341130485562108e-13 0.999997615814209 0.002184694167226553 
vn -1.0341130485562108e-13 0.999997615814209 0.002184694167226553 
vn -1.0341130485562108e-13 0.999997615814209 0.002184694167226553 
vn -1.0341130485562108e-13 0.999997615814209 0.002184694167226553 
vn -1.0341130485562108e-13 0.999997615814209 0.002184694167226553 
vn -1.0341130485562108e-13 0.999997615814209 0.002184694167226553 
vn -1.0341130485562108e-13 0.999997615814209 0.002184694167226553 
vn -1.0341130485562108e-13 0.999997615814209 0.002184694167226553 
vn -1.0341130485562108e-13 0.999997615814209 0.002184694167226553 
vn -1.0341130485562108e-13 0.999997615814209 0.002184694167226553 
vn -1.0341130485562108e-13 0.999997615814209 0.002184694167226553 
vn -1.0341130485562108e-13 0.999997615814209 0.002184694167226553 
vn -1.0341130485562108e-13 0.999997615814209 0.002184694167226553 
vn -1.0341130485562108e-13 0.999997615814209 0.002184694167226553 
vn -1.0341130485562108e-13 0.999997615814209 0.002184694167226553 
vn -1.0341130485562108e-13 0.999997615814209 0.002184694167226553 
vn -1.0341130485562108e-13 0.999997615814209 0.002184694167226553 
vn -1.0341130485562108e-13 0.999997615814209 0.002184694167226553 
vn -1.0341130485562108e-13 0.999997615814209 0.002184694167226553 
vn -1.0341130485562108e-13 0.999997615814209 0.002184694167226553 
vn -1.0341130485562108e-13 0.999997615814209 0.002184694167226553 
vn -1.0341130485562108e-13 0.999997615814209 0.002184694167226553 
vn -1.0341130485562108e-13 0.999997615814209 0.002184694167226553 
vn -1.0341130485562108e-13 0.999997615814209 0.002184694167226553 
vn -1.0341130485562108e-13 0.999997615814209 0.002184694167226553 
vn -1.0341130485562108e-13 0.999997615814209 0.002184694167226553 
vn -1.0341130485562108e-13 0.999997615814209 0.002184694167226553 
vn -1.0341130485562108e-13 0.999997615814209 0.002184694167226553 
vn -1.0341130485562108e-13 0.999997615814209 0.002184694167226553 
vn -1.0341130485562108e-13 0.999997615814209 0.002184694167226553 
vn -1.0341130485562108e-13 0.999997615814209 0.002184694167226553 
vn -1.0341130485562108e-13 0.999997615814209 0.002184694167226553 
vn -1.0341130485562108e-13 0.999997615814209 0.002184694167226553 
vn -1.0341130485562108e-13 0.999997615814209 0.002184694167226553 
vn -1.0341130485562108e-13 0.999997615814209 0.002184694167226553 
vn -1.0341130485562108e-13 0.999997615814209 0.002184694167226553 
vn -1.0341130485562108e-13 0.999997615814209 0.002184694167226553 
vn -1.0341130485562108e-13 0.999997615814209 0.002184694167226553 
vn -1.0341130485562108e-13 0.999997615814209 0.002184694167226553 
vn -1.0341130485562108e-13 0.999997615814209 0.002184694167226553 
vn -1.0341130485562108e-13 0.999997615814209 0.002184694167226553 
vn -1.0341130485562108e-13 0.999997615814209 0.002184694167226553 
vn -1.0341130485562108e-13 0.999997615814209 0.002184694167226553 
vn -1.0341130485562108e-13 0.999997615814209 0.002184694167226553 
vn -1.0341130485562108e-13 0.999997615814209 0.002184694167226553 
vn -1.0341130485562108e-13 0.999997615814209 0.002184694167226553 
vn -1.0341130485562108e-13 0.999997615814209 0.002184694167226553 
vn -1.0341130485562108e-13 0.999997615814209 0.002184694167226553 
vn -1.0341130485562108e-13 0.999997615814209 0.002184694167226553 
vn -1.0341130485562108e-13 0.999997615814209 -0.002184694167226553 
vn -1.0341130485562108e-13 0.999997615814209 -0.002184694167226553 
vn -1.0341130485562108e-13 0.999997615814209 -0.002184694167226553 
vn -1.0341130485562108e-13 0.999997615814209 0.002184694167226553 
vn -1.0341130485562108e-13 0.999997615814209 0.002184694167226553 
vn -1.0341130485562108e-13 0.999997615814209 0.002184694167226553 
vn -1.0341130485562108e-13 0.999997615814209 -0.002184694167226553 
vn -1.0341130485562108e-13 0.999997615814209 -0.002184694167226553 
vn -1.0341130485562108e-13 0.999997615814209 -0.002184694167226553 
vn -1.0341130485562108e-13 0.999997615814209 -0.002184694167226553 
vn -1.0341130485562108e-13 0.999997615814209 -0.002184694167226553 
vn -1.0341130485562108e-13 0.999997615814209 -0.002184694167226553 
vn -1.0341130485562108e-13 0.999997615814209 -0.002184694167226553 
vn -1.0341130485562108e-13 0.999997615814209 -0.002184694167226553 
vn -1.0341130485562108e-13 0.999997615814209 -0.002184694167226553 
vn -1.0341130485562108e-13 0.999997615814209 0.002184694167226553 
vn -1.0341130485562108e-13 0.999997615814209 0.002184694167226553 
vn -1.0341130485562108e-13 0.999997615814209 0.002184694167226553 
vn -1.0341130485562108e-13 0.999997615814209 -0.002184694167226553 
vn -1.0341130485562108e-13 0.999997615814209 -0.002184694167226553 
vn -1.0341130485562108e-13 0.999997615814209 -0.002184694167226553 
vn -1.0341130485562108e-13 0.999997615814209 -0.002184694167226553 
vn -1.0341130485562108e-13 0.999997615814209 -0.002184694167226553 
vn -1.0341130485562108e-13 0.999997615814209 -0.002184694167226553 
vn -1.0341130485562108e-13 0.999997615814209 -0.002184694167226553 
vn -1.0341130485562108e-13 0.999997615814209 -0.002184694167226553 
vn -1.0341130485562108e-13 0.999997615814209 -0.002184694167226553 
vn -1.0341130485562108e-13 0.999997615814209 0.002184694167226553 
vn -1.0341130485562108e-13 0.999997615814209 0.002184694167226553 
vn -1.0341130485562108e-13 0.999997615814209 0.002184694167226553 
vn -1.0341130485562108e-13 0.999997615814209 -0.002184694167226553 
vn -1.0341130485562108e-13 0.999997615814209 -0.002184694167226553 
vn -1.0341130485562108e-13 0.999997615814209 -0.002184694167226553 
vn -1.0341130485562108e-13 0.999997615814209 0.002184694167226553 
vn -1.0341130485562108e-13 0.999997615814209 0.002184694167226553 
vn -1.0341130485562108e-13 0.999997615814209 0.002184694167226553 
vn 0 0 1 
vn -1.0341130485562108e-13 0.999997615814209 0.002184694167226553 
vt 0.8462728261947632 0.9553301334381104 
vt 0.8438726663589478 0.9555965065956116 
vt 0.8438726663589478 0.9438754320144653 
vt 0.8414225578308105 0.9553301334381104 
vt 0.9901303052902222 0.7161809802055359 
vt 0.9901303052902222 0.7232735753059387 
vt 0.9830299019813538 0.7161809802055359 
vt 0.9846799969673157 0.7216086387634277 
vt 0.9294271469116211 0.7161809802055359 
vt 0.9277770519256592 0.7216086387634277 
vt 0.9223267436027527 0.7161809802055359 
vt 0.9223267436027527 0.7232735753059387 
vt 0.9277770519256592 0.799859881401062 
vt 0.9223267436027527 0.798194944858551 
vt 0.9294271469116211 0.8052875399589539 
vt 0.9830299019813538 0.8052875399589539 
vt 0.9846799969673157 0.799859881401062 
vt 0.9901303052902222 0.8052875399589539 
vt 0.9901303052902222 0.798194944858551 
vt 0.8215715289115906 0.875846803188324 
vt 0.8215715289115906 0.8726168870925903 
vt 0.8304219841957092 0.875846803188324 
vt 0.8284218907356262 0.8726168870925903 
vt 0.9108261466026306 0.9143397808074951 
vt 0.9201266765594482 0.9184687733650208 
vt 0.9098260998725891 0.916570782661438 
vt 0.9191266298294067 0.9206997752189636 
vt 0.9292271137237549 0.9024522304534912 
vt 0.9302771687507629 0.91260826587677 
vt 0.9267770051956177 0.9027186632156372 
vt 0.9278770685195923 0.9128746390342712 
vt 0.9098260998725891 0.9321210980415344 
vt 0.9191266298294067 0.9279588460922241 
vt 0.9108261466026306 0.9343520998954773 
vt 0.9201266765594482 0.9301897883415222 
vt 0.9390276670455933 0.9165041446685791 
vt 0.9472780823707581 0.9104771614074707 
vt 0.940477728843689 0.9184687733650208 
vt 0.9487281441688538 0.912475049495697 
vt 0.6270114183425903 0.9547973275184631 
vt 0.6252112984657288 0.9564622640609741 
vt 0.6217111349105835 0.9489368200302124 
vt 0.6199110746383667 0.950568437576294 
vt 0.6092104911804199 0.9473052024841309 
vt 0.6070603728294373 0.9460731744766235 
vt 0.6131606698036194 0.9404457211494446 
vt 0.6110106110572815 0.9392136931419373 
vt 0.9182765483856201 0.9426767230033875 
vt 0.9233767986297607 0.9338193535804749 
vt 0.9204266667366028 0.9439087510108948 
vt 0.9255269169807434 0.9350513815879822 
vt 0.5825591087341309 0.9565288424491882 
vt 0.5805590152740479 0.9550970196723938 
vt 0.5872093439102173 0.9501355290412903 
vt 0.5852092504501343 0.9487037062644958 
vt 0.6242612600326538 0.9404457211494446 
vt 0.6264113783836365 0.9392136931419373 
vt 0.628211498260498 0.9473052024841309 
vt 0.6303616166114807 0.9460731744766235 
vt 0.9223767518997192 0.9447745084762573 
vt 0.9255269169807434 0.9350513815879822 
vt 0.9246768951416016 0.9455071091651917 
vt 0.9278770685195923 0.9358172416687012 
vt 0.7421674132347107 0.945840060710907 
vt 0.7398172616958618 0.946605920791626 
vt 0.7397173047065735 0.9383146166801453 
vt 0.7374171614646912 0.9390804767608643 
vt 0.9302771687507629 0.9360836148262024 
vt 0.9292271137237549 0.9462063312530518 
vt 0.9267770051956177 0.94597327709198 
vt 0.9419777989387512 0.9230972528457642 
vt 0.9521782994270325 0.9230972528457642 
vt 0.9419777989387512 0.9255613684654236 
vt 0.9521782994270325 0.9255613684654236 
vt 0.9246768951416016 0.9031515121459961 
vt 0.9278770685195923 0.9128746390342712 
vt 0.9223767518997192 0.9039173722267151 
vt 0.9255269169807434 0.9136072397232056 
vt 0.6021101474761963 0.9392136931419373 
vt 0.6045602560043335 0.9392136931419373 
vt 0.6021101474761963 0.9471387267112732 
vt 0.6045602560043335 0.9471387267112732 
vt 0.9327273368835449 0.9358172416687012 
vt 0.933777391910553 0.94597327709198 
vt 0.9313772320747375 0.9462063312530518 
vt 0.6007600426673889 0.8897988796234131 
vt 0.6007600426673889 0.8865689039230347 
vt 0.6107605695724487 0.8897988796234131 
vt 0.608510434627533 0.8865689039230347 
vt 0.6612631678581238 0.9469721913337708 
vt 0.6588130593299866 0.9467058181762695 
vt 0.6621132493019104 0.9390804767608643 
vt 0.6596631407737732 0.9388474225997925 
vt 0.935077428817749 0.9350513815879822 
vt 0.9382275938987732 0.9447745084762573 
vt 0.9358775019645691 0.9455071091651917 
vt 0.7096657156944275 0.938814103603363 
vt 0.7120658159255981 0.9383146166801453 
vt 0.7113158106803894 0.9465726017951965 
vt 0.7137159109115601 0.9460398554801941 
vt 0.9414277672767639 0.9279588460922241 
vt 0.9507782459259033 0.9321210980415344 
vt 0.940477728843689 0.9301897883415222 
vt 0.9497781991958618 0.9343520998954773 
vt 0.8190714120864868 0.8726168870925903 
vt 0.8190714120864868 0.875846803188324 
vt 0.8126710653305054 0.8726168870925903 
vt 0.810820996761322 0.875846803188324 
vt 0.9401776790618896 0.9439087510108948 
vt 0.9422777891159058 0.9426767230033875 
vt 0.9371775388717651 0.9338193535804749 
vt 0.7470176815986633 0.946605920791626 
vt 0.744717538356781 0.945840060710907 
vt 0.7494677901268005 0.9390804767608643 
vt 0.7471176385879517 0.9383146166801453 
vt 0.940477728843689 0.9301897883415222 
vt 0.9487281441688538 0.9362168312072754 
vt 0.9390276670455933 0.9321877360343933 
vt 0.9472780823707581 0.938181459903717 
vt 0.9390276670455933 0.9321877360343933 
vt 0.9458280205726624 0.9397797584533691 
vt 0.9440279006958008 0.9414113759994507 
vt 0.6940149068832397 0.9455403685569763 
vt 0.691764771938324 0.9465393424034119 
vt 0.690814733505249 0.9383146166801453 
vt 0.6885645985603333 0.9393135905265808 
vt 0.8298719525337219 0.9301232099533081 
vt 0.8316720724105835 0.9284915924072266 
vt 0.8351222276687622 0.9360170364379883 
vt 0.8369723558425903 0.9343854188919067 
vt 0.8273218274116516 0.9333531856536865 
vt 0.8287218809127808 0.9313552379608154 
vt 0.8337221741676331 0.9379816651344299 
vt 0.8351222276687622 0.9360170364379883 
vt 0.8330221176147461 0.9275259375572205 
vt 0.8351222276687622 0.9262939095497131 
vt 0.8369723558425903 0.9343854188919067 
vt 0.8390724658966064 0.9331533908843994 
vt 0.6368119120597839 0.9388474225997925 
vt 0.6389620304107666 0.9400794506072998 
vt 0.6328617334365845 0.9456735849380493 
vt 0.6350118517875671 0.9469056129455566 
vt 0.5879594087600708 0.9406788349151611 
vt 0.5899595022201538 0.9392136931419373 
vt 0.5926096439361572 0.9470720887184143 
vt 0.5946097373962402 0.9456069469451904 
vt 0.8254717588424683 0.9370160102844238 
vt 0.8264718055725098 0.934785008430481 
vt 0.8327221274375916 0.9402459263801575 
vt 0.8337221741676331 0.9379816651344299 
vt 0.611310601234436 0.9564622640609741 
vt 0.6095104813575745 0.9547973275184631 
vt 0.6166108846664429 0.950568437576294 
vt 0.6147607564926147 0.9489368200302124 
vt 0.8244717121124268 0.9409785270690918 
vt 0.8249717354774475 0.9385809898376465 
vt 0.8321720957756042 0.942643404006958 
vt 0.8327221274375916 0.9402459263801575 
vt 0.8438726663589478 0.9321210980415344 
vt 0.8414225578308105 0.9323875308036804 
vt 0.8430226445198059 0.9242627024650574 
vt 0.8405725359916687 0.9245290756225586 
vt 0.8242716789245605 0.945074200630188 
vt 0.8242716789245605 0.942643404006958 
vt 0.8321720957756042 0.945074200630188 
vt 0.8321720957756042 0.942643404006958 
vt 0.8835747838020325 0.7851752638816833 
vt 0.8815746307373047 0.7819453477859497 
vt 0.8904250860214233 0.7851752638816833 
vt 0.8904250860214233 0.7819453477859497 
vt 0.8462728261947632 0.9323875308036804 
vt 0.8438726663589478 0.9321210980415344 
vt 0.847122848033905 0.9245290756225586 
vt 0.8446727395057678 0.9242627024650574 
vt 0.8249717354774475 0.9491366147994995 
vt 0.8244717121124268 0.946739137172699 
vt 0.8327221274375916 0.947504997253418 
vt 0.8321720957756042 0.945074200630188 
vt 0.8487229347229004 0.9248620867729187 
vt 0.8510730862617493 0.9256279468536377 
vt 0.8462728261947632 0.9323875308036804 
vt 0.8486229181289673 0.9331533908843994 
vt 0.85077303647995 0.9343854188919067 
vt 0.8525731563568115 0.9360170364379883 
vt 0.8327221274375916 0.947504997253418 
vt 0.8337221741676331 0.9497359991073608 
vt 0.8254717588424683 0.9507016539573669 
vt 0.8264718055725098 0.952932596206665 
vt 0.85077303647995 0.9343854188919067 
vt 0.8486229181289673 0.9331533908843994 
vt 0.8547232747077942 0.9275259375572205 
vt 0.8525731563568115 0.9262939095497131 
vt 0.8287218809127808 0.9563623666763306 
vt 0.8273218274116516 0.9543644785881042 
vt 0.8351222276687622 0.9517005681991577 
vt 0.8337221741676331 0.9497359991073608 
vt 0.8316720724105835 0.9592260122299194 
vt 0.8298719525337219 0.9575943946838379 
vt 0.8369723558425903 0.9533655047416687 
vt 0.8351222276687622 0.9517005681991577 
vt 0.7072656154632568 0.9366829991340637 
vt 0.7072656154632568 0.9334530830383301 
vt 0.7141159176826477 0.9366829991340637 
vt 0.7125658392906189 0.9334530830383301 
vt 0.6978651285171509 0.9366829991340637 
vt 0.6994152069091797 0.9334530830383301 
vt 0.7047154307365417 0.9366829991340637 
vt 0.7047154307365417 0.9334530830383301 
vt 0.9233767986297607 0.9148392677307129 
vt 0.9182765483856201 0.906015157699585 
vt 0.9204266667366028 0.9047831296920776 
vt 0.8540232181549072 0.9379816651344299 
vt 0.8525731563568115 0.9360170364379883 
vt 0.8604235649108887 0.9333531856536865 
vt 0.858973503112793 0.9313552379608154 
vt 0.8389724493026733 0.9628555178642273 
vt 0.8366222977638245 0.9620896577835083 
vt 0.8390724658966064 0.954597532749176 
vt 0.6832143664360046 0.9366829991340637 
vt 0.6855144500732422 0.9334530830383301 
vt 0.6934148669242859 0.9366829991340637 
vt 0.6934148669242859 0.9334530830383301 
vt 0.6704136729240417 0.9366829991340637 
vt 0.6704136729240417 0.9334530830383301 
vt 0.680614173412323 0.9366829991340637 
vt 0.6783140897750854 0.9334530830383301 
vt 0.5949097275733948 0.9487703442573547 
vt 0.5969098210334778 0.9502021670341492 
vt 0.5902594923973083 0.9551635980606079 
vt 0.5922595858573914 0.9565954208374023 
vt 0.8430226445198059 0.9634549021720886 
vt 0.8405725359916687 0.9631885290145874 
vt 0.8438726663589478 0.9555965065956116 
vt 0.8414225578308105 0.9553301334381104 
vt 0.8555232882499695 0.945074200630188 
vt 0.8555232882499695 0.942643404006958 
vt 0.8634237051010132 0.945074200630188 
vt 0.8634237051010132 0.942643404006958 
vt 0.6978651285171509 0.8905314207077026 
vt 0.6978651285171509 0.9366829991340637 
vt 0.6960650086402893 0.8905314207077026 
vt 0.6960650086402893 0.9366829991340637 
vt 0.842422604560852 0.875846803188324 
vt 0.842422604560852 0.8296952247619629 
vt 0.8409725427627563 0.875846803188324 
vt 0.8409725427627563 0.8296952247619629 
vt 0.8316720724105835 0.8296952247619629 
vt 0.8316720724105835 0.875846803188324 
vt 0.8304219841957092 0.8296952247619629 
vt 0.8304219841957092 0.875846803188324 
vt 0.6622132658958435 0.8465109467506409 
vt 0.6603631377220154 0.8432809710502625 
vt 0.6686135530471802 0.8465109467506409 
vt 0.6686135530471802 0.8432809710502625 
vt 0.8438726663589478 0.9555965065956116 
vt 0.8462728261947632 0.9553301334381104 
vt 0.8446727395057678 0.9634549021720886 
vt 0.847122848033905 0.9631885290145874 
vt 0.7125658392906189 0.9334530830383301 
vt 0.7125658392906189 0.893761396408081 
vt 0.7141159176826477 0.9366829991340637 
vt 0.7141159176826477 0.8905314207077026 
vt 0.9458280205726624 0.9089121222496033 
vt 0.9440279006958008 0.9072805047035217 
vt 0.9371775388717651 0.9148392677307129 
vt 0.810820996761322 0.875846803188324 
vt 0.810820996761322 0.8296952247619629 
vt 0.8126710653305054 0.8726168870925903 
vt 0.8126710653305054 0.8329252004623413 
vt 0.6994152069091797 0.893761396408081 
vt 0.6994152069091797 0.9334530830383301 
vt 0.6978651285171509 0.8905314207077026 
vt 0.6978651285171509 0.9366829991340637 
vt 0.7680187225341797 0.8774784207344055 
vt 0.7680187225341797 0.9235967397689819 
vt 0.7657686471939087 0.8774784207344055 
vt 0.7657686471939087 0.9235967397689819 
vt 0.9504282474517822 0.897590696811676 
vt 0.9504282474517822 0.857899010181427 
vt 0.9527283310890198 0.9008206129074097 
vt 0.9527283310890198 0.854702353477478 
vt 0.842422604560852 0.8296952247619629 
vt 0.842422604560852 0.875846803188324 
vt 0.8405725359916687 0.8329252004623413 
vt 0.8405725359916687 0.8726168870925903 
vt 0.8449727296829224 0.875846803188324 
vt 0.8449727296829224 0.8296952247619629 
vt 0.8470728397369385 0.8726168870925903 
vt 0.8470728397369385 0.8329252004623413 
vt 0.8369723558425903 0.9533655047416687 
vt 0.8390724658966064 0.954597532749176 
vt 0.8330221176147461 0.9601916670799255 
vt 0.8351222276687622 0.9614236950874329 
vt 0.8636237382888794 0.8726168870925903 
vt 0.8636237382888794 0.8329252004623413 
vt 0.8656238317489624 0.875846803188324 
vt 0.8656238317489624 0.8296952247619629 
vt 0.7624684572219849 0.8882671594619751 
vt 0.7624684572219849 0.9344187378883362 
vt 0.7601683139801025 0.8882671594619751 
vt 0.7601683139801025 0.9344187378883362 
vt 0.8405725359916687 0.8726168870925903 
vt 0.839122474193573 0.8726168870925903 
vt 0.8405725359916687 0.8329252004623413 
vt 0.839122474193573 0.8329252004623413 
vt 0.8778744339942932 0.8296952247619629 
vt 0.8778744339942932 0.875846803188324 
vt 0.8756743669509888 0.8329252004623413 
vt 0.8756743669509888 0.8726168870925903 
vt 0.8897250890731812 0.8296952247619629 
vt 0.8897250890731812 0.875846803188324 
vt 0.887624979019165 0.8329252004623413 
vt 0.887624979019165 0.8726168870925903 
vt 0.8624236583709717 0.8329252004623413 
vt 0.8636237382888794 0.8329252004623413 
vt 0.8624236583709717 0.8726168870925903 
vt 0.8636237382888794 0.8726168870925903 
vt 0.8510730862617493 0.9620896577835083 
vt 0.8487229347229004 0.9628555178642273 
vt 0.8486229181289673 0.954597532749176 
vt 0.8462728261947632 0.9553301334381104 
vt 0.7545680403709412 0.9344187378883362 
vt 0.7545680403709412 0.8882671594619751 
vt 0.7569682002067566 0.9344187378883362 
vt 0.7569682002067566 0.8882671594619751 
vt 0.8681739568710327 0.9639543890953064 
vt 0.8659738302230835 0.9639543890953064 
vt 0.8681739568710327 0.9242627024650574 
vt 0.8659738302230835 0.9242627024650574 
vt 0.8922252058982849 0.8804087042808533 
vt 0.8922252058982849 0.8342904448509216 
vt 0.8944753408432007 0.8771787881851196 
vt 0.8944753408432007 0.8375203609466553 
vt 0.67861407995224 0.8856698274612427 
vt 0.67861407995224 0.8460114598274231 
vt 0.6808142066001892 0.8888998031616211 
vt 0.6808142066001892 0.8427815437316895 
vt 0.8540232181549072 0.9497359991073608 
vt 0.8550232648849487 0.947504997253418 
vt 0.861223578453064 0.952932596206665 
vt 0.8622236251831055 0.9507016539573669 
vt 0.8730242252349854 0.9639543890953064 
vt 0.870724081993103 0.9639543890953064 
vt 0.8730242252349854 0.9242627024650574 
vt 0.870724081993103 0.9242627024650574 
vt 0.6364119052886963 0.9339858293533325 
vt 0.6379619836807251 0.9371824860572815 
vt 0.6311116218566895 0.9339858293533325 
vt 0.6311116218566895 0.9371824860572815 
vt 0.7513678669929504 0.8905314207077026 
vt 0.7513678669929504 0.9366829991340637 
vt 0.7489177584648132 0.8905314207077026 
vt 0.7489177584648132 0.9366829991340637 
vt 0.9125762581825256 0.897590696811676 
vt 0.9125762581825256 0.857899010181427 
vt 0.914876401424408 0.9008206129074097 
vt 0.914876401424408 0.854702353477478 
vt 0.8486229181289673 0.954597532749176 
vt 0.85077303647995 0.9533655047416687 
vt 0.8525731563568115 0.9614236950874329 
vt 0.8547232747077942 0.9601916670799255 
vt 0.9273770451545715 0.854702353477478 
vt 0.9273770451545715 0.9008206129074097 
vt 0.9251269102096558 0.857899010181427 
vt 0.9251269102096558 0.897590696811676 
vt 0.9204266667366028 0.8498075008392334 
vt 0.9222767949104309 0.853037416934967 
vt 0.9140263199806213 0.8498075008392334 
vt 0.9140263199806213 0.853037416934967 
vt 0.8779744505882263 0.9639543890953064 
vt 0.8755743503570557 0.9639543890953064 
vt 0.8779744505882263 0.9242627024650574 
vt 0.8755743503570557 0.9242627024650574 
vt 0.8525731563568115 0.9517005681991577 
vt 0.8540232181549072 0.9497359991073608 
vt 0.858973503112793 0.9563623666763306 
vt 0.8604235649108887 0.9543644785881042 
vt 0.85077303647995 0.9533655047416687 
vt 0.8525731563568115 0.9517005681991577 
vt 0.8560233116149902 0.9592260122299194 
vt 0.8578734397888184 0.9575943946838379 
vt 0.6832143664360046 0.9366829991340637 
vt 0.6832143664360046 0.8905314207077026 
vt 0.6855144500732422 0.9334530830383301 
vt 0.6855144500732422 0.893761396408081 
vt 0.9165764451026917 0.9414113759994507 
vt 0.9147263765335083 0.9397797584533691 
vt 0.9233767986297607 0.9338193535804749 
vt 0.921576738357544 0.9321877360343933 
vt 0.937777578830719 0.897590696811676 
vt 0.937777578830719 0.857899010181427 
vt 0.9400777220726013 0.9008206129074097 
vt 0.9400777220726013 0.854702353477478 
vt 0.8829247355461121 0.9639543890953064 
vt 0.8804745674133301 0.9639543890953064 
vt 0.8829247355461121 0.9242627024650574 
vt 0.8804745674133301 0.9242627024650574 
vt 0.6460124254226685 0.9486038088798523 
vt 0.6478624939918518 0.9502354264259338 
vt 0.6407621502876282 0.9544643759727478 
vt 0.642562210559845 0.956129252910614 
vt 0.7107157707214355 0.893761396408081 
vt 0.7125658392906189 0.893761396408081 
vt 0.7107157707214355 0.9334530830383301 
vt 0.7125658392906189 0.9334530830383301 
vt 0.8931752443313599 0.7897371649742126 
vt 0.8931752443313599 0.786507248878479 
vt 0.8984755277633667 0.7897371649742126 
vt 0.9000256061553955 0.786507248878479 
vt 0.6578130125999451 0.8862026333808899 
vt 0.6578130125999451 0.8894325494766235 
vt 0.6509626507759094 0.8862026333808899 
vt 0.6489625573158264 0.8894325494766235 
vt 0.8904250860214233 0.9492365121841431 
vt 0.8928752541542053 0.9492365121841431 
vt 0.8904250860214233 0.9889281988143921 
vt 0.8928752541542053 0.9889281988143921 
vt 0.9756295680999756 0.897590696811676 
vt 0.9756295680999756 0.857899010181427 
vt 0.9778796434402466 0.9008206129074097 
vt 0.9778796434402466 0.854702353477478 
vt 0.734516978263855 0.8905314207077026 
vt 0.734516978263855 0.9366829991340637 
vt 0.7321168780326843 0.8905314207077026 
vt 0.7321168780326843 0.9366829991340637 
vt 0.7433174848556519 0.9366829991340637 
vt 0.7433174848556519 0.8905314207077026 
vt 0.7457675933837891 0.9366829991340637 
vt 0.7457675933837891 0.8905314207077026 
vt 0.8000203967094421 0.8329252004623413 
vt 0.8000203967094421 0.8296952247619629 
vt 0.8064207434654236 0.8329252004623413 
vt 0.8082708120346069 0.8296952247619629 
vt 0.8977754712104797 0.9889281988143921 
vt 0.8953753709793091 0.9889281988143921 
vt 0.8977754712104797 0.9492365121841431 
vt 0.8953753709793091 0.9492365121841431 
vt 0.9414277672767639 0.9206997752189636 
vt 0.9507782459259033 0.916570782661438 
vt 0.9497781991958618 0.9143397808074951 
vt 0.9849300384521484 0.8069191575050354 
vt 0.9849300384521484 0.853037416934967 
vt 0.9826799035072327 0.810149073600769 
vt 0.9826799035072327 0.8498075008392334 
vt 0.9118762016296387 0.9362168312072754 
vt 0.9133263230323792 0.938181459903717 
vt 0.726516604423523 0.9366829991340637 
vt 0.726516604423523 0.8905314207077026 
vt 0.7288166880607605 0.9366829991340637 
vt 0.7288166880607605 0.8905314207077026 
vt 0.9003256559371948 0.9492365121841431 
vt 0.9026257395744324 0.9492365121841431 
vt 0.9003256559371948 0.9889281988143921 
vt 0.9026257395744324 0.9889281988143921 
vt 0.9650290012359619 0.810149073600769 
vt 0.9650290012359619 0.8498075008392334 
vt 0.9629288911819458 0.8069191575050354 
vt 0.9629288911819458 0.853037416934967 
vt 0.957628607749939 0.8498075008392334 
vt 0.957628607749939 0.810149073600769 
vt 0.9597787261009216 0.853037416934967 
vt 0.9597787261009216 0.8069191575050354 
vt 0.9419777989387512 0.9230972528457642 
vt 0.9519283175468445 0.9209994673728943 
vt 0.9514282941818237 0.9186019897460938 
vt 0.9051758646965027 0.9492365121841431 
vt 0.9074259996414185 0.9492365121841431 
vt 0.9051758646965027 0.9889281988143921 
vt 0.9074259996414185 0.9889281988143921 
vt 0.8283718824386597 0.7819453477859497 
vt 0.8283718824386597 0.7851752638816833 
vt 0.8186714053153992 0.7819453477859497 
vt 0.8208714723587036 0.7851752638816833 
vt 0.7055155038833618 0.9465726017951965 
vt 0.7031153440475464 0.9460398554801941 
vt 0.7071655988693237 0.938814103603363 
vt 0.7047654390335083 0.9383146166801453 
vt 0.9473780989646912 0.8069191575050354 
vt 0.9473780989646912 0.853037416934967 
vt 0.945277988910675 0.810149073600769 
vt 0.945277988910675 0.8498075008392334 
vt 0.7186161875724792 0.9465726017951965 
vt 0.7162160277366638 0.9460398554801941 
vt 0.7202662825584412 0.938814103603363 
vt 0.7178661227226257 0.9383146166801453 
vt 0.7190161943435669 0.8905314207077026 
vt 0.7190161943435669 0.9366829991340637 
vt 0.7168660759925842 0.8905314207077026 
vt 0.7168660759925842 0.9366829991340637 
vt 0.5995599627494812 0.9471387267112732 
vt 0.597109854221344 0.9471387267112732 
vt 0.5995599627494812 0.9392136931419373 
vt 0.597109854221344 0.9392136931419373 
vt 0.9099261164665222 0.9478712677955627 
vt 0.9120762348175049 0.9478712677955627 
vt 0.9099261164665222 0.9875296354293823 
vt 0.9120762348175049 0.9875296354293823 
vt 0.5884594321250916 0.9343520998954773 
vt 0.5907595157623291 0.9375820755958557 
vt 0.5805590152740479 0.9343520998954773 
vt 0.5805590152740479 0.9375820755958557 
vt 0.9287270903587341 0.810149073600769 
vt 0.9287270903587341 0.8498075008392334 
vt 0.9268770217895508 0.8069191575050354 
vt 0.9268770217895508 0.853037416934967 
vt 0.808120846748352 0.7851752638816833 
vt 0.8058207035064697 0.7819453477859497 
vt 0.8159712553024292 0.7851752638816833 
vt 0.8159712553024292 0.7819453477859497 
vt 0.9237268567085266 0.8069191575050354 
vt 0.9237268567085266 0.853037416934967 
vt 0.9222767949104309 0.8069191575050354 
vt 0.9222767949104309 0.853037416934967 
vt 0.9204266667366028 0.8498075008392334 
vt 0.9218767285346985 0.8498075008392334 
vt 0.9204266667366028 0.810149073600769 
vt 0.9218767285346985 0.810149073600769 
vt 0.5982599258422852 0.8865689039230347 
vt 0.5982599258422852 0.8897988796234131 
vt 0.5903595089912415 0.8865689039230347 
vt 0.5880593657493591 0.8897988796234131 
vt 0.7902699112892151 0.8329252004623413 
vt 0.788169801235199 0.8296952247619629 
vt 0.7975202798843384 0.8329252004623413 
vt 0.7975202798843384 0.8296952247619629 
vt 0.6364119052886963 0.9339858293533325 
vt 0.6364119052886963 0.8942941427230835 
vt 0.6379619836807251 0.9371824860572815 
vt 0.6379619836807251 0.8910641670227051 
vt 0.9519283175468445 0.9276924133300781 
vt 0.9514282941818237 0.9300899505615234 
vt 0.9419777989387512 0.9255613684654236 
vt 0.9204266667366028 0.8498075008392334 
vt 0.9204266667366028 0.810149073600769 
vt 0.9222767949104309 0.853037416934967 
vt 0.9222767949104309 0.8069191575050354 
vt 0.6132606863975525 0.8897988796234131 
vt 0.6155108213424683 0.8865689039230347 
vt 0.6232612133026123 0.8897988796234131 
vt 0.6232612133026123 0.8865689039230347 
vt 0.6962650418281555 0.8460114598274231 
vt 0.6980651021003723 0.8460114598274231 
vt 0.6962650418281555 0.8856698274612427 
vt 0.6980651021003723 0.8856698274612427 
vt 0.7141159176826477 0.8905314207077026 
vt 0.7125658392906189 0.893761396408081 
vt 0.7072656154632568 0.8905314207077026 
vt 0.7072656154632568 0.893761396408081 
vt 0.6994152069091797 0.893761396408081 
vt 0.6978651285171509 0.8905314207077026 
vt 0.7047154307365417 0.893761396408081 
vt 0.7047154307365417 0.8905314207077026 
vt 0.6330116987228394 0.8862026333808899 
vt 0.6351118087768555 0.8894325494766235 
vt 0.6257613301277161 0.8862026333808899 
vt 0.6257613301277161 0.8894325494766235 
vt 0.7823694944381714 0.7851752638816833 
vt 0.7802193760871887 0.7819453477859497 
vt 0.789919912815094 0.7851752638816833 
vt 0.789919912815094 0.7819453477859497 
vt 0.9059759378433228 0.810149073600769 
vt 0.9059759378433228 0.8498075008392334 
vt 0.904425859451294 0.8069191575050354 
vt 0.904425859451294 0.853037416934967 
vt 0.637611985206604 0.8894325494766235 
vt 0.639612078666687 0.8862026333808899 
vt 0.6464624404907227 0.8894325494766235 
vt 0.6464624404907227 0.8862026333808899 
vt 0.6962650418281555 0.8460114598274231 
vt 0.6962650418281555 0.8856698274612427 
vt 0.6947149634361267 0.8427815437316895 
vt 0.6947149634361267 0.8888998031616211 
vt 0.6509626507759094 0.8465109467506409 
vt 0.6489625573158264 0.8432809710502625 
vt 0.6578130125999451 0.8465109467506409 
vt 0.6578130125999451 0.8432809710502625 
vt 0.9059759378433228 0.810149073600769 
vt 0.904425859451294 0.8069191575050354 
vt 0.911226212978363 0.810149073600769 
vt 0.911226212978363 0.8069191575050354 
vt 0.6603631377220154 0.8894325494766235 
vt 0.6622132658958435 0.8862026333808899 
vt 0.6686135530471802 0.8894325494766235 
vt 0.6686135530471802 0.8862026333808899 
vt 0.7005652189254761 0.9460398554801941 
vt 0.6981651186943054 0.9465726017951965 
vt 0.6989151835441589 0.9383146166801453 
vt 0.6965150237083435 0.938814103603363 
vt 0.9000256061553955 0.8326255083084106 
vt 0.9000256061553955 0.786507248878479 
vt 0.9018257260322571 0.8326255083084106 
vt 0.9018257260322571 0.786507248878479 
vt 0.7104657292366028 0.8856698274612427 
vt 0.7104657292366028 0.8460114598274231 
vt 0.7123158574104309 0.8888998031616211 
vt 0.7123158574104309 0.8427815437316895 
vt 0.642312228679657 0.9388474225997925 
vt 0.6447123289108276 0.9390804767608643 
vt 0.6414621472358704 0.9467058181762695 
vt 0.6439123153686523 0.9469721913337708 
vt 0.6855144500732422 0.893761396408081 
vt 0.6832143664360046 0.8905314207077026 
vt 0.6934148669242859 0.893761396408081 
vt 0.6934148669242859 0.8905314207077026 
vt 0.6711137294769287 0.8888998031616211 
vt 0.6711137294769287 0.8856698274612427 
vt 0.6808142066001892 0.8888998031616211 
vt 0.67861407995224 0.8856698274612427 
vt 0.6464624404907227 0.8432809710502625 
vt 0.6464624404907227 0.8465109467506409 
vt 0.637611985206604 0.8432809710502625 
vt 0.639612078666687 0.8465109467506409 
vt 0.8815746307373047 0.8280636072158813 
vt 0.8815746307373047 0.7819453477859497 
vt 0.8835747838020325 0.8248336911201477 
vt 0.8835747838020325 0.7851752638816833 
vt 0.90842604637146 0.9230972528457642 
vt 0.918626606464386 0.9230972528457642 
vt 0.90842604637146 0.9255613684654236 
vt 0.918626606464386 0.9255613684654236 
vt 0.6704136729240417 0.893761396408081 
vt 0.6704136729240417 0.8905314207077026 
vt 0.6783140897750854 0.893761396408081 
vt 0.680614173412323 0.8905314207077026 
vt 0.8583234548568726 0.7851752638816833 
vt 0.8595235347747803 0.7851752638816833 
vt 0.8583234548568726 0.8248336911201477 
vt 0.8595235347747803 0.8248336911201477 
vt 0.8815746307373047 0.7819453477859497 
vt 0.8815746307373047 0.8280636072158813 
vt 0.8803746104240417 0.7819453477859497 
vt 0.8803746104240417 0.8280636072158813 
vt 0.6351118087768555 0.8432809710502625 
vt 0.6330116987228394 0.8465109467506409 
vt 0.6257613301277161 0.8432809710502625 
vt 0.6257613301277161 0.8465109467506409 
vt 0.8755743503570557 0.8248336911201477 
vt 0.8755743503570557 0.7851752638816833 
vt 0.8776744604110718 0.8280636072158813 
vt 0.8776744604110718 0.7819453477859497 
vt 0.8583234548568726 0.7851752638816833 
vt 0.8583234548568726 0.8248336911201477 
vt 0.8563233613967896 0.7819453477859497 
vt 0.8563233613967896 0.8280636072158813 
vt 0.9145763516426086 0.9478712677955627 
vt 0.9168264865875244 0.9478712677955627 
vt 0.9145763516426086 0.9875296354293823 
vt 0.9168264865875244 0.9875296354293823 
vt 0.8456727862358093 0.7851752638816833 
vt 0.8456727862358093 0.8248336911201477 
vt 0.8435226678848267 0.7819453477859497 
vt 0.8435226678848267 0.8280636072158813 
vt 0.8335721492767334 0.7851752638816833 
vt 0.8335721492767334 0.8248336911201477 
vt 0.8314720392227173 0.7819453477859497 
vt 0.8314720392227173 0.8280636072158813 
vt 0.9140263199806213 0.810149073600769 
vt 0.9140263199806213 0.8069191575050354 
vt 0.9204266667366028 0.810149073600769 
vt 0.9222767949104309 0.8069191575050354 
vt 0.9193266034126282 0.9478712677955627 
vt 0.921676754951477 0.9478712677955627 
vt 0.9193266034126282 0.9875296354293823 
vt 0.921676754951477 0.9875296354293823 
vt 0.6599631309509277 0.9371824860572815 
vt 0.6599631309509277 0.8910641670227051 
vt 0.6623132228851318 0.9371824860572815 
vt 0.6623132228851318 0.8910641670227051 
vt 0.7356170415878296 0.8427815437316895 
vt 0.7356170415878296 0.8888998031616211 
vt 0.7333669662475586 0.8460114598274231 
vt 0.7333669662475586 0.8856698274612427 
vt 0.8186714053153992 0.8280636072158813 
vt 0.8186714053153992 0.7819453477859497 
vt 0.8208714723587036 0.8248336911201477 
vt 0.8208714723587036 0.7851752638816833 
vt 0.9265769720077515 0.9875296354293823 
vt 0.9241768717765808 0.9875296354293823 
vt 0.9265769720077515 0.9478712677955627 
vt 0.9241768717765808 0.9478712677955627 
vt 0.6423622369766235 0.9371824860572815 
vt 0.6423622369766235 0.8910641670227051 
vt 0.6447623372077942 0.9371824860572815 
vt 0.6447623372077942 0.8910641670227051 
vt 0.7381172180175781 0.8888998031616211 
vt 0.7381172180175781 0.8427815437316895 
vt 0.7404173016548157 0.8856698274612427 
vt 0.7404173016548157 0.8460114598274231 
vt 0.7252165079116821 0.9383146166801453 
vt 0.727566659450531 0.9390804767608643 
vt 0.7228164076805115 0.945840060710907 
vt 0.725116491317749 0.946605920791626 
vt 0.9315772652626038 0.9875296354293823 
vt 0.9291270971298218 0.9875296354293823 
vt 0.9315772652626038 0.9478712677955627 
vt 0.9291270971298218 0.9478712677955627 
vt 0.60651034116745 0.9553301334381104 
vt 0.6045102477073669 0.9567619562149048 
vt 0.6018601059913635 0.9489368200302124 
vt 0.5998600125312805 0.9503686428070068 
vt 0.6902146935462952 0.8856698274612427 
vt 0.6921647787094116 0.8888998031616211 
vt 0.6833643317222595 0.8856698274612427 
vt 0.6833643317222595 0.8888998031616211 
vt 0.6311116218566895 0.8942941427230835 
vt 0.6311116218566895 0.8910641670227051 
vt 0.6364119052886963 0.8942941427230835 
vt 0.6379619836807251 0.8910641670227051 
vt 0.6255113482475281 0.9371824860572815 
vt 0.6255113482475281 0.8910641670227051 
vt 0.6279614567756653 0.9371824860572815 
vt 0.6279614567756653 0.8910641670227051 
vt 0.5884594321250916 0.9343520998954773 
vt 0.5884594321250916 0.8946937322616577 
vt 0.5907595157623291 0.9375820755958557 
vt 0.5907595157623291 0.8914637565612793 
vt 0.9422777891159058 0.906015157699585 
vt 0.9371775388717651 0.9148392677307129 
vt 0.9401776790618896 0.9047831296920776 
vt 0.935077428817749 0.9136072397232056 
vt 0.9414777755737305 0.9875296354293823 
vt 0.939077615737915 0.9875296354293823 
vt 0.9414777755737305 0.9478712677955627 
vt 0.939077615737915 0.9478712677955627 
vt 0.7632684707641602 0.875846803188324 
vt 0.7632684707641602 0.8296952247619629 
vt 0.7655686140060425 0.8726168870925903 
vt 0.7655686140060425 0.8329252004623413 
vt 0.6199110746383667 0.9375820755958557 
vt 0.6199110746383667 0.8914637565612793 
vt 0.6223611831665039 0.9375820755958557 
vt 0.6223611831665039 0.8914637565612793 
vt 0.5880593657493591 0.8897988796234131 
vt 0.5880593657493591 0.8436805605888367 
vt 0.5903595089912415 0.8865689039230347 
vt 0.5903595089912415 0.8469105362892151 
vt 0.6838143467903137 0.9383146166801453 
vt 0.6860144734382629 0.9393135905265808 
vt 0.6805642247200012 0.9455403685569763 
vt 0.6828143000602722 0.9465393424034119 
vt 0.6962650418281555 0.8460114598274231 
vt 0.6947149634361267 0.8427815437316895 
vt 0.7015153169631958 0.8460114598274231 
vt 0.7015153169631958 0.8427815437316895 
vt 0.9440279006958008 0.9478712677955627 
vt 0.9464280009269714 0.9478712677955627 
vt 0.9440279006958008 0.9875296354293823 
vt 0.9464280009269714 0.9875296354293823 
vt 0.7123158574104309 0.8427815437316895 
vt 0.7104657292366028 0.8460114598274231 
vt 0.7040654420852661 0.8427815437316895 
vt 0.7040654420852661 0.8460114598274231 
vt 0.608510434627533 0.8865689039230347 
vt 0.608510434627533 0.8469105362892151 
vt 0.6107605695724487 0.8897988796234131 
vt 0.6107605695724487 0.8436805605888367 
vt 0.7953201532363892 0.7851752638816833 
vt 0.7953201532363892 0.8248336911201477 
vt 0.7930200695991516 0.7819453477859497 
vt 0.7930200695991516 0.8280636072158813 
vt 0.6143107414245605 0.9375820755958557 
vt 0.6143107414245605 0.8914637565612793 
vt 0.6167609095573425 0.9375820755958557 
vt 0.6167609095573425 0.8914637565612793 
vt 0.94892817735672 0.9478712677955627 
vt 0.9512782692909241 0.9478712677955627 
vt 0.94892817735672 0.9875296354293823 
vt 0.9512782692909241 0.9875296354293823 
vt 0.7781692743301392 0.8329252004623413 
vt 0.7781692743301392 0.8726168870925903 
vt 0.7759691476821899 0.8296952247619629 
vt 0.7759691476821899 0.875846803188324 
vt 0.6155108213424683 0.8469105362892151 
vt 0.6155108213424683 0.8865689039230347 
vt 0.6132606863975525 0.8436805605888367 
vt 0.6132606863975525 0.8897988796234131 
vt 0.9537783861160278 0.9478712677955627 
vt 0.9560285210609436 0.9478712677955627 
vt 0.9537783861160278 0.9875296354293823 
vt 0.9560285210609436 0.9875296354293823 
vt 0.6111105680465698 0.8914637565612793 
vt 0.6111105680465698 0.9375820755958557 
vt 0.6087104678153992 0.8914637565612793 
vt 0.6087104678153992 0.9375820755958557 
vt 0.9585786461830139 0.9451407790184021 
vt 0.96067875623703 0.9451407790184021 
vt 0.9585786461830139 0.9848324656486511 
vt 0.96067875623703 0.9848324656486511 
vt 0.6330116987228394 0.8862026333808899 
vt 0.6330116987228394 0.8465109467506409 
vt 0.6351118087768555 0.8894325494766235 
vt 0.6351118087768555 0.8432809710502625 
vt 0.7823694944381714 0.7851752638816833 
vt 0.7823694944381714 0.8248336911201477 
vt 0.7802193760871887 0.7819453477859497 
vt 0.7802193760871887 0.8280636072158813 
vt 0.7167160511016846 0.8460114598274231 
vt 0.7148159742355347 0.8427815437316895 
vt 0.7230663895606995 0.8460114598274231 
vt 0.7230663895606995 0.8427815437316895 
vt 0.8049706816673279 0.8329252004623413 
vt 0.8064207434654236 0.8329252004623413 
vt 0.8049706816673279 0.8726168870925903 
vt 0.8064207434654236 0.8726168870925903 
vt 0.6030601859092712 0.9375820755958557 
vt 0.6030601859092712 0.8914637565612793 
vt 0.6054102778434753 0.9375820755958557 
vt 0.6054102778434753 0.8914637565612793 
vt 0.762818455696106 0.7851752638816833 
vt 0.7646685838699341 0.7851752638816833 
vt 0.762818455696106 0.8248336911201477 
vt 0.7646685838699341 0.8248336911201477 
vt 0.639612078666687 0.8465109467506409 
vt 0.639612078666687 0.8862026333808899 
vt 0.637611985206604 0.8432809710502625 
vt 0.637611985206604 0.8894325494766235 
vt 0.7902699112892151 0.8329252004623413 
vt 0.7902699112892151 0.8726168870925903 
vt 0.788169801235199 0.8296952247619629 
vt 0.788169801235199 0.875846803188324 
vt 0.8064207434654236 0.8726168870925903 
vt 0.8064207434654236 0.8329252004623413 
vt 0.8082708120346069 0.875846803188324 
vt 0.8082708120346069 0.8296952247619629 
vt 0.6509626507759094 0.8465109467506409 
vt 0.6509626507759094 0.8862026333808899 
vt 0.6489625573158264 0.8432809710502625 
vt 0.6489625573158264 0.8894325494766235 
vt 0.9677791595458984 0.857899010181427 
vt 0.9677791595458984 0.854702353477478 
vt 0.9756295680999756 0.857899010181427 
vt 0.9778796434402466 0.854702353477478 
vt 0.772318959236145 0.7851752638816833 
vt 0.772318959236145 0.8248336911201477 
vt 0.7708188891410828 0.7819453477859497 
vt 0.7708188891410828 0.8280636072158813 
vt 0.6603631377220154 0.8894325494766235 
vt 0.6603631377220154 0.8432809710502625 
vt 0.6622132658958435 0.8862026333808899 
vt 0.6622132658958435 0.8465109467506409 
vt 0.7646685838699341 0.8248336911201477 
vt 0.7646685838699341 0.7851752638816833 
vt 0.7661686539649963 0.8280636072158813 
vt 0.7661686539649963 0.7819453477859497 
vt 0.6479625105857849 0.9371824860572815 
vt 0.6479625105857849 0.9339858293533325 
vt 0.6568129658699036 0.9371824860572815 
vt 0.6548128724098206 0.9339858293533325 
vt 0.8082708120346069 0.875846803188324 
vt 0.8082708120346069 0.8296952247619629 
vt 0.8068707585334778 0.875846803188324 
vt 0.8068707585334778 0.8296952247619629 
vt 0.8304219841957092 0.8296952247619629 
vt 0.8304219841957092 0.875846803188324 
vt 0.8284218907356262 0.8329252004623413 
vt 0.8284218907356262 0.8726168870925903 
vt 0.8627236485481262 0.9385809898376465 
vt 0.8632736802101135 0.9409785270690918 
vt 0.8550232648849487 0.9402459263801575 
vt 0.8555232882499695 0.942643404006958 
vt 0.8555232882499695 0.945074200630188 
vt 0.8550232648849487 0.947504997253418 
vt 0.8627236485481262 0.9491366147994995 
vt 0.8540232181549072 0.9497359991073608 
vt 0.8525731563568115 0.9517005681991577 
vt 0.7404173016548157 0.8460114598274231 
vt 0.7381172180175781 0.8427815437316895 
vt 0.7482677102088928 0.8460114598274231 
vt 0.7482677102088928 0.8427815437316895 
vt 0.7607683539390564 0.8405172228813171 
vt 0.7607683539390564 0.8437471985816956 
vt 0.7507678270339966 0.8405172228813171 
vt 0.7530179619789124 0.8437471985816956 
vt 0.5982599258422852 0.8436805605888367 
vt 0.5982599258422852 0.8469105362892151 
vt 0.5880593657493591 0.8436805605888367 
vt 0.5903595089912415 0.8469105362892151 
vt 0.6155108213424683 0.8469105362892151 
vt 0.6132606863975525 0.8436805605888367 
vt 0.6232612133026123 0.8469105362892151 
vt 0.6232612133026123 0.8436805605888367 
vt 0.7781692743301392 0.8329252004623413 
vt 0.7759691476821899 0.8296952247619629 
vt 0.7856696844100952 0.8329252004623413 
vt 0.7856696844100952 0.8296952247619629 
vt 0.5805590152740479 0.8946937322616577 
vt 0.5805590152740479 0.8914637565612793 
vt 0.5884594321250916 0.8946937322616577 
vt 0.5907595157623291 0.8914637565612793 
vt 0.6107605695724487 0.8436805605888367 
vt 0.608510434627533 0.8469105362892151 
vt 0.6007600426673889 0.8436805605888367 
vt 0.6007600426673889 0.8469105362892151 
vt 0.7734190225601196 0.8296952247619629 
vt 0.7734190225601196 0.8329252004623413 
vt 0.7632684707641602 0.8296952247619629 
vt 0.7655686140060425 0.8329252004623413 
vt 0.6156608462333679 0.9404457211494446 
vt 0.6178109645843506 0.9392136931419373 
vt 0.6196110248565674 0.9473052024841309 
vt 0.62176114320755 0.9460731744766235 
vt 0.9287270903587341 0.810149073600769 
vt 0.9268770217895508 0.8069191575050354 
vt 0.9351274371147156 0.810149073600769 
vt 0.9351274371147156 0.8069191575050354 
vt 0.6758139729499817 0.9383146166801453 
vt 0.6780640482902527 0.9393135905265808 
vt 0.672613799571991 0.9455403685569763 
vt 0.674863874912262 0.9465393424034119 
vt 0.9380775690078735 0.810149073600769 
vt 0.9380775690078735 0.8069191575050354 
vt 0.945277988910675 0.810149073600769 
vt 0.9473780989646912 0.8069191575050354 
vt 0.8341721892356873 0.875846803188324 
vt 0.8341721892356873 0.8726168870925903 
vt 0.842422604560852 0.875846803188324 
vt 0.8405725359916687 0.8726168870925903 
vt 0.8449727296829224 0.875846803188324 
vt 0.8470728397369385 0.8726168870925903 
vt 0.85427325963974 0.875846803188324 
vt 0.85427325963974 0.8726168870925903 
vt 0.8568233847618103 0.8329252004623413 
vt 0.8568233847618103 0.8296952247619629 
vt 0.8636237382888794 0.8329252004623413 
vt 0.8656238317489624 0.8296952247619629 
vt 0.8681739568710327 0.875846803188324 
vt 0.8681739568710327 0.8726168870925903 
vt 0.8778744339942932 0.875846803188324 
vt 0.8756743669509888 0.8726168870925903 
vt 0.8803746104240417 0.875846803188324 
vt 0.8803746104240417 0.8726168870925903 
vt 0.8897250890731812 0.875846803188324 
vt 0.887624979019165 0.8726168870925903 
vt 0.9022257328033447 0.8771787881851196 
vt 0.9022257328033447 0.8804087042808533 
vt 0.8944753408432007 0.8771787881851196 
vt 0.8922252058982849 0.8804087042808533 
vt 0.6711137294769287 0.8460114598274231 
vt 0.6711137294769287 0.8427815437316895 
vt 0.67861407995224 0.8460114598274231 
vt 0.6808142066001892 0.8427815437316895 
vt 0.9125762581825256 0.897590696811676 
vt 0.914876401424408 0.9008206129074097 
vt 0.9047258496284485 0.897590696811676 
vt 0.9047258496284485 0.9008206129074097 
vt 0.9251269102096558 0.897590696811676 
vt 0.9273770451545715 0.9008206129074097 
vt 0.9174265265464783 0.897590696811676 
vt 0.9174265265464783 0.9008206129074097 
vt 0.9299271702766418 0.857899010181427 
vt 0.9299271702766418 0.854702353477478 
vt 0.937777578830719 0.857899010181427 
vt 0.9400777220726013 0.854702353477478 
vt 0.9504282474517822 0.897590696811676 
vt 0.9527283310890198 0.9008206129074097 
vt 0.9425778388977051 0.897590696811676 
vt 0.9425778388977051 0.9008206129074097 
vt 0.9652289748191833 0.897590696811676 
vt 0.9652289748191833 0.9008206129074097 
vt 0.9574785828590393 0.897590696811676 
vt 0.9552285075187683 0.9008206129074097 
vt 0.987930178642273 0.897590696811676 
vt 0.9901303052902222 0.9008206129074097 
vt 0.9804297685623169 0.897590696811676 
vt 0.9804297685623169 0.9008206129074097 
vt 0.9826799035072327 0.8498075008392334 
vt 0.9849300384521484 0.853037416934967 
vt 0.9749295115470886 0.8498075008392334 
vt 0.9749295115470886 0.853037416934967 
vt 0.9722293615341187 0.8498075008392334 
vt 0.9722293615341187 0.853037416934967 
vt 0.9650290012359619 0.8498075008392334 
vt 0.9629288911819458 0.853037416934967 
vt 0.9500781893730164 0.810149073600769 
vt 0.9500781893730164 0.8069191575050354 
vt 0.957628607749939 0.810149073600769 
vt 0.9597787261009216 0.8069191575050354 
vt 0.945277988910675 0.8498075008392334 
vt 0.9473780989646912 0.853037416934967 
vt 0.9380775690078735 0.8498075008392334 
vt 0.9380775690078735 0.853037416934967 
vt 0.9351274371147156 0.8498075008392334 
vt 0.9351274371147156 0.853037416934967 
vt 0.9287270903587341 0.8498075008392334 
vt 0.9268770217895508 0.853037416934967 
vt 0.6833643317222595 0.8460114598274231 
vt 0.6833643317222595 0.8427815437316895 
vt 0.6902146935462952 0.8460114598274231 
vt 0.6921647787094116 0.8427815437316895 
vt 0.911226212978363 0.8498075008392334 
vt 0.911226212978363 0.853037416934967 
vt 0.9059759378433228 0.8498075008392334 
vt 0.904425859451294 0.853037416934967 
vt 0.7015153169631958 0.8856698274612427 
vt 0.7015153169631958 0.8888998031616211 
vt 0.6962650418281555 0.8856698274612427 
vt 0.6947149634361267 0.8888998031616211 
vt 0.7104657292366028 0.8856698274612427 
vt 0.7123158574104309 0.8888998031616211 
vt 0.7040654420852661 0.8856698274612427 
vt 0.7040654420852661 0.8888998031616211 
vt 0.8984755277633667 0.8294288516044617 
vt 0.9000256061553955 0.8326255083084106 
vt 0.8931752443313599 0.8294288516044617 
vt 0.8931752443313599 0.8326255083084106 
vt 0.8904250860214233 0.8248336911201477 
vt 0.8904250860214233 0.8280636072158813 
vt 0.8835747838020325 0.8248336911201477 
vt 0.8815746307373047 0.8280636072158813 
vt 0.7230663895606995 0.8856698274612427 
vt 0.7230663895606995 0.8888998031616211 
vt 0.7167160511016846 0.8856698274612427 
vt 0.7148159742355347 0.8888998031616211 
vt 0.8755743503570557 0.8248336911201477 
vt 0.8776744604110718 0.8280636072158813 
vt 0.8683739900588989 0.8248336911201477 
vt 0.8683739900588989 0.8280636072158813 
vt 0.8583234548568726 0.7851752638816833 
vt 0.8563233613967896 0.7819453477859497 
vt 0.8651738166809082 0.7851752638816833 
vt 0.8651738166809082 0.7819453477859497 
vt 0.8532232046127319 0.8248336911201477 
vt 0.8532232046127319 0.8280636072158813 
vt 0.8456727862358093 0.8248336911201477 
vt 0.8435226678848267 0.8280636072158813 
vt 0.8408225178718567 0.8248336911201477 
vt 0.8408225178718567 0.8280636072158813 
vt 0.8335721492767334 0.8248336911201477 
vt 0.8314720392227173 0.8280636072158813 
vt 0.7333669662475586 0.8856698274612427 
vt 0.7356170415878296 0.8888998031616211 
vt 0.7256165146827698 0.8856698274612427 
vt 0.7256165146827698 0.8888998031616211 
vt 0.7482677102088928 0.8856698274612427 
vt 0.7482677102088928 0.8888998031616211 
vt 0.7404173016548157 0.8856698274612427 
vt 0.7381172180175781 0.8888998031616211 
vt 0.7607683539390564 0.8834055662155151 
vt 0.7607683539390564 0.8866354823112488 
vt 0.7530179619789124 0.8834055662155151 
vt 0.7507678270339966 0.8866354823112488 
vt 0.7734190225601196 0.8726168870925903 
vt 0.7734190225601196 0.875846803188324 
vt 0.7655686140060425 0.8726168870925903 
vt 0.7632684707641602 0.875846803188324 
vt 0.7953201532363892 0.7851752638816833 
vt 0.7930200695991516 0.7819453477859497 
vt 0.8031705617904663 0.7851752638816833 
vt 0.8031705617904663 0.7819453477859497 
vt 0.7856696844100952 0.8726168870925903 
vt 0.7856696844100952 0.875846803188324 
vt 0.7781692743301392 0.8726168870925903 
vt 0.7759691476821899 0.875846803188324 
vt 0.9191266298294067 0.9279588460922241 
vt 0.9091761112213135 0.9300899505615234 
vt 0.918626606464386 0.9255613684654236 
vt 0.9086260795593262 0.9276924133300781 
vt 0.8064207434654236 0.8726168870925903 
vt 0.8082708120346069 0.875846803188324 
vt 0.8000203967094421 0.8726168870925903 
vt 0.8000203967094421 0.875846803188324 
vt 0.7776192426681519 0.8248336911201477 
vt 0.7776192426681519 0.8280636072158813 
vt 0.772318959236145 0.8248336911201477 
vt 0.7708188891410828 0.8280636072158813 
vt 0.7593683004379272 0.8280636072158813 
vt 0.7593683004379272 0.8248336911201477 
vt 0.7661686539649963 0.8280636072158813 
vt 0.7646685838699341 0.8248336911201477 
vt 0.8190714120864868 0.8296952247619629 
vt 0.8190714120864868 0.8329252004623413 
vt 0.810820996761322 0.8296952247619629 
vt 0.8126710653305054 0.8329252004623413 
vt 0.8304219841957092 0.8296952247619629 
vt 0.8284218907356262 0.8329252004623413 
vt 0.8215715289115906 0.8296952247619629 
vt 0.8215715289115906 0.8329252004623413 
vt 0.842422604560852 0.8296952247619629 
vt 0.8405725359916687 0.8329252004623413 
vt 0.8341721892356873 0.8296952247619629 
vt 0.8341721892356873 0.8329252004623413 
vt 0.85427325963974 0.8296952247619629 
vt 0.85427325963974 0.8329252004623413 
vt 0.8449727296829224 0.8296952247619629 
vt 0.8470728397369385 0.8329252004623413 
vt 0.8568233847618103 0.875846803188324 
vt 0.8568233847618103 0.8726168870925903 
vt 0.8656238317489624 0.875846803188324 
vt 0.8636237382888794 0.8726168870925903 
vt 0.8778744339942932 0.8296952247619629 
vt 0.8756743669509888 0.8329252004623413 
vt 0.8681739568710327 0.8296952247619629 
vt 0.8681739568710327 0.8329252004623413 
vt 0.8897250890731812 0.8296952247619629 
vt 0.887624979019165 0.8329252004623413 
vt 0.8803746104240417 0.8296952247619629 
vt 0.8803746104240417 0.8329252004623413 
vt 0.9022257328033447 0.8342904448509216 
vt 0.9022257328033447 0.8375203609466553 
vt 0.8922252058982849 0.8342904448509216 
vt 0.8944753408432007 0.8375203609466553 
vt 0.8776744604110718 0.7819453477859497 
vt 0.8755743503570557 0.7851752638816833 
vt 0.8683739900588989 0.7819453477859497 
vt 0.8683739900588989 0.7851752638816833 
vt 0.9273770451545715 0.854702353477478 
vt 0.9251269102096558 0.857899010181427 
vt 0.9174265265464783 0.854702353477478 
vt 0.9174265265464783 0.857899010181427 
vt 0.9013257026672363 0.7848755717277527 
vt 0.8981755375862122 0.7848755717277527 
vt 0.9013257026672363 0.7777830362319946 
vt 0.8981755375862122 0.7777830362319946 
vt 0.9013257026672363 0.7241725921630859 
vt 0.8981755375862122 0.7241725921630859 
vt 0.9013257026672363 0.7170800566673279 
vt 0.8981755375862122 0.7170800566673279 
vt 0.9527283310890198 0.854702353477478 
vt 0.9504282474517822 0.857899010181427 
vt 0.9425778388977051 0.854702353477478 
vt 0.9425778388977051 0.857899010181427 
vt 0.5982599258422852 0.9375820755958557 
vt 0.5982599258422852 0.8914637565612793 
vt 0.6005100607872009 0.9375820755958557 
vt 0.6005100607872009 0.8914637565612793 
vt 0.9749295115470886 0.810149073600769 
vt 0.9749295115470886 0.8069191575050354 
vt 0.9826799035072327 0.810149073600769 
vt 0.9849300384521484 0.8069191575050354 
vt 0.9722293615341187 0.8069191575050354 
vt 0.9722293615341187 0.810149073600769 
vt 0.9629288911819458 0.8069191575050354 
vt 0.9650290012359619 0.810149073600769 
vt 0.957628607749939 0.8498075008392334 
vt 0.9597787261009216 0.853037416934967 
vt 0.9500781893730164 0.8498075008392334 
vt 0.9500781893730164 0.853037416934967 
vt 0.9804297685623169 0.857899010181427 
vt 0.9804297685623169 0.854702353477478 
vt 0.987930178642273 0.857899010181427 
vt 0.9901303052902222 0.854702353477478 
vt 0.9677791595458984 0.9008206129074097 
vt 0.9677791595458984 0.897590696811676 
vt 0.9778796434402466 0.9008206129074097 
vt 0.9756295680999756 0.897590696811676 
vt 0.7708188891410828 0.7819453477859497 
vt 0.7708188891410828 0.8280636072158813 
vt 0.7689688205718994 0.7819453477859497 
vt 0.7689688205718994 0.8280636072158813 
vt 0.7239164710044861 0.8905314207077026 
vt 0.7239164710044861 0.9366829991340637 
vt 0.7216663360595703 0.8905314207077026 
vt 0.7216663360595703 0.9366829991340637 
vt 0.9133263230323792 0.9104771614074707 
vt 0.921576738357544 0.9165041446685791 
vt 0.9118762016296387 0.912475049495697 
vt 0.9201266765594482 0.9184687733650208 
vt 0.5956097841262817 0.8914637565612793 
vt 0.5956097841262817 0.9375820755958557 
vt 0.5934596657752991 0.8914637565612793 
vt 0.5934596657752991 0.9375820755958557 
vt 0.6374619603157043 0.9547973275184631 
vt 0.635611891746521 0.9564622640609741 
vt 0.6321616768836975 0.9489368200302124 
vt 0.6303116083145142 0.950568437576294 
vt 0.8563233613967896 0.8280636072158813 
vt 0.8583234548568726 0.8248336911201477 
vt 0.8651738166809082 0.8280636072158813 
vt 0.8651738166809082 0.8248336911201477 
vt 0.7776192426681519 0.7819453477859497 
vt 0.7776192426681519 0.7851752638816833 
vt 0.7708188891410828 0.7819453477859497 
vt 0.772318959236145 0.7851752638816833 
vt 0.8335721492767334 0.7851752638816833 
vt 0.8314720392227173 0.7819453477859497 
vt 0.8408225178718567 0.7851752638816833 
vt 0.8408225178718567 0.7819453477859497 
vt 0.6505126357078552 0.9467058181762695 
vt 0.648062527179718 0.9469721913337708 
vt 0.6497126221656799 0.9388474225997925 
vt 0.647262454032898 0.9390804767608643 
vt 0.8159712553024292 0.8248336911201477 
vt 0.8159712553024292 0.8280636072158813 
vt 0.808120846748352 0.8248336911201477 
vt 0.8058207035064697 0.8280636072158813 
vt 0.8031705617904663 0.8248336911201477 
vt 0.8031705617904663 0.8280636072158813 
vt 0.7953201532363892 0.8248336911201477 
vt 0.7930200695991516 0.8280636072158813 
vt 0.6379619836807251 0.9371824860572815 
vt 0.6379619836807251 0.8910641670227051 
vt 0.6397621035575867 0.9371824860572815 
vt 0.6397621035575867 0.8910641670227051 
vt 0.7661686539649963 0.7819453477859497 
vt 0.7646685838699341 0.7851752638816833 
vt 0.7593683004379272 0.7819453477859497 
vt 0.7593683004379272 0.7851752638816833 
vt 0.9141263365745544 0.8052875399589539 
vt 0.9109761714935303 0.8052875399589539 
vt 0.9141263365745544 0.798194944858551 
vt 0.9109761714935303 0.798194944858551 
vt 0.9141263365745544 0.7232735753059387 
vt 0.9109761714935303 0.7232735753059387 
vt 0.9141263365745544 0.7161809802055359 
vt 0.9109761714935303 0.7161809802055359 
vt 0.933777391910553 0.9027186632156372 
vt 0.9327273368835449 0.9128746390342712 
vt 0.9313772320747375 0.9024522304534912 
vt 0.9302771687507629 0.91260826587677 
vt 0.9084760546684265 0.7944322228431702 
vt 0.9074259996414185 0.7944322228431702 
vt 0.9084760546684265 0.7161809802055359 
vt 0.9074259996414185 0.7161809802055359 
vt 0.921576738357544 0.9165041446685791 
vt 0.9147263765335083 0.9089121222496033 
vt 0.9165764451026917 0.9072805047035217 
vt 0.788169801235199 0.875846803188324 
vt 0.7902699112892151 0.8726168870925903 
vt 0.7975202798843384 0.875846803188324 
vt 0.7975202798843384 0.8726168870925903 
vt 0.9166764616966248 0.7161809802055359 
vt 0.9198266267776489 0.7161809802055359 
vt 0.9166764616966248 0.7232735753059387 
vt 0.9198266267776489 0.7232735753059387 
vt 0.9166764616966248 0.798194944858551 
vt 0.9198266267776489 0.798194944858551 
vt 0.9166764616966248 0.8052875399589539 
vt 0.9198266267776489 0.8052875399589539 
vt 0.8924752473831177 0.7170800566673279 
vt 0.8956253528594971 0.7170800566673279 
vt 0.8924752473831177 0.7241725921630859 
vt 0.8956253528594971 0.7241725921630859 
vt 0.8924752473831177 0.7777830362319946 
vt 0.8956253528594971 0.7777830362319946 
vt 0.8924752473831177 0.7848755717277527 
vt 0.8956253528594971 0.7848755717277527 
vt 0.7181161642074585 0.8856698274612427 
vt 0.7167160511016846 0.8856698274612427 
vt 0.7181161642074585 0.8460114598274231 
vt 0.7167160511016846 0.8460114598274231 
vt 0.7553681135177612 0.7819453477859497 
vt 0.7564181685447693 0.7819453477859497 
vt 0.7553681135177612 0.8388522863388062 
vt 0.7564181685447693 0.8388522863388062 
vt 0.8327221274375916 0.947504997253418 
vt 0.8337221741676331 0.9497359991073608 
vt 0.8550232648849487 0.9402459263801575 
vt 0.8540232181549072 0.9379816651344299 
vt 0.8622236251831055 0.9370160102844238 
vt 0.861223578453064 0.934785008430481 
vt 0.8854748606681824 0.9242627024650574 
vt 0.8879249691963196 0.9242627024650574 
vt 0.8854748606681824 0.9639543890953064 
vt 0.8879249691963196 0.9639543890953064 
vt 0.7802193760871887 0.8280636072158813 
vt 0.7823694944381714 0.8248336911201477 
vt 0.789919912815094 0.8280636072158813 
vt 0.789919912815094 0.8248336911201477 
vt 0.7513678669929504 0.7819453477859497 
vt 0.7524179220199585 0.7819453477859497 
vt 0.7513678669929504 0.8388522863388062 
vt 0.7524179220199585 0.8388522863388062 
vt 0.9299271702766418 0.9008206129074097 
vt 0.9299271702766418 0.897590696811676 
vt 0.9400777220726013 0.9008206129074097 
vt 0.937777578830719 0.897590696811676 
vt 0.9091761112213135 0.9186019897460938 
vt 0.9086260795593262 0.9209994673728943 
vt 0.918626606464386 0.9230972528457642 
vt 0.9574785828590393 0.857899010181427 
vt 0.9574785828590393 0.897590696811676 
vt 0.9552285075187683 0.854702353477478 
vt 0.9552285075187683 0.9008206129074097 
vt 0.808120846748352 0.7851752638816833 
vt 0.808120846748352 0.8248336911201477 
vt 0.8058207035064697 0.7819453477859497 
vt 0.8058207035064697 0.8280636072158813 
vt 0.9382275938987732 0.9039173722267151 
vt 0.935077428817749 0.9136072397232056 
vt 0.9358775019645691 0.9031515121459961 
vt 0.9327273368835449 0.9128746390342712 
vt 0.6568129658699036 0.8910641670227051 
vt 0.6548128724098206 0.8942941427230835 
vt 0.6479625105857849 0.8910641670227051 
vt 0.6479625105857849 0.8942941427230835 
vt 0.9059759378433228 0.810149073600769 
vt 0.9077759981155396 0.810149073600769 
vt 0.9059759378433228 0.8498075008392334 
vt 0.9077759981155396 0.8498075008392334 
vt 0.7256165146827698 0.8460114598274231 
vt 0.7256165146827698 0.8427815437316895 
vt 0.7333669662475586 0.8460114598274231 
vt 0.7356170415878296 0.8427815437316895 
vt 0.6700636744499207 0.9460731744766235 
vt 0.6678135395050049 0.9470720887184143 
vt 0.6668635010719299 0.9388474225997925 
vt 0.6646133661270142 0.9398463368415833 
vt 0.9047258496284485 0.857899010181427 
vt 0.9047258496284485 0.854702353477478 
vt 0.9125762581825256 0.857899010181427 
vt 0.914876401424408 0.854702353477478 
vt 0.9340773820877075 0.9478712677955627 
vt 0.9365274906158447 0.9478712677955627 
vt 0.9340773820877075 0.9875296354293823 
vt 0.9365274906158447 0.9875296354293823 
vt 0.680614173412323 0.8905314207077026 
vt 0.680614173412323 0.9366829991340637 
vt 0.6783140897750854 0.893761396408081 
vt 0.6783140897750854 0.9334530830383301 
vt 0.7401673197746277 0.8905314207077026 
vt 0.7401673197746277 0.9366829991340637 
vt 0.7377171516418457 0.8905314207077026 
vt 0.7377171516418457 0.9366829991340637 
vt 0.8366222977638245 0.9256279468536377 
vt 0.8389724493026733 0.9248620867729187 
vt 0.8390724658966064 0.9331533908843994 
vt 0.8414225578308105 0.9323875308036804 
vt 0.987930178642273 0.897590696811676 
vt 0.987930178642273 0.857899010181427 
vt 0.9901303052902222 0.9008206129074097 
vt 0.9901303052902222 0.854702353477478 
vt 0.8283718824386597 0.8248336911201477 
vt 0.8283718824386597 0.8280636072158813 
vt 0.8208714723587036 0.8248336911201477 
vt 0.8186714053153992 0.8280636072158813 
vt 0.8560233116149902 0.9284915924072266 
vt 0.8578734397888184 0.9301232099533081 
vt 0.85077303647995 0.9343854188919067 
vt 0.8525731563568115 0.9360170364379883 
vt 0.7348670363426208 0.945840060710907 
vt 0.732516884803772 0.946605920791626 
vt 0.7324168682098389 0.9383146166801453 
vt 0.7301167845726013 0.9390804767608643 
vt 0.8456727862358093 0.7851752638816833 
vt 0.8435226678848267 0.7819453477859497 
vt 0.8532232046127319 0.7851752638816833 
vt 0.8532232046127319 0.7819453477859497 
vt 0.7148159742355347 0.8888998031616211 
vt 0.7148159742355347 0.8427815437316895 
vt 0.7167160511016846 0.8856698274612427 
vt 0.7167160511016846 0.8460114598274231 
vt 0.7148159742355347 0.8427815437316895 
vt 0.7148159742355347 0.8888998031616211 
vt 0.7162660360336304 0.8427815437316895 
vt 0.7162660360336304 0.8888998031616211 
vt 0.6563129425048828 0.9467058181762695 
vt 0.6538628339767456 0.9469721913337708 
vt 0.655462920665741 0.9388474225997925 
vt 0.6530627608299255 0.9390804767608643 
vt 0.8984755277633667 0.8294288516044617 
vt 0.8984755277633667 0.7897371649742126 
vt 0.9000256061553955 0.8326255083084106 
vt 0.9000256061553955 0.786507248878479 
vt 0.9038258194923401 0.7161809802055359 
vt 0.9048758745193481 0.7161809802055359 
vt 0.9038258194923401 0.7944322228431702 
vt 0.9048758745193481 0.7944322228431702 
vt 0.7507678270339966 0.8866354823112488 
vt 0.7507678270339966 0.8405172228813171 
vt 0.7530179619789124 0.8834055662155151 
vt 0.7530179619789124 0.8437471985816956 
vt 0.6656134128570557 0.9371824860572815 
vt 0.6656134128570557 0.8910641670227051 
vt 0.6678135395050049 0.9371824860572815 
vt 0.6678135395050049 0.8910641670227051 
vt 0.6548128724098206 0.9339858293533325 
vt 0.6548128724098206 0.8942941427230835 
vt 0.6568129658699036 0.9371824860572815 
vt 0.6568129658699036 0.8910641670227051 
vt 0.9574785828590393 0.857899010181427 
vt 0.9552285075187683 0.854702353477478 
vt 0.9652289748191833 0.857899010181427 
vt 0.9652289748191833 0.854702353477478 
vt 0.6902146935462952 0.8856698274612427 
vt 0.6902146935462952 0.8460114598274231 
vt 0.6921647787094116 0.8888998031616211 
vt 0.6921647787094116 0.8427815437316895 
vt 0.8525731563568115 0.9517005681991577 
vt 0.85077303647995 0.9533655047416687 
vt 0.8438726663589478 0.9438754320144653 
vt 0.85077303647995 0.9533655047416687 
vt 0.8486229181289673 0.954597532749176 
vt 0.8486229181289673 0.954597532749176 
vt 0.8462728261947632 0.9553301334381104 
vt 0.8438726663589478 0.9438754320144653 
vt 0.8414225578308105 0.9553301334381104 
vt 0.8390724658966064 0.954597532749176 
vt 0.8438726663589478 0.9438754320144653 
vt 0.8540232181549072 0.9379816651344299 
vt 0.8369723558425903 0.9533655047416687 
vt 0.8525731563568115 0.9360170364379883 
vt 0.8540232181549072 0.9379816651344299 
vt 0.8438726663589478 0.9438754320144653 
vt 0.8369723558425903 0.9533655047416687 
vt 0.8351222276687622 0.9517005681991577 
vt 0.8438726663589478 0.9438754320144653 
vt 0.8351222276687622 0.9517005681991577 
vt 0.8438726663589478 0.9321210980415344 
vt 0.8462728261947632 0.9323875308036804 
vt 0.8438726663589478 0.9438754320144653 
vt 0.8321720957756042 0.945074200630188 
vt 0.8321720957756042 0.942643404006958 
vt 0.8438726663589478 0.9438754320144653 
vt 0.8414225578308105 0.9323875308036804 
vt 0.8438726663589478 0.9321210980415344 
vt 0.8438726663589478 0.9438754320144653 
vt 0.8321720957756042 0.942643404006958 
vt 0.8327221274375916 0.9402459263801575 
vt 0.8438726663589478 0.9438754320144653 
vt 0.8327221274375916 0.9402459263801575 
vt 0.8337221741676331 0.9379816651344299 
vt 0.8438726663589478 0.9438754320144653 
vt 0.8369723558425903 0.9343854188919067 
vt 0.8337221741676331 0.9379816651344299 
vt 0.8351222276687622 0.9360170364379883 
vt 0.8351222276687622 0.9360170364379883 
vt 0.8369723558425903 0.9343854188919067 
vt 0.8438726663589478 0.9438754320144653 
vt 0.9419777989387512 0.9255613684654236 
vt 0.9414277672767639 0.9279588460922241 
vt 0.9302771687507629 0.9243292808532715 
vt 0.9414277672767639 0.9206997752189636 
vt 0.9419777989387512 0.9230972528457642 
vt 0.9302771687507629 0.9243292808532715 
vt 0.940477728843689 0.9184687733650208 
vt 0.9414277672767639 0.9206997752189636 
vt 0.9302771687507629 0.9243292808532715 
vt 0.9233767986297607 0.9338193535804749 
vt 0.921576738357544 0.9321877360343933 
vt 0.9302771687507629 0.9243292808532715 
vt 0.9390276670455933 0.9321877360343933 
vt 0.9371775388717651 0.9338193535804749 
vt 0.9302771687507629 0.9243292808532715 
vt 0.940477728843689 0.9301897883415222 
vt 0.9390276670455933 0.9321877360343933 
vt 0.9302771687507629 0.9243292808532715 
vt 0.9371775388717651 0.9338193535804749 
vt 0.935077428817749 0.9350513815879822 
vt 0.9302771687507629 0.9243292808532715 
vt 0.9414277672767639 0.9279588460922241 
vt 0.940477728843689 0.9301897883415222 
vt 0.9302771687507629 0.9243292808532715 
vt 0.935077428817749 0.9350513815879822 
vt 0.9327273368835449 0.9358172416687012 
vt 0.9302771687507629 0.9243292808532715 
vt 0.9327273368835449 0.9358172416687012 
vt 0.9302771687507629 0.9360836148262024 
vt 0.9302771687507629 0.9243292808532715 
vt 0.9419777989387512 0.9230972528457642 
vt 0.9419777989387512 0.9255613684654236 
vt 0.9302771687507629 0.9243292808532715 
vt 0.9302771687507629 0.9360836148262024 
vt 0.9278770685195923 0.9358172416687012 
vt 0.9302771687507629 0.9243292808532715 
vt 0.9278770685195923 0.9358172416687012 
vt 0.9255269169807434 0.9350513815879822 
vt 0.9302771687507629 0.9243292808532715 
vt 0.9255269169807434 0.9350513815879822 
vt 0.9233767986297607 0.9338193535804749 
vt 0.9302771687507629 0.9243292808532715 
vt 0.9390276670455933 0.9165041446685791 
vt 0.940477728843689 0.9184687733650208 
vt 0.9302771687507629 0.9243292808532715 
vt 0.9371775388717651 0.9148392677307129 
vt 0.9390276670455933 0.9165041446685791 
vt 0.9302771687507629 0.9243292808532715 
vt 0.921576738357544 0.9321877360343933 
vt 0.9201266765594482 0.9301897883415222 
vt 0.9302771687507629 0.9243292808532715 
vt 0.935077428817749 0.9136072397232056 
vt 0.9371775388717651 0.9148392677307129 
vt 0.9302771687507629 0.9243292808532715 
vt 0.9201266765594482 0.9301897883415222 
vt 0.9191266298294067 0.9279588460922241 
vt 0.9302771687507629 0.9243292808532715 
vt 0.9327273368835449 0.9128746390342712 
vt 0.935077428817749 0.9136072397232056 
vt 0.9302771687507629 0.9243292808532715 
vt 0.9191266298294067 0.9279588460922241 
vt 0.918626606464386 0.9255613684654236 
vt 0.9302771687507629 0.9243292808532715 
vt 0.9302771687507629 0.91260826587677 
vt 0.9327273368835449 0.9128746390342712 
vt 0.9302771687507629 0.9243292808532715 
vt 0.918626606464386 0.9255613684654236 
vt 0.918626606464386 0.9230972528457642 
vt 0.9302771687507629 0.9243292808532715 
vt 0.9278770685195923 0.9128746390342712 
vt 0.9302771687507629 0.91260826587677 
vt 0.9302771687507629 0.9243292808532715 
vt 0.918626606464386 0.9230972528457642 
vt 0.9191266298294067 0.9206997752189636 
vt 0.9302771687507629 0.9243292808532715 
vt 0.9255269169807434 0.9136072397232056 
vt 0.9278770685195923 0.9128746390342712 
vt 0.9302771687507629 0.9243292808532715 
vt 0.9191266298294067 0.9206997752189636 
vt 0.9201266765594482 0.9184687733650208 
vt 0.9302771687507629 0.9243292808532715 
vt 0.9233767986297607 0.9148392677307129 
vt 0.9255269169807434 0.9136072397232056 
vt 0.9302771687507629 0.9243292808532715 
vt 0.9201266765594482 0.9184687733650208 
vt 0.921576738357544 0.9165041446685791 
vt 0.9302771687507629 0.9243292808532715 
vt 0.921576738357544 0.9165041446685791 
vt 0.9233767986297607 0.9148392677307129 
vt 0.9302771687507629 0.9243292808532715 
vt 0.9223267436027527 0.8052875399589539 
vt 0.8632736802101135 0.946739137172699 
s on 
f 1/1/1 2/2/2 3/3/3 
f 2/2/2 4/4/4 3/3/3 
f 3/3/3 4/4/4 4/4/4 
f 4/4/4 5/5/5 4/4/4 
f 4/4/4 5/5/5 5/5/5 
f 5/5/5 6/6/6 5/5/5 
f 5/5/5 6/6/6 7/7/7 
f 6/6/6 8/8/8 7/7/7 
f 7/7/7 8/8/8 9/9/9 
f 8/8/8 10/10/10 9/9/9 
f 9/9/9 10/10/10 11/11/11 
f 10/10/10 12/12/12 11/11/11 
f 11/11/11 12/12/12 12/12/12 
f 12/12/12 10/10/10 12/12/12 
f 12/12/12 10/10/10 10/10/10 
f 10/10/10 13/13/13 10/10/10 
f 10/10/10 13/13/13 12/12/12 
f 13/13/13 14/14/14 12/12/12 
f 12/12/12 14/14/14 14/14/14 
f 14/14/14 13/13/13 14/14/14 
f 14/14/14 13/13/13 15/15/15 
f 13/13/13 16/16/16 15/15/15 
f 15/15/15 16/16/16 16/16/16 
f 16/16/16 13/13/13 16/16/16 
f 16/16/16 13/13/13 13/13/13 
f 13/13/13 17/17/17 13/13/13 
f 13/13/13 17/17/17 16/16/16 
f 17/17/17 18/18/18 16/16/16 
f 16/16/16 18/18/18 18/18/18 
f 18/18/18 17/17/17 18/18/18 
f 18/18/18 17/17/17 19/19/19 
f 17/17/17 8/8/8 19/19/19 
f 19/19/19 8/8/8 6/6/6 
f 8/8/8 6/6/6 6/6/6 
f 6/6/6 6/6/6 20/20/20 
f 6/6/6 20/20/20 20/20/20 
f 20/20/20 20/20/20 20/20/20 
f 20/20/20 21/21/21 20/20/20 
f 20/20/20 21/21/21 22/22/22 
f 21/21/21 23/23/23 22/22/22 
f 22/22/22 23/23/23 23/23/23 
f 23/23/23 24/24/24 23/23/23 
f 23/23/23 24/24/24 24/24/24 
f 24/24/24 25/25/25 24/24/24 
f 24/24/24 25/25/25 26/26/26 
f 25/25/25 27/27/27 26/26/26 
f 26/26/26 27/27/27 27/27/27 
f 27/27/27 28/28/28 27/27/27 
f 27/27/27 28/28/28 28/28/28 
f 28/28/28 29/29/29 28/28/28 
f 28/28/28 29/29/29 30/30/30 
f 29/29/29 31/31/31 30/30/30 
f 30/30/30 31/31/31 31/31/31 
f 31/31/31 32/32/32 31/31/31 
f 31/31/31 32/32/32 32/32/32 
f 32/32/32 33/33/33 32/32/32 
f 32/32/32 33/33/33 34/34/34 
f 33/33/33 35/35/35 34/34/34 
f 34/34/34 35/35/35 35/35/35 
f 35/35/35 36/36/36 35/35/35 
f 35/35/35 36/36/36 36/36/36 
f 36/36/36 37/37/37 36/36/36 
f 36/36/36 37/37/37 38/38/38 
f 37/37/37 39/39/39 38/38/38 
f 38/38/38 39/39/39 39/39/39 
f 39/39/39 40/40/40 39/39/39 
f 39/39/39 40/40/40 40/40/40 
f 40/40/40 41/41/41 40/40/40 
f 40/40/40 41/41/41 42/42/42 
f 41/41/41 43/43/43 42/42/42 
f 42/42/42 43/43/43 43/43/43 
f 43/43/43 44/44/44 43/43/43 
f 43/43/43 44/44/44 44/44/44 
f 44/44/44 45/45/45 44/44/44 
f 44/44/44 45/45/45 46/46/46 
f 45/45/45 47/47/47 46/46/46 
f 46/46/46 47/47/47 47/47/47 
f 47/47/47 48/48/48 47/47/47 
f 47/47/47 48/48/48 48/48/48 
f 48/48/48 49/49/49 48/48/48 
f 48/48/48 49/49/49 50/50/50 
f 49/49/49 51/51/51 50/50/50 
f 50/50/50 51/51/51 51/51/51 
f 51/51/51 52/52/52 51/51/51 
f 51/51/51 52/52/52 52/52/52 
f 52/52/52 53/53/53 52/52/52 
f 52/52/52 53/53/53 54/54/54 
f 53/53/53 55/55/55 54/54/54 
f 54/54/54 55/55/55 55/55/55 
f 55/55/55 56/56/56 55/55/55 
f 55/55/55 56/56/56 56/56/56 
f 56/56/56 57/57/57 56/56/56 
f 56/56/56 57/57/57 58/58/58 
f 57/57/57 59/59/59 58/58/58 
f 58/58/58 59/59/59 59/59/59 
f 59/59/59 60/60/60 59/59/59 
f 59/59/59 60/60/60 60/60/60 
f 60/60/60 61/61/61 60/60/60 
f 60/60/60 61/61/61 62/62/62 
f 61/61/61 63/63/63 62/62/62 
f 62/62/62 63/63/63 63/63/63 
f 63/63/63 64/64/64 63/63/63 
f 63/63/63 64/64/64 64/64/64 
f 64/64/64 65/65/65 64/64/64 
f 64/64/64 65/65/65 66/66/66 
f 65/65/65 67/67/67 66/66/66 
f 66/66/66 67/67/67 67/67/67 
f 67/67/67 68/68/68 67/67/67 
f 67/67/67 68/68/68 68/68/68 
f 68/68/68 69/69/69 68/68/68 
f 68/68/68 69/69/69 63/63/63 
f 69/69/69 70/70/70 63/63/63 
f 63/63/63 70/70/70 70/70/70 
f 70/70/70 71/71/71 70/70/70 
f 70/70/70 71/71/71 71/71/71 
f 71/71/71 72/72/72 71/71/71 
f 71/71/71 72/72/72 73/73/73 
f 72/72/72 74/74/74 73/73/73 
f 73/73/73 74/74/74 74/74/74 
f 74/74/74 75/75/75 74/74/74 
f 74/74/74 75/75/75 75/75/75 
f 75/75/75 76/76/76 75/75/75 
f 75/75/75 76/76/76 77/77/77 
f 76/76/76 78/78/78 77/77/77 
f 77/77/77 78/78/78 78/78/78 
f 78/78/78 79/79/79 78/78/78 
f 78/78/78 79/79/79 79/79/79 
f 79/79/79 80/80/80 79/79/79 
f 79/79/79 80/80/80 81/81/81 
f 80/80/80 82/82/82 81/81/81 
f 81/81/81 82/82/82 82/82/82 
f 82/82/82 83/83/83 82/82/82 
f 82/82/82 83/83/83 83/83/83 
f 83/83/83 84/84/84 83/83/83 
f 83/83/83 84/84/84 68/68/68 
f 84/84/84 85/85/85 68/68/68 
f 68/68/68 85/85/85 85/85/85 
f 85/85/85 86/86/86 85/85/85 
f 85/85/85 86/86/86 86/86/86 
f 86/86/86 87/87/87 86/86/86 
f 86/86/86 87/87/87 88/88/88 
f 87/87/87 89/89/89 88/88/88 
f 88/88/88 89/89/89 89/89/89 
f 89/89/89 90/90/90 89/89/89 
f 89/89/89 90/90/90 90/90/90 
f 90/90/90 91/91/91 90/90/90 
f 90/90/90 91/91/91 92/92/92 
f 91/91/91 93/93/93 92/92/92 
f 92/92/92 93/93/93 93/93/93 
f 93/93/93 94/94/94 93/93/93 
f 93/93/93 94/94/94 94/94/94 
f 94/94/94 95/95/95 94/94/94 
f 94/94/94 95/95/95 83/83/83 
f 95/95/95 96/96/96 83/83/83 
f 83/83/83 96/96/96 96/96/96 
f 96/96/96 97/97/97 96/96/96 
f 96/96/96 97/97/97 97/97/97 
f 97/97/97 98/98/98 97/97/97 
f 97/97/97 98/98/98 99/99/99 
f 98/98/98 100/100/100 99/99/99 
f 99/99/99 100/100/100 100/100/100 
f 100/100/100 101/101/101 100/100/100 
f 100/100/100 101/101/101 101/101/101 
f 101/101/101 102/102/102 101/101/101 
f 101/101/101 102/102/102 103/103/103 
f 102/102/102 104/104/104 103/103/103 
f 103/103/103 104/104/104 104/104/104 
f 104/104/104 105/105/105 104/104/104 
f 104/104/104 105/105/105 105/105/105 
f 105/105/105 106/106/106 105/105/105 
f 105/105/105 106/106/106 107/107/107 
f 106/106/106 108/108/108 107/107/107 
f 107/107/107 108/108/108 108/108/108 
f 108/108/108 109/109/109 108/108/108 
f 108/108/108 109/109/109 109/109/109 
f 109/109/109 94/94/94 109/109/109 
f 109/109/109 94/94/94 110/110/110 
f 94/94/94 111/111/111 110/110/110 
f 110/110/110 111/111/111 111/111/111 
f 111/111/111 112/112/112 111/111/111 
f 111/111/111 112/112/112 112/112/112 
f 112/112/112 113/113/113 112/112/112 
f 112/112/112 113/113/113 114/114/114 
f 113/113/113 115/115/115 114/114/114 
f 114/114/114 115/115/115 115/115/115 
f 115/115/115 116/116/116 115/115/115 
f 115/115/115 116/116/116 116/116/116 
f 116/116/116 117/117/117 116/116/116 
f 116/116/116 117/117/117 118/118/118 
f 117/117/117 119/119/119 118/118/118 
f 118/118/118 119/119/119 119/119/119 
f 119/119/119 120/120/120 119/119/119 
f 119/119/119 120/120/120 120/120/120 
f 120/120/120 121/121/121 120/120/120 
f 120/120/120 121/121/121 111/111/111 
f 121/121/121 122/122/122 111/111/111 
f 111/111/111 122/122/122 122/122/122 
f 122/122/122 123/123/123 122/122/122 
f 122/122/122 123/123/123 123/123/123 
f 123/123/123 124/124/124 123/123/123 
f 123/123/123 124/124/124 125/125/125 
f 124/124/124 126/126/126 125/125/125 
f 125/125/125 126/126/126 126/126/126 
f 126/126/126 127/127/127 126/126/126 
f 126/126/126 127/127/127 127/127/127 
f 127/127/127 128/128/128 127/127/127 
f 127/127/127 128/128/128 129/129/129 
f 128/128/128 130/130/130 129/129/129 
f 129/129/129 130/130/130 130/130/130 
f 130/130/130 131/131/131 130/130/130 
f 130/130/130 131/131/131 131/131/131 
f 131/131/131 132/132/132 131/131/131 
f 131/131/131 132/132/132 133/133/133 
f 132/132/132 134/134/134 133/133/133 
f 133/133/133 134/134/134 134/134/134 
f 134/134/134 135/135/135 134/134/134 
f 134/134/134 135/135/135 135/135/135 
f 135/135/135 136/136/136 135/135/135 
f 135/135/135 136/136/136 137/137/137 
f 136/136/136 138/138/138 137/137/137 
f 137/137/137 138/138/138 138/138/138 
f 138/138/138 139/139/139 138/138/138 
f 138/138/138 139/139/139 139/139/139 
f 139/139/139 140/140/140 139/139/139 
f 139/139/139 140/140/140 141/141/141 
f 140/140/140 142/142/142 141/141/141 
f 141/141/141 142/142/142 142/142/142 
f 142/142/142 143/143/143 142/142/142 
f 142/142/142 143/143/143 143/143/143 
f 143/143/143 144/144/144 143/143/143 
f 143/143/143 144/144/144 145/145/145 
f 144/144/144 146/146/146 145/145/145 
f 145/145/145 146/146/146 146/146/146 
f 146/146/146 147/147/147 146/146/146 
f 146/146/146 147/147/147 147/147/147 
f 147/147/147 148/148/148 147/147/147 
f 147/147/147 148/148/148 149/149/149 
f 148/148/148 150/150/150 149/149/149 
f 149/149/149 150/150/150 150/150/150 
f 150/150/150 151/151/151 150/150/150 
f 150/150/150 151/151/151 151/151/151 
f 151/151/151 152/152/152 151/151/151 
f 151/151/151 152/152/152 153/153/153 
f 152/152/152 154/154/154 153/153/153 
f 153/153/153 154/154/154 154/154/154 
f 154/154/154 155/155/155 154/154/154 
f 154/154/154 155/155/155 155/155/155 
f 155/155/155 156/156/156 155/155/155 
f 155/155/155 156/156/156 157/157/157 
f 156/156/156 158/158/158 157/157/157 
f 157/157/157 158/158/158 158/158/158 
f 158/158/158 159/159/159 158/158/158 
f 158/158/158 159/159/159 159/159/159 
f 159/159/159 160/160/160 159/159/159 
f 159/159/159 160/160/160 161/161/161 
f 160/160/160 162/162/162 161/161/161 
f 161/161/161 162/162/162 162/162/162 
f 162/162/162 163/163/163 162/162/162 
f 162/162/162 163/163/163 163/163/163 
f 163/163/163 164/164/164 163/163/163 
f 163/163/163 164/164/164 165/165/165 
f 164/164/164 166/166/166 165/165/165 
f 165/165/165 166/166/166 166/166/166 
f 166/166/166 167/167/167 166/166/166 
f 166/166/166 167/167/167 167/167/167 
f 167/167/167 168/168/168 167/167/167 
f 167/167/167 168/168/168 169/169/169 
f 168/168/168 170/170/170 169/169/169 
f 169/169/169 170/170/170 170/170/170 
f 170/170/170 171/171/171 170/170/170 
f 170/170/170 171/171/171 171/171/171 
f 171/171/171 172/172/172 171/171/171 
f 171/171/171 172/172/172 173/173/173 
f 172/172/172 174/174/174 173/173/173 
f 173/173/173 174/174/174 174/174/174 
f 174/174/174 175/175/175 174/174/174 
f 174/174/174 175/175/175 175/175/175 
f 175/175/175 176/176/176 175/175/175 
f 175/175/175 176/176/176 177/177/177 
f 176/176/176 178/178/178 177/177/177 
f 177/177/177 178/178/178 178/178/178 
f 178/178/178 179/179/179 178/178/178 
f 178/178/178 179/179/179 179/179/179 
f 179/179/179 180/180/180 179/179/179 
f 179/179/179 180/180/180 181/181/181 
f 180/180/180 182/182/182 181/181/181 
f 181/181/181 182/182/182 3/3/3 
f 182/182/182 183/183/183 3/3/3 
f 3/3/3 183/183/183 184/184/184 
f 183/183/183 184/184/184 184/184/184 
f 184/184/184 184/184/184 185/185/185 
f 184/184/184 185/185/185 185/185/185 
f 185/185/185 185/185/185 185/185/185 
f 185/185/185 186/186/186 185/185/185 
f 185/185/185 186/186/186 187/187/187 
f 186/186/186 188/188/188 187/187/187 
f 187/187/187 188/188/188 188/188/188 
f 188/188/188 189/189/189 188/188/188 
f 188/188/188 189/189/189 189/189/189 
f 189/189/189 190/190/190 189/189/189 
f 189/189/189 190/190/190 191/191/191 
f 190/190/190 192/192/192 191/191/191 
f 191/191/191 192/192/192 192/192/192 
f 192/192/192 193/193/193 192/192/192 
f 192/192/192 193/193/193 193/193/193 
f 193/193/193 194/194/194 193/193/193 
f 193/193/193 194/194/194 195/195/195 
f 194/194/194 196/196/196 195/195/195 
f 195/195/195 196/196/196 196/196/196 
f 196/196/196 197/197/197 196/196/196 
f 196/196/196 197/197/197 197/197/197 
f 197/197/197 198/198/198 197/197/197 
f 197/197/197 198/198/198 199/199/199 
f 198/198/198 200/200/200 199/199/199 
f 199/199/199 200/200/200 200/200/200 
f 200/200/200 201/201/201 200/200/200 
f 200/200/200 201/201/201 201/201/201 
f 201/201/201 202/202/202 201/201/201 
f 201/201/201 202/202/202 203/203/203 
f 202/202/202 204/204/204 203/203/203 
f 203/203/203 204/204/204 204/204/204 
f 204/204/204 205/205/205 204/204/204 
f 204/204/204 205/205/205 205/205/205 
f 205/205/205 206/206/206 205/205/205 
f 205/205/205 206/206/206 207/207/207 
f 206/206/206 208/208/208 207/207/207 
f 207/207/207 208/208/208 208/208/208 
f 208/208/208 209/209/209 208/208/208 
f 208/208/208 209/209/209 209/209/209 
f 209/209/209 210/210/210 209/209/209 
f 209/209/209 210/210/210 78/78/78 
f 210/210/210 211/211/211 78/78/78 
f 78/78/78 211/211/211 211/211/211 
f 211/211/211 212/212/212 211/211/211 
f 211/211/211 212/212/212 212/212/212 
f 212/212/212 213/213/213 212/212/212 
f 212/212/212 213/213/213 214/214/214 
f 213/213/213 215/215/215 214/214/214 
f 214/214/214 215/215/215 215/215/215 
f 215/215/215 216/216/216 215/215/215 
f 215/215/215 216/216/216 216/216/216 
f 216/216/216 217/217/217 216/216/216 
f 216/216/216 217/217/217 4/4/4 
f 217/217/217 218/218/218 4/4/4 
f 4/4/4 218/218/218 218/218/218 
f 218/218/218 219/219/219 218/218/218 
f 218/218/218 219/219/219 219/219/219 
f 219/219/219 220/220/220 219/219/219 
f 219/219/219 220/220/220 221/221/221 
f 220/220/220 222/222/222 221/221/221 
f 221/221/221 222/222/222 222/222/222 
f 222/222/222 223/223/223 222/222/222 
f 222/222/222 223/223/223 223/223/223 
f 223/223/223 224/224/224 223/223/223 
f 223/223/223 224/224/224 225/225/225 
f 224/224/224 226/226/226 225/225/225 
f 225/225/225 226/226/226 226/226/226 
f 226/226/226 227/227/227 226/226/226 
f 226/226/226 227/227/227 227/227/227 
f 227/227/227 228/228/228 227/227/227 
f 227/227/227 228/228/228 229/229/229 
f 228/228/228 230/230/230 229/229/229 
f 229/229/229 230/230/230 230/230/230 
f 230/230/230 231/231/231 230/230/230 
f 230/230/230 231/231/231 231/231/231 
f 231/231/231 232/232/232 231/231/231 
f 231/231/231 232/232/232 233/233/233 
f 232/232/232 234/234/234 233/233/233 
f 233/233/233 234/234/234 234/234/234 
f 234/234/234 235/235/235 234/234/234 
f 234/234/234 235/235/235 235/235/235 
f 235/235/235 236/236/236 235/235/235 
f 235/235/235 236/236/236 237/237/237 
f 236/236/236 238/238/238 237/237/237 
f 237/237/237 238/238/238 238/238/238 
f 238/238/238 239/239/239 238/238/238 
f 238/238/238 239/239/239 239/239/239 
f 239/239/239 240/240/240 239/239/239 
f 239/239/239 240/240/240 241/241/241 
f 240/240/240 242/242/242 241/241/241 
f 241/241/241 242/242/242 242/242/242 
f 242/242/242 243/243/243 242/242/242 
f 242/242/242 243/243/243 243/243/243 
f 243/243/243 244/244/244 243/243/243 
f 243/243/243 244/244/244 245/245/245 
f 244/244/244 246/246/246 245/245/245 
f 245/245/245 246/246/246 246/246/246 
f 246/246/246 247/247/247 246/246/246 
f 246/246/246 247/247/247 247/247/247 
f 247/247/247 248/248/248 247/247/247 
f 247/247/247 248/248/248 249/249/249 
f 248/248/248 250/250/250 249/249/249 
f 249/249/249 250/250/250 250/250/250 
f 250/250/250 251/251/251 250/250/250 
f 250/250/250 251/251/251 251/251/251 
f 251/251/251 252/252/252 251/251/251 
f 251/251/251 252/252/252 253/253/253 
f 252/252/252 254/254/254 253/253/253 
f 253/253/253 254/254/254 254/254/254 
f 254/254/254 255/255/255 254/254/254 
f 254/254/254 255/255/255 255/255/255 
f 255/255/255 256/256/256 255/255/255 
f 255/255/255 256/256/256 257/257/257 
f 256/256/256 258/258/258 257/257/257 
f 257/257/257 258/258/258 258/258/258 
f 258/258/258 259/259/259 258/258/258 
f 258/258/258 259/259/259 259/259/259 
f 259/259/259 260/260/260 259/259/259 
f 259/259/259 260/260/260 261/261/261 
f 260/260/260 262/262/262 261/261/261 
f 261/261/261 262/262/262 262/262/262 
f 262/262/262 263/263/263 262/262/262 
f 262/262/262 263/263/263 263/263/263 
f 263/263/263 36/36/36 263/263/263 
f 263/263/263 36/36/36 264/264/264 
f 36/36/36 265/265/265 264/264/264 
f 264/264/264 265/265/265 265/265/265 
f 265/265/265 266/266/266 265/265/265 
f 265/265/265 266/266/266 266/266/266 
f 266/266/266 267/267/267 266/266/266 
f 266/266/266 267/267/267 268/268/268 
f 267/267/267 269/269/269 268/268/268 
f 268/268/268 269/269/269 269/269/269 
f 269/269/269 270/270/270 269/269/269 
f 269/269/269 270/270/270 270/270/270 
f 270/270/270 271/271/271 270/270/270 
f 270/270/270 271/271/271 272/272/272 
f 271/271/271 273/273/273 272/272/272 
f 272/272/272 273/273/273 273/273/273 
f 273/273/273 274/274/274 273/273/273 
f 273/273/273 274/274/274 274/274/274 
f 274/274/274 275/275/275 274/274/274 
f 274/274/274 275/275/275 276/276/276 
f 275/275/275 277/277/277 276/276/276 
f 276/276/276 277/277/277 277/277/277 
f 277/277/277 278/278/278 277/277/277 
f 277/277/277 278/278/278 278/278/278 
f 278/278/278 279/279/279 278/278/278 
f 278/278/278 279/279/279 280/280/280 
f 279/279/279 281/281/281 280/280/280 
f 280/280/280 281/281/281 281/281/281 
f 281/281/281 282/282/282 281/281/281 
f 281/281/281 282/282/282 282/282/282 
f 282/282/282 283/283/283 282/282/282 
f 282/282/282 283/283/283 284/284/284 
f 283/283/283 285/285/285 284/284/284 
f 284/284/284 285/285/285 285/285/285 
f 285/285/285 286/286/286 285/285/285 
f 285/285/285 286/286/286 286/286/286 
f 286/286/286 287/287/287 286/286/286 
f 286/286/286 287/287/287 288/288/288 
f 287/287/287 289/289/289 288/288/288 
f 288/288/288 289/289/289 289/289/289 
f 289/289/289 290/290/290 289/289/289 
f 289/289/289 290/290/290 290/290/290 
f 290/290/290 291/291/291 290/290/290 
f 290/290/290 291/291/291 292/292/292 
f 291/291/291 293/293/293 292/292/292 
f 292/292/292 293/293/293 293/293/293 
f 293/293/293 294/294/294 293/293/293 
f 293/293/293 294/294/294 294/294/294 
f 294/294/294 295/295/295 294/294/294 
f 294/294/294 295/295/295 296/296/296 
f 295/295/295 297/297/297 296/296/296 
f 296/296/296 297/297/297 297/297/297 
f 297/297/297 298/298/298 297/297/297 
f 297/297/297 298/298/298 298/298/298 
f 298/298/298 299/299/299 298/298/298 
f 298/298/298 299/299/299 300/300/300 
f 299/299/299 301/301/301 300/300/300 
f 300/300/300 301/301/301 301/301/301 
f 301/301/301 302/302/302 301/301/301 
f 301/301/301 302/302/302 302/302/302 
f 302/302/302 303/303/303 302/302/302 
f 302/302/302 303/303/303 304/304/304 
f 303/303/303 305/305/305 304/304/304 
f 304/304/304 305/305/305 305/305/305 
f 305/305/305 306/306/306 305/305/305 
f 305/305/305 306/306/306 306/306/306 
f 306/306/306 307/307/307 306/306/306 
f 306/306/306 307/307/307 308/308/308 
f 307/307/307 309/309/309 308/308/308 
f 308/308/308 309/309/309 309/309/309 
f 309/309/309 310/310/310 309/309/309 
f 309/309/309 310/310/310 310/310/310 
f 310/310/310 311/311/311 310/310/310 
f 310/310/310 311/311/311 312/312/312 
f 311/311/311 313/313/313 312/312/312 
f 312/312/312 313/313/313 313/313/313 
f 313/313/313 314/314/314 313/313/313 
f 313/313/313 314/314/314 314/314/314 
f 314/314/314 315/315/315 314/314/314 
f 314/314/314 315/315/315 316/316/316 
f 315/315/315 317/317/317 316/316/316 
f 316/316/316 317/317/317 317/317/317 
f 317/317/317 318/318/318 317/317/317 
f 317/317/317 318/318/318 318/318/318 
f 318/318/318 319/319/319 318/318/318 
f 318/318/318 319/319/319 320/320/320 
f 319/319/319 321/321/321 320/320/320 
f 320/320/320 321/321/321 321/321/321 
f 321/321/321 322/322/322 321/321/321 
f 321/321/321 322/322/322 322/322/322 
f 322/322/322 323/323/323 322/322/322 
f 322/322/322 323/323/323 324/324/324 
f 323/323/323 325/325/325 324/324/324 
f 324/324/324 325/325/325 325/325/325 
f 325/325/325 326/326/326 325/325/325 
f 325/325/325 326/326/326 326/326/326 
f 326/326/326 327/327/327 326/326/326 
f 326/326/326 327/327/327 328/328/328 
f 327/327/327 329/329/329 328/328/328 
f 328/328/328 329/329/329 329/329/329 
f 329/329/329 330/330/330 329/329/329 
f 329/329/329 330/330/330 330/330/330 
f 330/330/330 331/331/331 330/330/330 
f 330/330/330 331/331/331 332/332/332 
f 331/331/331 333/333/333 332/332/332 
f 332/332/332 333/333/333 333/333/333 
f 333/333/333 334/334/334 333/333/333 
f 333/333/333 334/334/334 334/334/334 
f 334/334/334 335/335/335 334/334/334 
f 334/334/334 335/335/335 336/336/336 
f 335/335/335 337/337/337 336/336/336 
f 336/336/336 337/337/337 337/337/337 
f 337/337/337 338/338/338 337/337/337 
f 337/337/337 338/338/338 338/338/338 
f 338/338/338 339/339/339 338/338/338 
f 338/338/338 339/339/339 340/340/340 
f 339/339/339 341/341/341 340/340/340 
f 340/340/340 341/341/341 341/341/341 
f 341/341/341 342/342/342 341/341/341 
f 341/341/341 342/342/342 342/342/342 
f 342/342/342 343/343/343 342/342/342 
f 342/342/342 343/343/343 344/344/344 
f 343/343/343 345/345/345 344/344/344 
f 344/344/344 345/345/345 345/345/345 
f 345/345/345 346/346/346 345/345/345 
f 345/345/345 346/346/346 346/346/346 
f 346/346/346 347/347/347 346/346/346 
f 346/346/346 347/347/347 348/348/348 
f 347/347/347 349/349/349 348/348/348 
f 348/348/348 349/349/349 349/349/349 
f 349/349/349 350/350/350 349/349/349 
f 349/349/349 350/350/350 350/350/350 
f 350/350/350 351/351/351 350/350/350 
f 350/350/350 351/351/351 352/352/352 
f 351/351/351 353/353/353 352/352/352 
f 352/352/352 353/353/353 353/353/353 
f 353/353/353 354/354/354 353/353/353 
f 353/353/353 354/354/354 354/354/354 
f 354/354/354 355/355/355 354/354/354 
f 354/354/354 355/355/355 356/356/356 
f 355/355/355 357/357/357 356/356/356 
f 356/356/356 357/357/357 357/357/357 
f 357/357/357 358/358/358 357/357/357 
f 357/357/357 358/358/358 358/358/358 
f 358/358/358 359/359/359 358/358/358 
f 358/358/358 359/359/359 360/360/360 
f 359/359/359 361/361/361 360/360/360 
f 360/360/360 361/361/361 361/361/361 
f 361/361/361 362/362/362 361/361/361 
f 361/361/361 362/362/362 362/362/362 
f 362/362/362 363/363/363 362/362/362 
f 362/362/362 363/363/363 364/364/364 
f 363/363/363 365/365/365 364/364/364 
f 364/364/364 365/365/365 365/365/365 
f 365/365/365 366/366/366 365/365/365 
f 365/365/365 366/366/366 366/366/366 
f 366/366/366 367/367/367 366/366/366 
f 366/366/366 367/367/367 368/368/368 
f 367/367/367 369/369/369 368/368/368 
f 368/368/368 369/369/369 369/369/369 
f 369/369/369 370/370/370 369/369/369 
f 369/369/369 370/370/370 370/370/370 
f 370/370/370 371/371/371 370/370/370 
f 370/370/370 371/371/371 372/372/372 
f 371/371/371 373/373/373 372/372/372 
f 372/372/372 373/373/373 373/373/373 
f 373/373/373 374/374/374 373/373/373 
f 373/373/373 374/374/374 374/374/374 
f 374/374/374 375/375/375 374/374/374 
f 374/374/374 375/375/375 376/376/376 
f 375/375/375 377/377/377 376/376/376 
f 376/376/376 377/377/377 377/377/377 
f 377/377/377 378/378/378 377/377/377 
f 377/377/377 378/378/378 378/378/378 
f 378/378/378 379/379/379 378/378/378 
f 378/378/378 379/379/379 380/380/380 
f 379/379/379 381/381/381 380/380/380 
f 380/380/380 381/381/381 381/381/381 
f 381/381/381 382/382/382 381/381/381 
f 381/381/381 382/382/382 382/382/382 
f 382/382/382 383/383/383 382/382/382 
f 382/382/382 383/383/383 384/384/384 
f 383/383/383 385/385/385 384/384/384 
f 384/384/384 385/385/385 385/385/385 
f 385/385/385 386/386/386 385/385/385 
f 385/385/385 386/386/386 386/386/386 
f 386/386/386 387/387/387 386/386/386 
f 386/386/386 387/387/387 388/388/388 
f 387/387/387 389/389/389 388/388/388 
f 388/388/388 389/389/389 389/389/389 
f 389/389/389 390/390/390 389/389/389 
f 389/389/389 390/390/390 390/390/390 
f 390/390/390 391/391/391 390/390/390 
f 390/390/390 391/391/391 392/392/392 
f 391/391/391 393/393/393 392/392/392 
f 392/392/392 393/393/393 393/393/393 
f 393/393/393 394/394/394 393/393/393 
f 393/393/393 394/394/394 394/394/394 
f 394/394/394 395/395/395 394/394/394 
f 394/394/394 395/395/395 396/396/396 
f 395/395/395 397/397/397 396/396/396 
f 396/396/396 397/397/397 397/397/397 
f 397/397/397 398/398/398 397/397/397 
f 397/397/397 398/398/398 398/398/398 
f 398/398/398 399/399/399 398/398/398 
f 398/398/398 399/399/399 400/400/400 
f 399/399/399 401/401/401 400/400/400 
f 400/400/400 401/401/401 401/401/401 
f 401/401/401 402/402/402 401/401/401 
f 401/401/401 402/402/402 402/402/402 
f 402/402/402 403/403/403 402/402/402 
f 402/402/402 403/403/403 404/404/404 
f 403/403/403 405/405/405 404/404/404 
f 404/404/404 405/405/405 405/405/405 
f 405/405/405 406/406/406 405/405/405 
f 405/405/405 406/406/406 406/406/406 
f 406/406/406 407/407/407 406/406/406 
f 406/406/406 407/407/407 408/408/408 
f 407/407/407 409/409/409 408/408/408 
f 408/408/408 409/409/409 409/409/409 
f 409/409/409 410/410/410 409/409/409 
f 409/409/409 410/410/410 410/410/410 
f 410/410/410 411/411/411 410/410/410 
f 410/410/410 411/411/411 412/412/412 
f 411/411/411 413/413/413 412/412/412 
f 412/412/412 413/413/413 413/413/413 
f 413/413/413 414/414/414 413/413/413 
f 413/413/413 414/414/414 414/414/414 
f 414/414/414 415/415/415 414/414/414 
f 414/414/414 415/415/415 416/416/416 
f 415/415/415 417/417/417 416/416/416 
f 416/416/416 417/417/417 417/417/417 
f 417/417/417 418/418/418 417/417/417 
f 417/417/417 418/418/418 418/418/418 
f 418/418/418 419/419/419 418/418/418 
f 418/418/418 419/419/419 420/420/420 
f 419/419/419 421/421/421 420/420/420 
f 420/420/420 421/421/421 421/421/421 
f 421/421/421 422/422/422 421/421/421 
f 421/421/421 422/422/422 422/422/422 
f 422/422/422 423/423/423 422/422/422 
f 422/422/422 423/423/423 424/424/424 
f 423/423/423 425/425/425 424/424/424 
f 424/424/424 425/425/425 425/425/425 
f 425/425/425 426/426/426 425/425/425 
f 425/425/425 426/426/426 426/426/426 
f 426/426/426 427/427/427 426/426/426 
f 426/426/426 427/427/427 428/428/428 
f 427/427/427 429/429/429 428/428/428 
f 428/428/428 429/429/429 429/429/429 
f 429/429/429 430/430/430 429/429/429 
f 429/429/429 430/430/430 430/430/430 
f 430/430/430 431/431/431 430/430/430 
f 430/430/430 431/431/431 432/432/432 
f 431/431/431 433/433/433 432/432/432 
f 432/432/432 433/433/433 433/433/433 
f 433/433/433 434/434/434 433/433/433 
f 433/433/433 434/434/434 434/434/434 
f 434/434/434 435/435/435 434/434/434 
f 434/434/434 435/435/435 436/436/436 
f 435/435/435 437/437/437 436/436/436 
f 436/436/436 437/437/437 437/437/437 
f 437/437/437 438/438/438 437/437/437 
f 437/437/437 438/438/438 438/438/438 
f 438/438/438 38/38/38 438/438/438 
f 438/438/438 38/38/38 439/439/439 
f 38/38/38 440/440/440 439/439/439 
f 439/439/439 440/440/440 440/440/440 
f 440/440/440 441/441/441 440/440/440 
f 440/440/440 441/441/441 441/441/441 
f 441/441/441 442/442/442 441/441/441 
f 441/441/441 442/442/442 443/443/443 
f 442/442/442 444/444/444 443/443/443 
f 443/443/443 444/444/444 444/444/444 
f 444/444/444 445/445/445 444/444/444 
f 444/444/444 445/445/445 445/445/445 
f 445/445/445 35/35/35 445/445/445 
f 445/445/445 35/35/35 446/446/446 
f 35/35/35 389/389/389 446/446/446 
f 446/446/446 389/389/389 389/389/389 
f 389/389/389 447/447/447 389/389/389 
f 389/389/389 447/447/447 447/447/447 
f 447/447/447 448/448/448 447/447/447 
f 447/447/447 448/448/448 449/449/449 
f 448/448/448 450/450/450 449/449/449 
f 449/449/449 450/450/450 450/450/450 
f 450/450/450 451/451/451 450/450/450 
f 450/450/450 451/451/451 451/451/451 
f 451/451/451 452/452/452 451/451/451 
f 451/451/451 452/452/452 453/453/453 
f 452/452/452 454/454/454 453/453/453 
f 453/453/453 454/454/454 454/454/454 
f 454/454/454 455/455/455 454/454/454 
f 454/454/454 455/455/455 455/455/455 
f 455/455/455 456/456/456 455/455/455 
f 455/455/455 456/456/456 457/457/457 
f 456/456/456 458/458/458 457/457/457 
f 457/457/457 458/458/458 458/458/458 
f 458/458/458 459/459/459 458/458/458 
f 458/458/458 459/459/459 459/459/459 
f 459/459/459 460/460/460 459/459/459 
f 459/459/459 460/460/460 461/461/461 
f 460/460/460 462/462/462 461/461/461 
f 461/461/461 462/462/462 462/462/462 
f 462/462/462 463/463/463 462/462/462 
f 462/462/462 463/463/463 463/463/463 
f 463/463/463 438/438/438 463/463/463 
f 463/463/463 438/438/438 464/464/464 
f 438/438/438 465/465/465 464/464/464 
f 464/464/464 465/465/465 465/465/465 
f 465/465/465 466/466/466 465/465/465 
f 465/465/465 466/466/466 466/466/466 
f 466/466/466 467/467/467 466/466/466 
f 466/466/466 467/467/467 468/468/468 
f 467/467/467 469/469/469 468/468/468 
f 468/468/468 469/469/469 469/469/469 
f 469/469/469 470/470/470 469/469/469 
f 469/469/469 470/470/470 470/470/470 
f 470/470/470 471/471/471 470/470/470 
f 470/470/470 471/471/471 472/472/472 
f 471/471/471 473/473/473 472/472/472 
f 472/472/472 473/473/473 473/473/473 
f 473/473/473 474/474/474 473/473/473 
f 473/473/473 474/474/474 474/474/474 
f 474/474/474 475/475/475 474/474/474 
f 474/474/474 475/475/475 476/476/476 
f 475/475/475 477/477/477 476/476/476 
f 476/476/476 477/477/477 477/477/477 
f 477/477/477 478/478/478 477/477/477 
f 477/477/477 478/478/478 478/478/478 
f 478/478/478 479/479/479 478/478/478 
f 478/478/478 479/479/479 480/480/480 
f 479/479/479 481/481/481 480/480/480 
f 480/480/480 481/481/481 481/481/481 
f 481/481/481 482/482/482 481/481/481 
f 481/481/481 482/482/482 482/482/482 
f 482/482/482 483/483/483 482/482/482 
f 482/482/482 483/483/483 484/484/484 
f 483/483/483 485/485/485 484/484/484 
f 484/484/484 485/485/485 485/485/485 
f 485/485/485 486/486/486 485/485/485 
f 485/485/485 486/486/486 486/486/486 
f 486/486/486 487/487/487 486/486/486 
f 486/486/486 487/487/487 488/488/488 
f 487/487/487 489/489/489 488/488/488 
f 488/488/488 489/489/489 489/489/489 
f 489/489/489 490/490/490 489/489/489 
f 489/489/489 490/490/490 490/490/490 
f 490/490/490 491/491/491 490/490/490 
f 490/490/490 491/491/491 492/492/492 
f 491/491/491 493/493/493 492/492/492 
f 492/492/492 493/493/493 493/493/493 
f 493/493/493 494/494/494 493/493/493 
f 493/493/493 494/494/494 494/494/494 
f 494/494/494 495/495/495 494/494/494 
f 494/494/494 495/495/495 496/496/496 
f 495/495/495 497/497/497 496/496/496 
f 496/496/496 497/497/497 497/497/497 
f 497/497/497 498/498/498 497/497/497 
f 497/497/497 498/498/498 498/498/498 
f 498/498/498 499/499/499 498/498/498 
f 498/498/498 499/499/499 500/500/500 
f 499/499/499 501/501/501 500/500/500 
f 500/500/500 501/501/501 501/501/501 
f 501/501/501 502/502/502 501/501/501 
f 501/501/501 502/502/502 502/502/502 
f 502/502/502 503/503/503 502/502/502 
f 502/502/502 503/503/503 504/504/504 
f 503/503/503 505/505/505 504/504/504 
f 504/504/504 505/505/505 505/505/505 
f 505/505/505 506/506/506 505/505/505 
f 505/505/505 506/506/506 506/506/506 
f 506/506/506 507/507/507 506/506/506 
f 506/506/506 507/507/507 508/508/508 
f 507/507/507 509/509/509 508/508/508 
f 508/508/508 509/509/509 509/509/509 
f 509/509/509 510/510/510 509/509/509 
f 509/509/509 510/510/510 510/510/510 
f 510/510/510 511/511/511 510/510/510 
f 510/510/510 511/511/511 512/512/512 
f 511/511/511 513/513/513 512/512/512 
f 512/512/512 513/513/513 513/513/513 
f 513/513/513 514/514/514 513/513/513 
f 513/513/513 514/514/514 514/514/514 
f 514/514/514 515/515/515 514/514/514 
f 514/514/514 515/515/515 516/516/516 
f 515/515/515 517/517/517 516/516/516 
f 516/516/516 517/517/517 517/517/517 
f 517/517/517 518/518/518 517/517/517 
f 517/517/517 518/518/518 518/518/518 
f 518/518/518 519/519/519 518/518/518 
f 518/518/518 519/519/519 520/520/520 
f 519/519/519 521/521/521 520/520/520 
f 520/520/520 521/521/521 521/521/521 
f 521/521/521 522/522/522 521/521/521 
f 521/521/521 522/522/522 522/522/522 
f 522/522/522 523/523/523 522/522/522 
f 522/522/522 523/523/523 524/524/524 
f 523/523/523 525/525/525 524/524/524 
f 524/524/524 525/525/525 525/525/525 
f 525/525/525 526/526/526 525/525/525 
f 525/525/525 526/526/526 526/526/526 
f 526/526/526 527/527/527 526/526/526 
f 526/526/526 527/527/527 528/528/528 
f 527/527/527 529/529/529 528/528/528 
f 528/528/528 529/529/529 529/529/529 
f 529/529/529 530/530/530 529/529/529 
f 529/529/529 530/530/530 530/530/530 
f 530/530/530 531/531/531 530/530/530 
f 530/530/530 531/531/531 532/532/532 
f 531/531/531 101/101/101 532/532/532 
f 532/532/532 101/101/101 101/101/101 
f 101/101/101 533/533/533 101/101/101 
f 101/101/101 533/533/533 533/533/533 
f 533/533/533 534/534/534 533/533/533 
f 533/533/533 534/534/534 535/535/535 
f 534/534/534 536/536/536 535/535/535 
f 535/535/535 536/536/536 536/536/536 
f 536/536/536 537/537/537 536/536/536 
f 536/536/536 537/537/537 537/537/537 
f 537/537/537 538/538/538 537/537/537 
f 537/537/537 538/538/538 539/539/539 
f 538/538/538 540/540/540 539/539/539 
f 539/539/539 540/540/540 540/540/540 
f 540/540/540 541/541/541 540/540/540 
f 540/540/540 541/541/541 541/541/541 
f 541/541/541 542/542/542 541/541/541 
f 541/541/541 542/542/542 543/543/543 
f 542/542/542 544/544/544 543/543/543 
f 543/543/543 544/544/544 544/544/544 
f 544/544/544 545/545/545 544/544/544 
f 544/544/544 545/545/545 545/545/545 
f 545/545/545 546/546/546 545/545/545 
f 545/545/545 546/546/546 547/547/547 
f 546/546/546 548/548/548 547/547/547 
f 547/547/547 548/548/548 548/548/548 
f 548/548/548 549/549/549 548/548/548 
f 548/548/548 549/549/549 549/549/549 
f 549/549/549 550/550/550 549/549/549 
f 549/549/549 550/550/550 551/551/551 
f 550/550/550 552/552/552 551/551/551 
f 551/551/551 552/552/552 552/552/552 
f 552/552/552 553/553/553 552/552/552 
f 552/552/552 553/553/553 553/553/553 
f 553/553/553 554/554/554 553/553/553 
f 553/553/553 554/554/554 555/555/555 
f 554/554/554 556/556/556 555/555/555 
f 555/555/555 556/556/556 556/556/556 
f 556/556/556 557/557/557 556/556/556 
f 556/556/556 557/557/557 557/557/557 
f 557/557/557 558/558/558 557/557/557 
f 557/557/557 558/558/558 559/559/559 
f 558/558/558 560/560/560 559/559/559 
f 559/559/559 560/560/560 560/560/560 
f 560/560/560 561/561/561 560/560/560 
f 560/560/560 561/561/561 561/561/561 
f 561/561/561 562/562/562 561/561/561 
f 561/561/561 562/562/562 563/563/563 
f 562/562/562 564/564/564 563/563/563 
f 563/563/563 564/564/564 564/564/564 
f 564/564/564 565/565/565 564/564/564 
f 564/564/564 565/565/565 565/565/565 
f 565/565/565 566/566/566 565/565/565 
f 565/565/565 566/566/566 567/567/567 
f 566/566/566 568/568/568 567/567/567 
f 567/567/567 568/568/568 568/568/568 
f 568/568/568 569/569/569 568/568/568 
f 568/568/568 569/569/569 569/569/569 
f 569/569/569 570/570/570 569/569/569 
f 569/569/569 570/570/570 571/571/571 
f 570/570/570 572/572/572 571/571/571 
f 571/571/571 572/572/572 572/572/572 
f 572/572/572 573/573/573 572/572/572 
f 572/572/572 573/573/573 573/573/573 
f 573/573/573 574/574/574 573/573/573 
f 573/573/573 574/574/574 575/575/575 
f 574/574/574 576/576/576 575/575/575 
f 575/575/575 576/576/576 576/576/576 
f 576/576/576 577/577/577 576/576/576 
f 576/576/576 577/577/577 577/577/577 
f 577/577/577 578/578/578 577/577/577 
f 577/577/577 578/578/578 579/579/579 
f 578/578/578 580/580/580 579/579/579 
f 579/579/579 580/580/580 580/580/580 
f 580/580/580 581/581/581 580/580/580 
f 580/580/580 581/581/581 581/581/581 
f 581/581/581 582/582/582 581/581/581 
f 581/581/581 582/582/582 583/583/583 
f 582/582/582 584/584/584 583/583/583 
f 583/583/583 584/584/584 584/584/584 
f 584/584/584 585/585/585 584/584/584 
f 584/584/584 585/585/585 585/585/585 
f 585/585/585 586/586/586 585/585/585 
f 585/585/585 586/586/586 587/587/587 
f 586/586/586 588/588/588 587/587/587 
f 587/587/587 588/588/588 588/588/588 
f 588/588/588 589/589/589 588/588/588 
f 588/588/588 589/589/589 589/589/589 
f 589/589/589 590/590/590 589/589/589 
f 589/589/589 590/590/590 591/591/591 
f 590/590/590 592/592/592 591/591/591 
f 591/591/591 592/592/592 592/592/592 
f 592/592/592 593/593/593 592/592/592 
f 592/592/592 593/593/593 593/593/593 
f 593/593/593 594/594/594 593/593/593 
f 593/593/593 594/594/594 595/595/595 
f 594/594/594 596/596/596 595/595/595 
f 595/595/595 596/596/596 596/596/596 
f 596/596/596 597/597/597 596/596/596 
f 596/596/596 597/597/597 597/597/597 
f 597/597/597 598/598/598 597/597/597 
f 597/597/597 598/598/598 599/599/599 
f 598/598/598 600/600/600 599/599/599 
f 599/599/599 600/600/600 600/600/600 
f 600/600/600 601/601/601 600/600/600 
f 600/600/600 601/601/601 601/601/601 
f 601/601/601 602/602/602 601/601/601 
f 601/601/601 602/602/602 603/603/603 
f 602/602/602 604/604/604 603/603/603 
f 603/603/603 604/604/604 604/604/604 
f 604/604/604 605/605/605 604/604/604 
f 604/604/604 605/605/605 605/605/605 
f 605/605/605 606/606/606 605/605/605 
f 605/605/605 606/606/606 607/607/607 
f 606/606/606 608/608/608 607/607/607 
f 607/607/607 608/608/608 608/608/608 
f 608/608/608 609/609/609 608/608/608 
f 608/608/608 609/609/609 609/609/609 
f 609/609/609 610/610/610 609/609/609 
f 609/609/609 610/610/610 611/611/611 
f 610/610/610 612/612/612 611/611/611 
f 611/611/611 612/612/612 612/612/612 
f 612/612/612 613/613/613 612/612/612 
f 612/612/612 613/613/613 613/613/613 
f 613/613/613 614/614/614 613/613/613 
f 613/613/613 614/614/614 615/615/615 
f 614/614/614 616/616/616 615/615/615 
f 615/615/615 616/616/616 616/616/616 
f 616/616/616 617/617/617 616/616/616 
f 616/616/616 617/617/617 617/617/617 
f 617/617/617 618/618/618 617/617/617 
f 617/617/617 618/618/618 619/619/619 
f 618/618/618 620/620/620 619/619/619 
f 619/619/619 620/620/620 620/620/620 
f 620/620/620 621/621/621 620/620/620 
f 620/620/620 621/621/621 621/621/621 
f 621/621/621 622/622/622 621/621/621 
f 621/621/621 622/622/622 623/623/623 
f 622/622/622 624/624/624 623/623/623 
f 623/623/623 624/624/624 624/624/624 
f 624/624/624 625/625/625 624/624/624 
f 624/624/624 625/625/625 625/625/625 
f 625/625/625 626/626/626 625/625/625 
f 625/625/625 626/626/626 627/627/627 
f 626/626/626 628/628/628 627/627/627 
f 627/627/627 628/628/628 628/628/628 
f 628/628/628 629/629/629 628/628/628 
f 628/628/628 629/629/629 629/629/629 
f 629/629/629 630/630/630 629/629/629 
f 629/629/629 630/630/630 631/631/631 
f 630/630/630 632/632/632 631/631/631 
f 631/631/631 632/632/632 632/632/632 
f 632/632/632 633/633/633 632/632/632 
f 632/632/632 633/633/633 633/633/633 
f 633/633/633 634/634/634 633/633/633 
f 633/633/633 634/634/634 635/635/635 
f 634/634/634 636/636/636 635/635/635 
f 635/635/635 636/636/636 636/636/636 
f 636/636/636 637/637/637 636/636/636 
f 636/636/636 637/637/637 637/637/637 
f 637/637/637 638/638/638 637/637/637 
f 637/637/637 638/638/638 639/639/639 
f 638/638/638 640/640/640 639/639/639 
f 639/639/639 640/640/640 640/640/640 
f 640/640/640 641/641/641 640/640/640 
f 640/640/640 641/641/641 641/641/641 
f 641/641/641 642/642/642 641/641/641 
f 641/641/641 642/642/642 643/643/643 
f 642/642/642 644/644/644 643/643/643 
f 643/643/643 644/644/644 644/644/644 
f 644/644/644 645/645/645 644/644/644 
f 644/644/644 645/645/645 645/645/645 
f 645/645/645 646/646/646 645/645/645 
f 645/645/645 646/646/646 647/647/647 
f 646/646/646 648/648/648 647/647/647 
f 647/647/647 648/648/648 648/648/648 
f 648/648/648 649/649/649 648/648/648 
f 648/648/648 649/649/649 649/649/649 
f 649/649/649 650/650/650 649/649/649 
f 649/649/649 650/650/650 651/651/651 
f 650/650/650 652/652/652 651/651/651 
f 651/651/651 652/652/652 652/652/652 
f 652/652/652 653/653/653 652/652/652 
f 652/652/652 653/653/653 653/653/653 
f 653/653/653 654/654/654 653/653/653 
f 653/653/653 654/654/654 655/655/655 
f 654/654/654 656/656/656 655/655/655 
f 655/655/655 656/656/656 656/656/656 
f 656/656/656 657/657/657 656/656/656 
f 656/656/656 657/657/657 657/657/657 
f 657/657/657 658/658/658 657/657/657 
f 657/657/657 658/658/658 659/659/659 
f 658/658/658 660/660/660 659/659/659 
f 659/659/659 660/660/660 660/660/660 
f 660/660/660 661/661/661 660/660/660 
f 660/660/660 661/661/661 661/661/661 
f 661/661/661 662/662/662 661/661/661 
f 661/661/661 662/662/662 663/663/663 
f 662/662/662 664/664/664 663/663/663 
f 663/663/663 664/664/664 664/664/664 
f 664/664/664 665/665/665 664/664/664 
f 664/664/664 665/665/665 665/665/665 
f 665/665/665 666/666/666 665/665/665 
f 665/665/665 666/666/666 667/667/667 
f 666/666/666 668/668/668 667/667/667 
f 667/667/667 668/668/668 668/668/668 
f 668/668/668 669/669/669 668/668/668 
f 668/668/668 669/669/669 669/669/669 
f 669/669/669 670/670/670 669/669/669 
f 669/669/669 670/670/670 671/671/671 
f 670/670/670 672/672/672 671/671/671 
f 671/671/671 672/672/672 672/672/672 
f 672/672/672 673/673/673 672/672/672 
f 672/672/672 673/673/673 673/673/673 
f 673/673/673 674/674/674 673/673/673 
f 673/673/673 674/674/674 675/675/675 
f 674/674/674 676/676/676 675/675/675 
f 675/675/675 676/676/676 676/676/676 
f 676/676/676 677/677/677 676/676/676 
f 676/676/676 677/677/677 677/677/677 
f 677/677/677 678/678/678 677/677/677 
f 677/677/677 678/678/678 679/679/679 
f 678/678/678 680/680/680 679/679/679 
f 679/679/679 680/680/680 680/680/680 
f 680/680/680 681/681/681 680/680/680 
f 680/680/680 681/681/681 681/681/681 
f 681/681/681 682/682/682 681/681/681 
f 681/681/681 682/682/682 683/683/683 
f 682/682/682 684/684/684 683/683/683 
f 683/683/683 684/684/684 684/684/684 
f 684/684/684 685/685/685 684/684/684 
f 684/684/684 685/685/685 685/685/685 
f 685/685/685 686/686/686 685/685/685 
f 685/685/685 686/686/686 687/687/687 
f 686/686/686 688/688/688 687/687/687 
f 687/687/687 688/688/688 688/688/688 
f 688/688/688 689/689/689 688/688/688 
f 688/688/688 689/689/689 689/689/689 
f 689/689/689 690/690/690 689/689/689 
f 689/689/689 690/690/690 691/691/691 
f 690/690/690 692/692/692 691/691/691 
f 691/691/691 692/692/692 692/692/692 
f 692/692/692 693/693/693 692/692/692 
f 692/692/692 693/693/693 693/693/693 
f 693/693/693 694/694/694 693/693/693 
f 693/693/693 694/694/694 695/695/695 
f 694/694/694 696/696/696 695/695/695 
f 695/695/695 696/696/696 696/696/696 
f 696/696/696 697/697/697 696/696/696 
f 696/696/696 697/697/697 697/697/697 
f 697/697/697 698/698/698 697/697/697 
f 697/697/697 698/698/698 699/699/699 
f 698/698/698 700/700/700 699/699/699 
f 699/699/699 700/700/700 700/700/700 
f 700/700/700 701/701/701 700/700/700 
f 700/700/700 701/701/701 701/701/701 
f 701/701/701 702/702/702 701/701/701 
f 701/701/701 702/702/702 703/703/703 
f 702/702/702 704/704/704 703/703/703 
f 703/703/703 704/704/704 704/704/704 
f 704/704/704 705/705/705 704/704/704 
f 704/704/704 705/705/705 705/705/705 
f 705/705/705 706/706/706 705/705/705 
f 705/705/705 706/706/706 707/707/707 
f 706/706/706 708/708/708 707/707/707 
f 707/707/707 708/708/708 708/708/708 
f 708/708/708 709/709/709 708/708/708 
f 708/708/708 709/709/709 709/709/709 
f 709/709/709 710/710/710 709/709/709 
f 709/709/709 710/710/710 711/711/711 
f 710/710/710 712/712/712 711/711/711 
f 711/711/711 712/712/712 712/712/712 
f 712/712/712 713/713/713 712/712/712 
f 712/712/712 713/713/713 713/713/713 
f 713/713/713 714/714/714 713/713/713 
f 713/713/713 714/714/714 715/715/715 
f 714/714/714 716/716/716 715/715/715 
f 715/715/715 716/716/716 716/716/716 
f 716/716/716 717/717/717 716/716/716 
f 716/716/716 717/717/717 717/717/717 
f 717/717/717 718/718/718 717/717/717 
f 717/717/717 718/718/718 719/719/719 
f 718/718/718 720/720/720 719/719/719 
f 719/719/719 720/720/720 720/720/720 
f 720/720/720 721/721/721 720/720/720 
f 720/720/720 721/721/721 721/721/721 
f 721/721/721 722/722/722 721/721/721 
f 721/721/721 722/722/722 723/723/723 
f 722/722/722 724/724/724 723/723/723 
f 723/723/723 724/724/724 724/724/724 
f 724/724/724 725/725/725 724/724/724 
f 724/724/724 725/725/725 725/725/725 
f 725/725/725 726/726/726 725/725/725 
f 725/725/725 726/726/726 727/727/727 
f 726/726/726 728/728/728 727/727/727 
f 727/727/727 728/728/728 728/728/728 
f 728/728/728 729/729/729 728/728/728 
f 728/728/728 729/729/729 729/729/729 
f 729/729/729 730/730/730 729/729/729 
f 729/729/729 730/730/730 731/731/731 
f 730/730/730 732/732/732 731/731/731 
f 731/731/731 732/732/732 732/732/732 
f 732/732/732 733/733/733 732/732/732 
f 732/732/732 733/733/733 733/733/733 
f 733/733/733 734/734/734 733/733/733 
f 733/733/733 734/734/734 735/735/735 
f 734/734/734 736/736/736 735/735/735 
f 735/735/735 736/736/736 736/736/736 
f 736/736/736 737/737/737 736/736/736 
f 736/736/736 737/737/737 737/737/737 
f 737/737/737 738/738/738 737/737/737 
f 737/737/737 738/738/738 739/739/739 
f 738/738/738 740/740/740 739/739/739 
f 739/739/739 740/740/740 740/740/740 
f 740/740/740 741/741/741 740/740/740 
f 740/740/740 741/741/741 741/741/741 
f 741/741/741 742/742/742 741/741/741 
f 741/741/741 742/742/742 743/743/743 
f 742/742/742 744/744/744 743/743/743 
f 743/743/743 744/744/744 744/744/744 
f 744/744/744 745/745/745 744/744/744 
f 744/744/744 745/745/745 745/745/745 
f 745/745/745 746/746/746 745/745/745 
f 745/745/745 746/746/746 747/747/747 
f 746/746/746 748/748/748 747/747/747 
f 747/747/747 748/748/748 748/748/748 
f 748/748/748 749/749/749 748/748/748 
f 748/748/748 749/749/749 749/749/749 
f 749/749/749 750/750/750 749/749/749 
f 749/749/749 750/750/750 751/751/751 
f 750/750/750 752/752/752 751/751/751 
f 751/751/751 752/752/752 752/752/752 
f 752/752/752 753/753/753 752/752/752 
f 752/752/752 753/753/753 753/753/753 
f 753/753/753 754/754/754 753/753/753 
f 753/753/753 754/754/754 755/755/755 
f 754/754/754 756/756/756 755/755/755 
f 755/755/755 756/756/756 756/756/756 
f 756/756/756 757/757/757 756/756/756 
f 756/756/756 757/757/757 757/757/757 
f 757/757/757 758/758/758 757/757/757 
f 757/757/757 758/758/758 759/759/759 
f 758/758/758 760/760/760 759/759/759 
f 759/759/759 760/760/760 760/760/760 
f 760/760/760 761/761/761 760/760/760 
f 760/760/760 761/761/761 761/761/761 
f 761/761/761 762/762/762 761/761/761 
f 761/761/761 762/762/762 763/763/763 
f 762/762/762 764/764/764 763/763/763 
f 763/763/763 764/764/764 764/764/764 
f 764/764/764 765/765/765 764/764/764 
f 764/764/764 765/765/765 765/765/765 
f 765/765/765 766/766/766 765/765/765 
f 765/765/765 766/766/766 767/767/767 
f 766/766/766 768/768/768 767/767/767 
f 767/767/767 768/768/768 768/768/768 
f 768/768/768 769/769/769 768/768/768 
f 768/768/768 769/769/769 769/769/769 
f 769/769/769 770/770/770 769/769/769 
f 769/769/769 770/770/770 771/771/771 
f 770/770/770 772/772/772 771/771/771 
f 771/771/771 772/772/772 772/772/772 
f 772/772/772 773/773/773 772/772/772 
f 772/772/772 773/773/773 773/773/773 
f 773/773/773 774/774/774 773/773/773 
f 773/773/773 774/774/774 775/775/775 
f 774/774/774 776/776/776 775/775/775 
f 775/775/775 776/776/776 776/776/776 
f 776/776/776 777/777/777 776/776/776 
f 776/776/776 777/777/777 777/777/777 
f 777/777/777 778/778/778 777/777/777 
f 777/777/777 778/778/778 779/779/779 
f 778/778/778 780/780/780 779/779/779 
f 779/779/779 780/780/780 780/780/780 
f 780/780/780 781/781/781 780/780/780 
f 780/780/780 781/781/781 781/781/781 
f 781/781/781 782/782/782 781/781/781 
f 781/781/781 782/782/782 783/783/783 
f 782/782/782 784/784/784 783/783/783 
f 783/783/783 784/784/784 784/784/784 
f 784/784/784 785/785/785 784/784/784 
f 784/784/784 785/785/785 785/785/785 
f 785/785/785 786/786/786 785/785/785 
f 785/785/785 786/786/786 787/787/787 
f 786/786/786 788/788/788 787/787/787 
f 787/787/787 788/788/788 788/788/788 
f 788/788/788 789/789/789 788/788/788 
f 788/788/788 789/789/789 789/789/789 
f 789/789/789 790/790/790 789/789/789 
f 789/789/789 790/790/790 791/791/791 
f 790/790/790 792/792/792 791/791/791 
f 791/791/791 792/792/792 792/792/792 
f 792/792/792 793/793/793 792/792/792 
f 792/792/792 793/793/793 793/793/793 
f 793/793/793 794/794/794 793/793/793 
f 793/793/793 794/794/794 795/795/795 
f 794/794/794 796/796/796 795/795/795 
f 795/795/795 796/796/796 796/796/796 
f 796/796/796 797/797/797 796/796/796 
f 796/796/796 797/797/797 797/797/797 
f 797/797/797 798/798/798 797/797/797 
f 797/797/797 798/798/798 799/799/799 
f 798/798/798 800/800/800 799/799/799 
f 799/799/799 800/800/800 800/800/800 
f 800/800/800 801/801/801 800/800/800 
f 800/800/800 801/801/801 801/801/801 
f 801/801/801 802/802/802 801/801/801 
f 801/801/801 802/802/802 803/803/803 
f 802/802/802 804/804/804 803/803/803 
f 803/803/803 804/804/804 804/804/804 
f 804/804/804 805/805/805 804/804/804 
f 804/804/804 805/805/805 805/805/805 
f 805/805/805 806/806/806 805/805/805 
f 805/805/805 806/806/806 807/807/807 
f 806/806/806 808/808/808 807/807/807 
f 807/807/807 808/808/808 808/808/808 
f 808/808/808 809/809/809 808/808/808 
f 808/808/808 809/809/809 809/809/809 
f 809/809/809 810/810/810 809/809/809 
f 809/809/809 810/810/810 811/811/811 
f 810/810/810 812/812/812 811/811/811 
f 811/811/811 812/812/812 812/812/812 
f 812/812/812 813/813/813 812/812/812 
f 812/812/812 813/813/813 813/813/813 
f 813/813/813 814/814/814 813/813/813 
f 813/813/813 814/814/814 815/815/815 
f 814/814/814 816/816/816 815/815/815 
f 815/815/815 816/816/816 816/816/816 
f 816/816/816 817/817/817 816/816/816 
f 816/816/816 817/817/817 817/817/817 
f 817/817/817 818/818/818 817/817/817 
f 817/817/817 818/818/818 819/819/819 
f 818/818/818 820/820/820 819/819/819 
f 819/819/819 820/820/820 820/820/820 
f 820/820/820 821/821/821 820/820/820 
f 820/820/820 821/821/821 821/821/821 
f 821/821/821 822/822/822 821/821/821 
f 821/821/821 822/822/822 823/823/823 
f 822/822/822 824/824/824 823/823/823 
f 823/823/823 824/824/824 824/824/824 
f 824/824/824 825/825/825 824/824/824 
f 824/824/824 825/825/825 825/825/825 
f 825/825/825 826/826/826 825/825/825 
f 825/825/825 826/826/826 827/827/827 
f 826/826/826 828/828/828 827/827/827 
f 827/827/827 828/828/828 828/828/828 
f 828/828/828 829/829/829 828/828/828 
f 828/828/828 829/829/829 829/829/829 
f 829/829/829 830/830/830 829/829/829 
f 829/829/829 830/830/830 831/831/831 
f 830/830/830 832/832/832 831/831/831 
f 831/831/831 832/832/832 832/832/832 
f 832/832/832 833/833/833 832/832/832 
f 832/832/832 833/833/833 833/833/833 
f 833/833/833 834/834/834 833/833/833 
f 833/833/833 834/834/834 835/835/835 
f 834/834/834 836/836/836 835/835/835 
f 835/835/835 836/836/836 836/836/836 
f 836/836/836 837/837/837 836/836/836 
f 836/836/836 837/837/837 837/837/837 
f 837/837/837 838/838/838 837/837/837 
f 837/837/837 838/838/838 839/839/839 
f 838/838/838 840/840/840 839/839/839 
f 839/839/839 840/840/840 840/840/840 
f 840/840/840 841/841/841 840/840/840 
f 840/840/840 841/841/841 841/841/841 
f 841/841/841 842/842/842 841/841/841 
f 841/841/841 842/842/842 843/843/843 
f 842/842/842 844/844/844 843/843/843 
f 843/843/843 844/844/844 844/844/844 
f 844/844/844 845/845/845 844/844/844 
f 844/844/844 845/845/845 845/845/845 
f 845/845/845 846/846/846 845/845/845 
f 845/845/845 846/846/846 847/847/847 
f 846/846/846 848/848/848 847/847/847 
f 847/847/847 848/848/848 848/848/848 
f 848/848/848 849/849/849 848/848/848 
f 848/848/848 849/849/849 849/849/849 
f 849/849/849 850/850/850 849/849/849 
f 849/849/849 850/850/850 851/851/851 
f 850/850/850 852/852/852 851/851/851 
f 851/851/851 852/852/852 852/852/852 
f 852/852/852 853/853/853 852/852/852 
f 852/852/852 853/853/853 853/853/853 
f 853/853/853 854/854/854 853/853/853 
f 853/853/853 854/854/854 855/855/855 
f 854/854/854 856/856/856 855/855/855 
f 855/855/855 856/856/856 856/856/856 
f 856/856/856 857/857/857 856/856/856 
f 856/856/856 857/857/857 857/857/857 
f 857/857/857 858/858/858 857/857/857 
f 857/857/857 858/858/858 859/859/859 
f 858/858/858 860/860/860 859/859/859 
f 859/859/859 860/860/860 3/3/3 
f 860/860/860 861/861/861 3/3/3 
f 3/3/3 861/861/861 862/862/862 
f 861/861/861 863/863/863 862/862/862 
f 862/862/862 863/863/863 863/863/863 
f 863/863/863 862/862/862 863/863/863 
f 863/863/863 862/862/862 862/862/862 
f 862/862/862 864/864/864 862/862/862 
f 862/862/862 864/864/864 3/3/3 
f 864/864/864 865/865/865 3/3/3 
f 3/3/3 865/865/865 865/865/865 
f 865/865/865 866/866/866 865/865/865 
f 865/865/865 866/866/866 866/866/866 
f 866/866/866 867/867/867 866/866/866 
f 866/866/866 867/867/867 868/868/868 
f 867/867/867 869/869/869 868/868/868 
f 868/868/868 869/869/869 869/869/869 
f 869/869/869 870/870/870 869/869/869 
f 869/869/869 870/870/870 870/870/870 
f 870/870/870 871/871/871 870/870/870 
f 870/870/870 871/871/871 872/872/872 
f 871/871/871 873/873/873 872/872/872 
f 872/872/872 873/873/873 873/873/873 
f 873/873/873 874/874/874 873/873/873 
f 873/873/873 874/874/874 874/874/874 
f 874/874/874 875/875/875 874/874/874 
f 874/874/874 875/875/875 876/876/876 
f 875/875/875 877/877/877 876/876/876 
f 876/876/876 877/877/877 877/877/877 
f 877/877/877 878/878/878 877/877/877 
f 877/877/877 878/878/878 878/878/878 
f 878/878/878 879/879/879 878/878/878 
f 878/878/878 879/879/879 880/880/880 
f 879/879/879 881/881/881 880/880/880 
f 880/880/880 881/881/881 881/881/881 
f 881/881/881 882/882/882 881/881/881 
f 881/881/881 882/882/882 882/882/882 
f 882/882/882 883/883/883 882/882/882 
f 882/882/882 883/883/883 884/884/884 
f 883/883/883 885/885/885 884/884/884 
f 884/884/884 885/885/885 885/885/885 
f 885/885/885 886/886/886 885/885/885 
f 885/885/885 886/886/886 886/886/886 
f 886/886/886 887/887/887 886/886/886 
f 886/886/886 887/887/887 888/888/888 
f 887/887/887 889/889/889 888/888/888 
f 888/888/888 889/889/889 889/889/889 
f 889/889/889 890/890/890 889/889/889 
f 889/889/889 890/890/890 890/890/890 
f 890/890/890 891/891/891 890/890/890 
f 890/890/890 891/891/891 892/892/892 
f 891/891/891 893/893/893 892/892/892 
f 892/892/892 893/893/893 893/893/893 
f 893/893/893 894/894/894 893/893/893 
f 893/893/893 894/894/894 894/894/894 
f 894/894/894 895/895/895 894/894/894 
f 894/894/894 895/895/895 896/896/896 
f 895/895/895 897/897/897 896/896/896 
f 896/896/896 897/897/897 897/897/897 
f 897/897/897 898/898/898 897/897/897 
f 897/897/897 898/898/898 898/898/898 
f 898/898/898 899/899/899 898/898/898 
f 898/898/898 899/899/899 900/900/900 
f 899/899/899 901/901/901 900/900/900 
f 900/900/900 901/901/901 901/901/901 
f 901/901/901 902/902/902 901/901/901 
f 901/901/901 902/902/902 902/902/902 
f 902/902/902 903/903/903 902/902/902 
f 902/902/902 903/903/903 904/904/904 
f 903/903/903 905/905/905 904/904/904 
f 904/904/904 905/905/905 905/905/905 
f 905/905/905 906/906/906 905/905/905 
f 905/905/905 906/906/906 906/906/906 
f 906/906/906 907/907/907 906/906/906 
f 906/906/906 907/907/907 908/908/908 
f 907/907/907 909/909/909 908/908/908 
f 908/908/908 909/909/909 909/909/909 
f 909/909/909 910/910/910 909/909/909 
f 909/909/909 910/910/910 910/910/910 
f 910/910/910 911/911/911 910/910/910 
f 910/910/910 911/911/911 912/912/912 
f 911/911/911 913/913/913 912/912/912 
f 912/912/912 913/913/913 913/913/913 
f 913/913/913 914/914/914 913/913/913 
f 913/913/913 914/914/914 914/914/914 
f 914/914/914 915/915/915 914/914/914 
f 914/914/914 915/915/915 916/916/916 
f 915/915/915 917/917/917 916/916/916 
f 916/916/916 917/917/917 917/917/917 
f 917/917/917 918/918/918 917/917/917 
f 917/917/917 918/918/918 918/918/918 
f 918/918/918 919/919/919 918/918/918 
f 918/918/918 919/919/919 920/920/920 
f 919/919/919 921/921/921 920/920/920 
f 920/920/920 921/921/921 921/921/921 
f 921/921/921 922/922/922 921/921/921 
f 921/921/921 922/922/922 922/922/922 
f 922/922/922 923/923/923 922/922/922 
f 922/922/922 923/923/923 924/924/924 
f 923/923/923 925/925/925 924/924/924 
f 924/924/924 925/925/925 925/925/925 
f 925/925/925 926/926/926 925/925/925 
f 925/925/925 926/926/926 926/926/926 
f 926/926/926 927/927/927 926/926/926 
f 926/926/926 927/927/927 928/928/928 
f 927/927/927 929/929/929 928/928/928 
f 928/928/928 929/929/929 929/929/929 
f 929/929/929 930/930/930 929/929/929 
f 929/929/929 930/930/930 930/930/930 
f 930/930/930 931/931/931 930/930/930 
f 930/930/930 931/931/931 932/932/932 
f 931/931/931 933/933/933 932/932/932 
f 932/932/932 933/933/933 933/933/933 
f 933/933/933 934/934/934 933/933/933 
f 933/933/933 934/934/934 934/934/934 
f 934/934/934 935/935/935 934/934/934 
f 934/934/934 935/935/935 936/936/936 
f 935/935/935 937/937/937 936/936/936 
f 936/936/936 937/937/937 937/937/937 
f 937/937/937 938/938/938 937/937/937 
f 937/937/937 938/938/938 938/938/938 
f 938/938/938 939/939/939 938/938/938 
f 938/938/938 939/939/939 940/940/940 
f 939/939/939 941/941/941 940/940/940 
f 940/940/940 941/941/941 941/941/941 
f 941/941/941 942/942/942 941/941/941 
f 941/941/941 942/942/942 942/942/942 
f 942/942/942 943/943/943 942/942/942 
f 942/942/942 943/943/943 944/944/944 
f 943/943/943 945/945/945 944/944/944 
f 944/944/944 945/945/945 945/945/945 
f 945/945/945 946/946/946 945/945/945 
f 945/945/945 946/946/946 946/946/946 
f 946/946/946 947/947/947 946/946/946 
f 946/946/946 947/947/947 948/948/948 
f 947/947/947 949/949/949 948/948/948 
f 948/948/948 949/949/949 949/949/949 
f 949/949/949 950/950/950 949/949/949 
f 949/949/949 950/950/950 950/950/950 
f 950/950/950 951/951/951 950/950/950 
f 950/950/950 951/951/951 952/952/952 
f 951/951/951 953/953/953 952/952/952 
f 952/952/952 953/953/953 953/953/953 
f 953/953/953 954/954/954 953/953/953 
f 953/953/953 954/954/954 954/954/954 
f 954/954/954 955/955/955 954/954/954 
f 954/954/954 955/955/955 956/956/956 
f 955/955/955 957/957/957 956/956/956 
f 956/956/956 957/957/957 957/957/957 
f 957/957/957 958/958/958 957/957/957 
f 957/957/957 958/958/958 958/958/958 
f 958/958/958 959/959/959 958/958/958 
f 958/958/958 959/959/959 960/960/960 
f 959/959/959 961/961/961 960/960/960 
f 960/960/960 961/961/961 961/961/961 
f 961/961/961 962/962/962 961/961/961 
f 961/961/961 962/962/962 962/962/962 
f 962/962/962 963/963/963 962/962/962 
f 962/962/962 963/963/963 964/964/964 
f 963/963/963 965/965/965 964/964/964 
f 964/964/964 965/965/965 965/965/965 
f 965/965/965 966/966/966 965/965/965 
f 965/965/965 966/966/966 966/966/966 
f 966/966/966 967/967/967 966/966/966 
f 966/966/966 967/967/967 968/968/968 
f 967/967/967 969/969/969 968/968/968 
f 968/968/968 969/969/969 969/969/969 
f 969/969/969 970/970/970 969/969/969 
f 969/969/969 970/970/970 970/970/970 
f 970/970/970 971/971/971 970/970/970 
f 970/970/970 971/971/971 972/972/972 
f 971/971/971 973/973/973 972/972/972 
f 972/972/972 973/973/973 973/973/973 
f 973/973/973 974/974/974 973/973/973 
f 973/973/973 974/974/974 974/974/974 
f 974/974/974 975/975/975 974/974/974 
f 974/974/974 975/975/975 976/976/976 
f 975/975/975 977/977/977 976/976/976 
f 976/976/976 977/977/977 977/977/977 
f 977/977/977 978/978/978 977/977/977 
f 977/977/977 978/978/978 978/978/978 
f 978/978/978 979/979/979 978/978/978 
f 978/978/978 979/979/979 980/980/980 
f 979/979/979 981/981/981 980/980/980 
f 980/980/980 981/981/981 981/981/981 
f 981/981/981 982/982/982 981/981/981 
f 981/981/981 982/982/982 982/982/982 
f 982/982/982 983/983/983 982/982/982 
f 982/982/982 983/983/983 984/984/984 
f 983/983/983 985/985/985 984/984/984 
f 984/984/984 985/985/985 985/985/985 
f 985/985/985 986/986/986 985/985/985 
f 985/985/985 986/986/986 986/986/986 
f 986/986/986 987/987/987 986/986/986 
f 986/986/986 987/987/987 988/988/988 
f 987/987/987 989/989/989 988/988/988 
f 988/988/988 989/989/989 989/989/989 
f 989/989/989 990/990/990 989/989/989 
f 989/989/989 990/990/990 990/990/990 
f 990/990/990 991/991/991 990/990/990 
f 990/990/990 991/991/991 992/992/992 
f 991/991/991 993/993/993 992/992/992 
f 992/992/992 993/993/993 993/993/993 
f 993/993/993 994/994/994 993/993/993 
f 993/993/993 994/994/994 994/994/994 
f 994/994/994 995/995/995 994/994/994 
f 994/994/994 995/995/995 996/996/996 
f 995/995/995 997/997/997 996/996/996 
f 996/996/996 997/997/997 997/997/997 
f 997/997/997 998/998/998 997/997/997 
f 997/997/997 998/998/998 998/998/998 
f 998/998/998 999/999/999 998/998/998 
f 998/998/998 999/999/999 1000/1000/1000 
f 999/999/999 1001/1001/1001 1000/1000/1000 
f 1000/1000/1000 1001/1001/1001 1001/1001/1001 
f 1001/1001/1001 1002/1002/1002 1001/1001/1001 
f 1001/1001/1001 1002/1002/1002 1002/1002/1002 
f 1002/1002/1002 1003/1003/1003 1002/1002/1002 
f 1002/1002/1002 1003/1003/1003 1004/1004/1004 
f 1003/1003/1003 1005/1005/1005 1004/1004/1004 
f 1004/1004/1004 1005/1005/1005 1005/1005/1005 
f 1005/1005/1005 1006/1006/1006 1005/1005/1005 
f 1005/1005/1005 1006/1006/1006 1006/1006/1006 
f 1006/1006/1006 1007/1007/1007 1006/1006/1006 
f 1006/1006/1006 1007/1007/1007 1008/1008/1008 
f 1007/1007/1007 1009/1009/1009 1008/1008/1008 
f 1008/1008/1008 1009/1009/1009 1009/1009/1009 
f 1009/1009/1009 1010/1010/1010 1009/1009/1009 
f 1009/1009/1009 1010/1010/1010 1010/1010/1010 
f 1010/1010/1010 1011/1011/1011 1010/1010/1010 
f 1010/1010/1010 1011/1011/1011 1012/1012/1012 
f 1011/1011/1011 1013/1013/1013 1012/1012/1012 
f 1012/1012/1012 1013/1013/1013 1013/1013/1013 
f 1013/1013/1013 1014/1014/1014 1013/1013/1013 
f 1013/1013/1013 1014/1014/1014 1014/1014/1014 
f 1014/1014/1014 1015/1015/1015 1014/1014/1014 
f 1014/1014/1014 1015/1015/1015 1016/1016/1016 
f 1015/1015/1015 1017/1017/1017 1016/1016/1016 
f 1016/1016/1016 1017/1017/1017 1017/1017/1017 
f 1017/1017/1017 1018/1018/1018 1017/1017/1017 
f 1017/1017/1017 1018/1018/1018 1018/1018/1018 
f 1018/1018/1018 1019/1019/1019 1018/1018/1018 
f 1018/1018/1018 1019/1019/1019 1020/1020/1020 
f 1019/1019/1019 1021/1021/1021 1020/1020/1020 
f 1020/1020/1020 1021/1021/1021 1021/1021/1021 
f 1021/1021/1021 1022/1022/1022 1021/1021/1021 
f 1021/1021/1021 1022/1022/1022 1022/1022/1022 
f 1022/1022/1022 1023/1023/1023 1022/1022/1022 
f 1022/1022/1022 1023/1023/1023 1024/1024/1024 
f 1023/1023/1023 1025/1025/1025 1024/1024/1024 
f 1024/1024/1024 1025/1025/1025 1025/1025/1025 
f 1025/1025/1025 1026/1026/1026 1025/1025/1025 
f 1025/1025/1025 1026/1026/1026 1026/1026/1026 
f 1026/1026/1026 1027/1027/1027 1026/1026/1026 
f 1026/1026/1026 1027/1027/1027 1028/1028/1028 
f 1027/1027/1027 1029/1029/1029 1028/1028/1028 
f 1028/1028/1028 1029/1029/1029 1029/1029/1029 
f 1029/1029/1029 1030/1030/1030 1029/1029/1029 
f 1029/1029/1029 1030/1030/1030 1030/1030/1030 
f 1030/1030/1030 1031/1031/1031 1030/1030/1030 
f 1030/1030/1030 1031/1031/1031 1032/1032/1032 
f 1031/1031/1031 1033/1033/1033 1032/1032/1032 
f 1032/1032/1032 1033/1033/1033 1033/1033/1033 
f 1033/1033/1033 1034/1034/1034 1033/1033/1033 
f 1033/1033/1033 1034/1034/1034 1034/1034/1034 
f 1034/1034/1034 1035/1035/1035 1034/1034/1034 
f 1034/1034/1034 1035/1035/1035 1036/1036/1036 
f 1035/1035/1035 1037/1037/1037 1036/1036/1036 
f 1036/1036/1036 1037/1037/1037 1037/1037/1037 
f 1037/1037/1037 1038/1038/1038 1037/1037/1037 
f 1037/1037/1037 1038/1038/1038 1038/1038/1038 
f 1038/1038/1038 1039/1039/1039 1038/1038/1038 
f 1038/1038/1038 1039/1039/1039 1040/1040/1040 
f 1039/1039/1039 1041/1041/1041 1040/1040/1040 
f 1040/1040/1040 1041/1041/1041 1041/1041/1041 
f 1041/1041/1041 1042/1042/1042 1041/1041/1041 
f 1041/1041/1041 1042/1042/1042 1042/1042/1042 
f 1042/1042/1042 1043/1043/1043 1042/1042/1042 
f 1042/1042/1042 1043/1043/1043 1044/1044/1044 
f 1043/1043/1043 1045/1045/1045 1044/1044/1044 
f 1044/1044/1044 1045/1045/1045 1045/1045/1045 
f 1045/1045/1045 1046/1046/1046 1045/1045/1045 
f 1045/1045/1045 1046/1046/1046 1046/1046/1046 
f 1046/1046/1046 1047/1047/1047 1046/1046/1046 
f 1046/1046/1046 1047/1047/1047 1048/1048/1048 
f 1047/1047/1047 1049/1049/1049 1048/1048/1048 
f 1048/1048/1048 1049/1049/1049 1049/1049/1049 
f 1049/1049/1049 1050/1050/1050 1049/1049/1049 
f 1049/1049/1049 1050/1050/1050 1050/1050/1050 
f 1050/1050/1050 1051/1051/1051 1050/1050/1050 
f 1050/1050/1050 1051/1051/1051 1052/1052/1052 
f 1051/1051/1051 1053/1053/1053 1052/1052/1052 
f 1052/1052/1052 1053/1053/1053 1053/1053/1053 
f 1053/1053/1053 1054/1054/1054 1053/1053/1053 
f 1053/1053/1053 1054/1054/1054 1054/1054/1054 
f 1054/1054/1054 1055/1055/1055 1054/1054/1054 
f 1054/1054/1054 1055/1055/1055 1056/1056/1056 
f 1055/1055/1055 1057/1057/1057 1056/1056/1056 
f 1056/1056/1056 1057/1057/1057 1057/1057/1057 
f 1057/1057/1057 1058/1058/1058 1057/1057/1057 
f 1057/1057/1057 1058/1058/1058 1058/1058/1058 
f 1058/1058/1058 1059/1059/1059 1058/1058/1058 
f 1058/1058/1058 1059/1059/1059 1060/1060/1060 
f 1059/1059/1059 1061/1061/1061 1060/1060/1060 
f 1060/1060/1060 1061/1061/1061 1061/1061/1061 
f 1061/1061/1061 1062/1062/1062 1061/1061/1061 
f 1061/1061/1061 1062/1062/1062 1062/1062/1062 
f 1062/1062/1062 1063/1063/1063 1062/1062/1062 
f 1062/1062/1062 1063/1063/1063 1064/1064/1064 
f 1063/1063/1063 1065/1065/1065 1064/1064/1064 
f 1064/1064/1064 1065/1065/1065 1065/1065/1065 
f 1065/1065/1065 1066/1066/1066 1065/1065/1065 
f 1065/1065/1065 1066/1066/1066 1066/1066/1066 
f 1066/1066/1066 1067/1067/1067 1066/1066/1066 
f 1066/1066/1066 1067/1067/1067 1068/1068/1068 
f 1067/1067/1067 1069/1069/1069 1068/1068/1068 
f 1068/1068/1068 1069/1069/1069 1069/1069/1069 
f 1069/1069/1069 1070/1070/1070 1069/1069/1069 
f 1069/1069/1069 1070/1070/1070 1070/1070/1070 
f 1070/1070/1070 1071/1071/1071 1070/1070/1070 
f 1070/1070/1070 1071/1071/1071 1072/1072/1072 
f 1071/1071/1071 1073/1073/1073 1072/1072/1072 
f 1072/1072/1072 1073/1073/1073 1073/1073/1073 
f 1073/1073/1073 1074/1074/1074 1073/1073/1073 
f 1073/1073/1073 1074/1074/1074 1074/1074/1074 
f 1074/1074/1074 1075/1075/1075 1074/1074/1074 
f 1074/1074/1074 1075/1075/1075 1076/1076/1076 
f 1075/1075/1075 1077/1077/1077 1076/1076/1076 
f 1076/1076/1076 1077/1077/1077 1077/1077/1077 
f 1077/1077/1077 1078/1078/1078 1077/1077/1077 
f 1077/1077/1077 1078/1078/1078 1078/1078/1078 
f 1078/1078/1078 1079/1079/1079 1078/1078/1078 
f 1078/1078/1078 1079/1079/1079 1080/1080/1080 
f 1079/1079/1079 1081/1081/1081 1080/1080/1080 
f 1080/1080/1080 1081/1081/1081 1081/1081/1081 
f 1081/1081/1081 1082/1082/1082 1081/1081/1081 
f 1081/1081/1081 1082/1082/1082 1082/1082/1082 
f 1082/1082/1082 1083/1083/1083 1082/1082/1082 
f 1082/1082/1082 1083/1083/1083 1084/1084/1084 
f 1083/1083/1083 1085/1085/1085 1084/1084/1084 
f 1084/1084/1084 1085/1085/1085 1085/1085/1085 
f 1085/1085/1085 1086/1086/1086 1085/1085/1085 
f 1085/1085/1085 1086/1086/1086 1086/1086/1086 
f 1086/1086/1086 1087/1087/1087 1086/1086/1086 
f 1086/1086/1086 1087/1087/1087 1088/1088/1088 
f 1087/1087/1087 1089/1089/1089 1088/1088/1088 
f 1088/1088/1088 1089/1089/1089 1089/1089/1089 
f 1089/1089/1089 1090/1090/1090 1089/1089/1089 
f 1089/1089/1089 1090/1090/1090 1090/1090/1090 
f 1090/1090/1090 1091/1091/1091 1090/1090/1090 
f 1090/1090/1090 1091/1091/1091 1092/1092/1092 
f 1091/1091/1091 1093/1093/1093 1092/1092/1092 
f 1092/1092/1092 1093/1093/1093 1093/1093/1093 
f 1093/1093/1093 1094/1094/1094 1093/1093/1093 
f 1093/1093/1093 1094/1094/1094 1094/1094/1094 
f 1094/1094/1094 1095/1095/1095 1094/1094/1094 
f 1094/1094/1094 1095/1095/1095 1096/1096/1096 
f 1095/1095/1095 1097/1097/1097 1096/1096/1096 
f 1096/1096/1096 1097/1097/1097 1097/1097/1097 
f 1097/1097/1097 1098/1098/1098 1097/1097/1097 
f 1097/1097/1097 1098/1098/1098 1098/1098/1098 
f 1098/1098/1098 1099/1099/1099 1098/1098/1098 
f 1098/1098/1098 1099/1099/1099 1100/1100/1100 
f 1099/1099/1099 1101/1101/1101 1100/1100/1100 
f 1100/1100/1100 1101/1101/1101 1101/1101/1101 
f 1101/1101/1101 1102/1102/1102 1101/1101/1101 
f 1101/1101/1101 1102/1102/1102 1102/1102/1102 
f 1102/1102/1102 1103/1103/1103 1102/1102/1102 
f 1102/1102/1102 1103/1103/1103 1104/1104/1104 
f 1103/1103/1103 1105/1105/1105 1104/1104/1104 
f 1104/1104/1104 1105/1105/1105 1105/1105/1105 
f 1105/1105/1105 1106/1106/1106 1105/1105/1105 
f 1105/1105/1105 1106/1106/1106 1106/1106/1106 
f 1106/1106/1106 1107/1107/1107 1106/1106/1106 
f 1106/1106/1106 1107/1107/1107 1108/1108/1108 
f 1107/1107/1107 1109/1109/1109 1108/1108/1108 
f 1108/1108/1108 1109/1109/1109 1109/1109/1109 
f 1109/1109/1109 1110/1110/1110 1109/1109/1109 
f 1109/1109/1109 1110/1110/1110 1110/1110/1110 
f 1110/1110/1110 1111/1111/1111 1110/1110/1110 
f 1110/1110/1110 1111/1111/1111 1112/1112/1112 
f 1111/1111/1111 1113/1113/1113 1112/1112/1112 
f 1112/1112/1112 1113/1113/1113 1114/1114/1114 
f 1113/1113/1113 1115/1115/1115 1114/1114/1114 
f 1114/1114/1114 1115/1115/1115 1116/1116/1116 
f 1115/1115/1115 1117/1117/1117 1116/1116/1116 
f 1116/1116/1116 1117/1117/1117 1117/1117/1117 
f 1117/1117/1117 1118/1118/1118 1117/1117/1117 
f 1117/1117/1117 1118/1118/1118 1118/1118/1118 
f 1118/1118/1118 1119/1119/1119 1118/1118/1118 
f 1118/1118/1118 1119/1119/1119 1120/1120/1120 
f 1119/1119/1119 1121/1121/1121 1120/1120/1120 
f 1120/1120/1120 1121/1121/1121 1121/1121/1121 
f 1121/1121/1121 1122/1122/1122 1121/1121/1121 
f 1121/1121/1121 1122/1122/1122 1122/1122/1122 
f 1122/1122/1122 1123/1123/1123 1122/1122/1122 
f 1122/1122/1122 1123/1123/1123 1124/1124/1124 
f 1123/1123/1123 1125/1125/1125 1124/1124/1124 
f 1124/1124/1124 1125/1125/1125 1125/1125/1125 
f 1125/1125/1125 1126/1126/1126 1125/1125/1125 
f 1125/1125/1125 1126/1126/1126 1126/1126/1126 
f 1126/1126/1126 1127/1127/1127 1126/1126/1126 
f 1126/1126/1126 1127/1127/1127 1128/1128/1128 
f 1127/1127/1127 1129/1129/1129 1128/1128/1128 
f 1128/1128/1128 1129/1129/1129 1129/1129/1129 
f 1129/1129/1129 1130/1130/1130 1129/1129/1129 
f 1129/1129/1129 1130/1130/1130 1130/1130/1130 
f 1130/1130/1130 1131/1131/1131 1130/1130/1130 
f 1130/1130/1130 1131/1131/1131 1132/1132/1132 
f 1131/1131/1131 1133/1133/1133 1132/1132/1132 
f 1132/1132/1132 1133/1133/1133 1133/1133/1133 
f 1133/1133/1133 1134/1134/1134 1133/1133/1133 
f 1133/1133/1133 1134/1134/1134 1134/1134/1134 
f 1134/1134/1134 1135/1135/1135 1134/1134/1134 
f 1134/1134/1134 1135/1135/1135 1136/1136/1136 
f 1135/1135/1135 1137/1137/1137 1136/1136/1136 
f 1136/1136/1136 1137/1137/1137 1137/1137/1137 
f 1137/1137/1137 1138/1138/1138 1137/1137/1137 
f 1137/1137/1137 1138/1138/1138 1138/1138/1138 
f 1138/1138/1138 1139/1139/1139 1138/1138/1138 
f 1138/1138/1138 1139/1139/1139 1140/1140/1140 
f 1139/1139/1139 1141/1141/1141 1140/1140/1140 
f 1140/1140/1140 1141/1141/1141 1141/1141/1141 
f 1141/1141/1141 1142/1142/1142 1141/1141/1141 
f 1141/1141/1141 1142/1142/1142 1142/1142/1142 
f 1142/1142/1142 1143/1143/1143 1142/1142/1142 
f 1142/1142/1142 1143/1143/1143 1144/1144/1144 
f 1143/1143/1143 1145/1145/1145 1144/1144/1144 
f 1144/1144/1144 1145/1145/1145 1145/1145/1145 
f 1145/1145/1145 1146/1146/1146 1145/1145/1145 
f 1145/1145/1145 1146/1146/1146 1146/1146/1146 
f 1146/1146/1146 1147/1147/1147 1146/1146/1146 
f 1146/1146/1146 1147/1147/1147 1148/1148/1148 
f 1147/1147/1147 1149/1149/1149 1148/1148/1148 
f 1148/1148/1148 1149/1149/1149 1149/1149/1149 
f 1149/1149/1149 1150/1150/1150 1149/1149/1149 
f 1149/1149/1149 1150/1150/1150 1150/1150/1150 
f 1150/1150/1150 1151/1151/1151 1150/1150/1150 
f 1150/1150/1150 1151/1151/1151 1152/1152/1152 
f 1151/1151/1151 1153/1153/1153 1152/1152/1152 
f 1152/1152/1152 1153/1153/1153 1153/1153/1153 
f 1153/1153/1153 1154/1154/1154 1153/1153/1153 
f 1153/1153/1153 1154/1154/1154 1154/1154/1154 
f 1154/1154/1154 1155/1155/1155 1154/1154/1154 
f 1154/1154/1154 1155/1155/1155 1156/1156/1156 
f 1155/1155/1155 1157/1157/1157 1156/1156/1156 
f 1156/1156/1156 1157/1157/1157 1157/1157/1157 
f 1157/1157/1157 1158/1158/1158 1157/1157/1157 
f 1157/1157/1157 1158/1158/1158 1158/1158/1158 
f 1158/1158/1158 1159/1159/1159 1158/1158/1158 
f 1158/1158/1158 1159/1159/1159 1160/1160/1160 
f 1159/1159/1159 1161/1161/1161 1160/1160/1160 
f 1160/1160/1160 1161/1161/1161 1161/1161/1161 
f 1161/1161/1161 1162/1162/1162 1161/1161/1161 
f 1161/1161/1161 1162/1162/1162 1162/1162/1162 
f 1162/1162/1162 1163/1163/1163 1162/1162/1162 
f 1162/1162/1162 1163/1163/1163 1164/1164/1164 
f 1163/1163/1163 1165/1165/1165 1164/1164/1164 
f 1164/1164/1164 1165/1165/1165 1165/1165/1165 
f 1165/1165/1165 1166/1166/1166 1165/1165/1165 
f 1165/1165/1165 1166/1166/1166 1166/1166/1166 
f 1166/1166/1166 1167/1167/1167 1166/1166/1166 
f 1166/1166/1166 1167/1167/1167 1168/1168/1168 
f 1167/1167/1167 1169/1169/1169 1168/1168/1168 
f 1168/1168/1168 1169/1169/1169 1169/1169/1169 
f 1169/1169/1169 1170/1170/1170 1169/1169/1169 
f 1169/1169/1169 1170/1170/1170 1170/1170/1170 
f 1170/1170/1170 1171/1171/1171 1170/1170/1170 
f 1170/1170/1170 1171/1171/1171 1172/1172/1172 
f 1171/1171/1171 1173/1173/1173 1172/1172/1172 
f 1172/1172/1172 1173/1173/1173 1173/1173/1173 
f 1173/1173/1173 1174/1174/1174 1173/1173/1173 
f 1173/1173/1173 1174/1174/1174 1174/1174/1174 
f 1174/1174/1174 1175/1175/1175 1174/1174/1174 
f 1174/1174/1174 1175/1175/1175 1176/1176/1176 
f 1175/1175/1175 1177/1177/1177 1176/1176/1176 
f 1176/1176/1176 1177/1177/1177 1177/1177/1177 
f 1177/1177/1177 1178/1178/1178 1177/1177/1177 
f 1177/1177/1177 1178/1178/1178 1178/1178/1178 
f 1178/1178/1178 1179/1179/1179 1178/1178/1178 
f 1178/1178/1178 1179/1179/1179 1180/1180/1180 
f 1179/1179/1179 1181/1181/1181 1180/1180/1180 
f 1180/1180/1180 1181/1181/1181 1181/1181/1181 
f 1181/1181/1181 1182/1182/1182 1181/1181/1181 
f 1181/1181/1181 1182/1182/1182 1182/1182/1182 
f 1182/1182/1182 1183/1183/1183 1182/1182/1182 
f 1182/1182/1182 1183/1183/1183 1184/1184/1184 
f 1183/1183/1183 1185/1185/1185 1184/1184/1184 
f 1184/1184/1184 1185/1185/1185 1185/1185/1185 
f 1185/1185/1185 1186/1186/1186 1185/1185/1185 
f 1185/1185/1185 1186/1186/1186 1186/1186/1186 
f 1186/1186/1186 1187/1187/1187 1186/1186/1186 
f 1186/1186/1186 1187/1187/1187 1188/1188/1188 
f 1187/1187/1187 1189/1189/1189 1188/1188/1188 
f 1188/1188/1188 1189/1189/1189 1189/1189/1189 
f 1189/1189/1189 1190/1190/1190 1189/1189/1189 
f 1189/1189/1189 1190/1190/1190 1190/1190/1190 
f 1190/1190/1190 1191/1191/1191 1190/1190/1190 
f 1190/1190/1190 1191/1191/1191 1192/1192/1192 
f 1191/1191/1191 1193/1193/1193 1192/1192/1192 
f 1192/1192/1192 1193/1193/1193 1193/1193/1193 
f 1193/1193/1193 1194/1194/1194 1193/1193/1193 
f 1193/1193/1193 1194/1194/1194 1194/1194/1194 
f 1194/1194/1194 1195/1195/1195 1194/1194/1194 
f 1194/1194/1194 1195/1195/1195 1196/1196/1196 
f 1195/1195/1195 1197/1197/1197 1196/1196/1196 
f 1196/1196/1196 1197/1197/1197 1197/1197/1197 
f 1197/1197/1197 1198/1198/1198 1197/1197/1197 
f 1197/1197/1197 1198/1198/1198 1198/1198/1198 
f 1198/1198/1198 1199/1199/1199 1198/1198/1198 
f 1198/1198/1198 1199/1199/1199 1200/1200/1200 
f 1199/1199/1199 1201/1201/1201 1200/1200/1200 
f 1200/1200/1200 1201/1201/1201 1202/1202/1202 
f 1201/1201/1201 1203/1203/1203 1202/1202/1202 
f 1202/1202/1202 1203/1203/1203 1204/1204/1204 
f 1203/1203/1203 1205/1205/1205 1204/1204/1204 
f 1204/1204/1204 1205/1205/1205 1205/1205/1205 
f 1205/1205/1205 1206/1206/1206 1205/1205/1205 
f 1205/1205/1205 1206/1206/1206 1206/1206/1206 
f 1206/1206/1206 1207/1207/1207 1206/1206/1206 
f 1206/1206/1206 1207/1207/1207 1208/1208/1208 
f 1207/1207/1207 1209/1209/1209 1208/1208/1208 
f 1208/1208/1208 1209/1209/1209 1209/1209/1209 
f 1209/1209/1209 1210/1210/1210 1209/1209/1209 
f 1209/1209/1209 1210/1210/1210 1210/1210/1210 
f 1210/1210/1210 1211/1211/1211 1210/1210/1210 
f 1210/1210/1210 1211/1211/1211 1212/1212/1212 
f 1211/1211/1211 1213/1213/1213 1212/1212/1212 
f 1212/1212/1212 1213/1213/1213 1213/1213/1213 
f 1213/1213/1213 1214/1214/1214 1213/1213/1213 
f 1213/1213/1213 1214/1214/1214 1214/1214/1214 
f 1214/1214/1214 1215/1215/1215 1214/1214/1214 
f 1214/1214/1214 1215/1215/1215 209/209/209 
f 1215/1215/1215 1216/1216/1216 209/209/209 
f 209/209/209 1216/1216/1216 1216/1216/1216 
f 1216/1216/1216 1217/1217/1217 1216/1216/1216 
f 1216/1216/1216 1217/1217/1217 1217/1217/1217 
f 1217/1217/1217 1218/1218/1218 1217/1217/1217 
f 1217/1217/1217 1218/1218/1218 1219/1219/1219 
f 1218/1218/1218 1220/1220/1220 1219/1219/1219 
f 1219/1219/1219 1220/1220/1220 1220/1220/1220 
f 1220/1220/1220 1221/1221/1221 1220/1220/1220 
f 1220/1220/1220 1221/1221/1221 1221/1221/1221 
f 1221/1221/1221 1222/1222/1222 1221/1221/1221 
f 1221/1221/1221 1222/1222/1222 1223/1223/1223 
f 1222/1222/1222 1224/1224/1224 1223/1223/1223 
f 1223/1223/1223 1224/1224/1224 1225/1225/1225 
f 1224/1224/1224 1226/1226/1226 1225/1225/1225 
f 1225/1225/1225 1226/1226/1226 1227/1227/1227 
f 1226/1226/1226 1228/1228/1228 1227/1227/1227 
f 1227/1227/1227 1228/1228/1228 1228/1228/1228 
f 1228/1228/1228 1229/1229/1229 1228/1228/1228 
f 1228/1228/1228 1229/1229/1229 1229/1229/1229 
f 1229/1229/1229 1230/1230/1230 1229/1229/1229 
f 1229/1229/1229 1230/1230/1230 1231/1231/1231 
f 1230/1230/1230 1232/1232/1232 1231/1231/1231 
f 1231/1231/1231 1232/1232/1232 1233/1233/1233 
f 1232/1232/1232 1234/1234/1234 1233/1233/1233 
f 1233/1233/1233 1234/1234/1234 1235/1235/1235 
f 1234/1234/1234 1236/1236/1236 1235/1235/1235 
f 1235/1235/1235 1236/1236/1236 1236/1236/1236 
f 1236/1236/1236 1237/1237/1237 1236/1236/1236 
f 1236/1236/1236 1237/1237/1237 1237/1237/1237 
f 1237/1237/1237 1238/1238/1238 1237/1237/1237 
f 1237/1237/1237 1238/1238/1238 1239/1239/1239 
f 1238/1238/1238 1240/1240/1240 1239/1239/1239 
f 1239/1239/1239 1240/1240/1240 1240/1240/1240 
f 1240/1240/1240 1241/1241/1241 1240/1240/1240 
f 1240/1240/1240 1241/1241/1241 1241/1241/1241 
f 1241/1241/1241 1242/1242/1242 1241/1241/1241 
f 1241/1241/1241 1242/1242/1242 1243/1243/1243 
f 1242/1242/1242 1244/1244/1244 1243/1243/1243 
f 1243/1243/1243 1244/1244/1244 1244/1244/1244 
f 1244/1244/1244 165/165/165 1244/1244/1244 
f 1244/1244/1244 165/165/165 165/165/165 
f 165/165/165 3/3/3 165/165/165 
f 165/165/165 3/3/3 1245/1245/1245 
f 3/3/3 1246/1246/1246 1245/1245/1245 
f 1245/1245/1245 1246/1246/1246 1246/1246/1246 
f 1246/1246/1246 1247/1247/1247 1246/1246/1246 
f 1246/1246/1246 1247/1247/1247 1247/1247/1247 
f 1247/1247/1247 1248/1248/1248 1247/1247/1247 
f 1247/1247/1247 1248/1248/1248 1249/1249/1249 
f 1248/1248/1248 1250/1250/1250 1249/1249/1249 
f 1249/1249/1249 1250/1250/1250 1250/1250/1250 
f 1250/1250/1250 1251/1251/1251 1250/1250/1250 
f 1250/1250/1250 1251/1251/1251 1251/1251/1251 
f 1251/1251/1251 1252/1252/1252 1251/1251/1251 
f 1251/1251/1251 1252/1252/1252 1253/1253/1253 
f 1252/1252/1252 1254/1254/1254 1253/1253/1253 
f 1253/1253/1253 1254/1254/1254 1254/1254/1254 
f 1254/1254/1254 1255/1255/1255 1254/1254/1254 
f 1254/1254/1254 1255/1255/1255 1255/1255/1255 
f 1255/1255/1255 1256/1256/1256 1255/1255/1255 
f 1255/1255/1255 1256/1256/1256 1257/1257/1257 
f 1256/1256/1256 1258/1258/1258 1257/1257/1257 
f 1257/1257/1257 1258/1258/1258 1258/1258/1258 
f 1258/1258/1258 1259/1259/1259 1258/1258/1258 
f 1258/1258/1258 1259/1259/1259 1259/1259/1259 
f 1259/1259/1259 1260/1260/1260 1259/1259/1259 
f 1259/1259/1259 1260/1260/1260 1261/1261/1261 
f 1260/1260/1260 1262/1262/1262 1261/1261/1261 
f 1261/1261/1261 1262/1262/1262 1262/1262/1262 
f 1262/1262/1262 1263/1263/1263 1262/1262/1262 
f 1262/1262/1262 1263/1263/1263 1263/1263/1263 
f 1263/1263/1263 1264/1264/1264 1263/1263/1263 
f 1263/1263/1263 1264/1264/1264 1265/1265/1265 
f 1264/1264/1264 1266/1266/1266 1265/1265/1265 
f 1265/1265/1265 1266/1266/1266 1266/1266/1266 
f 1266/1266/1266 1267/1267/1267 1266/1266/1266 
f 1266/1266/1266 1267/1267/1267 1267/1267/1267 
f 1267/1267/1267 27/27/27 1267/1267/1267 
f 1267/1267/1267 27/27/27 1268/1268/1268 
f 27/27/27 1269/1269/1269 1268/1268/1268 
f 1268/1268/1268 1269/1269/1269 1269/1269/1269 
f 1269/1269/1269 1270/1270/1270 1269/1269/1269 
f 1269/1269/1269 1270/1270/1270 1270/1270/1270 
f 1270/1270/1270 1271/1271/1271 1270/1270/1270 
f 1270/1270/1270 1271/1271/1271 1272/1272/1272 
f 1271/1271/1271 1273/1273/1273 1272/1272/1272 
f 1272/1272/1272 1273/1273/1273 1273/1273/1273 
f 1273/1273/1273 1274/1274/1274 1273/1273/1273 
f 1273/1273/1273 1274/1274/1274 1274/1274/1274 
f 1274/1274/1274 1275/1275/1275 1274/1274/1274 
f 1274/1274/1274 1275/1275/1275 1276/1276/1276 
f 1275/1275/1275 1277/1277/1277 1276/1276/1276 
f 1276/1276/1276 1277/1277/1277 1277/1277/1277 
f 1277/1277/1277 1278/1278/1278 1277/1277/1277 
f 1277/1277/1277 1278/1278/1278 1278/1278/1278 
f 1278/1278/1278 1279/1279/1279 1278/1278/1278 
f 1278/1278/1278 1279/1279/1279 1280/1280/1280 
f 1279/1279/1279 1281/1281/1281 1280/1280/1280 
f 1280/1280/1280 1281/1281/1281 1281/1281/1281 
f 1281/1281/1281 1282/1282/1282 1281/1281/1281 
f 1281/1281/1281 1282/1282/1282 1282/1282/1282 
f 1282/1282/1282 1283/1283/1283 1282/1282/1282 
f 1282/1282/1282 1283/1283/1283 1284/1284/1284 
f 1283/1283/1283 1285/1285/1285 1284/1284/1284 
f 1284/1284/1284 1285/1285/1285 1285/1285/1285 
f 1285/1285/1285 1286/1286/1286 1285/1285/1285 
f 1285/1285/1285 1286/1286/1286 1286/1286/1286 
f 1286/1286/1286 1287/1287/1287 1286/1286/1286 
f 1286/1286/1286 1287/1287/1287 1288/1288/1288 
f 1287/1287/1287 1289/1289/1289 1288/1288/1288 
f 1288/1288/1288 1289/1289/1289 1289/1289/1289 
f 1289/1289/1289 1290/1290/1290 1289/1289/1289 
f 1289/1289/1289 1290/1290/1290 1290/1290/1290 
f 1290/1290/1290 1291/1291/1291 1290/1290/1290 
f 1290/1290/1290 1291/1291/1291 1292/1292/1292 
f 1291/1291/1291 1293/1293/1293 1292/1292/1292 
f 1292/1292/1292 1293/1293/1293 1293/1293/1293 
f 1293/1293/1293 1294/1294/1294 1293/1293/1293 
f 1293/1293/1293 1294/1294/1294 1294/1294/1294 
f 1294/1294/1294 1295/1295/1295 1294/1294/1294 
f 1294/1294/1294 1295/1295/1295 1296/1296/1296 
f 1295/1295/1295 1297/1297/1297 1296/1296/1296 
f 1296/1296/1296 1297/1297/1297 1297/1297/1297 
f 1297/1297/1297 1298/1298/1298 1297/1297/1297 
f 1297/1297/1297 1298/1298/1298 1298/1298/1298 
f 1298/1298/1298 1299/1299/1299 1298/1298/1298 
f 1298/1298/1298 1299/1299/1299 1300/1300/1300 
f 1299/1299/1299 1301/1301/1301 1300/1300/1300 
f 1300/1300/1300 1301/1301/1301 1301/1301/1301 
f 1301/1301/1301 1302/1302/1302 1301/1301/1301 
f 1301/1301/1301 1302/1302/1302 1302/1302/1302 
f 1302/1302/1302 1303/1303/1303 1302/1302/1302 
f 1302/1302/1302 1303/1303/1303 1304/1304/1304 
f 1303/1303/1303 1305/1305/1305 1304/1304/1304 
f 1304/1304/1304 1305/1305/1305 1305/1305/1305 
f 1305/1305/1305 1306/1306/1306 1305/1305/1305 
f 1305/1305/1305 1306/1306/1306 1306/1306/1306 
f 1306/1306/1306 1307/1307/1307 1306/1306/1306 
f 1306/1306/1306 1307/1307/1307 1308/1308/1308 
f 1307/1307/1307 1309/1309/1309 1308/1308/1308 
f 1308/1308/1308 1309/1309/1309 1309/1309/1309 
f 1309/1309/1309 1310/1310/1310 1309/1309/1309 
f 1309/1309/1309 1310/1310/1310 1310/1310/1310 
f 1310/1310/1310 1311/1311/1311 1310/1310/1310 
f 1310/1310/1310 1311/1311/1311 1312/1312/1312 
f 1311/1311/1311 1313/1313/1313 1312/1312/1312 
f 1312/1312/1312 1313/1313/1313 1313/1313/1313 
f 1313/1313/1313 1314/1314/1314 1313/1313/1313 
f 1313/1313/1313 1314/1314/1314 1314/1314/1314 
f 1314/1314/1314 1315/1315/1315 1314/1314/1314 
f 1314/1314/1314 1315/1315/1315 1316/1316/1316 
f 1315/1315/1315 1317/1317/1317 1316/1316/1316 
f 1316/1316/1316 1317/1317/1317 3/3/3 
f 1317/1317/1317 3/3/3 3/3/3 
f 3/3/3 3/3/3 1318/1318/1318 
f 3/3/3 1318/1318/1318 1318/1318/1318 
f 1318/1318/1318 1318/1318/1318 1318/1318/1318 
f 1318/1318/1318 1319/1319/1319 1318/1318/1318 
f 1318/1318/1318 1319/1319/1319 1320/1320/1320 
f 1319/1319/1319 1321/1321/1321 1320/1320/1320 
f 1320/1320/1320 1321/1321/1321 1321/1321/1321 
f 1321/1321/1321 1322/1322/1322 1321/1321/1321 
f 1321/1321/1321 1322/1322/1322 1322/1322/1322 
f 1322/1322/1322 1323/1323/1323 1322/1322/1322 
f 1322/1322/1322 1323/1323/1323 1324/1324/1324 
f 1323/1323/1323 1325/1325/1325 1324/1324/1324 
f 1324/1324/1324 1325/1325/1325 1325/1325/1325 
f 1325/1325/1325 1326/1326/1326 1325/1325/1325 
f 1325/1325/1325 1326/1326/1326 1326/1326/1326 
f 1326/1326/1326 1327/1327/1327 1326/1326/1326 
f 1326/1326/1326 1327/1327/1327 1328/1328/1328 
f 1327/1327/1327 1329/1329/1329 1328/1328/1328 
f 1328/1328/1328 1329/1329/1329 1329/1329/1329 
f 1329/1329/1329 1330/1330/1330 1329/1329/1329 
f 1329/1329/1329 1330/1330/1330 1330/1330/1330 
f 1330/1330/1330 1331/1331/1331 1330/1330/1330 
f 1330/1330/1330 1331/1331/1331 1332/1332/1332 
f 1331/1331/1331 1333/1333/1333 1332/1332/1332 
f 1332/1332/1332 1333/1333/1333 1333/1333/1333 
f 1333/1333/1333 1334/1334/1334 1333/1333/1333 
f 1333/1333/1333 1334/1334/1334 1334/1334/1334 
f 1334/1334/1334 1335/1335/1335 1334/1334/1334 
f 1334/1334/1334 1335/1335/1335 1336/1336/1336 
f 1335/1335/1335 1337/1337/1337 1336/1336/1336 
f 1336/1336/1336 1337/1337/1337 1337/1337/1337 
f 1337/1337/1337 1338/1338/1338 1337/1337/1337 
f 1337/1337/1337 1338/1338/1338 1338/1338/1338 
f 1338/1338/1338 1339/1339/1339 1338/1338/1338 
f 1338/1338/1338 1339/1339/1339 1340/1340/1340 
f 1339/1339/1339 1341/1341/1341 1340/1340/1340 
f 1340/1340/1340 1341/1341/1341 1341/1341/1341 
f 1341/1341/1341 1342/1342/1342 1341/1341/1341 
f 1341/1341/1341 1342/1342/1342 1342/1342/1342 
f 1342/1342/1342 1343/1343/1343 1342/1342/1342 
f 1342/1342/1342 1343/1343/1343 1344/1344/1344 
f 1343/1343/1343 1345/1345/1345 1344/1344/1344 
f 1344/1344/1344 1345/1345/1345 1345/1345/1345 
f 1345/1345/1345 1346/1346/1346 1345/1345/1345 
f 1345/1345/1345 1346/1346/1346 1346/1346/1346 
f 1346/1346/1346 1347/1347/1347 1346/1346/1346 
f 1346/1346/1346 1347/1347/1347 1348/1348/1348 
f 1347/1347/1347 1349/1349/1349 1348/1348/1348 
f 1348/1348/1348 1349/1349/1349 1349/1349/1349 
f 1349/1349/1349 1350/1350/1350 1349/1349/1349 
f 1349/1349/1349 1350/1350/1350 1350/1350/1350 
f 1350/1350/1350 1351/1351/1351 1350/1350/1350 
f 1350/1350/1350 1351/1351/1351 1352/1352/1352 
f 1351/1351/1351 1353/1353/1353 1352/1352/1352 
f 1352/1352/1352 1353/1353/1353 1353/1353/1353 
f 1353/1353/1353 1354/1354/1354 1353/1353/1353 
f 1353/1353/1353 1354/1354/1354 1354/1354/1354 
f 1354/1354/1354 1355/1355/1355 1354/1354/1354 
f 1354/1354/1354 1355/1355/1355 1356/1356/1356 
f 1355/1355/1355 1357/1357/1357 1356/1356/1356 
f 1356/1356/1356 1357/1357/1357 1357/1357/1357 
f 1357/1357/1357 1358/1358/1358 1357/1357/1357 
f 1357/1357/1357 1358/1358/1358 1358/1358/1358 
f 1358/1358/1358 1359/1359/1359 1358/1358/1358 
f 1358/1358/1358 1359/1359/1359 1360/1360/1360 
f 1359/1359/1359 1361/1361/1361 1360/1360/1360 
f 1360/1360/1360 1361/1361/1361 1361/1361/1361 
f 1361/1361/1361 1362/1362/1362 1361/1361/1361 
f 1361/1361/1361 1362/1362/1362 1362/1362/1362 
f 1362/1362/1362 1363/1363/1363 1362/1362/1362 
f 1362/1362/1362 1363/1363/1363 1364/1364/1364 
f 1363/1363/1363 1365/1365/1365 1364/1364/1364 
f 1364/1364/1364 1365/1365/1365 1365/1365/1365 
f 1365/1365/1365 1366/1366/1366 1365/1365/1365 
f 1365/1365/1365 1366/1366/1366 1366/1366/1366 
f 1366/1366/1366 1367/1367/1367 1366/1366/1366 
f 1366/1366/1366 1367/1367/1367 1368/1368/1368 
f 1367/1367/1367 1369/1369/1369 1368/1368/1368 
f 1368/1368/1368 1369/1369/1369 1369/1369/1369 
f 1369/1369/1369 1370/1370/1370 1369/1369/1369 
f 1369/1369/1369 1370/1370/1370 1370/1370/1370 
f 1370/1370/1370 1371/1371/1371 1370/1370/1370 
f 1370/1370/1370 1371/1371/1371 1372/1372/1372 
f 1371/1371/1371 1373/1373/1373 1372/1372/1372 
f 1372/1372/1372 1373/1373/1373 1373/1373/1373 
f 1373/1373/1373 1374/1374/1374 1373/1373/1373 
f 1373/1373/1373 1374/1374/1374 1374/1374/1374 
f 1374/1374/1374 1375/1375/1375 1374/1374/1374 
f 1374/1374/1374 1375/1375/1375 1376/1376/1376 
f 1375/1375/1375 1377/1377/1377 1376/1376/1376 
f 1378/1378/1378 1379/1379/1379 1380/1380/1380 
f 1381/1381/1381 1382/1382/1382 3/3/3 
f 1383/1383/1383 1384/1384/1384 1385/1385/1385 
f 1386/1386/1386 1387/1387/1387 1388/1388/1388 
f 1389/1389/1389 859/859/859 3/3/3 
f 218/218/218 1390/1390/1390 3/3/3 
f 1391/1391/1391 1392/1392/1392 1393/1393/1393 
f 1394/1394/1394 1395/1395/1395 1396/1396/1396 
f 1397/1397/1397 1246/1246/1246 3/3/3 
f 1398/1398/1398 1399/1399/1399 1400/1400/1400 
f 1401/1401/1401 1402/1402/1402 1403/1403/1403 
f 1404/1404/1404 1405/1405/1405 1406/1406/1406 
f 1407/1407/1407 1408/1408/1408 1409/1409/1409 
f 1410/1410/1410 1411/1411/1411 1412/1412/1412 
f 1413/1413/1413 1316/1316/1316 3/3/3 
f 1414/1414/1414 1415/1415/1415 3/3/3 
f 1416/1416/1416 1417/1417/1417 1418/1418/1418 
f 1419/1419/1419 1420/1420/1420 1421/1421/1421 
f 1422/1422/1422 1423/1423/1423 1424/1424/1424 
f 1425/1425/1425 1426/1426/1426 1427/1427/1427 
f 1428/1428/1428 1429/1429/1429 1430/1430/1430 
f 1431/1431/1431 1432/1432/1432 1433/1433/1433 
f 1434/1434/1434 1435/1435/1435 1436/1436/1436 
f 1437/1437/1437 1438/1438/1438 1439/1439/1439 
f 1440/1440/1440 1441/1441/1441 1442/1442/1442 
f 1443/1443/1443 1444/1444/1444 1445/1445/1445 
f 1446/1446/1446 1447/1447/1447 1448/1448/1448 
f 1449/1449/1449 1450/1450/1450 1451/1451/1451 
f 1452/1452/1452 1453/1453/1453 1454/1454/1454 
f 1455/1455/1455 1456/1456/1456 1457/1457/1457 
f 1458/1458/1458 1459/1459/1459 1460/1460/1460 
f 1461/1461/1461 1462/1462/1462 1463/1463/1463 
f 1464/1464/1464 1465/1465/1465 1466/1466/1466 
f 1467/1467/1467 1468/1468/1468 1469/1469/1469 
f 1470/1470/1470 1471/1471/1471 1472/1472/1472 
f 1473/1473/1473 1474/1474/1474 1475/1475/1475 
f 1476/1476/1476 1477/1477/1477 1478/1478/1478 
f 1479/1479/1479 1480/1480/1480 1481/1481/1481 
f 1482/1482/1482 1483/1483/1483 1484/1484/1484 
f 1485/1485/1485 1486/1486/1486 1487/1487/1487 
f 1488/1488/1488 1489/1489/1489 1490/1490/1490 
f 1491/1491/1491 1492/1492/1492 1493/1493/1493 
f 1494/1494/1494 1495/1495/1495 1496/1496/1496 
f 1497/1497/1497 1498/1498/1498 1499/1499/1499 
f 1500/1500/1500 1501/1501/1501 1502/1502/1502 
f 1503/1503/1503 1504/1504/1504 1505/1505/1505 
f 1506/1506/1506 1507/1507/1507 1508/1508/1508 
f 14/14/14 15/15/15 1509/1509/1509 
f 863/863/863 861/861/861 1510/1510/1510 

