mtllib model_0.mtl
o model_0
v -1.2082687616348267 -0.9269707798957825 4.182659149169922 
v -0.3310231864452362 -0.9269707798957825 3.653895854949951 
v -1.270929217338562 -0.8323817849159241 4.080431938171387 
v -0.318491131067276 -0.8323817849159241 3.5058419704437256 
v -1.42966890335083 0.8411166667938232 1.6622200012207031 
v -1.3252348899841309 0.8211074471473694 1.630494236946106 
v -1.4338462352752686 0.9138774275779724 1.5564672946929932 
v -0.21823447942733765 -0.8996855020523071 3.5446181297302246 
v -0.24329863488674164 -0.8123725652694702 3.4282901287078857 
v -0.5357138514518738 -1.7364346981048584 2.9876537322998047 
v -0.560778021812439 -1.6491217613220215 2.867800712585449 
v -0.4062156677246094 -1.620017409324646 3.0581555366516113 
v -0.43127983808517456 -1.5308854579925537 2.938302516937256 
v -0.15557408332824707 -0.997912585735321 3.474116325378418 
v -0.18063823878765106 -0.908780574798584 3.350738048553467 
v -0.21823447942733765 -0.8996855020523071 3.5446181297302246 
v -0.24329863488674164 -0.8123725652694702 3.4282901287078857 
v -1.5382802486419678 0.14261296391487122 1.0946805477142334 
v -1.291815996170044 0.7647178173065186 1.510641098022461 
v -1.3252348899841309 0.8211074471473694 1.630494236946106 
v -1.4004273414611816 0.859306812286377 1.4366142749786377 
v -1.4338462352752686 0.9138774275779724 1.5564672946929932 
v -1.651068925857544 0.2372020035982132 1.0206536054611206 
v -1.6468915939331055 -0.008365700021386147 1.0629546642303467 
v -1.4004273414611816 0.859306812286377 1.4366142749786377 
v -1.5424575805664062 0.8865921497344971 1.4789153337478638 
v -1.4338462352752686 0.9138774275779724 1.5564672946929932 
v -1.5716991424560547 0.9393436908721924 1.5987683534622192 
v -2.4948956966400146 0.8865921497344971 2.0499799251556396 
v -2.7413599491119385 0.2663063108921051 1.6375443935394287 
v -3.806586742401123 0.2663063108921051 2.275585651397705 
v -2.8290843963623047 0.11168961971998215 1.5917181968688965 
v -3.86506986618042 0.11168961971998215 2.219184160232544 
v -3.5559451580047607 0.8865921497344971 2.6915462017059326 
v -2.499073028564453 0.9393436908721924 2.159257650375366 
v -4.023809432983398 1.1376168727874756 1.0347539186477661 
v -2.2651407718658447 0.8120123147964478 0.2909599840641022 
v -4.053050994873047 1.0684940814971924 0.9854027032852173 
v -2.2902050018310547 0.7465276122093201 0.2486588954925537 
v -4.078114986419678 1.0030094385147095 0.9431016445159912 
v -2.1690616607666016 0.79746013879776 0.25570908188819885 
v -2.1941256523132324 0.7319754362106323 0.2134079933166504 
v -2.139820098876953 0.8684019446372986 0.30506032705307007 
v -2.2358994483947754 0.8829541206359863 0.3403112292289734 
v -1.8474048376083374 1.606924057006836 0.7950478792190552 
v -1.9393068552017212 1.6196571588516235 0.8302987217903137 
v -3.727216958999634 1.8761390447616577 1.524741530418396 
v -2.286027669906616 -1.0251978635787964 4.796024799346924 
v -2.5366692543029785 -1.6473027467727661 4.383589267730713 
v -2.3821070194244385 -1.2634894847869873 4.640921115875244 
v -1.3210575580596924 -1.2634894847869873 3.999354600906372 
v -1.4756197929382324 -1.6473027467727661 3.74202299118042 
v -0.2725401520729065 -1.0251978635787964 3.5833940505981445 
v -1.2249782085418701 -1.0251978635787964 4.157983779907227 
v -0.3310231864452362 -0.9269707798957825 3.653895854949951 
v -1.5842312574386597 -1.7637200355529785 3.6574208736419678 
v -0.6485025882720947 -1.7637200355529785 3.0969316959381104 
v -0.5231817364692688 -1.6473027467727661 3.1709585189819336 
v -0.4062156677246094 -1.620017409324646 3.0581555366516113 
v -0.15557408332824707 -0.997912585735321 3.474116325378418 
v -0.21823447942733765 -0.8996855020523071 3.5446181297302246 
v -2.9544053077697754 -0.4412924647331238 3.6891467571258545 
v -2.3821070194244385 -1.2634894847869873 4.640921115875244 
v -1.8933558464050293 -0.4412924647331238 3.0475802421569824 
v -1.3210575580596924 -1.2634894847869873 3.999354600906372 
v -1.7555029392242432 -0.1011357232928276 3.273186206817627 
v -2.3821070194244385 0.8411166667938232 2.236809730529785 
v -2.8165524005889893 -0.1011357232928276 3.91475248336792 
v -3.4431564807891846 0.8411166667938232 2.8748509883880615 
v -2.3319785594940186 -0.8323817849159241 4.718472957611084 
v -6.613772869110107 -0.8323817849159241 7.298839092254639 
v -2.2693183422088623 -0.9269707798957825 4.820700645446777 
v -6.48009729385376 -0.9269707798957825 7.358765602111816 
v -1.5716991424560547 0.9393436908721924 1.5987683534622192 
v -2.499073028564453 0.9393436908721924 2.159257650375366 
v -3.5350582599639893 0.9393436908721924 2.7796735763549805 
v -7.724950313568115 0.8411166667938232 5.458742141723633 
v -7.716595649719238 0.9393436908721924 5.303637981414795 
v -7.8126749992370605 0.9084203839302063 5.405865669250488 
v -7.78761100769043 0.8211074471473694 5.525718688964844 
v -6.705674648284912 -0.8123725652694702 7.323514461517334 
v -6.964670658111572 -1.7418917417526245 6.86525297164917 
v -6.822640419006348 -1.7637200355529785 6.815901756286621 
v -6.960493564605713 -1.625474452972412 7.013306617736816 
v -6.818463325500488 -1.6473027467727661 6.963955402374268 
v -6.7098517417907715 -1.003369688987732 7.429267406463623 
v -6.567821502685547 -1.0251978635787964 7.379916191101074 
v -6.617949962615967 -0.9051425457000732 7.408116817474365 
v -6.48009729385376 -0.9269707798957825 7.358765602111816 
v -2.286027669906616 -1.0251978635787964 4.796024799346924 
v -2.2693183422088623 -0.9269707798957825 4.820700645446777 
v -2.5366692543029785 -1.6473027467727661 4.383589267730713 
v -2.6202163696289062 -1.7637200355529785 4.284886837005615 
v -0.6485025882720947 -1.7637200355529785 3.0969316959381104 
v -1.5842312574386597 -1.7637200355529785 3.6574208736419678 
v -1.6594237089157104 -1.6491217613220215 3.530517578125 
v -2.6995863914489746 -1.6491217613220215 4.157983779907227 
v -3.7856998443603516 -0.008365700021386147 2.353137731552124 
v -7.988123893737793 -0.008365700021386147 4.884152412414551 
v -3.86506986618042 0.11168961971998215 2.219184160232544 
v -8.06749439239502 0.11168961971998215 4.750198841094971 
v -2.745537281036377 -0.008365700021386147 1.725671648979187 
v -0.7236950397491455 -1.6491217613220215 2.9700284004211426 
v -0.6485025882720947 -1.7637200355529785 3.0969316959381104 
v -0.5357138514518738 -1.7364346981048584 2.9876537322998047 
v -1.8139859437942505 -0.008365700021386147 1.1616572141647339 
v -0.560778021812439 -1.6491217613220215 2.867800712585449 
v -1.8933558464050293 0.11168961971998215 1.0312288999557495 
v -1.7555029392242432 0.08440431952476501 0.9889277815818787 
v -1.6468915939331055 -0.008365700021386147 1.0629546642303467 
v -2.8290843963623047 0.11168961971998215 1.5917181968688965 
v -2.8165524005889893 -0.1011357232928276 3.91475248336792 
v -2.3319785594940186 -0.8323817849159241 4.718472957611084 
v -2.9544053077697754 -0.4412924647331238 3.6891467571258545 
v -2.3821070194244385 -1.2634894847869873 4.640921115875244 
v -2.286027669906616 -1.0251978635787964 4.796024799346924 
v -2.2693183422088623 -0.9269707798957825 4.820700645446777 
v -7.8126749992370605 0.9084203839302063 5.405865669250488 
v -7.716595649719238 0.9393436908721924 5.303637981414795 
v -7.933818340301514 0.8556687831878662 5.377665042877197 
v -7.837738990783691 0.8865921497344971 5.271912097930908 
v -8.184459686279297 0.23356395959854126 4.965229511260986 
v -8.088380813598633 0.2663063108921051 4.859476566314697 
v -8.163573265075684 0.08076628297567368 4.855951309204102 
v -8.06749439239502 0.11168961971998215 4.750198841094971 
v -3.5350582599639893 0.9393436908721924 2.7796735763549805 
v -3.806586742401123 0.2663063108921051 2.275585651397705 
v -3.86506986618042 0.11168961971998215 2.219184160232544 
v -6.254519462585449 0.948438823223114 4.439990997314453 
v -6.2043914794921875 0.948438823223114 4.408265113830566 
v -6.233633041381836 1.0757702589035034 4.362439155578613 
v -3.1883373260498047 1.0757702589035034 2.525866985321045 
v -3.7146847248077393 1.8688629865646362 1.6551698446273804 
v -3.668733835220337 1.8688629865646362 1.6269690990447998 
v -3.727216958999634 1.8761390447616577 1.524741530418396 
v -3.1590960025787354 0.948438823223114 2.5752182006835938 
v -3.1423864364624023 1.0757702589035034 2.497666358947754 
v -1.8766463994979858 1.612381100654602 0.9325263500213623 
v -1.9393068552017212 1.6196571588516235 0.8302987217903137 
v -1.8474048376083374 1.606924057006836 0.7950478792190552 
v -3.113144874572754 0.948438823223114 2.5470175743103027 
v -1.5215708017349243 1.0757702589035034 1.5212163925170898 
v -1.78892183303833 1.5596295595169067 0.8302987217903137 
v -1.4923292398452759 0.948438823223114 1.5705676078796387 
v -1.42966890335083 1.0230185985565186 1.418988823890686 
v -6.759980201721191 1.8688629865646362 3.4882166385650635 
v -3.756458282470703 1.928890585899353 1.5881930589675903 
v -6.797576427459717 1.928890585899353 3.42476487159729 
v -3.773167848587036 1.9598139524459839 1.552942156791687 
v -1.8933558464050293 -0.4412924647331238 3.0475802421569824 
v -1.3210575580596924 -1.2634894847869873 3.999354600906372 
v -1.7555029392242432 -0.1011357232928276 3.273186206817627 
v -1.270929217338562 -0.8323817849159241 4.080431938171387 
v -1.2249782085418701 -1.0251978635787964 4.157983779907227 
v -1.2082687616348267 -0.9269707798957825 4.182659149169922 
v -2.9544053077697754 -0.4412924647331238 3.6891467571258545 
v -1.8933558464050293 -0.4412924647331238 3.0475802421569824 
v -2.8165524005889893 -0.1011357232928276 3.91475248336792 
v -1.7555029392242432 -0.1011357232928276 3.273186206817627 
v -8.276361465454102 0.09168040007352829 4.8383259773254395 
v -8.176105499267578 0.07530921697616577 4.803075313568115 
v -8.251297950744629 0.15716512501239777 4.880627155303955 
v -8.14686393737793 0.14079393446445465 4.845376491546631 
v -8.22205638885498 0.22810690104961395 4.929978370666504 
v -8.12179946899414 0.20991669595241547 4.89472770690918 
v -7.925463676452637 0.9666290283203125 5.419965744018555 
v -7.825207233428955 0.948438823223114 5.3847150802612305 
v -6.605417728424072 0.07530921697616577 3.858350992202759 
v -6.580353736877441 0.14079393446445465 3.9006521701812744 
v -6.551112174987793 0.20991669595241547 3.9464783668518066 
v -6.5552897453308105 0.07530921697616577 3.826625347137451 
v -6.5302252769470215 0.14079393446445465 3.8724513053894043 
v -6.500983715057373 0.20991669595241547 3.9182775020599365 
v -6.2043914794921875 0.948438823223114 4.408265113830566 
v -6.254519462585449 0.948438823223114 4.439990997314453 
v -8.694097518920898 0.730156421661377 4.133307933807373 
v -8.706629753112793 0.6864999532699585 4.207334995269775 
v -8.669034004211426 0.7956411242485046 4.175609111785889 
v -8.68156623840332 0.7519846558570862 4.249636173248291 
v -8.639792442321777 0.8665829300880432 4.221435546875 
v -8.652324676513672 0.8229264616966248 4.295462131500244 
v -8.343199729919434 1.6051050424575806 4.714947700500488 
v -8.355731964111328 1.5596295595169067 4.788974761962891 
v -8.351554870605469 0.1498890370130539 4.796024799346924 
v -8.32231330871582 0.21537375450134277 4.841851234436035 
v -8.297248840332031 0.28631553053855896 4.887677192687988 
v -8.000656127929688 1.0230185985565186 5.377665042877197 
v -8.276361465454102 0.09168040007352829 4.8383259773254395 
v -8.251297950744629 0.15716512501239777 4.880627155303955 
v -8.22205638885498 0.22810690104961395 4.929978370666504 
v -7.925463676452637 0.9666290283203125 5.419965744018555 
v -7.825207233428955 0.948438823223114 5.3847150802612305 
v -8.000656127929688 1.0230185985565186 5.377665042877197 
v -7.850271224975586 1.0757702589035034 5.338888645172119 
v -8.355731964111328 1.5596295595169067 4.788974761962891 
v -8.209524154663086 1.612381100654602 4.746673583984375 
v -8.343199729919434 1.6051050424575806 4.714947700500488 
v -8.268007278442383 1.6196571588516235 4.644445896148682 
v -6.810108661651611 1.8688629865646362 3.51994252204895 
v -6.868591785430908 1.8761390447616577 3.417714834213257 
v -6.283761024475098 1.0757702589035034 4.390639781951904 
v -6.254519462585449 0.948438823223114 4.439990997314453 
v -6.233633041381836 1.0757702589035034 4.362439155578613 
v -6.759980201721191 1.8688629865646362 3.4882166385650635 
v -4.099001884460449 1.0339328050613403 0.9078507423400879 
v -4.149130344390869 1.0339328050613403 0.9360514283180237 
v -4.132421016693115 1.052122950553894 0.9008005261421204 
v -4.165839672088623 1.0630370378494263 0.9043256640434265 
v -7.190248489379883 1.0339328050613403 2.772623300552368 
v -7.173538684844971 1.0030094385147095 2.8078742027282715 
v -7.219490051269531 1.0030094385147095 2.8360750675201416 
v -7.131765365600586 0.9429817795753479 2.871325969696045 
v -4.086469650268555 0.9429817795753479 1.0382790565490723 
v -3.560122489929199 0.1498890370130539 1.9089763164520264 
v -3.514171600341797 0.1498890370130539 1.8807755708694458 
v -4.040518760681152 0.9429817795753479 1.0100783109664917 
v -1.8933558464050293 0.1498890370130539 0.9043256640434265 
v -2.248431444168091 0.6864999532699585 0.315635621547699 
v -1.7805671691894531 0.1498890370130539 0.8373489379882812 
v -2.139820098876953 0.6864999532699585 0.2486588954925537 
v -4.128243446350098 1.0030094385147095 0.971302330493927 
v -4.078114986419678 1.0030094385147095 0.9431016445159912 
v -2.2902050018310547 0.7465276122093201 0.2486588954925537 
v -2.1941256523132324 0.7319754362106323 0.2134079933166504 
v -7.173538684844971 1.0030094385147095 2.8078742027282715 
v -4.149130344390869 1.0339328050613403 0.9360514283180237 
v -4.099001884460449 1.0339328050613403 0.9078507423400879 
v -3.727216958999634 1.8761390447616577 1.524741530418396 
v -3.748103618621826 1.9070624113082886 1.4894906282424927 
v -3.773167848587036 1.9598139524459839 1.552942156791687 
v -3.781522512435913 1.9252525568008423 1.4824403524398804 
v -3.81494140625 1.9361666440963745 1.4859654903411865 
v -1.843227505683899 0.07530921697616577 0.9889277815818787 
v -1.776389718055725 0.09895648062229156 0.9113758206367493 
v -1.843227505683899 0.07530921697616577 0.9889277815818787 
v -3.464043140411377 0.07530921697616577 1.965377688407898 
v -6.8811235427856445 1.928890585899353 3.34721302986145 
v -6.860236644744873 1.9361666440963745 3.322537422180176 
v -7.177716255187988 1.1903685331344604 2.8572254180908203 
v -7.156829357147217 1.197644591331482 2.832549810409546 
v -7.186070919036865 1.1285218000411987 2.783198595046997 
v -4.140775680541992 1.1285218000411987 0.950151801109314 
v -4.165839672088623 1.0630370378494263 0.9043256640434265 
v -4.132421016693115 1.052122950553894 0.9008005261421204 
v -3.81494140625 1.9361666440963745 1.4859654903411865 
v -4.111534118652344 1.197644591331482 0.9959779977798462 
v -4.107356548309326 1.1176077127456665 0.9431016445159912 
v -4.078114986419678 1.1867303848266602 0.9924529194831848 
v -7.232021808624268 1.0539419651031494 2.765573263168335 
v -7.206957817077637 1.1194267272949219 2.8078742027282715 
v -7.211134910583496 1.0630370378494263 2.7408974170684814 
v -6.797576427459717 1.928890585899353 3.42476487159729 
v -6.8894782066345215 1.9070624113082886 3.3824639320373535 
v -6.818463325500488 1.9598139524459839 3.389514207839966 
v -3.81494140625 1.9361666440963745 1.4859654903411865 
v -6.860236644744873 1.9361666440963745 3.322537422180176 
v -6.8811235427856445 1.928890585899353 3.34721302986145 
v -6.8811235427856445 1.928890585899353 3.34721302986145 
v -7.177716255187988 1.1903685331344604 2.8572254180908203 
v -6.8894782066345215 1.9070624113082886 3.3824639320373535 
v -7.186070919036865 1.1685402393341064 2.8924763202667236 
v -6.868591785430908 1.8761390447616577 3.417714834213257 
v -7.165184020996094 1.1376168727874756 2.927727222442627 
v -7.206957817077637 1.1194267272949219 2.8078742027282715 
v -7.215312480926514 1.0994174480438232 2.8466501235961914 
v -7.194425582885742 1.0684940814971924 2.878376007080078 
v -7.232021808624268 1.0539419651031494 2.765573263168335 
v -7.2403764724731445 1.0339328050613403 2.8008241653442383 
v -7.219490051269531 1.0030094385147095 2.8360750675201416 
v -7.232021808624268 1.0539419651031494 2.765573263168335 
v -7.211134910583496 1.0630370378494263 2.7408974170684814 
v -7.2403764724731445 1.0339328050613403 2.8008241653442383 
v -7.219490051269531 1.0030094385147095 2.8360750675201416 
v -3.464043140411377 0.07530921697616577 1.965377688407898 
v -3.5099942684173584 0.07530921697616577 1.9935784339904785 
v -6.605417728424072 0.1498890370130539 3.7455482482910156 
v -7.131765365600586 0.9429817795753479 2.871325969696045 
v -3.727216958999634 1.8761390447616577 1.524741530418396 
v -4.023809432983398 1.1376168727874756 1.0347539186477661 
v -3.748103618621826 1.9070624113082886 1.4894906282424927 
v -4.04469633102417 1.1685402393341064 0.9995030760765076 
v -3.781522512435913 1.9252525568008423 1.4824403524398804 
v -4.078114986419678 1.1867303848266602 0.9924529194831848 
v -4.053050994873047 1.0684940814971924 0.9854027032852173 
v -4.073937892913818 1.0994174480438232 0.950151801109314 
v -4.107356548309326 1.1176077127456665 0.9431016445159912 
v -4.099001884460449 1.0339328050613403 0.9078507423400879 
v -4.132421016693115 1.052122950553894 0.9008005261421204 
v -8.343199729919434 1.6051050424575806 4.714947700500488 
v -8.268007278442383 1.6196571588516235 4.644445896148682 
v -8.639792442321777 0.8665829300880432 4.221435546875 
v -8.564599990844727 0.8829541206359863 4.154458522796631 
v -8.669034004211426 0.7956411242485046 4.175609111785889 
v -8.593841552734375 0.8120123147964478 4.108632564544678 
v -8.694097518920898 0.730156421661377 4.133307933807373 
v -8.618905067443848 0.7465276122093201 4.062806129455566 
v -6.868591785430908 1.8761390447616577 3.417714834213257 
v -7.165184020996094 1.1376168727874756 2.927727222442627 
v -7.194425582885742 1.0684940814971924 2.878376007080078 
v -8.163573265075684 0.08076628297567368 4.855951309204102 
v -8.138508796691895 -0.008365700021386147 4.975804805755615 
v -8.184459686279297 0.23356395959854126 4.965229511260986 
v -8.159396171569824 0.14261296391487122 5.085082530975342 
v -7.933818340301514 0.8556687831878662 5.377665042877197 
v -7.908754348754883 0.7647178173065186 5.50104284286499 
v -7.8126749992370605 0.9084203839302063 5.405865669250488 
v -7.78761100769043 0.8211074471473694 5.525718688964844 
v -7.052395343780518 -1.6491217613220215 6.780650615692139 
v -7.048218250274658 -1.5308854579925537 6.928704261779785 
v -6.801753997802734 -0.908780574798584 7.341139793395996 
v -6.705674648284912 -0.8123725652694702 7.323514461517334 
v -6.964670658111572 -1.7418917417526245 6.86525297164917 
v -6.960493564605713 -1.625474452972412 7.013306617736816 
v -6.7098517417907715 -1.003369688987732 7.429267406463623 
v -8.694097518920898 0.730156421661377 4.133307933807373 
v -8.618905067443848 0.7465276122093201 4.062806129455566 
v -8.706629753112793 0.6864999532699585 4.207334995269775 
v -8.58130931854248 0.6864999532699585 4.1297831535339355 
v -8.351554870605469 0.1498890370130539 4.796024799346924 
v -8.22205638885498 0.1498890370130539 4.72199821472168 
v -8.276361465454102 0.09168040007352829 4.8383259773254395 
v -8.176105499267578 0.07530921697616577 4.803075313568115 
v -7.219490051269531 1.0030094385147095 2.8360750675201416 
v -7.181893825531006 0.9429817795753479 2.9030516147613525 
v -6.655546188354492 0.1498890370130539 3.7737488746643066 
v -6.605417728424072 0.07530921697616577 3.858350992202759 
v -7.131765365600586 0.9429817795753479 2.871325969696045 
v -6.5552897453308105 0.07530921697616577 3.826625347137451 
v -1.776389718055725 0.09895648062229156 0.9113758206367493 
v -1.7805671691894531 0.1498890370130539 0.8373489379882812 
v -1.7513256072998047 0.16444119811058044 0.9536768794059753 
v -1.7555029392242432 0.21537375450134277 0.8831750750541687 
v -1.7220840454101562 0.23538297414779663 0.9995030760765076 
v -1.7262614965438843 0.28631553053855896 0.9290012717247009 
v -1.4254915714263916 0.9720860719680786 1.4930156469345093 
v -1.42966890335083 1.0230185985565186 1.418988823890686 
v -2.0855143070220947 0.8229264616966248 0.336786150932312 
v -1.78892183303833 1.5596295595169067 0.8302987217903137 
v -2.1105785369873047 0.7519846558570862 0.2909599840641022 
v -2.139820098876953 0.8684019446372986 0.30506032705307007 
v -1.8474048376083374 1.606924057006836 0.7950478792190552 
v -2.139820098876953 0.6864999532699585 0.2486588954925537 
v -2.1941256523132324 0.7319754362106323 0.2134079933166504 
v -2.1690616607666016 0.79746013879776 0.25570908188819885 
v -8.163573265075684 0.08076628297567368 4.855951309204102 
v -8.138508796691895 -0.008365700021386147 4.975804805755615 
v -7.052395343780518 -1.6491217613220215 6.780650615692139 
v -6.897833347320557 -1.6491217613220215 6.688998222351074 
v -6.964670658111572 -1.7418917417526245 6.86525297164917 
v -6.822640419006348 -1.7637200355529785 6.815901756286621 
v -2.6202163696289062 -1.7637200355529785 4.284886837005615 
v -3.5099942684173584 0.07530921697616577 1.9935784339904785 
v -3.4849300384521484 0.14079393446445465 2.035879611968994 
v -6.5302252769470215 0.14079393446445465 3.8724513053894043 
v -3.4556884765625 0.20991669595241547 2.0817058086395264 
v -3.1590960025787354 0.948438823223114 2.5752182006835938 
v -3.4097375869750977 0.20991669595241547 2.0535049438476562 
v -3.113144874572754 0.948438823223114 2.5470175743103027 
v -3.438979148864746 0.14079393446445465 2.007678747177124 
v -1.78892183303833 0.20991669595241547 1.0770550966262817 
v -1.4923292398452759 0.948438823223114 1.5705676078796387 
v -1.4254915714263916 0.9720860719680786 1.4930156469345093 
v -1.8181633949279785 0.14079393446445465 1.0312288999557495 
v -1.7220840454101562 0.23538297414779663 0.9995030760765076 
v -1.843227505683899 0.07530921697616577 0.9889277815818787 
v -1.776389718055725 0.09895648062229156 0.9113758206367493 
v -1.7513256072998047 0.16444119811058044 0.9536768794059753 
v -3.464043140411377 0.07530921697616577 1.965377688407898 
v -1.4004273414611816 0.859306812286377 1.4366142749786377 
v -1.651068925857544 0.2372020035982132 1.0206536054611206 
v -1.7930991649627686 0.2663063108921051 1.0629546642303467 
v -1.7555029392242432 0.08440431952476501 0.9889277815818787 
v -1.8933558464050293 0.11168961971998215 1.0312288999557495 
v -2.7413599491119385 0.2663063108921051 1.6375443935394287 
v -1.5424575805664062 0.8865921497344971 1.4789153337478638 
v -6.617949962615967 -0.9051425457000732 7.408116817474365 
v -0.5357138514518738 -1.7364346981048584 2.9876537322998047 
v -1.6468915939331055 -0.008365700021386147 1.0629546642303467 
v -1.7555029392242432 0.08440431952476501 0.9889277815818787 
v -1.651068925857544 0.2372020035982132 1.0206536054611206 
v -6.7098517417907715 -1.003369688987732 7.429267406463623 
v -6.617949962615967 -0.9051425457000732 7.408116817474365 
v -6.705674648284912 -0.8123725652694702 7.323514461517334 
v -3.5350582599639893 0.9393436908721924 2.7796735763549805 
v -2.6202163696289062 -1.7637200355529785 4.284886837005615 
v -3.86506986618042 0.11168961971998215 2.219184160232544 
v -2.8290843963623047 0.11168961971998215 1.5917181968688965 
v -2.6202163696289062 -1.7637200355529785 4.284886837005615 
v -1.8933558464050293 0.11168961971998215 1.0312288999557495 
v -1.2082687616348267 -0.9269707798957825 4.182659149169922 
v -1.2249782085418701 -1.0251978635787964 4.157983779907227 
v -0.3310231864452362 -0.9269707798957825 3.653895854949951 
v -6.810108661651611 1.8688629865646362 3.51994252204895 
v -1.4254915714263916 0.9720860719680786 1.4930156469345093 
v -7.825207233428955 0.948438823223114 5.3847150802612305 
v -3.1590960025787354 0.948438823223114 2.5752182006835938 
v -8.22205638885498 0.22810690104961395 4.929978370666504 
v -7.925463676452637 0.9666290283203125 5.419965744018555 
v -8.000656127929688 1.0230185985565186 5.377665042877197 
v -4.023809432983398 1.1376168727874756 1.0347539186477661 
v -2.2358994483947754 0.8829541206359863 0.3403112292289734 
v -2.2651407718658447 0.8120123147964478 0.2909599840641022 
v -3.113144874572754 0.948438823223114 2.5470175743103027 
v -3.4097375869750977 0.20991669595241547 2.0535049438476562 
v -1.4923292398452759 0.948438823223114 1.5705676078796387 
v -3.668733835220337 1.8688629865646362 1.6269690990447998 
v -1.9393068552017212 1.6196571588516235 0.8302987217903137 
v -4.165839672088623 1.0630370378494263 0.9043256640434265 
v -3.81494140625 1.9361666440963745 1.4859654903411865 
v -3.781522512435913 1.9252525568008423 1.4824403524398804 
v -4.078114986419678 1.1867303848266602 0.9924529194831848 
v -6.5552897453308105 0.07530921697616577 3.826625347137451 
v -4.053050994873047 1.0684940814971924 0.9854027032852173 
v -4.078114986419678 1.0030094385147095 0.9431016445159912 
v -4.099001884460449 1.0339328050613403 0.9078507423400879 
v -7.194425582885742 1.0684940814971924 2.878376007080078 
v -7.219490051269531 1.0030094385147095 2.8360750675201416 
v -8.618905067443848 0.7465276122093201 4.062806129455566 
v -6.5302252769470215 0.14079393446445465 3.8724513053894043 
v -6.5552897453308105 0.07530921697616577 3.826625347137451 
v -3.5099942684173584 0.07530921697616577 1.9935784339904785 
vn 0.31828197836875916 0.7893415093421936 0.5250110030174255 
vn 0.31828197836875916 0.7893415093421936 0.5250110030174255 
vn 0.31828197836875916 0.7893415093421936 0.5250110030174255 
vn 0.31828197836875916 0.7893415093421936 0.5250110030174255 
vn 0.31828197836875916 0.7893415093421936 0.5250110030174255 
vn 0.31828197836875916 0.7893415093421936 0.5250110030174255 
vn 0.31828197836875916 0.7893415093421936 0.5250110030174255 
vn 0.31828197836875916 0.7893415093421936 0.5250110030174255 
vn 0.31828197836875916 0.7893415093421936 0.5250110030174255 
vn 0.7137303948402405 -0.48399993777275085 -0.5062933564186096 
vn 0.690095067024231 -0.40351417660713196 -0.6007870435714722 
vn 0.8441135883331299 -0.3317728042602539 -0.42118772864341736 
vn 0.8172490000724792 -0.24569019675254822 -0.5212872624397278 
vn 0.9845700860023499 0.15039946138858795 -0.08945280313491821 
vn 0.9559712409973145 0.22455716133117676 -0.18892620503902435 
vn 0.8833730220794678 0.44395941495895386 0.15017375349998474 
vn 0.8644042015075684 0.4976109266281128 0.07203252613544464 
vn 0.6864703297615051 -0.0603744275867939 -0.7246471047401428 
vn 0.8346768617630005 0.40136080980300903 -0.37712597846984863 
vn 0.7699535489082336 0.6340211629867554 -0.07203252613544464 
vn 0.7346749305725098 0.4982794225215912 -0.46040233969688416 
vn 0.6911559700965881 0.7111826539039612 -0.12854042649269104 
vn 0.5801748633384705 0.037789810448884964 -0.8136147856712341 
vn 0.5723201036453247 -0.22887550294399261 -0.7874425053596497 
vn -0.03397455811500549 0.7853595018386841 -0.6181069612503052 
vn -0.19258014857769012 0.7758658528327942 -0.6007870435714722 
vn 0.06788766384124756 0.9203305840492249 -0.3852050006389618 
vn -0.0980001911520958 0.903505802154541 -0.417220801115036 
vn -0.34079569578170776 0.7511986494064331 -0.5652954578399658 
vn -0.4369601607322693 0.5410023331642151 -0.7185974717140198 
vn -0.4369601607322693 0.5410023331642151 -0.7185974717140198 
vn -0.4587465226650238 0.4654303193092346 -0.7569189071655273 
vn -0.4587465226650238 0.4654303193092346 -0.7569189071655273 
vn -0.34079569578170776 0.7511986494064331 -0.5652954578399658 
vn -0.2606515884399414 0.8608798980712891 -0.43697428703308105 
vn -0.2093401998281479 0.597851574420929 -0.7737894654273987 
vn -0.2093401998281479 0.597851574420929 -0.7737894654273987 
vn -0.2093401998281479 0.597851574420929 -0.7737894654273987 
vn -0.2093401998281479 0.597851574420929 -0.7737894654273987 
vn -0.2093401998281479 0.597851574420929 -0.7737894654273987 
vn -0.2093401998281479 0.597851574420929 -0.7737894654273987 
vn -0.2093401998281479 0.597851574420929 -0.7737894654273987 
vn -0.2093401998281479 0.597851574420929 -0.7737894654273987 
vn -0.2093401998281479 0.597851574420929 -0.7737894654273987 
vn -0.2093401998281479 0.597851574420929 -0.7737894654273987 
vn -0.2093401998281479 0.597851574420929 -0.7737894654273987 
vn -0.2093401998281479 0.597851574420929 -0.7737894654273987 
vn 0.45940086245536804 -0.45540183782577515 0.762600839138031 
vn 0.37582510709762573 -0.6811181902885437 0.6283578276634216 
vn 0.41062942147254944 -0.6132779717445374 0.67473965883255 
vn 0.41062942147254944 -0.6132779717445374 0.67473965883255 
vn 0.37582510709762573 -0.6811181902885437 0.6283578276634216 
vn 0.5770844221115112 -0.4099584221839905 0.7063339352607727 
vn 0.45940086245536804 -0.45540183782577515 0.762600839138031 
vn 0.6056172847747803 -0.1856812834739685 0.7737894654273987 
vn 0.34869417548179626 -0.7420757412910461 0.5724822878837585 
vn 0.43629878759384155 -0.7707726955413818 0.4642767012119293 
vn 0.4804812967777252 -0.6940540671348572 0.5361219048500061 
vn 0.5753709673881531 -0.6938477158546448 0.43303996324539185 
vn 0.6892402172088623 -0.3486481010913849 0.6351318359375 
vn 0.699906051158905 -0.08279186487197876 0.7094202041625977 
vn 0.3098905086517334 0.8023778796195984 0.5100564956665039 
vn 0.3098905086517334 0.8023778796195984 0.5100564956665039 
vn 0.3098905086517334 0.8023778796195984 0.5100564956665039 
vn 0.3098905086517334 0.8023778796195984 0.5100564956665039 
vn 0.31828197836875916 0.7893415093421936 0.5250110030174255 
vn 0.31828197836875916 0.7893415093421936 0.5250110030174255 
vn 0.31828197836875916 0.7893415093421936 0.5250110030174255 
vn 0.31828197836875916 0.7893415093421936 0.5250110030174255 
vn 0.31828197836875916 0.7893415093421936 0.5250110030174255 
vn 0.31828197836875916 0.7893415093421936 0.5250110030174255 
vn 0.31828197836875916 0.7893415093421936 0.5250110030174255 
vn 0.31828197836875916 0.7893415093421936 0.5250110030174255 
vn 0.31828197836875916 0.7893415093421936 0.5250110030174255 
vn 0.31828197836875916 0.7893415093421936 0.5250110030174255 
vn 0.31828197836875916 0.7893415093421936 0.5250110030174255 
vn 0.31828197836875916 0.7893415093421936 0.5250110030174255 
vn 0.31828197836875916 0.7893415093421936 0.5250110030174255 
vn 0.31828197836875916 0.7893415093421936 0.5250110030174255 
vn 0.31828197836875916 0.7893415093421936 0.5250110030174255 
vn 0.31828197836875916 0.7893415093421936 0.5250110030174255 
vn 0.09219695627689362 -0.7833805084228516 0.6146662831306458 
vn 0.22332358360290527 -0.770307183265686 0.5972883701324463 
vn 0.14239947497844696 -0.696551501750946 0.7032341957092285 
vn 0.26031720638275146 -0.6937661170959473 0.6715083718299866 
vn 0.26230230927467346 -0.36166831851005554 0.8946471214294434 
vn 0.36677661538124084 -0.4133499264717102 0.8334367275238037 
vn 0.3221534192562103 -0.10348913818597794 0.9410139322280884 
vn 0.40979063510894775 -0.1967473030090332 0.8907088041305542 
vn 0.45940086245536804 -0.45540183782577515 0.762600839138031 
vn 0.4929714500904083 -0.28751668334007263 0.8211658596992493 
vn 0.37582510709762573 -0.6811181902885437 0.6283578276634216 
vn 0.34869417548179626 -0.7420757412910461 0.5724822878837585 
vn -0.31695756316185 -0.789874255657196 -0.5250110030174255 
vn -0.31695756316185 -0.789874255657196 -0.5250110030174255 
vn -0.31695756316185 -0.789874255657196 -0.5250110030174255 
vn -0.31695756316185 -0.789874255657196 -0.5250110030174255 
vn -0.31695756316185 -0.789874255657196 -0.5250110030174255 
vn -0.31695756316185 -0.789874255657196 -0.5250110030174255 
vn -0.31695756316185 -0.789874255657196 -0.5250110030174255 
vn -0.31695756316185 -0.789874255657196 -0.5250110030174255 
vn -0.31695756316185 -0.789874255657196 -0.5250110030174255 
vn -0.31695756316185 -0.789874255657196 -0.5250110030174255 
vn -0.31695756316185 -0.789874255657196 -0.5250110030174255 
vn -0.31695756316185 -0.789874255657196 -0.5250110030174255 
vn -0.31695756316185 -0.789874255657196 -0.5250110030174255 
vn -0.31695756316185 -0.789874255657196 -0.5250110030174255 
vn -0.31695756316185 -0.789874255657196 -0.5250110030174255 
vn -0.31695756316185 -0.789874255657196 -0.5250110030174255 
vn -0.31695756316185 -0.789874255657196 -0.5250110030174255 
vn -0.31695756316185 -0.789874255657196 -0.5250110030174255 
vn 0.8556508421897888 0 -0.5175535082817078 
vn 0.8556508421897888 0 -0.5175535082817078 
vn 0.8556508421897888 0 -0.5175535082817078 
vn 0.8556508421897888 0 -0.5175535082817078 
vn 0.8556508421897888 0 -0.5175535082817078 
vn 0.8556508421897888 0 -0.5175535082817078 
vn -0.38591933250427246 0.9193643927574158 -0.0763898640871048 
vn -0.327575147151947 0.9079797267913818 -0.2612801790237427 
vn -0.5544663667678833 0.7843608856201172 -0.2781098484992981 
vn -0.4559851288795471 0.7797133922576904 -0.42909738421440125 
vn -0.7215029001235962 0.4514388144016266 -0.5250110030174255 
vn -0.5835187435150146 0.5060765147209167 -0.6351318359375 
vn -0.744132399559021 0.3128317892551422 -0.590256929397583 
vn -0.6137697100639343 0.393628865480423 -0.6843559741973877 
vn -0.2606515884399414 0.8608798980712891 -0.43697428703308105 
vn -0.4369601607322693 0.5410023331642151 -0.7185974717140198 
vn -0.4587465226650238 0.4654303193092346 -0.7569189071655273 
vn 0.4721110463142395 0.4016111493110657 0.7847417593002319 
vn 0.4721110463142395 0.4016111493110657 0.7847417593002319 
vn 0.40702852606773376 0.612127959728241 0.677958071231842 
vn 0.40702852606773376 0.612127959728241 0.677958071231842 
vn 0.39592596888542175 0.8240126371383667 0.405272513628006 
vn 0.35537806153297424 0.8936887979507446 0.27391019463539124 
vn 0.5616069436073303 0.8269166946411133 -0.028397228568792343 
vn 0.4721110463142395 0.4016111493110657 0.7847417593002319 
vn 0.40702852606773376 0.612127959728241 0.677958071231842 
vn 0.392345666885376 0.89544677734375 0.2103329300880432 
vn 0.25390365719795227 0.9670296907424927 0.01966099627315998 
vn 0.36696457862854004 0.929103672504425 0.04586252197623253 
vn 0.4721110463142395 0.4016111493110657 0.7847417593002319 
vn 0.5628044009208679 0.6228023171424866 0.5434780716896057 
vn 0.529413104057312 0.8364756107330322 0.1415284425020218 
vn 0.5882770419120789 0.4553603231906891 0.6682642698287964 
vn 0.6919786334037781 0.6079990267753601 0.3892335295677185 
vn 0.177842915058136 0.8251940608024597 0.5361219048500061 
vn 0.5571897029876709 0.7867985367774963 0.26549527049064636 
vn -0.020742304623126984 0.7885144948959351 0.6146662831306458 
vn 0.4152054488658905 0.9075217843055725 -0.0633138045668602 
vn -0.855642557144165 0.003770123003050685 0.5175535082817078 
vn -0.855642557144165 0.003770123003050685 0.5175535082817078 
vn -0.855642557144165 0.003770123003050685 0.5175535082817078 
vn -0.855642557144165 0.003770123003050685 0.5175535082817078 
vn -0.855642557144165 0.003770123003050685 0.5175535082817078 
vn -0.855642557144165 0.003770123003050685 0.5175535082817078 
vn 0.41062942147254944 -0.6132779717445374 0.67473965883255 
vn 0.41062942147254944 -0.6132779717445374 0.67473965883255 
vn 0.41062942147254944 -0.6132779717445374 0.67473965883255 
vn 0.41062942147254944 -0.6132779717445374 0.67473965883255 
vn 0.16740331053733826 -0.5932203531265259 0.7874425053596497 
vn 0.29151636362075806 -0.610301673412323 0.736579954624176 
vn 0.16740331053733826 -0.5932203531265259 0.7874425053596497 
vn 0.29151636362075806 -0.610301673412323 0.736579954624176 
vn 0.16740331053733826 -0.5932203531265259 0.7874425053596497 
vn 0.29151636362075806 -0.610301673412323 0.736579954624176 
vn 0.16740331053733826 -0.5932203531265259 0.7874425053596497 
vn 0.29151636362075806 -0.610301673412323 0.736579954624176 
vn 0.41062942147254944 -0.6132779717445374 0.67473965883255 
vn 0.41062942147254944 -0.6132779717445374 0.67473965883255 
vn 0.41062942147254944 -0.6132779717445374 0.67473965883255 
vn 0.41062942147254944 -0.6132779717445374 0.67473965883255 
vn 0.41062942147254944 -0.6132779717445374 0.67473965883255 
vn 0.41062942147254944 -0.6132779717445374 0.67473965883255 
vn 0.41062942147254944 -0.6132779717445374 0.67473965883255 
vn 0.41062942147254944 -0.6132779717445374 0.67473965883255 
vn -0.9397673606872559 0.33669254183769226 0.058952588587999344 
vn -0.938482940196991 0.17272154986858368 0.2990269064903259 
vn -0.9397673606872559 0.33669254183769226 0.058952588587999344 
vn -0.938482940196991 0.17272154986858368 0.2990269064903259 
vn -0.9397673606872559 0.33669254183769226 0.058952588587999344 
vn -0.938482940196991 0.17272154986858368 0.2990269064903259 
vn -0.9397673606872559 0.33669254183769226 0.058952588587999344 
vn -0.938482940196991 0.17272154986858368 0.2990269064903259 
vn -0.750408411026001 -0.1276361644268036 0.6485338807106018 
vn -0.750408411026001 -0.1276361644268036 0.6485338807106018 
vn -0.750408411026001 -0.1276361644268036 0.6485338807106018 
vn -0.750408411026001 -0.1276361644268036 0.6485338807106018 
vn -0.6080321669578552 -0.256956547498703 0.7511792182922363 
vn -0.6080321669578552 -0.256956547498703 0.7511792182922363 
vn -0.6080321669578552 -0.256956547498703 0.7511792182922363 
vn 0.1844664365053177 0.5092633962631226 0.8406086564064026 
vn 0.3330259919166565 0.4590117633342743 0.8236515522003174 
vn 0.06400296092033386 0.6233797669410706 0.7792953848838806 
vn 0.23788008093833923 0.6296913027763367 0.7395281791687012 
vn -0.09593629837036133 0.8502556085586548 0.5175535082817078 
vn 0.013196775689721107 0.9012780785560608 0.43303996324539185 
vn -0.1316423863172531 0.9396968483924866 0.31565824151039124 
vn -0.10549761354923248 0.9700345396995544 0.21886809170246124 
vn 0.07352560013532639 0.8945395350456238 0.4409002661705017 
vn -0.2761601507663727 0.832849383354187 0.4796847105026245 
vn 0.40702852606773376 0.612127959728241 0.677958071231842 
vn 0.4721110463142395 0.4016111493110657 0.7847417593002319 
vn 0.40702852606773376 0.612127959728241 0.677958071231842 
vn 0.177842915058136 0.8251940608024597 0.5361219048500061 
vn -0.31695756316185 -0.789874255657196 -0.5250110030174255 
vn -0.31695756316185 -0.789874255657196 -0.5250110030174255 
vn -0.31695756316185 -0.789874255657196 -0.5250110030174255 
vn -0.31695756316185 -0.789874255657196 -0.5250110030174255 
vn -0.31695756316185 -0.789874255657196 -0.5250110030174255 
vn -0.31695756316185 -0.789874255657196 -0.5250110030174255 
vn -0.31695756316185 -0.789874255657196 -0.5250110030174255 
vn -0.31695756316185 -0.789874255657196 -0.5250110030174255 
vn -0.31695756316185 -0.789874255657196 -0.5250110030174255 
vn -0.31695756316185 -0.789874255657196 -0.5250110030174255 
vn -0.31695756316185 -0.789874255657196 -0.5250110030174255 
vn -0.31695756316185 -0.789874255657196 -0.5250110030174255 
vn -0.31695756316185 -0.789874255657196 -0.5250110030174255 
vn -0.31695756316185 -0.789874255657196 -0.5250110030174255 
vn -0.31695756316185 -0.789874255657196 -0.5250110030174255 
vn -0.31695756316185 -0.789874255657196 -0.5250110030174255 
vn -0.31695756316185 -0.789874255657196 -0.5250110030174255 
vn -0.31695756316185 -0.789874255657196 -0.5250110030174255 
vn -0.31695756316185 -0.789874255657196 -0.5250110030174255 
vn -0.31695756316185 -0.789874255657196 -0.5250110030174255 
vn -0.31695756316185 -0.789874255657196 -0.5250110030174255 
vn -0.31695756316185 -0.789874255657196 -0.5250110030174255 
vn -0.31695756316185 -0.789874255657196 -0.5250110030174255 
vn 0.5616069436073303 0.8269166946411133 -0.028397228568792343 
vn 0.657401978969574 0.7067922949790955 -0.2612801790237427 
vn 0.4152054488658905 0.9075217843055725 -0.0633138045668602 
vn 0.37006813287734985 0.8219038844108582 -0.43303996324539185 
vn 0.11490995436906815 0.9270851016044617 -0.3568037748336792 
vn -0.31695756316185 -0.789874255657196 -0.5250110030174255 
vn -0.31695756316185 -0.789874255657196 -0.5250110030174255 
vn -0.31695756316185 -0.789874255657196 -0.5250110030174255 
vn -0.31695756316185 -0.789874255657196 -0.5250110030174255 
vn -0.6899881362915039 0.5740411877632141 -0.4409002661705017 
vn -0.5570035576820374 0.6050671935081482 -0.5688942670822144 
vn -0.6899881362915039 0.5740411877632141 -0.4409002661705017 
vn -0.5570035576820374 0.6050671935081482 -0.5688942670822144 
vn -0.5570035576820374 0.6050671935081482 -0.5688942670822144 
vn -0.1807163953781128 0.5928928852081299 -0.7847417593002319 
vn -0.1807163953781128 0.5928928852081299 -0.7847417593002319 
vn 0.05848824605345726 0.5347759127616882 -0.8429672718048096 
vn -0.1807163953781128 0.5928928852081299 -0.7847417593002319 
vn -0.1807163953781128 0.5928928852081299 -0.7847417593002319 
vn 0.05848824605345726 0.5347759127616882 -0.8429672718048096 
vn 0.05848824605345726 0.5347759127616882 -0.8429672718048096 
vn -0.6899881362915039 0.5740411877632141 -0.4409002661705017 
vn -0.6899881362915039 0.5740411877632141 -0.4409002661705017 
vn -0.5570035576820374 0.6050671935081482 -0.5688942670822144 
vn -0.020742304623126984 0.7885144948959351 0.6146662831306458 
vn -0.5126333236694336 0.7222563624382019 0.4642767012119293 
vn -0.23332463204860687 0.9108632206916809 0.34042292833328247 
vn 0.11490995436906815 0.9270851016044617 -0.3568037748336792 
vn -0.34918421506881714 0.9354625940322876 -0.05459024757146835 
vn -0.5165954232215881 0.8444517850875854 0.1415284425020218 
vn -0.9322026371955872 0.36161357164382935 0.0152922747656703 
vn -0.9322026371955872 0.36161357164382935 0.0152922747656703 
vn -0.9405917525291443 0.1947871893644333 0.2781098484992981 
vn -0.9405917525291443 0.1947871893644333 0.2781098484992981 
vn -0.855642557144165 0.003770123003050685 0.5175535082817078 
vn -0.855642557144165 0.003770123003050685 0.5175535082817078 
vn -0.9322026371955872 0.36161357164382935 0.0152922747656703 
vn -0.9405917525291443 0.1947871893644333 0.2781098484992981 
vn -0.855642557144165 0.003770123003050685 0.5175535082817078 
vn -0.9322026371955872 0.36161357164382935 0.0152922747656703 
vn -0.9405917525291443 0.1947871893644333 0.2781098484992981 
vn -0.855642557144165 0.003770123003050685 0.5175535082817078 
vn -0.31695756316185 -0.789874255657196 -0.5250110030174255 
vn -0.31695756316185 -0.789874255657196 -0.5250110030174255 
vn -0.31695756316185 -0.789874255657196 -0.5250110030174255 
vn -0.31695756316185 -0.789874255657196 -0.5250110030174255 
vn -0.31695756316185 -0.789874255657196 -0.5250110030174255 
vn -0.31695756316185 -0.789874255657196 -0.5250110030174255 
vn -0.31695756316185 -0.789874255657196 -0.5250110030174255 
vn -0.31695756316185 -0.789874255657196 -0.5250110030174255 
vn 0.8556508421897888 0 -0.5175535082817078 
vn 0.8556508421897888 0 -0.5175535082817078 
vn 0.6634604930877686 0.20841765403747559 -0.7185974717140198 
vn 0.6634604930877686 0.20841765403747559 -0.7185974717140198 
vn 0.39198943972587585 0.39466404914855957 -0.8310141563415527 
vn 0.39198943972587585 0.39466404914855957 -0.8310141563415527 
vn 0.8556508421897888 0 -0.5175535082817078 
vn 0.6634604930877686 0.20841765403747559 -0.7185974717140198 
vn 0.39198943972587585 0.39466404914855957 -0.8310141563415527 
vn 0.6634604930877686 0.20841765403747559 -0.7185974717140198 
vn 0.39198943972587585 0.39466404914855957 -0.8310141563415527 
vn -0.5955604314804077 0.5982316732406616 -0.5361219048500061 
vn -0.5955604314804077 0.5982316732406616 -0.5361219048500061 
vn -0.5955604314804077 0.5982316732406616 -0.5361219048500061 
vn -0.5955604314804077 0.5982316732406616 -0.5361219048500061 
vn -0.5955604314804077 0.5982316732406616 -0.5361219048500061 
vn -0.5955604314804077 0.5982316732406616 -0.5361219048500061 
vn -0.5955604314804077 0.5982316732406616 -0.5361219048500061 
vn -0.5955604314804077 0.5982316732406616 -0.5361219048500061 
vn -0.5955604314804077 0.5982316732406616 -0.5361219048500061 
vn -0.5955604314804077 0.5982316732406616 -0.5361219048500061 
vn -0.5955604314804077 0.5982316732406616 -0.5361219048500061 
vn -0.9798935651779175 -0.18769358098506927 0.06767380982637405 
vn -0.9536601305007935 -0.249999538064003 0.16742929816246033 
vn -0.9801865816116333 -0.015096031129360199 0.1975002884864807 
vn -0.9489759206771851 -0.08670895546674728 0.30319350957870483 
vn -0.7397170066833496 0.4517510235309601 0.4987381398677826 
vn -0.7136715650558472 0.37718644738197327 0.590256929397583 
vn -0.4289827048778534 0.6776580214500427 0.5972883701324463 
vn -0.41734424233436584 0.6122910380363464 0.6715083718299866 
vn -0.8688727617263794 -0.38133978843688965 0.31565824151039124 
vn -0.8580294847488403 -0.22762927412986755 0.46040233969688416 
vn -0.6290227770805359 0.23964227735996246 0.7395281791687012 
vn -0.35233789682388306 0.5099395513534546 0.7847417593002319 
vn -0.8176755309104919 -0.4452141225337982 0.3649536371231079 
vn -0.8067375421524048 -0.2918456196784973 0.5138099193572998 
vn -0.5757678151130676 0.1890603005886078 0.7954543828964233 
vn -0.31695756316185 -0.789874255657196 -0.5250110030174255 
vn -0.31695756316185 -0.789874255657196 -0.5250110030174255 
vn -0.31695756316185 -0.789874255657196 -0.5250110030174255 
vn -0.31695756316185 -0.789874255657196 -0.5250110030174255 
vn -0.31695756316185 -0.789874255657196 -0.5250110030174255 
vn -0.31695756316185 -0.789874255657196 -0.5250110030174255 
vn -0.31695756316185 -0.789874255657196 -0.5250110030174255 
vn -0.31695756316185 -0.789874255657196 -0.5250110030174255 
vn -0.31695756316185 -0.789874255657196 -0.5250110030174255 
vn -0.31695756316185 -0.789874255657196 -0.5250110030174255 
vn -0.31695756316185 -0.789874255657196 -0.5250110030174255 
vn -0.31695756316185 -0.789874255657196 -0.5250110030174255 
vn -0.31695756316185 -0.789874255657196 -0.5250110030174255 
vn -0.31695756316185 -0.789874255657196 -0.5250110030174255 
vn 0.945521354675293 -0.22437995672225952 -0.23588760197162628 
vn 0.9175706505775452 -0.11302289366722107 -0.3811691105365753 
vn 0.945521354675293 -0.22437995672225952 -0.23588760197162628 
vn 0.9175706505775452 -0.11302289366722107 -0.3811691105365753 
vn 0.945521354675293 -0.22437995672225952 -0.23588760197162628 
vn 0.9175706505775452 -0.11302289366722107 -0.3811691105365753 
vn 0.945521354675293 -0.22437995672225952 -0.23588760197162628 
vn 0.9175706505775452 -0.11302289366722107 -0.3811691105365753 
vn 0.7573239803314209 0.12033063918352127 -0.641857385635376 
vn 0.7573239803314209 0.12033063918352127 -0.641857385635376 
vn 0.7573239803314209 0.12033063918352127 -0.641857385635376 
vn 0.6240074038505554 0.24364852905273438 -0.7424622178077698 
vn 0.6240074038505554 0.24364852905273438 -0.7424622178077698 
vn 0.7573239803314209 0.12033063918352127 -0.641857385635376 
vn 0.6240074038505554 0.24364852905273438 -0.7424622178077698 
vn 0.6240074038505554 0.24364852905273438 -0.7424622178077698 
vn -0.31695756316185 -0.789874255657196 -0.5250110030174255 
vn -0.31695756316185 -0.789874255657196 -0.5250110030174255 
vn -0.31695756316185 -0.789874255657196 -0.5250110030174255 
vn -0.31695756316185 -0.789874255657196 -0.5250110030174255 
vn -0.31695756316185 -0.789874255657196 -0.5250110030174255 
vn -0.31695756316185 -0.789874255657196 -0.5250110030174255 
vn -0.31695756316185 -0.789874255657196 -0.5250110030174255 
vn 0.41062942147254944 -0.6132779717445374 0.67473965883255 
vn 0.41062942147254944 -0.6132779717445374 0.67473965883255 
vn 0.41062942147254944 -0.6132779717445374 0.67473965883255 
vn 0.41062942147254944 -0.6132779717445374 0.67473965883255 
vn 0.41062942147254944 -0.6132779717445374 0.67473965883255 
vn 0.41062942147254944 -0.6132779717445374 0.67473965883255 
vn 0.41062942147254944 -0.6132779717445374 0.67473965883255 
vn 0.41062942147254944 -0.6132779717445374 0.67473965883255 
vn 0.5608691573143005 -0.6048693060874939 0.5652954578399658 
vn 0.5608691573143005 -0.6048693060874939 0.5652954578399658 
vn 0.6949287056922913 -0.5710757970809937 0.43697428703308105 
vn 0.5608691573143005 -0.6048693060874939 0.5652954578399658 
vn 0.6949287056922913 -0.5710757970809937 0.43697428703308105 
vn 0.5608691573143005 -0.6048693060874939 0.5652954578399658 
vn 0.6949287056922913 -0.5710757970809937 0.43697428703308105 
vn 0.6949287056922913 -0.5710757970809937 0.43697428703308105 
vn 0.41062942147254944 -0.6132779717445374 0.67473965883255 
vn -0.03397455811500549 0.7853595018386841 -0.6181069612503052 
vn -0.1756393015384674 0.46476247906684875 -0.8678402304649353 
vn -0.3042897880077362 0.5119271278381348 -0.8033295273780823 
vn -0.21470576524734497 0.33662986755371094 -0.916832447052002 
vn -0.33959898352622986 0.4076584279537201 -0.8476362228393555 
vn -0.4369601607322693 0.5410023331642151 -0.7185974717140198 
vn -0.19258014857769012 0.7758658528327942 -0.6007870435714722 
vn 0.31828197836875916 0.7893415093421936 0.5250110030174255 
vn 0.5164492130279541 -0.7839519381523132 0.34452807903289795 
vn 0.5723201036453247 -0.22887550294399261 -0.7874425053596497 
vn 0.4683450162410736 -0.1414542943239212 -0.872148871421814 
vn 0.5801748633384705 0.037789810448884964 -0.8136147856712341 
vn -0.5757678151130676 0.1890603005886078 0.7954543828964233 
vn -0.30952733755111694 0.4708673059940338 0.8261215686798096 
vn -0.35233789682388306 0.5099395513534546 0.7847417593002319 
vn -0.2606515884399414 0.8608798980712891 -0.43697428703308105 
vn 0.34869417548179626 -0.7420757412910461 0.5724822878837585 
vn -0.31695756316185 -0.789874255657196 -0.5250110030174255 
vn -0.31695756316185 -0.789874255657196 -0.5250110030174255 
vn -0.31695756316185 -0.789874255657196 -0.5250110030174255 
vn -0.33959898352622986 0.4076584279537201 -0.8476362228393555 
vn 0.4929714500904083 -0.28751668334007263 0.8211658596992493 
vn 0.45940086245536804 -0.45540183782577515 0.762600839138031 
vn 0.6056172847747803 -0.1856812834739685 0.7737894654273987 
vn 0.07352560013532639 0.8945395350456238 0.4409002661705017 
vn 0.6870230436325073 0.49448898434638977 0.5324283838272095 
vn 0.29151636362075806 -0.610301673412323 0.736579954624176 
vn 0.41062942147254944 -0.6132779717445374 0.67473965883255 
vn -0.6080321669578552 -0.256956547498703 0.7511792182922363 
vn -0.6080321669578552 -0.256956547498703 0.7511792182922363 
vn -0.750408411026001 -0.1276361644268036 0.6485338807106018 
vn -0.2093401998281479 0.597851574420929 -0.7737894654273987 
vn -0.2093401998281479 0.597851574420929 -0.7737894654273987 
vn -0.2093401998281479 0.597851574420929 -0.7737894654273987 
vn 0.41062942147254944 -0.6132779717445374 0.67473965883255 
vn 0.41062942147254944 -0.6132779717445374 0.67473965883255 
vn 0.5608691573143005 -0.6048693060874939 0.5652954578399658 
vn 0.35537806153297424 0.8936887979507446 0.27391019463539124 
vn 0.25390365719795227 0.9670296907424927 0.01966099627315998 
vn -0.31695756316185 -0.789874255657196 -0.5250110030174255 
vn -0.1807163953781128 0.5928928852081299 -0.7847417593002319 
vn 0.05848824605345726 0.5347759127616882 -0.8429672718048096 
vn 0.05848824605345726 0.5347759127616882 -0.8429672718048096 
vn -0.31695756316185 -0.789874255657196 -0.5250110030174255 
vn 0.8556508421897888 0 -0.5175535082817078 
vn 0.8556508421897888 0 -0.5175535082817078 
vn 0.6634604930877686 0.20841765403747559 -0.7185974717140198 
vn -0.5955604314804077 0.5982316732406616 -0.5361219048500061 
vn -0.5955604314804077 0.5982316732406616 -0.5361219048500061 
vn -0.5955604314804077 0.5982316732406616 -0.5361219048500061 
vn 0.41062942147254944 -0.6132779717445374 0.67473965883255 
vn 0.41062942147254944 -0.6132779717445374 0.67473965883255 
vn 0.41062942147254944 -0.6132779717445374 0.67473965883255 
vt 0.7517087459564209 0.3095039129257202 
vt 0.8696428537368774 0.3095039129257202 
vt 0.7518308162689209 0.3272036910057068 
vt 0.879653811454773 0.3272036910057068 
vt 0.879653811454773 0.640776515007019 
vt 0.8918623328208923 0.6369495391845703 
vt 0.8856359720230103 0.6542905569076538 
vt 0.8873451948165894 0.31452682614326477 
vt 0.8918623328208923 0.3310306668281555 
vt 0.6326758861541748 0.18237656354904175 
vt 0.6497677564620972 0.18237656354904175 
vt 0.6291354298591614 0.19923917949199677 
vt 0.6465935707092285 0.19923917949199677 
vt 0.6291354298591614 0.27673545479774475 
vt 0.6465935707092285 0.27673545479774475 
vt 0.6334083676338196 0.28618329763412476 
vt 0.6505002975463867 0.28618329763412476 
vt 0.9710955023765564 0.19923917949199677 
vt 0.9710955023765564 0.27673545479774475 
vt 0.9671887755393982 0.28618329763412476 
vt 0.9894082546234131 0.27673545479774475 
vt 0.9851352572441101 0.28618329763412476 
vt 0.9894082546234131 0.19923917949199677 
vt 0.967921257019043 0.18237656354904175 
vt 0.6590462327003479 0.26214510202407837 
vt 0.6647841930389404 0.26214510202407837 
vt 0.6627087593078613 0.26884230971336365 
vt 0.6683247089385986 0.26884230971336365 
vt 0.709833562374115 0.26214510202407837 
vt 0.709833562374115 0.20701272785663605 
vt 0.7600105404853821 0.20701272785663605 
vt 0.7117869257926941 0.1951730102300644 
vt 0.7609872221946716 0.1951730102300644 
vt 0.7600105404853821 0.26214510202407837 
vt 0.7122752666473389 0.26884230971336365 
vt 0.26361289620399475 0.6923211216926575 
vt 0.016024531796574593 0.6831124424934387 
vt 0.26361289620399475 0.6831124424934387 
vt 0.016024531796574593 0.6745017766952515 
vt 0.26361289620399475 0.6745017766952515 
vt 0.003083521034568548 0.6831124424934387 
vt 0.003083521034568548 0.6745017766952515 
vt 0.003083521034568548 0.6923211216926575 
vt 0.016024531796574593 0.6923211216926575 
vt 0.003083521034568548 0.7887130975723267 
vt 0.016024531796574593 0.7887130975723267 
vt 0.26361289620399475 0.7887130975723267 
vt 0.6719872355461121 0.11337140202522278 
vt 0.6719872355461121 0.0283407811075449 
vt 0.6719872355461121 0.08084210753440857 
vt 0.8339940309524536 0.08096170425415039 
vt 0.8339940309524536 0.0283407811075449 
vt 0.9791530966758728 0.11337140202522278 
vt 0.8339940309524536 0.11337140202522278 
vt 0.967799186706543 0.12365639954805374 
vt 0.8275235295295715 0.009923459962010384 
vt 0.9698746204376221 0.009923459962010384 
vt 0.9791530966758728 0.0283407811075449 
vt 0.9996633529663086 0.0283407811075449 
vt 0.9996633529663086 0.11337140202522278 
vt 0.987821102142334 0.12365639954805374 
vt 0.6091134548187256 0.4641376733779907 
vt 0.6091134548187256 0.3051985800266266 
vt 0.7518308162689209 0.4641376733779907 
vt 0.7518308162689209 0.3051985800266266 
vt 0.7518308162689209 0.4641376733779907 
vt 0.7518308162689209 0.640776515007019 
vt 0.6091134548187256 0.4641376733779907 
vt 0.6091134548187256 0.640776515007019 
vt 0.6091134548187256 0.3272036910057068 
vt 0.03384894132614136 0.3272036910057068 
vt 0.6092355251312256 0.3095039129257202 
vt 0.04385991021990776 0.3095039129257202 
vt 0.8696428537368774 0.6594330668449402 
vt 0.744871973991394 0.6594330668449402 
vt 0.6059392690658569 0.6594330668449402 
vt 0.03384894132614136 0.640776515007019 
vt 0.04385991021990776 0.6594330668449402 
vt 0.028233030810952187 0.6535729765892029 
vt 0.02371588535606861 0.6369495391845703 
vt 0.02371588535606861 0.3310306668281555 
vt 0.009309856221079826 0.009923459962010384 
vt 0.028233030810952187 0.009923459962010384 
vt -0.00033485901076346636 0.0283407811075449 
vt 0.018954571336507797 0.0283407811075449 
vt -0.00033485901076346636 0.11337140202522278 
vt 0.018954571336507797 0.11337140202522278 
vt 0.011507386341691017 0.12365639954805374 
vt 0.030430560931563377 0.12365639954805374 
vt 0.6719872355461121 0.11337140202522278 
vt 0.6721093058586121 0.12365639954805374 
vt 0.6719872355461121 0.0283407811075449 
vt 0.6690571904182434 0.009923459962010384 
vt 0.014559511095285416 0.8607080578804016 
vt 0.06058555468916893 0.8607080578804016 
vt 0.06058555468916893 0.8686012029647827 
vt 0.11173917353153229 0.8686012029647827 
vt 0.11173917353153229 0.9812577962875366 
vt 0.3185511529445648 0.9812577962875366 
vt 0.11173917353153229 0.9895097017288208 
vt 0.3185511529445648 0.9895097017288208 
vt 0.06058555468916893 0.9812577962875366 
vt 0.014559511095285416 0.8686012029647827 
vt 0.014559511095285416 0.8607080578804016 
vt 0.008089005947113037 0.8625019788742065 
vt 0.014559511095285416 0.9812577962875366 
vt 0.006379816215485334 0.8686012029647827 
vt 0.014559511095285416 0.9895097017288208 
vt 0.008699431084096432 0.9875962138175964 
vt 0.006379816215485334 0.9812577962875366 
vt 0.06058555468916893 0.9895097017288208 
vt 0.6091134548187256 0.4641376733779907 
vt 0.6091134548187256 0.3272036910057068 
vt 0.6091134548187256 0.4641376733779907 
vt 0.6091134548187256 0.3051985800266266 
vt 0.6091134548187256 0.3051985800266266 
vt 0.6092355251312256 0.3095039129257202 
vt 0.9643808007240295 0.26884230971336365 
vt 0.958886981010437 0.26884230971336365 
vt 0.9680433869361877 0.26214510202407837 
vt 0.9624274373054504 0.26214510202407837 
vt 0.9680433869361877 0.20701272785663605 
vt 0.9624274373054504 0.20701272785663605 
vt 0.9651133418083191 0.1951730102300644 
vt 0.9596195220947266 0.1951730102300644 
vt 0.7611092925071716 0.26884230971336365 
vt 0.7600105404853821 0.20701272785663605 
vt 0.7609872221946716 0.1951730102300644 
vt 0.5063179135322571 0.8121532797813416 
vt 0.5112012624740601 0.8121532797813416 
vt 0.5112012624740601 0.822677493095398 
vt 0.8164138197898865 0.822677493095398 
vt 0.8164138197898865 0.9334205985069275 
vt 0.8211750984191895 0.9334205985069275 
vt 0.8211750984191895 0.9417921304702759 
vt 0.8164138197898865 0.8121532797813416 
vt 0.8211750984191895 0.822677493095398 
vt 0.9834260940551758 0.8976622819900513 
vt 0.9834260940551758 0.9060338139533997 
vt 0.991849958896637 0.9041203260421753 
vt 0.8211750984191895 0.8121532797813416 
vt 0.9834260940551758 0.822677493095398 
vt 0.9946578741073608 0.8976622819900513 
vt 0.9834260940551758 0.8121532797813416 
vt 0.9946578741073608 0.822677493095398 
vt 0.5112012624740601 0.9334205985069275 
vt 0.8164138197898865 0.9417921304702759 
vt 0.5112012624740601 0.9417921304702759 
vt 0.8164138197898865 0.9462170600891113 
vt 0.7518308162689209 0.4641376733779907 
vt 0.7518308162689209 0.3051985800266266 
vt 0.7518308162689209 0.4641376733779907 
vt 0.7518308162689209 0.3272036910057068 
vt 0.7518308162689209 0.3051985800266266 
vt 0.7517087459564209 0.3095039129257202 
vt 0.6091134548187256 0.4641376733779907 
vt 0.7518308162689209 0.4641376733779907 
vt 0.6091134548187256 0.4641376733779907 
vt 0.7518308162689209 0.4641376733779907 
vt 0.39461010694503784 0.14267168939113617 
vt 0.39802849292755127 0.14267168939113617 
vt 0.39461010694503784 0.14482437074184418 
vt 0.39802849292755127 0.14482437074184418 
vt 0.39461010694503784 0.1470966339111328 
vt 0.39802849292755127 0.1470966339111328 
vt 0.39461010694503784 0.1711348295211792 
vt 0.39802849292755127 0.1711348295211792 
vt 0.4577280580997467 0.14267168939113617 
vt 0.4577280580997467 0.14482437074184418 
vt 0.4577280580997467 0.1470966339111328 
vt 0.4595593214035034 0.14267168939113617 
vt 0.4595593214035034 0.14482437074184418 
vt 0.4595593214035034 0.1470966339111328 
vt 0.4595593214035034 0.1711348295211792 
vt 0.4577280580997467 0.1711348295211792 
vt 0.8927169442176819 0.44488319754600525 
vt 0.899553656578064 0.44488319754600525 
vt 0.8927169442176819 0.45110204815864563 
vt 0.899553656578064 0.45110204815864563 
vt 0.8927169442176819 0.4576796591281891 
vt 0.899553656578064 0.4576796591281891 
vt 0.8927169442176819 0.5278807282447815 
vt 0.899553656578064 0.5278807282447815 
vt 0.9828156232833862 0.44488319754600525 
vt 0.9828156232833862 0.45110204815864563 
vt 0.9828156232833862 0.4576796591281891 
vt 0.9828156232833862 0.5278807282447815 
vt 0.9917278289794922 0.44488319754600525 
vt 0.9917278289794922 0.45110204815864563 
vt 0.9917278289794922 0.4576796591281891 
vt 0.34003812074661255 0.8146647810935974 
vt 0.3490723967552185 0.8121532797813416 
vt 0.33637556433677673 0.822677493095398 
vt 0.3490723967552185 0.822677493095398 
vt 0.33637556433677673 0.8976622819900513 
vt 0.3490723967552185 0.8976622819900513 
vt 0.34040436148643494 0.9038811326026917 
vt 0.3490723967552185 0.9060338139533997 
vt 0.5063179135322571 0.9334205985069275 
vt 0.5063179135322571 0.9417921304702759 
vt 0.5063179135322571 0.822677493095398 
vt 0.5063179135322571 0.8121532797813416 
vt 0.5112012624740601 0.822677493095398 
vt 0.5112012624740601 0.9334205985069275 
vt 0.11979678273200989 0.26561328768730164 
vt 0.12260473519563675 0.26561328768730164 
vt 0.12101762741804123 0.2671680152416229 
vt 0.12260473519563675 0.2681247591972351 
vt 0.30768558382987976 0.26561328768730164 
vt 0.30768558382987976 0.26298224925994873 
vt 0.3107377290725708 0.26298224925994873 
vt 0.30768558382987976 0.2579593360424042 
vt 0.12260473519563675 0.2579593360424042 
vt 0.12260473519563675 0.19074808061122894 
vt 0.11979678273200989 0.19074808061122894 
vt 0.11979678273200989 0.2579593360424042 
vt 0.021396271884441376 0.19074808061122894 
vt 0.021396271884441376 0.23619341850280762 
vt 0.014559511095285416 0.19074808061122894 
vt 0.014559511095285416 0.23619341850280762 
vt 0.12260473519563675 0.26298224925994873 
vt 0.11979678273200989 0.26298224925994873 
vt 0.021396271884441376 0.2413359135389328 
vt 0.01626870036125183 0.24013999104499817 
vt 0.30768558382987976 0.26298224925994873 
vt 0.12260473519563675 0.26561328768730164 
vt 0.11979678273200989 0.26561328768730164 
vt 0.8211750984191895 0.9417921304702759 
vt 0.8211750984191895 0.9462170600891113 
vt 0.8164138197898865 0.9462170600891113 
vt 0.8189775943756104 0.9487285017967224 
vt 0.8164138197898865 0.9501636028289795 
vt 0.021396271884441376 0.18440964818000793 
vt 0.01626870036125183 0.18644273281097412 
vt 0.021396271884441376 0.18440964818000793 
vt 0.11979678273200989 0.18440964818000793 
vt 0.7405989766120911 0.7887130975723267 
vt 0.7364481091499329 0.7887130975723267 
vt 0.7405989766120911 0.6923211216926575 
vt 0.7364481091499329 0.6923211216926575 
vt 0.7364481091499329 0.6831124424934387 
vt 0.2708159387111664 0.6831124424934387 
vt 0.2708159387111664 0.6745017766952515 
vt 0.2667871117591858 0.6745017766952515 
vt 0.2708159387111664 0.7887130975723267 
vt 0.2708159387111664 0.6923211216926575 
vt 0.2667871117591858 0.6831124424934387 
vt 0.2667871117591858 0.6923211216926575 
vt 0.7405989766120911 0.6745017766952515 
vt 0.7405989766120911 0.6831124424934387 
vt 0.7364481091499329 0.6745017766952515 
vt 0.5112012624740601 0.9417921304702759 
vt 0.5063179135322571 0.9462170600891113 
vt 0.5112012624740601 0.9462170600891113 
vt 0.8164138197898865 0.9501636028289795 
vt 0.5112012624740601 0.9501636028289795 
vt 0.5085154175758362 0.9490872621536255 
vt 0.7405989766120911 0.7887130975723267 
vt 0.7405989766120911 0.6923211216926575 
vt 0.7438952922821045 0.7887130975723267 
vt 0.7438952922821045 0.6923211216926575 
vt 0.7438952922821045 0.7887130975723267 
vt 0.7438952922821045 0.6923211216926575 
vt 0.7405989766120911 0.6831124424934387 
vt 0.7438952922821045 0.6831124424934387 
vt 0.7438952922821045 0.6831124424934387 
vt 0.7405989766120911 0.6745017766952515 
vt 0.7438952922821045 0.6745017766952515 
vt 0.7438952922821045 0.6745017766952515 
vt 0.3093947768211365 0.2674071788787842 
vt 0.30768558382987976 0.2681247591972351 
vt 0.3107377290725708 0.26561328768730164 
vt 0.3107377290725708 0.26298224925994873 
vt 0.11979678273200989 0.18440964818000793 
vt 0.12260473519563675 0.18440964818000793 
vt 0.30768558382987976 0.19074808061122894 
vt 0.30768558382987976 0.2579593360424042 
vt 0.26361289620399475 0.7887130975723267 
vt 0.26361289620399475 0.6923211216926575 
vt 0.26361289620399475 0.7887130975723267 
vt 0.26361289620399475 0.6923211216926575 
vt 0.2667871117591858 0.7887130975723267 
vt 0.2667871117591858 0.6923211216926575 
vt 0.26361289620399475 0.6831124424934387 
vt 0.26361289620399475 0.6831124424934387 
vt 0.2667871117591858 0.6831124424934387 
vt 0.26361289620399475 0.6745017766952515 
vt 0.2667871117591858 0.6745017766952515 
vt 0.9968554377555847 0.7887130975723267 
vt 0.9837923049926758 0.7887130975723267 
vt 0.9968554377555847 0.6923211216926575 
vt 0.9837923049926758 0.6923211216926575 
vt 0.9968554377555847 0.6831124424934387 
vt 0.9837923049926758 0.6831124424934387 
vt 0.9968554377555847 0.6745017766952515 
vt 0.9837923049926758 0.6745017766952515 
vt 0.7438952922821045 0.7887130975723267 
vt 0.7438952922821045 0.6923211216926575 
vt 0.7438952922821045 0.6831124424934387 
vt 0.9851352572441101 0.18237656354904175 
vt 0.967921257019043 0.18237656354904175 
vt 0.9886757135391235 0.19923917949199677 
vt 0.9710955023765564 0.19923917949199677 
vt 0.9886757135391235 0.27673545479774475 
vt 0.9710955023765564 0.27673545479774475 
vt 0.9842806458473206 0.28618329763412476 
vt 0.9671887755393982 0.28618329763412476 
vt 0.6497677564620972 0.18237656354904175 
vt 0.6465935707092285 0.19923917949199677 
vt 0.6465935707092285 0.27673545479774475 
vt 0.6505002975463867 0.28618329763412476 
vt 0.6318212747573853 0.18237656354904175 
vt 0.6282808184623718 0.19923917949199677 
vt 0.6282808184623718 0.27673545479774475 
vt 0.4112136662006378 0.24002039432525635 
vt 0.40608611702919006 0.2413359135389328 
vt 0.4137774705886841 0.23619341850280762 
vt 0.40608611702919006 0.23619341850280762 
vt 0.4137774705886841 0.19074808061122894 
vt 0.40608611702919006 0.19074808061122894 
vt 0.4115799367427826 0.1858447641134262 
vt 0.40608611702919006 0.18440964818000793 
vt 0.3107377290725708 0.26298224925994873 
vt 0.3107377290725708 0.2579593360424042 
vt 0.3107377290725708 0.19074808061122894 
vt 0.3107377290725708 0.18440964818000793 
vt 0.30768558382987976 0.2579593360424042 
vt 0.30768558382987976 0.18440964818000793 
vt 0.8925948143005371 0.5297942161560059 
vt 0.9005303382873535 0.5297942161560059 
vt 0.8925948143005371 0.5360130667686462 
vt 0.9005303382873535 0.5360130667686462 
vt 0.8925948143005371 0.5427103042602539 
vt 0.9005303382873535 0.5427103042602539 
vt 0.8925948143005371 0.6135093569755554 
vt 0.9005303382873535 0.6135093569755554 
vt 0.9844027757644653 0.5427103042602539 
vt 0.9844027757644653 0.6135093569755554 
vt 0.9844027757644653 0.5360130667686462 
vt 0.9916057586669922 0.5427103042602539 
vt 0.9916057586669922 0.6135093569755554 
vt 0.9844027757644653 0.5297942161560059 
vt 0.9916057586669922 0.5297942161560059 
vt 0.9916057586669922 0.5360130667686462 
vt 0.32428914308547974 0.9873570203781128 
vt 0.32599833607673645 0.9812577962875366 
vt 0.32599833607673645 0.8686012029647827 
vt 0.3185511529445648 0.8686012029647827 
vt 0.3246554136276245 0.8622627854347229 
vt 0.3185511529445648 0.8607080578804016 
vt 0.11173917353153229 0.8607080578804016 
vt 0.5755400657653809 0.14267168939113617 
vt 0.5755400657653809 0.14482437074184418 
vt 0.4595593214035034 0.14482437074184418 
vt 0.5755400657653809 0.1470966339111328 
vt 0.5755400657653809 0.1711348295211792 
vt 0.57724928855896 0.1470966339111328 
vt 0.57724928855896 0.1711348295211792 
vt 0.57724928855896 0.14482437074184418 
vt 0.6389021873474121 0.1470966339111328 
vt 0.6389021873474121 0.1711348295211792 
vt 0.6420764327049255 0.1711348295211792 
vt 0.6389021873474121 0.14482437074184418 
vt 0.6420764327049255 0.1470966339111328 
vt 0.6389021873474121 0.14267168939113617 
vt 0.6420764327049255 0.14267168939113617 
vt 0.6420764327049255 0.14482437074184418 
vt 0.57724928855896 0.14267168939113617 
vt 0.6590462327003479 0.26214510202407837 
vt 0.6590462327003479 0.20701272785663605 
vt 0.6647841930389404 0.20701272785663605 
vt 0.6620983481407166 0.1951730102300644 
vt 0.6677142381668091 0.1951730102300644 
vt 0.709833562374115 0.20701272785663605 
vt 0.6647841930389404 0.26214510202407837 
vt 0.027256350964307785 0.3136896789073944 
vt 0.9900186657905579 0.009923459962010384 
vt 0.967921257019043 0.18237656354904175 
vt 0.9858677983283997 0.18237656354904175 
vt 0.9894082546234131 0.19923917949199677 
vt 0.6282808184623718 0.27673545479774475 
vt 0.6326758861541748 0.28618329763412476 
vt 0.6505002975463867 0.28618329763412476 
vt 0.7611092925071716 0.26884230971336365 
vt 0.6690571904182434 0.009923459962010384 
vt 0.11173917353153229 0.9895097017288208 
vt 0.06058555468916893 0.9895097017288208 
vt 0.11173917353153229 0.8607080578804016 
vt 0.6677142381668091 0.1951730102300644 
vt 0.8338719606399536 0.12365639954805374 
vt 0.8339940309524536 0.11337140202522278 
vt 0.967799186706543 0.12365639954805374 
vt 0.5063179135322571 0.9334205985069275 
vt 0.991849958896637 0.8156214952468872 
vt 0.39802849292755127 0.1711348295211792 
vt 0.5755400657653809 0.1711348295211792 
vt 0.9917278289794922 0.4576796591281891 
vt 0.9917278289794922 0.5278807282447815 
vt 0.9828156232833862 0.5278807282447815 
vt 0.26361289620399475 0.6923211216926575 
vt 0.016024531796574593 0.6923211216926575 
vt 0.016024531796574593 0.6831124424934387 
vt 0.57724928855896 0.1711348295211792 
vt 0.57724928855896 0.1470966339111328 
vt 0.6389021873474121 0.1711348295211792 
vt 0.8211750984191895 0.9334205985069275 
vt 0.9834260940551758 0.9060338139533997 
vt 0.12260473519563675 0.2681247591972351 
vt 0.2708159387111664 0.7887130975723267 
vt 0.2667871117591858 0.7887130975723267 
vt 0.2667871117591858 0.6923211216926575 
vt 0.30768558382987976 0.18440964818000793 
vt 0.26361289620399475 0.6831124424934387 
vt 0.26361289620399475 0.6745017766952515 
vt 0.26361289620399475 0.6745017766952515 
vt 0.7438952922821045 0.6831124424934387 
vt 0.7438952922821045 0.6745017766952515 
vt 0.9837923049926758 0.6745017766952515 
vt 0.4595593214035034 0.14482437074184418 
vt 0.4595593214035034 0.14267168939113617 
vt 0.5755400657653809 0.14267168939113617 
s on 
f 1/1/1 2/2/2 3/3/3 
f 2/2/2 4/4/4 3/3/3 
f 3/3/3 4/4/4 5/5/5 
f 4/4/4 6/6/6 5/5/5 
f 5/5/5 6/6/6 7/7/7 
f 6/6/6 7/7/7 7/7/7 
f 7/7/7 7/7/7 2/2/2 
f 7/7/7 2/2/2 2/2/2 
f 2/2/2 2/2/2 2/2/2 
f 2/2/2 8/8/8 2/2/2 
f 2/2/2 8/8/8 4/4/4 
f 8/8/8 9/9/9 4/4/4 
f 4/4/4 9/9/9 6/6/6 
f 9/9/9 6/6/6 6/6/6 
f 6/6/6 6/6/6 10/10/10 
f 6/6/6 10/10/10 10/10/10 
f 10/10/10 10/10/10 10/10/10 
f 10/10/10 11/11/11 10/10/10 
f 10/10/10 11/11/11 12/12/12 
f 11/11/11 13/13/13 12/12/12 
f 12/12/12 13/13/13 14/14/14 
f 13/13/13 15/15/15 14/14/14 
f 14/14/14 15/15/15 16/16/16 
f 15/15/15 17/17/17 16/16/16 
f 16/16/16 17/17/17 17/17/17 
f 17/17/17 11/11/11 17/17/17 
f 17/17/17 11/11/11 11/11/11 
f 11/11/11 18/18/18 11/11/11 
f 11/11/11 18/18/18 13/13/13 
f 18/18/18 19/19/19 13/13/13 
f 13/13/13 19/19/19 15/15/15 
f 19/19/19 20/20/20 15/15/15 
f 15/15/15 20/20/20 17/17/17 
f 20/20/20 17/17/17 17/17/17 
f 17/17/17 17/17/17 18/18/18 
f 17/17/17 18/18/18 18/18/18 
f 18/18/18 18/18/18 18/18/18 
f 18/18/18 21/21/21 18/18/18 
f 18/18/18 21/21/21 19/19/19 
f 21/21/21 22/22/22 19/19/19 
f 19/19/19 22/22/22 20/20/20 
f 22/22/22 20/20/20 20/20/20 
f 20/20/20 20/20/20 21/21/21 
f 20/20/20 21/21/21 21/21/21 
f 21/21/21 21/21/21 21/21/21 
f 21/21/21 18/18/18 21/21/21 
f 21/21/21 18/18/18 23/23/23 
f 18/18/18 24/24/24 23/23/23 
f 23/23/23 24/24/24 24/24/24 
f 24/24/24 25/25/25 24/24/24 
f 24/24/24 25/25/25 25/25/25 
f 25/25/25 26/26/26 25/25/25 
f 25/25/25 26/26/26 27/27/27 
f 26/26/26 28/28/28 27/27/27 
f 27/27/27 28/28/28 28/28/28 
f 28/28/28 26/26/26 28/28/28 
f 28/28/28 26/26/26 29/29/29 
f 26/26/26 30/30/30 29/29/29 
f 29/29/29 30/30/30 31/31/31 
f 30/30/30 32/32/32 31/31/31 
f 31/31/31 32/32/32 33/33/33 
f 32/32/32 33/33/33 33/33/33 
f 33/33/33 33/33/33 31/31/31 
f 33/33/33 31/31/31 31/31/31 
f 31/31/31 31/31/31 31/31/31 
f 31/31/31 34/34/34 31/31/31 
f 31/31/31 34/34/34 29/29/29 
f 34/34/34 35/35/35 29/29/29 
f 29/29/29 35/35/35 28/28/28 
f 35/35/35 28/28/28 28/28/28 
f 28/28/28 28/28/28 36/36/36 
f 28/28/28 36/36/36 36/36/36 
f 36/36/36 36/36/36 36/36/36 
f 36/36/36 37/37/37 36/36/36 
f 36/36/36 37/37/37 38/38/38 
f 37/37/37 39/39/39 38/38/38 
f 38/38/38 39/39/39 40/40/40 
f 39/39/39 40/40/40 40/40/40 
f 40/40/40 40/40/40 37/37/37 
f 40/40/40 37/37/37 37/37/37 
f 37/37/37 37/37/37 37/37/37 
f 37/37/37 41/41/41 37/37/37 
f 37/37/37 41/41/41 39/39/39 
f 41/41/41 42/42/42 39/39/39 
f 39/39/39 42/42/42 42/42/42 
f 42/42/42 41/41/41 42/42/42 
f 42/42/42 41/41/41 41/41/41 
f 41/41/41 37/37/37 41/41/41 
f 41/41/41 37/37/37 43/43/43 
f 37/37/37 44/44/44 43/43/43 
f 43/43/43 44/44/44 45/45/45 
f 44/44/44 46/46/46 45/45/45 
f 45/45/45 46/46/46 46/46/46 
f 46/46/46 44/44/44 46/46/46 
f 46/46/46 44/44/44 44/44/44 
f 44/44/44 36/36/36 44/44/44 
f 44/44/44 36/36/36 46/46/46 
f 36/36/36 47/47/47 46/46/46 
f 46/46/46 47/47/47 47/47/47 
f 47/47/47 48/48/48 47/47/47 
f 47/47/47 48/48/48 48/48/48 
f 48/48/48 49/49/49 48/48/48 
f 48/48/48 49/49/49 50/50/50 
f 49/49/49 51/51/51 50/50/50 
f 50/50/50 51/51/51 51/51/51 
f 51/51/51 49/49/49 51/51/51 
f 51/51/51 49/49/49 49/49/49 
f 49/49/49 52/52/52 49/49/49 
f 49/49/49 52/52/52 51/51/51 
f 52/52/52 53/53/53 51/51/51 
f 51/51/51 53/53/53 54/54/54 
f 53/53/53 55/55/55 54/54/54 
f 54/54/54 55/55/55 55/55/55 
f 55/55/55 49/49/49 55/55/55 
f 55/55/55 49/49/49 49/49/49 
f 49/49/49 56/56/56 49/49/49 
f 49/49/49 56/56/56 52/52/52 
f 56/56/56 57/57/57 52/52/52 
f 52/52/52 57/57/57 58/58/58 
f 57/57/57 59/59/59 58/58/58 
f 58/58/58 59/59/59 60/60/60 
f 59/59/59 60/60/60 60/60/60 
f 60/60/60 60/60/60 52/52/52 
f 60/60/60 52/52/52 52/52/52 
f 52/52/52 52/52/52 52/52/52 
f 52/52/52 58/58/58 52/52/52 
f 52/52/52 58/58/58 53/53/53 
f 58/58/58 60/60/60 53/53/53 
f 53/53/53 60/60/60 61/61/61 
f 60/60/60 61/61/61 61/61/61 
f 61/61/61 61/61/61 62/62/62 
f 61/61/61 62/62/62 62/62/62 
f 62/62/62 62/62/62 62/62/62 
f 62/62/62 63/63/63 62/62/62 
f 62/62/62 63/63/63 64/64/64 
f 63/63/63 65/65/65 64/64/64 
f 64/64/64 65/65/65 65/65/65 
f 65/65/65 3/3/3 65/65/65 
f 65/65/65 3/3/3 3/3/3 
f 3/3/3 5/5/5 3/3/3 
f 3/3/3 5/5/5 66/66/66 
f 5/5/5 67/67/67 66/66/66 
f 66/66/66 67/67/67 68/68/68 
f 67/67/67 69/69/69 68/68/68 
f 68/68/68 69/69/69 70/70/70 
f 69/69/69 71/71/71 70/70/70 
f 70/70/70 71/71/71 72/72/72 
f 71/71/71 73/73/73 72/72/72 
f 72/72/72 73/73/73 73/73/73 
f 73/73/73 5/5/5 73/73/73 
f 73/73/73 5/5/5 5/5/5 
f 5/5/5 74/74/74 5/5/5 
f 5/5/5 74/74/74 67/67/67 
f 74/74/74 75/75/75 67/67/67 
f 67/67/67 75/75/75 69/69/69 
f 75/75/75 76/76/76 69/69/69 
f 69/69/69 76/76/76 77/77/77 
f 76/76/76 78/78/78 77/77/77 
f 77/77/77 78/78/78 79/79/79 
f 78/78/78 79/79/79 79/79/79 
f 79/79/79 79/79/79 79/79/79 
f 79/79/79 80/80/80 79/79/79 
f 79/79/79 80/80/80 77/77/77 
f 80/80/80 71/71/71 77/77/77 
f 77/77/77 71/71/71 69/69/69 
f 71/71/71 69/69/69 69/69/69 
f 69/69/69 69/69/69 80/80/80 
f 69/69/69 80/80/80 80/80/80 
f 80/80/80 80/80/80 80/80/80 
f 80/80/80 81/81/81 80/80/80 
f 80/80/80 81/81/81 71/71/71 
f 81/81/81 73/73/73 71/71/71 
f 71/71/71 73/73/73 73/73/73 
f 73/73/73 82/82/82 73/73/73 
f 73/73/73 82/82/82 82/82/82 
f 82/82/82 83/83/83 82/82/82 
f 82/82/82 83/83/83 84/84/84 
f 83/83/83 85/85/85 84/84/84 
f 84/84/84 85/85/85 86/86/86 
f 85/85/85 87/87/87 86/86/86 
f 86/86/86 87/87/87 88/88/88 
f 87/87/87 89/89/89 88/88/88 
f 88/88/88 89/89/89 89/89/89 
f 89/89/89 85/85/85 89/89/89 
f 89/89/89 85/85/85 85/85/85 
f 85/85/85 90/90/90 85/85/85 
f 85/85/85 90/90/90 87/87/87 
f 90/90/90 91/91/91 87/87/87 
f 87/87/87 91/91/91 89/89/89 
f 91/91/91 89/89/89 89/89/89 
f 89/89/89 89/89/89 90/90/90 
f 89/89/89 90/90/90 90/90/90 
f 90/90/90 90/90/90 90/90/90 
f 90/90/90 85/85/85 90/90/90 
f 90/90/90 85/85/85 92/92/92 
f 85/85/85 93/93/93 92/92/92 
f 92/92/92 93/93/93 93/93/93 
f 93/93/93 94/94/94 93/93/93 
f 93/93/93 94/94/94 94/94/94 
f 94/94/94 95/95/95 94/94/94 
f 94/94/94 95/95/95 96/96/96 
f 95/95/95 97/97/97 96/96/96 
f 96/96/96 97/97/97 98/98/98 
f 97/97/97 99/99/99 98/98/98 
f 98/98/98 99/99/99 100/100/100 
f 99/99/99 101/101/101 100/100/100 
f 100/100/100 101/101/101 101/101/101 
f 101/101/101 98/98/98 101/101/101 
f 101/101/101 98/98/98 98/98/98 
f 98/98/98 102/102/102 98/98/98 
f 98/98/98 102/102/102 96/96/96 
f 102/102/102 103/103/103 96/96/96 
f 96/96/96 103/103/103 104/104/104 
f 103/103/103 105/105/105 104/104/104 
f 104/104/104 105/105/105 105/105/105 
f 105/105/105 102/102/102 105/105/105 
f 105/105/105 102/102/102 102/102/102 
f 102/102/102 106/106/106 102/102/102 
f 102/102/102 106/106/106 103/103/103 
f 106/106/106 107/107/107 103/103/103 
f 103/103/103 107/107/107 105/105/105 
f 107/107/107 105/105/105 105/105/105 
f 105/105/105 105/105/105 102/102/102 
f 105/105/105 102/102/102 102/102/102 
f 102/102/102 102/102/102 102/102/102 
f 102/102/102 108/108/108 102/102/102 
f 102/102/102 108/108/108 106/106/106 
f 108/108/108 109/109/109 106/106/106 
f 106/106/106 109/109/109 110/110/110 
f 109/109/109 110/110/110 110/110/110 
f 110/110/110 110/110/110 108/108/108 
f 110/110/110 108/108/108 108/108/108 
f 108/108/108 108/108/108 108/108/108 
f 108/108/108 102/102/102 108/108/108 
f 108/108/108 102/102/102 111/111/111 
f 102/102/102 98/98/98 111/111/111 
f 111/111/111 98/98/98 98/98/98 
f 98/98/98 112/112/112 98/98/98 
f 98/98/98 112/112/112 112/112/112 
f 112/112/112 113/113/113 112/112/112 
f 112/112/112 113/113/113 114/114/114 
f 113/113/113 115/115/115 114/114/114 
f 114/114/114 115/115/115 115/115/115 
f 115/115/115 113/113/113 115/115/115 
f 115/115/115 113/113/113 116/116/116 
f 113/113/113 117/117/117 116/116/116 
f 116/116/116 117/117/117 117/117/117 
f 117/117/117 118/118/118 117/117/117 
f 117/117/117 118/118/118 118/118/118 
f 118/118/118 119/119/119 118/118/118 
f 118/118/118 119/119/119 120/120/120 
f 119/119/119 121/121/121 120/120/120 
f 120/120/120 121/121/121 122/122/122 
f 121/121/121 123/123/123 122/122/122 
f 122/122/122 123/123/123 124/124/124 
f 123/123/123 125/125/125 124/124/124 
f 124/124/124 125/125/125 125/125/125 
f 125/125/125 119/119/119 125/125/125 
f 125/125/125 119/119/119 119/119/119 
f 119/119/119 126/126/126 119/119/119 
f 119/119/119 126/126/126 121/121/121 
f 126/126/126 34/34/34 121/121/121 
f 121/121/121 34/34/34 123/123/123 
f 34/34/34 127/127/127 123/123/123 
f 123/123/123 127/127/127 128/128/128 
f 127/127/127 128/128/128 128/128/128 
f 128/128/128 128/128/128 129/129/129 
f 128/128/128 129/129/129 129/129/129 
f 129/129/129 129/129/129 129/129/129 
f 129/129/129 130/130/130 129/129/129 
f 129/129/129 130/130/130 131/131/131 
f 130/130/130 132/132/132 131/131/131 
f 131/131/131 132/132/132 133/133/133 
f 132/132/132 134/134/134 133/133/133 
f 133/133/133 134/134/134 135/135/135 
f 134/134/134 135/135/135 135/135/135 
f 135/135/135 135/135/135 130/130/130 
f 135/135/135 130/130/130 130/130/130 
f 130/130/130 130/130/130 130/130/130 
f 130/130/130 136/136/136 130/130/130 
f 130/130/130 136/136/136 132/132/132 
f 136/136/136 137/137/137 132/132/132 
f 132/132/132 137/137/137 134/134/134 
f 137/137/137 138/138/138 134/134/134 
f 134/134/134 138/138/138 139/139/139 
f 138/138/138 140/140/140 139/139/139 
f 139/139/139 140/140/140 140/140/140 
f 140/140/140 136/136/136 140/140/140 
f 140/140/140 136/136/136 136/136/136 
f 136/136/136 141/141/141 136/136/136 
f 136/136/136 141/141/141 137/137/137 
f 141/141/141 142/142/142 137/137/137 
f 137/137/137 142/142/142 138/138/138 
f 142/142/142 143/143/143 138/138/138 
f 138/138/138 143/143/143 140/140/140 
f 143/143/143 140/140/140 140/140/140 
f 140/140/140 140/140/140 141/141/141 
f 140/140/140 141/141/141 141/141/141 
f 141/141/141 141/141/141 141/141/141 
f 141/141/141 144/144/144 141/141/141 
f 141/141/141 144/144/144 142/142/142 
f 144/144/144 145/145/145 142/142/142 
f 142/142/142 145/145/145 143/143/143 
f 145/145/145 143/143/143 143/143/143 
f 143/143/143 143/143/143 131/131/131 
f 143/143/143 131/131/131 131/131/131 
f 131/131/131 131/131/131 131/131/131 
f 131/131/131 133/133/133 131/131/131 
f 131/131/131 133/133/133 146/146/146 
f 133/133/133 147/147/147 146/146/146 
f 146/146/146 147/147/147 148/148/148 
f 147/147/147 149/149/149 148/148/148 
f 148/148/148 149/149/149 149/149/149 
f 149/149/149 147/147/147 149/149/149 
f 149/149/149 147/147/147 135/135/135 
f 147/147/147 133/133/133 135/135/135 
f 135/135/135 133/133/133 133/133/133 
f 133/133/133 150/150/150 133/133/133 
f 133/133/133 150/150/150 150/150/150 
f 150/150/150 151/151/151 150/150/150 
f 150/150/150 151/151/151 152/152/152 
f 151/151/151 153/153/153 152/152/152 
f 152/152/152 153/153/153 153/153/153 
f 153/153/153 151/151/151 153/153/153 
f 153/153/153 151/151/151 151/151/151 
f 151/151/151 154/154/154 151/151/151 
f 151/151/151 154/154/154 153/153/153 
f 154/154/154 155/155/155 153/153/153 
f 153/153/153 155/155/155 155/155/155 
f 155/155/155 156/156/156 155/155/155 
f 155/155/155 156/156/156 156/156/156 
f 156/156/156 157/157/157 156/156/156 
f 156/156/156 157/157/157 158/158/158 
f 157/157/157 159/159/159 158/158/158 
f 158/158/158 159/159/159 159/159/159 
f 159/159/159 160/160/160 159/159/159 
f 159/159/159 160/160/160 160/160/160 
f 160/160/160 161/161/161 160/160/160 
f 160/160/160 161/161/161 162/162/162 
f 161/161/161 163/163/163 162/162/162 
f 162/162/162 163/163/163 164/164/164 
f 163/163/163 165/165/165 164/164/164 
f 164/164/164 165/165/165 166/166/166 
f 165/165/165 167/167/167 166/166/166 
f 166/166/166 167/167/167 167/167/167 
f 167/167/167 161/161/161 167/167/167 
f 167/167/167 161/161/161 161/161/161 
f 161/161/161 168/168/168 161/161/161 
f 161/161/161 168/168/168 163/163/163 
f 168/168/168 169/169/169 163/163/163 
f 163/163/163 169/169/169 165/165/165 
f 169/169/169 170/170/170 165/165/165 
f 165/165/165 170/170/170 167/167/167 
f 170/170/170 167/167/167 167/167/167 
f 167/167/167 167/167/167 168/168/168 
f 167/167/167 168/168/168 168/168/168 
f 168/168/168 168/168/168 168/168/168 
f 168/168/168 171/171/171 168/168/168 
f 168/168/168 171/171/171 169/169/169 
f 171/171/171 172/172/172 169/169/169 
f 169/169/169 172/172/172 173/173/173 
f 172/172/172 173/173/173 173/173/173 
f 173/173/173 173/173/173 169/169/169 
f 173/173/173 169/169/169 169/169/169 
f 169/169/169 169/169/169 169/169/169 
f 169/169/169 173/173/173 169/169/169 
f 169/169/169 173/173/173 170/170/170 
f 173/173/173 174/174/174 170/170/170 
f 170/170/170 174/174/174 175/175/175 
f 174/174/174 175/175/175 175/175/175 
f 175/175/175 175/175/175 176/176/176 
f 175/175/175 176/176/176 176/176/176 
f 176/176/176 176/176/176 176/176/176 
f 176/176/176 177/177/177 176/176/176 
f 176/176/176 177/177/177 178/178/178 
f 177/177/177 179/179/179 178/178/178 
f 178/178/178 179/179/179 180/180/180 
f 179/179/179 181/181/181 180/180/180 
f 180/180/180 181/181/181 182/182/182 
f 181/181/181 183/183/183 182/182/182 
f 182/182/182 183/183/183 183/183/183 
f 183/183/183 177/177/177 183/183/183 
f 183/183/183 177/177/177 177/177/177 
f 177/177/177 184/184/184 177/177/177 
f 177/177/177 184/184/184 179/179/179 
f 184/184/184 185/185/185 179/179/179 
f 179/179/179 185/185/185 181/181/181 
f 185/185/185 186/186/186 181/181/181 
f 181/181/181 186/186/186 183/183/183 
f 186/186/186 187/187/187 183/183/183 
f 183/183/183 187/187/187 187/187/187 
f 187/187/187 184/184/184 187/187/187 
f 187/187/187 184/184/184 184/184/184 
f 184/184/184 188/188/188 184/184/184 
f 184/184/184 188/188/188 185/185/185 
f 188/188/188 189/189/189 185/185/185 
f 185/185/185 189/189/189 186/186/186 
f 189/189/189 190/190/190 186/186/186 
f 186/186/186 190/190/190 187/187/187 
f 190/190/190 187/187/187 187/187/187 
f 187/187/187 187/187/187 191/191/191 
f 187/187/187 191/191/191 191/191/191 
f 191/191/191 191/191/191 191/191/191 
f 191/191/191 192/192/192 191/191/191 
f 191/191/191 192/192/192 193/193/193 
f 192/192/192 194/194/194 193/193/193 
f 193/193/193 194/194/194 195/195/195 
f 194/194/194 196/196/196 195/195/195 
f 195/195/195 196/196/196 197/197/197 
f 196/196/196 198/198/198 197/197/197 
f 197/197/197 198/198/198 198/198/198 
f 198/198/198 194/194/194 198/198/198 
f 198/198/198 194/194/194 194/194/194 
f 194/194/194 199/199/199 194/194/194 
f 194/194/194 199/199/199 196/196/196 
f 199/199/199 200/200/200 196/196/196 
f 196/196/196 200/200/200 198/198/198 
f 200/200/200 198/198/198 198/198/198 
f 198/198/198 198/198/198 199/199/199 
f 198/198/198 199/199/199 199/199/199 
f 199/199/199 199/199/199 199/199/199 
f 199/199/199 194/194/194 199/199/199 
f 199/199/199 194/194/194 201/201/201 
f 194/194/194 202/202/202 201/201/201 
f 201/201/201 202/202/202 203/203/203 
f 202/202/202 203/203/203 203/203/203 
f 203/203/203 203/203/203 203/203/203 
f 203/203/203 204/204/204 203/203/203 
f 203/203/203 204/204/204 201/201/201 
f 204/204/204 199/199/199 201/201/201 
f 201/201/201 199/199/199 199/199/199 
f 199/199/199 205/205/205 199/199/199 
f 199/199/199 205/205/205 205/205/205 
f 205/205/205 206/206/206 205/205/205 
f 205/205/205 206/206/206 207/207/207 
f 206/206/206 208/208/208 207/207/207 
f 207/207/207 208/208/208 208/208/208 
f 208/208/208 206/206/206 208/208/208 
f 208/208/208 206/206/206 209/209/209 
f 206/206/206 210/210/210 209/209/209 
f 209/209/209 210/210/210 211/211/211 
f 210/210/210 212/212/212 211/211/211 
f 211/211/211 212/212/212 212/212/212 
f 212/212/212 210/210/210 212/212/212 
f 212/212/212 210/210/210 210/210/210 
f 210/210/210 213/213/213 210/210/210 
f 210/210/210 213/213/213 212/212/212 
f 213/213/213 214/214/214 212/212/212 
f 212/212/212 214/214/214 214/214/214 
f 214/214/214 213/213/213 214/214/214 
f 214/214/214 213/213/213 215/215/215 
f 213/213/213 216/216/216 215/215/215 
f 215/215/215 216/216/216 217/217/217 
f 216/216/216 218/218/218 217/217/217 
f 217/217/217 218/218/218 219/219/219 
f 218/218/218 220/220/220 219/219/219 
f 219/219/219 220/220/220 220/220/220 
f 220/220/220 213/213/213 220/220/220 
f 220/220/220 213/213/213 213/213/213 
f 213/213/213 221/221/221 213/213/213 
f 213/213/213 221/221/221 216/216/216 
f 221/221/221 222/222/222 216/216/216 
f 216/216/216 222/222/222 218/218/218 
f 222/222/222 223/223/223 218/218/218 
f 218/218/218 223/223/223 224/224/224 
f 223/223/223 224/224/224 224/224/224 
f 224/224/224 224/224/224 213/213/213 
f 224/224/224 213/213/213 213/213/213 
f 213/213/213 213/213/213 213/213/213 
f 213/213/213 225/225/225 213/213/213 
f 213/213/213 225/225/225 221/221/221 
f 225/225/225 226/226/226 221/221/221 
f 221/221/221 226/226/226 227/227/227 
f 226/226/226 227/227/227 227/227/227 
f 227/227/227 227/227/227 228/228/228 
f 227/227/227 228/228/228 228/228/228 
f 228/228/228 228/228/228 228/228/228 
f 228/228/228 229/229/229 228/228/228 
f 228/228/228 229/229/229 230/230/230 
f 229/229/229 231/231/231 230/230/230 
f 230/230/230 231/231/231 232/232/232 
f 231/231/231 232/232/232 232/232/232 
f 232/232/232 232/232/232 215/215/215 
f 232/232/232 215/215/215 215/215/215 
f 215/215/215 215/215/215 215/215/215 
f 215/215/215 217/217/217 215/215/215 
f 215/215/215 217/217/217 233/233/233 
f 217/217/217 234/234/234 233/233/233 
f 233/233/233 234/234/234 234/234/234 
f 234/234/234 235/235/235 234/234/234 
f 234/234/234 235/235/235 235/235/235 
f 235/235/235 236/236/236 235/235/235 
f 235/235/235 236/236/236 215/215/215 
f 236/236/236 214/214/214 215/215/215 
f 215/215/215 214/214/214 214/214/214 
f 214/214/214 237/237/237 214/214/214 
f 214/214/214 237/237/237 237/237/237 
f 237/237/237 238/238/238 237/237/237 
f 237/237/237 238/238/238 239/239/239 
f 238/238/238 240/240/240 239/239/239 
f 239/239/239 240/240/240 241/241/241 
f 240/240/240 242/242/242 241/241/241 
f 241/241/241 242/242/242 243/243/243 
f 242/242/242 244/244/244 243/243/243 
f 243/243/243 244/244/244 244/244/244 
f 244/244/244 238/238/238 244/244/244 
f 244/244/244 238/238/238 238/238/238 
f 238/238/238 245/245/245 238/238/238 
f 238/238/238 245/245/245 240/240/240 
f 245/245/245 246/246/246 240/240/240 
f 240/240/240 246/246/246 242/242/242 
f 246/246/246 247/247/247 242/242/242 
f 242/242/242 247/247/247 244/244/244 
f 247/247/247 244/244/244 244/244/244 
f 244/244/244 244/244/244 247/247/247 
f 244/244/244 247/247/247 247/247/247 
f 247/247/247 247/247/247 247/247/247 
f 247/247/247 246/246/246 247/247/247 
f 247/247/247 246/246/246 248/248/248 
f 246/246/246 245/245/245 248/248/248 
f 248/248/248 245/245/245 245/245/245 
f 245/245/245 249/249/249 245/245/245 
f 245/245/245 249/249/249 249/249/249 
f 249/249/249 250/250/250 249/249/249 
f 249/249/249 250/250/250 251/251/251 
f 250/250/250 241/241/241 251/251/251 
f 251/251/251 241/241/241 243/243/243 
f 241/241/241 243/243/243 243/243/243 
f 243/243/243 243/243/243 199/199/199 
f 243/243/243 199/199/199 199/199/199 
f 199/199/199 199/199/199 199/199/199 
f 199/199/199 252/252/252 199/199/199 
f 199/199/199 252/252/252 200/200/200 
f 252/252/252 253/253/253 200/200/200 
f 200/200/200 253/253/253 253/253/253 
f 253/253/253 252/252/252 253/253/253 
f 253/253/253 252/252/252 254/254/254 
f 252/252/252 149/149/149 254/254/254 
f 254/254/254 149/149/149 255/255/255 
f 149/149/149 255/255/255 255/255/255 
f 255/255/255 255/255/255 255/255/255 
f 255/255/255 256/256/256 255/255/255 
f 255/255/255 256/256/256 254/254/254 
f 256/256/256 257/257/257 254/254/254 
f 254/254/254 257/257/257 253/253/253 
f 257/257/257 253/253/253 253/253/253 
f 253/253/253 253/253/253 258/258/258 
f 253/253/253 258/258/258 258/258/258 
f 258/258/258 258/258/258 258/258/258 
f 258/258/258 259/259/259 258/258/258 
f 258/258/258 259/259/259 260/260/260 
f 259/259/259 261/261/261 260/260/260 
f 260/260/260 261/261/261 262/262/262 
f 261/261/261 263/263/263 262/262/262 
f 262/262/262 263/263/263 263/263/263 
f 263/263/263 259/259/259 263/263/263 
f 263/263/263 259/259/259 259/259/259 
f 259/259/259 264/264/264 259/259/259 
f 259/259/259 264/264/264 261/261/261 
f 264/264/264 265/265/265 261/261/261 
f 261/261/261 265/265/265 263/263/263 
f 265/265/265 266/266/266 263/263/263 
f 263/263/263 266/266/266 266/266/266 
f 266/266/266 264/264/264 266/266/266 
f 266/266/266 264/264/264 264/264/264 
f 264/264/264 267/267/267 264/264/264 
f 264/264/264 267/267/267 265/265/265 
f 267/267/267 268/268/268 265/265/265 
f 265/265/265 268/268/268 266/266/266 
f 268/268/268 269/269/269 266/266/266 
f 266/266/266 269/269/269 269/269/269 
f 269/269/269 270/270/270 269/269/269 
f 269/269/269 270/270/270 270/270/270 
f 270/270/270 271/271/271 270/270/270 
f 270/270/270 271/271/271 272/272/272 
f 271/271/271 209/209/209 272/272/272 
f 272/272/272 209/209/209 273/273/273 
f 209/209/209 273/273/273 273/273/273 
f 273/273/273 273/273/273 274/274/274 
f 273/273/273 274/274/274 274/274/274 
f 274/274/274 274/274/274 274/274/274 
f 274/274/274 275/275/275 274/274/274 
f 274/274/274 275/275/275 214/214/214 
f 275/275/275 276/276/276 214/214/214 
f 214/214/214 276/276/276 277/277/277 
f 276/276/276 277/277/277 277/277/277 
f 277/277/277 277/277/277 278/278/278 
f 277/277/277 278/278/278 278/278/278 
f 278/278/278 278/278/278 278/278/278 
f 278/278/278 279/279/279 278/278/278 
f 278/278/278 279/279/279 280/280/280 
f 279/279/279 281/281/281 280/280/280 
f 280/280/280 281/281/281 282/282/282 
f 281/281/281 283/283/283 282/282/282 
f 282/282/282 283/283/283 283/283/283 
f 283/283/283 279/279/279 283/283/283 
f 283/283/283 279/279/279 279/279/279 
f 279/279/279 284/284/284 279/279/279 
f 279/279/279 284/284/284 281/281/281 
f 284/284/284 285/285/285 281/281/281 
f 281/281/281 285/285/285 283/283/283 
f 285/285/285 286/286/286 283/283/283 
f 283/283/283 286/286/286 286/286/286 
f 286/286/286 284/284/284 286/286/286 
f 286/286/286 284/284/284 284/284/284 
f 284/284/284 287/287/287 284/284/284 
f 284/284/284 287/287/287 285/285/285 
f 287/287/287 288/288/288 285/285/285 
f 285/285/285 288/288/288 286/286/286 
f 288/288/288 286/286/286 286/286/286 
f 286/286/286 286/286/286 289/289/289 
f 286/286/286 289/289/289 289/289/289 
f 289/289/289 289/289/289 289/289/289 
f 289/289/289 290/290/290 289/289/289 
f 289/289/289 290/290/290 291/291/291 
f 290/290/290 292/292/292 291/291/291 
f 291/291/291 292/292/292 293/293/293 
f 292/292/292 294/294/294 293/293/293 
f 293/293/293 294/294/294 295/295/295 
f 294/294/294 296/296/296 295/295/295 
f 295/295/295 296/296/296 296/296/296 
f 296/296/296 290/290/290 296/296/296 
f 296/296/296 290/290/290 290/290/290 
f 290/290/290 297/297/297 290/290/290 
f 290/290/290 297/297/297 292/292/292 
f 297/297/297 298/298/298 292/292/292 
f 292/292/292 298/298/298 294/294/294 
f 298/298/298 299/299/299 294/294/294 
f 294/294/294 299/299/299 296/296/296 
f 299/299/299 296/296/296 296/296/296 
f 296/296/296 296/296/296 300/300/300 
f 296/296/296 300/300/300 300/300/300 
f 300/300/300 300/300/300 300/300/300 
f 300/300/300 301/301/301 300/300/300 
f 300/300/300 301/301/301 302/302/302 
f 301/301/301 303/303/303 302/302/302 
f 302/302/302 303/303/303 304/304/304 
f 303/303/303 305/305/305 304/304/304 
f 304/304/304 305/305/305 306/306/306 
f 305/305/305 307/307/307 306/306/306 
f 306/306/306 307/307/307 307/307/307 
f 307/307/307 301/301/301 307/307/307 
f 307/307/307 301/301/301 301/301/301 
f 301/301/301 308/308/308 301/301/301 
f 301/301/301 308/308/308 303/303/303 
f 308/308/308 309/309/309 303/303/303 
f 303/303/303 309/309/309 305/305/305 
f 309/309/309 310/310/310 305/305/305 
f 305/305/305 310/310/310 307/307/307 
f 310/310/310 311/311/311 307/307/307 
f 307/307/307 311/311/311 311/311/311 
f 311/311/311 308/308/308 311/311/311 
f 311/311/311 308/308/308 308/308/308 
f 308/308/308 312/312/312 308/308/308 
f 308/308/308 312/312/312 309/309/309 
f 312/312/312 313/313/313 309/309/309 
f 309/309/309 313/313/313 310/310/310 
f 313/313/313 314/314/314 310/310/310 
f 310/310/310 314/314/314 311/311/311 
f 314/314/314 311/311/311 311/311/311 
f 311/311/311 311/311/311 315/315/315 
f 311/311/311 315/315/315 315/315/315 
f 315/315/315 315/315/315 315/315/315 
f 315/315/315 316/316/316 315/315/315 
f 315/315/315 316/316/316 317/317/317 
f 316/316/316 318/318/318 317/317/317 
f 317/317/317 318/318/318 319/319/319 
f 318/318/318 320/320/320 319/319/319 
f 319/319/319 320/320/320 321/321/321 
f 320/320/320 322/322/322 321/321/321 
f 321/321/321 322/322/322 322/322/322 
f 322/322/322 316/316/316 322/322/322 
f 322/322/322 316/316/316 316/316/316 
f 316/316/316 323/323/323 316/316/316 
f 316/316/316 323/323/323 318/318/318 
f 323/323/323 324/324/324 318/318/318 
f 318/318/318 324/324/324 320/320/320 
f 324/324/324 325/325/325 320/320/320 
f 320/320/320 325/325/325 322/322/322 
f 325/325/325 326/326/326 322/322/322 
f 322/322/322 326/326/326 326/326/326 
f 326/326/326 323/323/323 326/326/326 
f 326/326/326 323/323/323 323/323/323 
f 323/323/323 327/327/327 323/323/323 
f 323/323/323 327/327/327 324/324/324 
f 327/327/327 276/276/276 324/324/324 
f 324/324/324 276/276/276 325/325/325 
f 276/276/276 328/328/328 325/325/325 
f 325/325/325 328/328/328 326/326/326 
f 328/328/328 326/326/326 326/326/326 
f 326/326/326 326/326/326 329/329/329 
f 326/326/326 329/329/329 329/329/329 
f 329/329/329 329/329/329 329/329/329 
f 329/329/329 330/330/330 329/329/329 
f 329/329/329 330/330/330 331/331/331 
f 330/330/330 332/332/332 331/331/331 
f 331/331/331 332/332/332 333/333/333 
f 332/332/332 334/334/334 333/333/333 
f 333/333/333 334/334/334 335/335/335 
f 334/334/334 336/336/336 335/335/335 
f 335/335/335 336/336/336 336/336/336 
f 336/336/336 332/332/332 336/336/336 
f 336/336/336 332/332/332 332/332/332 
f 332/332/332 337/337/337 332/332/332 
f 332/332/332 337/337/337 334/334/334 
f 337/337/337 338/338/338 334/334/334 
f 334/334/334 338/338/338 336/336/336 
f 338/338/338 336/336/336 336/336/336 
f 336/336/336 336/336/336 332/332/332 
f 336/336/336 332/332/332 332/332/332 
f 332/332/332 332/332/332 332/332/332 
f 332/332/332 339/339/339 332/332/332 
f 332/332/332 339/339/339 337/337/337 
f 339/339/339 340/340/340 337/337/337 
f 337/337/337 340/340/340 341/341/341 
f 340/340/340 341/341/341 341/341/341 
f 341/341/341 341/341/341 339/339/339 
f 341/341/341 339/339/339 339/339/339 
f 339/339/339 339/339/339 339/339/339 
f 339/339/339 332/332/332 339/339/339 
f 339/339/339 332/332/332 342/342/342 
f 332/332/332 330/330/330 342/342/342 
f 342/342/342 330/330/330 330/330/330 
f 330/330/330 342/342/342 330/330/330 
f 330/330/330 342/342/342 342/342/342 
f 342/342/342 343/343/343 342/342/342 
f 342/342/342 343/343/343 339/339/339 
f 343/343/343 344/344/344 339/339/339 
f 339/339/339 344/344/344 340/340/340 
f 344/344/344 340/340/340 340/340/340 
f 340/340/340 340/340/340 345/345/345 
f 340/340/340 345/345/345 345/345/345 
f 345/345/345 345/345/345 345/345/345 
f 345/345/345 101/101/101 345/345/345 
f 345/345/345 101/101/101 346/346/346 
f 101/101/101 99/99/99 346/346/346 
f 346/346/346 99/99/99 347/347/347 
f 99/99/99 348/348/348 347/347/347 
f 347/347/347 348/348/348 349/349/349 
f 348/348/348 350/350/350 349/349/349 
f 349/349/349 350/350/350 350/350/350 
f 350/350/350 99/99/99 350/350/350 
f 350/350/350 99/99/99 99/99/99 
f 99/99/99 97/97/97 99/99/99 
f 99/99/99 97/97/97 348/348/348 
f 97/97/97 351/351/351 348/348/348 
f 348/348/348 351/351/351 350/350/350 
f 351/351/351 350/350/350 350/350/350 
f 350/350/350 350/350/350 352/352/352 
f 350/350/350 352/352/352 352/352/352 
f 352/352/352 352/352/352 352/352/352 
f 352/352/352 353/353/353 352/352/352 
f 352/352/352 353/353/353 354/354/354 
f 353/353/353 355/355/355 354/354/354 
f 354/354/354 355/355/355 173/173/173 
f 355/355/355 356/356/356 173/173/173 
f 173/173/173 356/356/356 356/356/356 
f 356/356/356 353/353/353 356/356/356 
f 356/356/356 353/353/353 353/353/353 
f 353/353/353 357/357/357 353/353/353 
f 353/353/353 357/357/357 355/355/355 
f 357/357/357 358/358/358 355/355/355 
f 355/355/355 358/358/358 356/356/356 
f 358/358/358 356/356/356 356/356/356 
f 356/356/356 356/356/356 353/353/353 
f 356/356/356 353/353/353 353/353/353 
f 353/353/353 353/353/353 353/353/353 
f 353/353/353 359/359/359 353/353/353 
f 353/353/353 359/359/359 357/357/357 
f 359/359/359 360/360/360 357/357/357 
f 357/357/357 360/360/360 361/361/361 
f 360/360/360 362/362/362 361/361/361 
f 361/361/361 362/362/362 362/362/362 
f 362/362/362 359/359/359 362/362/362 
f 362/362/362 359/359/359 359/359/359 
f 359/359/359 363/363/363 359/359/359 
f 359/359/359 363/363/363 360/360/360 
f 363/363/363 364/364/364 360/360/360 
f 360/360/360 364/364/364 362/362/362 
f 364/364/364 362/362/362 362/362/362 
f 362/362/362 362/362/362 359/359/359 
f 362/362/362 359/359/359 359/359/359 
f 359/359/359 359/359/359 359/359/359 
f 359/359/359 365/365/365 359/359/359 
f 359/359/359 365/365/365 363/363/363 
f 365/365/365 366/366/366 363/363/363 
f 363/363/363 366/366/366 367/367/367 
f 366/366/366 367/367/367 367/367/367 
f 367/367/367 367/367/367 365/365/365 
f 367/367/367 365/365/365 365/365/365 
f 365/365/365 365/365/365 365/365/365 
f 365/365/365 359/359/359 365/365/365 
f 365/365/365 359/359/359 368/368/368 
f 359/359/359 353/353/353 368/368/368 
f 368/368/368 353/353/353 352/352/352 
f 353/353/353 352/352/352 352/352/352 
f 352/352/352 352/352/352 369/369/369 
f 352/352/352 369/369/369 369/369/369 
f 369/369/369 369/369/369 369/369/369 
f 369/369/369 370/370/370 369/369/369 
f 369/369/369 370/370/370 371/371/371 
f 370/370/370 372/372/372 371/371/371 
f 371/371/371 372/372/372 373/373/373 
f 372/372/372 373/373/373 373/373/373 
f 373/373/373 373/373/373 373/373/373 
f 373/373/373 374/374/374 373/373/373 
f 373/373/373 374/374/374 371/371/371 
f 374/374/374 375/375/375 371/371/371 
f 371/371/371 375/375/375 369/369/369 
f 85/85/85 83/83/83 93/93/93 
f 376/376/376 73/73/73 81/81/81 
f 74/74/74 5/5/5 7/7/7 
f 125/125/125 123/123/123 128/128/128 
f 11/11/11 24/24/24 18/18/18 
f 106/106/106 110/110/110 107/107/107 
f 55/55/55 53/53/53 61/61/61 
f 57/57/57 377/377/377 59/59/59 
f 378/378/378 379/379/379 380/380/380 
f 381/381/381 382/382/382 383/383/383 
f 34/34/34 384/384/384 35/35/35 
f 49/49/49 385/385/385 56/56/56 
f 98/98/98 386/386/386 387/387/387 
f 388/388/388 97/97/97 95/95/95 
f 32/32/32 30/30/30 389/389/389 
f 390/390/390 391/391/391 392/392/392 
f 192/192/192 202/202/202 194/194/194 
f 338/338/338 337/337/337 341/341/341 
f 217/217/217 219/219/219 234/234/234 
f 222/222/222 221/221/221 227/227/227 
f 220/220/220 218/218/218 224/224/224 
f 363/363/363 367/367/367 364/364/364 
f 393/393/393 146/146/146 148/148/148 
f 144/144/144 394/394/394 145/145/145 
f 170/170/170 175/175/175 395/395/395 
f 174/174/174 173/173/173 396/396/396 
f 397/397/397 398/398/398 399/399/399 
f 400/400/400 401/401/401 402/402/402 
f 403/403/403 404/404/404 405/405/405 
f 135/135/135 406/406/406 407/407/407 
f 250/250/250 239/239/239 241/241/241 
f 209/209/209 271/271/271 408/408/408 
f 409/409/409 410/410/410 411/411/411 
f 412/412/412 276/276/276 275/275/275 
f 413/413/413 414/414/414 415/415/415 
f 416/416/416 417/417/417 418/418/418 
f 419/419/419 420/420/420 421/421/421 

