mtllib model_1.mtl
o model_1
v -32.880714416503906 -32.27960205078125 -0.004155000206083059 
v -32.9254264831543 -32.29201126098633 -0.004155000206083059 
v -32.99249267578125 -31.8748722076416 -0.004155000206083059 
v -33.27566146850586 -32.3883171081543 -0.004155000206083059 
v -33.432151794433594 -31.995994567871094 -0.004155000206083059 
v -33.32037353515625 -32.400726318359375 -0.004155000206083059 
v -32.8968620300293 -32.395999908447266 -0.004155000206083059 
v -33.245853424072266 -32.492305755615234 -0.004155000206083059 
v -31.322044372558594 -32.931304931640625 -0.004155000206083059 
v -31.36551284790039 -32.91476058959961 -0.004155000206083059 
v -31.17300796508789 -32.53898239135742 -0.004155000206083059 
v -31.704570770263672 -32.78654861450195 -0.004155000206083059 
v -31.599002838134766 -32.37709045410156 -0.004155000206083059 
v -31.74803924560547 -32.77000427246094 -0.004155000206083059 
v -31.40401268005371 -33.01579666137695 -0.004155000206083059 
v -31.743070602416992 -32.886993408203125 -0.004155000206083059 
v -32.87574768066406 -32.26128387451172 0.20991411805152893 
v -33.01236343383789 -31.86423683166504 0.20991411805152893 
v -32.92045974731445 -32.27664566040039 0.20991411805152893 
v -33.299259185791016 -31.962907791137695 0.20991411805152893 
v -33.262001037597656 -32.39422607421875 0.20991411805152893 
v -33.26945114135742 -32.04680633544922 0.20991411805152893 
v -33.370052337646484 -32.081668853759766 0.20991411805152893 
v -33.30671310424805 -32.40958786010742 0.20991411805152893 
v -33.39986038208008 -31.99776840209961 0.20991411805152893 
v -33.443328857421875 -32.01253890991211 0.20991411805152893 
v -31.40401268005371 -33.01579666137695 0.06277427822351456 
v -31.36551284790039 -32.91476058959961 0.06277427822351456 
v -31.743070602416992 -32.886993408203125 0.06277427822351456 
v -31.704570770263672 -32.78654861450195 0.06277427822351456 
v -31.4561767578125 -32.43144989013672 0.06277427822351456 
v -31.488468170166016 -32.5147590637207 0.06277427822351456 
v -31.587825775146484 -32.47694396972656 0.06277427822351456 
v -31.74803924560547 -32.77000427246094 0.06277427822351456 
v -31.55553436279297 -32.39363479614258 0.06277427822351456 
v -31.599002838134766 -32.37709045410156 0.06277427822351456 
v -33.29304885864258 -32.07753372192383 0.08557206392288208 
v -33.30298614501953 -31.939273834228516 0.08557206392288208 
v -33.017333984375 -32.05803298950195 0.08557206392288208 
v -33.02726745605469 -31.919775009155273 0.08557206392288208 
v -33.38619613647461 -31.98358726501465 0.06277427822351456 
v -33.38619613647461 -31.98358726501465 0.02930963970720768 
v -33.432151794433594 -31.995994567871094 0.06277427822351456 
v -33.432151794433594 -31.995994567871094 -0.004155000206083059 
v -33.28435516357422 -31.95522689819336 0.02930963970720768 
v -33.28435516357422 -31.95522689819336 0.06277427822351456 
v -32.99249267578125 -31.8748722076416 0.06277427822351456 
v -31.40401268005371 -33.01579666137695 -0.004155000206083059 
v -31.421401977539062 -33.00929641723633 0.007557624019682407 
v -31.743070602416992 -32.886993408203125 -0.004155000206083059 
v -31.725683212280273 -32.894081115722656 0.007557624019682407 
v -33.29304885864258 -32.07753372192383 0.08557206392288208 
v -33.29304885864258 -32.07753372192383 0.09968996047973633 
v -33.30298614501953 -31.939273834228516 0.08557206392288208 
v -33.30298614501953 -31.939273834228516 0.09968996047973633 
v -31.421401977539062 -33.00929641723633 0.007557624019682407 
v -31.40401268005371 -33.01579666137695 -0.004155000206083059 
v -31.421401977539062 -33.00929641723633 0.05106165632605553 
v -31.40401268005371 -33.01579666137695 0.06277427822351456 
v -31.743070602416992 -32.886993408203125 0.06277427822351456 
v -31.725683212280273 -32.894081115722656 0.05106165632605553 
v -31.40401268005371 -33.01579666137695 0.06277427822351456 
v -31.421401977539062 -33.00929641723633 0.05106165632605553 
v -33.39986038208008 -31.99776840209961 0.20991411805152893 
v -33.39986038208008 -31.99776840209961 0.1764494776725769 
v -33.443328857421875 -32.01253890991211 0.20991411805152893 
v -33.443328857421875 -32.01253890991211 0.14298483729362488 
v -33.299259185791016 -31.962907791137695 0.1764494776725769 
v -33.299259185791016 -31.962907791137695 0.20991411805152893 
v -33.01236343383789 -31.86423683166504 0.20991411805152893 
v -33.66191482543945 -32.605159759521484 0.02930963970720768 
v -33.62092971801758 -32.68374252319336 0.02930963970720768 
v -33.56752395629883 -32.55611801147461 0.02930963970720768 
v -33.52653884887695 -32.635292053222656 0.02930963970720768 
v -33.62092971801758 -32.68374252319336 0.02930963970720768 
v -33.62092971801758 -32.68374252319336 0.06277427822351456 
v -33.52653884887695 -32.635292053222656 0.02930963970720768 
v -33.52653884887695 -32.635292053222656 0.06277427822351456 
v -33.40234375 -33.0654296875 0.05106165632605553 
v -33.46195602416992 -32.951393127441406 0.05106165632605553 
v -33.11296463012695 -32.91535186767578 0.05106165632605553 
v -33.172576904296875 -32.80131912231445 0.05106165632605553 
v -33.172576904296875 -32.80131912231445 0.007557624019682407 
v -33.11296463012695 -32.91535186767578 0.007557624019682407 
v -33.172576904296875 -32.80131912231445 0.05106165632605553 
v -33.11296463012695 -32.91535186767578 0.05106165632605553 
v -33.11296463012695 -32.91535186767578 0.007557624019682407 
v -33.172576904296875 -32.80131912231445 0.007557624019682407 
v -33.40234375 -33.0654296875 0.007557624019682407 
v -33.46195602416992 -32.951393127441406 0.007557624019682407 
v -33.40234375 -33.0654296875 0.007557624019682407 
v -33.46195602416992 -32.951393127441406 0.007557624019682407 
v -33.40234375 -33.0654296875 0.05106165632605553 
v -33.46195602416992 -32.951393127441406 0.05106165632605553 
v -33.11296463012695 -32.91535186767578 0.007557624019682407 
v -33.09681701660156 -32.907081604003906 -0.004155000206083059 
v -33.11296463012695 -32.91535186767578 0.05106165632605553 
v -33.09681701660156 -32.907081604003906 0.06277427822351456 
v -33.40234375 -33.0654296875 0.007557624019682407 
v -33.418487548828125 -33.073699951171875 -0.004155000206083059 
v -33.11296463012695 -32.91535186767578 0.007557624019682407 
v -33.09681701660156 -32.907081604003906 -0.004155000206083059 
v -33.40234375 -33.0654296875 0.05106165632605553 
v -33.418487548828125 -33.073699951171875 0.06277427822351456 
v -33.40234375 -33.0654296875 0.007557624019682407 
v -33.418487548828125 -33.073699951171875 -0.004155000206083059 
v -33.52653884887695 -32.635292053222656 0.06277427822351456 
v -33.56752395629883 -32.55611801147461 0.06277427822351456 
v -33.52653884887695 -32.635292053222656 0.02930963970720768 
v -33.56752395629883 -32.55611801147461 0.02930963970720768 
v -33.02726745605469 -31.919775009155273 0.08557206392288208 
v -33.02726745605469 -31.919775009155273 0.09968996047973633 
v -33.017333984375 -32.05803298950195 0.08557206392288208 
v -33.017333984375 -32.05803298950195 0.09968996047973633 
v -33.09681701660156 -32.907081604003906 -0.004155000206083059 
v -33.1464958190918 -32.811363220214844 -0.004155000206083059 
v -33.09681701660156 -32.907081604003906 0.06277427822351456 
v -33.1464958190918 -32.811363220214844 0.06277427822351456 
v -33.418487548828125 -33.073699951171875 -0.004155000206083059 
v -33.46816635131836 -32.97798156738281 -0.004155000206083059 
v -33.09681701660156 -32.907081604003906 -0.004155000206083059 
v -33.1464958190918 -32.811363220214844 -0.004155000206083059 
v -33.29801940917969 -32.41667938232422 -0.004155000206083059 
v -33.10551071166992 -32.78950119018555 -0.004155000206083059 
v -33.70289993286133 -32.62643051147461 -0.004155000206083059 
v -33.51039505004883 -32.99925231933594 -0.004155000206083059 
v -33.418487548828125 -33.073699951171875 0.06277427822351456 
v -33.46816635131836 -32.97798156738281 0.06277427822351456 
v -33.418487548828125 -33.073699951171875 -0.004155000206083059 
v -33.46816635131836 -32.97798156738281 -0.004155000206083059 
v -33.51039505004883 -32.99925231933594 0.06277427822351456 
v -33.51039505004883 -32.99925231933594 -0.004155000206083059 
v -33.46816635131836 -32.97798156738281 0.06277427822351456 
v -33.46816635131836 -32.97798156738281 -0.004155000206083059 
v -33.70289993286133 -32.62643051147461 0.06277427822351456 
v -33.70289993286133 -32.62643051147461 -0.004155000206083059 
v -33.51039505004883 -32.99925231933594 0.06277427822351456 
v -33.51039505004883 -32.99925231933594 -0.004155000206083059 
v -33.10551071166992 -32.78950119018555 0.06277427822351456 
v -33.10551071166992 -32.78950119018555 -0.004155000206083059 
v -33.29801940917969 -32.41667938232422 0.06277427822351456 
v -33.29801940917969 -32.41667938232422 -0.004155000206083059 
v -33.1464958190918 -32.811363220214844 -0.004155000206083059 
v -33.10551071166992 -32.78950119018555 -0.004155000206083059 
v -33.1464958190918 -32.811363220214844 0.06277427822351456 
v -33.10551071166992 -32.78950119018555 0.06277427822351456 
v -33.37750244140625 -33.05242919921875 0.016969554126262665 
v -33.37750244140625 -33.05242919921875 0.031192025169730186 
v -33.44084548950195 -32.929534912109375 0.016969554126262665 
v -33.44084548950195 -32.929534912109375 0.031192025169730186 
v -33.1949348449707 -32.8025016784668 0.016969554126262665 
v -33.1949348449707 -32.8025016784668 0.031192025169730186 
v -33.131595611572266 -32.92539596557617 0.016969554126262665 
v -33.131595611572266 -32.92539596557617 0.031192025169730186 
v -33.37750244140625 -33.05242919921875 0.016969554126262665 
v -33.44084548950195 -32.929534912109375 0.016969554126262665 
v -33.131595611572266 -32.92539596557617 0.016969554126262665 
v -33.1949348449707 -32.8025016784668 0.016969554126262665 
v -33.37750244140625 -33.05242919921875 0.031192025169730186 
v -33.37750244140625 -33.05242919921875 0.016969554126262665 
v -33.131595611572266 -32.92539596557617 0.031192025169730186 
v -33.131595611572266 -32.92539596557617 0.016969554126262665 
v -33.370052337646484 -32.081668853759766 0.20991411805152893 
v -33.370052337646484 -32.081668853759766 0.1764494776725769 
v -33.39986038208008 -31.99776840209961 0.20991411805152893 
v -33.39986038208008 -31.99776840209961 0.1764494776725769 
v -33.26945114135742 -32.04680633544922 0.1764494776725769 
v -33.299259185791016 -31.962907791137695 0.1764494776725769 
v -33.370052337646484 -32.081668853759766 0.1764494776725769 
v -33.39986038208008 -31.99776840209961 0.1764494776725769 
v -33.26945114135742 -32.04680633544922 0.20991411805152893 
v -33.299259185791016 -31.962907791137695 0.20991411805152893 
v -33.26945114135742 -32.04680633544922 0.1764494776725769 
v -33.299259185791016 -31.962907791137695 0.1764494776725769 
v -33.370052337646484 -32.081668853759766 0.1764494776725769 
v -33.370052337646484 -32.081668853759766 0.20991411805152893 
v -33.26945114135742 -32.04680633544922 0.1764494776725769 
v -33.26945114135742 -32.04680633544922 0.20991411805152893 
v -32.94405746459961 -32.263057708740234 0.1982014924287796 
v -32.90182876586914 -32.38477325439453 0.1982014924287796 
v -33.2520637512207 -32.36882019042969 0.1982014924287796 
v -33.2098388671875 -32.490535736083984 0.1982014924287796 
v -32.90182876586914 -32.38477325439453 0.1982014924287796 
v -32.94405746459961 -32.263057708740234 0.1982014924287796 
v -32.90182876586914 -32.38477325439453 0.1546974629163742 
v -32.94405746459961 -32.263057708740234 0.1546974629163742 
v -32.90182876586914 -32.38477325439453 0.1546974629163742 
v -32.94405746459961 -32.263057708740234 0.1546974629163742 
v -33.2098388671875 -32.490535736083984 0.1546974629163742 
v -33.2520637512207 -32.36882019042969 0.1546974629163742 
v -33.2520637512207 -32.36882019042969 0.1982014924287796 
v -33.2098388671875 -32.490535736083984 0.1982014924287796 
v -33.2520637512207 -32.36882019042969 0.1546974629163742 
v -33.2098388671875 -32.490535736083984 0.1546974629163742 
v -32.90182876586914 -32.38477325439453 0.1982014924287796 
v -32.88444137573242 -32.378273010253906 0.20991411805152893 
v -33.2098388671875 -32.490535736083984 0.1982014924287796 
v -33.22722625732422 -32.49644088745117 0.20991411805152893 
v -32.88444137573242 -32.378273010253906 0.20991411805152893 
v -32.90182876586914 -32.38477325439453 0.1982014924287796 
v -32.88444137573242 -32.378273010253906 0.14298483729362488 
v -32.90182876586914 -32.38477325439453 0.1546974629163742 
v -31.421401977539062 -33.00929641723633 0.007557624019682407 
v -31.37544822692871 -32.888763427734375 0.007557624019682407 
v -31.725683212280273 -32.894081115722656 0.007557624019682407 
v -31.679731369018555 -32.7735481262207 0.007557624019682407 
v -32.88444137573242 -32.378273010253906 0.14298483729362488 
v -32.90182876586914 -32.38477325439453 0.1546974629163742 
v -33.22722625732422 -32.49644088745117 0.14298483729362488 
v -33.2098388671875 -32.490535736083984 0.1546974629163742 
v -33.2098388671875 -32.490535736083984 0.1982014924287796 
v -33.22722625732422 -32.49644088745117 0.20991411805152893 
v -33.2098388671875 -32.490535736083984 0.1546974629163742 
v -33.22722625732422 -32.49644088745117 0.14298483729362488 
v -32.92045974731445 -32.27664566040039 0.20991411805152893 
v -32.88444137573242 -32.378273010253906 0.20991411805152893 
v -32.92045974731445 -32.27664566040039 0.14298483729362488 
v -32.88444137573242 -32.378273010253906 0.14298483729362488 
v -31.421401977539062 -33.00929641723633 0.05106165632605553 
v -31.37544822692871 -32.888763427734375 0.05106165632605553 
v -31.421401977539062 -33.00929641723633 0.007557624019682407 
v -31.37544822692871 -32.888763427734375 0.007557624019682407 
v -33.262001037597656 -32.39422607421875 0.14298483729362488 
v -33.22722625732422 -32.49644088745117 0.14298483729362488 
v -33.262001037597656 -32.39422607421875 0.20991411805152893 
v -33.22722625732422 -32.49644088745117 0.20991411805152893 
v -32.94405746459961 -32.263057708740234 0.1982014924287796 
v -33.2520637512207 -32.36882019042969 0.1982014924287796 
v -32.94405746459961 -32.263057708740234 0.1546974629163742 
v -33.2520637512207 -32.36882019042969 0.1546974629163742 
v -33.262001037597656 -32.39422607421875 0.14298483729362488 
v -33.262001037597656 -32.39422607421875 0.20991411805152893 
v -33.30671310424805 -32.40958786010742 0.14298483729362488 
v -33.30671310424805 -32.40958786010742 0.20991411805152893 
v -33.33403396606445 -32.05035400390625 0.0643429383635521 
v -33.381229400634766 -32.053897857666016 0.0643429383635521 
v -33.33403396606445 -32.05035400390625 0.13137678802013397 
v -33.381229400634766 -32.053897857666016 0.13137678802013397 
v -33.30671310424805 -32.40958786010742 0.14298483729362488 
v -33.30671310424805 -32.40958786010742 0.20991411805152893 
v -33.443328857421875 -32.01253890991211 0.14298483729362488 
v -33.443328857421875 -32.01253890991211 0.20991411805152893 
v -33.01236343383789 -31.86423683166504 0.14298483729362488 
v -33.01236343383789 -31.86423683166504 0.20991411805152893 
v -32.87574768066406 -32.26128387451172 0.14298483729362488 
v -32.87574768066406 -32.26128387451172 0.20991411805152893 
v -32.92045974731445 -32.27664566040039 0.14298483729362488 
v -32.87574768066406 -32.26128387451172 0.14298483729362488 
v -32.92045974731445 -32.27664566040039 0.20991411805152893 
v -32.87574768066406 -32.26128387451172 0.20991411805152893 
v -32.92169952392578 -32.39186096191406 0.1783318668603897 
v -32.92169952392578 -32.39186096191406 0.16410939395427704 
v -32.96641159057617 -32.26069641113281 0.1783318668603897 
v -32.96641159057617 -32.26069641113281 0.16410939395427704 
v -33.18251419067383 -32.48167037963867 0.16410939395427704 
v -33.22846603393555 -32.35109329223633 0.16410939395427704 
v -32.92169952392578 -32.39186096191406 0.16410939395427704 
v -32.96641159057617 -32.26069641113281 0.16410939395427704 
v -32.92169952392578 -32.39186096191406 0.1783318668603897 
v -32.96641159057617 -32.26069641113281 0.1783318668603897 
v -33.18251419067383 -32.48167037963867 0.1783318668603897 
v -33.22846603393555 -32.35109329223633 0.1783318668603897 
v -31.55553436279297 -32.39363479614258 0.02930963970720768 
v -31.55553436279297 -32.39363479614258 0.06277427822351456 
v -31.587825775146484 -32.47694396972656 0.02930963970720768 
v -31.587825775146484 -32.47694396972656 0.06277427822351456 
v -31.55553436279297 -32.39363479614258 0.02930963970720768 
v -31.587825775146484 -32.47694396972656 0.02930963970720768 
v -31.4561767578125 -32.43144989013672 0.02930963970720768 
v -31.488468170166016 -32.5147590637207 0.02930963970720768 
v -33.22846603393555 -32.35109329223633 0.1783318668603897 
v -33.22846603393555 -32.35109329223633 0.16410939395427704 
v -33.18251419067383 -32.48167037963867 0.1783318668603897 
v -33.18251419067383 -32.48167037963867 0.16410939395427704 
v -31.725683212280273 -32.894081115722656 0.05106165632605553 
v -31.743070602416992 -32.886993408203125 0.06277427822351456 
v -31.725683212280273 -32.894081115722656 0.007557624019682407 
v -31.743070602416992 -32.886993408203125 -0.004155000206083059 
v -33.381229400634766 -32.053897857666016 0.13137678802013397 
v -33.381229400634766 -32.053897857666016 0.0643429383635521 
v -33.35142135620117 -32.47221755981445 0.13137678802013397 
v -33.35142135620117 -32.47221755981445 0.0643429383635521 
v -31.4561767578125 -32.43144989013672 0.02930963970720768 
v -31.488468170166016 -32.5147590637207 0.02930963970720768 
v -31.4561767578125 -32.43144989013672 0.06277427822351456 
v -31.488468170166016 -32.5147590637207 0.06277427822351456 
v -31.488468170166016 -32.5147590637207 0.06277427822351456 
v -31.488468170166016 -32.5147590637207 0.02930963970720768 
v -31.587825775146484 -32.47694396972656 0.06277427822351456 
v -31.587825775146484 -32.47694396972656 0.02930963970720768 
v -32.97262191772461 -32.02494812011719 0.0643429383635521 
v -32.97262191772461 -32.02494812011719 0.13137678802013397 
v -32.92667007446289 -32.021400451660156 0.0643429383635521 
v -32.92667007446289 -32.021400451660156 0.13137678802013397 
v -33.18251419067383 -32.48167037963867 0.1783318668603897 
v -33.18251419067383 -32.48167037963867 0.16410939395427704 
v -32.92169952392578 -32.39186096191406 0.1783318668603897 
v -32.92169952392578 -32.39186096191406 0.16410939395427704 
v -32.99000930786133 -32.04680633544922 0.07616013288497925 
v -33.31416320800781 -32.06925964355469 0.07616013288497925 
v -32.99000930786133 -32.04680633544922 0.11955959349870682 
v -33.31416320800781 -32.06925964355469 0.11955959349870682 
v -32.8968620300293 -32.440311431884766 0.13137678802013397 
v -32.8968620300293 -32.440311431884766 0.0643429383635521 
v -32.92667007446289 -32.021400451660156 0.13137678802013397 
v -32.92667007446289 -32.021400451660156 0.0643429383635521 
v -32.934120178222656 -32.40663528442383 0.016969554126262665 
v -32.934120178222656 -32.40663528442383 0.031192025169730186 
v -33.20114517211914 -32.48048782348633 0.016969554126262665 
v -33.20114517211914 -32.48048782348633 0.031192025169730186 
v -32.97262191772461 -32.02494812011719 0.0643429383635521 
v -32.98131561279297 -31.91741180419922 0.0643429383635521 
v -32.97262191772461 -32.02494812011719 0.13137678802013397 
v -32.98131561279297 -31.91741180419922 0.13137678802013397 
v -31.725683212280273 -32.894081115722656 0.05106165632605553 
v -31.679731369018555 -32.7735481262207 0.05106165632605553 
v -31.421401977539062 -33.00929641723633 0.05106165632605553 
v -31.37544822692871 -32.888763427734375 0.05106165632605553 
v -31.40401268005371 -33.01579666137695 -0.004155000206083059 
v -31.36551284790039 -32.91476058959961 -0.004155000206083059 
v -31.40401268005371 -33.01579666137695 0.06277427822351456 
v -31.36551284790039 -32.91476058959961 0.06277427822351456 
v -31.17300796508789 -32.53898239135742 0.06277427822351456 
v -31.322044372558594 -32.931304931640625 0.06277427822351456 
v -31.679731369018555 -32.7735481262207 0.007557624019682407 
v -31.37544822692871 -32.888763427734375 0.007557624019682407 
v -31.679731369018555 -32.7735481262207 0.05106165632605553 
v -31.37544822692871 -32.888763427734375 0.05106165632605553 
v -31.704570770263672 -32.78654861450195 -0.004155000206083059 
v -31.704570770263672 -32.78654861450195 0.06277427822351456 
v -31.74803924560547 -32.77000427246094 -0.004155000206083059 
v -31.74803924560547 -32.77000427246094 0.06277427822351456 
v -32.98131561279297 -31.91741180419922 0.0643429383635521 
v -32.97262191772461 -32.02494812011719 0.0643429383635521 
v -33.34272766113281 -31.942819595336914 0.0643429383635521 
v -33.33403396606445 -32.05035400390625 0.0643429383635521 
v -33.35142135620117 -32.47221755981445 0.0643429383635521 
v -33.381229400634766 -32.053897857666016 0.0643429383635521 
v -32.8968620300293 -32.440311431884766 0.0643429383635521 
v -32.92667007446289 -32.021400451660156 0.0643429383635521 
v -31.17300796508789 -32.53898239135742 -0.004155000206083059 
v -31.17300796508789 -32.53898239135742 0.06277427822351456 
v -31.322044372558594 -32.931304931640625 -0.004155000206083059 
v -31.322044372558594 -32.931304931640625 0.06277427822351456 
v -31.39159393310547 -32.87281036376953 0.016969554126262665 
v -31.441272735595703 -33.0022087097168 0.016969554126262665 
v -31.64992332458496 -32.77473068237305 0.016969554126262665 
v -31.699602127075195 -32.90412521362305 0.016969554126262665 
v -31.699602127075195 -32.90412521362305 0.031192025169730186 
v -31.699602127075195 -32.90412521362305 0.016969554126262665 
v -31.441272735595703 -33.0022087097168 0.031192025169730186 
v -31.441272735595703 -33.0022087097168 0.016969554126262665 
v -31.64992332458496 -32.77473068237305 0.031192025169730186 
v -31.699602127075195 -32.90412521362305 0.031192025169730186 
v -31.39159393310547 -32.87281036376953 0.031192025169730186 
v -31.441272735595703 -33.0022087097168 0.031192025169730186 
v -31.469837188720703 -32.51653289794922 0.09937623143196106 
v -31.427610397338867 -32.437950134277344 0.09937623143196106 
v -31.562986373901367 -32.46630859375 0.09937623143196106 
v -31.52075958251953 -32.3883171081543 0.09937623143196106 
v -31.36551284790039 -32.91476058959961 -0.004155000206083059 
v -31.322044372558594 -32.931304931640625 -0.004155000206083059 
v -31.36551284790039 -32.91476058959961 0.06277427822351456 
v -31.322044372558594 -32.931304931640625 0.06277427822351456 
v -31.699602127075195 -32.90412521362305 0.016969554126262665 
v -31.699602127075195 -32.90412521362305 0.031192025169730186 
v -31.64992332458496 -32.77473068237305 0.016969554126262665 
v -31.64992332458496 -32.77473068237305 0.031192025169730186 
v -33.34272766113281 -31.942819595336914 0.0643429383635521 
v -33.33403396606445 -32.05035400390625 0.0643429383635521 
v -33.34272766113281 -31.942819595336914 0.13137678802013397 
v -33.33403396606445 -32.05035400390625 0.13137678802013397 
v -31.469837188720703 -32.51653289794922 0.13284087181091309 
v -31.427610397338867 -32.437950134277344 0.13284087181091309 
v -31.469837188720703 -32.51653289794922 0.09937623143196106 
v -31.427610397338867 -32.437950134277344 0.09937623143196106 
v -32.934120178222656 -32.40663528442383 0.031192025169730186 
v -32.971378326416016 -32.273101806640625 0.031192025169730186 
v -33.20114517211914 -32.48048782348633 0.031192025169730186 
v -33.2384033203125 -32.34695816040039 0.031192025169730186 
v -31.754249572753906 -32.86217498779297 0.12112824618816376 
v -31.693391799926758 -32.74873352050781 0.12112824618816376 
v -31.46735382080078 -33.01579666137695 0.12112824618816376 
v -31.406497955322266 -32.9023551940918 0.12112824618816376 
v -31.46735382080078 -33.01579666137695 0.07762421667575836 
v -31.406497955322266 -32.9023551940918 0.07762421667575836 
v -31.754249572753906 -32.86217498779297 0.07762421667575836 
v -31.693391799926758 -32.74873352050781 0.07762421667575836 
v -31.770395278930664 -32.85331344604492 0.13284087181091309 
v -31.754249572753906 -32.86217498779297 0.12112824618816376 
v -31.451208114624023 -33.024658203125 0.13284087181091309 
v -31.46735382080078 -33.01579666137695 0.12112824618816376 
v -32.971378326416016 -32.273101806640625 0.016969554126262665 
v -32.934120178222656 -32.40663528442383 0.016969554126262665 
v -33.2384033203125 -32.34695816040039 0.016969554126262665 
v -33.20114517211914 -32.48048782348633 0.016969554126262665 
v -33.34272766113281 -31.942819595336914 0.13137678802013397 
v -33.33403396606445 -32.05035400390625 0.13137678802013397 
v -32.98131561279297 -31.91741180419922 0.13137678802013397 
v -32.97262191772461 -32.02494812011719 0.13137678802013397 
v -33.049625396728516 -32.45094680786133 0.13137678802013397 
v -33.05583190917969 -32.36231994628906 0.13137678802013397 
v -32.95026779174805 -32.355228424072266 0.13137678802013397 
v -32.92667007446289 -32.021400451660156 0.13137678802013397 
v -32.94405746459961 -32.44385528564453 0.13137678802013397 
v -32.8968620300293 -32.440311431884766 0.13137678802013397 
v -31.451208114624023 -33.024658203125 0.13284087181091309 
v -31.46735382080078 -33.01579666137695 0.12112824618816376 
v -31.451208114624023 -33.024658203125 0.06591159105300903 
v -31.46735382080078 -33.01579666137695 0.07762421667575836 
v -31.400287628173828 -32.929534912109375 0.13284087181091309 
v -31.451208114624023 -33.024658203125 0.13284087181091309 
v -31.400287628173828 -32.929534912109375 0.06591159105300903 
v -31.451208114624023 -33.024658203125 0.06591159105300903 
v -31.693391799926758 -32.74873352050781 0.07762421667575836 
v -31.406497955322266 -32.9023551940918 0.07762421667575836 
v -31.693391799926758 -32.74873352050781 0.12112824618816376 
v -31.406497955322266 -32.9023551940918 0.12112824618816376 
v -31.71947479248047 -32.75818634033203 0.06591159105300903 
v -31.71947479248047 -32.75818634033203 0.13284087181091309 
v -31.76045799255371 -32.736328125 0.06591159105300903 
v -31.76045799255371 -32.736328125 0.13284087181091309 
v -31.76045799255371 -32.736328125 0.06591159105300903 
v -31.76045799255371 -32.736328125 0.13284087181091309 
v -31.562986373901367 -32.36586380004883 0.06591159105300903 
v -31.562986373901367 -32.36586380004883 0.13284087181091309 
v -31.160587310791016 -32.5809326171875 0.06591159105300903 
v -31.160587310791016 -32.5809326171875 0.13284087181091309 
v -31.359302520751953 -32.951393127441406 0.06591159105300903 
v -31.359302520751953 -32.951393127441406 0.13284087181091309 
v -31.400287628173828 -32.929534912109375 0.06591159105300903 
v -31.359302520751953 -32.951393127441406 0.06591159105300903 
v -31.400287628173828 -32.929534912109375 0.13284087181091309 
v -31.359302520751953 -32.951393127441406 0.13284087181091309 
v -31.72941017150879 -32.87576675415039 0.0870361477136612 
v -31.72941017150879 -32.87576675415039 0.10125861316919327 
v -31.663585662841797 -32.754051208496094 0.0870361477136612 
v -31.663585662841797 -32.754051208496094 0.10125861316919327 
v -31.42015838623047 -32.88462829589844 0.0870361477136612 
v -31.42015838623047 -32.88462829589844 0.10125861316919327 
v -31.48598289489746 -33.006343841552734 0.0870361477136612 
v -31.48598289489746 -33.006343841552734 0.10125861316919327 
v -31.72941017150879 -32.87576675415039 0.0870361477136612 
v -31.663585662841797 -32.754051208496094 0.0870361477136612 
v -31.48598289489746 -33.006343841552734 0.0870361477136612 
v -31.42015838623047 -32.88462829589844 0.0870361477136612 
v -33.09681701660156 -32.907081604003906 0.06277427822351456 
v -33.1464958190918 -32.811363220214844 0.06277427822351456 
v -33.418487548828125 -33.073699951171875 0.06277427822351456 
v -33.46816635131836 -32.97798156738281 0.06277427822351456 
v -33.56752395629883 -32.55611801147461 0.06277427822351456 
v -33.52653884887695 -32.635292053222656 0.06277427822351456 
v -33.62092971801758 -32.68374252319336 0.06277427822351456 
v -33.51039505004883 -32.99925231933594 0.06277427822351456 
v -33.66191482543945 -32.605159759521484 0.06277427822351456 
v -33.70289993286133 -32.62643051147461 0.06277427822351456 
v -31.48598289489746 -33.006343841552734 0.0870361477136612 
v -31.48598289489746 -33.006343841552734 0.10125861316919327 
v -31.72941017150879 -32.87576675415039 0.0870361477136612 
v -31.72941017150879 -32.87576675415039 0.10125861316919327 
v -32.94405746459961 -32.44385528564453 0.09791215509176254 
v -32.94405746459961 -32.44385528564453 0.13137678802013397 
v -32.95026779174805 -32.355228424072266 0.09791215509176254 
v -32.95026779174805 -32.355228424072266 0.13137678802013397 
v -33.05583190917969 -32.36231994628906 0.09791215509176254 
v -33.049625396728516 -32.45094680786133 0.09791215509176254 
v -32.95026779174805 -32.355228424072266 0.09791215509176254 
v -32.94405746459961 -32.44385528564453 0.09791215509176254 
v -32.95026779174805 -32.355228424072266 0.09791215509176254 
v -32.95026779174805 -32.355228424072266 0.13137678802013397 
v -33.05583190917969 -32.36231994628906 0.09791215509176254 
v -33.05583190917969 -32.36231994628906 0.13137678802013397 
v -33.31416320800781 -32.06925964355469 0.07616013288497925 
v -33.324100494384766 -31.94163703918457 0.07616013288497925 
v -33.31416320800781 -32.06925964355469 0.11955959349870682 
v -33.324100494384766 -31.94163703918457 0.11955959349870682 
v -33.324100494384766 -31.94163703918457 0.07616013288497925 
v -33.31416320800781 -32.06925964355469 0.07616013288497925 
v -32.99870300292969 -31.918594360351562 0.07616013288497925 
v -32.99000930786133 -32.04680633544922 0.07616013288497925 
v -32.99000930786133 -32.04680633544922 0.11955959349870682 
v -32.99870300292969 -31.918594360351562 0.11955959349870682 
v -32.99000930786133 -32.04680633544922 0.07616013288497925 
v -32.99870300292969 -31.918594360351562 0.07616013288497925 
v -32.98131561279297 -31.91741180419922 0.13137678802013397 
v -32.99870300292969 -31.918594360351562 0.11955959349870682 
v -33.34272766113281 -31.942819595336914 0.13137678802013397 
v -33.324100494384766 -31.94163703918457 0.11955959349870682 
v -33.324100494384766 -31.94163703918457 0.07616013288497925 
v -33.34272766113281 -31.942819595336914 0.0643429383635521 
v -33.324100494384766 -31.94163703918457 0.11955959349870682 
v -33.34272766113281 -31.942819595336914 0.13137678802013397 
v -33.34272766113281 -31.942819595336914 0.0643429383635521 
v -33.324100494384766 -31.94163703918457 0.07616013288497925 
v -32.98131561279297 -31.91741180419922 0.0643429383635521 
v -32.99870300292969 -31.918594360351562 0.07616013288497925 
v -32.88444137573242 -32.378273010253906 0.20991411805152893 
v -33.22722625732422 -32.49644088745117 0.20991411805152893 
v -31.71947479248047 -32.75818634033203 0.06591159105300903 
v -31.770395278930664 -32.85331344604492 0.06591159105300903 
v -31.71947479248047 -32.75818634033203 0.13284087181091309 
v -31.770395278930664 -32.85331344604492 0.13284087181091309 
v -31.17300796508789 -32.53898239135742 -0.004155000206083059 
v -31.599002838134766 -32.37709045410156 -0.004155000206083059 
v -31.17300796508789 -32.53898239135742 0.06277427822351456 
v -31.4561767578125 -32.43144989013672 0.06277427822351456 
v -31.4561767578125 -32.43144989013672 0.02930963970720768 
v -31.55553436279297 -32.39363479614258 0.02930963970720768 
v -31.599002838134766 -32.37709045410156 0.06277427822351456 
v -31.55553436279297 -32.39363479614258 0.06277427822351456 
v -33.29801940917969 -32.41667938232422 0.06277427822351456 
v -33.10551071166992 -32.78950119018555 0.06277427822351456 
v -33.05583190917969 -32.36231994628906 0.13137678802013397 
v -33.049625396728516 -32.45094680786133 0.13137678802013397 
v -33.05583190917969 -32.36231994628906 0.09791215509176254 
v -33.049625396728516 -32.45094680786133 0.09791215509176254 
v -31.770395278930664 -32.85331344604492 0.06591159105300903 
v -31.754249572753906 -32.86217498779297 0.07762421667575836 
v -31.770395278930664 -32.85331344604492 0.13284087181091309 
v -31.754249572753906 -32.86217498779297 0.12112824618816376 
v -32.99870300292969 -31.918594360351562 0.11955959349870682 
v -32.98131561279297 -31.91741180419922 0.13137678802013397 
v -32.99870300292969 -31.918594360351562 0.07616013288497925 
v -32.98131561279297 -31.91741180419922 0.0643429383635521 
v -33.66191482543945 -32.605159759521484 0.06277427822351456 
v -33.66191482543945 -32.605159759521484 0.02930963970720768 
v -33.70289993286133 -32.62643051147461 0.06277427822351456 
v -33.70289993286133 -32.62643051147461 -0.004155000206083059 
v -33.56752395629883 -32.55611801147461 0.02930963970720768 
v -33.56752395629883 -32.55611801147461 0.06277427822351456 
v -33.29801940917969 -32.41667938232422 0.06277427822351456 
v -32.99870300292969 -31.918594360351562 0.11955959349870682 
v -32.99000930786133 -32.04680633544922 0.11955959349870682 
v -33.324100494384766 -31.94163703918457 0.11955959349870682 
v -33.31416320800781 -32.06925964355469 0.11955959349870682 
v -33.30298614501953 -31.939273834228516 0.09968996047973633 
v -33.29304885864258 -32.07753372192383 0.09968996047973633 
v -33.02726745605469 -31.919775009155273 0.09968996047973633 
v -33.017333984375 -32.05803298950195 0.09968996047973633 
v -31.599002838134766 -32.37709045410156 0.06277427822351456 
v -31.599002838134766 -32.37709045410156 -0.004155000206083059 
v -31.74803924560547 -32.77000427246094 0.06277427822351456 
v -31.74803924560547 -32.77000427246094 -0.004155000206083059 
v -33.28435516357422 -31.95522689819336 0.02930963970720768 
v -33.26075744628906 -32.04090118408203 0.02930963970720768 
v -33.28435516357422 -31.95522689819336 0.06277427822351456 
v -33.26075744628906 -32.04090118408203 0.06277427822351456 
v -31.441272735595703 -33.0022087097168 0.031192025169730186 
v -31.441272735595703 -33.0022087097168 0.016969554126262665 
v -31.39159393310547 -32.87281036376953 0.031192025169730186 
v -31.39159393310547 -32.87281036376953 0.016969554126262665 
v -33.26075744628906 -32.04090118408203 0.06277427822351456 
v -33.26075744628906 -32.04090118408203 0.02930963970720768 
v -33.36259841918945 -32.06925964355469 0.06277427822351456 
v -33.36259841918945 -32.06925964355469 0.02930963970720768 
v -31.562986373901367 -32.46630859375 0.13284087181091309 
v -31.562986373901367 -32.46630859375 0.09937623143196106 
v -31.52075958251953 -32.3883171081543 0.13284087181091309 
v -31.52075958251953 -32.3883171081543 0.09937623143196106 
v -33.263240814208984 -32.363502502441406 0.007557624019682407 
v -33.22846603393555 -32.487579345703125 0.007557624019682407 
v -32.94902420043945 -32.27664566040039 0.007557624019682407 
v -32.914249420166016 -32.400726318359375 0.007557624019682407 
v -33.263240814208984 -32.363502502441406 0.05106165632605553 
v -33.22846603393555 -32.487579345703125 0.05106165632605553 
v -33.263240814208984 -32.363502502441406 0.007557624019682407 
v -33.22846603393555 -32.487579345703125 0.007557624019682407 
v -31.406497955322266 -32.9023551940918 0.07762421667575836 
v -31.46735382080078 -33.01579666137695 0.07762421667575836 
v -31.406497955322266 -32.9023551940918 0.12112824618816376 
v -31.46735382080078 -33.01579666137695 0.12112824618816376 
v -32.914249420166016 -32.400726318359375 0.007557624019682407 
v -32.8968620300293 -32.395999908447266 -0.004155000206083059 
v -32.914249420166016 -32.400726318359375 0.05106165632605553 
v -32.8968620300293 -32.395999908447266 0.06277427822351456 
v -31.754249572753906 -32.86217498779297 0.07762421667575836 
v -31.770395278930664 -32.85331344604492 0.06591159105300903 
v -31.46735382080078 -33.01579666137695 0.07762421667575836 
v -31.451208114624023 -33.024658203125 0.06591159105300903 
v -31.451208114624023 -33.024658203125 0.13284087181091309 
v -31.400287628173828 -32.929534912109375 0.13284087181091309 
v -31.770395278930664 -32.85331344604492 0.13284087181091309 
v -31.71947479248047 -32.75818634033203 0.13284087181091309 
v -31.427610397338867 -32.437950134277344 0.13284087181091309 
v -31.469837188720703 -32.51653289794922 0.13284087181091309 
v -31.562986373901367 -32.46630859375 0.13284087181091309 
v -31.76045799255371 -32.736328125 0.13284087181091309 
v -31.52075958251953 -32.3883171081543 0.13284087181091309 
v -31.562986373901367 -32.36586380004883 0.13284087181091309 
v -33.245853424072266 -32.492305755615234 -0.004155000206083059 
v -33.22846603393555 -32.487579345703125 0.007557624019682407 
v -33.245853424072266 -32.492305755615234 0.06277427822351456 
v -33.22846603393555 -32.487579345703125 0.05106165632605553 
v -32.8968620300293 -32.395999908447266 -0.004155000206083059 
v -32.9254264831543 -32.29201126098633 -0.004155000206083059 
v -32.8968620300293 -32.395999908447266 0.06277427822351456 
v -32.9254264831543 -32.29201126098633 0.06277427822351456 
v -33.245853424072266 -32.492305755615234 0.06277427822351456 
v -33.27566146850586 -32.3883171081543 0.06277427822351456 
v -33.245853424072266 -32.492305755615234 -0.004155000206083059 
v -33.27566146850586 -32.3883171081543 -0.004155000206083059 
v -33.30671310424805 -32.40958786010742 0.14298483729362488 
v -33.443328857421875 -32.01253890991211 0.14298483729362488 
v -33.262001037597656 -32.39422607421875 0.14298483729362488 
v -33.01236343383789 -31.86423683166504 0.14298483729362488 
v -32.92045974731445 -32.27664566040039 0.14298483729362488 
v -32.87574768066406 -32.26128387451172 0.14298483729362488 
v -32.88444137573242 -32.378273010253906 0.14298483729362488 
v -33.22722625732422 -32.49644088745117 0.14298483729362488 
v -33.263240814208984 -32.363502502441406 0.007557624019682407 
v -32.94902420043945 -32.27664566040039 0.007557624019682407 
v -33.263240814208984 -32.363502502441406 0.05106165632605553 
v -32.94902420043945 -32.27664566040039 0.05106165632605553 
v -33.432151794433594 -31.995994567871094 0.06277427822351456 
v -33.432151794433594 -31.995994567871094 -0.004155000206083059 
v -33.32037353515625 -32.400726318359375 0.06277427822351456 
v -33.32037353515625 -32.400726318359375 -0.004155000206083059 
v -32.880714416503906 -32.27960205078125 0.06277427822351456 
v -32.880714416503906 -32.27960205078125 -0.004155000206083059 
v -32.99249267578125 -31.8748722076416 0.06277427822351456 
v -32.99249267578125 -31.8748722076416 -0.004155000206083059 
v -32.880714416503906 -32.27960205078125 0.06277427822351456 
v -32.9254264831543 -32.29201126098633 0.06277427822351456 
v -32.880714416503906 -32.27960205078125 -0.004155000206083059 
v -32.9254264831543 -32.29201126098633 -0.004155000206083059 
v -31.160587310791016 -32.5809326171875 0.13284087181091309 
v -31.359302520751953 -32.951393127441406 0.13284087181091309 
v -33.20114517211914 -32.48048782348633 0.016969554126262665 
v -33.20114517211914 -32.48048782348633 0.031192025169730186 
v -33.2384033203125 -32.34695816040039 0.016969554126262665 
v -33.2384033203125 -32.34695816040039 0.031192025169730186 
v -33.02726745605469 -31.919775009155273 0.09968996047973633 
v -33.02726745605469 -31.919775009155273 0.08557206392288208 
v -33.30298614501953 -31.939273834228516 0.09968996047973633 
v -33.30298614501953 -31.939273834228516 0.08557206392288208 
v -31.743070602416992 -32.886993408203125 0.06277427822351456 
v -31.704570770263672 -32.78654861450195 0.06277427822351456 
v -31.743070602416992 -32.886993408203125 -0.004155000206083059 
v -31.704570770263672 -32.78654861450195 -0.004155000206083059 
v -31.770395278930664 -32.85331344604492 0.06591159105300903 
v -31.71947479248047 -32.75818634033203 0.06591159105300903 
v -31.451208114624023 -33.024658203125 0.06591159105300903 
v -31.400287628173828 -32.929534912109375 0.06591159105300903 
v -31.160587310791016 -32.5809326171875 0.06591159105300903 
v -31.359302520751953 -32.951393127441406 0.06591159105300903 
v -31.562986373901367 -32.36586380004883 0.06591159105300903 
v -31.76045799255371 -32.736328125 0.06591159105300903 
v -33.46195602416992 -32.951393127441406 0.007557624019682407 
v -33.172576904296875 -32.80131912231445 0.007557624019682407 
v -33.46195602416992 -32.951393127441406 0.05106165632605553 
v -33.172576904296875 -32.80131912231445 0.05106165632605553 
v -31.725683212280273 -32.894081115722656 0.007557624019682407 
v -31.679731369018555 -32.7735481262207 0.007557624019682407 
v -31.725683212280273 -32.894081115722656 0.05106165632605553 
v -31.679731369018555 -32.7735481262207 0.05106165632605553 
v -33.432151794433594 -31.995994567871094 0.06277427822351456 
v -33.32037353515625 -32.400726318359375 0.06277427822351456 
v -33.38619613647461 -31.98358726501465 0.06277427822351456 
v -33.36259841918945 -32.06925964355469 0.06277427822351456 
v -33.27566146850586 -32.3883171081543 0.06277427822351456 
v -33.26075744628906 -32.04090118408203 0.06277427822351456 
v -33.28435516357422 -31.95522689819336 0.06277427822351456 
v -32.9254264831543 -32.29201126098633 0.06277427822351456 
v -32.99249267578125 -31.8748722076416 0.06277427822351456 
v -32.880714416503906 -32.27960205078125 0.06277427822351456 
v -33.245853424072266 -32.492305755615234 0.06277427822351456 
v -32.8968620300293 -32.395999908447266 0.06277427822351456 
v -31.754249572753906 -32.86217498779297 0.07762421667575836 
v -31.693391799926758 -32.74873352050781 0.07762421667575836 
v -31.754249572753906 -32.86217498779297 0.12112824618816376 
v -31.693391799926758 -32.74873352050781 0.12112824618816376 
v -33.66191482543945 -32.605159759521484 0.02930963970720768 
v -33.66191482543945 -32.605159759521484 0.06277427822351456 
v -33.62092971801758 -32.68374252319336 0.02930963970720768 
v -33.62092971801758 -32.68374252319336 0.06277427822351456 
v -33.131595611572266 -32.92539596557617 0.031192025169730186 
v -33.1949348449707 -32.8025016784668 0.031192025169730186 
v -33.37750244140625 -33.05242919921875 0.031192025169730186 
v -33.44084548950195 -32.929534912109375 0.031192025169730186 
v -33.36259841918945 -32.06925964355469 0.06277427822351456 
v -33.36259841918945 -32.06925964355469 0.02930963970720768 
v -33.38619613647461 -31.98358726501465 0.06277427822351456 
v -33.38619613647461 -31.98358726501465 0.02930963970720768 
v -31.469837188720703 -32.51653289794922 0.13284087181091309 
v -31.469837188720703 -32.51653289794922 0.09937623143196106 
v -31.562986373901367 -32.46630859375 0.13284087181091309 
v -31.562986373901367 -32.46630859375 0.09937623143196106 
v -33.35142135620117 -32.47221755981445 0.13137678802013397 
v -33.381229400634766 -32.053897857666016 0.13137678802013397 
v -32.94902420043945 -32.27664566040039 0.007557624019682407 
v -32.914249420166016 -32.400726318359375 0.007557624019682407 
v -32.94902420043945 -32.27664566040039 0.05106165632605553 
v -32.914249420166016 -32.400726318359375 0.05106165632605553 
v -33.35142135620117 -32.47221755981445 0.0643429383635521 
v -32.8968620300293 -32.440311431884766 0.0643429383635521 
v -33.35142135620117 -32.47221755981445 0.13137678802013397 
v -33.049625396728516 -32.45094680786133 0.13137678802013397 
v -33.049625396728516 -32.45094680786133 0.09791215509176254 
v -32.94405746459961 -32.44385528564453 0.09791215509176254 
v -32.8968620300293 -32.440311431884766 0.13137678802013397 
v -32.94405746459961 -32.44385528564453 0.13137678802013397 
v -31.52075958251953 -32.3883171081543 0.13284087181091309 
v -31.52075958251953 -32.3883171081543 0.09937623143196106 
v -31.562986373901367 -32.36586380004883 0.13284087181091309 
v -31.562986373901367 -32.36586380004883 0.06591159105300903 
v -31.427610397338867 -32.437950134277344 0.09937623143196106 
v -31.427610397338867 -32.437950134277344 0.13284087181091309 
v -31.160587310791016 -32.5809326171875 0.13284087181091309 
v -33.245853424072266 -32.492305755615234 0.06277427822351456 
v -33.22846603393555 -32.487579345703125 0.05106165632605553 
v -32.8968620300293 -32.395999908447266 0.06277427822351456 
v -32.914249420166016 -32.400726318359375 0.05106165632605553 
v -31.48598289489746 -33.006343841552734 0.10125861316919327 
v -31.42015838623047 -32.88462829589844 0.10125861316919327 
v -31.72941017150879 -32.87576675415039 0.10125861316919327 
v -31.663585662841797 -32.754051208496094 0.10125861316919327 
v -32.8968620300293 -32.395999908447266 -0.004155000206083059 
v -32.914249420166016 -32.400726318359375 0.007557624019682407 
v -33.245853424072266 -32.492305755615234 -0.004155000206083059 
v -33.22846603393555 -32.487579345703125 0.007557624019682407 
v -33.32037353515625 -32.400726318359375 0.06277427822351456 
v -33.32037353515625 -32.400726318359375 -0.004155000206083059 
v -33.27566146850586 -32.3883171081543 0.06277427822351456 
v -33.27566146850586 -32.3883171081543 -0.004155000206083059 
v -33.22846603393555 -32.487579345703125 0.05106165632605553 
v -33.263240814208984 -32.363502502441406 0.05106165632605553 
v -32.914249420166016 -32.400726318359375 0.05106165632605553 
v -32.94902420043945 -32.27664566040039 0.05106165632605553 
v -33.418487548828125 -33.073699951171875 0.06277427822351456 
v -33.40234375 -33.0654296875 0.05106165632605553 
v -33.09681701660156 -32.907081604003906 0.06277427822351456 
v -33.11296463012695 -32.91535186767578 0.05106165632605553 
v -33.26075744628906 -32.04090118408203 0.02930963970720768 
v -33.28435516357422 -31.95522689819336 0.02930963970720768 
v -33.36259841918945 -32.06925964355469 0.02930963970720768 
v -33.38619613647461 -31.98358726501465 0.02930963970720768 
v -32.934120178222656 -32.40663528442383 0.031192025169730186 
v -32.934120178222656 -32.40663528442383 0.016969554126262665 
v -32.971378326416016 -32.273101806640625 0.031192025169730186 
v -32.971378326416016 -32.273101806640625 0.016969554126262665 
v -33.29801940917969 -32.41667938232422 -0.004155000206083059 
v -33.01236343383789 -31.86423683166504 0.14298483729362488 
v -31.160587310791016 -32.5809326171875 0.06591159105300903 
v -32.99249267578125 -31.8748722076416 -0.004155000206083059 
vn -2.0682311115474694e-13 0 -1 
vn 2.0682311115474694e-13 4.2775797696334704e-26 -1 
vn 2.0682311115474694e-13 4.2775797696334704e-26 -1 
vn -2.0682311115474694e-13 0 -1 
vn 2.0682311115474694e-13 4.2775797696334704e-26 -1 
vn -2.0682311115474694e-13 0 -1 
vn 2.0682311115474694e-13 4.2775797696334704e-26 -1 
vn 2.0682311115474694e-13 4.2775797696334704e-26 -1 
vn -2.0682311115474694e-13 0 -1 
vn 2.0682311115474694e-13 4.2775797696334704e-26 -1 
vn 2.0682311115474694e-13 4.2775797696334704e-26 -1 
vn 2.0682311115474694e-13 4.2775797696334704e-26 -1 
vn 2.0682311115474694e-13 4.2775797696334704e-26 -1 
vn -2.0682311115474694e-13 0 -1 
vn 2.0682311115474694e-13 4.2775797696334704e-26 -1 
vn 2.0682311115474694e-13 4.2775797696334704e-26 -1 
vn 0 0 1 
vn 0 0 1 
vn 0 0 1 
vn 0 0 1 
vn 0 0 1 
vn 0 0 1 
vn 0 0 1 
vn 0 0 1 
vn 0 0 1 
vn 0 0 1 
vn 0 0 1 
vn 0 0 1 
vn 0 0 1 
vn 0 0 1 
vn 0 0 1 
vn 0 0 1 
vn 0 0 1 
vn 0 0 1 
vn 0 0 1 
vn 0 0 1 
vn -2.0682311115474694e-13 0 -1 
vn -2.0682311115474694e-13 0 -1 
vn -2.0682311115474694e-13 0 -1 
vn -2.0682311115474694e-13 0 -1 
vn -0.2685312330722809 0.963268518447876 0.002184694167226553 
vn -0.2685312330722809 0.963268518447876 0.002184694167226553 
vn -0.2685312330722809 0.963268518447876 0.002184694167226553 
vn -0.2685312330722809 0.963268518447876 0.002184694167226553 
vn -0.2685312330722809 0.963268518447876 0.002184694167226553 
vn -0.2685312330722809 0.963268518447876 0.002184694167226553 
vn -0.2685312330722809 0.963268518447876 0.002184694167226553 
vn -0.354604035615921 -0.935014009475708 0.002184694167226553 
vn -0.354604035615921 -0.935014009475708 0.002184694167226553 
vn -0.354604035615921 -0.935014009475708 0.002184694167226553 
vn -0.354604035615921 -0.935014009475708 0.002184694167226553 
vn -0.9976887702941895 -0.06791467219591141 0.002184694167226553 
vn -0.9976887702941895 -0.06791467219591141 0.002184694167226553 
vn -0.9976887702941895 -0.06791467219591141 0.002184694167226553 
vn -0.9976887702941895 -0.06791467219591141 0.002184694167226553 
vn -0.354604035615921 -0.935014009475708 0.002184694167226553 
vn -0.354604035615921 -0.935014009475708 0.002184694167226553 
vn -0.354604035615921 -0.935014009475708 0.002184694167226553 
vn -0.354604035615921 -0.935014009475708 0.002184694167226553 
vn -0.354604035615921 -0.935014009475708 -0.002184694167226553 
vn -0.354604035615921 -0.935014009475708 -0.002184694167226553 
vn -0.354604035615921 -0.935014009475708 -0.002184694167226553 
vn -0.354604035615921 -0.935014009475708 -0.002184694167226553 
vn -0.32620200514793396 0.9452975392341614 0.002184694167226553 
vn -0.32620200514793396 0.9452975392341614 0.002184694167226553 
vn -0.32620200514793396 0.9452975392341614 0.002184694167226553 
vn -0.32620200514793396 0.9452975392341614 0.002184694167226553 
vn -0.32620200514793396 0.9452975392341614 0.002184694167226553 
vn -0.32620200514793396 0.9452975392341614 0.002184694167226553 
vn -0.32620200514793396 0.9452975392341614 0.002184694167226553 
vn 0 0 1 
vn 0 0 1 
vn 0 0 1 
vn 0 0 1 
vn -0.45802199840545654 0.8889381885528564 0.002184694167226553 
vn -0.45802199840545654 0.8889381885528564 0.002184694167226553 
vn -0.45802199840545654 0.8889381885528564 0.002184694167226553 
vn -0.45802199840545654 0.8889381885528564 0.002184694167226553 
vn -2.0682311115474694e-13 0 -1 
vn -2.0682311115474694e-13 0 -1 
vn -2.0682311115474694e-13 0 -1 
vn -2.0682311115474694e-13 0 -1 
vn -0.8889381885528564 -0.45802199840545654 0.002184694167226553 
vn -0.8889381885528564 -0.45802199840545654 0.002184694167226553 
vn -0.8889381885528564 -0.45802199840545654 0.002184694167226553 
vn -0.8889381885528564 -0.45802199840545654 0.002184694167226553 
vn 0 0 1 
vn 0 0 1 
vn 0 0 1 
vn 0 0 1 
vn 0.8889381885528564 0.45802199840545654 0.002184694167226553 
vn 0.8889381885528564 0.45802199840545654 0.002184694167226553 
vn 0.8889381885528564 0.45802199840545654 0.002184694167226553 
vn 0.8889381885528564 0.45802199840545654 0.002184694167226553 
vn 0.45802199840545654 -0.8889381885528564 0.002184694167226553 
vn 0.45802199840545654 -0.8889381885528564 0.002184694167226553 
vn 0.45802199840545654 -0.8889381885528564 0.002184694167226553 
vn 0.45802199840545654 -0.8889381885528564 0.002184694167226553 
vn 0.45802199840545654 -0.8889381885528564 -0.002184694167226553 
vn 0.45802199840545654 -0.8889381885528564 -0.002184694167226553 
vn 0.45802199840545654 -0.8889381885528564 -0.002184694167226553 
vn 0.45802199840545654 -0.8889381885528564 -0.002184694167226553 
vn 0.45802199840545654 -0.8889381885528564 0.002184694167226553 
vn 0.45802199840545654 -0.8889381885528564 0.002184694167226553 
vn 0.45802199840545654 -0.8889381885528564 0.002184694167226553 
vn 0.45802199840545654 -0.8889381885528564 0.002184694167226553 
vn -0.8889381885528564 -0.45802199840545654 0.002184694167226553 
vn -0.8889381885528564 -0.45802199840545654 0.002184694167226553 
vn -0.8889381885528564 -0.45802199840545654 0.002184694167226553 
vn -0.8889381885528564 -0.45802199840545654 0.002184694167226553 
vn 0.9976887702941895 0.06791467219591141 0.002184694167226553 
vn 0.9976887702941895 0.06791467219591141 0.002184694167226553 
vn 0.9976887702941895 0.06791467219591141 0.002184694167226553 
vn 0.9976887702941895 0.06791467219591141 0.002184694167226553 
vn 0.8889381885528564 0.45802199840545654 0.002184694167226553 
vn 0.8889381885528564 0.45802199840545654 0.002184694167226553 
vn 0.8889381885528564 0.45802199840545654 0.002184694167226553 
vn 0.8889381885528564 0.45802199840545654 0.002184694167226553 
vn 2.0682311115474694e-13 4.2775797696334704e-26 -1 
vn -2.0682311115474694e-13 0 -1 
vn 2.0682311115474694e-13 4.2775797696334704e-26 -1 
vn 2.0682311115474694e-13 4.2775797696334704e-26 -1 
vn 2.0682311115474694e-13 4.2775797696334704e-26 -1 
vn -2.0682311115474694e-13 0 -1 
vn 2.0682311115474694e-13 4.2775797696334704e-26 -1 
vn -2.0682311115474694e-13 0 -1 
vn -0.8889381885528564 -0.45802199840545654 0.002184694167226553 
vn -0.8889381885528564 -0.45802199840545654 0.002184694167226553 
vn -0.8889381885528564 -0.45802199840545654 0.002184694167226553 
vn -0.8889381885528564 -0.45802199840545654 0.002184694167226553 
vn 0.45802199840545654 -0.8889381885528564 0.002184694167226553 
vn 0.45802199840545654 -0.8889381885528564 0.002184694167226553 
vn 0.45802199840545654 -0.8889381885528564 0.002184694167226553 
vn 0.45802199840545654 -0.8889381885528564 0.002184694167226553 
vn -0.8889381885528564 -0.45802199840545654 0.002184694167226553 
vn -0.8889381885528564 -0.45802199840545654 0.002184694167226553 
vn -0.8889381885528564 -0.45802199840545654 0.002184694167226553 
vn -0.8889381885528564 -0.45802199840545654 0.002184694167226553 
vn 0.8889381885528564 0.45802199840545654 0.002184694167226553 
vn 0.8889381885528564 0.45802199840545654 0.002184694167226553 
vn 0.8889381885528564 0.45802199840545654 0.002184694167226553 
vn 0.8889381885528564 0.45802199840545654 0.002184694167226553 
vn 0.45802199840545654 -0.8889381885528564 0.002184694167226553 
vn 0.45802199840545654 -0.8889381885528564 0.002184694167226553 
vn 0.45802199840545654 -0.8889381885528564 0.002184694167226553 
vn 0.45802199840545654 -0.8889381885528564 0.002184694167226553 
vn -0.8889381885528564 -0.45802199840545654 0.002184694167226553 
vn -0.8889381885528564 -0.45802199840545654 0.002184694167226553 
vn -0.8889381885528564 -0.45802199840545654 0.002184694167226553 
vn -0.8889381885528564 -0.45802199840545654 0.002184694167226553 
vn 0.8889381885528564 0.45802199840545654 0.002184694167226553 
vn 0.8889381885528564 0.45802199840545654 0.002184694167226553 
vn 0.8889381885528564 0.45802199840545654 0.002184694167226553 
vn 0.8889381885528564 0.45802199840545654 0.002184694167226553 
vn -2.0682311115474694e-13 0 -1 
vn -2.0682311115474694e-13 0 -1 
vn -2.0682311115474694e-13 0 -1 
vn -2.0682311115474694e-13 0 -1 
vn 0.45802199840545654 -0.8889381885528564 0.002184694167226553 
vn 0.45802199840545654 -0.8889381885528564 0.002184694167226553 
vn 0.45802199840545654 -0.8889381885528564 0.002184694167226553 
vn 0.45802199840545654 -0.8889381885528564 0.002184694167226553 
vn 0.9452975392341614 0.32620200514793396 0.002184694167226553 
vn 0.9452975392341614 0.32620200514793396 0.002184694167226553 
vn 0.9452975392341614 0.32620200514793396 0.002184694167226553 
vn 0.9452975392341614 0.32620200514793396 0.002184694167226553 
vn 0 0 1 
vn 0 0 1 
vn 0 0 1 
vn 0 0 1 
vn -0.9452975392341614 -0.32620200514793396 0.002184694167226553 
vn -0.9452975392341614 -0.32620200514793396 0.002184694167226553 
vn -0.9452975392341614 -0.32620200514793396 0.002184694167226553 
vn -0.9452975392341614 -0.32620200514793396 0.002184694167226553 
vn -0.32620200514793396 0.9452975392341614 0.002184694167226553 
vn -0.32620200514793396 0.9452975392341614 0.002184694167226553 
vn -0.32620200514793396 0.9452975392341614 0.002184694167226553 
vn -0.32620200514793396 0.9452975392341614 0.002184694167226553 
vn -2.0682311115474694e-13 0 -1 
vn -2.0682311115474694e-13 0 -1 
vn -2.0682311115474694e-13 0 -1 
vn -2.0682311115474694e-13 0 -1 
vn -0.9452975392341614 -0.32620200514793396 0.002184694167226553 
vn -0.9452975392341614 -0.32620200514793396 0.002184694167226553 
vn -0.9452975392341614 -0.32620200514793396 0.002184694167226553 
vn -0.9452975392341614 -0.32620200514793396 0.002184694167226553 
vn 0 0 1 
vn 0 0 1 
vn 0 0 1 
vn 0 0 1 
vn 0.9452975392341614 0.32620200514793396 0.002184694167226553 
vn 0.9452975392341614 0.32620200514793396 0.002184694167226553 
vn 0.9452975392341614 0.32620200514793396 0.002184694167226553 
vn 0.9452975392341614 0.32620200514793396 0.002184694167226553 
vn 0.32620200514793396 -0.9452975392341614 -0.002184694167226553 
vn 0.32620200514793396 -0.9452975392341614 -0.002184694167226553 
vn 0.32620200514793396 -0.9452975392341614 -0.002184694167226553 
vn 0.32620200514793396 -0.9452975392341614 -0.002184694167226553 
vn 0.32620200514793396 -0.9452975392341614 0.002184694167226553 
vn 0.32620200514793396 -0.9452975392341614 0.002184694167226553 
vn 0.32620200514793396 -0.9452975392341614 0.002184694167226553 
vn 0.32620200514793396 -0.9452975392341614 0.002184694167226553 
vn 0 0 1 
vn 0 0 1 
vn 0 0 1 
vn 0 0 1 
vn 0.32620200514793396 -0.9452975392341614 0.002184694167226553 
vn 0.32620200514793396 -0.9452975392341614 0.002184694167226553 
vn 0.32620200514793396 -0.9452975392341614 0.002184694167226553 
vn 0.32620200514793396 -0.9452975392341614 0.002184694167226553 
vn 0.32620200514793396 -0.9452975392341614 0.002184694167226553 
vn 0.32620200514793396 -0.9452975392341614 0.002184694167226553 
vn 0.32620200514793396 -0.9452975392341614 0.002184694167226553 
vn 0.32620200514793396 -0.9452975392341614 0.002184694167226553 
vn 0.9452975392341614 0.32620200514793396 0.002184694167226553 
vn 0.9452975392341614 0.32620200514793396 0.002184694167226553 
vn 0.9452975392341614 0.32620200514793396 0.002184694167226553 
vn 0.9452975392341614 0.32620200514793396 0.002184694167226553 
vn -0.935014009475708 0.354604035615921 0.002184694167226553 
vn -0.935014009475708 0.354604035615921 0.002184694167226553 
vn -0.935014009475708 0.354604035615921 0.002184694167226553 
vn -0.935014009475708 0.354604035615921 0.002184694167226553 
vn -0.9452975392341614 -0.32620200514793396 0.002184694167226553 
vn -0.9452975392341614 -0.32620200514793396 0.002184694167226553 
vn -0.9452975392341614 -0.32620200514793396 0.002184694167226553 
vn -0.9452975392341614 -0.32620200514793396 0.002184694167226553 
vn 0.32620200514793396 -0.9452975392341614 0.002184694167226553 
vn 0.32620200514793396 -0.9452975392341614 0.002184694167226553 
vn 0.32620200514793396 -0.9452975392341614 0.002184694167226553 
vn 0.32620200514793396 -0.9452975392341614 0.002184694167226553 
vn 0.32620200514793396 -0.9452975392341614 0.002184694167226553 
vn 0.32620200514793396 -0.9452975392341614 0.002184694167226553 
vn 0.32620200514793396 -0.9452975392341614 0.002184694167226553 
vn 0.32620200514793396 -0.9452975392341614 0.002184694167226553 
vn -0.06791467219591141 0.9976887702941895 0.002184694167226553 
vn -0.06791467219591141 0.9976887702941895 0.002184694167226553 
vn -0.06791467219591141 0.9976887702941895 0.002184694167226553 
vn -0.06791467219591141 0.9976887702941895 0.002184694167226553 
vn -0.9452975392341614 -0.32620200514793396 0.002184694167226553 
vn -0.9452975392341614 -0.32620200514793396 0.002184694167226553 
vn -0.9452975392341614 -0.32620200514793396 0.002184694167226553 
vn -0.9452975392341614 -0.32620200514793396 0.002184694167226553 
vn 0.9452975392341614 0.32620200514793396 0.002184694167226553 
vn 0.9452975392341614 0.32620200514793396 0.002184694167226553 
vn 0.9452975392341614 0.32620200514793396 0.002184694167226553 
vn 0.9452975392341614 0.32620200514793396 0.002184694167226553 
vn 0.32620200514793396 -0.9452975392341614 0.002184694167226553 
vn 0.32620200514793396 -0.9452975392341614 0.002184694167226553 
vn 0.32620200514793396 -0.9452975392341614 0.002184694167226553 
vn 0.32620200514793396 -0.9452975392341614 0.002184694167226553 
vn 0.9452975392341614 0.32620200514793396 0.002184694167226553 
vn 0.9452975392341614 0.32620200514793396 0.002184694167226553 
vn 0.9452975392341614 0.32620200514793396 0.002184694167226553 
vn 0.9452975392341614 0.32620200514793396 0.002184694167226553 
vn -2.0682311115474694e-13 0 -1 
vn -2.0682311115474694e-13 0 -1 
vn -2.0682311115474694e-13 0 -1 
vn -2.0682311115474694e-13 0 -1 
vn 0 0 1 
vn 0 0 1 
vn 0 0 1 
vn 0 0 1 
vn 0.935014009475708 -0.354604035615921 0.002184694167226553 
vn 0.935014009475708 -0.354604035615921 0.002184694167226553 
vn 0.935014009475708 -0.354604035615921 0.002184694167226553 
vn 0.935014009475708 -0.354604035615921 0.002184694167226553 
vn 0 0 1 
vn 0 0 1 
vn 0 0 1 
vn 0 0 1 
vn -0.9452975392341614 -0.32620200514793396 0.002184694167226553 
vn -0.9452975392341614 -0.32620200514793396 0.002184694167226553 
vn -0.9452975392341614 -0.32620200514793396 0.002184694167226553 
vn -0.9452975392341614 -0.32620200514793396 0.002184694167226553 
vn -0.354604035615921 -0.935014009475708 0.002184694167226553 
vn -0.354604035615921 -0.935014009475708 0.002184694167226553 
vn -0.354604035615921 -0.935014009475708 0.002184694167226553 
vn -0.354604035615921 -0.935014009475708 0.002184694167226553 
vn -0.9976887702941895 -0.06791467219591141 0.002184694167226553 
vn -0.9976887702941895 -0.06791467219591141 0.002184694167226553 
vn -0.9976887702941895 -0.06791467219591141 0.002184694167226553 
vn -0.9976887702941895 -0.06791467219591141 0.002184694167226553 
vn -0.935014009475708 0.354604035615921 0.002184694167226553 
vn -0.935014009475708 0.354604035615921 0.002184694167226553 
vn -0.935014009475708 0.354604035615921 0.002184694167226553 
vn -0.935014009475708 0.354604035615921 0.002184694167226553 
vn 0.354604035615921 0.935014009475708 0.002184694167226553 
vn 0.354604035615921 0.935014009475708 0.002184694167226553 
vn 0.354604035615921 0.935014009475708 0.002184694167226553 
vn 0.354604035615921 0.935014009475708 0.002184694167226553 
vn -0.06791467219591141 0.9976887702941895 0.002184694167226553 
vn -0.06791467219591141 0.9976887702941895 0.002184694167226553 
vn -0.06791467219591141 0.9976887702941895 0.002184694167226553 
vn -0.06791467219591141 0.9976887702941895 0.002184694167226553 
vn 0.32620200514793396 -0.9452975392341614 0.002184694167226553 
vn 0.32620200514793396 -0.9452975392341614 0.002184694167226553 
vn 0.32620200514793396 -0.9452975392341614 0.002184694167226553 
vn 0.32620200514793396 -0.9452975392341614 0.002184694167226553 
vn -0.06791467219591141 0.9976887702941895 0.002184694167226553 
vn -0.06791467219591141 0.9976887702941895 0.002184694167226553 
vn -0.06791467219591141 0.9976887702941895 0.002184694167226553 
vn -0.06791467219591141 0.9976887702941895 0.002184694167226553 
vn 0.9976887702941895 0.06791467219591141 0.002184694167226553 
vn 0.9976887702941895 0.06791467219591141 0.002184694167226553 
vn 0.9976887702941895 0.06791467219591141 0.002184694167226553 
vn 0.9976887702941895 0.06791467219591141 0.002184694167226553 
vn 0.2685312330722809 -0.963268518447876 0.002184694167226553 
vn 0.2685312330722809 -0.963268518447876 0.002184694167226553 
vn 0.2685312330722809 -0.963268518447876 0.002184694167226553 
vn 0.2685312330722809 -0.963268518447876 0.002184694167226553 
vn 0.9976887702941895 0.06791467219591141 0.002184694167226553 
vn 0.9976887702941895 0.06791467219591141 0.002184694167226553 
vn 0.9976887702941895 0.06791467219591141 0.002184694167226553 
vn 0.9976887702941895 0.06791467219591141 0.002184694167226553 
vn -2.0682311115474694e-13 0 -1 
vn -2.0682311115474694e-13 0 -1 
vn -2.0682311115474694e-13 0 -1 
vn -2.0682311115474694e-13 0 -1 
vn 0.935014009475708 -0.354604035615921 0.002184694167226553 
vn 0.935014009475708 -0.354604035615921 0.002184694167226553 
vn 0.935014009475708 -0.354604035615921 0.002184694167226553 
vn 0.935014009475708 -0.354604035615921 0.002184694167226553 
vn 0 0 1 
vn 0 0 1 
vn -0.354604035615921 -0.935014009475708 0.002184694167226553 
vn -0.354604035615921 -0.935014009475708 0.002184694167226553 
vn -0.354604035615921 -0.935014009475708 0.002184694167226553 
vn -0.354604035615921 -0.935014009475708 0.002184694167226553 
vn -0.354604035615921 -0.935014009475708 0.002184694167226553 
vn -0.354604035615921 -0.935014009475708 0.002184694167226553 
vn -0.354604035615921 -0.935014009475708 0.002184694167226553 
vn -0.354604035615921 -0.935014009475708 0.002184694167226553 
vn -2.0682311115474694e-13 0 -1 
vn -2.0682311115474694e-13 0 -1 
vn -2.0682311115474694e-13 0 -1 
vn -2.0682311115474694e-13 0 -1 
vn -2.0682311115474694e-13 0 -1 
vn -2.0682311115474694e-13 0 -1 
vn -2.0682311115474694e-13 0 -1 
vn 2.0682311115474694e-13 4.2775797696334704e-26 -1 
vn 0.935014009475708 -0.354604035615921 0.002184694167226553 
vn 0.935014009475708 -0.354604035615921 0.002184694167226553 
vn 0.935014009475708 -0.354604035615921 0.002184694167226553 
vn 0.935014009475708 -0.354604035615921 0.002184694167226553 
vn -2.0682311115474694e-13 0 -1 
vn -2.0682311115474694e-13 0 -1 
vn -2.0682311115474694e-13 0 -1 
vn -2.0682311115474694e-13 0 -1 
vn -0.354604035615921 -0.935014009475708 0.002184694167226553 
vn -0.354604035615921 -0.935014009475708 0.002184694167226553 
vn -0.354604035615921 -0.935014009475708 0.002184694167226553 
vn -0.354604035615921 -0.935014009475708 0.002184694167226553 
vn 0 0 1 
vn 0 0 1 
vn 0 0 1 
vn 0 0 1 
vn 0 0 1 
vn 0 0 1 
vn 0 0 1 
vn 0 0 1 
vn -0.354604035615921 -0.935014009475708 0.002184694167226553 
vn -0.354604035615921 -0.935014009475708 0.002184694167226553 
vn -0.354604035615921 -0.935014009475708 0.002184694167226553 
vn -0.354604035615921 -0.935014009475708 0.002184694167226553 
vn -0.935014009475708 0.354604035615921 0.002184694167226553 
vn -0.935014009475708 0.354604035615921 0.002184694167226553 
vn -0.935014009475708 0.354604035615921 0.002184694167226553 
vn -0.935014009475708 0.354604035615921 0.002184694167226553 
vn -0.9976887702941895 -0.06791467219591141 0.002184694167226553 
vn -0.9976887702941895 -0.06791467219591141 0.002184694167226553 
vn -0.9976887702941895 -0.06791467219591141 0.002184694167226553 
vn -0.9976887702941895 -0.06791467219591141 0.002184694167226553 
vn -0.8819191455841064 0.4713956117630005 0.002184694167226553 
vn -0.8819191455841064 0.4713956117630005 0.002184694167226553 
vn -0.8819191455841064 0.4713956117630005 0.002184694167226553 
vn -0.8819191455841064 0.4713956117630005 0.002184694167226553 
vn 0 0 1 
vn 0 0 1 
vn 0 0 1 
vn 0 0 1 
vn -2.0682311115474694e-13 0 -1 
vn -2.0682311115474694e-13 0 -1 
vn -2.0682311115474694e-13 0 -1 
vn -2.0682311115474694e-13 0 -1 
vn 0 0 1 
vn 0 0 1 
vn 0 0 1 
vn 0 0 1 
vn -0.4713956117630005 -0.8819191455841064 0.002184694167226553 
vn -0.4713956117630005 -0.8819191455841064 0.002184694167226553 
vn -0.4713956117630005 -0.8819191455841064 0.002184694167226553 
vn -0.4713956117630005 -0.8819191455841064 0.002184694167226553 
vn -2.0682311115474694e-13 0 -1 
vn -2.0682311115474694e-13 0 -1 
vn -2.0682311115474694e-13 0 -1 
vn -2.0682311115474694e-13 0 -1 
vn 0 0 1 
vn 0 0 1 
vn 0 0 1 
vn 0 0 1 
vn 0 0 1 
vn 0 0 1 
vn 0 0 1 
vn 0 0 1 
vn 0 0 1 
vn 0 0 1 
vn -0.4713956117630005 -0.8819191455841064 0.002184694167226553 
vn -0.4713956117630005 -0.8819191455841064 0.002184694167226553 
vn -0.4713956117630005 -0.8819191455841064 0.002184694167226553 
vn -0.4713956117630005 -0.8819191455841064 0.002184694167226553 
vn 0.8819191455841064 -0.4713956117630005 0.002184694167226553 
vn 0.8819191455841064 -0.4713956117630005 0.002184694167226553 
vn 0.8819191455841064 -0.4713956117630005 0.002184694167226553 
vn 0.8819191455841064 -0.4713956117630005 0.002184694167226553 
vn -0.4713956117630005 -0.8819191455841064 0.002184694167226553 
vn -0.4713956117630005 -0.8819191455841064 0.002184694167226553 
vn -0.4713956117630005 -0.8819191455841064 0.002184694167226553 
vn -0.4713956117630005 -0.8819191455841064 0.002184694167226553 
vn -0.4713956117630005 -0.8819191455841064 0.002184694167226553 
vn -0.4713956117630005 -0.8819191455841064 0.002184694167226553 
vn -0.4713956117630005 -0.8819191455841064 0.002184694167226553 
vn -0.4713956117630005 -0.8819191455841064 0.002184694167226553 
vn -0.8819191455841064 0.4713956117630005 0.002184694167226553 
vn -0.8819191455841064 0.4713956117630005 0.002184694167226553 
vn -0.8819191455841064 0.4713956117630005 0.002184694167226553 
vn -0.8819191455841064 0.4713956117630005 0.002184694167226553 
vn 0.8819191455841064 -0.4713956117630005 0.002184694167226553 
vn 0.8819191455841064 -0.4713956117630005 0.002184694167226553 
vn 0.8819191455841064 -0.4713956117630005 0.002184694167226553 
vn 0.8819191455841064 -0.4713956117630005 0.002184694167226553 
vn -0.4713956117630005 -0.8819191455841064 0.002184694167226553 
vn -0.4713956117630005 -0.8819191455841064 0.002184694167226553 
vn -0.4713956117630005 -0.8819191455841064 0.002184694167226553 
vn -0.4713956117630005 -0.8819191455841064 0.002184694167226553 
vn -0.8819191455841064 0.4713956117630005 0.002184694167226553 
vn -0.8819191455841064 0.4713956117630005 0.002184694167226553 
vn -0.8819191455841064 0.4713956117630005 0.002184694167226553 
vn -0.8819191455841064 0.4713956117630005 0.002184694167226553 
vn 0.8819191455841064 -0.4713956117630005 0.002184694167226553 
vn 0.8819191455841064 -0.4713956117630005 0.002184694167226553 
vn 0.8819191455841064 -0.4713956117630005 0.002184694167226553 
vn 0.8819191455841064 -0.4713956117630005 0.002184694167226553 
vn -2.0682311115474694e-13 0 -1 
vn -2.0682311115474694e-13 0 -1 
vn -2.0682311115474694e-13 0 -1 
vn -2.0682311115474694e-13 0 -1 
vn 0 0 1 
vn 0 0 1 
vn 0 0 1 
vn 0 0 1 
vn 0 0 1 
vn 0 0 1 
vn 0 0 1 
vn 0 0 1 
vn 0 0 1 
vn 0 0 1 
vn -0.4713956117630005 -0.8819191455841064 0.002184694167226553 
vn -0.4713956117630005 -0.8819191455841064 0.002184694167226553 
vn -0.4713956117630005 -0.8819191455841064 0.002184694167226553 
vn -0.4713956117630005 -0.8819191455841064 0.002184694167226553 
vn -0.9976887702941895 -0.06791467219591141 0.002184694167226553 
vn -0.9976887702941895 -0.06791467219591141 0.002184694167226553 
vn -0.9976887702941895 -0.06791467219591141 0.002184694167226553 
vn -0.9976887702941895 -0.06791467219591141 0.002184694167226553 
vn 0 0 1 
vn 0 0 1 
vn 0 0 1 
vn 0 0 1 
vn 0.06791467219591141 -0.9976887702941895 0.002184694167226553 
vn 0.06791467219591141 -0.9976887702941895 0.002184694167226553 
vn 0.06791467219591141 -0.9976887702941895 0.002184694167226553 
vn 0.06791467219591141 -0.9976887702941895 0.002184694167226553 
vn 0.9976887702941895 0.06791467219591141 0.002184694167226553 
vn 0.9976887702941895 0.06791467219591141 0.002184694167226553 
vn 0.9976887702941895 0.06791467219591141 0.002184694167226553 
vn 0.9976887702941895 0.06791467219591141 0.002184694167226553 
vn 0 0 1 
vn 0 0 1 
vn 0 0 1 
vn 0 0 1 
vn -0.9976887702941895 -0.06791467219591141 0.002184694167226553 
vn -0.9976887702941895 -0.06791467219591141 0.002184694167226553 
vn -0.9976887702941895 -0.06791467219591141 0.002184694167226553 
vn -0.9976887702941895 -0.06791467219591141 0.002184694167226553 
vn -0.06791467219591141 0.9976887702941895 0.002184694167226553 
vn -0.06791467219591141 0.9976887702941895 0.002184694167226553 
vn -0.06791467219591141 0.9976887702941895 0.002184694167226553 
vn -0.06791467219591141 0.9976887702941895 0.002184694167226553 
vn -0.06791467219591141 0.9976887702941895 0.002184694167226553 
vn -0.06791467219591141 0.9976887702941895 0.002184694167226553 
vn -0.06791467219591141 0.9976887702941895 0.002184694167226553 
vn -0.06791467219591141 0.9976887702941895 0.002184694167226553 
vn -0.06791467219591141 0.9976887702941895 -0.002184694167226553 
vn -0.06791467219591141 0.9976887702941895 -0.002184694167226553 
vn -0.06791467219591141 0.9976887702941895 -0.002184694167226553 
vn -0.06791467219591141 0.9976887702941895 -0.002184694167226553 
vn 0 0 1 
vn 0 0 1 
vn -0.8819191455841064 0.4713956117630005 0.002184694167226553 
vn -0.8819191455841064 0.4713956117630005 0.002184694167226553 
vn -0.8819191455841064 0.4713956117630005 0.002184694167226553 
vn -0.8819191455841064 0.4713956117630005 0.002184694167226553 
vn 0.354604035615921 0.935014009475708 0.002184694167226553 
vn 0.354604035615921 0.935014009475708 0.002184694167226553 
vn 0.354604035615921 0.935014009475708 0.002184694167226553 
vn 0.354604035615921 0.935014009475708 0.002184694167226553 
vn 0.354604035615921 0.935014009475708 0.002184694167226553 
vn 0.354604035615921 0.935014009475708 0.002184694167226553 
vn 0.354604035615921 0.935014009475708 0.002184694167226553 
vn 0.354604035615921 0.935014009475708 0.002184694167226553 
vn 0 0 1 
vn 0 0 1 
vn 0.9976887702941895 0.06791467219591141 0.002184694167226553 
vn 0.9976887702941895 0.06791467219591141 0.002184694167226553 
vn 0.9976887702941895 0.06791467219591141 0.002184694167226553 
vn 0.9976887702941895 0.06791467219591141 0.002184694167226553 
vn -0.4713956117630005 -0.8819191455841064 0.002184694167226553 
vn -0.4713956117630005 -0.8819191455841064 0.002184694167226553 
vn -0.4713956117630005 -0.8819191455841064 0.002184694167226553 
vn -0.4713956117630005 -0.8819191455841064 0.002184694167226553 
vn -0.06791467219591141 0.9976887702941895 0.002184694167226553 
vn -0.06791467219591141 0.9976887702941895 0.002184694167226553 
vn -0.06791467219591141 0.9976887702941895 0.002184694167226553 
vn -0.06791467219591141 0.9976887702941895 0.002184694167226553 
vn -0.45802199840545654 0.8889381885528564 0.002184694167226553 
vn -0.45802199840545654 0.8889381885528564 0.002184694167226553 
vn -0.45802199840545654 0.8889381885528564 0.002184694167226553 
vn -0.45802199840545654 0.8889381885528564 -0.002184694167226553 
vn -0.45802199840545654 0.8889381885528564 -0.002184694167226553 
vn -0.45802199840545654 0.8889381885528564 -0.002184694167226553 
vn -0.45802199840545654 0.8889381885528564 -0.002184694167226553 
vn -2.0682311115474694e-13 0 -1 
vn -2.0682311115474694e-13 0 -1 
vn -2.0682311115474694e-13 0 -1 
vn -2.0682311115474694e-13 0 -1 
vn 0 0 1 
vn 0 0 1 
vn 0 0 1 
vn 0 0 1 
vn -0.935014009475708 0.354604035615921 0.002184694167226553 
vn -0.935014009475708 0.354604035615921 0.002184694167226553 
vn -0.935014009475708 0.354604035615921 0.002184694167226553 
vn -0.935014009475708 0.354604035615921 0.002184694167226553 
vn -0.963268518447876 -0.2685312330722809 0.002184694167226553 
vn -0.963268518447876 -0.2685312330722809 0.002184694167226553 
vn -0.963268518447876 -0.2685312330722809 0.002184694167226553 
vn -0.963268518447876 -0.2685312330722809 0.002184694167226553 
vn 0.935014009475708 -0.354604035615921 0.002184694167226553 
vn 0.935014009475708 -0.354604035615921 0.002184694167226553 
vn 0.935014009475708 -0.354604035615921 0.002184694167226553 
vn 0.935014009475708 -0.354604035615921 0.002184694167226553 
vn -0.2685312330722809 0.963268518447876 0.002184694167226553 
vn -0.2685312330722809 0.963268518447876 0.002184694167226553 
vn -0.2685312330722809 0.963268518447876 0.002184694167226553 
vn -0.2685312330722809 0.963268518447876 0.002184694167226553 
vn 0.8819191455841064 -0.4713956117630005 0.002184694167226553 
vn 0.8819191455841064 -0.4713956117630005 0.002184694167226553 
vn 0.8819191455841064 -0.4713956117630005 0.002184694167226553 
vn 0.8819191455841064 -0.4713956117630005 0.002184694167226553 
vn 0 0 1 
vn 0 0 1 
vn 0 0 1 
vn 0 0 1 
vn 0.963268518447876 0.2685312330722809 0.002184694167226553 
vn 0.963268518447876 0.2685312330722809 0.002184694167226553 
vn 0.963268518447876 0.2685312330722809 0.002184694167226553 
vn 0.963268518447876 0.2685312330722809 0.002184694167226553 
vn -0.8819191455841064 0.4713956117630005 0.002184694167226553 
vn -0.8819191455841064 0.4713956117630005 0.002184694167226553 
vn -0.8819191455841064 0.4713956117630005 0.002184694167226553 
vn -0.8819191455841064 0.4713956117630005 0.002184694167226553 
vn 0.2685312330722809 -0.963268518447876 0.002184694167226553 
vn 0.2685312330722809 -0.963268518447876 0.002184694167226553 
vn 0.2685312330722809 -0.963268518447876 0.002184694167226553 
vn 0.2685312330722809 -0.963268518447876 0.002184694167226553 
vn -0.4713956117630005 -0.8819191455841064 0.002184694167226553 
vn -0.4713956117630005 -0.8819191455841064 0.002184694167226553 
vn -0.4713956117630005 -0.8819191455841064 0.002184694167226553 
vn -0.4713956117630005 -0.8819191455841064 0.002184694167226553 
vn 0 0 1 
vn 0 0 1 
vn 0 0 1 
vn 0 0 1 
vn 0 0 1 
vn 0 0 1 
vn 0 0 1 
vn 0 0 1 
vn 0 0 1 
vn 0 0 1 
vn 0.2685312330722809 -0.963268518447876 0.002184694167226553 
vn 0.2685312330722809 -0.963268518447876 0.002184694167226553 
vn 0.2685312330722809 -0.963268518447876 0.002184694167226553 
vn 0.2685312330722809 -0.963268518447876 0.002184694167226553 
vn 0.963268518447876 0.2685312330722809 0.002184694167226553 
vn 0.963268518447876 0.2685312330722809 0.002184694167226553 
vn 0.963268518447876 0.2685312330722809 0.002184694167226553 
vn 0.963268518447876 0.2685312330722809 0.002184694167226553 
vn -0.963268518447876 -0.2685312330722809 0.002184694167226553 
vn -0.963268518447876 -0.2685312330722809 0.002184694167226553 
vn -0.963268518447876 -0.2685312330722809 0.002184694167226553 
vn -0.963268518447876 -0.2685312330722809 0.002184694167226553 
vn -2.0682311115474694e-13 0 -1 
vn -2.0682311115474694e-13 0 -1 
vn -2.0682311115474694e-13 0 -1 
vn -2.0682311115474694e-13 0 -1 
vn -2.0682311115474694e-13 0 -1 
vn -2.0682311115474694e-13 0 -1 
vn -2.0682311115474694e-13 0 -1 
vn -2.0682311115474694e-13 0 -1 
vn 0.2685312330722809 -0.963268518447876 0.002184694167226553 
vn 0.2685312330722809 -0.963268518447876 0.002184694167226553 
vn 0.2685312330722809 -0.963268518447876 0.002184694167226553 
vn 0.2685312330722809 -0.963268518447876 0.002184694167226553 
vn -0.963268518447876 -0.2685312330722809 0.002184694167226553 
vn -0.963268518447876 -0.2685312330722809 0.002184694167226553 
vn -0.963268518447876 -0.2685312330722809 0.002184694167226553 
vn -0.963268518447876 -0.2685312330722809 0.002184694167226553 
vn 0.963268518447876 0.2685312330722809 0.002184694167226553 
vn 0.963268518447876 0.2685312330722809 0.002184694167226553 
vn 0.963268518447876 0.2685312330722809 0.002184694167226553 
vn 0.963268518447876 0.2685312330722809 0.002184694167226553 
vn 0.2685312330722809 -0.963268518447876 0.002184694167226553 
vn 0.2685312330722809 -0.963268518447876 0.002184694167226553 
vn 0.2685312330722809 -0.963268518447876 0.002184694167226553 
vn 0.2685312330722809 -0.963268518447876 0.002184694167226553 
vn 0 0 1 
vn 0 0 1 
vn -0.963268518447876 -0.2685312330722809 0.002184694167226553 
vn -0.963268518447876 -0.2685312330722809 0.002184694167226553 
vn -0.963268518447876 -0.2685312330722809 0.002184694167226553 
vn -0.963268518447876 -0.2685312330722809 0.002184694167226553 
vn -0.06791467219591141 0.9976887702941895 0.002184694167226553 
vn -0.06791467219591141 0.9976887702941895 0.002184694167226553 
vn -0.06791467219591141 0.9976887702941895 0.002184694167226553 
vn -0.06791467219591141 0.9976887702941895 0.002184694167226553 
vn -0.935014009475708 0.354604035615921 0.002184694167226553 
vn -0.935014009475708 0.354604035615921 0.002184694167226553 
vn -0.935014009475708 0.354604035615921 0.002184694167226553 
vn -0.935014009475708 0.354604035615921 0.002184694167226553 
vn 2.0682311115474694e-13 4.2775797696334704e-26 -1 
vn 2.0682311115474694e-13 4.2775797696334704e-26 -1 
vn 2.0682311115474694e-13 4.2775797696334704e-26 -1 
vn 2.0682311115474694e-13 4.2775797696334704e-26 -1 
vn 2.0682311115474694e-13 4.2775797696334704e-26 -1 
vn -2.0682311115474694e-13 0 -1 
vn 2.0682311115474694e-13 4.2775797696334704e-26 -1 
vn -2.0682311115474694e-13 0 -1 
vn 0.45802199840545654 -0.8889381885528564 0.002184694167226553 
vn 0.45802199840545654 -0.8889381885528564 0.002184694167226553 
vn 0.45802199840545654 -0.8889381885528564 0.002184694167226553 
vn 0.45802199840545654 -0.8889381885528564 0.002184694167226553 
vn 0.935014009475708 -0.354604035615921 0.002184694167226553 
vn 0.935014009475708 -0.354604035615921 0.002184694167226553 
vn 0.935014009475708 -0.354604035615921 0.002184694167226553 
vn 0.935014009475708 -0.354604035615921 0.002184694167226553 
vn 0 0 1 
vn 0 0 1 
vn 0 0 1 
vn 0 0 1 
vn 0 0 1 
vn 0 0 1 
vn 0 0 1 
vn 0 0 1 
vn 0 0 1 
vn 0 0 1 
vn 0 0 1 
vn 0 0 1 
vn 0.8819191455841064 -0.4713956117630005 0.002184694167226553 
vn 0.8819191455841064 -0.4713956117630005 0.002184694167226553 
vn 0.8819191455841064 -0.4713956117630005 0.002184694167226553 
vn 0.8819191455841064 -0.4713956117630005 0.002184694167226553 
vn 0.8889381885528564 0.45802199840545654 0.002184694167226553 
vn 0.8889381885528564 0.45802199840545654 0.002184694167226553 
vn 0.8889381885528564 0.45802199840545654 0.002184694167226553 
vn 0.8889381885528564 0.45802199840545654 0.002184694167226553 
vn 0 0 1 
vn 0 0 1 
vn 0 0 1 
vn 0 0 1 
vn 0.963268518447876 0.2685312330722809 0.002184694167226553 
vn 0.963268518447876 0.2685312330722809 0.002184694167226553 
vn 0.963268518447876 0.2685312330722809 0.002184694167226553 
vn 0.963268518447876 0.2685312330722809 0.002184694167226553 
vn 0.4713956117630005 0.8819191455841064 0.002184694167226553 
vn 0.4713956117630005 0.8819191455841064 0.002184694167226553 
vn 0.4713956117630005 0.8819191455841064 0.002184694167226553 
vn 0.4713956117630005 0.8819191455841064 0.002184694167226553 
vn 0 0 1 
vn 0 0 1 
vn -0.963268518447876 -0.2685312330722809 0.002184694167226553 
vn -0.963268518447876 -0.2685312330722809 0.002184694167226553 
vn -0.963268518447876 -0.2685312330722809 0.002184694167226553 
vn -0.963268518447876 -0.2685312330722809 0.002184694167226553 
vn 0.06791467219591141 -0.9976887702941895 0.002184694167226553 
vn 0.06791467219591141 -0.9976887702941895 0.002184694167226553 
vn 0.06791467219591141 -0.9976887702941895 0.002184694167226553 
vn 0.06791467219591141 -0.9976887702941895 0.002184694167226553 
vn 0.06791467219591141 -0.9976887702941895 0.002184694167226553 
vn 0.06791467219591141 -0.9976887702941895 0.002184694167226553 
vn 0.06791467219591141 -0.9976887702941895 0.002184694167226553 
vn 0.06791467219591141 -0.9976887702941895 0.002184694167226553 
vn 0.4713956117630005 0.8819191455841064 0.002184694167226553 
vn 0.4713956117630005 0.8819191455841064 0.002184694167226553 
vn 0.4713956117630005 0.8819191455841064 0.002184694167226553 
vn 0.4713956117630005 0.8819191455841064 -0.002184694167226553 
vn 0.4713956117630005 0.8819191455841064 -0.002184694167226553 
vn 0.4713956117630005 0.8819191455841064 -0.002184694167226553 
vn 0.4713956117630005 0.8819191455841064 -0.002184694167226553 
vn 0.2685312330722809 -0.963268518447876 0.002184694167226553 
vn 0.2685312330722809 -0.963268518447876 0.002184694167226553 
vn 0.2685312330722809 -0.963268518447876 0.002184694167226553 
vn 0.2685312330722809 -0.963268518447876 0.002184694167226553 
vn 0 0 1 
vn 0 0 1 
vn 0 0 1 
vn 0 0 1 
vn 0.2685312330722809 -0.963268518447876 -0.002184694167226553 
vn 0.2685312330722809 -0.963268518447876 -0.002184694167226553 
vn 0.2685312330722809 -0.963268518447876 -0.002184694167226553 
vn 0.2685312330722809 -0.963268518447876 -0.002184694167226553 
vn 0.2685312330722809 -0.963268518447876 0.002184694167226553 
vn 0.2685312330722809 -0.963268518447876 0.002184694167226553 
vn 0.2685312330722809 -0.963268518447876 0.002184694167226553 
vn 0.2685312330722809 -0.963268518447876 0.002184694167226553 
vn -2.0682311115474694e-13 0 -1 
vn -2.0682311115474694e-13 0 -1 
vn -2.0682311115474694e-13 0 -1 
vn -2.0682311115474694e-13 0 -1 
vn 0.45802199840545654 -0.8889381885528564 0.002184694167226553 
vn 0.45802199840545654 -0.8889381885528564 0.002184694167226553 
vn 0.45802199840545654 -0.8889381885528564 0.002184694167226553 
vn 0.45802199840545654 -0.8889381885528564 0.002184694167226553 
vn 0 0 1 
vn 0 0 1 
vn 0 0 1 
vn 0 0 1 
vn 0.963268518447876 0.2685312330722809 0.002184694167226553 
vn 0.963268518447876 0.2685312330722809 0.002184694167226553 
vn 0.963268518447876 0.2685312330722809 0.002184694167226553 
vn 0.963268518447876 0.2685312330722809 0.002184694167226553 
vn -0.45802199840545654 0.8889381885528564 -0.002184694167226553 
vn -0.32620200514793396 0.9452975392341614 0.002184694167226553 
vn 0.4713956117630005 0.8819191455841064 -0.002184694167226553 
vn -0.2685312330722809 0.963268518447876 0.002184694167226553 
vt 0.9950352311134338 0.5134130120277405 
vt 0.9613785743713379 0.5134130120277405 
vt 0.9950352311134338 0.8160956501960754 
vt 0.7002664804458618 0.5134130120277405 
vt 0.6666098833084106 0.8160956501960754 
vt 0.6666098833084106 0.5134130120277405 
vt 0.9613785743713379 0.43563953042030334 
vt 0.7002664804458618 0.43563953042030334 
vt 0.9950352311134338 0.5134130120277405 
vt 0.9613785743713379 0.5134130120277405 
vt 0.9950352311134338 0.8160956501960754 
vt 0.7002664804458618 0.5134130120277405 
vt 0.6666098833084106 0.8160956501960754 
vt 0.6666098833084106 0.5134130120277405 
vt 0.9613785743713379 0.43563953042030334 
vt 0.7002664804458618 0.43563953042030334 
vt 0.665151834487915 0.512925386428833 
vt 0.665151834487915 0.8176804184913635 
vt 0.6312522292137146 0.512925386428833 
vt 0.44535112380981445 0.8176804184913635 
vt 0.368317574262619 0.512925386428833 
vt 0.44535112380981445 0.7530723214149475 
vt 0.368317574262619 0.7530723214149475 
vt 0.3344179689884186 0.512925386428833 
vt 0.368317574262619 0.8176804184913635 
vt 0.3344179689884186 0.8176804184913635 
vt 0.29833126068115234 0.0009369999752379954 
vt 0.29833126068115234 0.07931998372077942 
vt 0.03539661690592766 0.0009369999752379954 
vt 0.03539661690592766 0.07931998372077942 
vt 0.1124301552772522 0.3839530944824219 
vt 0.1124301552772522 0.3194669187068939 
vt 0.03539661690592766 0.3194669187068939 
vt 0.001496999990195036 0.07931998372077942 
vt 0.03539661690592766 0.3839530944824219 
vt 0.001496999990195036 0.3839530944824219 
vt 0.23539219796657562 0.8830198645591736 
vt 0.23539219796657562 0.999192476272583 
vt 0.0031980560161173344 0.8830198645591736 
vt 0.0031980560161173344 0.999192476272583 
vt 0.6994159817695618 0.38529402017593384 
vt 0.6994159817695618 0.40955251455307007 
vt 0.6653948426246643 0.38529402017593384 
vt 0.6653948426246643 0.433932900428772 
vt 0.7765710353851318 0.40955251455307007 
vt 0.7765710353851318 0.38529402017593384 
vt 0.9967362880706787 0.38529402017593384 
vt 0.994184672832489 0.8184118270874023 
vt 0.9808192253112793 0.8269449472427368 
vt 0.7321005463600159 0.8184118270874023 
vt 0.7453444600105286 0.8269449472427368 
vt 0.23478467762470245 0.870829701423645 
vt 0.23478467762470245 0.8826541900634766 
vt 0.11862685531377792 0.870829701423645 
vt 0.11862685531377792 0.8826541900634766 
vt 0.9808192253112793 0.8269449472427368 
vt 0.994184672832489 0.8184118270874023 
vt 0.9808192253112793 0.8583956956863403 
vt 0.994184672832489 0.8669288158416748 
vt 0.7321005463600159 0.8669288158416748 
vt 0.7453444600105286 0.8583956956863403 
vt 0.994184672832489 0.8669288158416748 
vt 0.9808192253112793 0.8583956956863403 
vt 0.36843907833099365 0.818899393081665 
vt 0.36843907833099365 0.8432798385620117 
vt 0.3344179689884186 0.818899393081665 
vt 0.3344179689884186 0.867538332939148 
vt 0.4455941319465637 0.8432798385620117 
vt 0.4455941319465637 0.818899393081665 
vt 0.6657593846321106 0.818899393081665 
vt 0.03539661690592766 0.40930870175361633 
vt 0.03539661690592766 0.3447006344795227 
vt 0.1124301552772522 0.40930870175361633 
vt 0.1124301552772522 0.3447006344795227 
vt 0.03539661690592766 0.3447006344795227 
vt 0.03539661690592766 0.3194669187068939 
vt 0.1124301552772522 0.3447006344795227 
vt 0.1124301552772522 0.3194669187068939 
vt 0.7481390833854675 0.8276763558387756 
vt 0.7481390833854675 0.8613213300704956 
vt 0.9827632904052734 0.8276763558387756 
vt 0.9827632904052734 0.8613213300704956 
vt 0.9827632904052734 0.8613213300704956 
vt 0.9827632904052734 0.8276763558387756 
vt 0.9827632904052734 0.8613213300704956 
vt 0.9827632904052734 0.8276763558387756 
vt 0.9827632904052734 0.8276763558387756 
vt 0.9827632904052734 0.8613213300704956 
vt 0.7481390833854675 0.8276763558387756 
vt 0.7481390833854675 0.8613213300704956 
vt 0.7481390833854675 0.8276763558387756 
vt 0.7481390833854675 0.8613213300704956 
vt 0.7481390833854675 0.8276763558387756 
vt 0.7481390833854675 0.8613213300704956 
vt 0.9808192253112793 0.8269449472427368 
vt 0.994184672832489 0.8184118270874023 
vt 0.9808192253112793 0.8583956956863403 
vt 0.994184672832489 0.8669288158416748 
vt 0.7453444600105286 0.8269449472427368 
vt 0.7321005463600159 0.8184118270874023 
vt 0.9808192253112793 0.8269449472427368 
vt 0.994184672832489 0.8184118270874023 
vt 0.7453444600105286 0.8583956956863403 
vt 0.7321005463600159 0.8669288158416748 
vt 0.7453444600105286 0.8269449472427368 
vt 0.7321005463600159 0.8184118270874023 
vt 0.9644162058830261 0.43637093901634216 
vt 0.9644162058830261 0.5110968947410583 
vt 0.9926051497459412 0.43637093901634216 
vt 0.9926051497459412 0.5110968947410583 
vt 0.1199634000658989 0.870829701423645 
vt 0.1199634000658989 0.8826541900634766 
vt 0.003805575892329216 0.870829701423645 
vt 0.003805575892329216 0.8826541900634766 
vt 0.9923621416091919 0.9208095073699951 
vt 0.9139920473098755 0.9208095073699951 
vt 0.9923621416091919 0.8721705675125122 
vt 0.9139920473098755 0.8721705675125122 
vt 0.7002664804458618 0.43563953042030334 
vt 0.7002664804458618 0.5134130120277405 
vt 0.9613785743713379 0.43563953042030334 
vt 0.9613785743713379 0.5134130120277405 
vt 0.9950352311134338 0.8160956501960754 
vt 0.9950352311134338 0.5134130120277405 
vt 0.6666098833084106 0.8160956501960754 
vt 0.6666098833084106 0.5134130120277405 
vt 0.9923621416091919 0.8721705675125122 
vt 0.9139920473098755 0.8721705675125122 
vt 0.9923621416091919 0.9208095073699951 
vt 0.9139920473098755 0.9208095073699951 
vt 0.8797279000282288 0.8721705675125122 
vt 0.8797279000282288 0.9208095073699951 
vt 0.9139920473098755 0.8721705675125122 
vt 0.9139920473098755 0.9208095073699951 
vt 0.5749958753585815 0.8721705675125122 
vt 0.5749958753585815 0.9208095073699951 
vt 0.8797279000282288 0.8721705675125122 
vt 0.8797279000282288 0.9208095073699951 
vt 0.8797279000282288 0.8721705675125122 
vt 0.8797279000282288 0.9208095073699951 
vt 0.5749958753585815 0.8721705675125122 
vt 0.5749958753585815 0.9208095073699951 
vt 0.9139920473098755 0.9208095073699951 
vt 0.8797279000282288 0.9208095073699951 
vt 0.9139920473098755 0.8721705675125122 
vt 0.8797279000282288 0.8721705675125122 
vt 0.1199634000658989 0.870829701423645 
vt 0.1199634000658989 0.8826541900634766 
vt 0.003805575892329216 0.870829701423645 
vt 0.003805575892329216 0.8826541900634766 
vt 0.23478467762470245 0.870829701423645 
vt 0.23478467762470245 0.8826541900634766 
vt 0.11862685531377792 0.870829701423645 
vt 0.11862685531377792 0.8826541900634766 
vt 0.0031980560161173344 0.999192476272583 
vt 0.0031980560161173344 0.8830198645591736 
vt 0.23539219796657562 0.999192476272583 
vt 0.23539219796657562 0.8830198645591736 
vt 0.2374577671289444 0.8832636475563049 
vt 0.2374577671289444 0.8714391589164734 
vt 0.4696519076824188 0.8832636475563049 
vt 0.4696519076824188 0.8714391589164734 
vt 0.9644162058830261 0.43637093901634216 
vt 0.9926051497459412 0.43637093901634216 
vt 0.9644162058830261 0.5110968947410583 
vt 0.9926051497459412 0.5110968947410583 
vt 0.44535112380981445 0.7784279584884644 
vt 0.44535112380981445 0.8429141044616699 
vt 0.368317574262619 0.7784279584884644 
vt 0.368317574262619 0.8429141044616699 
vt 0.9644162058830261 0.43637093901634216 
vt 0.9644162058830261 0.5110968947410583 
vt 0.9926051497459412 0.43637093901634216 
vt 0.9926051497459412 0.5110968947410583 
vt 0.368317574262619 0.7784279584884644 
vt 0.368317574262619 0.7530723214149475 
vt 0.44535112380981445 0.7784279584884644 
vt 0.44535112380981445 0.7530723214149475 
vt 0.9827632904052734 0.8613213300704956 
vt 0.9827632904052734 0.8276763558387756 
vt 0.7481390833854675 0.8613213300704956 
vt 0.7481390833854675 0.8276763558387756 
vt 0.9827632904052734 0.8276763558387756 
vt 0.9827632904052734 0.8613213300704956 
vt 0.9827632904052734 0.8276763558387756 
vt 0.9827632904052734 0.8613213300704956 
vt 0.9827632904052734 0.8276763558387756 
vt 0.9827632904052734 0.8613213300704956 
vt 0.7481390833854675 0.8276763558387756 
vt 0.7481390833854675 0.8613213300704956 
vt 0.7481390833854675 0.8613213300704956 
vt 0.7481390833854675 0.8276763558387756 
vt 0.7481390833854675 0.8613213300704956 
vt 0.7481390833854675 0.8276763558387756 
vt 0.9808192253112793 0.8583956956863403 
vt 0.994184672832489 0.8669288158416748 
vt 0.7453444600105286 0.8583956956863403 
vt 0.7321005463600159 0.8669288158416748 
vt 0.994184672832489 0.8669288158416748 
vt 0.9808192253112793 0.8583956956863403 
vt 0.994184672832489 0.8184118270874023 
vt 0.9808192253112793 0.8269449472427368 
vt 0.9827632904052734 0.8276763558387756 
vt 0.9827632904052734 0.8613213300704956 
vt 0.7481390833854675 0.8276763558387756 
vt 0.7481390833854675 0.8613213300704956 
vt 0.994184672832489 0.8184118270874023 
vt 0.9808192253112793 0.8269449472427368 
vt 0.7321005463600159 0.8184118270874023 
vt 0.7453444600105286 0.8269449472427368 
vt 0.7453444600105286 0.8583956956863403 
vt 0.7321005463600159 0.8669288158416748 
vt 0.7453444600105286 0.8269449472427368 
vt 0.7321005463600159 0.8184118270874023 
vt 0.9139920473098755 0.8721705675125122 
vt 0.9923621416091919 0.8721705675125122 
vt 0.9139920473098755 0.9208095073699951 
vt 0.9923621416091919 0.9208095073699951 
vt 0.9827632904052734 0.8276763558387756 
vt 0.9827632904052734 0.8613213300704956 
vt 0.9827632904052734 0.8276763558387756 
vt 0.9827632904052734 0.8613213300704956 
vt 0.9139920473098755 0.9208095073699951 
vt 0.9923621416091919 0.9208095073699951 
vt 0.9139920473098755 0.8721705675125122 
vt 0.9923621416091919 0.8721705675125122 
vt 0.9827632904052734 0.8613213300704956 
vt 0.7481390833854675 0.8613213300704956 
vt 0.9827632904052734 0.8613213300704956 
vt 0.7481390833854675 0.8613213300704956 
vt 0.9139920473098755 0.9208095073699951 
vt 0.9139920473098755 0.8721705675125122 
vt 0.8797279000282288 0.9208095073699951 
vt 0.8797279000282288 0.8721705675125122 
vt 0.9139920473098755 0.9208095073699951 
vt 0.8797279000282288 0.9208095073699951 
vt 0.9139920473098755 0.8721705675125122 
vt 0.8797279000282288 0.8721705675125122 
vt 0.8797279000282288 0.9208095073699951 
vt 0.8797279000282288 0.8721705675125122 
vt 0.5749958753585815 0.9208095073699951 
vt 0.5749958753585815 0.8721705675125122 
vt 0.5749958753585815 0.9208095073699951 
vt 0.5749958753585815 0.8721705675125122 
vt 0.8797279000282288 0.9208095073699951 
vt 0.8797279000282288 0.8721705675125122 
vt 0.9139920473098755 0.9208095073699951 
vt 0.8797279000282288 0.9208095073699951 
vt 0.9139920473098755 0.8721705675125122 
vt 0.8797279000282288 0.8721705675125122 
vt 0.11862685531377792 0.8826541900634766 
vt 0.11862685531377792 0.870829701423645 
vt 0.23478467762470245 0.8826541900634766 
vt 0.23478467762470245 0.870829701423645 
vt 0.0031980560161173344 0.999192476272583 
vt 0.0031980560161173344 0.8830198645591736 
vt 0.23539219796657562 0.999192476272583 
vt 0.23539219796657562 0.8830198645591736 
vt 0.4696519076824188 0.8832636475563049 
vt 0.4696519076824188 0.9994362592697144 
vt 0.2374577671289444 0.8832636475563049 
vt 0.2374577671289444 0.9994362592697144 
vt 0.9926051497459412 0.5110968947410583 
vt 0.9644162058830261 0.5110968947410583 
vt 0.9926051497459412 0.43637093901634216 
vt 0.9644162058830261 0.43637093901634216 
vt 0.03539661690592766 0.40930870175361633 
vt 0.03539661690592766 0.3447006344795227 
vt 0.1124301552772522 0.40930870175361633 
vt 0.1124301552772522 0.3447006344795227 
vt 0.003805575892329216 0.8826541900634766 
vt 0.003805575892329216 0.870829701423645 
vt 0.1199634000658989 0.8826541900634766 
vt 0.1199634000658989 0.870829701423645 
vt 0.7453444600105286 0.8583956956863403 
vt 0.7321005463600159 0.8669288158416748 
vt 0.7453444600105286 0.8269449472427368 
vt 0.7321005463600159 0.8184118270874023 
vt 0.8797279000282288 0.8721705675125122 
vt 0.8797279000282288 0.9208095073699951 
vt 0.5749958753585815 0.8721705675125122 
vt 0.5749958753585815 0.9208095073699951 
vt 0.9926051497459412 0.5110968947410583 
vt 0.9926051497459412 0.43637093901634216 
vt 0.9644162058830261 0.5110968947410583 
vt 0.9644162058830261 0.43637093901634216 
vt 0.1124301552772522 0.3194669187068939 
vt 0.1124301552772522 0.3447006344795227 
vt 0.03539661690592766 0.3194669187068939 
vt 0.03539661690592766 0.3447006344795227 
vt 0.9139920473098755 0.9208095073699951 
vt 0.9139920473098755 0.8721705675125122 
vt 0.8797279000282288 0.9208095073699951 
vt 0.8797279000282288 0.8721705675125122 
vt 0.2374577671289444 0.8832636475563049 
vt 0.2374577671289444 0.8714391589164734 
vt 0.4696519076824188 0.8832636475563049 
vt 0.4696519076824188 0.8714391589164734 
vt 0.7481390833854675 0.8613213300704956 
vt 0.9827632904052734 0.8613213300704956 
vt 0.7481390833854675 0.8613213300704956 
vt 0.9827632904052734 0.8613213300704956 
vt 0.5749958753585815 0.8721705675125122 
vt 0.5749958753585815 0.9208095073699951 
vt 0.8797279000282288 0.8721705675125122 
vt 0.8797279000282288 0.9208095073699951 
vt 0.4696519076824188 0.8714391589164734 
vt 0.4696519076824188 0.8832636475563049 
vt 0.2374577671289444 0.8714391589164734 
vt 0.2374577671289444 0.8832636475563049 
vt 0.9139920473098755 0.9208095073699951 
vt 0.9923621416091919 0.9208095073699951 
vt 0.9139920473098755 0.8721705675125122 
vt 0.9923621416091919 0.8721705675125122 
vt 0.7481390833854675 0.8276763558387756 
vt 0.7481390833854675 0.8613213300704956 
vt 0.9827632904052734 0.8276763558387756 
vt 0.9827632904052734 0.8613213300704956 
vt 0.9923621416091919 0.9208095073699951 
vt 0.9139920473098755 0.9208095073699951 
vt 0.9923621416091919 0.8721705675125122 
vt 0.9139920473098755 0.8721705675125122 
vt 0.33223089575767517 0.3839530944824219 
vt 0.33223089575767517 0.07931998372077942 
vt 0.7481390833854675 0.8613213300704956 
vt 0.9827632904052734 0.8613213300704956 
vt 0.7481390833854675 0.8613213300704956 
vt 0.9827632904052734 0.8613213300704956 
vt 0.9139920473098755 0.9208095073699951 
vt 0.9139920473098755 0.8721705675125122 
vt 0.8797279000282288 0.9208095073699951 
vt 0.8797279000282288 0.8721705675125122 
vt 0.7002664804458618 0.43563953042030334 
vt 0.7002664804458618 0.5134130120277405 
vt 0.9613785743713379 0.43563953042030334 
vt 0.9613785743713379 0.5134130120277405 
vt 0.9950352311134338 0.8160956501960754 
vt 0.9950352311134338 0.5134130120277405 
vt 0.6666098833084106 0.8160956501960754 
vt 0.6666098833084106 0.5134130120277405 
vt 0.5749958753585815 0.9208095073699951 
vt 0.5749958753585815 0.8721705675125122 
vt 0.8797279000282288 0.9208095073699951 
vt 0.8797279000282288 0.8721705675125122 
vt 0.23539219796657562 0.8830198645591736 
vt 0.23539219796657562 0.999192476272583 
vt 0.0031980560161173344 0.8830198645591736 
vt 0.0031980560161173344 0.999192476272583 
vt 0.2374577671289444 0.8832636475563049 
vt 0.2374577671289444 0.8714391589164734 
vt 0.4696519076824188 0.8832636475563049 
vt 0.4696519076824188 0.8714391589164734 
vt 0.2374577671289444 0.9994362592697144 
vt 0.2374577671289444 0.8832636475563049 
vt 0.4696519076824188 0.9994362592697144 
vt 0.4696519076824188 0.8832636475563049 
vt 0.1138881966471672 0.77854984998703 
vt 0.1138881966471672 0.843157947063446 
vt 0.036854665726423264 0.77854984998703 
vt 0.036854665726423264 0.843157947063446 
vt 0.9139920473098755 0.9208095073699951 
vt 0.8797279000282288 0.9208095073699951 
vt 0.9139920473098755 0.8721705675125122 
vt 0.8797279000282288 0.8721705675125122 
vt 0.1199634000658989 0.870829701423645 
vt 0.1199634000658989 0.8826541900634766 
vt 0.003805575892329216 0.870829701423645 
vt 0.003805575892329216 0.8826541900634766 
vt 0.9923621416091919 0.9208095073699951 
vt 0.9139920473098755 0.9208095073699951 
vt 0.9923621416091919 0.8721705675125122 
vt 0.9139920473098755 0.8721705675125122 
vt 0.9644162058830261 0.43637093901634216 
vt 0.9644162058830261 0.5110968947410583 
vt 0.9926051497459412 0.43637093901634216 
vt 0.9926051497459412 0.5110968947410583 
vt 0.4696519076824188 0.8832636475563049 
vt 0.4696519076824188 0.9994362592697144 
vt 0.2374577671289444 0.8832636475563049 
vt 0.2374577671289444 0.9994362592697144 
vt 0.7481390833854675 0.8276763558387756 
vt 0.7481390833854675 0.8613213300704956 
vt 0.9827632904052734 0.8276763558387756 
vt 0.9827632904052734 0.8613213300704956 
vt 0.9827632904052734 0.8276763558387756 
vt 0.9827632904052734 0.8613213300704956 
vt 0.7481390833854675 0.8276763558387756 
vt 0.7481390833854675 0.8613213300704956 
vt 0.7321005463600159 0.8669288158416748 
vt 0.7453444600105286 0.8583956956863403 
vt 0.994184672832489 0.8669288158416748 
vt 0.9808192253112793 0.8583956956863403 
vt 0.23539219796657562 0.8830198645591736 
vt 0.23539219796657562 0.999192476272583 
vt 0.0031980560161173344 0.8830198645591736 
vt 0.0031980560161173344 0.999192476272583 
vt 0.6312522292137146 0.0009369999752379954 
vt 0.6312522292137146 0.07931998372077942 
vt 0.368317574262619 0.0009369999752379954 
vt 0.368317574262619 0.07931998372077942 
vt 0.44535112380981445 0.3839530944824219 
vt 0.44535112380981445 0.3194669187068939 
vt 0.368317574262619 0.3194669187068939 
vt 0.3344179689884186 0.07931998372077942 
vt 0.368317574262619 0.3839530944824219 
vt 0.3344179689884186 0.3839530944824219 
vt 0.994184672832489 0.8669288158416748 
vt 0.9808192253112793 0.8583956956863403 
vt 0.994184672832489 0.8184118270874023 
vt 0.9808192253112793 0.8269449472427368 
vt 0.9139920473098755 0.8721705675125122 
vt 0.9923621416091919 0.8721705675125122 
vt 0.9139920473098755 0.9208095073699951 
vt 0.9923621416091919 0.9208095073699951 
vt 0.7481390833854675 0.8613213300704956 
vt 0.9827632904052734 0.8613213300704956 
vt 0.7481390833854675 0.8613213300704956 
vt 0.9827632904052734 0.8613213300704956 
vt 0.9139920473098755 0.9208095073699951 
vt 0.9139920473098755 0.8721705675125122 
vt 0.8797279000282288 0.9208095073699951 
vt 0.8797279000282288 0.8721705675125122 
vt 0.8797279000282288 0.9208095073699951 
vt 0.8797279000282288 0.8721705675125122 
vt 0.5749958753585815 0.9208095073699951 
vt 0.5749958753585815 0.8721705675125122 
vt 0.5749958753585815 0.9208095073699951 
vt 0.5749958753585815 0.8721705675125122 
vt 0.8797279000282288 0.9208095073699951 
vt 0.8797279000282288 0.8721705675125122 
vt 0.9139920473098755 0.9208095073699951 
vt 0.8797279000282288 0.9208095073699951 
vt 0.9139920473098755 0.8721705675125122 
vt 0.8797279000282288 0.8721705675125122 
vt 0.1199634000658989 0.870829701423645 
vt 0.1199634000658989 0.8826541900634766 
vt 0.003805575892329216 0.870829701423645 
vt 0.003805575892329216 0.8826541900634766 
vt 0.23478467762470245 0.870829701423645 
vt 0.23478467762470245 0.8826541900634766 
vt 0.11862685531377792 0.870829701423645 
vt 0.11862685531377792 0.8826541900634766 
vt 0.0031980560161173344 0.999192476272583 
vt 0.0031980560161173344 0.8830198645591736 
vt 0.23539219796657562 0.999192476272583 
vt 0.23539219796657562 0.8830198645591736 
vt 0.29833126068115234 0.0009369999752379954 
vt 0.29833126068115234 0.07931998372077942 
vt 0.03539661690592766 0.0009369999752379954 
vt 0.03539661690592766 0.07931998372077942 
vt 0.1124301552772522 0.3839530944824219 
vt 0.1124301552772522 0.3194669187068939 
vt 0.03539661690592766 0.3194669187068939 
vt 0.001496999990195036 0.07931998372077942 
vt 0.03539661690592766 0.3839530944824219 
vt 0.001496999990195036 0.3839530944824219 
vt 0.4696519076824188 0.8714391589164734 
vt 0.4696519076824188 0.8832636475563049 
vt 0.2374577671289444 0.8714391589164734 
vt 0.2374577671289444 0.8832636475563049 
vt 0.9926051497459412 0.5110968947410583 
vt 0.9644162058830261 0.5110968947410583 
vt 0.9926051497459412 0.43637093901634216 
vt 0.9644162058830261 0.43637093901634216 
vt 0.44535112380981445 0.3447006344795227 
vt 0.44535112380981445 0.40930870175361633 
vt 0.368317574262619 0.3447006344795227 
vt 0.368317574262619 0.40930870175361633 
vt 0.368317574262619 0.3447006344795227 
vt 0.368317574262619 0.3194669187068939 
vt 0.44535112380981445 0.3447006344795227 
vt 0.44535112380981445 0.3194669187068939 
vt 0.9827632904052734 0.8613213300704956 
vt 0.9827632904052734 0.8276763558387756 
vt 0.9827632904052734 0.8613213300704956 
vt 0.9827632904052734 0.8276763558387756 
vt 0.9827632904052734 0.8276763558387756 
vt 0.9827632904052734 0.8613213300704956 
vt 0.7481390833854675 0.8276763558387756 
vt 0.7481390833854675 0.8613213300704956 
vt 0.7481390833854675 0.8613213300704956 
vt 0.7481390833854675 0.8276763558387756 
vt 0.7481390833854675 0.8613213300704956 
vt 0.7481390833854675 0.8276763558387756 
vt 0.7321005463600159 0.8669288158416748 
vt 0.7453444600105286 0.8583956956863403 
vt 0.994184672832489 0.8669288158416748 
vt 0.9808192253112793 0.8583956956863403 
vt 0.9808192253112793 0.8269449472427368 
vt 0.994184672832489 0.8184118270874023 
vt 0.9808192253112793 0.8583956956863403 
vt 0.994184672832489 0.8669288158416748 
vt 0.994184672832489 0.8184118270874023 
vt 0.9808192253112793 0.8269449472427368 
vt 0.7321005463600159 0.8184118270874023 
vt 0.7453444600105286 0.8269449472427368 
vt 0.6312522292137146 0.4345424175262451 
vt 0.368317574262619 0.4345424175262451 
vt 0.9139920473098755 0.9208095073699951 
vt 0.9923621416091919 0.9208095073699951 
vt 0.9139920473098755 0.8721705675125122 
vt 0.9923621416091919 0.8721705675125122 
vt 0.33283841609954834 0.433932900428772 
vt 0.001496999990195036 0.433932900428772 
vt 0.33283841609954834 0.38529402017593384 
vt 0.11267316341400146 0.38529402017593384 
vt 0.11267316341400146 0.40955251455307007 
vt 0.03539661690592766 0.40955251455307007 
vt 0.001496999990195036 0.38529402017593384 
vt 0.03539661690592766 0.38529402017593384 
vt 0.33223089575767517 0.3839530944824219 
vt 0.33223089575767517 0.07931998372077942 
vt 0.9644162058830261 0.43637093901634216 
vt 0.9644162058830261 0.5110968947410583 
vt 0.9926051497459412 0.43637093901634216 
vt 0.9926051497459412 0.5110968947410583 
vt 0.7321005463600159 0.8184118270874023 
vt 0.7453444600105286 0.8269449472427368 
vt 0.7321005463600159 0.8669288158416748 
vt 0.7453444600105286 0.8583956956863403 
vt 0.7453444600105286 0.8583956956863403 
vt 0.7321005463600159 0.8669288158416748 
vt 0.7453444600105286 0.8269449472427368 
vt 0.7321005463600159 0.8184118270874023 
vt 0.03539661690592766 0.38529402017593384 
vt 0.03539661690592766 0.40955251455307007 
vt 0.001496999990195036 0.38529402017593384 
vt 0.001496999990195036 0.433932900428772 
vt 0.11267316341400146 0.40955251455307007 
vt 0.11267316341400146 0.38529402017593384 
vt 0.33283841609954834 0.38529402017593384 
vt 0.7481390833854675 0.8276763558387756 
vt 0.7481390833854675 0.8613213300704956 
vt 0.9827632904052734 0.8276763558387756 
vt 0.9827632904052734 0.8613213300704956 
vt 0.4696519076824188 0.8832636475563049 
vt 0.4696519076824188 0.9994362592697144 
vt 0.2374577671289444 0.8832636475563049 
vt 0.2374577671289444 0.9994362592697144 
vt 0.5749958753585815 0.8721705675125122 
vt 0.5749958753585815 0.9208095073699951 
vt 0.8797279000282288 0.8721705675125122 
vt 0.8797279000282288 0.9208095073699951 
vt 0.9926051497459412 0.5110968947410583 
vt 0.9926051497459412 0.43637093901634216 
vt 0.9644162058830261 0.5110968947410583 
vt 0.9644162058830261 0.43637093901634216 
vt 0.11862685531377792 0.8826541900634766 
vt 0.11862685531377792 0.870829701423645 
vt 0.23478467762470245 0.8826541900634766 
vt 0.23478467762470245 0.870829701423645 
vt 0.7763280272483826 0.3194669187068939 
vt 0.7763280272483826 0.3447006344795227 
vt 0.6992944478988647 0.3194669187068939 
vt 0.6992944478988647 0.3447006344795227 
vt 0.9644162058830261 0.43637093901634216 
vt 0.9926051497459412 0.43637093901634216 
vt 0.9644162058830261 0.5110968947410583 
vt 0.9926051497459412 0.5110968947410583 
vt 0.7481390833854675 0.8613213300704956 
vt 0.7481390833854675 0.8276763558387756 
vt 0.9827632904052734 0.8613213300704956 
vt 0.9827632904052734 0.8276763558387756 
vt 0.7481390833854675 0.8613213300704956 
vt 0.7481390833854675 0.8276763558387756 
vt 0.7481390833854675 0.8613213300704956 
vt 0.7481390833854675 0.8276763558387756 
vt 0.9827632904052734 0.8613213300704956 
vt 0.9827632904052734 0.8276763558387756 
vt 0.9827632904052734 0.8613213300704956 
vt 0.9827632904052734 0.8276763558387756 
vt 0.9808192253112793 0.8269449472427368 
vt 0.994184672832489 0.8184118270874023 
vt 0.9808192253112793 0.8583956956863403 
vt 0.994184672832489 0.8669288158416748 
vt 0.7453444600105286 0.8269449472427368 
vt 0.7321005463600159 0.8184118270874023 
vt 0.9808192253112793 0.8269449472427368 
vt 0.994184672832489 0.8184118270874023 
vt 0.29978930950164795 0.43478623032569885 
vt 0.29978930950164795 0.5131692290306091 
vt 0.036854665726423264 0.43478623032569885 
vt 0.036854665726423264 0.5131692290306091 
vt 0.1138881966471672 0.8178023099899292 
vt 0.1138881966471672 0.7533161640167236 
vt 0.036854665726423264 0.7533161640167236 
vt 0.0029550481121987104 0.5131692290306091 
vt 0.036854665726423264 0.8178023099899292 
vt 0.0029550481121987104 0.8178023099899292 
vt 0.7321005463600159 0.8184118270874023 
vt 0.7453444600105286 0.8269449472427368 
vt 0.7321005463600159 0.8669288158416748 
vt 0.7453444600105286 0.8583956956863403 
vt 0.9923621416091919 0.9208095073699951 
vt 0.9139920473098755 0.9208095073699951 
vt 0.9923621416091919 0.8721705675125122 
vt 0.9139920473098755 0.8721705675125122 
vt 0.9923621416091919 0.8721705675125122 
vt 0.9139920473098755 0.8721705675125122 
vt 0.9923621416091919 0.9208095073699951 
vt 0.9139920473098755 0.9208095073699951 
vt 0.6666098833084106 0.5134130120277405 
vt 0.6666098833084106 0.8160956501960754 
vt 0.7002664804458618 0.5134130120277405 
vt 0.9950352311134338 0.8160956501960754 
vt 0.9613785743713379 0.5134130120277405 
vt 0.9950352311134338 0.5134130120277405 
vt 0.9613785743713379 0.43563953042030334 
vt 0.7002664804458618 0.43563953042030334 
vt 0.7481390833854675 0.8613213300704956 
vt 0.9827632904052734 0.8613213300704956 
vt 0.7481390833854675 0.8613213300704956 
vt 0.9827632904052734 0.8613213300704956 
vt 0.5749958753585815 0.8721705675125122 
vt 0.5749958753585815 0.9208095073699951 
vt 0.8797279000282288 0.8721705675125122 
vt 0.8797279000282288 0.9208095073699951 
vt 0.8797279000282288 0.8721705675125122 
vt 0.8797279000282288 0.9208095073699951 
vt 0.5749958753585815 0.8721705675125122 
vt 0.5749958753585815 0.9208095073699951 
vt 0.8797279000282288 0.8721705675125122 
vt 0.9139920473098755 0.8721705675125122 
vt 0.8797279000282288 0.9208095073699951 
vt 0.9139920473098755 0.9208095073699951 
vt 0.3336889445781708 0.8178023099899292 
vt 0.3336889445781708 0.5131692290306091 
vt 0.1199634000658989 0.870829701423645 
vt 0.1199634000658989 0.8826541900634766 
vt 0.003805575892329216 0.870829701423645 
vt 0.003805575892329216 0.8826541900634766 
vt 0.2374577671289444 0.8832636475563049 
vt 0.2374577671289444 0.8714391589164734 
vt 0.4696519076824188 0.8832636475563049 
vt 0.4696519076824188 0.8714391589164734 
vt 0.9923621416091919 0.8721705675125122 
vt 0.9139920473098755 0.8721705675125122 
vt 0.9923621416091919 0.9208095073699951 
vt 0.9139920473098755 0.9208095073699951 
vt 0.7002664804458618 0.43563953042030334 
vt 0.7002664804458618 0.5134130120277405 
vt 0.9613785743713379 0.43563953042030334 
vt 0.9613785743713379 0.5134130120277405 
vt 0.9950352311134338 0.8160956501960754 
vt 0.9950352311134338 0.5134130120277405 
vt 0.6666098833084106 0.8160956501960754 
vt 0.6666098833084106 0.5134130120277405 
vt 0.7481390833854675 0.8613213300704956 
vt 0.9827632904052734 0.8613213300704956 
vt 0.7481390833854675 0.8613213300704956 
vt 0.9827632904052734 0.8613213300704956 
vt 0.7481390833854675 0.8276763558387756 
vt 0.7481390833854675 0.8613213300704956 
vt 0.7481390833854675 0.8276763558387756 
vt 0.7481390833854675 0.8613213300704956 
vt 0.6653948426246643 0.3839530944824219 
vt 0.6653948426246643 0.07931998372077942 
vt 0.6992944478988647 0.3839530944824219 
vt 0.6992944478988647 0.3194669187068939 
vt 0.6992944478988647 0.07931998372077942 
vt 0.7763280272483826 0.3194669187068939 
vt 0.7763280272483826 0.3839530944824219 
vt 0.9622291326522827 0.07931998372077942 
vt 0.9961287379264832 0.3839530944824219 
vt 0.9961287379264832 0.07931998372077942 
vt 0.6992944478988647 0.0009369999752379954 
vt 0.9622291326522827 0.0009369999752379954 
vt 0.7481390833854675 0.8276763558387756 
vt 0.7481390833854675 0.8613213300704956 
vt 0.7481390833854675 0.8276763558387756 
vt 0.7481390833854675 0.8613213300704956 
vt 0.9926051497459412 0.5110968947410583 
vt 0.9644162058830261 0.5110968947410583 
vt 0.9926051497459412 0.43637093901634216 
vt 0.9644162058830261 0.43637093901634216 
vt 0.4696519076824188 0.8832636475563049 
vt 0.4696519076824188 0.9994362592697144 
vt 0.2374577671289444 0.8832636475563049 
vt 0.2374577671289444 0.9994362592697144 
vt 0.9644162058830261 0.43637093901634216 
vt 0.9926051497459412 0.43637093901634216 
vt 0.9644162058830261 0.5110968947410583 
vt 0.9926051497459412 0.5110968947410583 
vt 0.1138881966471672 0.7533161640167236 
vt 0.1138881966471672 0.77854984998703 
vt 0.036854665726423264 0.7533161640167236 
vt 0.036854665726423264 0.77854984998703 
vt 0.665151834487915 0.3839530944824219 
vt 0.665151834487915 0.07931998372077942 
vt 0.9827632904052734 0.8613213300704956 
vt 0.9827632904052734 0.8276763558387756 
vt 0.9827632904052734 0.8613213300704956 
vt 0.9827632904052734 0.8276763558387756 
vt 0.6657593846321106 0.433932900428772 
vt 0.3344179689884186 0.433932900428772 
vt 0.6657593846321106 0.38529402017593384 
vt 0.4455941319465637 0.38529402017593384 
vt 0.4455941319465637 0.40955251455307007 
vt 0.36843907833099365 0.40955251455307007 
vt 0.3344179689884186 0.38529402017593384 
vt 0.36843907833099365 0.38529402017593384 
vt 0.0369761697947979 0.8191432356834412 
vt 0.0369761697947979 0.8434017300605774 
vt 0.0029550481121987104 0.8191432356834412 
vt 0.0029550481121987104 0.8677821159362793 
vt 0.11413120478391647 0.8434017300605774 
vt 0.11413120478391647 0.8191432356834412 
vt 0.33429646492004395 0.8191432356834412 
vt 0.7321005463600159 0.8669288158416748 
vt 0.7453444600105286 0.8583956956863403 
vt 0.994184672832489 0.8669288158416748 
vt 0.9808192253112793 0.8583956956863403 
vt 0.4696519076824188 0.8832636475563049 
vt 0.4696519076824188 0.9994362592697144 
vt 0.2374577671289444 0.8832636475563049 
vt 0.2374577671289444 0.9994362592697144 
vt 0.994184672832489 0.8184118270874023 
vt 0.9808192253112793 0.8269449472427368 
vt 0.7321005463600159 0.8184118270874023 
vt 0.7453444600105286 0.8269449472427368 
vt 0.8797279000282288 0.8721705675125122 
vt 0.8797279000282288 0.9208095073699951 
vt 0.9139920473098755 0.8721705675125122 
vt 0.9139920473098755 0.9208095073699951 
vt 0.7481390833854675 0.8276763558387756 
vt 0.7481390833854675 0.8613213300704956 
vt 0.9827632904052734 0.8276763558387756 
vt 0.9827632904052734 0.8613213300704956 
vt 0.7321005463600159 0.8669288158416748 
vt 0.7453444600105286 0.8583956956863403 
vt 0.994184672832489 0.8669288158416748 
vt 0.9808192253112793 0.8583956956863403 
vt 0.7763280272483826 0.3447006344795227 
vt 0.7763280272483826 0.40930870175361633 
vt 0.6992944478988647 0.3447006344795227 
vt 0.6992944478988647 0.40930870175361633 
vt 0.11862685531377792 0.8826541900634766 
vt 0.11862685531377792 0.870829701423645 
vt 0.23478467762470245 0.8826541900634766 
vt 0.23478467762470245 0.870829701423645 
vt 0.33283841609954834 0.433932900428772 
vt 0.6657593846321106 0.867538332939148 
vt 0.33429646492004395 0.8677821159362793 
vt 0.9967362880706787 0.433932900428772 
s on 
f 1/1/1 2/2/2 3/3/3 
f 2/2/2 4/4/4 3/3/3 
f 3/3/3 4/4/4 5/5/5 
f 4/4/4 6/6/6 5/5/5 
f 5/5/5 6/6/6 6/6/6 
f 6/6/6 2/2/2 6/6/6 
f 6/6/6 2/2/2 2/2/2 
f 2/2/2 7/7/7 2/2/2 
f 2/2/2 7/7/7 4/4/4 
f 7/7/7 8/8/8 4/4/4 
f 4/4/4 8/8/8 8/8/8 
f 8/8/8 9/9/9 8/8/8 
f 8/8/8 9/9/9 9/9/9 
f 9/9/9 10/10/10 9/9/9 
f 9/9/9 10/10/10 11/11/11 
f 10/10/10 12/12/12 11/11/11 
f 11/11/11 12/12/12 13/13/13 
f 12/12/12 14/14/14 13/13/13 
f 13/13/13 14/14/14 14/14/14 
f 14/14/14 10/10/10 14/14/14 
f 14/14/14 10/10/10 10/10/10 
f 10/10/10 15/15/15 10/10/10 
f 10/10/10 15/15/15 12/12/12 
f 15/15/15 16/16/16 12/12/12 
f 12/12/12 16/16/16 16/16/16 
f 16/16/16 17/17/17 16/16/16 
f 16/16/16 17/17/17 17/17/17 
f 17/17/17 18/18/18 17/17/17 
f 17/17/17 18/18/18 19/19/19 
f 18/18/18 20/20/20 19/19/19 
f 19/19/19 20/20/20 21/21/21 
f 20/20/20 22/22/22 21/21/21 
f 21/21/21 22/22/22 23/23/23 
f 22/22/22 23/23/23 23/23/23 
f 23/23/23 23/23/23 21/21/21 
f 23/23/23 21/21/21 21/21/21 
f 21/21/21 21/21/21 21/21/21 
f 21/21/21 23/23/23 21/21/21 
f 21/21/21 23/23/23 24/24/24 
f 23/23/23 25/25/25 24/24/24 
f 24/24/24 25/25/25 26/26/26 
f 25/25/25 26/26/26 26/26/26 
f 26/26/26 26/26/26 27/27/27 
f 26/26/26 27/27/27 27/27/27 
f 27/27/27 27/27/27 27/27/27 
f 27/27/27 28/28/28 27/27/27 
f 27/27/27 28/28/28 29/29/29 
f 28/28/28 30/30/30 29/29/29 
f 29/29/29 30/30/30 30/30/30 
f 30/30/30 28/28/28 30/30/30 
f 30/30/30 28/28/28 28/28/28 
f 28/28/28 31/31/31 28/28/28 
f 28/28/28 31/31/31 30/30/30 
f 31/31/31 32/32/32 30/30/30 
f 30/30/30 32/32/32 33/33/33 
f 32/32/32 33/33/33 33/33/33 
f 33/33/33 33/33/33 30/30/30 
f 33/33/33 30/30/30 30/30/30 
f 30/30/30 30/30/30 30/30/30 
f 30/30/30 33/33/33 30/30/30 
f 30/30/30 33/33/33 34/34/34 
f 33/33/33 35/35/35 34/34/34 
f 34/34/34 35/35/35 36/36/36 
f 35/35/35 36/36/36 36/36/36 
f 36/36/36 36/36/36 37/37/37 
f 36/36/36 37/37/37 37/37/37 
f 37/37/37 37/37/37 37/37/37 
f 37/37/37 38/38/38 37/37/37 
f 37/37/37 38/38/38 39/39/39 
f 38/38/38 40/40/40 39/39/39 
f 39/39/39 40/40/40 40/40/40 
f 40/40/40 41/41/41 40/40/40 
f 40/40/40 41/41/41 41/41/41 
f 41/41/41 42/42/42 41/41/41 
f 41/41/41 42/42/42 43/43/43 
f 42/42/42 44/44/44 43/43/43 
f 43/43/43 44/44/44 44/44/44 
f 44/44/44 42/42/42 44/44/44 
f 44/44/44 42/42/42 42/42/42 
f 42/42/42 45/45/45 42/42/42 
f 42/42/42 45/45/45 44/44/44 
f 45/45/45 46/46/46 44/44/44 
f 44/44/44 46/46/46 47/47/47 
f 46/46/46 47/47/47 47/47/47 
f 47/47/47 47/47/47 48/48/48 
f 47/47/47 48/48/48 48/48/48 
f 48/48/48 48/48/48 48/48/48 
f 48/48/48 49/49/49 48/48/48 
f 48/48/48 49/49/49 50/50/50 
f 49/49/49 51/51/51 50/50/50 
f 50/50/50 51/51/51 51/51/51 
f 51/51/51 52/52/52 51/51/51 
f 51/51/51 52/52/52 52/52/52 
f 52/52/52 53/53/53 52/52/52 
f 52/52/52 53/53/53 54/54/54 
f 53/53/53 55/55/55 54/54/54 
f 54/54/54 55/55/55 55/55/55 
f 55/55/55 56/56/56 55/55/55 
f 55/55/55 56/56/56 56/56/56 
f 56/56/56 57/57/57 56/56/56 
f 56/56/56 57/57/57 58/58/58 
f 57/57/57 59/59/59 58/58/58 
f 58/58/58 59/59/59 59/59/59 
f 59/59/59 60/60/60 59/59/59 
f 59/59/59 60/60/60 60/60/60 
f 60/60/60 61/61/61 60/60/60 
f 60/60/60 61/61/61 62/62/62 
f 61/61/61 63/63/63 62/62/62 
f 62/62/62 63/63/63 63/63/63 
f 63/63/63 64/64/64 63/63/63 
f 63/63/63 64/64/64 64/64/64 
f 64/64/64 65/65/65 64/64/64 
f 64/64/64 65/65/65 66/66/66 
f 65/65/65 67/67/67 66/66/66 
f 66/66/66 67/67/67 67/67/67 
f 67/67/67 65/65/65 67/67/67 
f 67/67/67 65/65/65 65/65/65 
f 65/65/65 68/68/68 65/65/65 
f 65/65/65 68/68/68 67/67/67 
f 68/68/68 69/69/69 67/67/67 
f 67/67/67 69/69/69 70/70/70 
f 69/69/69 70/70/70 70/70/70 
f 70/70/70 70/70/70 71/71/71 
f 70/70/70 71/71/71 71/71/71 
f 71/71/71 71/71/71 71/71/71 
f 71/71/71 72/72/72 71/71/71 
f 71/71/71 72/72/72 73/73/73 
f 72/72/72 74/74/74 73/73/73 
f 73/73/73 74/74/74 74/74/74 
f 74/74/74 75/75/75 74/74/74 
f 74/74/74 75/75/75 75/75/75 
f 75/75/75 76/76/76 75/75/75 
f 75/75/75 76/76/76 77/77/77 
f 76/76/76 78/78/78 77/77/77 
f 77/77/77 78/78/78 78/78/78 
f 78/78/78 79/79/79 78/78/78 
f 78/78/78 79/79/79 79/79/79 
f 79/79/79 80/80/80 79/79/79 
f 79/79/79 80/80/80 81/81/81 
f 80/80/80 82/82/82 81/81/81 
f 81/81/81 82/82/82 82/82/82 
f 82/82/82 83/83/83 82/82/82 
f 82/82/82 83/83/83 83/83/83 
f 83/83/83 84/84/84 83/83/83 
f 83/83/83 84/84/84 85/85/85 
f 84/84/84 86/86/86 85/85/85 
f 85/85/85 86/86/86 86/86/86 
f 86/86/86 87/87/87 86/86/86 
f 86/86/86 87/87/87 87/87/87 
f 87/87/87 88/88/88 87/87/87 
f 87/87/87 88/88/88 89/89/89 
f 88/88/88 90/90/90 89/89/89 
f 89/89/89 90/90/90 90/90/90 
f 90/90/90 91/91/91 90/90/90 
f 90/90/90 91/91/91 91/91/91 
f 91/91/91 92/92/92 91/91/91 
f 91/91/91 92/92/92 93/93/93 
f 92/92/92 94/94/94 93/93/93 
f 93/93/93 94/94/94 94/94/94 
f 94/94/94 95/95/95 94/94/94 
f 94/94/94 95/95/95 95/95/95 
f 95/95/95 96/96/96 95/95/95 
f 95/95/95 96/96/96 97/97/97 
f 96/96/96 98/98/98 97/97/97 
f 97/97/97 98/98/98 98/98/98 
f 98/98/98 99/99/99 98/98/98 
f 98/98/98 99/99/99 99/99/99 
f 99/99/99 100/100/100 99/99/99 
f 99/99/99 100/100/100 101/101/101 
f 100/100/100 102/102/102 101/101/101 
f 101/101/101 102/102/102 102/102/102 
f 102/102/102 103/103/103 102/102/102 
f 102/102/102 103/103/103 103/103/103 
f 103/103/103 104/104/104 103/103/103 
f 103/103/103 104/104/104 105/105/105 
f 104/104/104 106/106/106 105/105/105 
f 105/105/105 106/106/106 106/106/106 
f 106/106/106 107/107/107 106/106/106 
f 106/106/106 107/107/107 107/107/107 
f 107/107/107 108/108/108 107/107/107 
f 107/107/107 108/108/108 109/109/109 
f 108/108/108 110/110/110 109/109/109 
f 109/109/109 110/110/110 110/110/110 
f 110/110/110 111/111/111 110/110/110 
f 110/110/110 111/111/111 111/111/111 
f 111/111/111 112/112/112 111/111/111 
f 111/111/111 112/112/112 113/113/113 
f 112/112/112 114/114/114 113/113/113 
f 113/113/113 114/114/114 114/114/114 
f 114/114/114 115/115/115 114/114/114 
f 114/114/114 115/115/115 115/115/115 
f 115/115/115 116/116/116 115/115/115 
f 115/115/115 116/116/116 117/117/117 
f 116/116/116 118/118/118 117/117/117 
f 117/117/117 118/118/118 118/118/118 
f 118/118/118 119/119/119 118/118/118 
f 118/118/118 119/119/119 119/119/119 
f 119/119/119 120/120/120 119/119/119 
f 119/119/119 120/120/120 121/121/121 
f 120/120/120 122/122/122 121/121/121 
f 121/121/121 122/122/122 122/122/122 
f 122/122/122 120/120/120 122/122/122 
f 122/122/122 120/120/120 120/120/120 
f 120/120/120 123/123/123 120/120/120 
f 120/120/120 123/123/123 122/122/122 
f 123/123/123 124/124/124 122/122/122 
f 122/122/122 124/124/124 124/124/124 
f 124/124/124 123/123/123 124/124/124 
f 124/124/124 123/123/123 123/123/123 
f 123/123/123 120/120/120 123/123/123 
f 123/123/123 120/120/120 125/125/125 
f 120/120/120 126/126/126 125/125/125 
f 125/125/125 126/126/126 126/126/126 
f 126/126/126 127/127/127 126/126/126 
f 126/126/126 127/127/127 127/127/127 
f 127/127/127 128/128/128 127/127/127 
f 127/127/127 128/128/128 129/129/129 
f 128/128/128 130/130/130 129/129/129 
f 129/129/129 130/130/130 130/130/130 
f 130/130/130 131/131/131 130/130/130 
f 130/130/130 131/131/131 131/131/131 
f 131/131/131 132/132/132 131/131/131 
f 131/131/131 132/132/132 133/133/133 
f 132/132/132 134/134/134 133/133/133 
f 133/133/133 134/134/134 134/134/134 
f 134/134/134 135/135/135 134/134/134 
f 134/134/134 135/135/135 135/135/135 
f 135/135/135 136/136/136 135/135/135 
f 135/135/135 136/136/136 137/137/137 
f 136/136/136 138/138/138 137/137/137 
f 137/137/137 138/138/138 138/138/138 
f 138/138/138 139/139/139 138/138/138 
f 138/138/138 139/139/139 139/139/139 
f 139/139/139 140/140/140 139/139/139 
f 139/139/139 140/140/140 141/141/141 
f 140/140/140 142/142/142 141/141/141 
f 141/141/141 142/142/142 142/142/142 
f 142/142/142 143/143/143 142/142/142 
f 142/142/142 143/143/143 143/143/143 
f 143/143/143 144/144/144 143/143/143 
f 143/143/143 144/144/144 145/145/145 
f 144/144/144 146/146/146 145/145/145 
f 145/145/145 146/146/146 146/146/146 
f 146/146/146 147/147/147 146/146/146 
f 146/146/146 147/147/147 147/147/147 
f 147/147/147 148/148/148 147/147/147 
f 147/147/147 148/148/148 149/149/149 
f 148/148/148 150/150/150 149/149/149 
f 149/149/149 150/150/150 150/150/150 
f 150/150/150 151/151/151 150/150/150 
f 150/150/150 151/151/151 151/151/151 
f 151/151/151 152/152/152 151/151/151 
f 151/151/151 152/152/152 153/153/153 
f 152/152/152 154/154/154 153/153/153 
f 153/153/153 154/154/154 154/154/154 
f 154/154/154 155/155/155 154/154/154 
f 154/154/154 155/155/155 155/155/155 
f 155/155/155 156/156/156 155/155/155 
f 155/155/155 156/156/156 157/157/157 
f 156/156/156 158/158/158 157/157/157 
f 157/157/157 158/158/158 158/158/158 
f 158/158/158 159/159/159 158/158/158 
f 158/158/158 159/159/159 159/159/159 
f 159/159/159 160/160/160 159/159/159 
f 159/159/159 160/160/160 161/161/161 
f 160/160/160 162/162/162 161/161/161 
f 161/161/161 162/162/162 162/162/162 
f 162/162/162 163/163/163 162/162/162 
f 162/162/162 163/163/163 163/163/163 
f 163/163/163 164/164/164 163/163/163 
f 163/163/163 164/164/164 165/165/165 
f 164/164/164 166/166/166 165/165/165 
f 165/165/165 166/166/166 166/166/166 
f 166/166/166 167/167/167 166/166/166 
f 166/166/166 167/167/167 167/167/167 
f 167/167/167 168/168/168 167/167/167 
f 167/167/167 168/168/168 169/169/169 
f 168/168/168 170/170/170 169/169/169 
f 169/169/169 170/170/170 170/170/170 
f 170/170/170 171/171/171 170/170/170 
f 170/170/170 171/171/171 171/171/171 
f 171/171/171 172/172/172 171/171/171 
f 171/171/171 172/172/172 173/173/173 
f 172/172/172 174/174/174 173/173/173 
f 173/173/173 174/174/174 174/174/174 
f 174/174/174 175/175/175 174/174/174 
f 174/174/174 175/175/175 175/175/175 
f 175/175/175 176/176/176 175/175/175 
f 175/175/175 176/176/176 177/177/177 
f 176/176/176 178/178/178 177/177/177 
f 177/177/177 178/178/178 178/178/178 
f 178/178/178 179/179/179 178/178/178 
f 178/178/178 179/179/179 179/179/179 
f 179/179/179 180/180/180 179/179/179 
f 179/179/179 180/180/180 181/181/181 
f 180/180/180 182/182/182 181/181/181 
f 181/181/181 182/182/182 182/182/182 
f 182/182/182 183/183/183 182/182/182 
f 182/182/182 183/183/183 183/183/183 
f 183/183/183 184/184/184 183/183/183 
f 183/183/183 184/184/184 185/185/185 
f 184/184/184 186/186/186 185/185/185 
f 185/185/185 186/186/186 186/186/186 
f 186/186/186 187/187/187 186/186/186 
f 186/186/186 187/187/187 187/187/187 
f 187/187/187 188/188/188 187/187/187 
f 187/187/187 188/188/188 189/189/189 
f 188/188/188 190/190/190 189/189/189 
f 189/189/189 190/190/190 190/190/190 
f 190/190/190 191/191/191 190/190/190 
f 190/190/190 191/191/191 191/191/191 
f 191/191/191 192/192/192 191/191/191 
f 191/191/191 192/192/192 193/193/193 
f 192/192/192 194/194/194 193/193/193 
f 193/193/193 194/194/194 194/194/194 
f 194/194/194 195/195/195 194/194/194 
f 194/194/194 195/195/195 195/195/195 
f 195/195/195 196/196/196 195/195/195 
f 195/195/195 196/196/196 197/197/197 
f 196/196/196 198/198/198 197/197/197 
f 197/197/197 198/198/198 198/198/198 
f 198/198/198 199/199/199 198/198/198 
f 198/198/198 199/199/199 199/199/199 
f 199/199/199 200/200/200 199/199/199 
f 199/199/199 200/200/200 201/201/201 
f 200/200/200 202/202/202 201/201/201 
f 201/201/201 202/202/202 202/202/202 
f 202/202/202 203/203/203 202/202/202 
f 202/202/202 203/203/203 203/203/203 
f 203/203/203 204/204/204 203/203/203 
f 203/203/203 204/204/204 205/205/205 
f 204/204/204 206/206/206 205/205/205 
f 205/205/205 206/206/206 206/206/206 
f 206/206/206 207/207/207 206/206/206 
f 206/206/206 207/207/207 207/207/207 
f 207/207/207 208/208/208 207/207/207 
f 207/207/207 208/208/208 209/209/209 
f 208/208/208 210/210/210 209/209/209 
f 209/209/209 210/210/210 210/210/210 
f 210/210/210 211/211/211 210/210/210 
f 210/210/210 211/211/211 211/211/211 
f 211/211/211 212/212/212 211/211/211 
f 211/211/211 212/212/212 213/213/213 
f 212/212/212 214/214/214 213/213/213 
f 213/213/213 214/214/214 214/214/214 
f 214/214/214 215/215/215 214/214/214 
f 214/214/214 215/215/215 215/215/215 
f 215/215/215 216/216/216 215/215/215 
f 215/215/215 216/216/216 217/217/217 
f 216/216/216 218/218/218 217/217/217 
f 217/217/217 218/218/218 218/218/218 
f 218/218/218 219/219/219 218/218/218 
f 218/218/218 219/219/219 219/219/219 
f 219/219/219 220/220/220 219/219/219 
f 219/219/219 220/220/220 221/221/221 
f 220/220/220 222/222/222 221/221/221 
f 221/221/221 222/222/222 222/222/222 
f 222/222/222 223/223/223 222/222/222 
f 222/222/222 223/223/223 223/223/223 
f 223/223/223 224/224/224 223/223/223 
f 223/223/223 224/224/224 225/225/225 
f 224/224/224 226/226/226 225/225/225 
f 225/225/225 226/226/226 226/226/226 
f 226/226/226 227/227/227 226/226/226 
f 226/226/226 227/227/227 227/227/227 
f 227/227/227 228/228/228 227/227/227 
f 227/227/227 228/228/228 229/229/229 
f 228/228/228 230/230/230 229/229/229 
f 229/229/229 230/230/230 230/230/230 
f 230/230/230 231/231/231 230/230/230 
f 230/230/230 231/231/231 231/231/231 
f 231/231/231 232/232/232 231/231/231 
f 231/231/231 232/232/232 233/233/233 
f 232/232/232 234/234/234 233/233/233 
f 233/233/233 234/234/234 234/234/234 
f 234/234/234 235/235/235 234/234/234 
f 234/234/234 235/235/235 235/235/235 
f 235/235/235 236/236/236 235/235/235 
f 235/235/235 236/236/236 237/237/237 
f 236/236/236 238/238/238 237/237/237 
f 237/237/237 238/238/238 238/238/238 
f 238/238/238 239/239/239 238/238/238 
f 238/238/238 239/239/239 239/239/239 
f 239/239/239 240/240/240 239/239/239 
f 239/239/239 240/240/240 241/241/241 
f 240/240/240 242/242/242 241/241/241 
f 241/241/241 242/242/242 242/242/242 
f 242/242/242 243/243/243 242/242/242 
f 242/242/242 243/243/243 243/243/243 
f 243/243/243 244/244/244 243/243/243 
f 243/243/243 244/244/244 245/245/245 
f 244/244/244 246/246/246 245/245/245 
f 245/245/245 246/246/246 246/246/246 
f 246/246/246 247/247/247 246/246/246 
f 246/246/246 247/247/247 247/247/247 
f 247/247/247 248/248/248 247/247/247 
f 247/247/247 248/248/248 249/249/249 
f 248/248/248 250/250/250 249/249/249 
f 249/249/249 250/250/250 250/250/250 
f 250/250/250 251/251/251 250/250/250 
f 250/250/250 251/251/251 251/251/251 
f 251/251/251 252/252/252 251/251/251 
f 251/251/251 252/252/252 253/253/253 
f 252/252/252 254/254/254 253/253/253 
f 253/253/253 254/254/254 254/254/254 
f 254/254/254 255/255/255 254/254/254 
f 254/254/254 255/255/255 255/255/255 
f 255/255/255 256/256/256 255/255/255 
f 255/255/255 256/256/256 257/257/257 
f 256/256/256 258/258/258 257/257/257 
f 257/257/257 258/258/258 258/258/258 
f 258/258/258 259/259/259 258/258/258 
f 258/258/258 259/259/259 259/259/259 
f 259/259/259 260/260/260 259/259/259 
f 259/259/259 260/260/260 261/261/261 
f 260/260/260 262/262/262 261/261/261 
f 261/261/261 262/262/262 262/262/262 
f 262/262/262 263/263/263 262/262/262 
f 262/262/262 263/263/263 263/263/263 
f 263/263/263 264/264/264 263/263/263 
f 263/263/263 264/264/264 265/265/265 
f 264/264/264 266/266/266 265/265/265 
f 265/265/265 266/266/266 266/266/266 
f 266/266/266 267/267/267 266/266/266 
f 266/266/266 267/267/267 267/267/267 
f 267/267/267 268/268/268 267/267/267 
f 267/267/267 268/268/268 269/269/269 
f 268/268/268 270/270/270 269/269/269 
f 269/269/269 270/270/270 270/270/270 
f 270/270/270 271/271/271 270/270/270 
f 270/270/270 271/271/271 271/271/271 
f 271/271/271 272/272/272 271/271/271 
f 271/271/271 272/272/272 273/273/273 
f 272/272/272 274/274/274 273/273/273 
f 273/273/273 274/274/274 274/274/274 
f 274/274/274 275/275/275 274/274/274 
f 274/274/274 275/275/275 275/275/275 
f 275/275/275 276/276/276 275/275/275 
f 275/275/275 276/276/276 277/277/277 
f 276/276/276 278/278/278 277/277/277 
f 277/277/277 278/278/278 278/278/278 
f 278/278/278 279/279/279 278/278/278 
f 278/278/278 279/279/279 279/279/279 
f 279/279/279 280/280/280 279/279/279 
f 279/279/279 280/280/280 281/281/281 
f 280/280/280 282/282/282 281/281/281 
f 281/281/281 282/282/282 282/282/282 
f 282/282/282 283/283/283 282/282/282 
f 282/282/282 283/283/283 283/283/283 
f 283/283/283 284/284/284 283/283/283 
f 283/283/283 284/284/284 285/285/285 
f 284/284/284 286/286/286 285/285/285 
f 285/285/285 286/286/286 286/286/286 
f 286/286/286 287/287/287 286/286/286 
f 286/286/286 287/287/287 287/287/287 
f 287/287/287 288/288/288 287/287/287 
f 287/287/287 288/288/288 289/289/289 
f 288/288/288 290/290/290 289/289/289 
f 289/289/289 290/290/290 290/290/290 
f 290/290/290 291/291/291 290/290/290 
f 290/290/290 291/291/291 291/291/291 
f 291/291/291 292/292/292 291/291/291 
f 291/291/291 292/292/292 293/293/293 
f 292/292/292 294/294/294 293/293/293 
f 293/293/293 294/294/294 294/294/294 
f 294/294/294 295/295/295 294/294/294 
f 294/294/294 295/295/295 295/295/295 
f 295/295/295 296/296/296 295/295/295 
f 295/295/295 296/296/296 297/297/297 
f 296/296/296 298/298/298 297/297/297 
f 297/297/297 298/298/298 298/298/298 
f 298/298/298 299/299/299 298/298/298 
f 298/298/298 299/299/299 299/299/299 
f 299/299/299 300/300/300 299/299/299 
f 299/299/299 300/300/300 301/301/301 
f 300/300/300 302/302/302 301/301/301 
f 301/301/301 302/302/302 302/302/302 
f 302/302/302 303/303/303 302/302/302 
f 302/302/302 303/303/303 303/303/303 
f 303/303/303 304/304/304 303/303/303 
f 303/303/303 304/304/304 305/305/305 
f 304/304/304 306/306/306 305/305/305 
f 305/305/305 306/306/306 306/306/306 
f 306/306/306 307/307/307 306/306/306 
f 306/306/306 307/307/307 307/307/307 
f 307/307/307 308/308/308 307/307/307 
f 307/307/307 308/308/308 309/309/309 
f 308/308/308 310/310/310 309/309/309 
f 309/309/309 310/310/310 310/310/310 
f 310/310/310 311/311/311 310/310/310 
f 310/310/310 311/311/311 311/311/311 
f 311/311/311 312/312/312 311/311/311 
f 311/311/311 312/312/312 313/313/313 
f 312/312/312 314/314/314 313/313/313 
f 313/313/313 314/314/314 314/314/314 
f 314/314/314 315/315/315 314/314/314 
f 314/314/314 315/315/315 315/315/315 
f 315/315/315 316/316/316 315/315/315 
f 315/315/315 316/316/316 317/317/317 
f 316/316/316 318/318/318 317/317/317 
f 317/317/317 318/318/318 318/318/318 
f 318/318/318 319/319/319 318/318/318 
f 318/318/318 319/319/319 319/319/319 
f 319/319/319 320/320/320 319/319/319 
f 319/319/319 320/320/320 321/321/321 
f 320/320/320 322/322/322 321/321/321 
f 321/321/321 322/322/322 322/322/322 
f 322/322/322 31/31/31 322/322/322 
f 322/322/322 31/31/31 31/31/31 
f 31/31/31 28/28/28 31/31/31 
f 31/31/31 28/28/28 323/323/323 
f 28/28/28 324/324/324 323/323/323 
f 323/323/323 324/324/324 324/324/324 
f 324/324/324 325/325/325 324/324/324 
f 324/324/324 325/325/325 325/325/325 
f 325/325/325 326/326/326 325/325/325 
f 325/325/325 326/326/326 327/327/327 
f 326/326/326 328/328/328 327/327/327 
f 327/327/327 328/328/328 328/328/328 
f 328/328/328 329/329/329 328/328/328 
f 328/328/328 329/329/329 329/329/329 
f 329/329/329 330/330/330 329/329/329 
f 329/329/329 330/330/330 331/331/331 
f 330/330/330 332/332/332 331/331/331 
f 331/331/331 332/332/332 332/332/332 
f 332/332/332 333/333/333 332/332/332 
f 332/332/332 333/333/333 333/333/333 
f 333/333/333 334/334/334 333/333/333 
f 333/333/333 334/334/334 335/335/335 
f 334/334/334 336/336/336 335/335/335 
f 335/335/335 336/336/336 336/336/336 
f 336/336/336 334/334/334 336/336/336 
f 336/336/336 334/334/334 334/334/334 
f 334/334/334 337/337/337 334/334/334 
f 334/334/334 337/337/337 336/336/336 
f 337/337/337 338/338/338 336/336/336 
f 336/336/336 338/338/338 338/338/338 
f 338/338/338 337/337/337 338/338/338 
f 338/338/338 337/337/337 337/337/337 
f 337/337/337 334/334/334 337/337/337 
f 337/337/337 334/334/334 339/339/339 
f 334/334/334 340/340/340 339/339/339 
f 339/339/339 340/340/340 340/340/340 
f 340/340/340 341/341/341 340/340/340 
f 340/340/340 341/341/341 341/341/341 
f 341/341/341 342/342/342 341/341/341 
f 341/341/341 342/342/342 343/343/343 
f 342/342/342 344/344/344 343/343/343 
f 343/343/343 344/344/344 344/344/344 
f 344/344/344 345/345/345 344/344/344 
f 344/344/344 345/345/345 345/345/345 
f 345/345/345 346/346/346 345/345/345 
f 345/345/345 346/346/346 347/347/347 
f 346/346/346 348/348/348 347/347/347 
f 347/347/347 348/348/348 348/348/348 
f 348/348/348 349/349/349 348/348/348 
f 348/348/348 349/349/349 349/349/349 
f 349/349/349 350/350/350 349/349/349 
f 349/349/349 350/350/350 351/351/351 
f 350/350/350 352/352/352 351/351/351 
f 351/351/351 352/352/352 352/352/352 
f 352/352/352 353/353/353 352/352/352 
f 352/352/352 353/353/353 353/353/353 
f 353/353/353 354/354/354 353/353/353 
f 353/353/353 354/354/354 355/355/355 
f 354/354/354 356/356/356 355/355/355 
f 355/355/355 356/356/356 356/356/356 
f 356/356/356 357/357/357 356/356/356 
f 356/356/356 357/357/357 357/357/357 
f 357/357/357 358/358/358 357/357/357 
f 357/357/357 358/358/358 359/359/359 
f 358/358/358 360/360/360 359/359/359 
f 359/359/359 360/360/360 360/360/360 
f 360/360/360 361/361/361 360/360/360 
f 360/360/360 361/361/361 361/361/361 
f 361/361/361 362/362/362 361/361/361 
f 361/361/361 362/362/362 363/363/363 
f 362/362/362 364/364/364 363/363/363 
f 363/363/363 364/364/364 364/364/364 
f 364/364/364 365/365/365 364/364/364 
f 364/364/364 365/365/365 365/365/365 
f 365/365/365 366/366/366 365/365/365 
f 365/365/365 366/366/366 367/367/367 
f 366/366/366 368/368/368 367/367/367 
f 367/367/367 368/368/368 368/368/368 
f 368/368/368 369/369/369 368/368/368 
f 368/368/368 369/369/369 369/369/369 
f 369/369/369 370/370/370 369/369/369 
f 369/369/369 370/370/370 371/371/371 
f 370/370/370 372/372/372 371/371/371 
f 371/371/371 372/372/372 372/372/372 
f 372/372/372 373/373/373 372/372/372 
f 372/372/372 373/373/373 373/373/373 
f 373/373/373 374/374/374 373/373/373 
f 373/373/373 374/374/374 375/375/375 
f 374/374/374 376/376/376 375/375/375 
f 375/375/375 376/376/376 376/376/376 
f 376/376/376 377/377/377 376/376/376 
f 376/376/376 377/377/377 377/377/377 
f 377/377/377 378/378/378 377/377/377 
f 377/377/377 378/378/378 379/379/379 
f 378/378/378 380/380/380 379/379/379 
f 379/379/379 380/380/380 380/380/380 
f 380/380/380 381/381/381 380/380/380 
f 380/380/380 381/381/381 381/381/381 
f 381/381/381 382/382/382 381/381/381 
f 381/381/381 382/382/382 383/383/383 
f 382/382/382 384/384/384 383/383/383 
f 383/383/383 384/384/384 384/384/384 
f 384/384/384 385/385/385 384/384/384 
f 384/384/384 385/385/385 385/385/385 
f 385/385/385 386/386/386 385/385/385 
f 385/385/385 386/386/386 387/387/387 
f 386/386/386 388/388/388 387/387/387 
f 387/387/387 388/388/388 388/388/388 
f 388/388/388 389/389/389 388/388/388 
f 388/388/388 389/389/389 389/389/389 
f 389/389/389 390/390/390 389/389/389 
f 389/389/389 390/390/390 391/391/391 
f 390/390/390 392/392/392 391/391/391 
f 391/391/391 392/392/392 392/392/392 
f 392/392/392 393/393/393 392/392/392 
f 392/392/392 393/393/393 393/393/393 
f 393/393/393 394/394/394 393/393/393 
f 393/393/393 394/394/394 395/395/395 
f 394/394/394 396/396/396 395/395/395 
f 395/395/395 396/396/396 396/396/396 
f 396/396/396 397/397/397 396/396/396 
f 396/396/396 397/397/397 397/397/397 
f 397/397/397 398/398/398 397/397/397 
f 397/397/397 398/398/398 399/399/399 
f 398/398/398 400/400/400 399/399/399 
f 399/399/399 400/400/400 400/400/400 
f 400/400/400 398/398/398 400/400/400 
f 400/400/400 398/398/398 398/398/398 
f 398/398/398 401/401/401 398/398/398 
f 398/398/398 401/401/401 400/400/400 
f 401/401/401 402/402/402 400/400/400 
f 400/400/400 402/402/402 403/403/403 
f 402/402/402 403/403/403 403/403/403 
f 403/403/403 403/403/403 400/400/400 
f 403/403/403 400/400/400 400/400/400 
f 400/400/400 400/400/400 400/400/400 
f 400/400/400 403/403/403 400/400/400 
f 400/400/400 403/403/403 404/404/404 
f 403/403/403 405/405/405 404/404/404 
f 404/404/404 405/405/405 406/406/406 
f 405/405/405 406/406/406 406/406/406 
f 406/406/406 406/406/406 407/407/407 
f 406/406/406 407/407/407 407/407/407 
f 407/407/407 407/407/407 407/407/407 
f 407/407/407 408/408/408 407/407/407 
f 407/407/407 408/408/408 409/409/409 
f 408/408/408 410/410/410 409/409/409 
f 409/409/409 410/410/410 410/410/410 
f 410/410/410 411/411/411 410/410/410 
f 410/410/410 411/411/411 411/411/411 
f 411/411/411 412/412/412 411/411/411 
f 411/411/411 412/412/412 413/413/413 
f 412/412/412 414/414/414 413/413/413 
f 413/413/413 414/414/414 414/414/414 
f 414/414/414 415/415/415 414/414/414 
f 414/414/414 415/415/415 415/415/415 
f 415/415/415 416/416/416 415/415/415 
f 415/415/415 416/416/416 417/417/417 
f 416/416/416 418/418/418 417/417/417 
f 417/417/417 418/418/418 418/418/418 
f 418/418/418 419/419/419 418/418/418 
f 418/418/418 419/419/419 419/419/419 
f 419/419/419 420/420/420 419/419/419 
f 419/419/419 420/420/420 421/421/421 
f 420/420/420 422/422/422 421/421/421 
f 421/421/421 422/422/422 422/422/422 
f 422/422/422 423/423/423 422/422/422 
f 422/422/422 423/423/423 423/423/423 
f 423/423/423 424/424/424 423/423/423 
f 423/423/423 424/424/424 425/425/425 
f 424/424/424 426/426/426 425/425/425 
f 425/425/425 426/426/426 426/426/426 
f 426/426/426 427/427/427 426/426/426 
f 426/426/426 427/427/427 427/427/427 
f 427/427/427 428/428/428 427/427/427 
f 427/427/427 428/428/428 429/429/429 
f 428/428/428 430/430/430 429/429/429 
f 429/429/429 430/430/430 430/430/430 
f 430/430/430 431/431/431 430/430/430 
f 430/430/430 431/431/431 431/431/431 
f 431/431/431 432/432/432 431/431/431 
f 431/431/431 432/432/432 433/433/433 
f 432/432/432 434/434/434 433/433/433 
f 433/433/433 434/434/434 434/434/434 
f 434/434/434 435/435/435 434/434/434 
f 434/434/434 435/435/435 435/435/435 
f 435/435/435 436/436/436 435/435/435 
f 435/435/435 436/436/436 437/437/437 
f 436/436/436 438/438/438 437/437/437 
f 437/437/437 438/438/438 438/438/438 
f 438/438/438 439/439/439 438/438/438 
f 438/438/438 439/439/439 439/439/439 
f 439/439/439 440/440/440 439/439/439 
f 439/439/439 440/440/440 441/441/441 
f 440/440/440 442/442/442 441/441/441 
f 441/441/441 442/442/442 442/442/442 
f 442/442/442 443/443/443 442/442/442 
f 442/442/442 443/443/443 443/443/443 
f 443/443/443 444/444/444 443/443/443 
f 443/443/443 444/444/444 445/445/445 
f 444/444/444 446/446/446 445/445/445 
f 445/445/445 446/446/446 446/446/446 
f 446/446/446 447/447/447 446/446/446 
f 446/446/446 447/447/447 447/447/447 
f 447/447/447 448/448/448 447/447/447 
f 447/447/447 448/448/448 449/449/449 
f 448/448/448 450/450/450 449/449/449 
f 449/449/449 450/450/450 450/450/450 
f 450/450/450 448/448/448 450/450/450 
f 450/450/450 448/448/448 448/448/448 
f 448/448/448 451/451/451 448/448/448 
f 448/448/448 451/451/451 450/450/450 
f 451/451/451 452/452/452 450/450/450 
f 450/450/450 452/452/452 453/453/453 
f 452/452/452 453/453/453 453/453/453 
f 453/453/453 453/453/453 450/450/450 
f 453/453/453 450/450/450 450/450/450 
f 450/450/450 450/450/450 450/450/450 
f 450/450/450 453/453/453 450/450/450 
f 450/450/450 453/453/453 454/454/454 
f 453/453/453 455/455/455 454/454/454 
f 454/454/454 455/455/455 456/456/456 
f 455/455/455 456/456/456 456/456/456 
f 456/456/456 456/456/456 457/457/457 
f 456/456/456 457/457/457 457/457/457 
f 457/457/457 457/457/457 457/457/457 
f 457/457/457 458/458/458 457/457/457 
f 457/457/457 458/458/458 459/459/459 
f 458/458/458 460/460/460 459/459/459 
f 459/459/459 460/460/460 460/460/460 
f 460/460/460 461/461/461 460/460/460 
f 460/460/460 461/461/461 461/461/461 
f 461/461/461 462/462/462 461/461/461 
f 461/461/461 462/462/462 463/463/463 
f 462/462/462 464/464/464 463/463/463 
f 463/463/463 464/464/464 464/464/464 
f 464/464/464 465/465/465 464/464/464 
f 464/464/464 465/465/465 465/465/465 
f 465/465/465 466/466/466 465/465/465 
f 465/465/465 466/466/466 467/467/467 
f 466/466/466 468/468/468 467/467/467 
f 467/467/467 468/468/468 468/468/468 
f 468/468/468 469/469/469 468/468/468 
f 468/468/468 469/469/469 469/469/469 
f 469/469/469 470/470/470 469/469/469 
f 469/469/469 470/470/470 471/471/471 
f 470/470/470 472/472/472 471/471/471 
f 471/471/471 472/472/472 472/472/472 
f 472/472/472 473/473/473 472/472/472 
f 472/472/472 473/473/473 473/473/473 
f 473/473/473 474/474/474 473/473/473 
f 473/473/473 474/474/474 475/475/475 
f 474/474/474 476/476/476 475/475/475 
f 475/475/475 476/476/476 476/476/476 
f 476/476/476 477/477/477 476/476/476 
f 476/476/476 477/477/477 477/477/477 
f 477/477/477 478/478/478 477/477/477 
f 477/477/477 478/478/478 479/479/479 
f 478/478/478 480/480/480 479/479/479 
f 479/479/479 480/480/480 480/480/480 
f 480/480/480 481/481/481 480/480/480 
f 480/480/480 481/481/481 481/481/481 
f 481/481/481 482/482/482 481/481/481 
f 481/481/481 482/482/482 483/483/483 
f 482/482/482 484/484/484 483/483/483 
f 483/483/483 484/484/484 484/484/484 
f 484/484/484 485/485/485 484/484/484 
f 484/484/484 485/485/485 485/485/485 
f 485/485/485 486/486/486 485/485/485 
f 485/485/485 486/486/486 487/487/487 
f 486/486/486 488/488/488 487/487/487 
f 487/487/487 488/488/488 488/488/488 
f 488/488/488 489/489/489 488/488/488 
f 488/488/488 489/489/489 489/489/489 
f 489/489/489 490/490/490 489/489/489 
f 489/489/489 490/490/490 491/491/491 
f 490/490/490 492/492/492 491/491/491 
f 491/491/491 492/492/492 492/492/492 
f 492/492/492 493/493/493 492/492/492 
f 492/492/492 493/493/493 493/493/493 
f 493/493/493 494/494/494 493/493/493 
f 493/493/493 494/494/494 495/495/495 
f 494/494/494 496/496/496 495/495/495 
f 495/495/495 496/496/496 496/496/496 
f 496/496/496 497/497/497 496/496/496 
f 496/496/496 497/497/497 497/497/497 
f 497/497/497 19/19/19 497/497/497 
f 497/497/497 19/19/19 498/498/498 
f 19/19/19 21/21/21 498/498/498 
f 498/498/498 21/21/21 21/21/21 
f 21/21/21 499/499/499 21/21/21 
f 21/21/21 499/499/499 499/499/499 
f 499/499/499 500/500/500 499/499/499 
f 499/499/499 500/500/500 501/501/501 
f 500/500/500 502/502/502 501/501/501 
f 501/501/501 502/502/502 502/502/502 
f 502/502/502 503/503/503 502/502/502 
f 502/502/502 503/503/503 503/503/503 
f 503/503/503 504/504/504 503/503/503 
f 503/503/503 504/504/504 505/505/505 
f 504/504/504 506/506/506 505/505/505 
f 505/505/505 506/506/506 506/506/506 
f 506/506/506 504/504/504 506/506/506 
f 506/506/506 504/504/504 507/507/507 
f 504/504/504 508/508/508 507/507/507 
f 507/507/507 508/508/508 508/508/508 
f 508/508/508 504/504/504 508/508/508 
f 508/508/508 504/504/504 504/504/504 
f 504/504/504 509/509/509 504/504/504 
f 504/504/504 509/509/509 508/508/508 
f 509/509/509 510/510/510 508/508/508 
f 508/508/508 510/510/510 510/510/510 
f 510/510/510 451/451/451 510/510/510 
f 510/510/510 451/451/451 451/451/451 
f 451/451/451 448/448/448 451/451/451 
f 451/451/451 448/448/448 511/511/511 
f 448/448/448 512/512/512 511/511/511 
f 511/511/511 512/512/512 512/512/512 
f 512/512/512 513/513/513 512/512/512 
f 512/512/512 513/513/513 513/513/513 
f 513/513/513 514/514/514 513/513/513 
f 513/513/513 514/514/514 515/515/515 
f 514/514/514 516/516/516 515/515/515 
f 515/515/515 516/516/516 516/516/516 
f 516/516/516 517/517/517 516/516/516 
f 516/516/516 517/517/517 517/517/517 
f 517/517/517 518/518/518 517/517/517 
f 517/517/517 518/518/518 519/519/519 
f 518/518/518 520/520/520 519/519/519 
f 519/519/519 520/520/520 520/520/520 
f 520/520/520 521/521/521 520/520/520 
f 520/520/520 521/521/521 521/521/521 
f 521/521/521 522/522/522 521/521/521 
f 521/521/521 522/522/522 523/523/523 
f 522/522/522 524/524/524 523/523/523 
f 523/523/523 524/524/524 524/524/524 
f 524/524/524 525/525/525 524/524/524 
f 524/524/524 525/525/525 525/525/525 
f 525/525/525 526/526/526 525/525/525 
f 525/525/525 526/526/526 527/527/527 
f 526/526/526 528/528/528 527/527/527 
f 527/527/527 528/528/528 528/528/528 
f 528/528/528 526/526/526 528/528/528 
f 528/528/528 526/526/526 526/526/526 
f 526/526/526 529/529/529 526/526/526 
f 526/526/526 529/529/529 528/528/528 
f 529/529/529 530/530/530 528/528/528 
f 528/528/528 530/530/530 531/531/531 
f 530/530/530 531/531/531 531/531/531 
f 531/531/531 531/531/531 532/532/532 
f 531/531/531 532/532/532 532/532/532 
f 532/532/532 532/532/532 532/532/532 
f 532/532/532 533/533/533 532/532/532 
f 532/532/532 533/533/533 534/534/534 
f 533/533/533 535/535/535 534/534/534 
f 534/534/534 535/535/535 535/535/535 
f 535/535/535 536/536/536 535/535/535 
f 535/535/535 536/536/536 536/536/536 
f 536/536/536 537/537/537 536/536/536 
f 536/536/536 537/537/537 538/538/538 
f 537/537/537 539/539/539 538/538/538 
f 538/538/538 539/539/539 539/539/539 
f 539/539/539 540/540/540 539/539/539 
f 539/539/539 540/540/540 540/540/540 
f 540/540/540 541/541/541 540/540/540 
f 540/540/540 541/541/541 542/542/542 
f 541/541/541 543/543/543 542/542/542 
f 542/542/542 543/543/543 543/543/543 
f 543/543/543 544/544/544 543/543/543 
f 543/543/543 544/544/544 544/544/544 
f 544/544/544 545/545/545 544/544/544 
f 544/544/544 545/545/545 546/546/546 
f 545/545/545 547/547/547 546/546/546 
f 546/546/546 547/547/547 547/547/547 
f 547/547/547 548/548/548 547/547/547 
f 547/547/547 548/548/548 548/548/548 
f 548/548/548 549/549/549 548/548/548 
f 548/548/548 549/549/549 550/550/550 
f 549/549/549 551/551/551 550/550/550 
f 550/550/550 551/551/551 551/551/551 
f 551/551/551 552/552/552 551/551/551 
f 551/551/551 552/552/552 552/552/552 
f 552/552/552 553/553/553 552/552/552 
f 552/552/552 553/553/553 554/554/554 
f 553/553/553 555/555/555 554/554/554 
f 554/554/554 555/555/555 555/555/555 
f 555/555/555 556/556/556 555/555/555 
f 555/555/555 556/556/556 556/556/556 
f 556/556/556 557/557/557 556/556/556 
f 556/556/556 557/557/557 558/558/558 
f 557/557/557 559/559/559 558/558/558 
f 558/558/558 559/559/559 559/559/559 
f 559/559/559 560/560/560 559/559/559 
f 559/559/559 560/560/560 560/560/560 
f 560/560/560 561/561/561 560/560/560 
f 560/560/560 561/561/561 562/562/562 
f 561/561/561 563/563/563 562/562/562 
f 562/562/562 563/563/563 563/563/563 
f 563/563/563 564/564/564 563/563/563 
f 563/563/563 564/564/564 564/564/564 
f 564/564/564 565/565/565 564/564/564 
f 564/564/564 565/565/565 566/566/566 
f 565/565/565 567/567/567 566/566/566 
f 566/566/566 567/567/567 567/567/567 
f 567/567/567 568/568/568 567/567/567 
f 567/567/567 568/568/568 568/568/568 
f 568/568/568 569/569/569 568/568/568 
f 568/568/568 569/569/569 570/570/570 
f 569/569/569 571/571/571 570/570/570 
f 570/570/570 571/571/571 571/571/571 
f 571/571/571 572/572/572 571/571/571 
f 571/571/571 572/572/572 572/572/572 
f 572/572/572 573/573/573 572/572/572 
f 572/572/572 573/573/573 574/574/574 
f 573/573/573 575/575/575 574/574/574 
f 574/574/574 575/575/575 575/575/575 
f 575/575/575 576/576/576 575/575/575 
f 575/575/575 576/576/576 576/576/576 
f 576/576/576 577/577/577 576/576/576 
f 576/576/576 577/577/577 578/578/578 
f 577/577/577 579/579/579 578/578/578 
f 578/578/578 579/579/579 579/579/579 
f 579/579/579 580/580/580 579/579/579 
f 579/579/579 580/580/580 580/580/580 
f 580/580/580 581/581/581 580/580/580 
f 580/580/580 581/581/581 582/582/582 
f 581/581/581 583/583/583 582/582/582 
f 582/582/582 583/583/583 583/583/583 
f 583/583/583 581/581/581 583/583/583 
f 583/583/583 581/581/581 581/581/581 
f 581/581/581 584/584/584 581/581/581 
f 581/581/581 584/584/584 583/583/583 
f 584/584/584 585/585/585 583/583/583 
f 583/583/583 585/585/585 586/586/586 
f 585/585/585 586/586/586 586/586/586 
f 586/586/586 586/586/586 583/583/583 
f 586/586/586 583/583/583 583/583/583 
f 583/583/583 583/583/583 583/583/583 
f 583/583/583 586/586/586 583/583/583 
f 583/583/583 586/586/586 587/587/587 
f 586/586/586 588/588/588 587/587/587 
f 587/587/587 588/588/588 589/589/589 
f 588/588/588 589/589/589 589/589/589 
f 589/589/589 589/589/589 590/590/590 
f 589/589/589 590/590/590 590/590/590 
f 590/590/590 590/590/590 590/590/590 
f 590/590/590 591/591/591 590/590/590 
f 590/590/590 591/591/591 592/592/592 
f 591/591/591 593/593/593 592/592/592 
f 592/592/592 593/593/593 593/593/593 
f 593/593/593 594/594/594 593/593/593 
f 593/593/593 594/594/594 594/594/594 
f 594/594/594 595/595/595 594/594/594 
f 594/594/594 595/595/595 596/596/596 
f 595/595/595 597/597/597 596/596/596 
f 596/596/596 597/597/597 597/597/597 
f 597/597/597 598/598/598 597/597/597 
f 597/597/597 598/598/598 598/598/598 
f 598/598/598 599/599/599 598/598/598 
f 598/598/598 599/599/599 600/600/600 
f 599/599/599 601/601/601 600/600/600 
f 600/600/600 601/601/601 601/601/601 
f 601/601/601 602/602/602 601/601/601 
f 601/601/601 602/602/602 602/602/602 
f 602/602/602 603/603/603 602/602/602 
f 602/602/602 603/603/603 604/604/604 
f 603/603/603 605/605/605 604/604/604 
f 604/604/604 605/605/605 606/606/606 
f 605/605/605 607/607/607 606/606/606 
f 606/606/606 607/607/607 607/607/607 
f 607/607/607 606/606/606 607/607/607 
f 607/607/607 606/606/606 606/606/606 
f 606/606/606 608/608/608 606/606/606 
f 606/606/606 608/608/608 604/604/604 
f 608/608/608 609/609/609 604/604/604 
f 604/604/604 609/609/609 609/609/609 
f 609/609/609 610/610/610 609/609/609 
f 609/609/609 610/610/610 610/610/610 
f 610/610/610 611/611/611 610/610/610 
f 610/610/610 611/611/611 612/612/612 
f 611/611/611 613/613/613 612/612/612 
f 612/612/612 613/613/613 613/613/613 
f 613/613/613 614/614/614 613/613/613 
f 613/613/613 614/614/614 614/614/614 
f 614/614/614 615/615/615 614/614/614 
f 614/614/614 615/615/615 616/616/616 
f 615/615/615 617/617/617 616/616/616 
f 616/616/616 617/617/617 617/617/617 
f 617/617/617 618/618/618 617/617/617 
f 617/617/617 618/618/618 618/618/618 
f 618/618/618 619/619/619 618/618/618 
f 618/618/618 619/619/619 620/620/620 
f 619/619/619 621/621/621 620/620/620 
f 620/620/620 621/621/621 621/621/621 
f 621/621/621 622/622/622 621/621/621 
f 621/621/621 622/622/622 622/622/622 
f 622/622/622 623/623/623 622/622/622 
f 622/622/622 623/623/623 624/624/624 
f 623/623/623 625/625/625 624/624/624 
f 624/624/624 625/625/625 625/625/625 
f 625/625/625 584/584/584 625/625/625 
f 625/625/625 584/584/584 584/584/584 
f 584/584/584 581/581/581 584/584/584 
f 584/584/584 581/581/581 626/626/626 
f 581/581/581 627/627/627 626/626/626 
f 626/626/626 627/627/627 627/627/627 
f 627/627/627 628/628/628 627/627/627 
f 627/627/627 628/628/628 628/628/628 
f 628/628/628 629/629/629 628/628/628 
f 628/628/628 629/629/629 630/630/630 
f 629/629/629 631/631/631 630/630/630 
f 630/630/630 631/631/631 631/631/631 
f 631/631/631 632/632/632 631/631/631 
f 631/631/631 632/632/632 632/632/632 
f 632/632/632 633/633/633 632/632/632 
f 632/632/632 633/633/633 634/634/634 
f 633/633/633 635/635/635 634/634/634 
f 634/634/634 635/635/635 635/635/635 
f 635/635/635 636/636/636 635/635/635 
f 635/635/635 636/636/636 636/636/636 
f 636/636/636 637/637/637 636/636/636 
f 636/636/636 637/637/637 638/638/638 
f 637/637/637 639/639/639 638/638/638 
f 638/638/638 639/639/639 639/639/639 
f 639/639/639 640/640/640 639/639/639 
f 639/639/639 640/640/640 640/640/640 
f 640/640/640 641/641/641 640/640/640 
f 640/640/640 641/641/641 642/642/642 
f 641/641/641 643/643/643 642/642/642 
f 642/642/642 643/643/643 643/643/643 
f 643/643/643 641/641/641 643/643/643 
f 643/643/643 641/641/641 641/641/641 
f 641/641/641 644/644/644 641/641/641 
f 641/641/641 644/644/644 643/643/643 
f 644/644/644 645/645/645 643/643/643 
f 643/643/643 645/645/645 645/645/645 
f 645/645/645 644/644/644 645/645/645 
f 645/645/645 644/644/644 644/644/644 
f 644/644/644 641/641/641 644/644/644 
f 644/644/644 641/641/641 646/646/646 
f 641/641/641 647/647/647 646/646/646 
f 646/646/646 647/647/647 647/647/647 
f 647/647/647 648/648/648 647/647/647 
f 647/647/647 648/648/648 648/648/648 
f 648/648/648 649/649/649 648/648/648 
f 648/648/648 649/649/649 650/650/650 
f 649/649/649 651/651/651 650/650/650 
f 650/650/650 651/651/651 651/651/651 
f 651/651/651 652/652/652 651/651/651 
f 651/651/651 652/652/652 652/652/652 
f 652/652/652 653/653/653 652/652/652 
f 652/652/652 653/653/653 654/654/654 
f 653/653/653 655/655/655 654/654/654 
f 654/654/654 655/655/655 655/655/655 
f 655/655/655 656/656/656 655/655/655 
f 655/655/655 656/656/656 656/656/656 
f 656/656/656 657/657/657 656/656/656 
f 656/656/656 657/657/657 658/658/658 
f 657/657/657 659/659/659 658/658/658 
f 658/658/658 659/659/659 659/659/659 
f 659/659/659 657/657/657 659/659/659 
f 659/659/659 657/657/657 657/657/657 
f 657/657/657 660/660/660 657/657/657 
f 657/657/657 660/660/660 659/659/659 
f 660/660/660 661/661/661 659/659/659 
f 659/659/659 661/661/661 661/661/661 
f 661/661/661 660/660/660 661/661/661 
f 661/661/661 660/660/660 662/662/662 
f 660/660/660 663/663/663 662/662/662 
f 662/662/662 663/663/663 664/664/664 
f 663/663/663 665/665/665 664/664/664 
f 664/664/664 665/665/665 665/665/665 
f 665/665/665 660/660/660 665/665/665 
f 665/665/665 660/660/660 660/660/660 
f 660/660/660 666/666/666 660/660/660 
f 660/660/660 666/666/666 663/663/663 
f 666/666/666 667/667/667 663/663/663 
f 663/663/663 667/667/667 667/667/667 
f 667/667/667 668/668/668 667/667/667 
f 667/667/667 668/668/668 668/668/668 
f 668/668/668 669/669/669 668/668/668 
f 668/668/668 669/669/669 670/670/670 
f 669/669/669 671/671/671 670/670/670 
f 670/670/670 671/671/671 671/671/671 
f 671/671/671 672/672/672 671/671/671 
f 671/671/671 672/672/672 672/672/672 
f 672/672/672 673/673/673 672/672/672 
f 672/672/672 673/673/673 674/674/674 
f 673/673/673 675/675/675 674/674/674 
f 674/674/674 675/675/675 675/675/675 
f 675/675/675 676/676/676 675/675/675 
f 675/675/675 676/676/676 676/676/676 
f 676/676/676 677/677/677 676/676/676 
f 676/676/676 677/677/677 678/678/678 
f 677/677/677 679/679/679 678/678/678 
f 678/678/678 679/679/679 679/679/679 
f 679/679/679 680/680/680 679/679/679 
f 679/679/679 680/680/680 680/680/680 
f 680/680/680 681/681/681 680/680/680 
f 680/680/680 681/681/681 682/682/682 
f 681/681/681 683/683/683 682/682/682 
f 682/682/682 683/683/683 683/683/683 
f 683/683/683 684/684/684 683/683/683 
f 683/683/683 684/684/684 684/684/684 
f 684/684/684 685/685/685 684/684/684 
f 684/684/684 685/685/685 686/686/686 
f 685/685/685 687/687/687 686/686/686 
f 686/686/686 687/687/687 687/687/687 
f 687/687/687 401/401/401 687/687/687 
f 687/687/687 401/401/401 401/401/401 
f 401/401/401 398/398/398 401/401/401 
f 401/401/401 398/398/398 688/688/688 
f 398/398/398 689/689/689 688/688/688 
f 688/688/688 689/689/689 689/689/689 
f 689/689/689 690/690/690 689/689/689 
f 689/689/689 690/690/690 690/690/690 
f 690/690/690 691/691/691 690/690/690 
f 690/690/690 691/691/691 692/692/692 
f 691/691/691 693/693/693 692/692/692 
f 692/692/692 693/693/693 693/693/693 
f 693/693/693 694/694/694 693/693/693 
f 693/693/693 694/694/694 694/694/694 
f 694/694/694 695/695/695 694/694/694 
f 694/694/694 695/695/695 696/696/696 
f 695/695/695 697/697/697 696/696/696 
f 696/696/696 697/697/697 697/697/697 
f 697/697/697 695/695/695 697/697/697 
f 697/697/697 695/695/695 698/698/698 
f 695/695/695 699/699/699 698/698/698 
f 698/698/698 699/699/699 699/699/699 
f 699/699/699 695/695/695 699/699/699 
f 699/699/699 695/695/695 695/695/695 
f 695/695/695 700/700/700 695/695/695 
f 695/695/695 700/700/700 699/699/699 
f 700/700/700 701/701/701 699/699/699 
f 699/699/699 701/701/701 701/701/701 
f 701/701/701 702/702/702 701/701/701 
f 701/701/701 702/702/702 702/702/702 
f 702/702/702 703/703/703 702/702/702 
f 702/702/702 703/703/703 704/704/704 
f 703/703/703 705/705/705 704/704/704 
f 704/704/704 705/705/705 705/705/705 
f 705/705/705 703/703/703 705/705/705 
f 705/705/705 703/703/703 703/703/703 
f 703/703/703 706/706/706 703/703/703 
f 703/703/703 706/706/706 705/705/705 
f 706/706/706 707/707/707 705/705/705 
f 705/705/705 707/707/707 708/708/708 
f 707/707/707 708/708/708 708/708/708 
f 708/708/708 708/708/708 709/709/709 
f 708/708/708 709/709/709 709/709/709 
f 709/709/709 709/709/709 709/709/709 
f 709/709/709 710/710/710 709/709/709 
f 709/709/709 710/710/710 711/711/711 
f 710/710/710 712/712/712 711/711/711 
f 711/711/711 712/712/712 712/712/712 
f 712/712/712 713/713/713 712/712/712 
f 712/712/712 713/713/713 713/713/713 
f 713/713/713 714/714/714 713/713/713 
f 713/713/713 714/714/714 715/715/715 
f 714/714/714 716/716/716 715/715/715 
f 715/715/715 716/716/716 716/716/716 
f 716/716/716 717/717/717 716/716/716 
f 716/716/716 717/717/717 717/717/717 
f 717/717/717 718/718/718 717/717/717 
f 717/717/717 718/718/718 719/719/719 
f 718/718/718 720/720/720 719/719/719 
f 719/719/719 720/720/720 720/720/720 
f 720/720/720 721/721/721 720/720/720 
f 720/720/720 721/721/721 721/721/721 
f 721/721/721 722/722/722 721/721/721 
f 721/721/721 722/722/722 723/723/723 
f 722/722/722 724/724/724 723/723/723 
f 723/723/723 724/724/724 724/724/724 
f 724/724/724 725/725/725 724/724/724 
f 724/724/724 725/725/725 725/725/725 
f 725/725/725 726/726/726 725/725/725 
f 725/725/725 726/726/726 727/727/727 
f 726/726/726 728/728/728 727/727/727 
f 727/727/727 728/728/728 728/728/728 
f 728/728/728 729/729/729 728/728/728 
f 728/728/728 729/729/729 729/729/729 
f 729/729/729 730/730/730 729/729/729 
f 729/729/729 730/730/730 731/731/731 
f 730/730/730 732/732/732 731/731/731 
f 731/731/731 732/732/732 732/732/732 
f 732/732/732 733/733/733 732/732/732 
f 732/732/732 733/733/733 733/733/733 
f 733/733/733 734/734/734 733/733/733 
f 733/733/733 734/734/734 735/735/735 
f 734/734/734 736/736/736 735/735/735 
f 735/735/735 736/736/736 736/736/736 
f 736/736/736 737/737/737 736/736/736 
f 736/736/736 737/737/737 737/737/737 
f 737/737/737 738/738/738 737/737/737 
f 737/737/737 738/738/738 739/739/739 
f 738/738/738 740/740/740 739/739/739 
f 528/528/528 531/531/531 741/741/741 
f 67/67/67 70/70/70 742/742/742 
f 705/705/705 708/708/708 743/743/743 
f 44/44/44 47/47/47 744/744/744 

