mtllib model_0.mtl
o model_0
v -0.3372521698474884 -0.22569803893566132 -0.8020529747009277 
v -0.3581292927265167 -0.23471300303936005 -0.8020529747009277 
v -0.3372521698474884 -0.22569803893566132 -0.849560022354126 
v -0.3581292927265167 -0.23471300303936005 -0.849560022354126 
v -0.37948086857795715 -0.22569803893566132 -0.849560022354126 
v -0.3581292927265167 -0.23471300303936005 -0.849560022354126 
v -0.37948086857795715 -0.22569803893566132 -0.8020529747009277 
v -0.3581292927265167 -0.23471300303936005 -0.8020529747009277 
v -0.3372521698474884 -0.22569803893566132 -0.849560022354126 
v -0.32823702692985535 -0.20482125878334045 -0.849560022354126 
v -0.3372521698474884 -0.22569803893566132 -0.8020529747009277 
v -0.32823702692985535 -0.20482125878334045 -0.8020529747009277 
v -0.37948086857795715 -0.22569803893566132 -0.8020529747009277 
v -0.3884960114955902 -0.20482125878334045 -0.8020529747009277 
v -0.37948086857795715 -0.22569803893566132 -0.849560022354126 
v -0.3884960114955902 -0.20482125878334045 -0.849560022354126 
v -0.3581292927265167 -0.17445506155490875 -0.8020529747009277 
v -0.3372521698474884 -0.18347002565860748 -0.8020529747009277 
v -0.3581292927265167 -0.17445506155490875 -0.849560022354126 
v -0.3372521698474884 -0.18347002565860748 -0.849560022354126 
v -0.3581292927265167 -0.17445506155490875 -0.849560022354126 
v -0.37948086857795715 -0.18347002565860748 -0.849560022354126 
v -0.3581292927265167 -0.17445506155490875 -0.8020529747009277 
v -0.37948086857795715 -0.18347002565860748 -0.8020529747009277 
v -0.3372521698474884 -0.18347002565860748 -0.8020529747009277 
v -0.32823702692985535 -0.20482125878334045 -0.8020529747009277 
v -0.3372521698474884 -0.18347002565860748 -0.849560022354126 
v -0.32823702692985535 -0.20482125878334045 -0.849560022354126 
v -0.37948086857795715 -0.18347002565860748 -0.849560022354126 
v -0.3884960114955902 -0.20482125878334045 -0.849560022354126 
v -0.37948086857795715 -0.18347002565860748 -0.8020529747009277 
v -0.3884960114955902 -0.20482125878334045 -0.8020529747009277 
v -0.3581292927265167 -0.23471300303936005 -0.849560022354126 
v -0.3434203863143921 -0.2195298969745636 -0.849560022354126 
v -0.3372521698474884 -0.22569803893566132 -0.849560022354126 
v -0.3372521698474884 -0.20482125878334045 -0.849560022354126 
v -0.32823702692985535 -0.20482125878334045 -0.849560022354126 
v -0.3434203863143921 -0.189638152718544 -0.849560022354126 
v -0.3372521698474884 -0.18347002565860748 -0.849560022354126 
v -0.3581292927265167 -0.18347002565860748 -0.849560022354126 
v -0.3581292927265167 -0.17445506155490875 -0.849560022354126 
v -0.37331265211105347 -0.189638152718544 -0.849560022354126 
v -0.37948086857795715 -0.18347002565860748 -0.849560022354126 
v -0.37948086857795715 -0.20482125878334045 -0.849560022354126 
v -0.3884960114955902 -0.20482125878334045 -0.849560022354126 
v -0.37331265211105347 -0.2195298969745636 -0.849560022354126 
v -0.37948086857795715 -0.22569803893566132 -0.849560022354126 
v -0.3581292927265167 -0.22569803893566132 -0.849560022354126 
v -0.9075289368629456 0.8740202784538269 -0.35283833742141724 
v -0.8650472164154053 0.8609176278114319 -0.3731013834476471 
v -0.886471152305603 0.8425391912460327 -0.3731013834476471 
v -0.5323955416679382 0.6630448698997498 -0.8566343188285828 
v -0.533555269241333 -0.42609602212905884 -0.8537472486495972 
v -0.8883633017539978 -0.556774377822876 -0.4131997525691986 
v -0.5330058932304382 0.11847443878650665 -0.8551907539367676 
v -0.8874477744102478 0.14288242161273956 -0.39315056800842285 
v -0.886471152305603 0.8425391912460327 -0.3731013834476471 
v -0.9095431566238403 -0.5875017642974854 -0.3944337069988251 
v -0.9085665941238403 0.143288254737854 -0.37363603711128235 
v -0.9075289368629456 0.8740202784538269 -0.35283833742141724 
v -0.5115818977355957 0.6817712187767029 -0.8549768924713135 
v -0.5046237111091614 0.6595662832260132 -0.8686638474464417 
v -0.5323955416679382 0.6630448698997498 -0.8566343188285828 
v -0.5330058932304382 0.11847443878650665 -0.8551907539367676 
v -0.5051730275154114 0.11801062524318695 -0.8673272132873535 
v -0.4813075661659241 -0.16746418178081512 -0.864547073841095 
v -0.48216208815574646 -0.3326963484287262 -0.8623549938201904 
v -0.5057834386825562 -0.4234870672225952 -0.8659905791282654 
v -0.533555269241333 -0.42609602212905884 -0.8537472486495972 
v -0.4645834267139435 -0.34887170791625977 -0.8627292513847351 
v -0.10000943392515182 -0.35153862833976746 -0.8754538297653198 
v 0.5057827830314636 -0.4234870672225952 -0.8659905791282654 
v -0.08236974477767944 -0.33559516072273254 -0.8759350180625916 
v -0.08236974477767944 -0.16821786761283875 -0.8743845224380493 
v 0.5051724314689636 0.11801062524318695 -0.8673272132873535 
v 0.5046231150627136 0.6595662832260132 -0.8686638474464417 
v 0.5330052971839905 0.11847443878650665 -0.8551907539367676 
v 0.5323949456214905 0.6630448698997498 -0.8566343188285828 
v -0.10000943392515182 -0.15210048854351044 -0.8738498687744141 
v -0.4636068344116211 -0.15146274864673615 -0.8651886582374573 
v -0.5115818977355957 0.6817712187767029 -0.8549768924713135 
v 0.511581301689148 0.6817712187767029 -0.8549768924713135 
v 0.9095425605773926 -0.5875017642974854 -0.3944337069988251 
v 0.000030208000680431724 -0.5920239090919495 -0.3944871723651886 
v 0.8669387102127075 -0.5748629570007324 -0.41266509890556335 
v -0.8669393658638 -0.5748629570007324 -0.41266509890556335 
v -0.5128636956214905 -0.44453245401382446 -0.8516086339950562 
v 0.5128630995750427 -0.44453245401382446 -0.8516086339950562 
v 0.88836270570755 -0.556774377822876 -0.4131997525691986 
v 0.9095425605773926 -0.5875017642974854 -0.3944337069988251 
v 0.9709457755088806 0.942780077457428 -0.3124726414680481 
v 0.9708237051963806 0.9427220821380615 0.6372172832489014 
v 0.9921866655349731 0.923416018486023 -0.3124726414680481 
v 0.9921866655349731 0.92330002784729 0.6372172832489014 
v 0.941586971282959 -0.8687443137168884 0.6410667300224304 
v 0.941831111907959 -0.8687443137168884 -0.35118094086647034 
v 0.9708237051963806 -0.8616132140159607 0.6412805914878845 
v 0.9709457755088806 -0.8616712093353271 -0.3496304750442505 
v 0.9921866655349731 -0.842191219329834 0.6414944529533386 
v 0.9921866655349731 -0.8423071503639221 -0.3480265140533447 
v 0.7896658778190613 -0.7356309294700623 -0.3980692923069 
v 0.7179474234580994 -0.7349932193756104 -0.39871087670326233 
v 0.7897879481315613 -0.7363846302032471 -0.4183858036994934 
v 0.7180084586143494 -0.7357469201087952 -0.4190273880958557 
v 0.9095425605773926 -0.5875017642974854 -0.3944337069988251 
v 0.9085659384727478 0.143288254737854 -0.37363603711128235 
v 0.9577617645263672 -0.8310597538948059 -0.38443586230278015 
v 0.9568462371826172 0.1336062252521515 -0.3644401431083679 
v 0.9999994039535522 -0.8158699870109558 -0.34701070189476013 
v 0.9999994039535522 0.13476574420928955 -0.3297416567802429 
v 0.9075283408164978 0.8740202784538269 -0.35283833742141724 
v 0.9559916853904724 0.9099075198173523 -0.3443909287452698 
v 0.9999994039535522 0.8969788551330566 -0.3124726414680481 
v 0.9361546635627747 -0.9498530030250549 0.6372172832489014 
v 0.941586971282959 -0.9448670744895935 0.6410667300224304 
v 0.5629744529724121 -0.9498530030250549 0.7034063339233398 
v 0.5611433386802673 -0.9448670744895935 0.7085389494895935 
v 0.20895986258983612 -0.9498530030250549 0.7333999276161194 
v 0.20541971921920776 -0.9448670744895935 0.7386394143104553 
v 0.000030208000680431724 -0.9498530030250549 0.7324910163879395 
v 0.000030208000680431724 -0.9448670744895935 0.7377305626869202 
v -0.2054203301668167 -0.9448670744895935 0.7386394143104553 
v -0.20896047353744507 -0.9498530030250549 0.7333999276161194 
v -0.5611439943313599 -0.9448670744895935 0.7085389494895935 
v -0.5629751086235046 -0.9498530030250549 0.7034063339233398 
v -0.9415875673294067 -0.9448670744895935 0.6410667300224304 
v -0.9361553192138672 -0.9498530030250549 0.6372172832489014 
v -0.09909387677907944 -0.351480633020401 -0.8351950645446777 
v -0.4636678695678711 -0.3488137423992157 -0.8225239515304565 
v -0.08151522278785706 -0.3355371952056885 -0.8356762528419495 
v -0.4812465310096741 -0.33263838291168213 -0.8220962285995483 
v -0.08145418763160706 -0.16815990209579468 -0.8341792225837708 
v -0.4804530441761017 -0.16740620136260986 -0.8242883086204529 
v -0.4626912772655487 -0.15140476822853088 -0.8249298930168152 
v -0.9418317675590515 -0.8687443137168884 -0.35118094086647034 
v 0.000030208000680431724 -0.8687443137168884 -0.3521432876586914 
v -0.9418317675590515 -0.9448670744895935 -0.35118094086647034 
v 0.000030208000680431724 -0.9448670744895935 -0.3521432876586914 
v 0.941831111907959 -0.9448670744895935 -0.35118094086647034 
v 0.941831111907959 -0.8687443137168884 -0.35118094086647034 
v -0.9709463715553284 0.942780077457428 -0.3124726414680481 
v -0.9559923410415649 0.9099075198173523 -0.3443909287452698 
v -0.9921872615814209 0.923416018486023 -0.3124726414680481 
v -1 0.8969788551330566 -0.3124726414680481 
v -1 0.13853420317173004 -0.3297416567802429 
v -0.9568468332290649 0.13917194306850433 -0.3644401431083679 
v -1 -0.8158699870109558 -0.34701070189476013 
v -0.9577624201774597 -0.8310597538948059 -0.38443586230278015 
v -0.9921872615814209 -0.8423071503639221 -0.3480265140533447 
v -0.9709463715553284 -0.8616712093353271 -0.3496304750442505 
v -0.9075289368629456 0.8740202784538269 -0.35283833742141724 
v -0.9085665941238403 0.143288254737854 -0.37363603711128235 
v -0.9095431566238403 -0.5875017642974854 -0.3944337069988251 
v 0.9363988041877747 -0.9498530030250549 -0.34620872139930725 
v 0.941831111907959 -0.9448670744895935 -0.35118094086647034 
v 0.9361546635627747 -0.9498530030250549 0.6372172832489014 
v 0.941586971282959 -0.9448670744895935 0.6410667300224304 
v 0.9075283408164978 0.8740202784538269 -0.35283833742141724 
v 0.8864705562591553 0.8425391912460327 -0.3731013834476471 
v 0.8650465607643127 0.8609176278114319 -0.3731013834476471 
v 0.5323949456214905 0.6630448698997498 -0.8566343188285828 
v 0.511581301689148 0.6817712187767029 -0.8549768924713135 
v 0.941586971282959 -0.9448670744895935 0.6410667300224304 
v 0.941586971282959 -0.8687443137168884 0.6410667300224304 
v 0.5611433386802673 -0.9448670744895935 0.7085389494895935 
v 0.5611433386802673 -0.8687443137168884 0.7085389494895935 
v 0.20541971921920776 -0.9448670744895935 0.7386394143104553 
v 0.20541971921920776 -0.8687443137168884 0.7386394143104553 
v 0.000030208000680431724 -0.9448670744895935 0.7377305626869202 
v 0.000030208000680431724 -0.8687443137168884 0.7377305626869202 
v -0.2054203301668167 -0.8687443137168884 0.7386394143104553 
v -0.2054203301668167 -0.9448670744895935 0.7386394143104553 
v -0.5611439943313599 -0.8687443137168884 0.7085389494895935 
v -0.5611439943313599 -0.9448670744895935 0.7085389494895935 
v -0.9415875673294067 -0.8687443137168884 0.6410667300224304 
v -0.9415875673294067 -0.9448670744895935 0.6410667300224304 
v -0.9921872615814209 -0.8423071503639221 -0.3480265140533447 
v -0.9709463715553284 -0.8616712093353271 -0.3496304750442505 
v -0.9921872615814209 -0.842191219329834 0.6414944529533386 
v -0.9708243012428284 -0.8616132140159607 0.6412805914878845 
v -0.9418317675590515 -0.8687443137168884 -0.35118094086647034 
v -0.9415875673294067 -0.8687443137168884 0.6410667300224304 
v 0.9075283408164978 0.8740202784538269 -0.35283833742141724 
v 0.9085659384727478 0.143288254737854 -0.37363603711128235 
v 0.8864705562591553 0.8425391912460327 -0.3731013834476471 
v 0.8874471783638 0.14288242161273956 -0.39315056800842285 
v 0.5330052971839905 0.11847443878650665 -0.8551907539367676 
v 0.9095425605773926 -0.5875017642974854 -0.3944337069988251 
v 0.88836270570755 -0.556774377822876 -0.4131997525691986 
v 0.5335546135902405 -0.42609602212905884 -0.8537472486495972 
v -0.9709463715553284 0.942780077457428 -0.3124726414680481 
v -0.9921872615814209 0.923416018486023 -0.3124726414680481 
v -0.9708243012428284 0.9427220821380615 0.6372172832489014 
v -0.9921872615814209 0.92330002784729 0.6372172832489014 
v 0.8425849676132202 -0.677422821521759 -0.35406801104545593 
v 0.8469185829162598 -0.7460666298866272 -0.3508601486682892 
v 0.8259828686714172 -0.6632186770439148 -0.35470959544181824 
v 0.8320865631103516 -0.7602128386497498 -0.35037896037101746 
v 0.6770526170730591 -0.663798451423645 -0.3546561300754547 
v 0.6770526170730591 -0.758821427822113 -0.3516620993614197 
v 0.6613661050796509 -0.7443853616714478 -0.35219675302505493 
v 0.7950371503829956 -0.7402110695838928 -0.34583449363708496 
v 0.712881326675415 -0.7395153641700745 -0.3465295135974884 
v 0.7950371503829956 -0.7402110695838928 -0.39790889620780945 
v 0.712881326675415 -0.7395153641700745 -0.39855048060417175 
v 0.7179474234580994 -0.6878585815429688 -0.40020787715911865 
v 0.7866750359535217 -0.6875686645507812 -0.4002613425254822 
v 0.7180084586143494 -0.6886122226715088 -0.42052438855171204 
v 0.7867361307144165 -0.6883803606033325 -0.42057785391807556 
v 0.791435956954956 -0.6829885244369507 -0.40042173862457275 
v 0.712881326675415 -0.6832784414291382 -0.40036827325820923 
v 0.791435956954956 -0.6829885244369507 -0.3484007716178894 
v 0.712881326675415 -0.6832784414291382 -0.3483473062515259 
v 0.8062068819999695 -0.6956273913383484 -0.399833619594574 
v 0.8082211017608643 -0.7276301980018616 -0.39833661913871765 
v 0.791435956954956 -0.6829885244369507 -0.40042173862457275 
v 0.7950371503829956 -0.7402110695838928 -0.39790889620780945 
v 0.7866750359535217 -0.6875686645507812 -0.4002613425254822 
v 0.7896658778190613 -0.7356309294700623 -0.3980692923069 
v 0.712881326675415 -0.7395153641700745 -0.39855048060417175 
v 0.7179474234580994 -0.7349932193756104 -0.39871087670326233 
v 0.712881326675415 -0.6832784414291382 -0.40036827325820923 
v 0.6989038586616516 -0.7266446352005005 -0.399085134267807 
v 0.6989038586616516 -0.6960911750793457 -0.39999401569366455 
v 0.7179474234580994 -0.6878585815429688 -0.40020787715911865 
v 0.000030208000680431724 0.9498531222343445 -0.3124726414680481 
v -0.9418317675590515 0.9498531222343445 -0.3124726414680481 
v 0.000030208000680431724 0.9498531222343445 0.7356454133987427 
v -0.2054203301668167 0.9498531222343445 0.7374632358551025 
v -0.5611439943313599 0.9498531222343445 0.7084320187568665 
v -0.9415875673294067 0.9498531222343445 0.6372172832489014 
v -0.9709463715553284 0.942780077457428 -0.3124726414680481 
v 0.712881326675415 -0.6832784414291382 -0.3483473062515259 
v 0.712881326675415 -0.6832784414291382 -0.40036827325820923 
v 0.6989038586616516 -0.6960911750793457 -0.3479195833206177 
v 0.6989038586616516 -0.6960911750793457 -0.39999401569366455 
v 0.6989038586616516 -0.7266446352005005 -0.399085134267807 
v 0.6989038586616516 -0.7266446352005005 -0.34701070189476013 
v 0.712881326675415 -0.7395153641700745 -0.3465295135974884 
v 0.7260043025016785 -0.7293115258216858 -0.4115423560142517 
v 0.7813038229942322 -0.7297753691673279 -0.41100770235061646 
v 0.7219148278236389 -0.7322103381156921 -0.41913431882858276 
v 0.7856374382972717 -0.7327901124954224 -0.418546199798584 
v 0.7180084586143494 -0.6886122226715088 -0.42052438855171204 
v 0.7180084586143494 -0.7357469201087952 -0.4190273880958557 
v 0.7179474234580994 -0.6878585815429688 -0.40020787715911865 
v 0.7179474234580994 -0.7349932193756104 -0.39871087670326233 
v 0.7866750359535217 -0.6875686645507812 -0.4002613425254822 
v 0.7896658778190613 -0.7356309294700623 -0.3980692923069 
v 0.7867361307144165 -0.6883803606033325 -0.42057785391807556 
v 0.7897879481315613 -0.7363846302032471 -0.4183858036994934 
v 0.7260043025016785 -0.6945258378982544 -0.4125581681728363 
v 0.7790454626083374 -0.6943519115447998 -0.41266509890556335 
v 0.7260043025016785 -0.7293115258216858 -0.4115423560142517 
v 0.7813038229942322 -0.7297753691673279 -0.41100770235061646 
v 0.783073902130127 -0.6919168829917908 -0.4204709231853485 
v 0.7856374382972717 -0.7327901124954224 -0.418546199798584 
v 0.7790454626083374 -0.6943519115447998 -0.41266509890556335 
v 0.7813038229942322 -0.7297753691673279 -0.41100770235061646 
v 0.7790454626083374 -0.6943519115447998 -0.41266509890556335 
v 0.7260043025016785 -0.6945258378982544 -0.4125581681728363 
v 0.783073902130127 -0.6919168829917908 -0.4204709231853485 
v 0.7219148278236389 -0.6921488046646118 -0.42036399245262146 
v 0.7219148278236389 -0.7322103381156921 -0.41913431882858276 
v 0.7219148278236389 -0.6921488046646118 -0.42036399245262146 
v 0.7260043025016785 -0.7293115258216858 -0.4115423560142517 
v 0.7260043025016785 -0.6945258378982544 -0.4125581681728363 
v 0.9361546635627747 -0.9498530030250549 0.6372172832489014 
v 0.5629744529724121 -0.9498530030250549 0.7034063339233398 
v 0.9363988041877747 -0.9498530030250549 -0.34620872139930725 
v 0.20895986258983612 -0.9498530030250549 0.7333999276161194 
v 0.000030208000680431724 -0.9498530030250549 -0.3471710979938507 
v 0.000030208000680431724 -0.9498530030250549 0.7324910163879395 
v -0.20896047353744507 -0.9498530030250549 0.7333999276161194 
v -0.9363994598388672 -0.9498530030250549 -0.34620872139930725 
v -0.5629751086235046 -0.9498530030250549 0.7034063339233398 
v -0.9361553192138672 -0.9498530030250549 0.6372172832489014 
v 0.791435956954956 -0.6829885244369507 -0.40042173862457275 
v 0.791435956954956 -0.6829885244369507 -0.3484007716178894 
v 0.8062068819999695 -0.6956273913383484 -0.399833619594574 
v 0.8062068819999695 -0.6956273913383484 -0.347812682390213 
v 0.8082211017608643 -0.7276301980018616 -0.3463156521320343 
v 0.8082211017608643 -0.7276301980018616 -0.39833661913871765 
v 0.7950371503829956 -0.7402110695838928 -0.39790889620780945 
v 0.941831111907959 -0.9448670744895935 -0.35118094086647034 
v 0.941831111907959 -0.8687443137168884 -0.35118094086647034 
v 0.941586971282959 -0.9448670744895935 0.6410667300224304 
v 0.941586971282959 -0.8687443137168884 0.6410667300224304 
v 0.941831111907959 -0.9448670744895935 -0.35118094086647034 
v 0.9363988041877747 -0.9498530030250549 -0.34620872139930725 
v 0.000030208000680431724 -0.9448670744895935 -0.3521432876586914 
v 0.000030208000680431724 -0.9498530030250549 -0.3471710979938507 
v -0.9363994598388672 -0.9498530030250549 -0.34620872139930725 
v -0.533555269241333 -0.42609602212905884 -0.8537472486495972 
v -0.5128636956214905 -0.44453245401382446 -0.8516086339950562 
v -0.8883633017539978 -0.556774377822876 -0.4131997525691986 
v -0.8669393658638 -0.5748629570007324 -0.41266509890556335 
v -0.9095431566238403 -0.5875017642974854 -0.3944337069988251 
v 0.9921866655349731 0.923416018486023 -0.3124726414680481 
v 0.9559916853904724 0.9099075198173523 -0.3443909287452698 
v 0.9709457755088806 0.942780077457428 -0.3124726414680481 
v 0.941831111907959 0.9498531222343445 -0.3124726414680481 
v 0.000030208000680431724 0.9156472086906433 -0.3443909287452698 
v 0.000030208000680431724 0.9498531222343445 -0.3124726414680481 
v -0.9418317675590515 0.9498531222343445 -0.3124726414680481 
v -0.9559923410415649 0.9099075198173523 -0.3443909287452698 
v -0.9709463715553284 0.942780077457428 -0.3124726414680481 
v -0.9095431566238403 -0.5875017642974854 -0.3944337069988251 
v 0.000030208000680431724 -0.5920239090919495 -0.3944871723651886 
v -0.9577624201774597 -0.8310597538948059 -0.38443586230278015 
v 0.000030208000680431724 -0.8343644142150879 -0.3860397934913635 
v 0.000030208000680431724 -0.8687443137168884 -0.3521432876586914 
v 0.9577617645263672 -0.8310597538948059 -0.38443586230278015 
v 0.941831111907959 -0.8687443137168884 -0.35118094086647034 
v 0.8322086930274963 -0.7616042494773865 -0.3870556056499481 
v 0.8470406532287598 -0.7474581003189087 -0.3875902593135834 
v 0.8427680730819702 -0.6788142919540405 -0.3907981216907501 
v 0.9095425605773926 -0.5875017642974854 -0.3944337069988251 
v 0.8261049389839172 -0.6646100878715515 -0.3914397060871124 
v 0.6772357225418091 -0.6651898622512817 -0.3913327753543854 
v 0.6614881753921509 -0.6795099973678589 -0.3909050524234772 
v 0.6614881753921509 -0.7457767724990845 -0.3889268636703491 
v 0.6772357225418091 -0.7602128386497498 -0.38833877444267273 
v -0.9075289368629456 0.8740202784538269 -0.35283833742141724 
v 0.000030208000680431724 0.8806875348091125 -0.35283833742141724 
v -0.8650472164154053 0.8609176278114319 -0.3731013834476471 
v 0.8650465607643127 0.8609176278114319 -0.3731013834476471 
v 0.511581301689148 0.6817712187767029 -0.8549768924713135 
v 0.5335546135902405 -0.42609602212905884 -0.8537472486495972 
v 0.5128630995750427 -0.44453245401382446 -0.8516086339950562 
v -0.5128636956214905 -0.44453245401382446 -0.8516086339950562 
v -0.533555269241333 -0.42609602212905884 -0.8537472486495972 
v 0.9921866655349731 -0.8423071503639221 -0.3480265140533447 
v 0.9709457755088806 -0.8616712093353271 -0.3496304750442505 
v 0.941831111907959 -0.8687443137168884 -0.35118094086647034 
v 0.9921866655349731 -0.8423071503639221 -0.3480265140533447 
v 0.9999994039535522 -0.8156381249427795 0.6416548490524292 
v 0.9999994039535522 -0.8158699870109558 -0.34701070189476013 
v 0.9999994039535522 0.13476574420928955 -0.3297416567802429 
v 0.9999994039535522 0.1403314620256424 0.6394093036651611 
v 0.9999994039535522 0.8969788551330566 -0.3124726414680481 
v 0.9999994039535522 0.8967469334602356 0.6372172832489014 
v -0.9418317675590515 -0.9448670744895935 -0.35118094086647034 
v -0.9415875673294067 -0.9448670744895935 0.6410667300224304 
v -0.9418317675590515 -0.8687443137168884 -0.35118094086647034 
v -0.9415875673294067 -0.8687443137168884 0.6410667300224304 
v 0.9709457755088806 0.942780077457428 -0.3124726414680481 
v 0.941586971282959 0.9498531222343445 0.6372172832489014 
v 0.941831111907959 0.9498531222343445 -0.3124726414680481 
v 0.5611433386802673 0.9498531222343445 0.7084320187568665 
v 0.20541971921920776 0.9498531222343445 0.7374632358551025 
v 0.000030208000680431724 0.9498531222343445 0.7356454133987427 
v 0.000030208000680431724 0.9498531222343445 -0.3124726414680481 
v -1 -0.8156381249427795 0.6416548490524292 
v -0.9921872615814209 -0.8423071503639221 -0.3480265140533447 
v -1 -0.8158699870109558 -0.34701070189476013 
v -1 0.13853420317173004 -0.3297416567802429 
v -1 0.1220109835267067 0.639195442199707 
v -1 0.8967469334602356 0.6372172832489014 
v -1 0.8969788551330566 -0.3124726414680481 
v -0.9921872615814209 0.923416018486023 -0.3124726414680481 
v 0.9075283408164978 0.8740202784538269 -0.35283833742141724 
v 0.000030208000680431724 0.8806875348091125 -0.35283833742141724 
v 0.000030208000680431724 0.9150674343109131 -0.3443909287452698 
v 0.000030208000680431724 0.9156472086906433 -0.3443909287452698 
v -0.9075289368629456 0.8740202784538269 -0.35283833742141724 
v 0.5335546135902405 -0.42609602212905884 -0.8537472486495972 
v -0.9415875673294067 -0.9448670744895935 0.6410667300224304 
v -0.9418317675590515 -0.9448670744895935 -0.35118094086647034 
v -0.9361553192138672 -0.9498530030250549 0.6372172832489014 
v -0.9363994598388672 -0.9498530030250549 -0.34620872139930725 
v -0.6766259670257568 -0.4792601764202118 0.7517382502555847 
v -0.7294840216636658 -0.4662155508995056 0.7393879294395447 
v -0.7294840216636658 -0.4663894772529602 0.7505085468292236 
v -0.7682425379753113 -0.4310239851474762 0.7392275333404541 
v -0.7682425379753113 -0.4311979115009308 0.7502946853637695 
v -0.7824031114578247 -0.3829617202281952 0.740136444568634 
v -0.7824031114578247 -0.3831356465816498 0.751257061958313 
v -0.7824031114578247 -0.12264858186244965 0.7399760484695435 
v -0.7824031114578247 -0.12276452779769897 0.7510966658592224 
v -0.7824031114578247 0.1376645565032959 0.7398156523704529 
v -0.7824031114578247 0.13754861056804657 0.7509362697601318 
v -0.7824031114578247 0.39797770977020264 0.7396552562713623 
v -0.7824031114578247 0.3978617489337921 0.7507758736610413 
v -0.7824031114578247 0.6582908630371094 0.7394948601722717 
v -0.7824031114578247 0.6581748723983765 0.7506154775619507 
v -0.7682425379753113 0.7064110636711121 0.7385324835777283 
v -0.7682425379753113 0.7062371373176575 0.7495996356010437 
v -0.7294840216636658 0.7416026592254639 0.7384255528450012 
v -0.7294840216636658 0.7414287328720093 0.7494927048683167 
v -0.6766259670257568 0.7544733285903931 0.7397621870040894 
v -0.6766259670257568 0.7542994022369385 0.7508293390274048 
v -0.44291529059410095 0.7544733285903931 0.7705042958259583 
v -0.5447250008583069 0.7542994022369385 0.7816249132156372 
v -0.19937767088413239 0.7544733285903931 0.7945098280906677 
v -0.19937767088413239 0.7542994022369385 0.8208678364753723 
v 0.000030208000680431724 0.7544733285903931 0.7974503636360168 
v 0.000030208000680431724 0.7542994022369385 0.8194777369499207 
v 0.19937704503536224 0.7542994022369385 0.8208678364753723 
v -0.6766259670257568 -0.4790862500667572 0.7406176328659058 
v -0.5447250008583069 -0.4792601764202118 0.7816249132156372 
v -0.44291529059410095 -0.4790862500667572 0.7705577611923218 
v -0.19937767088413239 -0.4792601764202118 0.8214559555053711 
v -0.19937767088413239 -0.4790862500667572 0.8103353381156921 
v 0.000030208000680431724 -0.4792601764202118 0.8208678364753723 
v 0.000030208000680431724 -0.4790862500667572 0.8097472190856934 
v 0.19937704503536224 -0.4790862500667572 0.8103353381156921 
v 0.19937704503536224 -0.4792601764202118 0.8214559555053711 
v 0.4429146945476532 -0.4790862500667572 0.7705577611923218 
v 0.5447244048118591 -0.4792601764202118 0.7816249132156372 
v 0.6766253709793091 -0.4790862500667572 0.7406176328659058 
v 0.6766253709793091 -0.4792601764202118 0.7517382502555847 
v 0.7294833660125732 -0.4662155508995056 0.7393879294395447 
v 0.7294833660125732 -0.4663894772529602 0.7505085468292236 
v 0.7682418823242188 -0.4310239851474762 0.7392275333404541 
v 0.7682418823242188 -0.4311979115009308 0.7502946853637695 
v 0.7824024558067322 -0.3829617202281952 0.740136444568634 
v 0.7824024558067322 -0.3831356465816498 0.751257061958313 
v 0.7824024558067322 -0.12264858186244965 0.7399760484695435 
v 0.7824024558067322 -0.12276452779769897 0.7510966658592224 
v 0.7824024558067322 0.1376645565032959 0.7398156523704529 
v 0.7824024558067322 0.13754861056804657 0.7509362697601318 
v 0.7824024558067322 0.39797770977020264 0.7396552562713623 
v 0.7824024558067322 0.3978617489337921 0.7507758736610413 
v 0.7824024558067322 0.6582908630371094 0.7394948601722717 
v 0.7824024558067322 0.6581748723983765 0.7506154775619507 
v 0.7682418823242188 0.7064110636711121 0.7385324835777283 
v 0.7682418823242188 0.7062371373176575 0.7495996356010437 
v 0.7294833660125732 0.7416026592254639 0.7384255528450012 
v 0.7294833660125732 0.7414287328720093 0.7494927048683167 
v 0.6766253709793091 0.7544733285903931 0.7397621870040894 
v 0.6766253709793091 0.7542994022369385 0.7508293390274048 
v 0.4429146945476532 0.7544733285903931 0.7705042958259583 
v 0.5447244048118591 0.7542994022369385 0.7816249132156372 
v 0.19937704503536224 0.7544733285903931 0.7945098280906677 
v -0.7824031114578247 -0.3829617202281952 0.740136444568634 
v -0.6756494045257568 -0.11893810331821442 0.7693815231323242 
v -0.7824031114578247 -0.12264858186244965 0.7399760484695435 
v -0.6755883693695068 0.15227456390857697 0.7692211270332336 
v -0.7824031114578247 0.1376645565032959 0.7398156523704529 
v -0.6755273342132568 0.4235452115535736 0.7690607309341431 
v -0.7824031114578247 0.39797770977020264 0.7396552562713623 
v -0.6754662990570068 0.6148086786270142 0.7708785533905029 
v -0.7824031114578247 0.6582908630371094 0.7394948601722717 
v -0.7682425379753113 0.7064110636711121 0.7385324835777283 
v -0.44199973344802856 -0.11343036592006683 0.8182480931282043 
v -0.44334256649017334 0.15766635537147522 0.8182480931282043 
v -0.4446853697299957 0.428705096244812 0.8181946277618408 
v -0.4460282027721405 0.6197946667671204 0.7996424436569214 
v -0.6766259670257568 0.7544733285903931 0.7397621870040894 
v -0.44291529059410095 0.7544733285903931 0.7705042958259583 
v -0.22916372120380402 -0.110821433365345 0.8472258448600769 
v -0.23545053601264954 0.15882587432861328 0.8470654487609863 
v -0.23624402284622192 0.42847317457199097 0.8469585180282593 
v -0.2296520173549652 0.6181133389472961 0.8355171084403992 
v -0.19937767088413239 0.7544733285903931 0.7945098280906677 
v 0.000030208000680431724 -0.11076346039772034 0.8557801842689514 
v 0.000030208000680431724 0.15888385474681854 0.8573306202888489 
v 0.000030208000680431724 0.42847317457199097 0.8588276505470276 
v 0.000030208000680431724 0.6181133389472961 0.8451406955718994 
v 0.000030208000680431724 0.7544733285903931 0.7974503636360168 
v 0.2354499101638794 0.15882587432861328 0.8470654487609863 
v 0.23624339699745178 0.42847317457199097 0.8469585180282593 
v 0.22965140640735626 0.6181133389472961 0.8355171084403992 
v 0.19937704503536224 0.7544733285903931 0.7945098280906677 
v 0.4446847438812256 0.428705096244812 0.8181946277618408 
v 0.44602757692337036 0.6197946667671204 0.7996424436569214 
v 0.4429146945476532 0.7544733285903931 0.7705042958259583 
v 0.6754656434059143 0.6148086786270142 0.7708785533905029 
v 0.6766253709793091 0.7544733285903931 0.7397621870040894 
v 0.6755266785621643 0.4235452115535736 0.7690607309341431 
v 0.4433419406414032 0.15766635537147522 0.8182480931282043 
v 0.6755877137184143 0.15227456390857697 0.7692211270332336 
v 0.4419991374015808 -0.11343036592006683 0.8182480931282043 
v 0.6756487488746643 -0.11893810331821442 0.7693815231323242 
v 0.44065630435943604 -0.38446909189224243 0.8102818727493286 
v 0.6757097840309143 -0.39020875096321106 0.7695953845977783 
v 0.4429146945476532 -0.4790862500667572 0.7705577611923218 
v 0.6766253709793091 -0.4790862500667572 0.7406176328659058 
v 0.22916311025619507 -0.110821433365345 0.8472258448600769 
v 0.22550088167190552 -0.3804687261581421 0.8340200781822205 
v 0.19937704503536224 -0.4790862500667572 0.8103353381156921 
v 0.000030208000680431724 -0.380410760641098 0.8370676040649414 
v 0.000030208000680431724 -0.4790862500667572 0.8097472190856934 
v -0.22550150752067566 -0.3804687261581421 0.8340200781822205 
v -0.19937767088413239 -0.4790862500667572 0.8103353381156921 
v -0.4406569302082062 -0.38446909189224243 0.8102818727493286 
v -0.44291529059410095 -0.4790862500667572 0.7705577611923218 
v -0.6757104396820068 -0.39020875096321106 0.7695953845977783 
v -0.6766259670257568 -0.4790862500667572 0.7406176328659058 
v -0.7682425379753113 -0.4310239851474762 0.7392275333404541 
v -0.7294840216636658 -0.4662155508995056 0.7393879294395447 
v 0.7294833660125732 0.7416026592254639 0.7384255528450012 
v 0.7682418823242188 0.7064110636711121 0.7385324835777283 
v 0.7824024558067322 0.6582908630371094 0.7394948601722717 
v 0.7824024558067322 0.39797770977020264 0.7396552562713623 
v 0.7824024558067322 0.1376645565032959 0.7398156523704529 
v 0.7824024558067322 -0.12264858186244965 0.7399760484695435 
v 0.7824024558067322 -0.3829617202281952 0.740136444568634 
v 0.7682418823242188 -0.4310239851474762 0.7392275333404541 
v 0.7294833660125732 -0.4662155508995056 0.7393879294395447 
v -0.7294840216636658 0.7416026592254639 0.7384255528450012 
v -0.9318826794624329 -0.8543661832809448 0.6862977147102356 
v -0.938779890537262 -0.864512026309967 0.6655534505844116 
v -0.5605946183204651 -0.8543661832809448 0.7468729615211487 
v -0.5609608292579651 -0.864512026309967 0.7292831540107727 
v -0.2052982598543167 -0.864512026309967 0.7595440745353699 
v -0.2054203301668167 -0.8687443137168884 0.7386394143104553 
v 0.000030208000680431724 -0.8687443137168884 0.7377305626869202 
v 0.000030208000680431724 -0.864512026309967 0.7593836784362793 
v -0.2051761895418167 -0.8543661832809448 0.7773477435112 
v 0.20529763400554657 -0.864512026309967 0.7595440745353699 
v 0.20541971921920776 -0.8687443137168884 0.7386394143104553 
v 0.5609602332115173 -0.864512026309967 0.7292831540107727 
v 0.5611433386802673 -0.8687443137168884 0.7085389494895935 
v 0.941586971282959 -0.8687443137168884 0.6410667300224304 
v 0.9387792944908142 -0.864512026309967 0.6655534505844116 
v 0.5605940222740173 -0.8543661832809448 0.7468729615211487 
v 0.20517556369304657 -0.8543661832809448 0.7773477435112 
v 0.000030208000680431724 -0.8543661832809448 0.7773477435112 
v 0.9318820834159851 -0.8543661832809448 0.6862977147102356 
v 0.9671004414558411 -0.8576708436012268 0.6657138466835022 
v 0.9580669403076172 -0.8480467796325684 0.6864046454429626 
v 0.9877919554710388 -0.8388285636901855 0.6659277081489563 
v 0.9772325754165649 -0.8306539058685303 0.6865115761756897 
v 0.9953605532646179 -0.8130871653556824 0.6660346388816833 
v 0.984190821647644 -0.8068256974220276 0.686618447303772 
v 0.9953605532646179 0.1403314620256424 0.6640030145645142 
v 0.984190821647644 0.1403314620256424 0.6848541498184204 
v 0.9953605532646179 0.8941959738731384 0.6619178652763367 
v 0.984190821647644 0.8879345655441284 0.6830363273620605 
v 0.9877919554710388 0.9199374318122864 0.6619178652763367 
v 0.9772325754165649 0.9117627739906311 0.6830363273620605 
v 0.9671004414558411 0.9387797117233276 0.6619178652763367 
v 0.9580669403076172 0.9291556477546692 0.6830363273620605 
v 0.9387792944908142 0.9456208944320679 0.6619178652763367 
v 0.9318820834159851 0.9354750514030457 0.6830363273620605 
v 0.5609602332115173 0.9456208944320679 0.7292831540107727 
v 0.5605940222740173 0.9354750514030457 0.7468729615211487 
v 0.20517556369304657 0.9354750514030457 0.7773477435112 
v 0.20493142306804657 0.8446843028068542 0.8759362697601318 
v 0.000030208000680431724 0.8446843028068542 0.8759362697601318 
v 0.000030208000680431724 0.8125655055046082 0.8745461702346802 
v -0.20493203401565552 0.8446843028068542 0.8759362697601318 
v -0.20474892854690552 0.8125655055046082 0.8745461702346802 
v -0.5598621964454651 0.8446843028068542 0.8433763980865479 
v -0.5593739151954651 0.8125655055046082 0.8411843180656433 
v -0.8707236051559448 0.8446843028068542 0.7939751744270325 
v -0.8490555286407471 0.8125655055046082 0.7939751744270325 
v -0.8843958973884583 0.8322774171829224 0.7939751744270325 
v -0.8843958973884583 0.13754861056804657 0.7939751744270325 
v -0.9841914176940918 0.8879345655441284 0.6830363273620605 
v -0.9841914176940918 0.12618526816368103 0.6846402883529663 
v -0.9953612089157104 0.8941959738731384 0.6619178652763367 
v -0.9953612089157104 0.12415610253810883 0.6637891530990601 
v -1 0.8967469334602356 0.6372172832489014 
v -1 0.1220109835267067 0.639195442199707 
v -0.5605946183204651 0.9354750514030457 0.7468729615211487 
v -0.2051761895418167 0.9354750514030457 0.7773477435112 
v 0.000030208000680431724 0.9354750514030457 0.7768130898475647 
v 0.20529763400554657 0.9456208944320679 0.7592232823371887 
v 0.5611433386802673 0.9498531222343445 0.7084320187568665 
v 0.941586971282959 0.9498531222343445 0.6372172832489014 
v 0.9708237051963806 0.9427220821380615 0.6372172832489014 
v 0.9921866655349731 0.92330002784729 0.6372172832489014 
v 0.9999994039535522 0.8967469334602356 0.6372172832489014 
v 0.9999994039535522 0.1403314620256424 0.6394093036651611 
v 0.9999994039535522 -0.8156381249427795 0.6416548490524292 
v 0.9921866655349731 -0.842191219329834 0.6414944529533386 
v 0.9708237051963806 -0.8616132140159607 0.6412805914878845 
v 0.20541971921920776 0.9498531222343445 0.7374632358551025 
v 0.000030208000680431724 0.9456208944320679 0.7580470442771912 
v -0.2052982598543167 0.9456208944320679 0.7592232823371887 
v -0.5609608292579651 0.9456208944320679 0.7292831540107727 
v -0.9318826794624329 0.9354750514030457 0.6830363273620605 
v -0.9580675959587097 0.9291556477546692 0.6830363273620605 
v -0.9772331714630127 0.9117627739906311 0.6830363273620605 
v -0.9877926111221313 0.9199374318122864 0.6619178652763367 
v -0.9921872615814209 0.92330002784729 0.6372172832489014 
v 0.000030208000680431724 0.9498531222343445 0.7356454133987427 
v -0.2054203301668167 0.9498531222343445 0.7374632358551025 
v -0.5611439943313599 0.9498531222343445 0.7084320187568665 
v -0.938779890537262 0.9456208944320679 0.6619178652763367 
v -0.9415875673294067 0.9498531222343445 0.6372172832489014 
v -0.9671010375022888 0.9387797117233276 0.6619178652763367 
v -0.9708243012428284 0.9427220821380615 0.6372172832489014 
v -0.5611439943313599 -0.8687443137168884 0.7085389494895935 
v -0.9415875673294067 -0.8687443137168884 0.6410667300224304 
v -0.9708243012428284 -0.8616132140159607 0.6412805914878845 
v -0.9671010375022888 -0.8576708436012268 0.6657138466835022 
v -0.9580675959587097 -0.8480467796325684 0.6864046454429626 
v -0.9921872615814209 -0.842191219329834 0.6414944529533386 
v -0.9877926111221313 -0.8388285636901855 0.6659277081489563 
v -1 -0.8156381249427795 0.6416548490524292 
v -0.9953612089157104 -0.8130871653556824 0.6660346388816833 
v -0.9772331714630127 -0.8306539058685303 0.6865115761756897 
v -0.9841914176940918 -0.8068256974220276 0.686618447303772 
v -0.8843958973884583 -0.5572381615638733 0.7939751744270325 
v -0.8707236051559448 -0.56964510679245 0.7939751744270325 
v -0.9580675959587097 -0.8480467796325684 0.6864046454429626 
v -0.9318826794624329 -0.8543661832809448 0.6862977147102356 
v -0.5598621964454651 -0.56964510679245 0.8433763980865479 
v -0.8490555286407471 -0.5375262498855591 0.7939751744270325 
v -0.8490555286407471 0.13754861056804657 0.7939751744270325 
v -0.8291574120521545 0.13754861056804657 0.7939751744270325 
v -0.8291574120521545 0.7530239224433899 0.7939751744270325 
v -0.8225654363632202 0.7730836868286133 0.7939751744270325 
v -0.8055971264839172 0.7885053753852844 0.7939751744270325 
v -0.7835627794265747 0.7944769263267517 0.7939751744270325 
v -0.5582141876220703 0.7944769263267517 0.8337527513504028 
v -0.20432166755199432 0.7944769263267517 0.8698413372039795 
v 0.000030208000680431724 0.7944769263267517 0.8698413372039795 
v 0.20474830269813538 0.8125655055046082 0.8745461702346802 
v 0.5598616003990173 0.8446843028068542 0.8433763980865479 
v 0.8707230091094971 0.8446843028068542 0.7939751744270325 
v 0.20432104170322418 0.7944769263267517 0.8698413372039795 
v 0.5593732595443726 0.8125655055046082 0.8411843180656433 
v 0.5582135915756226 0.7944769263267517 0.8337527513504028 
v 0.8490548729896545 0.8125655055046082 0.7939751744270325 
v 0.8843953013420105 0.8322774171829224 0.7939751744270325 
v 0.8843953013420105 0.13754861056804657 0.7939751744270325 
v 0.8843953013420105 -0.5572381615638733 0.7939751744270325 
v 0.8490548729896545 0.13754861056804657 0.7939751744270325 
v 0.8490548729896545 -0.5375262498855591 0.7939751744270325 
v 0.8707230091094971 -0.56964510679245 0.7939751744270325 
v 0.5598616003990173 -0.56964510679245 0.8433763980865479 
v 0.9318820834159851 -0.8543661832809448 0.6862977147102356 
v 0.5605940222740173 -0.8543661832809448 0.7468729615211487 
v 0.9580669403076172 -0.8480467796325684 0.6864046454429626 
v -0.5605946183204651 -0.8543661832809448 0.7468729615211487 
v -0.2051761895418167 -0.8543661832809448 0.7773477435112 
v -0.20493203401565552 -0.56964510679245 0.8759362697601318 
v 0.000030208000680431724 -0.8543661832809448 0.7773477435112 
v 0.000030208000680431724 -0.56964510679245 0.8759362697601318 
v 0.20493142306804657 -0.56964510679245 0.8759362697601318 
v 0.20474830269813538 -0.5375262498855591 0.8745461702346802 
v 0.5593732595443726 -0.5375262498855591 0.8411843180656433 
v 0.5582135915756226 -0.5194376707077026 0.8337527513504028 
v 0.783562183380127 -0.5194376707077026 0.7939751744270325 
v 0.20432104170322418 -0.5194376707077026 0.8698413372039795 
v 0.000030208000680431724 -0.5375262498855591 0.8745461702346802 
v -0.20474892854690552 -0.5375262498855591 0.8745461702346802 
v -0.5593739151954651 -0.5375262498855591 0.8411843180656433 
v 0.000030208000680431724 -0.5194376707077026 0.8698413372039795 
v -0.20432166755199432 -0.5194376707077026 0.8698413372039795 
v -0.5582141876220703 -0.5194376707077026 0.8337527513504028 
v -0.7835627794265747 -0.5194376707077026 0.7939751744270325 
v -0.8055971264839172 -0.5134661197662354 0.7939751744270325 
v -0.8225654363632202 -0.4980444610118866 0.7939751744270325 
v -0.8291574120521545 -0.4779846966266632 0.7939751744270325 
v 0.20517556369304657 -0.8543661832809448 0.7773477435112 
v 0.8055965304374695 -0.5134661197662354 0.7939751744270325 
v 0.8225648403167725 -0.4980444610118866 0.7939751744270325 
v 0.8291568160057068 -0.4779846966266632 0.7939751744270325 
v 0.8291568160057068 0.13754861056804657 0.7939751744270325 
v 0.8291568160057068 0.7530239224433899 0.7939751744270325 
v 0.8225648403167725 0.7730836868286133 0.7939751744270325 
v 0.8055965304374695 0.7885053753852844 0.7939751744270325 
v 0.783562183380127 0.7944769263267517 0.7939751744270325 
v 0.8017511963844299 0.13754861056804657 0.746605634689331 
v 0.8291568160057068 0.7530239224433899 0.7939751744270325 
v 0.8017511963844299 0.6711035966873169 0.746605634689331 
v 0.8225648403167725 0.7730836868286133 0.7939751744270325 
v 0.7872854471206665 0.7203253507614136 0.746498703956604 
v 0.8055965304374695 0.7885053753852844 0.7939751744270325 
v 0.747611403465271 0.7563865780830383 0.746498703956604 
v 0.783562183380127 0.7944769263267517 0.7939751744270325 
v 0.6934105157852173 0.7696051597595215 0.746605634689331 
v 0.5582135915756226 0.7944769263267517 0.8337527513504028 
v 0.5580304861068726 0.7696051597595215 0.7736586928367615 
v 0.20426000654697418 0.7696051597595215 0.8144521117210388 
v 0.8291568160057068 0.13754861056804657 0.7939751744270325 
v 0.8017511963844299 -0.39600637555122375 0.7466591000556946 
v 0.8291568160057068 -0.4779846966266632 0.7939751744270325 
v 0.7872854471206665 -0.4452861249446869 0.7466591000556946 
v 0.8225648403167725 -0.4980444610118866 0.7939751744270325 
v 0.747611403465271 -0.48134732246398926 0.7466591000556946 
v 0.8055965304374695 -0.5134661197662354 0.7939751744270325 
v 0.6934105157852173 -0.4945659041404724 0.7466591000556946 
v 0.783562183380127 -0.5194376707077026 0.7939751744270325 
v 0.5580304861068726 -0.4945659041404724 0.7736586928367615 
v 0.5582135915756226 -0.5194376707077026 0.8337527513504028 
v 0.20432104170322418 -0.5194376707077026 0.8698413372039795 
v 0.20426000654697418 -0.4945659041404724 0.8144521117210388 
v 0.000030208000680431724 -0.5194376707077026 0.8698413372039795 
v 0.000030208000680431724 -0.4945659041404724 0.8144521117210388 
v -0.20426063239574432 -0.4945659041404724 0.8144521117210388 
v -0.20432166755199432 -0.5194376707077026 0.8698413372039795 
v -0.5580310821533203 -0.4945659041404724 0.7736586928367615 
v -0.5582141876220703 -0.5194376707077026 0.8337527513504028 
v -0.7835627794265747 -0.5194376707077026 0.7939751744270325 
v -0.6934111714363098 -0.4945659041404724 0.7466591000556946 
v -0.8055971264839172 -0.5134661197662354 0.7939751744270325 
v -0.7476119995117188 -0.48134732246398926 0.7466591000556946 
v -0.8225654363632202 -0.4980444610118866 0.7939751744270325 
v -0.7872860431671143 -0.4452861249446869 0.7466591000556946 
v -0.8291574120521545 -0.4779846966266632 0.7939751744270325 
v -0.8017518520355225 -0.39600637555122375 0.7466591000556946 
v -0.8291574120521545 0.13754861056804657 0.7939751744270325 
v -0.8017518520355225 0.13754861056804657 0.746605634689331 
v -0.8291574120521545 0.7530239224433899 0.7939751744270325 
v -0.8017518520355225 0.6711035966873169 0.746605634689331 
v -0.8225654363632202 0.7730836868286133 0.7939751744270325 
v -0.7872860431671143 0.7203253507614136 0.746498703956604 
v -0.8055971264839172 0.7885053753852844 0.7939751744270325 
v -0.7476119995117188 0.7563865780830383 0.746498703956604 
v -0.7835627794265747 0.7944769263267517 0.7939751744270325 
v -0.6934111714363098 0.7696051597595215 0.746605634689331 
v -0.5582141876220703 0.7944769263267517 0.8337527513504028 
v -0.5580310821533203 0.7696051597595215 0.7736586928367615 
v -0.20426063239574432 0.7696051597595215 0.8144521117210388 
v -0.20432166755199432 0.7944769263267517 0.8698413372039795 
v 0.000030208000680431724 0.7696051597595215 0.8144521117210388 
v 0.000030208000680431724 0.7944769263267517 0.8698413372039795 
v 0.20432104170322418 0.7944769263267517 0.8698413372039795 
v -0.4626912772655487 -0.15140476822853088 -0.8249298930168152 
v -0.4804530441761017 -0.16740620136260986 -0.8242883086204529 
v -0.4813075661659241 -0.16746418178081512 -0.864547073841095 
v -0.4812465310096741 -0.33263838291168213 -0.8220962285995483 
v -0.48216208815574646 -0.3326963484287262 -0.8623549938201904 
v -0.4645834267139435 -0.34887170791625977 -0.8627292513847351 
v -0.4636678695678711 -0.3488137423992157 -0.8225239515304565 
v -0.09909387677907944 -0.351480633020401 -0.8351950645446777 
v -0.10000943392515182 -0.35153862833976746 -0.8754538297653198 
v -0.08236974477767944 -0.33559516072273254 -0.8759350180625916 
v -0.08151522278785706 -0.3355371952056885 -0.8356762528419495 
v -0.08145418763160706 -0.16815990209579468 -0.8341792225837708 
v -0.08236974477767944 -0.16821786761283875 -0.8743845224380493 
v -0.10000943392515182 -0.15210048854351044 -0.8738498687744141 
v -0.09909387677907944 -0.15204250812530518 -0.833591103553772 
v -0.4636068344116211 -0.15146274864673615 -0.8651886582374573 
v -0.6766259670257568 -0.4792601764202118 0.7517382502555847 
v -0.7294840216636658 -0.4663894772529602 0.7505085468292236 
v -0.6934111714363098 -0.4945659041404724 0.7466591000556946 
v -0.7476119995117188 -0.48134732246398926 0.7466591000556946 
v -0.5447250008583069 -0.4792601764202118 0.7816249132156372 
v -0.5580310821533203 -0.4945659041404724 0.7736586928367615 
v -0.20426063239574432 -0.4945659041404724 0.8144521117210388 
v -0.19937767088413239 -0.4792601764202118 0.8214559555053711 
v 0.000030208000680431724 -0.4945659041404724 0.8144521117210388 
v 0.000030208000680431724 -0.4792601764202118 0.8208678364753723 
v 0.19937704503536224 -0.4792601764202118 0.8214559555053711 
v 0.20426000654697418 -0.4945659041404724 0.8144521117210388 
v 0.5447244048118591 -0.4792601764202118 0.7816249132156372 
v 0.5580304861068726 -0.4945659041404724 0.7736586928367615 
v 0.6934105157852173 -0.4945659041404724 0.7466591000556946 
v 0.6766253709793091 -0.4792601764202118 0.7517382502555847 
v 0.7294833660125732 -0.4663894772529602 0.7505085468292236 
v 0.747611403465271 -0.48134732246398926 0.7466591000556946 
v 0.7682418823242188 -0.4311979115009308 0.7502946853637695 
v 0.7872854471206665 -0.4452861249446869 0.7466591000556946 
v 0.7824024558067322 -0.3831356465816498 0.751257061958313 
v 0.8017511963844299 -0.39600637555122375 0.7466591000556946 
v 0.8017511963844299 0.13754861056804657 0.746605634689331 
v 0.7824024558067322 -0.12276452779769897 0.7510966658592224 
v 0.7824024558067322 0.13754861056804657 0.7509362697601318 
v 0.7824024558067322 0.3978617489337921 0.7507758736610413 
v 0.8017511963844299 0.6711035966873169 0.746605634689331 
v 0.7824024558067322 0.6581748723983765 0.7506154775619507 
v 0.7682418823242188 0.7062371373176575 0.7495996356010437 
v 0.7872854471206665 0.7203253507614136 0.746498703956604 
v 0.7294833660125732 0.7414287328720093 0.7494927048683167 
v 0.747611403465271 0.7563865780830383 0.746498703956604 
v 0.6766253709793091 0.7542994022369385 0.7508293390274048 
v 0.6934105157852173 0.7696051597595215 0.746605634689331 
v 0.5580304861068726 0.7696051597595215 0.7736586928367615 
v 0.5447244048118591 0.7542994022369385 0.7816249132156372 
v 0.19937704503536224 0.7542994022369385 0.8208678364753723 
v 0.20426000654697418 0.7696051597595215 0.8144521117210388 
v 0.000030208000680431724 0.7542994022369385 0.8194777369499207 
v 0.000030208000680431724 0.7696051597595215 0.8144521117210388 
v -0.20426063239574432 0.7696051597595215 0.8144521117210388 
v -0.19937767088413239 0.7542994022369385 0.8208678364753723 
v -0.5580310821533203 0.7696051597595215 0.7736586928367615 
v -0.5447250008583069 0.7542994022369385 0.7816249132156372 
v -0.6766259670257568 0.7542994022369385 0.7508293390274048 
v -0.6934111714363098 0.7696051597595215 0.746605634689331 
v -0.7476119995117188 0.7563865780830383 0.746498703956604 
v -0.7294840216636658 0.7414287328720093 0.7494927048683167 
v -0.7872860431671143 0.7203253507614136 0.746498703956604 
v -0.7682425379753113 0.7062371373176575 0.7495996356010437 
v -0.8017518520355225 0.6711035966873169 0.746605634689331 
v -0.7824031114578247 0.6581748723983765 0.7506154775619507 
v -0.7824031114578247 0.3978617489337921 0.7507758736610413 
v -0.8017518520355225 0.13754861056804657 0.746605634689331 
v -0.7824031114578247 0.13754861056804657 0.7509362697601318 
v -0.7824031114578247 -0.12276452779769897 0.7510966658592224 
v -0.7824031114578247 -0.3831356465816498 0.751257061958313 
v -0.8017518520355225 -0.39600637555122375 0.7466591000556946 
v -0.7872860431671143 -0.4452861249446869 0.7466591000556946 
v -0.7682425379753113 -0.4311979115009308 0.7502946853637695 
v 0.6772357225418091 -0.7602128386497498 -0.38833877444267273 
v 0.6614881753921509 -0.7457767724990845 -0.3889268636703491 
v 0.6613661050796509 -0.7443853616714478 -0.35219675302505493 
v 0.6614881753921509 -0.6795099973678589 -0.3909050524234772 
v 0.6613661050796509 -0.6781185269355774 -0.354174941778183 
v 0.6770526170730591 -0.663798451423645 -0.3546561300754547 
v 0.6772357225418091 -0.6651898622512817 -0.3913327753543854 
v 0.8261049389839172 -0.6646100878715515 -0.3914397060871124 
v 0.8259828686714172 -0.6632186770439148 -0.35470959544181824 
v 0.8425849676132202 -0.677422821521759 -0.35406801104545593 
v 0.8427680730819702 -0.6788142919540405 -0.3907981216907501 
v 0.8470406532287598 -0.7474581003189087 -0.3875902593135834 
v 0.8469185829162598 -0.7460666298866272 -0.3508601486682892 
v 0.8320865631103516 -0.7602128386497498 -0.35037896037101746 
v 0.8322086930274963 -0.7616042494773865 -0.3870556056499481 
v 0.6770526170730591 -0.758821427822113 -0.3516620993614197 
v 0.7219148278236389 -0.7322103381156921 -0.41913431882858276 
v 0.7180084586143494 -0.6886122226715088 -0.42052438855171204 
v 0.7219148278236389 -0.6921488046646118 -0.42036399245262146 
v 0.7867361307144165 -0.6883803606033325 -0.42057785391807556 
v 0.783073902130127 -0.6919168829917908 -0.4204709231853485 
v 0.7897879481315613 -0.7363846302032471 -0.4183858036994934 
v 0.7856374382972717 -0.7327901124954224 -0.418546199798584 
v 0.7180084586143494 -0.7357469201087952 -0.4190273880958557 
v 0.511581301689148 0.6817712187767029 -0.8549768924713135 
v -0.5115818977355957 0.6817712187767029 -0.8549768924713135 
v -0.5115818977355957 0.6817712187767029 -0.8549768924713135 
v -0.9418317675590515 -0.8687443137168884 -0.35118094086647034 
v 0.5335546135902405 -0.42609602212905884 -0.8537472486495972 
v -0.9418317675590515 -0.8687443137168884 -0.35118094086647034 
v 0.9921866655349731 0.923416018486023 -0.3124726414680481 
v -0.9095431566238403 -0.5875017642974854 -0.3944337069988251 
v 0.9075283408164978 0.8740202784538269 -0.35283833742141724 
v 0.6613661050796509 -0.6781185269355774 -0.354174941778183 
v -0.9418317675590515 -0.9448670744895935 -0.35118094086647034 
v 0.9921866655349731 0.923416018486023 -0.3124726414680481 
v -0.09909387677907944 -0.15204250812530518 -0.833591103553772 
v 0.712881326675415 -0.7395153641700745 -0.39855048060417175 
v 0.7950371503829956 -0.7402110695838928 -0.34583449363708496 
v -0.2545218765735626 -0.22569803893566132 -0.8020529747009277 
v -0.275398313999176 -0.23471300303936005 -0.8020529747009277 
v -0.2545218765735626 -0.22569803893566132 -0.849560022354126 
v -0.275398313999176 -0.23471300303936005 -0.849560022354126 
v -0.29674917459487915 -0.22569803893566132 -0.849560022354126 
v -0.275398313999176 -0.23471300303936005 -0.849560022354126 
v -0.29674917459487915 -0.22569803893566132 -0.8020529747009277 
v -0.275398313999176 -0.23471300303936005 -0.8020529747009277 
v -0.2545218765735626 -0.22569803893566132 -0.849560022354126 
v -0.24550707638263702 -0.20482125878334045 -0.849560022354126 
v -0.2545218765735626 -0.22569803893566132 -0.8020529747009277 
v -0.24550707638263702 -0.20482125878334045 -0.8020529747009277 
v -0.29674917459487915 -0.22569803893566132 -0.8020529747009277 
v -0.30576398968696594 -0.20482125878334045 -0.8020529747009277 
v -0.29674917459487915 -0.22569803893566132 -0.849560022354126 
v -0.30576398968696594 -0.20482125878334045 -0.849560022354126 
v -0.275398313999176 -0.17445506155490875 -0.8020529747009277 
v -0.2545218765735626 -0.18347002565860748 -0.8020529747009277 
v -0.275398313999176 -0.17445506155490875 -0.849560022354126 
v -0.2545218765735626 -0.18347002565860748 -0.849560022354126 
v -0.275398313999176 -0.17445506155490875 -0.849560022354126 
v -0.29674917459487915 -0.18347002565860748 -0.849560022354126 
v -0.275398313999176 -0.17445506155490875 -0.8020529747009277 
v -0.29674917459487915 -0.18347002565860748 -0.8020529747009277 
v -0.2545218765735626 -0.18347002565860748 -0.8020529747009277 
v -0.24550707638263702 -0.20482125878334045 -0.8020529747009277 
v -0.2545218765735626 -0.18347002565860748 -0.849560022354126 
v -0.24550707638263702 -0.20482125878334045 -0.849560022354126 
v -0.29674917459487915 -0.18347002565860748 -0.849560022354126 
v -0.30576398968696594 -0.20482125878334045 -0.849560022354126 
v -0.29674917459487915 -0.18347002565860748 -0.8020529747009277 
v -0.30576398968696594 -0.20482125878334045 -0.8020529747009277 
v -0.275398313999176 -0.23471300303936005 -0.849560022354126 
v -0.260689914226532 -0.2195298969745636 -0.849560022354126 
v -0.2545218765735626 -0.22569803893566132 -0.849560022354126 
v -0.2545218765735626 -0.20482125878334045 -0.849560022354126 
v -0.24550707638263702 -0.20482125878334045 -0.849560022354126 
v -0.260689914226532 -0.189638152718544 -0.849560022354126 
v -0.2545218765735626 -0.18347002565860748 -0.849560022354126 
v -0.275398313999176 -0.18347002565860748 -0.849560022354126 
v -0.275398313999176 -0.17445506155490875 -0.849560022354126 
v -0.2905811667442322 -0.189638152718544 -0.849560022354126 
v -0.29674917459487915 -0.18347002565860748 -0.849560022354126 
v -0.29674917459487915 -0.20482125878334045 -0.849560022354126 
v -0.30576398968696594 -0.20482125878334045 -0.849560022354126 
v -0.2905811667442322 -0.2195298969745636 -0.849560022354126 
v -0.29674917459487915 -0.22569803893566132 -0.849560022354126 
v -0.275398313999176 -0.22569803893566132 -0.849560022354126 
v -0.40986403822898865 -0.22569803893566132 -0.8020529747009277 
v -0.4307408034801483 -0.23471300303936005 -0.8020529747009277 
v -0.40986403822898865 -0.22569803893566132 -0.849560022354126 
v -0.4307408034801483 -0.23471300303936005 -0.849560022354126 
v -0.4520920217037201 -0.22569803893566132 -0.849560022354126 
v -0.4307408034801483 -0.23471300303936005 -0.849560022354126 
v -0.4520920217037201 -0.22569803893566132 -0.8020529747009277 
v -0.4307408034801483 -0.23471300303936005 -0.8020529747009277 
v -0.40986403822898865 -0.22569803893566132 -0.849560022354126 
v -0.40084904432296753 -0.20482125878334045 -0.849560022354126 
v -0.40986403822898865 -0.22569803893566132 -0.8020529747009277 
v -0.40084904432296753 -0.20482125878334045 -0.8020529747009277 
v -0.4520920217037201 -0.22569803893566132 -0.8020529747009277 
v -0.4611069858074188 -0.20482125878334045 -0.8020529747009277 
v -0.4520920217037201 -0.22569803893566132 -0.849560022354126 
v -0.4611069858074188 -0.20482125878334045 -0.849560022354126 
v -0.4307408034801483 -0.17445506155490875 -0.8020529747009277 
v -0.40986403822898865 -0.18347002565860748 -0.8020529747009277 
v -0.4307408034801483 -0.17445506155490875 -0.849560022354126 
v -0.40986403822898865 -0.18347002565860748 -0.849560022354126 
v -0.4307408034801483 -0.17445506155490875 -0.849560022354126 
v -0.4520920217037201 -0.18347002565860748 -0.849560022354126 
v -0.4307408034801483 -0.17445506155490875 -0.8020529747009277 
v -0.4520920217037201 -0.18347002565860748 -0.8020529747009277 
v -0.40986403822898865 -0.18347002565860748 -0.8020529747009277 
v -0.40084904432296753 -0.20482125878334045 -0.8020529747009277 
v -0.40986403822898865 -0.18347002565860748 -0.849560022354126 
v -0.40084904432296753 -0.20482125878334045 -0.849560022354126 
v -0.4520920217037201 -0.18347002565860748 -0.849560022354126 
v -0.4611069858074188 -0.20482125878334045 -0.849560022354126 
v -0.4520920217037201 -0.18347002565860748 -0.8020529747009277 
v -0.4611069858074188 -0.20482125878334045 -0.8020529747009277 
v -0.4307408034801483 -0.23471300303936005 -0.849560022354126 
v -0.41603216528892517 -0.2195298969745636 -0.849560022354126 
v -0.40986403822898865 -0.22569803893566132 -0.849560022354126 
v -0.40986403822898865 -0.20482125878334045 -0.849560022354126 
v -0.40084904432296753 -0.20482125878334045 -0.849560022354126 
v -0.41603216528892517 -0.189638152718544 -0.849560022354126 
v -0.40986403822898865 -0.18347002565860748 -0.849560022354126 
v -0.4307408034801483 -0.18347002565860748 -0.849560022354126 
v -0.4307408034801483 -0.17445506155490875 -0.849560022354126 
v -0.44592389464378357 -0.189638152718544 -0.849560022354126 
v -0.4520920217037201 -0.18347002565860748 -0.849560022354126 
v -0.4520920217037201 -0.20482125878334045 -0.849560022354126 
v -0.4611069858074188 -0.20482125878334045 -0.849560022354126 
v -0.44592389464378357 -0.2195298969745636 -0.849560022354126 
v -0.4520920217037201 -0.22569803893566132 -0.849560022354126 
v -0.4307408034801483 -0.22569803893566132 -0.849560022354126 
v -0.11351116001605988 -0.22569803893566132 -0.8020529747009277 
v -0.1348627656698227 -0.23471300303936005 -0.8020529747009277 
v -0.11351116001605988 -0.22569803893566132 -0.849560022354126 
v -0.1348627656698227 -0.23471300303936005 -0.849560022354126 
v -0.15573987364768982 -0.22569803893566132 -0.849560022354126 
v -0.1348627656698227 -0.23471300303936005 -0.849560022354126 
v -0.15573987364768982 -0.22569803893566132 -0.8020529747009277 
v -0.1348627656698227 -0.23471300303936005 -0.8020529747009277 
v -0.11351116001605988 -0.22569803893566132 -0.849560022354126 
v -0.10449603945016861 -0.20482125878334045 -0.849560022354126 
v -0.11351116001605988 -0.22569803893566132 -0.8020529747009277 
v -0.10449603945016861 -0.20482125878334045 -0.8020529747009277 
v -0.15573987364768982 -0.22569803893566132 -0.8020529747009277 
v -0.16475500166416168 -0.20482125878334045 -0.8020529747009277 
v -0.15573987364768982 -0.22569803893566132 -0.849560022354126 
v -0.16475500166416168 -0.20482125878334045 -0.849560022354126 
v -0.1348627656698227 -0.17445506155490875 -0.8020529747009277 
v -0.11351116001605988 -0.18347002565860748 -0.8020529747009277 
v -0.1348627656698227 -0.17445506155490875 -0.849560022354126 
v -0.11351116001605988 -0.18347002565860748 -0.849560022354126 
v -0.1348627656698227 -0.17445506155490875 -0.849560022354126 
v -0.15573987364768982 -0.18347002565860748 -0.849560022354126 
v -0.1348627656698227 -0.17445506155490875 -0.8020529747009277 
v -0.15573987364768982 -0.18347002565860748 -0.8020529747009277 
v -0.11351116001605988 -0.18347002565860748 -0.8020529747009277 
v -0.10449603945016861 -0.20482125878334045 -0.8020529747009277 
v -0.11351116001605988 -0.18347002565860748 -0.849560022354126 
v -0.10449603945016861 -0.20482125878334045 -0.849560022354126 
v -0.15573987364768982 -0.18347002565860748 -0.849560022354126 
v -0.16475500166416168 -0.20482125878334045 -0.849560022354126 
v -0.15573987364768982 -0.18347002565860748 -0.8020529747009277 
v -0.16475500166416168 -0.20482125878334045 -0.8020529747009277 
v -0.1348627656698227 -0.23471300303936005 -0.849560022354126 
v -0.11967939883470535 -0.2195298969745636 -0.849560022354126 
v -0.11351116001605988 -0.22569803893566132 -0.849560022354126 
v -0.11351116001605988 -0.20482125878334045 -0.849560022354126 
v -0.10449603945016861 -0.20482125878334045 -0.849560022354126 
v -0.11967939883470535 -0.189638152718544 -0.849560022354126 
v -0.11351116001605988 -0.18347002565860748 -0.849560022354126 
v -0.1348627656698227 -0.18347002565860748 -0.849560022354126 
v -0.1348627656698227 -0.17445506155490875 -0.849560022354126 
v -0.14957164227962494 -0.189638152718544 -0.849560022354126 
v -0.15573987364768982 -0.18347002565860748 -0.849560022354126 
v -0.15573987364768982 -0.20482125878334045 -0.849560022354126 
v -0.16475500166416168 -0.20482125878334045 -0.849560022354126 
v -0.14957164227962494 -0.2195298969745636 -0.849560022354126 
v -0.15573987364768982 -0.22569803893566132 -0.849560022354126 
v -0.1348627656698227 -0.22569803893566132 -0.849560022354126 
vn 0.38268253207206726 -0.9238772988319397 0.002184694167226553 
vn 0.38268253207206726 -0.9238772988319397 0.002184694167226553 
vn 0.38268253207206726 -0.9238772988319397 0.002184694167226553 
vn 0.38268253207206726 -0.9238772988319397 0.002184694167226553 
vn -0.38268253207206726 -0.9238772988319397 0.002184694167226553 
vn -0.38268253207206726 -0.9238772988319397 0.002184694167226553 
vn -0.38268253207206726 -0.9238772988319397 0.002184694167226553 
vn -0.38268253207206726 -0.9238772988319397 0.002184694167226553 
vn 0.9238772988319397 -0.38268253207206726 0.002184694167226553 
vn 0.9238772988319397 -0.38268253207206726 0.002184694167226553 
vn 0.9238772988319397 -0.38268253207206726 0.002184694167226553 
vn 0.9238772988319397 -0.38268253207206726 0.002184694167226553 
vn -0.9238772988319397 -0.38268253207206726 0.002184694167226553 
vn -0.9238772988319397 -0.38268253207206726 0.002184694167226553 
vn -0.9238772988319397 -0.38268253207206726 0.002184694167226553 
vn -0.9238772988319397 -0.38268253207206726 0.002184694167226553 
vn 0.38268253207206726 0.9238772988319397 0.002184694167226553 
vn 0.38268253207206726 0.9238772988319397 0.002184694167226553 
vn 0.38268253207206726 0.9238772988319397 0.002184694167226553 
vn 0.38268253207206726 0.9238772988319397 0.002184694167226553 
vn -0.38268253207206726 0.9238772988319397 0.002184694167226553 
vn -0.38268253207206726 0.9238772988319397 0.002184694167226553 
vn -0.38268253207206726 0.9238772988319397 0.002184694167226553 
vn -0.38268253207206726 0.9238772988319397 0.002184694167226553 
vn 0.9238772988319397 0.38268253207206726 0.002184694167226553 
vn 0.9238772988319397 0.38268253207206726 0.002184694167226553 
vn 0.9238772988319397 0.38268253207206726 0.002184694167226553 
vn 0.9238772988319397 0.38268253207206726 0.002184694167226553 
vn -0.9238772988319397 0.38268253207206726 0.002184694167226553 
vn -0.9238772988319397 0.38268253207206726 0.002184694167226553 
vn -0.9238772988319397 0.38268253207206726 0.002184694167226553 
vn -0.9238772988319397 0.38268253207206726 0.002184694167226553 
vn -2.0682311115474694e-13 0 -1 
vn -2.0682311115474694e-13 0 -1 
vn -2.0682311115474694e-13 0 -1 
vn -2.0682311115474694e-13 0 -1 
vn -2.0682311115474694e-13 0 -1 
vn -2.0682311115474694e-13 0 -1 
vn -2.0682311115474694e-13 0 -1 
vn -2.0682311115474694e-13 0 -1 
vn -2.0682311115474694e-13 0 -1 
vn -2.0682311115474694e-13 0 -1 
vn -2.0682311115474694e-13 0 -1 
vn -2.0682311115474694e-13 0 -1 
vn -2.0682311115474694e-13 0 -1 
vn -2.0682311115474694e-13 0 -1 
vn -2.0682311115474694e-13 0 -1 
vn -2.0682311115474694e-13 0 -1 
vn -0.308793306350708 0.3595139980316162 -0.8805659413337708 
vn -0.444988876581192 0.5303171277046204 -0.7216291427612305 
vn -0.4182991087436676 0.48903799057006836 -0.7654199600219727 
vn -0.5831823348999023 0.2640635371208191 -0.7682244777679443 
vn -0.5746873617172241 -0.2743562161922455 -0.7710143327713013 
vn -0.7198674082756042 0.01888187602162361 -0.6938546895980835 
vn -0.6163417100906372 0.0075640301220119 -0.7874425053596497 
vn -0.7379012703895569 0.015104292891919613 -0.67473965883255 
vn -0.7228928804397583 0.01889810524880886 -0.6907016038894653 
vn -0.6792997717857361 0.018890559673309326 -0.7336177229881287 
vn -0.6792997717857361 0.018890559673309326 -0.7336177229881287 
vn -0.6759700775146484 0.022680632770061493 -0.736579954624176 
vn -0.29056334495544434 0.5436057448387146 -0.7874425053596497 
vn -0.17177648842334747 0.24221284687519073 -0.9548956751823425 
vn -0.5831823348999023 0.2640635371208191 -0.7682244777679443 
vn -0.6163417100906372 0.0075640301220119 -0.7874425053596497 
vn -0.16091927886009216 -0.0038017809856683016 -0.986960232257843 
vn 0.08257955312728882 -0.007540601771324873 -0.9965559244155884 
vn 0.08694453537464142 0.0076066614128649235 -0.9961841106414795 
vn -0.1674496978521347 -0.2748839259147644 -0.946783721446991 
vn -0.5746873617172241 -0.2743562161922455 -0.7710143327713013 
vn 0.001958925975486636 -0.02614004909992218 -0.9996563792228699 
vn -0.0037817833945155144 -0.06975089013576508 -0.9975572824478149 
vn 0.17809036374092102 -0.26312828063964844 -0.9481810927391052 
vn 0.009576811455190182 -0.024401316419243813 -0.9996563792228699 
vn 0.005448473151773214 0.0068321689032018185 -0.999961793422699 
vn 0.2124682515859604 0 -0.9771679639816284 
vn 0.16869810223579407 0.23927612602710724 -0.9561840295791626 
vn 0.6163417100906372 0.0075640301220119 -0.7874425053596497 
vn 0.5831823348999023 0.2640635371208191 -0.7682244777679443 
vn -0.0106044327840209 0.007704571355134249 -0.9999141097068787 
vn -0.021845221519470215 -4.518096610544014e-15 -0.9997613430023193 
vn -0.29056334495544434 0.5436057448387146 -0.7874425053596497 
vn 0.1940457820892334 0.7241886854171753 -0.661737859249115 
vn 0.007552723400294781 -0.8173729777336121 -0.5760593414306641 
vn -0.001887803548015654 -0.7583425045013428 -0.651853621006012 
vn 0.2071126103401184 -0.7498472332954407 -0.6283578276634216 
vn 2.5477506931416427e-13 -0.8224106431007385 -0.5688942670822144 
vn 0.0018882700242102146 -0.9580804109573364 -0.2864931523799896 
vn 0.18691259622573853 -0.7607607841491699 -0.6215357780456543 
vn 0.39198899269104004 -0.493269681930542 -0.7765498161315918 
vn 0.27845585346221924 -0.3543630540370941 -0.8926864862442017 
vn 0.6743503212928772 0.7384083271026611 0.002184694167226553 
vn 0.47099289298057556 0.8761616945266724 0.10250037163496017 
vn 0.6743503212928772 0.7384083271026611 0.002184694167226553 
vn 0.8415903449058533 0.5294427871704102 0.10684575140476227 
vn 0.17643152177333832 -0.9764449596405029 0.1242060661315918 
vn 0.23931509256362915 -0.9709395170211792 0.002184694167226553 
vn 0.47099289298057556 -0.8761616945266724 0.10250037163496017 
vn 0.46472206711769104 -0.8854539394378662 0.002184694167226553 
vn 0.8408276438713074 -0.5297601819038391 0.1111890971660614 
vn 0.6743503212928772 -0.7384083271026611 0.002184694167226553 
vn -0.007546626031398773 -0.9992818832397461 0.03713129088282585 
vn -0.007546626031398773 -0.9992818832397461 0.03713129088282585 
vn -0.007546626031398773 -0.9992818832397461 0.03713129088282585 
vn -0.007546626031398773 -0.9992818832397461 0.03713129088282585 
vn 0.16096417605876923 0 -0.986960232257843 
vn 0.20696201920509338 0.022639615461230278 -0.9780870079994202 
vn 0.3221704959869385 -0.326180100440979 -0.888714075088501 
vn 0.43441855907440186 0.022640900686383247 -0.9004265069961548 
vn 0.6645376682281494 -0.052869051694869995 -0.7453821301460266 
vn 0.6264744997024536 0.015113316476345062 -0.7792953848838806 
vn 0.08157716691493988 0.13876105844974518 -0.986960232257843 
vn 0.3015625774860382 0.33491915464401245 -0.8926864862442017 
vn 0.6107805967330933 0.08295394480228424 -0.7874425053596497 
vn 0.12926004827022552 -0.689670741558075 0.7124928832054138 
vn 0.12926004827022552 -0.689670741558075 0.7124928832054138 
vn 0.09952028840780258 -0.694585919380188 0.7124928832054138 
vn 0.08840792626142502 -0.6992188692092896 0.7094202041625977 
vn 0.035800352692604065 -0.7131261229515076 0.7001210451126099 
vn 0.015080951154232025 -0.7199571132659912 0.6938546895980835 
vn 0.0018853452056646347 -0.7261484265327454 0.6875353455543518 
vn 0.0018853452056646347 -0.7261484265327454 0.6875353455543518 
vn -0.015080951154232025 -0.7199571132659912 0.6938546895980835 
vn -0.039565131068229675 -0.7129271626472473 0.7001210451126099 
vn -0.0846644937992096 -0.6996819972991943 0.7094202041625977 
vn -0.10324893146753311 -0.6940414309501648 0.7124928832054138 
vn -0.12555450201034546 -0.6903549432754517 0.7124928832054138 
vn -0.12555450201034546 -0.6903549432754517 0.7124928832054138 
vn -0.03474314883351326 -0.0037785451859235764 -0.999389111995697 
vn -0.03474314883351326 -0.0037785451859235764 -0.999389111995697 
vn -0.030339833348989487 -0.003832812188193202 -0.9995322823524475 
vn -0.030339833348989487 -0.003832812188193202 -0.9995322823524475 
vn -0.0259205661714077 -0.0039068968035280704 -0.9996563792228699 
vn -0.0259205661714077 -0.0039068968035280704 -0.9996563792228699 
vn -0.0259205661714077 -0.0039068968035280704 -0.9996563792228699 
vn 2.0682311115474694e-13 4.2775797696334704e-26 -1 
vn -2.0682311115474694e-13 0 -1 
vn 2.0682311115474694e-13 4.2775797696334704e-26 -1 
vn -2.0682311115474694e-13 0 -1 
vn -2.0682311115474694e-13 0 -1 
vn -2.0682311115474694e-13 0 -1 
vn -0.30519527196884155 0.5890001654624939 -0.7482877969741821 
vn -0.30435776710510254 0.33238106966018677 -0.8926864862442017 
vn -0.5538180470466614 0.32774659991264343 -0.7654199600219727 
vn -0.6107805967330933 0.08295394480228424 -0.7874425053596497 
vn -0.6263719797134399 0.018890615552663803 -0.7792953848838806 
vn -0.43047231435775757 0.022686365991830826 -0.9023185968399048 
vn -0.6645376682281494 -0.052869051694869995 -0.7453821301460266 
vn -0.31740057468414307 -0.3254147171974182 -0.8907088041305542 
vn -0.6311536431312561 -0.3338795602321625 -0.7001210451126099 
vn -0.3739234209060669 -0.6224760413169861 -0.6875353455543518 
vn -0.08483178168535233 0.13679559528827667 -0.986960232257843 
vn -0.21125087141990662 0.022711819037795067 -0.9771679639816284 
vn -0.16091927886009216 -0.0038017809856683016 -0.986960232257843 
vn 0.6743503212928772 -0.7384083271026611 0.002184694167226553 
vn 0.6743503212928772 -0.7384083271026611 0.002184694167226553 
vn 0.6743503212928772 -0.7384083271026611 0.002184694167226553 
vn 0.6743503212928772 -0.7384083271026611 0.002184694167226553 
vn 0.308793306350708 0.3595139980316162 -0.8805659413337708 
vn 0.41542020440101624 0.4914858639240265 -0.7654199600219727 
vn 0.2108575403690338 0.7516469359397888 -0.6249527335166931 
vn 0.5831823348999023 0.2640635371208191 -0.7682244777679443 
vn 0.1940457820892334 0.7241886854171753 -0.661737859249115 
vn 0.1738872230052948 0 0.9847655892372131 
vn 0.1738872230052948 0 0.9847655892372131 
vn 0.13070669770240784 0 0.991421103477478 
vn 0.13070669770240784 0 0.991421103477478 
vn 0.0393143892288208 0 0.9992268681526184 
vn 0.0393143892288208 0 0.9992268681526184 
vn 0 0 1 
vn 0 0 1 
vn -0.0393143892288208 -8.131124117386705e-15 0.9992268681526184 
vn -0.0393143892288208 -8.131124117386705e-15 0.9992268681526184 
vn -0.13070669770240784 -2.703316323777235e-14 0.991421103477478 
vn -0.13070669770240784 -2.703316323777235e-14 0.991421103477478 
vn -0.1738872230052948 -3.596389746879543e-14 0.9847655892372131 
vn -0.1738872230052948 -3.596389746879543e-14 0.9847655892372131 
vn -0.6743503212928772 -0.7384083271026611 0.002184694167226553 
vn -0.46472206711769104 -0.8854539394378662 0.002184694167226553 
vn -0.8428340554237366 -0.5265622138977051 0.1111890971660614 
vn -0.47099289298057556 -0.8761616945266724 0.10250037163496017 
vn -0.23931509256362915 -0.9709395170211792 0.002184694167226553 
vn -0.17643152177333832 -0.9764449596405029 0.1242060661315918 
vn 0.6759700775146484 0.022680632770061493 -0.736579954624176 
vn 0.6791842579841614 0.02266738750040531 -0.7336177229881287 
vn 0.7229818105697632 0.015119103714823723 -0.6907016038894653 
vn 0.7379012703895569 0.015104292891919613 -0.67473965883255 
vn 0.6163417100906372 0.0075640301220119 -0.7874425053596497 
vn 0.6791842579841614 0.02266738750040531 -0.7336177229881287 
vn 0.7199565768241882 0.015106124803423882 -0.6938546895980835 
vn 0.5730478763580322 -0.27776429057121277 -0.7710143327713013 
vn -0.6743503212928772 0.7384083271026611 0.002184694167226553 
vn -0.6743503212928772 0.7384083271026611 0.002184694167226553 
vn -0.47099289298057556 0.8761616945266724 0.10250037163496017 
vn -0.8415903449058533 0.5294427871704102 0.10684575140476227 
vn 1.3531657111281407e-14 -0.043680015951395035 -0.9990455508232117 
vn 1.3531657111281407e-14 -0.043680015951395035 -0.9990455508232117 
vn 1.3531657111281407e-14 -0.043680015951395035 -0.9990455508232117 
vn 1.3531657111281407e-14 -0.043680015951395035 -0.9990455508232117 
vn 0.001892047468572855 -0.03489676117897034 -0.999389111995697 
vn 0.009450040757656097 -0.029084233567118645 -0.9995322823524475 
vn 0.001920195179991424 -0.03052062913775444 -0.9995322823524475 
vn 0.3686853349208832 -0.9295517206192017 0.002184694167226553 
vn -0.36165499687194824 -0.9323094487190247 0.002184694167226553 
vn 0.3686853349208832 -0.9295517206192017 0.002184694167226553 
vn -0.3686853349208832 -0.9295517206192017 0.002184694167226553 
vn -0.007546626031398773 0.9992818832397461 -0.03713129088282585 
vn -0.007546626031398773 0.9992818832397461 -0.03713129088282585 
vn -0.007546626031398773 0.9992818832397461 -0.03713129088282585 
vn -0.007546626031398773 0.9992818832397461 -0.03713129088282585 
vn 0.34044185280799866 0.940263032913208 0.002184694167226553 
vn -0.36165499687194824 0.9323094487190247 0.002184694167226553 
vn 0.34753286838531494 0.9376652836799622 0.002184694167226553 
vn -0.3686853349208832 0.9295517206192017 0.002184694167226553 
vn 1.3531657111281407e-14 -0.043680015951395035 -0.9990455508232117 
vn 1.3531657111281407e-14 -0.043680015951395035 -0.9990455508232117 
vn 1.3531657111281407e-14 -0.043680015951395035 -0.9990455508232117 
vn 0.0075849550776183605 -0.04301641881465912 -0.9990455508232117 
vn 1.2214145642705336e-14 -0.0393143892288208 -0.9992268681526184 
vn 0.0075849550776183605 -0.04301641881465912 -0.9990455508232117 
vn 0.001892047468572855 -0.03489676117897034 -0.999389111995697 
vn 0.009349584579467773 -0.03367416188120842 -0.999389111995697 
vn 0.001892047468572855 -0.03489676117897034 -0.999389111995697 
vn 0.001920195179991424 -0.03052062913775444 -0.9995322823524475 
vn 0.001920195179991424 -0.03052062913775444 -0.9995322823524475 
vn 0.001892047468572855 -0.03489676117897034 -0.999389111995697 
vn -1.0341130485562108e-13 0.999997615814209 0.002184694167226553 
vn -0.12053639441728592 0.9927064776420593 0.002184694167226553 
vn 0.0018864526646211743 0.9955888986587524 0.09380380809307098 
vn -0.007551673799753189 0.9951426982879639 0.0981530249118805 
vn -0.015102912671864033 0.9950567483901978 0.0981530249118805 
vn -0.12610386312007904 0.9879757165908813 0.08945280313491821 
vn -0.23931509256362915 0.9709395170211792 0.002184694167226553 
vn -0.3686853349208832 0.9295517206192017 0.002184694167226553 
vn -0.36165499687194824 0.9323094487190247 0.002184694167226553 
vn -0.9179922342300415 0.3965924084186554 0.002184694167226553 
vn -0.9118976593017578 0.4104118347167969 0.002184694167226553 
vn -0.9179922342300415 -0.3965924084186554 0.002184694167226553 
vn -0.9118976593017578 -0.4104118347167969 0.002184694167226553 
vn -0.36165499687194824 -0.9323094487190247 0.002184694167226553 
vn 0.013208798132836819 0.9309319853782654 -0.3649536371231079 
vn 0.013208798132836819 0.9309319853782654 -0.3649536371231079 
vn 0.013208798132836819 0.9309319853782654 -0.3649536371231079 
vn 0.013208798132836819 0.9309319853782654 -0.3649536371231079 
vn -0.999997615814209 -2.0682260971124217e-13 -0.002184694167226553 
vn -0.999997615814209 -2.0682260971124217e-13 -0.002184694167226553 
vn -0.999997615814209 -2.0682260971124217e-13 -0.002184694167226553 
vn -0.999997615814209 -2.0682260971124217e-13 -0.002184694167226553 
vn 0.998173177242279 0.06037835404276848 0.002184694167226553 
vn 0.998173177242279 0.06037835404276848 0.002184694167226553 
vn 0.998173177242279 0.06037835404276848 0.002184694167226553 
vn 0.998173177242279 0.06037835404276848 0.002184694167226553 
vn 0.007669857237488031 -0.038558974862098694 -0.9992268681526184 
vn 0.007669857237488031 -0.038558974862098694 -0.9992268681526184 
vn 0.007669857237488031 -0.038558974862098694 -0.9992268681526184 
vn 0.007669857237488031 -0.038558974862098694 -0.9992268681526184 
vn -0.8762903809547424 -0.07540241628885269 -0.4758462607860565 
vn -0.8762903809547424 -0.07540241628885269 -0.4758462607860565 
vn -0.8762903809547424 -0.07540241628885269 -0.4758462607860565 
vn -0.8762903809547424 -0.07540241628885269 -0.4758462607860565 
vn 0.005663974676281214 -0.9555253386497498 -0.2948545813560486 
vn 0.005663974676281214 -0.9555253386497498 -0.2948545813560486 
vn 0.005663974676281214 -0.9555253386497498 -0.2948545813560486 
vn 0.005663974676281214 -0.9555253386497498 -0.2948545813560486 
vn 0.8814696669578552 -0.01511317864060402 -0.4719987213611603 
vn 0.8814696669578552 -0.01511317864060402 -0.4719987213611603 
vn 0.8814696669578552 -0.01511317864060402 -0.4719987213611603 
vn 0.8814696669578552 -0.01511317864060402 -0.4719987213611603 
vn 3.097898456858039e-13 -0.999997615814209 0.002184694167226553 
vn 3.097898456858039e-13 -0.999997615814209 0.002184694167226553 
vn 3.097898456858039e-13 -0.999997615814209 0.002184694167226553 
vn 3.097898456858039e-13 -0.999997615814209 0.002184694167226553 
vn 3.097898456858039e-13 -0.999997615814209 0.002184694167226553 
vn 3.097898456858039e-13 -0.999997615814209 0.002184694167226553 
vn 3.097898456858039e-13 -0.999997615814209 0.002184694167226553 
vn 3.097898456858039e-13 -0.999997615814209 0.002184694167226553 
vn 3.097898456858039e-13 -0.999997615814209 0.002184694167226553 
vn 3.097898456858039e-13 -0.999997615814209 0.002184694167226553 
vn 0.34044185280799866 0.940263032913208 0.002184694167226553 
vn 0.34753286838531494 0.9376652836799622 0.002184694167226553 
vn 0.8889381885528564 0.45802199840545654 0.002184694167226553 
vn 0.8990859389305115 0.4377666711807251 0.002184694167226553 
vn 0.9267409443855286 -0.3756946325302124 0.002184694167226553 
vn 0.935014009475708 -0.354604035615921 0.002184694167226553 
vn 0.3686853349208832 -0.9295517206192017 0.002184694167226553 
vn 0.999997615814209 0 0.002184694167226553 
vn 0.999997615814209 0 0.002184694167226553 
vn 0.999997615814209 0 0.002184694167226553 
vn 0.999997615814209 0 0.002184694167226553 
vn 0.0018878303235396743 -0.7078762650489807 -0.7063339352607727 
vn 0.0018878303235396743 -0.7078762650489807 -0.7063339352607727 
vn 0.0018878303235396743 -0.7078762650489807 -0.7063339352607727 
vn 0.0018878303235396743 -0.7078762650489807 -0.7063339352607727 
vn 0.0018878303235396743 -0.7078762650489807 -0.7063339352607727 
vn -0.5746873617172241 -0.2743562161922455 -0.7710143327713013 
vn -0.2828579843044281 -0.5705508589744568 -0.7710143327713013 
vn -0.39198899269104004 -0.493269681930542 -0.7765498161315918 
vn -0.4369601607322693 -0.5410023331642151 -0.7185974717140198 
vn -0.27547740936279297 -0.3566833734512329 -0.8926864862442017 
vn 0.5518839359283447 0.33099302649497986 -0.7654199600219727 
vn 0.3015625774860382 0.33491915464401245 -0.8926864862442017 
vn 0.30519527196884155 0.5890001654624939 -0.7482877969741821 
vn 0.06414355337619781 0.6536701917648315 -0.7540562748908997 
vn -0.001890474813990295 0.6535060405731201 -0.7569189071655273 
vn -0.001890474813990295 0.6535060405731201 -0.7569189071655273 
vn -0.06414355337619781 0.6536701917648315 -0.7540562748908997 
vn -0.30435776710510254 0.33238106966018677 -0.8926864862442017 
vn -0.30519527196884155 0.5890001654624939 -0.7482877969741821 
vn -0.16091927886009216 -0.0038017809856683016 -0.986960232257843 
vn 0.001892047468572855 -0.03489676117897034 -0.999389111995697 
vn -0.31740057468414307 -0.3254147171974182 -0.8907088041305542 
vn -0.0037855375558137894 -0.3831692636013031 -0.9236704111099243 
vn 2.1211945231986579e-13 -0.6827613711357117 -0.7306414246559143 
vn 0.3221704959869385 -0.326180100440979 -0.888714075088501 
vn 0.07920434325933456 -0.6909011602401733 -0.7185974717140198 
vn 1.3531657111281407e-14 -0.043680015951395035 -0.9990455508232117 
vn 1.2214145642705336e-14 -0.0393143892288208 -0.9992268681526184 
vn 1.3531657111281407e-14 -0.043680015951395035 -0.9990455508232117 
vn 0.16096417605876923 0 -0.986960232257843 
vn 1.2214145642705336e-14 -0.0393143892288208 -0.9992268681526184 
vn 1.2214145642705336e-14 -0.0393143892288208 -0.9992268681526184 
vn 0.001920195179991424 -0.03052062913775444 -0.9995322823524475 
vn 0.001892047468572855 -0.03489676117897034 -0.999389111995697 
vn 1.3531657111281407e-14 -0.043680015951395035 -0.9990455508232117 
vn -7.812633461175278e-14 0.7554894089698792 -0.6551609039306641 
vn -7.812633461175278e-14 0.7554894089698792 -0.6551609039306641 
vn -0.003775842720642686 0.8148742914199829 -0.5796254277229309 
vn 0.2108575403690338 0.7516469359397888 -0.6249527335166931 
vn 0.1940457820892334 0.7241886854171753 -0.661737859249115 
vn 0.5730478763580322 -0.27776429057121277 -0.7710143327713013 
vn 0.18691259622573853 -0.7607607841491699 -0.6215357780456543 
vn -0.2828579843044281 -0.5705508589744568 -0.7710143327713013 
vn -0.5746873617172241 -0.2743562161922455 -0.7710143327713013 
vn 0.6311536431312561 -0.3338795602321625 -0.7001210451126099 
vn 0.3739234209060669 -0.6224760413169861 -0.6875353455543518 
vn 0.07920434325933456 -0.6909011602401733 -0.7185974717140198 
vn 0.9591029286384583 -0.283049076795578 0.002184694167226553 
vn 0.9848455786705017 -0.14298658072948456 0.0981530249118805 
vn 0.9897211194038391 -0.1429940164089203 0.002184694167226553 
vn 0.999997615814209 0 0.002184694167226553 
vn 0.9955906867980957 0 0.09380380809307098 
vn 0.9897211194038391 0.1429940164089203 0.002184694167226553 
vn 0.9848455786705017 0.14298658072948456 0.0981530249118805 
vn -0.999997615814209 -2.0682260971124217e-13 0.002184694167226553 
vn -0.999997615814209 -2.0682260971124217e-13 0.002184694167226553 
vn -0.999997615814209 -2.0682260971124217e-13 0.002184694167226553 
vn -0.999997615814209 -2.0682260971124217e-13 0.002184694167226553 
vn 0.23931509256362915 0.9709395170211792 0.002184694167226553 
vn 0.12984699010849 0.987490713596344 0.08945280313491821 
vn 0.12053639441728592 0.9927064776420593 0.002184694167226553 
vn 0.015102912671864033 0.9950567483901978 0.0981530249118805 
vn 0.007551673799753189 0.9951426982879639 0.0981530249118805 
vn 0.0018864526646211743 0.9955888986587524 0.09380380809307098 
vn -1.0341130485562108e-13 0.999997615814209 0.002184694167226553 
vn -0.9848455786705017 -0.14298658072948456 0.0981530249118805 
vn -0.9591029286384583 -0.283049076795578 0.002184694167226553 
vn -0.9897211194038391 -0.1429940164089203 0.002184694167226553 
vn -0.999997615814209 -2.0682260971124217e-13 0.002184694167226553 
vn -0.9955835342407227 0.0037728985771536827 0.09380380809307098 
vn -0.9848455786705017 0.14298658072948456 0.0981530249118805 
vn -0.9897211194038391 0.1429940164089203 0.002184694167226553 
vn -0.9591029286384583 0.283049076795578 0.002184694167226553 
vn 0.08157716691493988 0.13876105844974518 -0.986960232257843 
vn 0.0037853566464036703 0.23373335599899292 -0.9722933769226074 
vn 0.0019059260375797749 0.11768467724323273 -0.9930492043495178 
vn -2.0682311115474694e-13 0 -1 
vn -0.08483178168535233 0.13679559528827667 -0.986960232257843 
vn 0.5730478763580322 -0.27776429057121277 -0.7710143327713013 
vn -0.6743503212928772 -0.7384083271026611 0.002184694167226553 
vn -0.6743503212928772 -0.7384083271026611 0.002184694167226553 
vn -0.6743503212928772 -0.7384083271026611 0.002184694167226553 
vn -0.6743503212928772 -0.7384083271026611 0.002184694167226553 
vn 0.11302972584962845 0.9935315847396851 0.010923261754214764 
vn 0.47136861085891724 0.8818686604499817 0.010923261754214764 
vn 0.46469545364379883 0.8854032158851624 0.010923261754214764 
vn 0.8478519916534424 0.530192494392395 0.006554040592163801 
vn 0.8478519916534424 0.530192494392395 0.006554040592163801 
vn 0.9897211194038391 0.1429940164089203 0.002184694167226553 
vn 0.9897211194038391 0.1429940164089203 0.002184694167226553 
vn 0.999997615814209 0 0.002184694167226553 
vn 0.999997615814209 0 0.002184694167226553 
vn 0.999997615814209 0 0.002184694167226553 
vn 0.999997615814209 0 0.002184694167226553 
vn 0.999997615814209 0 0.002184694167226553 
vn 0.999997615814209 0 0.002184694167226553 
vn 0.9897211194038391 -0.1429940164089203 -0.002184694167226553 
vn 0.9897211194038391 -0.1429940164089203 -0.002184694167226553 
vn 0.8438238501548767 -0.5365802049636841 -0.006554040592163801 
vn 0.8478519916534424 -0.530192494392395 -0.006554040592163801 
vn 0.47136861085891724 -0.8818686604499817 -0.010923261754214764 
vn 0.47136861085891724 -0.8818686604499817 -0.010923261754214764 
vn 0.12802237272262573 -0.9917111396789551 -0.010923261754214764 
vn 0.11302972584962845 -0.9935315847396851 -0.010923261754214764 
vn 3.0978390967890956e-13 -0.9999785423278809 -0.006554040592163801 
vn 3.0978390967890956e-13 -0.9999785423278809 -0.006554040592163801 
vn 3.0978390967890956e-13 -0.9999785423278809 -0.006554040592163801 
vn 3.0978390967890956e-13 -0.9999785423278809 -0.006554040592163801 
vn 3.0978390967890956e-13 -0.9999785423278809 -0.006554040592163801 
vn 3.0978390967890956e-13 -0.9999785423278809 -0.006554040592163801 
vn 3.0978390967890956e-13 -0.9999785423278809 -0.006554040592163801 
vn 0.12802237272262573 0.9917111396789551 0.010923261754214764 
vn -1.0340933296291988e-13 0.9999785423278809 0.006554040592163801 
vn -1.0340933296291988e-13 0.9999785423278809 0.006554040592163801 
vn -1.0340538240125388e-13 0.9999403357505798 0.010923261754214764 
vn -1.0340538240125388e-13 0.9999403357505798 0.010923261754214764 
vn -1.0340538240125388e-13 0.9999403357505798 0.010923261754214764 
vn -1.0340538240125388e-13 0.9999403357505798 0.010923261754214764 
vn -1.0340538240125388e-13 0.9999403357505798 0.010923261754214764 
vn -1.0340538240125388e-13 0.9999403357505798 0.010923261754214764 
vn -1.0340933296291988e-13 0.9999785423278809 0.006554040592163801 
vn -1.0340933296291988e-13 0.9999785423278809 0.006554040592163801 
vn -0.12802237272262573 0.9917111396789551 0.010923261754214764 
vn -0.11302972584962845 0.9935315847396851 0.010923261754214764 
vn -0.47136861085891724 0.8818686604499817 0.010923261754214764 
vn -0.46469545364379883 0.8854032158851624 0.010923261754214764 
vn -0.8478519916534424 0.530192494392395 0.006554040592163801 
vn -0.8478519916534424 0.530192494392395 0.006554040592163801 
vn -0.9897211194038391 0.1429940164089203 0.002184694167226553 
vn -0.9897211194038391 0.1429940164089203 0.002184694167226553 
vn -0.999997615814209 -2.0682260971124217e-13 0.002184694167226553 
vn -0.999997615814209 -2.0682260971124217e-13 0.002184694167226553 
vn -0.999997615814209 -2.0682260971124217e-13 0.002184694167226553 
vn -0.999997615814209 -2.0682260971124217e-13 0.002184694167226553 
vn -0.999997615814209 -2.0682260971124217e-13 0.002184694167226553 
vn -0.999997615814209 -2.0682260971124217e-13 0.002184694167226553 
vn -0.9897211194038391 -0.1429940164089203 -0.002184694167226553 
vn -0.9897211194038391 -0.1429940164089203 -0.002184694167226553 
vn -0.8438238501548767 -0.5365802049636841 -0.006554040592163801 
vn -0.8478519916534424 -0.530192494392395 -0.006554040592163801 
vn -0.47136861085891724 -0.8818686604499817 -0.010923261754214764 
vn -0.47136861085891724 -0.8818686604499817 -0.010923261754214764 
vn -0.12802237272262573 -0.9917111396789551 -0.010923261754214764 
vn -0.11302972584962845 -0.9935315847396851 -0.010923261754214764 
vn 3.0978390967890956e-13 -0.9999785423278809 -0.006554040592163801 
vn 3.0978390967890956e-13 -0.9999785423278809 -0.006554040592163801 
vn 3.0978390967890956e-13 -0.9999785423278809 -0.006554040592163801 
vn -0.26866480708122253 -0.041219312697649 0.962351381778717 
vn -0.22951345145702362 -4.757061037403629e-14 0.9733054637908936 
vn -0.2676009237766266 -5.5346054345442597e-14 0.9635298252105713 
vn -0.2379804253578186 0.0037572847213596106 0.9712626934051514 
vn -0.2676009237766266 -5.5346054345442597e-14 0.9635298252105713 
vn -0.22939056158065796 0.007509469520300627 0.9733054637908936 
vn -0.2676009237766266 -5.5346054345442597e-14 0.9635298252105713 
vn -0.1904878318309784 0.09411241114139557 0.9771679639816284 
vn -0.2581423223018646 0.052306413650512695 0.9646899104118347 
vn -0.19510048627853394 0.1436024159193039 0.9702134728431702 
vn -0.16489526629447937 -0.011197750456631184 0.9862475395202637 
vn -0.16958275437355042 -3.507363195991327e-14 0.9855159521102905 
vn -0.16693352162837982 0.02985818311572075 0.9855159521102905 
vn -0.14387689530849457 0.15048344433307648 0.9780870079994202 
vn -0.10351044684648514 0.21432308852672577 0.9712626934051514 
vn -0.12282396852970123 0.2377488762140274 0.9635298252105713 
vn -0.07993480563163757 -0.02206060290336609 0.9965559244155884 
vn -0.09162852168083191 -1.895089682781622e-14 0.9957932829856873 
vn -0.09482739865779877 0.0327606275677681 0.994954526424408 
vn -0.08879005163908005 0.17881008982658386 0.97986900806427 
vn -0.06700348109006882 0.2935614287853241 0.953589141368866 
vn -0.0017781255301088095 -0.030529234558343887 0.9995322823524475 
vn 0.0013502120273187757 -0.0041555254720151424 0.9999904632568359 
vn -0.0017781255301088095 0.030529234558343887 0.9995322823524475 
vn -1.9758959483233245e-14 0.19107110798358917 0.9815762042999268 
vn 0.0037600426003336906 0.31356194615364075 0.949560284614563 
vn 0.09162852168083191 0 0.9957932829856873 
vn 0.09355208277702332 0.03624226897954941 0.994954526424408 
vn 0.0921379029750824 0.17710822820663452 0.97986900806427 
vn 0.06700348109006882 0.2935614287853241 0.953589141368866 
vn 0.16693352162837982 0.02985818311572075 0.9855159521102905 
vn 0.14115239679813385 0.15304192900657654 0.9780870079994202 
vn 0.12282396852970123 0.2377488762140274 0.9635298252105713 
vn 0.1904878318309784 0.09411241114139557 0.9771679639816284 
vn 0.10011419653892517 0.21593043208122253 0.9712626934051514 
vn 0.22939056158065796 0.007509469520300627 0.9733054637908936 
vn 0.16958275437355042 0 0.9855159521102905 
vn 0.23801009356975555 0 0.9712626934051514 
vn 0.16460008919239044 -0.01492143515497446 0.9862475395202637 
vn 0.22951345145702362 0 0.9733054637908936 
vn 0.14574946463108063 -0.18276405334472656 0.9722933769226074 
vn 0.19304686784744263 -0.1532628834247589 0.9691457152366638 
vn 0.1320992112159729 -0.3336445391178131 0.933397650718689 
vn 0.11421435326337814 -0.32721784710884094 0.9380210638046265 
vn 0.07993480563163757 -0.02206060290336609 0.9965559244155884 
vn 0.07448802888393402 -0.17128470540046692 0.9824016690254211 
vn 0.054223351180553436 -0.28344571590423584 0.9574540853500366 
vn 4.8667900899622765e-14 -0.15665024518966675 0.9876541495323181 
vn 0.0037506339140236378 -0.2506926953792572 0.9680594801902771 
vn -0.07790032029151917 -0.16976000368595123 0.9824016690254211 
vn -0.057913538068532944 -0.2827148139476776 0.9574540853500366 
vn -0.14574946463108063 -0.18276405334472656 0.9722933769226074 
vn -0.1320992112159729 -0.3336445391178131 0.933397650718689 
vn -0.19304686784744263 -0.1532628834247589 0.9691457152366638 
vn -0.11421435326337814 -0.32721784710884094 0.9380210638046265 
vn -0.2453639656305313 -0.1597142368555069 0.9561840295791626 
vn -0.1590297967195511 -0.2654392719268799 0.9509214162826538 
vn 0.11475672572851181 0.19876447319984436 0.9733054637908936 
vn 0.19729939103126526 0.14056599140167236 0.9702134728431702 
vn 0.2581423223018646 0.052306413650512695 0.9646899104118347 
vn 0.2676009237766266 0 0.9635298252105713 
vn 0.2676009237766266 0 0.9635298252105713 
vn 0.2676009237766266 0 0.9635298252105713 
vn 0.2680686414241791 -0.044933464378118515 0.962351381778717 
vn 0.2473917305469513 -0.1565549373626709 0.9561840295791626 
vn 0.1622377187013626 -0.26349079608917236 0.9509214162826538 
vn -0.11475672572851181 0.19876447319984436 0.9733054637908936 
vn -0.13339218497276306 -0.8651131391525269 0.4835140109062195 
vn -0.1371522694826126 -0.9346444010734558 0.3280687630176544 
vn -0.05846204608678818 -0.8691138625144958 0.4911448359489441 
vn -0.0452822782099247 -0.9361671805381775 0.34862664341926575 
vn -0.018859971314668655 -0.9339889883995056 0.3568037748336792 
vn -0.0075482395477592945 -0.9802737832069397 0.1975002884864807 
vn 0.0018864087760448456 -0.9811546206474304 0.19321508705615997 
vn 2.9035484411764345e-13 -0.937261700630188 0.34862664341926575 
vn -0.022620130330324173 -0.8686291575431824 0.4949462115764618 
vn 0.018859971314668655 -0.9339889883995056 0.3568037748336792 
vn 0.0075482395477592945 -0.9802737832069397 0.1975002884864807 
vn 0.0452822782099247 -0.9361671805381775 0.34862664341926575 
vn 0.02452077530324459 -0.9808499813079834 0.19321508705615997 
vn 0.17643152177333832 -0.9764449596405029 0.1242060661315918 
vn 0.14088213443756104 -0.9340894818305969 0.3280687630176544 
vn 0.062227554619312286 -0.8688523769378662 0.4911448359489441 
vn 0.022620130330324173 -0.8686291575431824 0.4949462115764618 
vn 2.691843330269311e-13 -0.8689236044883728 0.4949462115764618 
vn 0.12966279685497284 -0.865679919719696 0.4835140109062195 
vn 0.44023406505584717 -0.8203675150871277 0.3649536371231079 
vn 0.37680667638778687 -0.7656868696212769 0.5212872624397278 
vn 0.7835577130317688 -0.49377453327178955 0.37712597846984863 
vn 0.5660009384155273 -0.3702605664730072 0.736579954624176 
vn 0.9258850812911987 -0.1353749930858612 0.3527185618877411 
vn 0.737103283405304 -0.12018290162086487 0.6650074124336243 
vn 0.9432113766670227 0 0.33219319581985474 
vn 0.8148830533027649 0 0.5796254277229309 
vn 0.9289751052856445 0.13529837131500244 0.34452807903289795 
vn 0.7966809868812561 0.11281286180019379 0.5937783122062683 
vn 0.7856631278991699 0.4935058355331421 0.37307560443878174 
vn 0.6581135392189026 0.4147927761077881 0.6283578276634216 
vn 0.4432629644870758 0.8205376267433167 0.36088213324546814 
vn 0.364639550447464 0.6994450092315674 0.6146662831306458 
vn 0.14278143644332886 0.9352419972419739 0.3239381015300751 
vn 0.14072611927986145 0.8077501058578491 0.5724822878837585 
vn 0.04900619760155678 0.9374960064888 0.34452807903289795 
vn 0.07339306175708771 0.8064540028572083 0.5867242813110352 
vn 0.02263937145471573 0.8068978786468506 0.590256929397583 
vn 0.03945841267704964 0.3730205297470093 0.926983654499054 
vn -3.962606474504013e-14 0.3831879794597626 0.9236704111099243 
vn 0.0018599432660266757 -0.1480017900466919 0.9889853596687317 
vn -0.04320038482546806 0.37260568141937256 0.926983654499054 
vn -0.04800973832607269 -0.16712819039821625 0.9847655892372131 
vn -0.11644836515188217 0.3608231246471405 0.9253358840942383 
vn -0.12291473150253296 -0.23294933140277863 0.9646899104118347 
vn -0.19844402372837067 0.4089716672897339 0.8907088041305542 
vn -0.06244703009724617 -0.05455832928419113 0.9965559244155884 
vn -0.4149973392486572 0.15460358560085297 0.8965907096862793 
vn -0.4032568037509918 0.0037593627348542213 0.9150791168212891 
vn -0.7966809868812561 0.11281286180019379 0.5937783122062683 
vn -0.8148743510246277 0.0037702820263803005 0.5796254277229309 
vn -0.9289751052856445 0.13529837131500244 0.34452807903289795 
vn -0.9432038068771362 0.0037747491151094437 0.33219319581985474 
vn -0.9848455786705017 0.14298658072948456 0.0981530249118805 
vn -0.9955835342407227 0.0037728985771536827 0.09380380809307098 
vn -0.07714566588401794 0.8061037063598633 0.5867242813110352 
vn -0.02263937145471573 0.8068978786468506 0.590256929397583 
vn 0.0018848208710551262 0.812340497970581 0.5831804275512695 
vn 0.015099317766726017 0.9371400475502014 0.34862664341926575 
vn 0.015102912671864033 0.9950567483901978 0.0981530249118805 
vn 0.12984699010849 0.987490713596344 0.08945280313491821 
vn 0.47099289298057556 0.8761616945266724 0.10250037163496017 
vn 0.8415903449058533 0.5294427871704102 0.10684575140476227 
vn 0.9848455786705017 0.14298658072948456 0.0981530249118805 
vn 0.9955906867980957 0 0.09380380809307098 
vn 0.9848455786705017 -0.14298658072948456 0.0981530249118805 
vn 0.8408276438713074 -0.5297601819038391 0.1111890971660614 
vn 0.47099289298057556 -0.8761616945266724 0.10250037163496017 
vn 0.007551673799753189 0.9951426982879639 0.0981530249118805 
vn -0.0018863033037632704 0.9402705430984497 0.34042292833328247 
vn -0.015099317766726017 0.9371400475502014 0.34862664341926575 
vn -0.04900619760155678 0.9374960064888 0.34452807903289795 
vn -0.14444001019001007 0.8070942163467407 0.5724822878837585 
vn -0.36797991394996643 0.697693407535553 0.6146662831306458 
vn -0.6581135392189026 0.4147927761077881 0.6283578276634216 
vn -0.7876623272895813 0.4903087019920349 0.37307560443878174 
vn -0.8415903449058533 0.5294427871704102 0.10684575140476227 
vn 0.0018864526646211743 0.9955888986587524 0.09380380809307098 
vn -0.007551673799753189 0.9951426982879639 0.0981530249118805 
vn -0.015102912671864033 0.9950567483901978 0.0981530249118805 
vn -0.14278143644332886 0.9352419972419739 0.3239381015300751 
vn -0.12610386312007904 0.9879757165908813 0.08945280313491821 
vn -0.43994173407554626 0.8223231434822083 0.36088213324546814 
vn -0.47099289298057556 0.8761616945266724 0.10250037163496017 
vn -0.028292225673794746 -0.9807484149932861 0.19321508705615997 
vn -0.17643152177333832 -0.9764449596405029 0.1242060661315918 
vn -0.47099289298057556 -0.8761616945266724 0.10250037163496017 
vn -0.4369049370288849 -0.8221452832221985 0.3649536371231079 
vn -0.38018620014190674 -0.7640144228935242 0.5212872624397278 
vn -0.8428340554237366 -0.5265622138977051 0.1111890971660614 
vn -0.781539261341095 -0.4969632029533386 0.37712597846984863 
vn -0.9848455786705017 -0.14298658072948456 0.0981530249118805 
vn -0.9253316521644592 -0.1391078531742096 0.3527185618877411 
vn -0.5660009384155273 -0.3702605664730072 0.736579954624176 
vn -0.737103283405304 -0.12018290162086487 0.6650074124336243 
vn -0.3952808976173401 -0.05631387606263161 0.916832447052002 
vn -0.15132872760295868 -0.17255735397338867 0.9733054637908936 
vn -0.15094052255153656 -0.3165261745452881 0.9364978075027466 
vn -0.11421435326337814 -0.32721784710884094 0.9380210638046265 
vn -0.12467187643051147 -0.12731073796749115 0.9839963912963867 
vn -0.06244703009724617 0.05455832928419113 0.9965559244155884 
vn 0 0 1 
vn 0 0 1 
vn 0 0 1 
vn 0 0 1 
vn 0 0 1 
vn -0.12585297226905823 -0.3873356282711029 0.913308322429657 
vn -0.11867395043373108 -0.3895951211452484 0.913308322429657 
vn -0.0431000180542469 -0.28534895181655884 0.9574540853500366 
vn 0.0037506339140236378 -0.2506926953792572 0.9680594801902771 
vn 0.04800973832607269 -0.16712819039821625 0.9847655892372131 
vn 0.11286681145429611 0.36195942759513855 0.9253358840942383 
vn 0.19504721462726593 0.41060253977775574 0.8907088041305542 
vn 0.046815961599349976 -0.2847628891468048 0.9574540853500366 
vn 0.12291473150253296 -0.23294933140277863 0.9646899104118347 
vn 0.11867395043373108 -0.3895951211452484 0.913308322429657 
vn 0.06244703009724617 -0.05455832928419113 0.9965559244155884 
vn 0.4149973392486572 0.15460358560085297 0.8965907096862793 
vn 0.4032743275165558 0 0.9150791168212891 
vn 0.3947320282459259 -0.06004047766327858 0.916832447052002 
vn 0 0 1 
vn 0.06244703009724617 0.05455832928419113 0.9965559244155884 
vn 0.15132872760295868 -0.17255735397338867 0.9733054637908936 
vn 0.12467187643051147 -0.12731073796749115 0.9839963912963867 
vn 0.11421435326337814 -0.32721784710884094 0.9380210638046265 
vn 0.12144377082586288 -0.3202209174633026 0.9395264387130737 
vn 0.15432563424110413 -0.3148896098136902 0.9364978075027466 
vn -0.12144377082586288 -0.3202209174633026 0.9395264387130737 
vn -0.04301697388291359 -0.32315364480018616 0.9453682899475098 
vn -0.04218669235706329 -0.14187413454055786 0.9889853596687317 
vn 0.0018757632933557034 -0.32599881291389465 0.9453682899475098 
vn 0.0018653111765161157 -0.1436787098646164 0.9896226525306702 
vn 0.04573867842555046 -0.14076918363571167 0.9889853596687317 
vn 0.04800973832607269 0.16712819039821625 0.9847655892372131 
vn 0.12291473150253296 0.23294933140277863 0.9646899104118347 
vn 0.11867395043373108 0.3895951211452484 0.913308322429657 
vn 0.12585297226905823 0.3873356282711029 0.913308322429657 
vn 0.046815961599349976 0.2847628891468048 0.9574540853500366 
vn 0.0018599432660266757 0.1480017900466919 0.9889853596687317 
vn -0.04800973832607269 0.16712819039821625 0.9847655892372131 
vn -0.12291473150253296 0.23294933140277863 0.9646899104118347 
vn 0.0037506339140236378 0.2506926953792572 0.9680594801902771 
vn -0.0431000180542469 0.28534895181655884 0.9574540853500366 
vn -0.11867395043373108 0.3895951211452484 0.913308322429657 
vn -0.12585297226905823 0.3873356282711029 0.913308322429657 
vn 0 0 1 
vn 0 0 1 
vn 0 0 1 
vn 0.039295464754104614 -0.3236272633075714 0.9453682899475098 
vn 0 0 1 
vn 0 0 1 
vn 0 0 1 
vn 0 0 1 
vn 0 0 1 
vn 0 0 1 
vn 0 0 1 
vn 0.12585297226905823 -0.3873356282711029 0.913308322429657 
vn -0.8667527437210083 -1.7926449441627718e-13 0.4987381398677826 
vn -0.7103846669197083 -0.16434891521930695 0.6843559741973877 
vn -0.8283480405807495 -0.049015577882528305 0.5580654144287109 
vn -0.5129212141036987 -0.35404396057128906 0.7820260524749756 
vn -0.5670986771583557 -0.3041897714138031 0.7654199600219727 
vn -0.32968661189079285 -0.5408850312232971 0.7737894654273987 
vn -0.26763588190078735 -0.6141016483306885 0.7424622178077698 
vn -0.1200861930847168 -0.7630116939544678 0.6351318359375 
vn 0.015093604102730751 -0.8935414552688599 0.4487268626689911 
vn 0.05282037332653999 -0.9213181138038635 0.3852050006389618 
vn 0.05654428154230118 -0.9227745532989502 0.3811691105365753 
vn 0.020740846171975136 -0.9157231450080872 0.401274174451828 
vn -0.8667527437210083 -1.7926449441627718e-13 0.4987381398677826 
vn -0.8283480405807495 0.049015577882528305 0.5580654144287109 
vn -0.7081241607666016 0.1607959270477295 0.6875353455543518 
vn -0.5670986771583557 0.3041897714138031 0.7654199600219727 
vn -0.5129212141036987 0.35404396057128906 0.7820260524749756 
vn -0.26378536224365234 0.6122276782989502 0.7453821301460266 
vn -0.32968661189079285 0.5408850312232971 0.7737894654273987 
vn 0.015093604102730751 0.8935414552688599 0.4487268626689911 
vn -0.1200861930847168 0.7630116939544678 0.6351318359375 
vn 0.05654428154230118 0.9227745532989502 0.3811691105365753 
vn 0.05282037332653999 0.9213181138038635 0.3852050006389618 
vn 0.020740846171975136 0.9157231450080872 0.401274174451828 
vn 0.020740846171975136 0.9157231450080872 0.401274174451828 
vn -9.435439490270911e-14 0.912416398525238 0.40926313400268555 
vn -9.435439490270911e-14 0.912416398525238 0.40926313400268555 
vn -0.024511076509952545 0.9156299829483032 0.401274174451828 
vn -0.024511076509952545 0.9156299829483032 0.401274174451828 
vn -0.05654428154230118 0.9227745532989502 0.3811691105365753 
vn -0.05282037332653999 0.9213181138038635 0.3852050006389618 
vn 0.1200861930847168 0.7630116939544678 0.6351318359375 
vn -0.015093604102730751 0.8935414552688599 0.4487268626689911 
vn 0.32968661189079285 0.5408850312232971 0.7737894654273987 
vn 0.26378536224365234 0.6122276782989502 0.7453821301460266 
vn 0.5129212141036987 0.35404396057128906 0.7820260524749756 
vn 0.5670986771583557 0.3041897714138031 0.7654199600219727 
vn 0.707279622554779 0.164470836520195 0.6875353455543518 
vn 0.828562319278717 0.04524904862046242 0.5580654144287109 
vn 0.8667527437210083 0 0.4987381398677826 
vn 0.8667527437210083 0 0.4987381398677826 
vn 0.7103846669197083 -0.16434891521930695 0.6843559741973877 
vn 0.828562319278717 -0.04524904862046242 0.5580654144287109 
vn 0.5129212141036987 -0.35404396057128906 0.7820260524749756 
vn 0.5670986771583557 -0.3041897714138031 0.7654199600219727 
vn 0.32968661189079285 -0.5408850312232971 0.7737894654273987 
vn 0.26763588190078735 -0.6141016483306885 0.7424622178077698 
vn 0.1200861930847168 -0.7630116939544678 0.6351318359375 
vn -0.015093604102730751 -0.8935414552688599 0.4487268626689911 
vn -0.05282037332653999 -0.9213181138038635 0.3852050006389618 
vn -0.05654428154230118 -0.9227745532989502 0.3811691105365753 
vn -0.024511076509952545 -0.9156299829483032 0.401274174451828 
vn -0.024511076509952545 -0.9156299829483032 0.401274174451828 
vn 2.834683984938302e-13 -0.912416398525238 0.40926313400268555 
vn 2.834683984938302e-13 -0.912416398525238 0.40926313400268555 
vn 0.020740846171975136 -0.9157231450080872 0.401274174451828 
vn 0.3616480827331543 -0.9322916269302368 -0.006554040592163801 
vn 0.9147963523864746 -0.4034366011619568 -0.01966099627315998 
vn 0.9117235541343689 -0.4103334844112396 -0.01966099627315998 
vn 0.9147963523864746 0.4034366011619568 -0.01966099627315998 
vn 0.9178169369697571 0.39651668071746826 -0.01966099627315998 
vn 0.3686642050743103 0.9294984340667725 -0.010923261754214764 
vn 0.3686642050743103 0.9294984340667725 -0.010923261754214764 
vn -0.354597270488739 0.9349961876869202 0.006554040592163801 
vn -0.354597270488739 0.9349961876869202 0.006554040592163801 
vn -0.9117235541343689 0.4103334844112396 0.01966099627315998 
vn -0.9147963523864746 0.4034366011619568 0.01966099627315998 
vn -0.9147963523864746 -0.4034366011619568 0.01966099627315998 
vn -0.9147963523864746 -0.4034366011619568 0.01966099627315998 
vn -0.3616342842578888 -0.9322560429573059 0.010923261754214764 
vn -0.3616342842578888 -0.9322560429573059 0.010923261754214764 
vn 0.354597270488739 -0.9349961876869202 -0.006554040592163801 
vn -0.16684645414352417 -0.209218829870224 0.9635298252105713 
vn -0.07991489768028259 -0.1782650202512741 0.9807319641113281 
vn -0.10142640024423599 -0.21061408519744873 0.9722933769226074 
vn -0.0954781100153923 -0.15044942498207092 0.9839963912963867 
vn -0.13390883803367615 -0.34168362617492676 0.9302261471748352 
vn -0.1800357550382614 -0.25675350427627563 0.949560284614563 
vn -0.06562025845050812 -0.3938429057598114 0.916832447052002 
vn -0.0432334765791893 -0.39692455530166626 0.916832447052002 
vn 0.0018797018565237522 -0.4032699465751648 0.9150791168212891 
vn 0.0018797018565237522 -0.4032699465751648 0.9150791168212891 
vn 0.03948693722486496 -0.39731475710868835 0.916832447052002 
vn 0.061901796609163284 -0.39444443583488464 0.916832447052002 
vn 0.13040536642074585 -0.343036025762558 0.9302261471748352 
vn 0.1800357550382614 -0.25675350427627563 0.949560284614563 
vn 0.10142640024423599 -0.21061408519744873 0.9722933769226074 
vn 0.16684645414352417 -0.209218829870224 0.9635298252105713 
vn 0.07991489768028259 -0.1782650202512741 0.9807319641113281 
vn 0.0954781100153923 -0.15044942498207092 0.9839963912963867 
vn 0.14155066013336182 -0.08531852811574936 0.9862475395202637 
vn 0.1375507414340973 -0.09162768721580505 0.9862475395202637 
vn 0.206990048289299 -0.02238188311457634 0.9780870079994202 
vn 0.19178472459316254 -0.03719445690512657 0.9807319641113281 
vn 0.21673583984375 0 0.976230263710022 
vn 0.22525852918624878 0 0.9742990136146545 
vn 0.21673583984375 0 0.976230263710022 
vn 0.20819661021232605 0 0.9780870079994202 
vn 0.16544939577579498 0.03721298649907112 0.9855159521102905 
vn 0.18110297620296478 0.02242540940642357 0.983208417892456 
vn 0.11574799567461014 0.07762162387371063 0.9902410507202148 
vn 0.11574799567461014 0.07762162387371063 0.9902410507202148 
vn 0.0650748610496521 0.1424940675497055 0.9876541495323181 
vn 0.07930958271026611 0.1249719113111496 0.9889853596687317 
vn 0.16246910393238068 0.17969317734241486 0.9702134728431702 
vn 0.0921379029750824 0.17710822820663452 0.97986900806427 
vn 0.18253681063652039 0.2288939207792282 0.9561840295791626 
vn 0.13522686064243317 0.31910833716392517 0.9380210638046265 
vn 0.04317028820514679 0.36034199595451355 0.931820809841156 
vn 0.06360868364572525 0.36555489897727966 0.9286137819290161 
vn 0.0018799792742356658 0.35066840052604675 0.9364978075027466 
vn 0.0018799792742356658 0.35066840052604675 0.9364978075027466 
vn -0.06360868364572525 0.36555489897727966 0.9286137819290161 
vn -0.03943190351128578 0.36077019572257996 0.931820809841156 
vn -0.17958681285381317 0.2312156707048416 0.9561840295791626 
vn -0.13522686064243317 0.31910833716392517 0.9380210638046265 
vn -0.16523043811321259 0.1771574169397354 0.9702134728431702 
vn -0.09545315057039261 0.17534370720386505 0.97986900806427 
vn -0.07614398002624512 0.1269254982471466 0.9889853596687317 
vn -0.0650748610496521 0.1424940675497055 0.9876541495323181 
vn -0.113622285425663 0.08070124685764313 0.9902410507202148 
vn -0.11779025942087173 0.07448604702949524 0.9902410507202148 
vn -0.16544939577579498 0.03721298649907112 0.9855159521102905 
vn -0.18152524530887604 0.018702303990721703 0.983208417892456 
vn -0.2081630676984787 0.0037373360246419907 0.9780870079994202 
vn -0.21673583984375 -4.4729729631581144e-14 0.976230263710022 
vn -0.21673583984375 -4.4729729631581144e-14 0.976230263710022 
vn -0.22522740066051483 0.0037441160529851913 0.9742990136146545 
vn -0.2073584645986557 -0.018662599846720695 0.9780870079994202 
vn -0.19178472459316254 -0.03719445690512657 0.9807319641113281 
vn -0.13958635926246643 -0.08849570900201797 0.9862475395202637 
vn -0.13958635926246643 -0.08849570900201797 0.9862475395202637 
vn 0.36848825216293335 0.929054856300354 -0.03276457265019417 
vn 0.9149186015129089 0.40349051356315613 -0.010923261754214764 
vn 0.9149186015129089 0.40349051356315613 -0.010923261754214764 
vn 0.9147963523864746 -0.4034366011619568 0.01966099627315998 
vn 0.9147963523864746 -0.4034366011619568 0.01966099627315998 
vn 0.36140647530555725 -0.931668758392334 0.03713129088282585 
vn 0.36140647530555725 -0.931668758392334 0.03713129088282585 
vn -0.34734711050987244 -0.9371640682220459 0.03276457265019417 
vn -0.34734711050987244 -0.9371640682220459 0.03276457265019417 
vn -0.8956517577171326 -0.44449299573898315 0.0152922747656703 
vn -0.8956517577171326 -0.44449299573898315 0.0152922747656703 
vn -0.9322026371955872 0.36161357164382935 -0.0152922747656703 
vn -0.9293742179870605 0.36861494183540344 -0.01966099627315998 
vn -0.368431955575943 0.928912878036499 -0.03713129088282585 
vn -0.368431955575943 0.928912878036499 -0.03713129088282585 
vn 0.36848825216293335 0.929054856300354 -0.03276457265019417 
vn 0.009349584579467773 -0.03367416188120842 -0.999389111995697 
vn 0.001892047468572855 -0.03489676117897034 -0.999389111995697 
vn 0.001892047468572855 -0.03489676117897034 -0.999389111995697 
vn 1.3531657111281407e-14 -0.043680015951395035 -0.9990455508232117 
vn 1.3531657111281407e-14 -0.043680015951395035 -0.9990455508232117 
vn 0.0075849550776183605 -0.04301641881465912 -0.9990455508232117 
vn 0.0075849550776183605 -0.04301641881465912 -0.9990455508232117 
vn 0.009349584579467773 -0.03367416188120842 -0.999389111995697 
vn 0.1940457820892334 0.7241886854171753 -0.661737859249115 
vn -0.29056334495544434 0.5436057448387146 -0.7874425053596497 
vn -9.692368977722021e-14 0.937261700630188 -0.34862664341926575 
vn -0.07920434325933456 -0.6909011602401733 -0.7185974717140198 
vn 0.5730478763580322 -0.27776429057121277 -0.7710143327713013 
vn -0.07920434325933456 -0.6909011602401733 -0.7185974717140198 
vn 0.5518839359283447 0.33099302649497986 -0.7654199600219727 
vn -0.001887803548015654 -0.7583425045013428 -0.651853621006012 
vn 0.003778236685320735 0.834633469581604 -0.5507928133010864 
vn 0.001920195179991424 -0.03052062913775444 -0.9995322823524475 
vn 0.0018878303235396743 -0.7078762650489807 -0.7063339352607727 
vn 0.9591029286384583 0.283049076795578 0.002184694167226553 
vn -0.0259205661714077 -0.0039068968035280704 -0.9996563792228699 
vn -0.3686853349208832 -0.9295517206192017 0.002184694167226553 
vn 0.3686853349208832 -0.9295517206192017 0.002184694167226553 
vn 0.38268253207206726 -0.9238772988319397 0.002184694167226553 
vn 0.38268253207206726 -0.9238772988319397 0.002184694167226553 
vn 0.38268253207206726 -0.9238772988319397 0.002184694167226553 
vn 0.38268253207206726 -0.9238772988319397 0.002184694167226553 
vn -0.38268253207206726 -0.9238772988319397 0.002184694167226553 
vn -0.38268253207206726 -0.9238772988319397 0.002184694167226553 
vn -0.38268253207206726 -0.9238772988319397 0.002184694167226553 
vn -0.38268253207206726 -0.9238772988319397 0.002184694167226553 
vn 0.9238772988319397 -0.38268253207206726 0.002184694167226553 
vn 0.9238772988319397 -0.38268253207206726 0.002184694167226553 
vn 0.9238772988319397 -0.38268253207206726 0.002184694167226553 
vn 0.9238772988319397 -0.38268253207206726 0.002184694167226553 
vn -0.9238772988319397 -0.38268253207206726 0.002184694167226553 
vn -0.9238772988319397 -0.38268253207206726 0.002184694167226553 
vn -0.9238772988319397 -0.38268253207206726 0.002184694167226553 
vn -0.9238772988319397 -0.38268253207206726 0.002184694167226553 
vn 0.38268253207206726 0.9238772988319397 0.002184694167226553 
vn 0.38268253207206726 0.9238772988319397 0.002184694167226553 
vn 0.38268253207206726 0.9238772988319397 0.002184694167226553 
vn 0.38268253207206726 0.9238772988319397 0.002184694167226553 
vn -0.38268253207206726 0.9238772988319397 0.002184694167226553 
vn -0.38268253207206726 0.9238772988319397 0.002184694167226553 
vn -0.38268253207206726 0.9238772988319397 0.002184694167226553 
vn -0.38268253207206726 0.9238772988319397 0.002184694167226553 
vn 0.9238772988319397 0.38268253207206726 0.002184694167226553 
vn 0.9238772988319397 0.38268253207206726 0.002184694167226553 
vn 0.9238772988319397 0.38268253207206726 0.002184694167226553 
vn 0.9238772988319397 0.38268253207206726 0.002184694167226553 
vn -0.9238772988319397 0.38268253207206726 0.002184694167226553 
vn -0.9238772988319397 0.38268253207206726 0.002184694167226553 
vn -0.9238772988319397 0.38268253207206726 0.002184694167226553 
vn -0.9238772988319397 0.38268253207206726 0.002184694167226553 
vn -2.0682311115474694e-13 0 -1 
vn -2.0682311115474694e-13 0 -1 
vn -2.0682311115474694e-13 0 -1 
vn -2.0682311115474694e-13 0 -1 
vn -2.0682311115474694e-13 0 -1 
vn -2.0682311115474694e-13 0 -1 
vn -2.0682311115474694e-13 0 -1 
vn -2.0682311115474694e-13 0 -1 
vn -2.0682311115474694e-13 0 -1 
vn -2.0682311115474694e-13 0 -1 
vn -2.0682311115474694e-13 0 -1 
vn -2.0682311115474694e-13 0 -1 
vn -2.0682311115474694e-13 0 -1 
vn -2.0682311115474694e-13 0 -1 
vn -2.0682311115474694e-13 0 -1 
vn -2.0682311115474694e-13 0 -1 
vn 0.38268253207206726 -0.9238772988319397 0.002184694167226553 
vn 0.38268253207206726 -0.9238772988319397 0.002184694167226553 
vn 0.38268253207206726 -0.9238772988319397 0.002184694167226553 
vn 0.38268253207206726 -0.9238772988319397 0.002184694167226553 
vn -0.38268253207206726 -0.9238772988319397 0.002184694167226553 
vn -0.38268253207206726 -0.9238772988319397 0.002184694167226553 
vn -0.38268253207206726 -0.9238772988319397 0.002184694167226553 
vn -0.38268253207206726 -0.9238772988319397 0.002184694167226553 
vn 0.9238772988319397 -0.38268253207206726 0.002184694167226553 
vn 0.9238772988319397 -0.38268253207206726 0.002184694167226553 
vn 0.9238772988319397 -0.38268253207206726 0.002184694167226553 
vn 0.9238772988319397 -0.38268253207206726 0.002184694167226553 
vn -0.9238772988319397 -0.38268253207206726 0.002184694167226553 
vn -0.9238772988319397 -0.38268253207206726 0.002184694167226553 
vn -0.9238772988319397 -0.38268253207206726 0.002184694167226553 
vn -0.9238772988319397 -0.38268253207206726 0.002184694167226553 
vn 0.38268253207206726 0.9238772988319397 0.002184694167226553 
vn 0.38268253207206726 0.9238772988319397 0.002184694167226553 
vn 0.38268253207206726 0.9238772988319397 0.002184694167226553 
vn 0.38268253207206726 0.9238772988319397 0.002184694167226553 
vn -0.38268253207206726 0.9238772988319397 0.002184694167226553 
vn -0.38268253207206726 0.9238772988319397 0.002184694167226553 
vn -0.38268253207206726 0.9238772988319397 0.002184694167226553 
vn -0.38268253207206726 0.9238772988319397 0.002184694167226553 
vn 0.9238772988319397 0.38268253207206726 0.002184694167226553 
vn 0.9238772988319397 0.38268253207206726 0.002184694167226553 
vn 0.9238772988319397 0.38268253207206726 0.002184694167226553 
vn 0.9238772988319397 0.38268253207206726 0.002184694167226553 
vn -0.9238772988319397 0.38268253207206726 0.002184694167226553 
vn -0.9238772988319397 0.38268253207206726 0.002184694167226553 
vn -0.9238772988319397 0.38268253207206726 0.002184694167226553 
vn -0.9238772988319397 0.38268253207206726 0.002184694167226553 
vn -2.0682311115474694e-13 0 -1 
vn -2.0682311115474694e-13 0 -1 
vn -2.0682311115474694e-13 0 -1 
vn -2.0682311115474694e-13 0 -1 
vn -2.0682311115474694e-13 0 -1 
vn -2.0682311115474694e-13 0 -1 
vn -2.0682311115474694e-13 0 -1 
vn -2.0682311115474694e-13 0 -1 
vn -2.0682311115474694e-13 0 -1 
vn -2.0682311115474694e-13 0 -1 
vn -2.0682311115474694e-13 0 -1 
vn -2.0682311115474694e-13 0 -1 
vn -2.0682311115474694e-13 0 -1 
vn -2.0682311115474694e-13 0 -1 
vn -2.0682311115474694e-13 0 -1 
vn -2.0682311115474694e-13 0 -1 
vn 0.38268253207206726 -0.9238772988319397 0.002184694167226553 
vn 0.38268253207206726 -0.9238772988319397 0.002184694167226553 
vn 0.38268253207206726 -0.9238772988319397 0.002184694167226553 
vn 0.38268253207206726 -0.9238772988319397 0.002184694167226553 
vn -0.38268253207206726 -0.9238772988319397 0.002184694167226553 
vn -0.38268253207206726 -0.9238772988319397 0.002184694167226553 
vn -0.38268253207206726 -0.9238772988319397 0.002184694167226553 
vn -0.38268253207206726 -0.9238772988319397 0.002184694167226553 
vn 0.9238772988319397 -0.38268253207206726 0.002184694167226553 
vn 0.9238772988319397 -0.38268253207206726 0.002184694167226553 
vn 0.9238772988319397 -0.38268253207206726 0.002184694167226553 
vn 0.9238772988319397 -0.38268253207206726 0.002184694167226553 
vn -0.9238772988319397 -0.38268253207206726 0.002184694167226553 
vn -0.9238772988319397 -0.38268253207206726 0.002184694167226553 
vn -0.9238772988319397 -0.38268253207206726 0.002184694167226553 
vn -0.9238772988319397 -0.38268253207206726 0.002184694167226553 
vn 0.38268253207206726 0.9238772988319397 0.002184694167226553 
vn 0.38268253207206726 0.9238772988319397 0.002184694167226553 
vn 0.38268253207206726 0.9238772988319397 0.002184694167226553 
vn 0.38268253207206726 0.9238772988319397 0.002184694167226553 
vn -0.38268253207206726 0.9238772988319397 0.002184694167226553 
vn -0.38268253207206726 0.9238772988319397 0.002184694167226553 
vn -0.38268253207206726 0.9238772988319397 0.002184694167226553 
vn -0.38268253207206726 0.9238772988319397 0.002184694167226553 
vn 0.9238772988319397 0.38268253207206726 0.002184694167226553 
vn 0.9238772988319397 0.38268253207206726 0.002184694167226553 
vn 0.9238772988319397 0.38268253207206726 0.002184694167226553 
vn 0.9238772988319397 0.38268253207206726 0.002184694167226553 
vn -0.9238772988319397 0.38268253207206726 0.002184694167226553 
vn -0.9238772988319397 0.38268253207206726 0.002184694167226553 
vn -0.9238772988319397 0.38268253207206726 0.002184694167226553 
vn -0.9238772988319397 0.38268253207206726 0.002184694167226553 
vn -2.0682311115474694e-13 0 -1 
vn -2.0682311115474694e-13 0 -1 
vn -2.0682311115474694e-13 0 -1 
vn -2.0682311115474694e-13 0 -1 
vn -2.0682311115474694e-13 0 -1 
vn -2.0682311115474694e-13 0 -1 
vn -2.0682311115474694e-13 0 -1 
vn -2.0682311115474694e-13 0 -1 
vn -2.0682311115474694e-13 0 -1 
vn -2.0682311115474694e-13 0 -1 
vn -2.0682311115474694e-13 0 -1 
vn -2.0682311115474694e-13 0 -1 
vn -2.0682311115474694e-13 0 -1 
vn -2.0682311115474694e-13 0 -1 
vn -2.0682311115474694e-13 0 -1 
vn -2.0682311115474694e-13 0 -1 
vt 0.6472891569137573 0.859932005405426 
vt 0.6498762369155884 0.859932005405426 
vt 0.6472891569137573 0.891069233417511 
vt 0.6498762369155884 0.891069233417511 
vt 0.6524633765220642 0.891069233417511 
vt 0.6498762369155884 0.891069233417511 
vt 0.6524633765220642 0.859932005405426 
vt 0.6498762369155884 0.859932005405426 
vt 0.6680368781089783 0.891069233417511 
vt 0.6654497385025024 0.891069233417511 
vt 0.6680368781089783 0.859932005405426 
vt 0.6654497385025024 0.859932005405426 
vt 0.6524633765220642 0.859932005405426 
vt 0.65505051612854 0.859932005405426 
vt 0.6524633765220642 0.891069233417511 
vt 0.65505051612854 0.891069233417511 
vt 0.6602755188941956 0.859932005405426 
vt 0.6628625988960266 0.859932005405426 
vt 0.6602755188941956 0.891069233417511 
vt 0.6628625988960266 0.891069233417511 
vt 0.6602755188941956 0.891069233417511 
vt 0.6576376557350159 0.891069233417511 
vt 0.6602755188941956 0.859932005405426 
vt 0.6576376557350159 0.859932005405426 
vt 0.6628625988960266 0.859932005405426 
vt 0.6654497385025024 0.859932005405426 
vt 0.6628625988960266 0.891069233417511 
vt 0.6654497385025024 0.891069233417511 
vt 0.6576376557350159 0.891069233417511 
vt 0.65505051612854 0.891069233417511 
vt 0.6576376557350159 0.859932005405426 
vt 0.65505051612854 0.859932005405426 
vt 0.6576376557350159 0.916961133480072 
vt 0.6668193936347961 0.9131666421890259 
vt 0.6668193936347961 0.9131666421890259 
vt 0.6706240177154541 0.9040151834487915 
vt 0.6706240177154541 0.9040151834487915 
vt 0.6668193936347961 0.8948637247085571 
vt 0.6668193936347961 0.8948637247085571 
vt 0.6576376557350159 0.891069233417511 
vt 0.6576376557350159 0.891069233417511 
vt 0.6485065817832947 0.8948637247085571 
vt 0.6485065817832947 0.8948637247085571 
vt 0.6447020173072815 0.9040151834487915 
vt 0.6447020173072815 0.9040151834487915 
vt 0.6485065817832947 0.9131666421890259 
vt 0.6485065817832947 0.9131666421890259 
vt 0.6576376557350159 0.916961133480072 
vt 0.5245428681373596 0.4877532124519348 
vt 0.5166684985160828 0.48631203174591064 
vt 0.5195319056510925 0.48222872614860535 
vt 0.4160918891429901 0.44800108671188354 
vt 0.42002904415130615 0.2587282359600067 
vt 0.5190547108650208 0.2374710589647293 
vt 0.41823941469192505 0.35348474979400635 
vt 0.5198898315429688 0.3596096932888031 
vt 0.5195319056510925 0.48222872614860535 
vt 0.5239463448524475 0.23206669092178345 
vt 0.5249007940292358 0.3597297966480255 
vt 0.5245428681373596 0.4877532124519348 
vt 0.591116726398468 0.20528505742549896 
vt 0.589923620223999 0.20036107301712036 
vt 0.5946959853172302 0.20204243063926697 
vt 0.5946959853172302 0.11521230638027191 
vt 0.589923620223999 0.1150922104716301 
vt 0.5869409441947937 0.06921515613794327 
vt 0.5869409441947937 0.04087226465344429 
vt 0.589923620223999 0.027061108499765396 
vt 0.5946959853172302 0.025499848648905754 
vt 0.5834810137748718 0.03678896650671959 
vt 0.5259745717048645 0.03811003267765045 
vt 0.43028953671455383 0.027061108499765396 
vt 0.5228725671768188 0.040992360562086105 
vt 0.5228725671768188 0.06969554722309113 
vt 0.43028953671455383 0.11401133984327316 
vt 0.43028953671455383 0.20036107301712036 
vt 0.425517201423645 0.11401133984327316 
vt 0.425517201423645 0.19964049756526947 
vt 0.5260938405990601 0.07245777547359467 
vt 0.583838939666748 0.07245777547359467 
vt 0.5904008746147156 0.20444437861442566 
vt 0.4290964603424072 0.20444437861442566 
vt 0.17628280818462372 0.02994343638420105 
vt 0.17628280818462372 0.1900327354669571 
vt 0.17246495187282562 0.03726935386657715 
vt 0.17139117419719696 0.3426760137081146 
vt 0.09228996932506561 0.2783040404319763 
vt 0.09181273728609085 0.10152124613523483 
vt 0.17043671011924744 0.032825764268636703 
vt 0.17628280818462372 0.02994343638420105 
vt 0.8071835041046143 0.18739061057567596 
vt 0.9746919274330139 0.18739061057567596 
vt 0.8071835041046143 0.19243468344211578 
vt 0.9746919274330139 0.19243468344211578 
vt 0.9783905148506165 0.5115324258804321 
vt 0.8050359487533569 0.5115324258804321 
vt 0.9783905148506165 0.5062481164932251 
vt 0.8052746057510376 0.5062481164932251 
vt 0.9782711863517761 0.5012040734291077 
vt 0.8055132031440735 0.5012040734291077 
vt 0.8484640717506409 0.7152169346809387 
vt 0.848225474357605 0.7500450611114502 
vt 0.8386808037757874 0.7152169346809387 
vt 0.8383228778839111 0.7499249577522278 
vt 0.03585728630423546 0.06080836430191994 
vt 0.03824344649910927 0.20348359644412994 
vt 0.027505727484822273 0.013490147888660431 
vt 0.027505727484822273 0.20168215036392212 
vt 0.016648700460791588 0.01673276722431183 
vt 0.016648700460791588 0.2022826373577118 
vt 0.03824344649910927 0.34603872895240784 
vt 0.027505727484822273 0.3532445728778839 
vt 0.016648700460791588 0.35096272826194763 
vt 0.5975593328475952 0.7208614945411682 
vt 0.5968434810638428 0.7203810811042786 
vt 0.636573076248169 0.7116140127182007 
vt 0.6366924047470093 0.710893452167511 
vt 0.6742743849754333 0.7075307369232178 
vt 0.6745129823684692 0.7066900134086609 
vt 0.6959884762763977 0.7076507806777954 
vt 0.6959884762763977 0.7068101167678833 
vt 0.7173445820808411 0.7070503234863281 
vt 0.7177025079727173 0.7077708840370178 
vt 0.7550458908081055 0.7116140127182007 
vt 0.7551652193069458 0.7124546766281128 
vt 0.7948947548866272 0.7217021584510803 
vt 0.7941789627075195 0.72218257188797 
vt 0.5241849422454834 0.5033658146858215 
vt 0.5251393914222717 0.552485466003418 
vt 0.5216794610023499 0.5009638667106628 
vt 0.5233497619628906 0.5547673106193542 
vt 0.49924954771995544 0.5016844272613525 
vt 0.5009198784828186 0.5554879307746887 
vt 0.4985337257385254 0.5529658794403076 
vt 0.5896850228309631 0.5536864399909973 
vt 0.5896850228309631 0.4038054049015045 
vt 0.6018544435501099 0.5536864399909973 
vt 0.6018544435501099 0.4038054049015045 
vt 0.6018544435501099 0.2536841332912445 
vt 0.5896850228309631 0.25392434000968933 
vt 0.0698600709438324 0.35432544350624084 
vt 0.06258227676153183 0.3472397029399872 
vt 0.07320069521665573 0.3498818576335907 
vt 0.07439377158880234 0.3448377847671509 
vt 0.07308138161897659 0.19976060092449188 
vt 0.06258227676153183 0.19976060092449188 
vt 0.07188830524682999 0.017333252355456352 
vt 0.06258227676153183 0.014330826699733734 
vt 0.07069522142410278 0.012169080786406994 
vt 0.06747391074895859 0.0077254921197891235 
vt 0.05315694957971573 0.34039416909217834 
vt 0.05315694957971573 0.2007213681936264 
vt 0.05315694957971573 0.06092846393585205 
vt 0.6000648140907288 0.8195812106132507 
vt 0.5993489623069763 0.8203017711639404 
vt 0.5975593328475952 0.7208614945411682 
vt 0.5968434810638428 0.7203810811042786 
vt 0.2966645658016205 0.3426760137081146 
vt 0.30155619978904724 0.3375118672847748 
vt 0.3043002784252167 0.34147506952285767 
vt 0.39998531341552734 0.305205762386322 
vt 0.40356454253196716 0.3092890679836273 
vt 0.9830434918403625 0.8910389542579651 
vt 0.9696810245513916 0.8907987475395203 
vt 0.983759343624115 0.8230640292167664 
vt 0.9702775478363037 0.822943925857544 
vt 0.9843558669090271 0.7602533102035522 
vt 0.9709933996200562 0.7601332068443298 
vt 0.9847137928009033 0.7242242097854614 
vt 0.9713513255119324 0.724104106426239 
vt 0.9717092514038086 0.6879549026489258 
vt 0.9850717186927795 0.6880750060081482 
vt 0.9723057746887207 0.6251441836357117 
vt 0.985787570476532 0.6252642869949341 
vt 0.9730216264724731 0.5572893619537354 
vt 0.9865034222602844 0.5574094653129578 
vt 0.6113990545272827 0.031384602189064026 
vt 0.6111604571342468 0.026220429688692093 
vt 0.7837991118431091 0.031384602189064026 
vt 0.7837991118431091 0.026220429688692093 
vt 0.6109218597412109 0.020936161279678345 
vt 0.7837991118431091 0.020936161279678345 
vt 0.2966645658016205 0.3426760137081146 
vt 0.29714182019233704 0.21957659721374512 
vt 0.30155619978904724 0.3375118672847748 
vt 0.30191412568092346 0.2194565087556839 
vt 0.39998531341552734 0.21417222917079926 
vt 0.2988121211528778 0.09671737253665924 
vt 0.30358442664146423 0.10188154131174088 
vt 0.39998531341552734 0.12289851158857346 
vt 0.6133080124855042 0.3597297966480255 
vt 0.6133080124855042 0.3562469780445099 
vt 0.7837991118431091 0.3597297966480255 
vt 0.7837991118431091 0.3531244695186615 
vt 0.04623708501458168 0.39840102195739746 
vt 0.04647570103406906 0.3891535699367523 
vt 0.04850393533706665 0.4004426896572113 
vt 0.04850393533706665 0.3872320055961609 
vt 0.06997937709093094 0.39984220266342163 
vt 0.07069522142410278 0.3872320055961609 
vt 0.07260414958000183 0.38939374685287476 
vt 0.8636161684989929 0.6723423004150391 
vt 0.8632582426071167 0.712214469909668 
vt 0.8383228778839111 0.6723423004150391 
vt 0.8380842804908752 0.712214469909668 
vt 0.8741152882575989 0.7489641904830933 
vt 0.8741152882575989 0.7156972885131836 
vt 0.8838985562324524 0.7489641904830933 
vt 0.8838985562324524 0.7156972885131836 
vt 0.8906990885734558 0.6735432744026184 
vt 0.8905798196792603 0.7116140127182007 
vt 0.865405797958374 0.6735432744026184 
vt 0.865405797958374 0.7116140127182007 
vt 0.8158929944038391 0.6733030676841736 
vt 0.8314030170440674 0.6723423004150391 
vt 0.8096889853477478 0.6805089116096497 
vt 0.8374877572059631 0.6788275241851807 
vt 0.8119558095932007 0.6827907562255859 
vt 0.8352208733558655 0.6813495755195618 
vt 0.8371298313140869 0.7185796499252319 
vt 0.8348629474639893 0.7160575985908508 
vt 0.8099275827407837 0.7185796499252319 
vt 0.8308064937591553 0.7253050804138184 
vt 0.8160123229026794 0.7253050804138184 
vt 0.812075138092041 0.7160575985908508 
vt 0.6133080124855042 0.5307479500770569 
vt 0.6133080124855042 0.36501407623291016 
vt 0.7984740138053894 0.5307479500770569 
vt 0.7984740138053894 0.49459871649742126 
vt 0.7941789627075195 0.43178799748420715 
vt 0.7837991118431091 0.36501407623291016 
vt 0.6133080124855042 0.3597297966480255 
vt 0.8376070261001587 0.7822310328483582 
vt 0.8124330639839172 0.7822310328483582 
vt 0.8378456830978394 0.7759860157966614 
vt 0.8126716613769531 0.7759860157966614 
vt 0.8130295872688293 0.7612140774726868 
vt 0.8383228778839111 0.7612140774726868 
vt 0.8385615348815918 0.7549690008163452 
vt 0.8809158802032471 0.7800692915916443 
vt 0.8806772232055664 0.753287672996521 
vt 0.8846144080162048 0.7821109294891357 
vt 0.884375810623169 0.7512460350990295 
vt 0.8265113830566406 0.8096131682395935 
vt 0.8272272348403931 0.7867947220802307 
vt 0.8364139795303345 0.8099734783172607 
vt 0.8371298313140869 0.787155032157898 
vt 0.8158929944038391 0.8104538321495056 
vt 0.8149385452270508 0.787155032157898 
vt 0.8257955312728882 0.8100935220718384 
vt 0.8247218132019043 0.7867947220802307 
vt 0.8164895176887512 0.7529273629188538 
vt 0.8163702487945557 0.7272266149520874 
vt 0.8333119750022888 0.7529273629188538 
vt 0.8335505723953247 0.7261457443237305 
vt 0.8378456830978394 0.8066107630729675 
vt 0.8388001322746277 0.7867947220802307 
vt 0.8415442109107971 0.8054097890853882 
vt 0.8423793911933899 0.7882359027862549 
vt 0.8800806999206543 0.7531675696372986 
vt 0.8800806999206543 0.7788683176040649 
vt 0.8762628436088562 0.7512460350990295 
vt 0.8762628436088562 0.780789852142334 
vt 0.8469130992889404 0.7867947220802307 
vt 0.8473902940750122 0.8062504529953003 
vt 0.8432145118713379 0.7882359027862549 
vt 0.8436917662620544 0.805049479007721 
vt 0.5975593328475952 0.7208614945411682 
vt 0.636573076248169 0.7116140127182007 
vt 0.6000648140907288 0.8195812106132507 
vt 0.6742743849754333 0.7075307369232178 
vt 0.6951532959938049 0.8210223913192749 
vt 0.6959884762763977 0.7076507806777954 
vt 0.7177025079727173 0.7077708840370178 
vt 0.7903611063957214 0.8209022879600525 
vt 0.7551652193069458 0.7124546766281128 
vt 0.7941789627075195 0.72218257188797 
vt 0.8655251264572144 0.7827114462852478 
vt 0.8403511047363281 0.7827114462852478 
vt 0.8652865290641785 0.7765864729881287 
vt 0.8401125073432922 0.7765864729881287 
vt 0.8393966555595398 0.7610939741134644 
vt 0.864570677280426 0.7610939741134644 
vt 0.8643320202827454 0.7549690008163452 
vt 0.5752487778663635 0.5544070601463318 
vt 0.563437283039093 0.5544070601463318 
vt 0.5752487778663635 0.4038054049015045 
vt 0.5639144778251648 0.4038054049015045 
vt 0.5993489623069763 0.8203017711639404 
vt 0.6000648140907288 0.8195812106132507 
vt 0.6951532959938049 0.8217429518699646 
vt 0.6951532959938049 0.8210223913192749 
vt 0.7903611063957214 0.8209022879600525 
vt 0.09026173502206802 0.28262752294540405 
vt 0.09228996932506561 0.2783040404319763 
vt 0.16936294734477997 0.34711959958076477 
vt 0.17139117419719696 0.3426760137081146 
vt 0.1753283441066742 0.35012203454971313 
vt 0.013666000217199326 0.44319722056388855 
vt 0.020943788811564445 0.43755266070365906 
vt 0.018199704587459564 0.4459594488143921 
vt 0.023568563163280487 0.447040319442749 
vt 0.19704239070415497 0.4379129409790039 
vt 0.1971617043018341 0.44655993580818176 
vt 0.3706355392932892 0.4458393454551697 
vt 0.3732603192329407 0.4364717900753021 
vt 0.3760043978691101 0.44487857818603516 
vt 0.3692038357257843 0.41869741678237915 
vt 0.20145678520202637 0.4176165461540222 
vt 0.3783905506134033 0.37306055426597595 
vt 0.20145678520202637 0.37306055426597595 
vt 0.20145678520202637 0.36249202489852905 
vt 0.02201756089925766 0.36981794238090515 
vt 0.025119567289948463 0.36249202489852905 
vt 0.0454019270837307 0.38278841972351074 
vt 0.042061302810907364 0.38627123832702637 
vt 0.042538534849882126 0.40092307329177856 
vt 0.030727043747901917 0.4176165461540222 
vt 0.0459984689950943 0.4045259654521942 
vt 0.07308138161897659 0.4036853015422821 
vt 0.07630269974470139 0.40068286657333374 
vt 0.07630269974470139 0.38699182868003845 
vt 0.07320069521665573 0.3838692903518677 
vt 0.1891680657863617 0.3439970910549164 
vt 0.18904876708984375 0.19111360609531403 
vt 0.19322453439235687 0.3369113802909851 
vt 0.19441762566566467 0.045315854251384735 
vt 0.2802000641822815 0.10524425655603409 
vt 0.4253979027271271 0.027061108499765396 
vt 0.428738534450531 0.02309790812432766 
vt 0.5917132496833801 0.02309790812432766 
vt 0.595173180103302 0.024418974295258522 
vt 0.015574928373098373 0.01144849881529808 
vt 0.018796244636178017 0.006884812843054533 
vt 0.023449255153536797 0.0034020000603049994 
vt 0.8055132031440735 0.5012040734291077 
vt 0.9782711863517761 0.4955595135688782 
vt 0.8071835041046143 0.4972408711910248 
vt 0.8071835041046143 0.3311467170715332 
vt 0.9763622283935547 0.3286246657371521 
vt 0.8071835041046143 0.19723856449127197 
vt 0.9746919274330139 0.19723856449127197 
vt 0.5425583720207214 0.557769775390625 
vt 0.5412459969520569 0.40728822350502014 
vt 0.5534154176712036 0.557769775390625 
vt 0.5534154176712036 0.40716812014579773 
vt 0.8071835041046143 0.18739061057567596 
vt 0.9746919274330139 0.18210633099079132 
vt 0.8071835041046143 0.18210633099079132 
vt 0.9863841533660889 0.11485201865434647 
vt 0.9909178018569946 0.052641771733760834 
vt 0.990202009677887 0.017573446035385132 
vt 0.8071835041046143 0.017573446035385132 
vt 0.7837991118431091 0.036188479512929916 
vt 0.6113990545272827 0.031384602189064026 
vt 0.6133080124855042 0.036188479512929916 
vt 0.6133080124855042 0.20276302099227905 
vt 0.7837991118431091 0.20276302099227905 
vt 0.7837991118431091 0.3480803966522217 
vt 0.6133080124855042 0.3515632152557373 
vt 0.6133080124855042 0.3562469780445099 
vt 0.029891887679696083 0.4307071268558502 
vt 0.19704239070415497 0.4313076138496399 
vt 0.19704239070415497 0.4379129409790039 
vt 0.19704239070415497 0.4379129409790039 
vt 0.36431220173835754 0.4296262562274933 
vt 0.425517201423645 0.0279017873108387 
vt 0.7948947548866272 0.7217021584510803 
vt 0.7910768985748291 0.8216228485107422 
vt 0.7941789627075195 0.72218257188797 
vt 0.7903611063957214 0.8209022879600525 
vt 0.7900031805038452 0.8521274924278259 
vt 0.7972809672355652 0.8485245704650879 
vt 0.7979968190193176 0.8498456478118896 
vt 0.8024111986160278 0.8437207341194153 
vt 0.8037235736846924 0.8445613980293274 
vt 0.8043200969696045 0.8371153473854065 
vt 0.8058711290359497 0.8372354507446289 
vt 0.8038429021835327 0.800966203212738 
vt 0.8053938746452332 0.800966203212738 
vt 0.8033656477928162 0.76457679271698 
vt 0.8049166798591614 0.7644566893577576 
vt 0.8026497960090637 0.7284275889396667 
vt 0.8042008280754089 0.7284275889396667 
vt 0.8020532727241516 0.6927587985992432 
vt 0.803604245185852 0.6925185918807983 
vt 0.8000250458717346 0.6862735152244568 
vt 0.8012180924415588 0.6854328513145447 
vt 0.7946561574935913 0.6813495755195618 
vt 0.7954913377761841 0.68002849817276 
vt 0.7876169681549072 0.6793079376220703 
vt 0.7877362966537476 0.6777466535568237 
vt 0.7549266219139099 0.6787074208259583 
vt 0.7687663435935974 0.6757050156593323 
vt 0.7209238409996033 0.678347110748291 
vt 0.7206851840019226 0.6746241450309753 
vt 0.6930057406425476 0.6782270669937134 
vt 0.6930057406425476 0.6751044988632202 
vt 0.6652069687843323 0.6747442483901978 
vt 0.7898838520050049 0.8505662083625793 
vt 0.7709138989448547 0.8542892336845398 
vt 0.7569548487663269 0.851046621799469 
vt 0.7219976186752319 0.8539289832115173 
vt 0.7221168875694275 0.8523676991462708 
vt 0.6941988468170166 0.8539289832115173 
vt 0.6941988468170166 0.8523676991462708 
vt 0.6662807464599609 0.8524878025054932 
vt 0.6662807464599609 0.854049026966095 
vt 0.6322779655456543 0.8512868285179138 
vt 0.6184382438659668 0.8545294404029846 
vt 0.5994682908058167 0.8509265184402466 
vt 0.5994682908058167 0.8523676991462708 
vt 0.5924291014671326 0.8488848805427551 
vt 0.5917132496833801 0.8500858545303345 
vt 0.5871795415878296 0.8438407778739929 
vt 0.585867166519165 0.8446815013885498 
vt 0.5850319862365723 0.8373555541038513 
vt 0.5834810137748718 0.8375957608222961 
vt 0.5845547914505005 0.8015666604042053 
vt 0.5830037593841553 0.8016867637634277 
vt 0.5840775370597839 0.7655375599861145 
vt 0.5825265645980835 0.7655375599861145 
vt 0.5836003422737122 0.7292682528495789 
vt 0.5820493102073669 0.7293883562088013 
vt 0.5831230878829956 0.6933592557907104 
vt 0.5815720558166504 0.6931190490722656 
vt 0.5850319862365723 0.6867539286613464 
vt 0.5837196111679077 0.6860333681106567 
vt 0.5901622772216797 0.681950032711029 
vt 0.5894464254379272 0.6807490587234497 
vt 0.5975593328475952 0.6799083948135376 
vt 0.5974400639533997 0.678347110748291 
vt 0.6306076645851135 0.6788275241851807 
vt 0.6166486144065857 0.6759452223777771 
vt 0.6649683713912964 0.6784672141075134 
vt 0.39521297812461853 0.4606112837791443 
vt 0.30740228295326233 0.4967604875564575 
vt 0.30871468782424927 0.460130900144577 
vt 0.21732474863529205 0.49700066447257996 
vt 0.22209706902503967 0.46025097370147705 
vt 0.12724721431732178 0.49760115146636963 
vt 0.13536016643047333 0.4608514606952667 
vt 0.06377536058425903 0.49856191873550415 
vt 0.04886186122894287 0.46193233132362366 
vt 0.032874587923288345 0.46673622727394104 
vt 0.3056126832962036 0.5757843255996704 
vt 0.21589305996894836 0.5755441188812256 
vt 0.12617343664169312 0.575664222240448 
vt 0.06246297061443329 0.5750637054443359 
vt 0.016529392451047897 0.49700066447257996 
vt 0.01676800847053528 0.5753039121627808 
vt 0.30489683151245117 0.6468816995620728 
vt 0.21589305996894836 0.6449601650238037 
vt 0.1267699897289276 0.6452003717422485 
vt 0.06413328647613525 0.6476023197174072 
vt 0.01688731648027897 0.6569698452949524 
vt 0.30513545870780945 0.7226629257202148 
vt 0.21613167226314545 0.7229031324386597 
vt 0.12724721431732178 0.7232634425163269 
vt 0.06449120491743088 0.723503589630127 
vt 0.01688731648027897 0.7236236929893494 
vt 0.21637028455734253 0.800966203212738 
vt 0.12736652791500092 0.8013264536857605 
vt 0.06461051851511002 0.7994049191474915 
vt 0.01736454851925373 0.7902775406837463 
vt 0.12712790071964264 0.870862603187561 
vt 0.06353674083948135 0.8718234300613403 
vt 0.017722472548484802 0.8719435334205627 
vt 0.06532636284828186 0.9483252167701721 
vt 0.018080396577715874 0.9502467513084412 
vt 0.1287982165813446 0.9489256739616394 
vt 0.2168475240468979 0.8703822493553162 
vt 0.21887576580047607 0.9489256739616394 
vt 0.30656713247299194 0.869541585445404 
vt 0.30895328521728516 0.9484453201293945 
vt 0.39616745710372925 0.8687008619308472 
vt 0.39879223704338074 0.9474844932556152 
vt 0.4301702380180359 0.870862603187561 
vt 0.42969298362731934 0.9491658806800842 
vt 0.30537405610084534 0.7984441518783569 
vt 0.3946164548397064 0.7970029711723328 
vt 0.42826130986213684 0.7887162566184998 
vt 0.3944971263408661 0.7223026156425476 
vt 0.4283806085586548 0.7223026156425476 
vt 0.39413920044898987 0.6476023197174072 
vt 0.4277840554714203 0.6557689309120178 
vt 0.39521297812461853 0.5760244727134705 
vt 0.4290964603424072 0.5736225843429565 
vt 0.39736053347587585 0.4972408711910248 
vt 0.42826130986213684 0.49531930685043335 
vt 0.4113195538520813 0.46529507637023926 
vt 0.42325037717819214 0.4779052436351776 
vt 0.022733407095074654 0.9676607847213745 
vt 0.03454490005970001 0.9803910851478577 
vt 0.05053217336535454 0.9850748777389526 
vt 0.13714978098869324 0.9856753349304199 
vt 0.22376738488674164 0.9855552911758423 
vt 0.31038498878479004 0.9850748777389526 
vt 0.39700260758399963 0.9841141104698181 
vt 0.41298988461494446 0.9793102145195007 
vt 0.4249206781387329 0.9665799140930176 
vt 0.021063096821308136 0.4794664978981018 
vt 0.5249007940292358 0.5814288854598999 
vt 0.5219180583953857 0.5772254467010498 
vt 0.6061495542526245 0.5738627314567566 
vt 0.6051950454711914 0.5696593523025513 
vt 0.6841769814491272 0.5665368437767029 
vt 0.6836997270584106 0.5620932579040527 
vt 0.7299912571907043 0.5608922839164734 
vt 0.7299912571907043 0.5655760765075684 
vt 0.6845349073410034 0.5708603262901306 
vt 0.7758055329322815 0.5670171976089478 
vt 0.7762827277183533 0.5625736117362976 
vt 0.8546680808067322 0.5706201195716858 
vt 0.8557418584823608 0.5664167404174805 
vt 0.9406891465187073 0.5742230415344238 
vt 0.9379450678825378 0.5789068341255188 
vt 0.8537136316299438 0.5748234987258911 
vt 0.7753282785415649 0.5712206363677979 
vt 0.7299912571907043 0.5698995590209961 
vt 0.9349623918533325 0.5831102132797241 
vt 0.943552553653717 0.5820293426513672 
vt 0.9399732947349548 0.585271954536438 
vt 0.9477283358573914 0.5867131352424622 
vt 0.943552553653717 0.5892351865768433 
vt 0.9497565627098083 0.5922375917434692 
vt 0.9449842572212219 0.5939189195632935 
vt 0.9557219743728638 0.7932799458503723 
vt 0.9507110118865967 0.7932799458503723 
vt 0.9489213824272156 0.9542099237442017 
vt 0.9441490769386292 0.9522883892059326 
vt 0.9465352296829224 0.9598544836044312 
vt 0.9422401785850525 0.9572123885154724 
vt 0.942359447479248 0.9646583795547485 
vt 0.93854159116745 0.9614157676696777 
vt 0.9366326928138733 0.9682613015174866 
vt 0.9335306882858276 0.9641780257225037 
vt 0.8519240021705627 0.9787097573280334 
vt 0.8509695529937744 0.9745063185691833 
vt 0.7731807231903076 0.9772685766220093 
vt 0.7711524963378906 0.9490457773208618 
vt 0.7284402251243591 0.9495261907577515 
vt 0.7284402251243591 0.9425605535507202 
vt 0.6856086850166321 0.9486854672431946 
vt 0.685847282409668 0.9419600367546082 
vt 0.6110411286354065 0.9464036226272583 
vt 0.6117569804191589 0.9396781921386719 
vt 0.5447059273719788 0.9383571743965149 
vt 0.5494782328605652 0.9321120977401733 
vt 0.5423197746276855 0.9359552264213562 
vt 0.538621187210083 0.790757954120636 
vt 0.5126120448112488 0.950486958026886 
vt 0.5073624849319458 0.7883560061454773 
vt 0.5078397393226624 0.9522883892059326 
vt 0.5023515820503235 0.7879956960678101 
vt 0.5027095079421997 0.9537295699119568 
vt 0.4971020221710205 0.7875153422355652 
vt 0.605672299861908 0.9735455513000488 
vt 0.6833418011665344 0.976908266544342 
vt 0.7283208966255188 0.9778690338134766 
vt 0.7735386490821838 0.9817121624946594 
vt 0.8529977798461914 0.9830332398414612 
vt 0.9394960999488831 0.9729450941085815 
vt 0.9460580348968506 0.9682613015174866 
vt 0.9509496688842773 0.9623765349388123 
vt 0.954051673412323 0.9556511044502258 
vt 0.9609715342521667 0.7934000492095947 
vt 0.954886794090271 0.5909165143966675 
vt 0.9519041180610657 0.5843111872673035 
vt 0.9472510814666748 0.5785465240478516 
vt 0.7740159034729004 0.986275851726532 
vt 0.7282016277313232 0.9823126196861267 
vt 0.6829838752746582 0.9812317490577698 
vt 0.6045985221862793 0.9776288866996765 
vt 0.5231111645698547 0.9623765349388123 
vt 0.5181002020835876 0.9596143364906311 
vt 0.5144016742706299 0.955410897731781 
vt 0.5101065635681152 0.9580530524253845 
vt 0.5058115124702454 0.9605751037597656 
vt 0.7282016277313232 0.9871165156364441 
vt 0.6825066208839417 0.9859155416488647 
vt 0.6035247445106506 0.9819523692131042 
vt 0.5198898315429688 0.9665799140930176 
vt 0.517026424407959 0.9711436033248901 
vt 0.5142823457717896 0.9628569483757019 
vt 0.5104644894599915 0.9664598703384399 
vt 0.6042405962944031 0.5653358697891235 
vt 0.5191739797592163 0.5725416541099548 
vt 0.5126120448112488 0.5767450928688049 
vt 0.516191303730011 0.580348014831543 
vt 0.5197705626487732 0.5835906267166138 
vt 0.5078397393226624 0.5823896527290344 
vt 0.512134850025177 0.5849116444587708 
vt 0.504857063293457 0.5891150832176208 
vt 0.5099872946739197 0.5904361605644226 
vt 0.516191303730011 0.5874336957931519 
vt 0.5147596001625061 0.5922375917434692 
vt 0.5432742238044739 0.6448400616645813 
vt 0.5460183024406433 0.6420778632164001 
vt 0.5197705626487732 0.5835906267166138 
vt 0.5249007940292358 0.5814288854598999 
vt 0.6128307580947876 0.635952889919281 
vt 0.5505520105361938 0.6488032937049866 
vt 0.5460183024406433 0.790757954120636 
vt 0.5501940846443176 0.790757954120636 
vt 0.5530574917793274 0.9191416501998901 
vt 0.554966390132904 0.9237053394317627 
vt 0.5589035749435425 0.9276685118675232 
vt 0.5637952089309692 0.9294699430465698 
vt 0.6122342348098755 0.9357150197029114 
vt 0.6860858798027039 0.9379968643188477 
vt 0.7284402251243591 0.9384772181510925 
vt 0.7709138989448547 0.9423203468322754 
vt 0.8457199931144714 0.9473644495010376 
vt 0.9121745228767395 0.9399183988571167 
vt 0.7707945704460144 0.9383571743965149 
vt 0.8451234698295593 0.9407590627670288 
vt 0.8446462154388428 0.9366757869720459 
vt 0.9075215458869934 0.9335532784461975 
vt 0.9145607352256775 0.937516450881958 
vt 0.9194523096084595 0.7923191785812378 
vt 0.9159923791885376 0.6462812423706055 
vt 0.912055253982544 0.7923191785812378 
vt 0.9087145924568176 0.650244414806366 
vt 0.9132483005523682 0.643639087677002 
vt 0.8464358448982239 0.6369136571884155 
vt 0.9349623918533325 0.5831102132797241 
vt 0.8537136316299438 0.5748234987258911 
vt 0.9399732947349548 0.585271954536438 
vt 0.6061495542526245 0.5738627314567566 
vt 0.6845349073410034 0.5708603262901306 
vt 0.6871596574783325 0.6343916654586792 
vt 0.7299912571907043 0.5698995590209961 
vt 0.7296333312988281 0.6343916654586792 
vt 0.7722262740135193 0.6347519159317017 
vt 0.7719876766204834 0.6414773464202881 
vt 0.8458393216133118 0.6435189843177795 
vt 0.8454813957214355 0.6474822163581848 
vt 0.8941590189933777 0.6530066728591919 
vt 0.7717490196228027 0.6454405784606934 
vt 0.7296333312988281 0.6412371397018433 
vt 0.6873982548713684 0.6411170959472656 
vt 0.6134273409843445 0.642558217048645 
vt 0.7296333312988281 0.6452003717422485 
vt 0.6875175833702087 0.6450802683830261 
vt 0.6137852668762207 0.6465214490890503 
vt 0.5651075839996338 0.6516855955123901 
vt 0.5599773526191711 0.6534870862960815 
vt 0.5560401678085327 0.6572100520133972 
vt 0.554131269454956 0.6618938446044922 
vt 0.7753282785415649 0.5712206363677979 
vt 0.8991699814796448 0.6548081040382385 
vt 0.9031071662902832 0.6586512327194214 
vt 0.9050160646438599 0.6633350253105164 
vt 0.9078794717788696 0.7923191785812378 
vt 0.9039422869682312 0.9207028746604919 
vt 0.9020333886146545 0.9251464605331421 
vt 0.8980962038040161 0.928989589214325 
vt 0.893085241317749 0.930911123752594 
vt 0.8960679769515991 0.7921990752220154 
vt 0.9039422869682312 0.9207028746604919 
vt 0.894278347492218 0.9019677639007568 
vt 0.9020333886146545 0.9251464605331421 
vt 0.8912956714630127 0.9119358062744141 
vt 0.8980962038040161 0.928989589214325 
vt 0.8835406303405762 0.9189014434814453 
vt 0.893085241317749 0.930911123752594 
vt 0.8729222416877747 0.9211832880973816 
vt 0.8446462154388428 0.9366757869720459 
vt 0.8451234698295593 0.9229847192764282 
vt 0.7710331678390503 0.9253866672515869 
vt 0.9078794717788696 0.7923191785812378 
vt 0.8951135277748108 0.6820701360702515 
vt 0.9050160646438599 0.6633350253105164 
vt 0.892250120639801 0.6719819903373718 
vt 0.9031071662902832 0.6586512327194214 
vt 0.8844950795173645 0.6650163531303406 
vt 0.8991699814796448 0.6548081040382385 
vt 0.873876690864563 0.6627345085144043 
vt 0.8941590189933777 0.6530066728591919 
vt 0.8460779190063477 0.6610531806945801 
vt 0.8454813957214355 0.6474822163581848 
vt 0.7717490196228027 0.6454405784606934 
vt 0.772106945514679 0.6584110260009766 
vt 0.7296333312988281 0.6452003717422485 
vt 0.7296333312988281 0.6581708192825317 
vt 0.6870403289794922 0.6580507755279541 
vt 0.6875175833702087 0.6450802683830261 
vt 0.6130694150924683 0.6600924134254456 
vt 0.6137852668762207 0.6465214490890503 
vt 0.5651075839996338 0.6516855955123901 
vt 0.5852706432342529 0.661533534526825 
vt 0.5599773526191711 0.6534870862960815 
vt 0.5745329260826111 0.6638153791427612 
vt 0.5560401678085327 0.6572100520133972 
vt 0.5667778849601746 0.6706609129905701 
vt 0.554131269454956 0.6618938446044922 
vt 0.5637952089309692 0.6806289553642273 
vt 0.5501940846443176 0.790757954120636 
vt 0.5621248483657837 0.790757954120636 
vt 0.5530574917793274 0.9191416501998901 
vt 0.5629600286483765 0.9006466865539551 
vt 0.554966390132904 0.9237053394317627 
vt 0.5658234357833862 0.9106147289276123 
vt 0.5589035749435425 0.9276685118675232 
vt 0.5734591484069824 0.9175803661346436 
vt 0.5637952089309692 0.9294699430465698 
vt 0.5840775370597839 0.9199823141098022 
vt 0.6122342348098755 0.9357150197029114 
vt 0.6118763089179993 0.9220239520072937 
vt 0.6859665513038635 0.9250263571739197 
vt 0.6860858798027039 0.9379968643188477 
vt 0.7284402251243591 0.9255067706108093 
vt 0.7284402251243591 0.9384772181510925 
vt 0.7707945704460144 0.9383571743965149 
vt 0.5815720558166504 0.0678940862417221 
vt 0.5833616852760315 0.06585244089365005 
vt 0.5869409441947937 0.06921515613794327 
vt 0.5833616852760315 0.04363449662923813 
vt 0.5869409441947937 0.04087226465344429 
vt 0.5834810137748718 0.03678896650671959 
vt 0.5813334584236145 0.04207323491573334 
vt 0.5282413959503174 0.04207323491573334 
vt 0.5259745717048645 0.03811003267765045 
vt 0.5228725671768188 0.040992360562086105 
vt 0.5262131690979004 0.0442349798977375 
vt 0.5268096923828125 0.0662127286195755 
vt 0.5228725671768188 0.06969554722309113 
vt 0.5260938405990601 0.07245777547359467 
vt 0.5285993218421936 0.0678940862417221 
vt 0.583838939666748 0.07245777547359467 
vt 0.7900031805038452 0.8521274924278259 
vt 0.7979968190193176 0.8498456478118896 
vt 0.7927472591400146 0.854049026966095 
vt 0.8006215691566467 0.8518872857093811 
vt 0.7709138989448547 0.8542892336845398 
vt 0.7730613946914673 0.8564509749412537 
vt 0.7228327393531799 0.8562107682228088 
vt 0.7219976186752319 0.8539289832115173 
vt 0.6941988468170166 0.8562107682228088 
vt 0.6941988468170166 0.8539289832115173 
vt 0.6662807464599609 0.854049026966095 
vt 0.6655648946762085 0.8563308715820312 
vt 0.6184382438659668 0.8545294404029846 
vt 0.6162906885147095 0.8566911816596985 
vt 0.5967242121696472 0.8542892336845398 
vt 0.5994682908058167 0.8523676991462708 
vt 0.5917132496833801 0.8500858545303345 
vt 0.5889691710472107 0.8521274924278259 
vt 0.585867166519165 0.8446815013885498 
vt 0.5832424163818359 0.8467231392860413 
vt 0.5834810137748718 0.8375957608222961 
vt 0.5807369351387024 0.8395172953605652 
vt 0.5797824859619141 0.7656576633453369 
vt 0.5830037593841553 0.8016867637634277 
vt 0.5825265645980835 0.7655375599861145 
vt 0.5820493102073669 0.7293883562088013 
vt 0.578827977180481 0.691317617893219 
vt 0.5815720558166504 0.6931190490722656 
vt 0.5837196111679077 0.6860333681106567 
vt 0.5809755325317383 0.6841117739677429 
vt 0.5894464254379272 0.6807490587234497 
vt 0.5868216156959534 0.6787074208259583 
vt 0.5974400639533997 0.678347110748291 
vt 0.5946959853172302 0.6765456795692444 
vt 0.6143817901611328 0.6737834811210632 
vt 0.6166486144065857 0.6759452223777771 
vt 0.6652069687843323 0.6747442483901978 
vt 0.6643718481063843 0.6724624037742615 
vt 0.6930057406425476 0.6751044988632202 
vt 0.6930057406425476 0.6728226542472839 
vt 0.7215203642845154 0.6723423004150391 
vt 0.7206851840019226 0.6746241450309753 
vt 0.7709138989448547 0.6735432744026184 
vt 0.7687663435935974 0.6757050156593323 
vt 0.7877362966537476 0.6777466535568237 
vt 0.7903611063957214 0.6759452223777771 
vt 0.7981160879135132 0.678106963634491 
vt 0.7954913377761841 0.68002849817276 
vt 0.8039621710777283 0.6833912134170532 
vt 0.8012180924415588 0.6854328513145447 
vt 0.8063483238220215 0.6905970573425293 
vt 0.803604245185852 0.6925185918807983 
vt 0.8042008280754089 0.7284275889396667 
vt 0.8076607584953308 0.7644566893577576 
vt 0.8049166798591614 0.7644566893577576 
vt 0.8053938746452332 0.800966203212738 
vt 0.8058711290359497 0.8372354507446289 
vt 0.8087345361709595 0.8391570448875427 
vt 0.8064676523208618 0.8464829325675964 
vt 0.8037235736846924 0.8445613980293274 
vt 0.07320069521665573 0.3838692903518677 
vt 0.07630269974470139 0.38699182868003845 
vt 0.07260414958000183 0.38939374685287476 
vt 0.07630269974470139 0.40068286657333374 
vt 0.07200761139392853 0.3979206383228302 
vt 0.06997937709093094 0.39984220266342163 
vt 0.07308138161897659 0.4036853015422821 
vt 0.0459984689950943 0.4045259654521942 
vt 0.04850393533706665 0.4004426896572113 
vt 0.04623708501458168 0.39840102195739746 
vt 0.042538534849882126 0.40092307329177856 
vt 0.042061302810907364 0.38627123832702637 
vt 0.04647570103406906 0.3891535699367523 
vt 0.04850393533706665 0.3872320055961609 
vt 0.0454019270837307 0.38278841972351074 
vt 0.07069522142410278 0.3872320055961609 
vt 0.8699395060539246 0.7468024492263794 
vt 0.8488219976425171 0.7487239837646484 
vt 0.8504922986030579 0.7468024492263794 
vt 0.8487026691436768 0.7154571413993835 
vt 0.8503730297088623 0.7171384692192078 
vt 0.8719677329063416 0.713895857334137 
vt 0.8701781034469604 0.7159374952316284 
vt 0.8716098070144653 0.7487239837646484 
vt 0.4283806085586548 0.20300321280956268 
vt 0.4137057363986969 0.45220449566841125 
vt 0.28067731857299805 0.27770355343818665 
vt 0.37552717328071594 0.36249202489852905 
vt 0.08966519683599472 0.0971977561712265 
vt 0.06282089650630951 0.004362775944173336 
vt 0.020227940753102303 0.3562469780445099 
vt 0.1753283441066742 0.35012203454971313 
vt 0.1903611421585083 0.03811003267765045 
vt 0.07200761139392853 0.3979206383228302 
vt 0.7910768985748291 0.8216228485107422 
vt 0.8071835041046143 0.19243468344211578 
vt 0.4973406195640564 0.5040863752365112 
vt 0.81326824426651 0.7549690008163452 
vt 0.8391580581665039 0.7549690008163452 
vt 0.6168691515922546 0.859932005405426 
vt 0.6194562315940857 0.859932005405426 
vt 0.6168691515922546 0.891069233417511 
vt 0.6194562315940857 0.891069233417511 
vt 0.6220433712005615 0.891069233417511 
vt 0.6194562315940857 0.891069233417511 
vt 0.6220433712005615 0.859932005405426 
vt 0.6194562315940857 0.859932005405426 
vt 0.6376168727874756 0.891069233417511 
vt 0.6350297331809998 0.891069233417511 
vt 0.6376168727874756 0.859932005405426 
vt 0.6350297331809998 0.859932005405426 
vt 0.6220433712005615 0.859932005405426 
vt 0.6246305108070374 0.859932005405426 
vt 0.6220433712005615 0.891069233417511 
vt 0.6246305108070374 0.891069233417511 
vt 0.6298555135726929 0.859932005405426 
vt 0.6324426531791687 0.859932005405426 
vt 0.6298555135726929 0.891069233417511 
vt 0.6324426531791687 0.891069233417511 
vt 0.6298555135726929 0.891069233417511 
vt 0.6272176504135132 0.891069233417511 
vt 0.6298555135726929 0.859932005405426 
vt 0.6272176504135132 0.859932005405426 
vt 0.6324426531791687 0.859932005405426 
vt 0.6350297331809998 0.859932005405426 
vt 0.6324426531791687 0.891069233417511 
vt 0.6350297331809998 0.891069233417511 
vt 0.6272176504135132 0.891069233417511 
vt 0.6246305108070374 0.891069233417511 
vt 0.6272176504135132 0.859932005405426 
vt 0.6246305108070374 0.859932005405426 
vt 0.6272176504135132 0.916961133480072 
vt 0.6363993883132935 0.9131666421890259 
vt 0.6363993883132935 0.9131666421890259 
vt 0.6402040123939514 0.9040151834487915 
vt 0.6402040123939514 0.9040151834487915 
vt 0.6363993883132935 0.8948637247085571 
vt 0.6363993883132935 0.8948637247085571 
vt 0.6272176504135132 0.891069233417511 
vt 0.6272176504135132 0.891069233417511 
vt 0.618086576461792 0.8948637247085571 
vt 0.618086576461792 0.8948637247085571 
vt 0.6142820119857788 0.9040151834487915 
vt 0.6142820119857788 0.9040151834487915 
vt 0.618086576461792 0.9131666421890259 
vt 0.618086576461792 0.9131666421890259 
vt 0.6272176504135132 0.916961133480072 
vt 0.6781501173973083 0.859932005405426 
vt 0.6807372570037842 0.859932005405426 
vt 0.6781501173973083 0.891069233417511 
vt 0.6807372570037842 0.891069233417511 
vt 0.68332439661026 0.891069233417511 
vt 0.6807372570037842 0.891069233417511 
vt 0.68332439661026 0.859932005405426 
vt 0.6807372570037842 0.859932005405426 
vt 0.6988978981971741 0.891069233417511 
vt 0.6963107585906982 0.891069233417511 
vt 0.6988978981971741 0.859932005405426 
vt 0.6963107585906982 0.859932005405426 
vt 0.68332439661026 0.859932005405426 
vt 0.6859115362167358 0.859932005405426 
vt 0.68332439661026 0.891069233417511 
vt 0.6859115362167358 0.891069233417511 
vt 0.6911364793777466 0.859932005405426 
vt 0.6937236189842224 0.859932005405426 
vt 0.6911364793777466 0.891069233417511 
vt 0.6937236189842224 0.891069233417511 
vt 0.6911364793777466 0.891069233417511 
vt 0.6885493397712708 0.891069233417511 
vt 0.6911364793777466 0.859932005405426 
vt 0.6885493397712708 0.859932005405426 
vt 0.6937236189842224 0.859932005405426 
vt 0.6963107585906982 0.859932005405426 
vt 0.6937236189842224 0.891069233417511 
vt 0.6963107585906982 0.891069233417511 
vt 0.6885493397712708 0.891069233417511 
vt 0.6859115362167358 0.891069233417511 
vt 0.6885493397712708 0.859932005405426 
vt 0.6859115362167358 0.859932005405426 
vt 0.6885493397712708 0.916961133480072 
vt 0.6976804137229919 0.9131666421890259 
vt 0.6976804137229919 0.9131666421890259 
vt 0.7014849781990051 0.9040151834487915 
vt 0.7014849781990051 0.9040151834487915 
vt 0.6976804137229919 0.8948637247085571 
vt 0.6976804137229919 0.8948637247085571 
vt 0.6885493397712708 0.891069233417511 
vt 0.6885493397712708 0.891069233417511 
vt 0.6793676018714905 0.8948637247085571 
vt 0.6793676018714905 0.8948637247085571 
vt 0.6755629777908325 0.9040151834487915 
vt 0.6755629777908325 0.9040151834487915 
vt 0.6793676018714905 0.9131666421890259 
vt 0.6793676018714905 0.9131666421890259 
vt 0.6885493397712708 0.916961133480072 
vt 0.5877711176872253 0.859932005405426 
vt 0.5903582572937012 0.859932005405426 
vt 0.5877711176872253 0.891069233417511 
vt 0.5903582572937012 0.891069233417511 
vt 0.592945396900177 0.891069233417511 
vt 0.5903582572937012 0.891069233417511 
vt 0.592945396900177 0.859932005405426 
vt 0.5903582572937012 0.859932005405426 
vt 0.6085188984870911 0.891069233417511 
vt 0.6059317588806152 0.891069233417511 
vt 0.6085188984870911 0.859932005405426 
vt 0.6059317588806152 0.859932005405426 
vt 0.592945396900177 0.859932005405426 
vt 0.5955325365066528 0.859932005405426 
vt 0.592945396900177 0.891069233417511 
vt 0.5955325365066528 0.891069233417511 
vt 0.6007574796676636 0.859932005405426 
vt 0.6033446192741394 0.859932005405426 
vt 0.6007574796676636 0.891069233417511 
vt 0.6033446192741394 0.891069233417511 
vt 0.6007574796676636 0.891069233417511 
vt 0.5981703400611877 0.891069233417511 
vt 0.6007574796676636 0.859932005405426 
vt 0.5981703400611877 0.859932005405426 
vt 0.6033446192741394 0.859932005405426 
vt 0.6059317588806152 0.859932005405426 
vt 0.6033446192741394 0.891069233417511 
vt 0.6059317588806152 0.891069233417511 
vt 0.5981703400611877 0.891069233417511 
vt 0.5955325365066528 0.891069233417511 
vt 0.5981703400611877 0.859932005405426 
vt 0.5955325365066528 0.859932005405426 
vt 0.5981703400611877 0.916961133480072 
vt 0.6073014140129089 0.9131666421890259 
vt 0.6073014140129089 0.9131666421890259 
vt 0.6111059784889221 0.9040151834487915 
vt 0.6111059784889221 0.9040151834487915 
vt 0.6073014140129089 0.8948637247085571 
vt 0.6073014140129089 0.8948637247085571 
vt 0.5981703400611877 0.891069233417511 
vt 0.5981703400611877 0.891069233417511 
vt 0.5889886021614075 0.8948637247085571 
vt 0.5889886021614075 0.8948637247085571 
vt 0.5851839780807495 0.9040151834487915 
vt 0.5851839780807495 0.9040151834487915 
vt 0.5889886021614075 0.9131666421890259 
vt 0.5889886021614075 0.9131666421890259 
vt 0.5981703400611877 0.916961133480072 
s on 
f 1/1/1 2/2/2 3/3/3 
f 2/2/2 4/4/4 3/3/3 
f 3/3/3 4/4/4 4/4/4 
f 4/4/4 5/5/5 4/4/4 
f 4/4/4 5/5/5 5/5/5 
f 5/5/5 6/6/6 5/5/5 
f 5/5/5 6/6/6 7/7/7 
f 6/6/6 8/8/8 7/7/7 
f 7/7/7 8/8/8 8/8/8 
f 8/8/8 9/9/9 8/8/8 
f 8/8/8 9/9/9 9/9/9 
f 9/9/9 10/10/10 9/9/9 
f 9/9/9 10/10/10 11/11/11 
f 10/10/10 12/12/12 11/11/11 
f 11/11/11 12/12/12 12/12/12 
f 12/12/12 13/13/13 12/12/12 
f 12/12/12 13/13/13 13/13/13 
f 13/13/13 14/14/14 13/13/13 
f 13/13/13 14/14/14 15/15/15 
f 14/14/14 16/16/16 15/15/15 
f 15/15/15 16/16/16 16/16/16 
f 16/16/16 17/17/17 16/16/16 
f 16/16/16 17/17/17 17/17/17 
f 17/17/17 18/18/18 17/17/17 
f 17/17/17 18/18/18 19/19/19 
f 18/18/18 20/20/20 19/19/19 
f 19/19/19 20/20/20 20/20/20 
f 20/20/20 21/21/21 20/20/20 
f 20/20/20 21/21/21 21/21/21 
f 21/21/21 22/22/22 21/21/21 
f 21/21/21 22/22/22 23/23/23 
f 22/22/22 24/24/24 23/23/23 
f 23/23/23 24/24/24 24/24/24 
f 24/24/24 25/25/25 24/24/24 
f 24/24/24 25/25/25 25/25/25 
f 25/25/25 26/26/26 25/25/25 
f 25/25/25 26/26/26 27/27/27 
f 26/26/26 28/28/28 27/27/27 
f 27/27/27 28/28/28 28/28/28 
f 28/28/28 29/29/29 28/28/28 
f 28/28/28 29/29/29 29/29/29 
f 29/29/29 30/30/30 29/29/29 
f 29/29/29 30/30/30 31/31/31 
f 30/30/30 32/32/32 31/31/31 
f 31/31/31 32/32/32 32/32/32 
f 32/32/32 33/33/33 32/32/32 
f 32/32/32 33/33/33 33/33/33 
f 33/33/33 34/34/34 33/33/33 
f 33/33/33 34/34/34 35/35/35 
f 34/34/34 36/36/36 35/35/35 
f 35/35/35 36/36/36 37/37/37 
f 36/36/36 38/38/38 37/37/37 
f 37/37/37 38/38/38 39/39/39 
f 38/38/38 40/40/40 39/39/39 
f 39/39/39 40/40/40 41/41/41 
f 40/40/40 42/42/42 41/41/41 
f 41/41/41 42/42/42 43/43/43 
f 42/42/42 44/44/44 43/43/43 
f 43/43/43 44/44/44 45/45/45 
f 44/44/44 46/46/46 45/45/45 
f 45/45/45 46/46/46 47/47/47 
f 46/46/46 48/48/48 47/47/47 
f 47/47/47 48/48/48 33/33/33 
f 48/48/48 34/34/34 33/33/33 
f 33/33/33 34/34/34 34/34/34 
f 34/34/34 44/44/44 34/34/34 
f 34/34/34 44/44/44 44/44/44 
f 44/44/44 42/42/42 44/44/44 
f 44/44/44 42/42/42 46/46/46 
f 42/42/42 40/40/40 46/46/46 
f 46/46/46 40/40/40 48/48/48 
f 40/40/40 38/38/38 48/48/48 
f 48/48/48 38/38/38 34/34/34 
f 38/38/38 36/36/36 34/34/34 
f 34/34/34 36/36/36 36/36/36 
f 36/36/36 49/49/49 36/36/36 
f 36/36/36 49/49/49 49/49/49 
f 49/49/49 50/50/50 49/49/49 
f 49/49/49 50/50/50 51/51/51 
f 50/50/50 52/52/52 51/51/51 
f 51/51/51 52/52/52 52/52/52 
f 52/52/52 53/53/53 52/52/52 
f 52/52/52 53/53/53 53/53/53 
f 53/53/53 54/54/54 53/53/53 
f 53/53/53 54/54/54 55/55/55 
f 54/54/54 56/56/56 55/55/55 
f 55/55/55 56/56/56 52/52/52 
f 56/56/56 57/57/57 52/52/52 
f 52/52/52 57/57/57 57/57/57 
f 57/57/57 54/54/54 57/57/57 
f 57/57/57 54/54/54 54/54/54 
f 54/54/54 58/58/58 54/54/54 
f 54/54/54 58/58/58 56/56/56 
f 58/58/58 59/59/59 56/56/56 
f 56/56/56 59/59/59 57/57/57 
f 59/59/59 60/60/60 57/57/57 
f 57/57/57 60/60/60 60/60/60 
f 60/60/60 61/61/61 60/60/60 
f 60/60/60 61/61/61 61/61/61 
f 61/61/61 62/62/62 61/61/61 
f 61/61/61 62/62/62 63/63/63 
f 62/62/62 64/64/64 63/63/63 
f 63/63/63 64/64/64 64/64/64 
f 64/64/64 62/62/62 64/64/64 
f 64/64/64 62/62/62 65/65/65 
f 62/62/62 66/66/66 65/65/65 
f 65/65/65 66/66/66 67/67/67 
f 66/66/66 67/67/67 67/67/67 
f 67/67/67 67/67/67 67/67/67 
f 67/67/67 68/68/68 67/67/67 
f 67/67/67 68/68/68 65/65/65 
f 68/68/68 69/69/69 65/65/65 
f 65/65/65 69/69/69 64/64/64 
f 69/69/69 64/64/64 64/64/64 
f 64/64/64 64/64/64 67/67/67 
f 64/64/64 67/67/67 67/67/67 
f 67/67/67 67/67/67 67/67/67 
f 67/67/67 70/70/70 67/67/67 
f 67/67/67 70/70/70 68/68/68 
f 70/70/70 71/71/71 68/68/68 
f 68/68/68 71/71/71 72/72/72 
f 71/71/71 73/73/73 72/72/72 
f 72/72/72 73/73/73 74/74/74 
f 73/73/73 74/74/74 74/74/74 
f 74/74/74 74/74/74 72/72/72 
f 74/74/74 72/72/72 72/72/72 
f 72/72/72 72/72/72 72/72/72 
f 72/72/72 74/74/74 72/72/72 
f 72/72/72 74/74/74 75/75/75 
f 74/74/74 76/76/76 75/75/75 
f 75/75/75 76/76/76 77/77/77 
f 76/76/76 78/78/78 77/77/77 
f 77/77/77 78/78/78 78/78/78 
f 78/78/78 74/74/74 78/78/78 
f 78/78/78 74/74/74 74/74/74 
f 74/74/74 79/79/79 74/74/74 
f 74/74/74 79/79/79 76/76/76 
f 79/79/79 80/80/80 76/76/76 
f 76/76/76 80/80/80 62/62/62 
f 80/80/80 66/66/66 62/62/62 
f 62/62/62 66/66/66 66/66/66 
f 66/66/66 62/62/62 66/66/66 
f 66/66/66 62/62/62 62/62/62 
f 62/62/62 81/81/81 62/62/62 
f 62/62/62 81/81/81 76/76/76 
f 81/81/81 82/82/82 76/76/76 
f 76/76/76 82/82/82 82/82/82 
f 82/82/82 83/83/83 82/82/82 
f 82/82/82 83/83/83 83/83/83 
f 83/83/83 84/84/84 83/83/83 
f 83/83/83 84/84/84 85/85/85 
f 84/84/84 86/86/86 85/85/85 
f 85/85/85 86/86/86 87/87/87 
f 86/86/86 87/87/87 87/87/87 
f 87/87/87 87/87/87 87/87/87 
f 87/87/87 88/88/88 87/87/87 
f 87/87/87 88/88/88 85/85/85 
f 88/88/88 89/89/89 85/85/85 
f 85/85/85 89/89/89 90/90/90 
f 89/89/89 90/90/90 90/90/90 
f 90/90/90 90/90/90 91/91/91 
f 90/90/90 91/91/91 91/91/91 
f 91/91/91 91/91/91 91/91/91 
f 91/91/91 92/92/92 91/91/91 
f 91/91/91 92/92/92 93/93/93 
f 92/92/92 94/94/94 93/93/93 
f 93/93/93 94/94/94 94/94/94 
f 94/94/94 95/95/95 94/94/94 
f 94/94/94 95/95/95 95/95/95 
f 95/95/95 96/96/96 95/95/95 
f 95/95/95 96/96/96 97/97/97 
f 96/96/96 98/98/98 97/97/97 
f 97/97/97 98/98/98 99/99/99 
f 98/98/98 100/100/100 99/99/99 
f 99/99/99 100/100/100 100/100/100 
f 100/100/100 101/101/101 100/100/100 
f 100/100/100 101/101/101 101/101/101 
f 101/101/101 102/102/102 101/101/101 
f 101/101/101 102/102/102 103/103/103 
f 102/102/102 104/104/104 103/103/103 
f 103/103/103 104/104/104 104/104/104 
f 104/104/104 105/105/105 104/104/104 
f 104/104/104 105/105/105 105/105/105 
f 105/105/105 106/106/106 105/105/105 
f 105/105/105 106/106/106 107/107/107 
f 106/106/106 108/108/108 107/107/107 
f 107/107/107 108/108/108 109/109/109 
f 108/108/108 110/110/110 109/109/109 
f 109/109/109 110/110/110 110/110/110 
f 110/110/110 106/106/106 110/110/110 
f 110/110/110 106/106/106 106/106/106 
f 106/106/106 111/111/111 106/106/106 
f 106/106/106 111/111/111 108/108/108 
f 111/111/111 112/112/112 108/108/108 
f 108/108/108 112/112/112 110/110/110 
f 112/112/112 113/113/113 110/110/110 
f 110/110/110 113/113/113 113/113/113 
f 113/113/113 114/114/114 113/113/113 
f 113/113/113 114/114/114 114/114/114 
f 114/114/114 115/115/115 114/114/114 
f 114/114/114 115/115/115 116/116/116 
f 115/115/115 117/117/117 116/116/116 
f 116/116/116 117/117/117 118/118/118 
f 117/117/117 119/119/119 118/118/118 
f 118/118/118 119/119/119 120/120/120 
f 119/119/119 121/121/121 120/120/120 
f 120/120/120 121/121/121 122/122/122 
f 121/121/121 122/122/122 122/122/122 
f 122/122/122 122/122/122 120/120/120 
f 122/122/122 120/120/120 120/120/120 
f 120/120/120 120/120/120 120/120/120 
f 120/120/120 122/122/122 120/120/120 
f 120/120/120 122/122/122 123/123/123 
f 122/122/122 124/124/124 123/123/123 
f 123/123/123 124/124/124 125/125/125 
f 124/124/124 126/126/126 125/125/125 
f 125/125/125 126/126/126 127/127/127 
f 126/126/126 127/127/127 127/127/127 
f 127/127/127 127/127/127 128/128/128 
f 127/127/127 128/128/128 128/128/128 
f 128/128/128 128/128/128 128/128/128 
f 128/128/128 129/129/129 128/128/128 
f 128/128/128 129/129/129 130/130/130 
f 129/129/129 131/131/131 130/130/130 
f 130/130/130 131/131/131 132/132/132 
f 131/131/131 133/133/133 132/132/132 
f 132/132/132 133/133/133 134/134/134 
f 133/133/133 134/134/134 134/134/134 
f 134/134/134 134/134/134 135/135/135 
f 134/134/134 135/135/135 135/135/135 
f 135/135/135 135/135/135 135/135/135 
f 135/135/135 136/136/136 135/135/135 
f 135/135/135 136/136/136 137/137/137 
f 136/136/136 138/138/138 137/137/137 
f 137/137/137 138/138/138 138/138/138 
f 138/138/138 136/136/136 138/138/138 
f 138/138/138 136/136/136 139/139/139 
f 136/136/136 140/140/140 139/139/139 
f 139/139/139 140/140/140 140/140/140 
f 140/140/140 141/141/141 140/140/140 
f 140/140/140 141/141/141 141/141/141 
f 141/141/141 142/142/142 141/141/141 
f 141/141/141 142/142/142 143/143/143 
f 142/142/142 144/144/144 143/143/143 
f 143/143/143 144/144/144 144/144/144 
f 144/144/144 142/142/142 144/144/144 
f 144/144/144 142/142/142 145/145/145 
f 142/142/142 146/146/146 145/145/145 
f 145/145/145 146/146/146 147/147/147 
f 146/146/146 148/148/148 147/147/147 
f 147/147/147 148/148/148 149/149/149 
f 148/148/148 150/150/150 149/149/149 
f 149/149/149 150/150/150 150/150/150 
f 150/150/150 142/142/142 150/150/150 
f 150/150/150 142/142/142 142/142/142 
f 142/142/142 151/151/151 142/142/142 
f 142/142/142 151/151/151 146/146/146 
f 151/151/151 152/152/152 146/146/146 
f 146/146/146 152/152/152 148/148/148 
f 152/152/152 153/153/153 148/148/148 
f 148/148/148 153/153/153 153/153/153 
f 153/153/153 154/154/154 153/153/153 
f 153/153/153 154/154/154 154/154/154 
f 154/154/154 155/155/155 154/154/154 
f 154/154/154 155/155/155 156/156/156 
f 155/155/155 157/157/157 156/156/156 
f 156/156/156 157/157/157 157/157/157 
f 157/157/157 158/158/158 157/157/157 
f 157/157/157 158/158/158 158/158/158 
f 158/158/158 159/159/159 158/158/158 
f 158/158/158 159/159/159 160/160/160 
f 159/159/159 161/161/161 160/160/160 
f 160/160/160 161/161/161 162/162/162 
f 161/161/161 162/162/162 162/162/162 
f 162/162/162 162/162/162 163/163/163 
f 162/162/162 163/163/163 163/163/163 
f 163/163/163 163/163/163 163/163/163 
f 163/163/163 164/164/164 163/163/163 
f 163/163/163 164/164/164 165/165/165 
f 164/164/164 166/166/166 165/165/165 
f 165/165/165 166/166/166 167/167/167 
f 166/166/166 168/168/168 167/167/167 
f 167/167/167 168/168/168 169/169/169 
f 168/168/168 170/170/170 169/169/169 
f 169/169/169 170/170/170 171/171/171 
f 170/170/170 171/171/171 171/171/171 
f 171/171/171 171/171/171 169/169/169 
f 171/171/171 169/169/169 169/169/169 
f 169/169/169 169/169/169 169/169/169 
f 169/169/169 171/171/171 169/169/169 
f 169/169/169 171/171/171 172/172/172 
f 171/171/171 173/173/173 172/172/172 
f 172/172/172 173/173/173 174/174/174 
f 173/173/173 175/175/175 174/174/174 
f 174/174/174 175/175/175 176/176/176 
f 175/175/175 176/176/176 176/176/176 
f 176/176/176 176/176/176 177/177/177 
f 176/176/176 177/177/177 177/177/177 
f 177/177/177 177/177/177 177/177/177 
f 177/177/177 178/178/178 177/177/177 
f 177/177/177 178/178/178 179/179/179 
f 178/178/178 180/180/180 179/179/179 
f 179/179/179 180/180/180 180/180/180 
f 180/180/180 178/178/178 180/180/180 
f 180/180/180 178/178/178 178/178/178 
f 178/178/178 181/181/181 178/178/178 
f 178/178/178 181/181/181 180/180/180 
f 181/181/181 182/182/182 180/180/180 
f 180/180/180 182/182/182 182/182/182 
f 182/182/182 183/183/183 182/182/182 
f 182/182/182 183/183/183 183/183/183 
f 183/183/183 184/184/184 183/183/183 
f 183/183/183 184/184/184 185/185/185 
f 184/184/184 186/186/186 185/185/185 
f 185/185/185 186/186/186 161/161/161 
f 186/186/186 187/187/187 161/161/161 
f 161/161/161 187/187/187 187/187/187 
f 187/187/187 184/184/184 187/187/187 
f 187/187/187 184/184/184 184/184/184 
f 184/184/184 188/188/188 184/184/184 
f 184/184/184 188/188/188 186/186/186 
f 188/188/188 189/189/189 186/186/186 
f 186/186/186 189/189/189 187/187/187 
f 189/189/189 190/190/190 187/187/187 
f 187/187/187 190/190/190 190/190/190 
f 190/190/190 191/191/191 190/190/190 
f 190/190/190 191/191/191 191/191/191 
f 191/191/191 192/192/192 191/191/191 
f 191/191/191 192/192/192 193/193/193 
f 192/192/192 194/194/194 193/193/193 
f 193/193/193 194/194/194 194/194/194 
f 194/194/194 195/195/195 194/194/194 
f 194/194/194 195/195/195 195/195/195 
f 195/195/195 196/196/196 195/195/195 
f 195/195/195 196/196/196 197/197/197 
f 196/196/196 198/198/198 197/197/197 
f 197/197/197 198/198/198 199/199/199 
f 198/198/198 200/200/200 199/199/199 
f 199/199/199 200/200/200 201/201/201 
f 200/200/200 201/201/201 201/201/201 
f 201/201/201 201/201/201 202/202/202 
f 201/201/201 202/202/202 202/202/202 
f 202/202/202 202/202/202 202/202/202 
f 202/202/202 203/203/203 202/202/202 
f 202/202/202 203/203/203 204/204/204 
f 203/203/203 205/205/205 204/204/204 
f 204/204/204 205/205/205 205/205/205 
f 205/205/205 206/206/206 205/205/205 
f 205/205/205 206/206/206 206/206/206 
f 206/206/206 207/207/207 206/206/206 
f 206/206/206 207/207/207 208/208/208 
f 207/207/207 209/209/209 208/208/208 
f 208/208/208 209/209/209 209/209/209 
f 209/209/209 210/210/210 209/209/209 
f 209/209/209 210/210/210 210/210/210 
f 210/210/210 211/211/211 210/210/210 
f 210/210/210 211/211/211 212/212/212 
f 211/211/211 213/213/213 212/212/212 
f 212/212/212 213/213/213 213/213/213 
f 213/213/213 214/214/214 213/213/213 
f 213/213/213 214/214/214 214/214/214 
f 214/214/214 215/215/215 214/214/214 
f 214/214/214 215/215/215 216/216/216 
f 215/215/215 217/217/217 216/216/216 
f 216/216/216 217/217/217 218/218/218 
f 217/217/217 219/219/219 218/218/218 
f 218/218/218 219/219/219 219/219/219 
f 219/219/219 217/217/217 219/219/219 
f 219/219/219 217/217/217 217/217/217 
f 217/217/217 220/220/220 217/217/217 
f 217/217/217 220/220/220 219/219/219 
f 220/220/220 221/221/221 219/219/219 
f 219/219/219 221/221/221 221/221/221 
f 221/221/221 220/220/220 221/221/221 
f 221/221/221 220/220/220 222/222/222 
f 220/220/220 223/223/223 222/222/222 
f 222/222/222 223/223/223 224/224/224 
f 223/223/223 224/224/224 224/224/224 
f 224/224/224 224/224/224 221/221/221 
f 224/224/224 221/221/221 221/221/221 
f 221/221/221 221/221/221 221/221/221 
f 221/221/221 222/222/222 221/221/221 
f 221/221/221 222/222/222 225/225/225 
f 222/222/222 216/216/216 225/225/225 
f 225/225/225 216/216/216 218/218/218 
f 216/216/216 218/218/218 218/218/218 
f 218/218/218 218/218/218 226/226/226 
f 218/218/218 226/226/226 226/226/226 
f 226/226/226 226/226/226 226/226/226 
f 226/226/226 227/227/227 226/226/226 
f 226/226/226 227/227/227 228/228/228 
f 227/227/227 229/229/229 228/228/228 
f 228/228/228 229/229/229 229/229/229 
f 229/229/229 227/227/227 229/229/229 
f 229/229/229 227/227/227 230/230/230 
f 227/227/227 231/231/231 230/230/230 
f 230/230/230 231/231/231 231/231/231 
f 231/231/231 227/227/227 231/231/231 
f 231/231/231 227/227/227 227/227/227 
f 227/227/227 232/232/232 227/227/227 
f 227/227/227 232/232/232 231/231/231 
f 232/232/232 193/193/193 231/231/231 
f 231/231/231 193/193/193 193/193/193 
f 193/193/193 233/233/233 193/193/193 
f 193/193/193 233/233/233 233/233/233 
f 233/233/233 234/234/234 233/233/233 
f 233/233/233 234/234/234 235/235/235 
f 234/234/234 236/236/236 235/235/235 
f 235/235/235 236/236/236 237/237/237 
f 236/236/236 237/237/237 237/237/237 
f 237/237/237 237/237/237 235/235/235 
f 237/237/237 235/235/235 235/235/235 
f 235/235/235 235/235/235 235/235/235 
f 235/235/235 237/237/237 235/235/235 
f 235/235/235 237/237/237 238/238/238 
f 237/237/237 239/239/239 238/238/238 
f 238/238/238 239/239/239 239/239/239 
f 239/239/239 240/240/240 239/239/239 
f 239/239/239 240/240/240 240/240/240 
f 240/240/240 241/241/241 240/240/240 
f 240/240/240 241/241/241 242/242/242 
f 241/241/241 243/243/243 242/242/242 
f 242/242/242 243/243/243 243/243/243 
f 243/243/243 244/244/244 243/243/243 
f 243/243/243 244/244/244 244/244/244 
f 244/244/244 245/245/245 244/244/244 
f 244/244/244 245/245/245 246/246/246 
f 245/245/245 247/247/247 246/246/246 
f 246/246/246 247/247/247 247/247/247 
f 247/247/247 248/248/248 247/247/247 
f 247/247/247 248/248/248 248/248/248 
f 248/248/248 249/249/249 248/248/248 
f 248/248/248 249/249/249 250/250/250 
f 249/249/249 251/251/251 250/250/250 
f 250/250/250 251/251/251 251/251/251 
f 251/251/251 252/252/252 251/251/251 
f 251/251/251 252/252/252 252/252/252 
f 252/252/252 253/253/253 252/252/252 
f 252/252/252 253/253/253 254/254/254 
f 253/253/253 255/255/255 254/254/254 
f 254/254/254 255/255/255 255/255/255 
f 255/255/255 256/256/256 255/255/255 
f 255/255/255 256/256/256 256/256/256 
f 256/256/256 257/257/257 256/256/256 
f 256/256/256 257/257/257 258/258/258 
f 257/257/257 259/259/259 258/258/258 
f 258/258/258 259/259/259 259/259/259 
f 259/259/259 260/260/260 259/259/259 
f 259/259/259 260/260/260 260/260/260 
f 260/260/260 261/261/261 260/260/260 
f 260/260/260 261/261/261 262/262/262 
f 261/261/261 263/263/263 262/262/262 
f 262/262/262 263/263/263 263/263/263 
f 263/263/263 264/264/264 263/263/263 
f 263/263/263 264/264/264 264/264/264 
f 264/264/264 265/265/265 264/264/264 
f 264/264/264 265/265/265 266/266/266 
f 265/265/265 267/267/267 266/266/266 
f 266/266/266 267/267/267 267/267/267 
f 267/267/267 268/268/268 267/267/267 
f 267/267/267 268/268/268 268/268/268 
f 268/268/268 269/269/269 268/268/268 
f 268/268/268 269/269/269 270/270/270 
f 269/269/269 271/271/271 270/270/270 
f 270/270/270 271/271/271 272/272/272 
f 271/271/271 273/273/273 272/272/272 
f 272/272/272 273/273/273 274/274/274 
f 273/273/273 274/274/274 274/274/274 
f 274/274/274 274/274/274 272/272/272 
f 274/274/274 272/272/272 272/272/272 
f 272/272/272 272/272/272 272/272/272 
f 272/272/272 274/274/274 272/272/272 
f 272/272/272 274/274/274 275/275/275 
f 274/274/274 276/276/276 275/275/275 
f 275/275/275 276/276/276 277/277/277 
f 276/276/276 277/277/277 277/277/277 
f 277/277/277 277/277/277 278/278/278 
f 277/277/277 278/278/278 278/278/278 
f 278/278/278 278/278/278 278/278/278 
f 278/278/278 279/279/279 278/278/278 
f 278/278/278 279/279/279 280/280/280 
f 279/279/279 281/281/281 280/280/280 
f 280/280/280 281/281/281 282/282/282 
f 281/281/281 282/282/282 282/282/282 
f 282/282/282 282/282/282 280/280/280 
f 282/282/282 280/280/280 280/280/280 
f 280/280/280 280/280/280 280/280/280 
f 280/280/280 282/282/282 280/280/280 
f 280/280/280 282/282/282 283/283/283 
f 282/282/282 284/284/284 283/283/283 
f 283/283/283 284/284/284 284/284/284 
f 284/284/284 285/285/285 284/284/284 
f 284/284/284 285/285/285 285/285/285 
f 285/285/285 286/286/286 285/285/285 
f 285/285/285 286/286/286 287/287/287 
f 286/286/286 288/288/288 287/287/287 
f 287/287/287 288/288/288 288/288/288 
f 288/288/288 289/289/289 288/288/288 
f 288/288/288 289/289/289 289/289/289 
f 289/289/289 290/290/290 289/289/289 
f 289/289/289 290/290/290 291/291/291 
f 290/290/290 292/292/292 291/291/291 
f 291/291/291 292/292/292 293/293/293 
f 292/292/292 293/293/293 293/293/293 
f 293/293/293 293/293/293 294/294/294 
f 293/293/293 294/294/294 294/294/294 
f 294/294/294 294/294/294 294/294/294 
f 294/294/294 295/295/295 294/294/294 
f 294/294/294 295/295/295 296/296/296 
f 295/295/295 297/297/297 296/296/296 
f 296/296/296 297/297/297 298/298/298 
f 297/297/297 298/298/298 298/298/298 
f 298/298/298 298/298/298 299/299/299 
f 298/298/298 299/299/299 299/299/299 
f 299/299/299 299/299/299 299/299/299 
f 299/299/299 300/300/300 299/299/299 
f 299/299/299 300/300/300 301/301/301 
f 300/300/300 302/302/302 301/301/301 
f 301/301/301 302/302/302 302/302/302 
f 302/302/302 300/300/300 302/302/302 
f 302/302/302 300/300/300 300/300/300 
f 300/300/300 303/303/303 300/300/300 
f 300/300/300 303/303/303 302/302/302 
f 303/303/303 304/304/304 302/302/302 
f 302/302/302 304/304/304 304/304/304 
f 304/304/304 303/303/303 304/304/304 
f 304/304/304 303/303/303 305/305/305 
f 303/303/303 306/306/306 305/305/305 
f 305/305/305 306/306/306 307/307/307 
f 306/306/306 307/307/307 307/307/307 
f 307/307/307 307/307/307 308/308/308 
f 307/307/307 308/308/308 308/308/308 
f 308/308/308 308/308/308 308/308/308 
f 308/308/308 309/309/309 308/308/308 
f 308/308/308 309/309/309 310/310/310 
f 309/309/309 311/311/311 310/310/310 
f 310/310/310 311/311/311 312/312/312 
f 311/311/311 313/313/313 312/312/312 
f 312/312/312 313/313/313 314/314/314 
f 313/313/313 314/314/314 314/314/314 
f 314/314/314 314/314/314 311/311/311 
f 314/314/314 311/311/311 311/311/311 
f 311/311/311 311/311/311 311/311/311 
f 311/311/311 315/315/315 311/311/311 
f 311/311/311 315/315/315 313/313/313 
f 315/315/315 316/316/316 313/313/313 
f 313/313/313 316/316/316 317/317/317 
f 316/316/316 317/317/317 317/317/317 
f 317/317/317 317/317/317 313/313/313 
f 317/317/317 313/313/313 313/313/313 
f 313/313/313 313/313/313 313/313/313 
f 313/313/313 317/317/317 313/313/313 
f 313/313/313 317/317/317 318/318/318 
f 317/317/317 319/319/319 318/318/318 
f 318/318/318 319/319/319 320/320/320 
f 319/319/319 320/320/320 320/320/320 
f 320/320/320 320/320/320 318/318/318 
f 320/320/320 318/318/318 318/318/318 
f 318/318/318 318/318/318 318/318/318 
f 318/318/318 320/320/320 318/318/318 
f 318/318/318 320/320/320 309/309/309 
f 320/320/320 321/321/321 309/309/309 
f 309/309/309 321/321/321 322/322/322 
f 321/321/321 322/322/322 322/322/322 
f 322/322/322 322/322/322 309/309/309 
f 322/322/322 309/309/309 309/309/309 
f 309/309/309 309/309/309 309/309/309 
f 309/309/309 322/322/322 309/309/309 
f 309/309/309 322/322/322 311/311/311 
f 322/322/322 323/323/323 311/311/311 
f 311/311/311 323/323/323 315/315/315 
f 323/323/323 315/315/315 315/315/315 
f 315/315/315 315/315/315 324/324/324 
f 315/315/315 324/324/324 324/324/324 
f 324/324/324 324/324/324 324/324/324 
f 324/324/324 325/325/325 324/324/324 
f 324/324/324 325/325/325 326/326/326 
f 325/325/325 327/327/327 326/326/326 
f 326/326/326 327/327/327 328/328/328 
f 327/327/327 328/328/328 328/328/328 
f 328/328/328 328/328/328 329/329/329 
f 328/328/328 329/329/329 329/329/329 
f 329/329/329 329/329/329 329/329/329 
f 329/329/329 330/330/330 329/329/329 
f 329/329/329 330/330/330 72/72/72 
f 330/330/330 68/68/68 72/72/72 
f 72/72/72 68/68/68 68/68/68 
f 68/68/68 330/330/330 68/68/68 
f 68/68/68 330/330/330 330/330/330 
f 330/330/330 331/331/331 330/330/330 
f 330/330/330 331/331/331 68/68/68 
f 331/331/331 332/332/332 68/68/68 
f 68/68/68 332/332/332 332/332/332 
f 332/332/332 109/109/109 332/332/332 
f 332/332/332 109/109/109 109/109/109 
f 109/109/109 333/333/333 109/109/109 
f 109/109/109 333/333/333 107/107/107 
f 333/333/333 334/334/334 107/107/107 
f 107/107/107 334/334/334 335/335/335 
f 334/334/334 335/335/335 335/335/335 
f 335/335/335 335/335/335 99/99/99 
f 335/335/335 99/99/99 99/99/99 
f 99/99/99 99/99/99 99/99/99 
f 99/99/99 336/336/336 99/99/99 
f 99/99/99 336/336/336 337/337/337 
f 336/336/336 338/338/338 337/337/337 
f 337/337/337 338/338/338 339/339/339 
f 338/338/338 339/339/339 339/339/339 
f 339/339/339 339/339/339 337/337/337 
f 339/339/339 337/337/337 337/337/337 
f 337/337/337 337/337/337 337/337/337 
f 337/337/337 339/339/339 337/337/337 
f 337/337/337 339/339/339 340/340/340 
f 339/339/339 341/341/341 340/340/340 
f 340/340/340 341/341/341 342/342/342 
f 341/341/341 94/94/94 342/342/342 
f 342/342/342 94/94/94 94/94/94 
f 94/94/94 343/343/343 94/94/94 
f 94/94/94 343/343/343 343/343/343 
f 343/343/343 344/344/344 343/343/343 
f 343/343/343 344/344/344 345/345/345 
f 344/344/344 346/346/346 345/345/345 
f 345/345/345 346/346/346 346/346/346 
f 346/346/346 92/92/92 346/346/346 
f 346/346/346 92/92/92 92/92/92 
f 92/92/92 347/347/347 92/92/92 
f 92/92/92 347/347/347 348/348/348 
f 347/347/347 349/349/349 348/348/348 
f 348/348/348 349/349/349 350/350/350 
f 349/349/349 351/351/351 350/350/350 
f 350/350/350 351/351/351 351/351/351 
f 351/351/351 349/349/349 351/351/351 
f 351/351/351 349/349/349 352/352/352 
f 349/349/349 353/353/353 352/352/352 
f 352/352/352 353/353/353 353/353/353 
f 353/353/353 179/179/179 353/353/353 
f 353/353/353 179/179/179 179/179/179 
f 179/179/179 354/354/354 179/179/179 
f 179/179/179 354/354/354 355/355/355 
f 354/354/354 356/356/356 355/355/355 
f 355/355/355 356/356/356 356/356/356 
f 356/356/356 354/354/354 356/356/356 
f 356/356/356 354/354/354 357/357/357 
f 354/354/354 358/358/358 357/357/357 
f 357/357/357 358/358/358 359/359/359 
f 358/358/358 359/359/359 359/359/359 
f 359/359/359 359/359/359 357/357/357 
f 359/359/359 357/357/357 357/357/357 
f 357/357/357 357/357/357 357/357/357 
f 357/357/357 359/359/359 357/357/357 
f 357/357/357 359/359/359 360/360/360 
f 359/359/359 194/194/194 360/360/360 
f 360/360/360 194/194/194 361/361/361 
f 194/194/194 361/361/361 361/361/361 
f 361/361/361 361/361/361 362/362/362 
f 361/361/361 362/362/362 362/362/362 
f 362/362/362 362/362/362 362/362/362 
f 362/362/362 363/363/363 362/362/362 
f 362/362/362 363/363/363 300/300/300 
f 363/363/363 364/364/364 300/300/300 
f 300/300/300 364/364/364 365/365/365 
f 364/364/364 306/306/306 365/365/365 
f 365/365/365 306/306/306 306/306/306 
f 306/306/306 364/364/364 306/306/306 
f 306/306/306 364/364/364 364/364/364 
f 364/364/364 363/363/363 364/364/364 
f 364/364/364 363/363/363 306/306/306 
f 363/363/363 366/366/366 306/306/306 
f 306/306/306 366/366/366 366/366/366 
f 366/366/366 72/72/72 366/366/366 
f 366/366/366 72/72/72 72/72/72 
f 72/72/72 75/75/75 72/72/72 
f 72/72/72 75/75/75 367/367/367 
f 75/75/75 77/77/77 367/367/367 
f 367/367/367 77/77/77 77/77/77 
f 77/77/77 368/368/368 77/77/77 
f 77/77/77 368/368/368 368/368/368 
f 368/368/368 369/369/369 368/368/368 
f 368/368/368 369/369/369 370/370/370 
f 369/369/369 371/371/371 370/370/370 
f 370/370/370 371/371/371 371/371/371 
f 371/371/371 372/372/372 371/371/371 
f 371/371/371 372/372/372 372/372/372 
f 372/372/372 373/373/373 372/372/372 
f 372/372/372 373/373/373 374/374/374 
f 373/373/373 375/375/375 374/374/374 
f 374/374/374 375/375/375 376/376/376 
f 375/375/375 377/377/377 376/376/376 
f 376/376/376 377/377/377 378/378/378 
f 377/377/377 379/379/379 378/378/378 
f 378/378/378 379/379/379 380/380/380 
f 379/379/379 381/381/381 380/380/380 
f 380/380/380 381/381/381 382/382/382 
f 381/381/381 383/383/383 382/382/382 
f 382/382/382 383/383/383 384/384/384 
f 383/383/383 385/385/385 384/384/384 
f 384/384/384 385/385/385 386/386/386 
f 385/385/385 387/387/387 386/386/386 
f 386/386/386 387/387/387 388/388/388 
f 387/387/387 389/389/389 388/388/388 
f 388/388/388 389/389/389 390/390/390 
f 389/389/389 391/391/391 390/390/390 
f 390/390/390 391/391/391 392/392/392 
f 391/391/391 393/393/393 392/392/392 
f 392/392/392 393/393/393 394/394/394 
f 393/393/393 395/395/395 394/394/394 
f 394/394/394 395/395/395 396/396/396 
f 395/395/395 397/397/397 396/396/396 
f 396/396/396 397/397/397 398/398/398 
f 397/397/397 399/399/399 398/398/398 
f 398/398/398 399/399/399 399/399/399 
f 399/399/399 373/373/373 399/399/399 
f 399/399/399 373/373/373 373/373/373 
f 373/373/373 372/372/372 373/373/373 
f 373/373/373 372/372/372 400/400/400 
f 372/372/372 401/401/401 400/400/400 
f 400/400/400 401/401/401 402/402/402 
f 401/401/401 403/403/403 402/402/402 
f 402/402/402 403/403/403 404/404/404 
f 403/403/403 405/405/405 404/404/404 
f 404/404/404 405/405/405 406/406/406 
f 405/405/405 407/407/407 406/406/406 
f 406/406/406 407/407/407 407/407/407 
f 407/407/407 405/405/405 407/407/407 
f 407/407/407 405/405/405 405/405/405 
f 405/405/405 408/408/408 405/405/405 
f 405/405/405 408/408/408 407/407/407 
f 408/408/408 409/409/409 407/407/407 
f 407/407/407 409/409/409 409/409/409 
f 409/409/409 408/408/408 409/409/409 
f 409/409/409 408/408/408 408/408/408 
f 408/408/408 410/410/410 408/408/408 
f 408/408/408 410/410/410 409/409/409 
f 410/410/410 411/411/411 409/409/409 
f 409/409/409 411/411/411 411/411/411 
f 411/411/411 410/410/410 411/411/411 
f 411/411/411 410/410/410 410/410/410 
f 410/410/410 412/412/412 410/410/410 
f 410/410/410 412/412/412 411/411/411 
f 412/412/412 413/413/413 411/411/411 
f 411/411/411 413/413/413 413/413/413 
f 413/413/413 412/412/412 413/413/413 
f 413/413/413 412/412/412 412/412/412 
f 412/412/412 414/414/414 412/412/412 
f 412/412/412 414/414/414 413/413/413 
f 414/414/414 415/415/415 413/413/413 
f 413/413/413 415/415/415 415/415/415 
f 415/415/415 414/414/414 415/415/415 
f 415/415/415 414/414/414 414/414/414 
f 414/414/414 416/416/416 414/414/414 
f 414/414/414 416/416/416 415/415/415 
f 416/416/416 417/417/417 415/415/415 
f 415/415/415 417/417/417 417/417/417 
f 417/417/417 416/416/416 417/417/417 
f 417/417/417 416/416/416 416/416/416 
f 416/416/416 418/418/418 416/416/416 
f 416/416/416 418/418/418 417/417/417 
f 418/418/418 419/419/419 417/417/417 
f 417/417/417 419/419/419 419/419/419 
f 419/419/419 418/418/418 419/419/419 
f 419/419/419 418/418/418 418/418/418 
f 418/418/418 420/420/420 418/418/418 
f 418/418/418 420/420/420 419/419/419 
f 420/420/420 421/421/421 419/419/419 
f 419/419/419 421/421/421 421/421/421 
f 421/421/421 420/420/420 421/421/421 
f 421/421/421 420/420/420 420/420/420 
f 420/420/420 422/422/422 420/420/420 
f 420/420/420 422/422/422 421/421/421 
f 422/422/422 423/423/423 421/421/421 
f 421/421/421 423/423/423 423/423/423 
f 423/423/423 422/422/422 423/423/423 
f 423/423/423 422/422/422 422/422/422 
f 422/422/422 424/424/424 422/422/422 
f 422/422/422 424/424/424 423/423/423 
f 424/424/424 425/425/425 423/423/423 
f 423/423/423 425/425/425 425/425/425 
f 425/425/425 424/424/424 425/425/425 
f 425/425/425 424/424/424 424/424/424 
f 424/424/424 426/426/426 424/424/424 
f 424/424/424 426/426/426 425/425/425 
f 426/426/426 427/427/427 425/425/425 
f 425/425/425 427/427/427 427/427/427 
f 427/427/427 426/426/426 427/427/427 
f 427/427/427 426/426/426 426/426/426 
f 426/426/426 428/428/428 426/426/426 
f 426/426/426 428/428/428 427/427/427 
f 428/428/428 429/429/429 427/427/427 
f 427/427/427 429/429/429 429/429/429 
f 429/429/429 428/428/428 429/429/429 
f 429/429/429 428/428/428 428/428/428 
f 428/428/428 430/430/430 428/428/428 
f 428/428/428 430/430/430 429/429/429 
f 430/430/430 431/431/431 429/429/429 
f 429/429/429 431/431/431 431/431/431 
f 431/431/431 430/430/430 431/431/431 
f 431/431/431 430/430/430 430/430/430 
f 430/430/430 432/432/432 430/430/430 
f 430/430/430 432/432/432 431/431/431 
f 432/432/432 433/433/433 431/431/431 
f 431/431/431 433/433/433 433/433/433 
f 433/433/433 432/432/432 433/433/433 
f 433/433/433 432/432/432 432/432/432 
f 432/432/432 434/434/434 432/432/432 
f 432/432/432 434/434/434 433/433/433 
f 434/434/434 435/435/435 433/433/433 
f 433/433/433 435/435/435 435/435/435 
f 435/435/435 434/434/434 435/435/435 
f 435/435/435 434/434/434 434/434/434 
f 434/434/434 399/399/399 434/434/434 
f 434/434/434 399/399/399 435/435/435 
f 399/399/399 397/397/397 435/435/435 
f 435/435/435 397/397/397 397/397/397 
f 397/397/397 436/436/436 397/397/397 
f 397/397/397 436/436/436 436/436/436 
f 436/436/436 437/437/437 436/436/436 
f 436/436/436 437/437/437 438/438/438 
f 437/437/437 439/439/439 438/438/438 
f 438/438/438 439/439/439 440/440/440 
f 439/439/439 441/441/441 440/440/440 
f 440/440/440 441/441/441 442/442/442 
f 441/441/441 443/443/443 442/442/442 
f 442/442/442 443/443/443 444/444/444 
f 443/443/443 445/445/445 444/444/444 
f 444/444/444 445/445/445 445/445/445 
f 445/445/445 437/437/437 445/445/445 
f 445/445/445 437/437/437 437/437/437 
f 437/437/437 446/446/446 437/437/437 
f 437/437/437 446/446/446 439/439/439 
f 446/446/446 447/447/447 439/439/439 
f 439/439/439 447/447/447 441/441/441 
f 447/447/447 448/448/448 441/441/441 
f 441/441/441 448/448/448 443/443/443 
f 448/448/448 449/449/449 443/443/443 
f 443/443/443 449/449/449 450/450/450 
f 449/449/449 451/451/451 450/450/450 
f 450/450/450 451/451/451 451/451/451 
f 451/451/451 446/446/446 451/451/451 
f 451/451/451 446/446/446 446/446/446 
f 446/446/446 452/452/452 446/446/446 
f 446/446/446 452/452/452 447/447/447 
f 452/452/452 453/453/453 447/447/447 
f 447/447/447 453/453/453 448/448/448 
f 453/453/453 454/454/454 448/448/448 
f 448/448/448 454/454/454 449/449/449 
f 454/454/454 455/455/455 449/449/449 
f 449/449/449 455/455/455 451/451/451 
f 455/455/455 456/456/456 451/451/451 
f 451/451/451 456/456/456 456/456/456 
f 456/456/456 452/452/452 456/456/456 
f 456/456/456 452/452/452 452/452/452 
f 452/452/452 457/457/457 452/452/452 
f 452/452/452 457/457/457 453/453/453 
f 457/457/457 458/458/458 453/453/453 
f 453/453/453 458/458/458 454/454/454 
f 458/458/458 459/459/459 454/454/454 
f 454/454/454 459/459/459 455/455/455 
f 459/459/459 460/460/460 455/455/455 
f 455/455/455 460/460/460 456/456/456 
f 460/460/460 461/461/461 456/456/456 
f 456/456/456 461/461/461 461/461/461 
f 461/461/461 457/457/457 461/461/461 
f 461/461/461 457/457/457 457/457/457 
f 457/457/457 462/462/462 457/457/457 
f 457/457/457 462/462/462 458/458/458 
f 462/462/462 463/463/463 458/458/458 
f 458/458/458 463/463/463 459/459/459 
f 463/463/463 464/464/464 459/459/459 
f 459/459/459 464/464/464 460/460/460 
f 464/464/464 465/465/465 460/460/460 
f 460/460/460 465/465/465 461/461/461 
f 465/465/465 461/461/461 461/461/461 
f 461/461/461 461/461/461 462/462/462 
f 461/461/461 462/462/462 462/462/462 
f 462/462/462 462/462/462 462/462/462 
f 462/462/462 466/466/466 462/462/462 
f 462/462/462 466/466/466 463/463/463 
f 466/466/466 467/467/467 463/463/463 
f 463/463/463 467/467/467 464/464/464 
f 467/467/467 468/468/468 464/464/464 
f 464/464/464 468/468/468 465/465/465 
f 468/468/468 465/465/465 465/465/465 
f 465/465/465 465/465/465 466/466/466 
f 465/465/465 466/466/466 466/466/466 
f 466/466/466 466/466/466 466/466/466 
f 466/466/466 469/469/469 466/466/466 
f 466/466/466 469/469/469 467/467/467 
f 469/469/469 470/470/470 467/467/467 
f 467/467/467 470/470/470 468/468/468 
f 470/470/470 468/468/468 468/468/468 
f 468/468/468 468/468/468 469/469/469 
f 468/468/468 469/469/469 469/469/469 
f 469/469/469 469/469/469 469/469/469 
f 469/469/469 466/466/466 469/469/469 
f 469/469/469 466/466/466 471/471/471 
f 466/466/466 472/472/472 471/471/471 
f 471/471/471 472/472/472 473/473/473 
f 472/472/472 474/474/474 473/473/473 
f 473/473/473 474/474/474 475/475/475 
f 474/474/474 476/476/476 475/475/475 
f 475/475/475 476/476/476 477/477/477 
f 476/476/476 478/478/478 477/477/477 
f 477/477/477 478/478/478 479/479/479 
f 478/478/478 479/479/479 479/479/479 
f 479/479/479 479/479/479 466/466/466 
f 479/479/479 466/466/466 466/466/466 
f 466/466/466 466/466/466 466/466/466 
f 466/466/466 462/462/462 466/466/466 
f 466/466/466 462/462/462 472/472/472 
f 462/462/462 480/480/480 472/472/472 
f 472/472/472 480/480/480 474/474/474 
f 480/480/480 481/481/481 474/474/474 
f 474/474/474 481/481/481 476/476/476 
f 481/481/481 482/482/482 476/476/476 
f 476/476/476 482/482/482 478/478/478 
f 482/482/482 478/478/478 478/478/478 
f 478/478/478 478/478/478 462/462/462 
f 478/478/478 462/462/462 462/462/462 
f 462/462/462 462/462/462 462/462/462 
f 462/462/462 457/457/457 462/462/462 
f 462/462/462 457/457/457 480/480/480 
f 457/457/457 483/483/483 480/480/480 
f 480/480/480 483/483/483 481/481/481 
f 483/483/483 484/484/484 481/481/481 
f 481/481/481 484/484/484 482/482/482 
f 484/484/484 482/482/482 482/482/482 
f 482/482/482 482/482/482 457/457/457 
f 482/482/482 457/457/457 457/457/457 
f 457/457/457 457/457/457 457/457/457 
f 457/457/457 452/452/452 457/457/457 
f 457/457/457 452/452/452 483/483/483 
f 452/452/452 485/485/485 483/483/483 
f 483/483/483 485/485/485 484/484/484 
f 485/485/485 486/486/486 484/484/484 
f 484/484/484 486/486/486 486/486/486 
f 486/486/486 452/452/452 486/486/486 
f 486/486/486 452/452/452 452/452/452 
f 452/452/452 446/446/446 452/452/452 
f 452/452/452 446/446/446 485/485/485 
f 446/446/446 487/487/487 485/485/485 
f 485/485/485 487/487/487 486/486/486 
f 487/487/487 488/488/488 486/486/486 
f 486/486/486 488/488/488 488/488/488 
f 488/488/488 446/446/446 488/488/488 
f 488/488/488 446/446/446 446/446/446 
f 446/446/446 437/437/437 446/446/446 
f 446/446/446 437/437/437 487/487/487 
f 437/437/437 489/489/489 487/487/487 
f 487/487/487 489/489/489 488/488/488 
f 489/489/489 490/490/490 488/488/488 
f 488/488/488 490/490/490 490/490/490 
f 490/490/490 437/437/437 490/490/490 
f 490/490/490 437/437/437 437/437/437 
f 437/437/437 436/436/436 437/437/437 
f 437/437/437 436/436/436 489/489/489 
f 436/436/436 491/491/491 489/489/489 
f 489/489/489 491/491/491 492/492/492 
f 491/491/491 492/492/492 492/492/492 
f 492/492/492 492/492/492 470/470/470 
f 492/492/492 470/470/470 470/470/470 
f 470/470/470 470/470/470 470/470/470 
f 470/470/470 469/469/469 470/470/470 
f 470/470/470 469/469/469 493/493/493 
f 469/469/469 494/494/494 493/493/493 
f 493/493/493 494/494/494 494/494/494 
f 494/494/494 469/469/469 494/494/494 
f 494/494/494 469/469/469 495/495/495 
f 469/469/469 496/496/496 495/495/495 
f 495/495/495 496/496/496 496/496/496 
f 496/496/496 469/469/469 496/496/496 
f 496/496/496 469/469/469 469/469/469 
f 469/469/469 471/471/471 469/469/469 
f 469/469/469 471/471/471 496/496/496 
f 471/471/471 497/497/497 496/496/496 
f 496/496/496 497/497/497 497/497/497 
f 497/497/497 471/471/471 497/497/497 
f 497/497/497 471/471/471 471/471/471 
f 471/471/471 473/473/473 471/471/471 
f 471/471/471 473/473/473 497/497/497 
f 473/473/473 498/498/498 497/497/497 
f 497/497/497 498/498/498 498/498/498 
f 498/498/498 473/473/473 498/498/498 
f 498/498/498 473/473/473 473/473/473 
f 473/473/473 475/475/475 473/473/473 
f 473/473/473 475/475/475 498/498/498 
f 475/475/475 499/499/499 498/498/498 
f 498/498/498 499/499/499 499/499/499 
f 499/499/499 475/475/475 499/499/499 
f 499/499/499 475/475/475 475/475/475 
f 475/475/475 477/477/477 475/475/475 
f 475/475/475 477/477/477 499/499/499 
f 477/477/477 500/500/500 499/499/499 
f 499/499/499 500/500/500 500/500/500 
f 500/500/500 477/477/477 500/500/500 
f 500/500/500 477/477/477 501/501/501 
f 477/477/477 479/479/479 501/501/501 
f 501/501/501 479/479/479 479/479/479 
f 479/479/479 450/450/450 479/479/479 
f 479/479/479 450/450/450 450/450/450 
f 450/450/450 502/502/502 450/450/450 
f 450/450/450 502/502/502 443/443/443 
f 502/502/502 445/445/445 443/443/443 
f 443/443/443 445/445/445 445/445/445 
f 445/445/445 503/503/503 445/445/445 
f 445/445/445 503/503/503 503/503/503 
f 503/503/503 504/504/504 503/503/503 
f 503/503/503 504/504/504 505/505/505 
f 504/504/504 506/506/506 505/505/505 
f 505/505/505 506/506/506 507/507/507 
f 506/506/506 508/508/508 507/507/507 
f 507/507/507 508/508/508 509/509/509 
f 508/508/508 509/509/509 509/509/509 
f 509/509/509 509/509/509 509/509/509 
f 509/509/509 510/510/510 509/509/509 
f 509/509/509 510/510/510 507/507/507 
f 510/510/510 511/511/511 507/507/507 
f 507/507/507 511/511/511 505/505/505 
f 511/511/511 505/505/505 505/505/505 
f 505/505/505 505/505/505 510/510/510 
f 505/505/505 510/510/510 510/510/510 
f 510/510/510 510/510/510 510/510/510 
f 510/510/510 509/509/509 510/510/510 
f 510/510/510 509/509/509 512/512/512 
f 509/509/509 513/513/513 512/512/512 
f 512/512/512 513/513/513 514/514/514 
f 513/513/513 515/515/515 514/514/514 
f 514/514/514 515/515/515 516/516/516 
f 515/515/515 516/516/516 516/516/516 
f 516/516/516 516/516/516 516/516/516 
f 516/516/516 517/517/517 516/516/516 
f 516/516/516 517/517/517 514/514/514 
f 517/517/517 518/518/518 514/514/514 
f 514/514/514 518/518/518 512/512/512 
f 518/518/518 519/519/519 512/512/512 
f 512/512/512 519/519/519 510/510/510 
f 519/519/519 520/520/520 510/510/510 
f 510/510/510 520/520/520 511/511/511 
f 520/520/520 511/511/511 511/511/511 
f 511/511/511 511/511/511 518/518/518 
f 511/511/511 518/518/518 518/518/518 
f 518/518/518 518/518/518 518/518/518 
f 518/518/518 517/517/517 518/518/518 
f 518/518/518 517/517/517 521/521/521 
f 517/517/517 522/522/522 521/521/521 
f 521/521/521 522/522/522 523/523/523 
f 522/522/522 524/524/524 523/523/523 
f 523/523/523 524/524/524 525/525/525 
f 524/524/524 526/526/526 525/525/525 
f 525/525/525 526/526/526 527/527/527 
f 526/526/526 528/528/528 527/527/527 
f 527/527/527 528/528/528 529/529/529 
f 528/528/528 530/530/530 529/529/529 
f 529/529/529 530/530/530 531/531/531 
f 530/530/530 532/532/532 531/531/531 
f 531/531/531 532/532/532 533/533/533 
f 532/532/532 534/534/534 533/533/533 
f 533/533/533 534/534/534 535/535/535 
f 534/534/534 536/536/536 535/535/535 
f 535/535/535 536/536/536 537/537/537 
f 536/536/536 538/538/538 537/537/537 
f 537/537/537 538/538/538 539/539/539 
f 538/538/538 540/540/540 539/539/539 
f 539/539/539 540/540/540 541/541/541 
f 540/540/540 542/542/542 541/541/541 
f 541/541/541 542/542/542 543/543/543 
f 542/542/542 544/544/544 543/543/543 
f 543/543/543 544/544/544 545/545/545 
f 544/544/544 546/546/546 545/545/545 
f 545/545/545 546/546/546 547/547/547 
f 546/546/546 548/548/548 547/547/547 
f 547/547/547 548/548/548 549/549/549 
f 548/548/548 550/550/550 549/549/549 
f 549/549/549 550/550/550 551/551/551 
f 550/550/550 552/552/552 551/551/551 
f 551/551/551 552/552/552 553/553/553 
f 552/552/552 554/554/554 553/553/553 
f 553/553/553 554/554/554 555/555/555 
f 554/554/554 556/556/556 555/555/555 
f 555/555/555 556/556/556 557/557/557 
f 556/556/556 557/557/557 557/557/557 
f 557/557/557 557/557/557 548/548/548 
f 557/557/557 548/548/548 548/548/548 
f 548/548/548 548/548/548 548/548/548 
f 548/548/548 546/546/546 548/548/548 
f 548/548/548 546/546/546 558/558/558 
f 546/546/546 544/544/544 558/558/558 
f 558/558/558 544/544/544 559/559/559 
f 544/544/544 542/542/542 559/559/559 
f 559/559/559 542/542/542 560/560/560 
f 542/542/542 540/540/540 560/560/560 
f 560/560/560 540/540/540 561/561/561 
f 540/540/540 538/538/538 561/561/561 
f 561/561/561 538/538/538 562/562/562 
f 538/538/538 536/536/536 562/562/562 
f 562/562/562 536/536/536 563/563/563 
f 536/536/536 534/534/534 563/563/563 
f 563/563/563 534/534/534 564/564/564 
f 534/534/534 532/532/532 564/564/564 
f 564/564/564 532/532/532 565/565/565 
f 532/532/532 530/530/530 565/565/565 
f 565/565/565 530/530/530 566/566/566 
f 530/530/530 528/528/528 566/566/566 
f 566/566/566 528/528/528 567/567/567 
f 528/528/528 526/526/526 567/567/567 
f 567/567/567 526/526/526 568/568/568 
f 526/526/526 524/524/524 568/568/568 
f 568/568/568 524/524/524 569/569/569 
f 524/524/524 522/522/522 569/569/569 
f 569/569/569 522/522/522 570/570/570 
f 522/522/522 517/517/517 570/570/570 
f 570/570/570 517/517/517 516/516/516 
f 517/517/517 516/516/516 516/516/516 
f 516/516/516 516/516/516 562/562/562 
f 516/516/516 562/562/562 562/562/562 
f 562/562/562 562/562/562 562/562/562 
f 562/562/562 571/571/571 562/562/562 
f 562/562/562 571/571/571 561/561/561 
f 571/571/571 572/572/572 561/561/561 
f 561/561/561 572/572/572 560/560/560 
f 572/572/572 573/573/573 560/560/560 
f 560/560/560 573/573/573 559/559/559 
f 573/573/573 574/574/574 559/559/559 
f 559/559/559 574/574/574 558/558/558 
f 574/574/574 575/575/575 558/558/558 
f 558/558/558 575/575/575 548/548/548 
f 575/575/575 576/576/576 548/548/548 
f 548/548/548 576/576/576 550/550/550 
f 576/576/576 577/577/577 550/550/550 
f 550/550/550 577/577/577 552/552/552 
f 577/577/577 578/578/578 552/552/552 
f 552/552/552 578/578/578 554/554/554 
f 578/578/578 579/579/579 554/554/554 
f 554/554/554 579/579/579 556/556/556 
f 579/579/579 556/556/556 556/556/556 
f 556/556/556 556/556/556 571/571/571 
f 556/556/556 571/571/571 571/571/571 
f 571/571/571 571/571/571 571/571/571 
f 571/571/571 580/580/580 571/571/571 
f 571/571/571 580/580/580 572/572/572 
f 580/580/580 581/581/581 572/572/572 
f 572/572/572 581/581/581 573/573/573 
f 581/581/581 582/582/582 573/573/573 
f 573/573/573 582/582/582 574/574/574 
f 582/582/582 583/583/583 574/574/574 
f 574/574/574 583/583/583 575/575/575 
f 583/583/583 576/576/576 575/575/575 
f 575/575/575 576/576/576 576/576/576 
f 576/576/576 582/582/582 576/576/576 
f 576/576/576 582/582/582 582/582/582 
f 582/582/582 584/584/584 582/582/582 
f 582/582/582 584/584/584 583/583/583 
f 584/584/584 585/585/585 583/583/583 
f 583/583/583 585/585/585 576/576/576 
f 585/585/585 577/577/577 576/576/576 
f 576/576/576 577/577/577 577/577/577 
f 577/577/577 585/585/585 577/577/577 
f 577/577/577 585/585/585 578/578/578 
f 585/585/585 586/586/586 578/578/578 
f 578/578/578 586/586/586 579/579/579 
f 586/586/586 579/579/579 579/579/579 
f 579/579/579 579/579/579 508/508/508 
f 579/579/579 508/508/508 508/508/508 
f 508/508/508 508/508/508 508/508/508 
f 508/508/508 506/506/506 508/508/508 
f 508/508/508 506/506/506 587/587/587 
f 506/506/506 588/588/588 587/587/587 
f 587/587/587 588/588/588 588/588/588 
f 588/588/588 506/506/506 588/588/588 
f 588/588/588 506/506/506 506/506/506 
f 506/506/506 504/504/504 506/506/506 
f 506/506/506 504/504/504 588/588/588 
f 504/504/504 589/589/589 588/588/588 
f 588/588/588 589/589/589 589/589/589 
f 589/589/589 504/504/504 589/589/589 
f 589/589/589 504/504/504 590/590/590 
f 504/504/504 503/503/503 590/590/590 
f 590/590/590 503/503/503 591/591/591 
f 503/503/503 591/591/591 591/591/591 
f 591/591/591 591/591/591 589/589/589 
f 591/591/591 589/589/589 589/589/589 
f 589/589/589 589/589/589 589/589/589 
f 589/589/589 590/590/590 589/589/589 
f 589/589/589 590/590/590 592/592/592 
f 590/590/590 593/593/593 592/592/592 
f 592/592/592 593/593/593 594/594/594 
f 593/593/593 595/595/595 594/594/594 
f 594/594/594 595/595/595 557/557/557 
f 595/595/595 555/555/555 557/557/557 
f 557/557/557 555/555/555 555/555/555 
f 555/555/555 590/590/590 555/555/555 
f 555/555/555 590/590/590 590/590/590 
f 590/590/590 591/591/591 590/590/590 
f 590/590/590 591/591/591 593/593/593 
f 591/591/591 596/596/596 593/593/593 
f 593/593/593 596/596/596 595/595/595 
f 596/596/596 597/597/597 595/595/595 
f 595/595/595 597/597/597 555/555/555 
f 597/597/597 553/553/553 555/555/555 
f 555/555/555 553/553/553 553/553/553 
f 553/553/553 597/597/597 553/553/553 
f 553/553/553 597/597/597 598/598/598 
f 597/597/597 596/596/596 598/598/598 
f 598/598/598 596/596/596 599/599/599 
f 596/596/596 600/600/600 599/599/599 
f 599/599/599 600/600/600 601/601/601 
f 600/600/600 601/601/601 601/601/601 
f 601/601/601 601/601/601 601/601/601 
f 601/601/601 602/602/602 601/601/601 
f 601/601/601 602/602/602 599/599/599 
f 602/602/602 603/603/603 599/599/599 
f 599/599/599 603/603/603 598/598/598 
f 603/603/603 604/604/604 598/598/598 
f 598/598/598 604/604/604 551/551/551 
f 604/604/604 549/549/549 551/551/551 
f 551/551/551 549/549/549 549/549/549 
f 549/549/549 603/603/603 549/549/549 
f 549/549/549 603/603/603 603/603/603 
f 603/603/603 605/605/605 603/603/603 
f 603/603/603 605/605/605 604/604/604 
f 605/605/605 606/606/606 604/604/604 
f 604/604/604 606/606/606 549/549/549 
f 606/606/606 607/607/607 549/549/549 
f 549/549/549 607/607/607 608/608/608 
f 607/607/607 608/608/608 608/608/608 
f 608/608/608 608/608/608 608/608/608 
f 608/608/608 609/609/609 608/608/608 
f 608/608/608 609/609/609 549/549/549 
f 609/609/609 610/610/610 549/549/549 
f 549/549/549 610/610/610 547/547/547 
f 610/610/610 611/611/611 547/547/547 
f 547/547/547 611/611/611 545/545/545 
f 611/611/611 612/612/612 545/545/545 
f 545/545/545 612/612/612 543/543/543 
f 612/612/612 613/613/613 543/543/543 
f 543/543/543 613/613/613 541/541/541 
f 613/613/613 614/614/614 541/541/541 
f 541/541/541 614/614/614 539/539/539 
f 614/614/614 615/615/615 539/539/539 
f 539/539/539 615/615/615 537/537/537 
f 615/615/615 535/535/535 537/537/537 
f 537/537/537 535/535/535 535/535/535 
f 535/535/535 612/612/612 535/535/535 
f 535/535/535 612/612/612 612/612/612 
f 612/612/612 616/616/616 612/612/612 
f 612/612/612 616/616/616 613/613/613 
f 616/616/616 617/617/617 613/613/613 
f 613/613/613 617/617/617 614/614/614 
f 617/617/617 615/615/615 614/614/614 
f 614/614/614 615/615/615 615/615/615 
f 615/615/615 616/616/616 615/615/615 
f 615/615/615 616/616/616 616/616/616 
f 616/616/616 618/618/618 616/616/616 
f 616/616/616 618/618/618 617/617/617 
f 618/618/618 619/619/619 617/617/617 
f 617/617/617 619/619/619 615/615/615 
f 619/619/619 620/620/620 615/615/615 
f 615/615/615 620/620/620 535/535/535 
f 620/620/620 533/533/533 535/535/535 
f 535/535/535 533/533/533 533/533/533 
f 533/533/533 620/620/620 533/533/533 
f 533/533/533 620/620/620 531/531/531 
f 620/620/620 621/621/621 531/531/531 
f 531/531/531 621/621/621 529/529/529 
f 621/621/621 622/622/622 529/529/529 
f 529/529/529 622/622/622 527/527/527 
f 622/622/622 525/525/525 527/527/527 
f 527/527/527 525/525/525 525/525/525 
f 525/525/525 620/620/620 525/525/525 
f 525/525/525 620/620/620 620/620/620 
f 620/620/620 619/619/619 620/620/620 
f 620/620/620 619/619/619 621/621/621 
f 619/619/619 623/623/623 621/621/621 
f 621/621/621 623/623/623 622/622/622 
f 623/623/623 624/624/624 622/622/622 
f 622/622/622 624/624/624 625/625/625 
f 624/624/624 626/626/626 625/625/625 
f 625/625/625 626/626/626 627/627/627 
f 626/626/626 628/628/628 627/627/627 
f 627/627/627 628/628/628 628/628/628 
f 628/628/628 627/627/627 628/628/628 
f 628/628/628 627/627/627 627/627/627 
f 627/627/627 629/629/629 627/627/627 
f 627/627/627 629/629/629 625/625/625 
f 629/629/629 525/525/525 625/625/625 
f 625/625/625 525/525/525 622/622/622 
f 525/525/525 622/622/622 622/622/622 
f 622/622/622 622/622/622 601/601/601 
f 622/622/622 601/601/601 601/601/601 
f 601/601/601 601/601/601 601/601/601 
f 601/601/601 630/630/630 601/601/601 
f 601/601/601 630/630/630 602/602/602 
f 630/630/630 631/631/631 602/602/602 
f 602/602/602 631/631/631 632/632/632 
f 631/631/631 633/633/633 632/632/632 
f 632/632/632 633/633/633 634/634/634 
f 633/633/633 635/635/635 634/634/634 
f 634/634/634 635/635/635 636/636/636 
f 635/635/635 637/637/637 636/636/636 
f 636/636/636 637/637/637 638/638/638 
f 637/637/637 639/639/639 638/638/638 
f 638/638/638 639/639/639 639/639/639 
f 639/639/639 638/638/638 639/639/639 
f 639/639/639 638/638/638 638/638/638 
f 638/638/638 640/640/640 638/638/638 
f 638/638/638 640/640/640 636/636/636 
f 640/640/640 641/641/641 636/636/636 
f 636/636/636 641/641/641 634/634/634 
f 641/641/641 642/642/642 634/634/634 
f 634/634/634 642/642/642 632/632/632 
f 642/642/642 643/643/643 632/632/632 
f 632/632/632 643/643/643 602/602/602 
f 643/643/643 603/603/603 602/602/602 
f 602/602/602 603/603/603 603/603/603 
f 603/603/603 640/640/640 603/603/603 
f 603/603/603 640/640/640 640/640/640 
f 640/640/640 644/644/644 640/640/640 
f 640/640/640 644/644/644 641/641/641 
f 644/644/644 645/645/645 641/641/641 
f 641/641/641 645/645/645 642/642/642 
f 645/645/645 646/646/646 642/642/642 
f 642/642/642 646/646/646 643/643/643 
f 646/646/646 647/647/647 643/643/643 
f 643/643/643 647/647/647 603/603/603 
f 647/647/647 648/648/648 603/603/603 
f 603/603/603 648/648/648 649/649/649 
f 648/648/648 649/649/649 649/649/649 
f 649/649/649 649/649/649 649/649/649 
f 649/649/649 650/650/650 649/649/649 
f 649/649/649 650/650/650 603/603/603 
f 650/650/650 605/605/605 603/603/603 
f 603/603/603 605/605/605 605/605/605 
f 605/605/605 633/633/633 605/605/605 
f 605/605/605 633/633/633 633/633/633 
f 633/633/633 651/651/651 633/633/633 
f 633/633/633 651/651/651 635/635/635 
f 651/651/651 626/626/626 635/635/635 
f 635/635/635 626/626/626 637/637/637 
f 626/626/626 624/624/624 637/637/637 
f 637/637/637 624/624/624 639/639/639 
f 624/624/624 652/652/652 639/639/639 
f 639/639/639 652/652/652 652/652/652 
f 652/652/652 624/624/624 652/652/652 
f 652/652/652 624/624/624 653/653/653 
f 624/624/624 654/654/654 653/653/653 
f 653/653/653 654/654/654 654/654/654 
f 654/654/654 624/624/624 654/654/654 
f 654/654/654 624/624/624 655/655/655 
f 624/624/624 623/623/623 655/655/655 
f 655/655/655 623/623/623 656/656/656 
f 623/623/623 619/619/619 656/656/656 
f 656/656/656 619/619/619 657/657/657 
f 619/619/619 658/658/658 657/657/657 
f 657/657/657 658/658/658 658/658/658 
f 658/658/658 619/619/619 658/658/658 
f 658/658/658 619/619/619 659/659/659 
f 619/619/619 618/618/618 659/659/659 
f 659/659/659 618/618/618 618/618/618 
f 618/618/618 660/660/660 618/618/618 
f 618/618/618 660/660/660 660/660/660 
f 660/660/660 661/661/661 660/660/660 
f 660/660/660 661/661/661 662/662/662 
f 661/661/661 663/663/663 662/662/662 
f 662/662/662 663/663/663 664/664/664 
f 663/663/663 665/665/665 664/664/664 
f 664/664/664 665/665/665 666/666/666 
f 665/665/665 667/667/667 666/666/666 
f 666/666/666 667/667/667 668/668/668 
f 667/667/667 669/669/669 668/668/668 
f 668/668/668 669/669/669 670/670/670 
f 669/669/669 671/671/671 670/670/670 
f 670/670/670 671/671/671 671/671/671 
f 671/671/671 661/661/661 671/671/671 
f 671/671/671 661/661/661 661/661/661 
f 661/661/661 660/660/660 661/661/661 
f 661/661/661 660/660/660 672/672/672 
f 660/660/660 673/673/673 672/672/672 
f 672/672/672 673/673/673 674/674/674 
f 673/673/673 675/675/675 674/674/674 
f 674/674/674 675/675/675 676/676/676 
f 675/675/675 677/677/677 676/676/676 
f 676/676/676 677/677/677 678/678/678 
f 677/677/677 679/679/679 678/678/678 
f 678/678/678 679/679/679 680/680/680 
f 679/679/679 681/681/681 680/680/680 
f 680/680/680 681/681/681 682/682/682 
f 681/681/681 683/683/683 682/682/682 
f 682/682/682 683/683/683 683/683/683 
f 683/683/683 681/681/681 683/683/683 
f 683/683/683 681/681/681 681/681/681 
f 681/681/681 684/684/684 681/681/681 
f 681/681/681 684/684/684 683/683/683 
f 684/684/684 685/685/685 683/683/683 
f 683/683/683 685/685/685 685/685/685 
f 685/685/685 684/684/684 685/685/685 
f 685/685/685 684/684/684 684/684/684 
f 684/684/684 686/686/686 684/684/684 
f 684/684/684 686/686/686 685/685/685 
f 686/686/686 687/687/687 685/685/685 
f 685/685/685 687/687/687 688/688/688 
f 687/687/687 689/689/689 688/688/688 
f 688/688/688 689/689/689 690/690/690 
f 689/689/689 691/691/691 690/690/690 
f 690/690/690 691/691/691 691/691/691 
f 691/691/691 689/689/689 691/691/691 
f 691/691/691 689/689/689 689/689/689 
f 689/689/689 692/692/692 689/689/689 
f 689/689/689 692/692/692 691/691/691 
f 692/692/692 693/693/693 691/691/691 
f 691/691/691 693/693/693 693/693/693 
f 693/693/693 692/692/692 693/693/693 
f 693/693/693 692/692/692 692/692/692 
f 692/692/692 694/694/694 692/692/692 
f 692/692/692 694/694/694 693/693/693 
f 694/694/694 695/695/695 693/693/693 
f 693/693/693 695/695/695 695/695/695 
f 695/695/695 694/694/694 695/695/695 
f 695/695/695 694/694/694 694/694/694 
f 694/694/694 696/696/696 694/694/694 
f 694/694/694 696/696/696 695/695/695 
f 696/696/696 697/697/697 695/695/695 
f 695/695/695 697/697/697 697/697/697 
f 697/697/697 696/696/696 697/697/697 
f 697/697/697 696/696/696 696/696/696 
f 696/696/696 698/698/698 696/696/696 
f 696/696/696 698/698/698 697/697/697 
f 698/698/698 699/699/699 697/697/697 
f 697/697/697 699/699/699 699/699/699 
f 699/699/699 698/698/698 699/699/699 
f 699/699/699 698/698/698 698/698/698 
f 698/698/698 700/700/700 698/698/698 
f 698/698/698 700/700/700 699/699/699 
f 700/700/700 701/701/701 699/699/699 
f 699/699/699 701/701/701 701/701/701 
f 701/701/701 700/700/700 701/701/701 
f 701/701/701 700/700/700 700/700/700 
f 700/700/700 702/702/702 700/700/700 
f 700/700/700 702/702/702 701/701/701 
f 702/702/702 703/703/703 701/701/701 
f 701/701/701 703/703/703 703/703/703 
f 703/703/703 702/702/702 703/703/703 
f 703/703/703 702/702/702 702/702/702 
f 702/702/702 704/704/704 702/702/702 
f 702/702/702 704/704/704 703/703/703 
f 704/704/704 705/705/705 703/703/703 
f 703/703/703 705/705/705 705/705/705 
f 705/705/705 704/704/704 705/705/705 
f 705/705/705 704/704/704 704/704/704 
f 704/704/704 706/706/706 704/704/704 
f 704/704/704 706/706/706 705/705/705 
f 706/706/706 707/707/707 705/705/705 
f 705/705/705 707/707/707 707/707/707 
f 707/707/707 706/706/706 707/707/707 
f 707/707/707 706/706/706 706/706/706 
f 706/706/706 708/708/708 706/706/706 
f 706/706/706 708/708/708 707/707/707 
f 708/708/708 709/709/709 707/707/707 
f 707/707/707 709/709/709 709/709/709 
f 709/709/709 708/708/708 709/709/709 
f 709/709/709 708/708/708 708/708/708 
f 708/708/708 710/710/710 708/708/708 
f 708/708/708 710/710/710 709/709/709 
f 710/710/710 711/711/711 709/709/709 
f 709/709/709 711/711/711 712/712/712 
f 711/711/711 713/713/713 712/712/712 
f 712/712/712 713/713/713 714/714/714 
f 713/713/713 715/715/715 714/714/714 
f 714/714/714 715/715/715 715/715/715 
f 715/715/715 713/713/713 715/715/715 
f 715/715/715 713/713/713 713/713/713 
f 713/713/713 671/671/671 713/713/713 
f 713/713/713 671/671/671 715/715/715 
f 671/671/671 669/669/669 715/715/715 
f 715/715/715 669/669/669 669/669/669 
f 669/669/669 716/716/716 669/669/669 
f 669/669/669 716/716/716 716/716/716 
f 716/716/716 717/717/717 716/716/716 
f 716/716/716 717/717/717 718/718/718 
f 717/717/717 719/719/719 718/718/718 
f 718/718/718 719/719/719 720/720/720 
f 719/719/719 721/721/721 720/720/720 
f 720/720/720 721/721/721 721/721/721 
f 721/721/721 719/719/719 721/721/721 
f 721/721/721 719/719/719 719/719/719 
f 719/719/719 722/722/722 719/719/719 
f 719/719/719 722/722/722 721/721/721 
f 722/722/722 723/723/723 721/721/721 
f 721/721/721 723/723/723 724/724/724 
f 723/723/723 725/725/725 724/724/724 
f 724/724/724 725/725/725 725/725/725 
f 725/725/725 723/723/723 725/725/725 
f 725/725/725 723/723/723 723/723/723 
f 723/723/723 726/726/726 723/723/723 
f 723/723/723 726/726/726 725/725/725 
f 726/726/726 727/727/727 725/725/725 
f 725/725/725 727/727/727 728/728/728 
f 727/727/727 729/729/729 728/728/728 
f 728/728/728 729/729/729 729/729/729 
f 729/729/729 727/727/727 729/729/729 
f 729/729/729 727/727/727 727/727/727 
f 727/727/727 730/730/730 727/727/727 
f 727/727/727 730/730/730 729/729/729 
f 730/730/730 716/716/716 729/729/729 
f 729/729/729 716/716/716 731/731/731 
f 716/716/716 718/718/718 731/731/731 
f 731/731/731 718/718/718 718/718/718 
f 718/718/718 732/732/732 718/718/718 
f 718/718/718 732/732/732 732/732/732 
f 732/732/732 733/733/733 732/732/732 
f 732/732/732 733/733/733 734/734/734 
f 733/733/733 735/735/735 734/734/734 
f 734/734/734 735/735/735 735/735/735 
f 735/735/735 732/732/732 735/735/735 
f 735/735/735 732/732/732 732/732/732 
f 732/732/732 734/734/734 732/732/732 
f 732/732/732 734/734/734 736/736/736 
f 734/734/734 737/737/737 736/736/736 
f 736/736/736 737/737/737 738/738/738 
f 737/737/737 738/738/738 738/738/738 
f 738/738/738 738/738/738 736/736/736 
f 738/738/738 736/736/736 736/736/736 
f 736/736/736 736/736/736 736/736/736 
f 736/736/736 738/738/738 736/736/736 
f 736/736/736 738/738/738 739/739/739 
f 738/738/738 740/740/740 739/739/739 
f 739/739/739 740/740/740 741/741/741 
f 740/740/740 742/742/742 741/741/741 
f 741/741/741 742/742/742 742/742/742 
f 742/742/742 740/740/740 742/742/742 
f 742/742/742 740/740/740 740/740/740 
f 740/740/740 743/743/743 740/740/740 
f 740/740/740 743/743/743 742/742/742 
f 743/743/743 744/744/744 742/742/742 
f 742/742/742 744/744/744 744/744/744 
f 744/744/744 743/743/743 744/744/744 
f 744/744/744 743/743/743 743/743/743 
f 743/743/743 745/745/745 743/743/743 
f 743/743/743 745/745/745 744/744/744 
f 745/745/745 746/746/746 744/744/744 
f 744/744/744 746/746/746 747/747/747 
f 746/746/746 748/748/748 747/747/747 
f 747/747/747 748/748/748 748/748/748 
f 748/748/748 746/746/746 748/748/748 
f 748/748/748 746/746/746 746/746/746 
f 746/746/746 749/749/749 746/746/746 
f 746/746/746 749/749/749 748/748/748 
f 749/749/749 750/750/750 748/748/748 
f 748/748/748 750/750/750 750/750/750 
f 750/750/750 749/749/749 750/750/750 
f 750/750/750 749/749/749 749/749/749 
f 749/749/749 751/751/751 749/749/749 
f 749/749/749 751/751/751 750/750/750 
f 751/751/751 752/752/752 750/750/750 
f 750/750/750 752/752/752 752/752/752 
f 752/752/752 751/751/751 752/752/752 
f 752/752/752 751/751/751 751/751/751 
f 751/751/751 753/753/753 751/751/751 
f 751/751/751 753/753/753 752/752/752 
f 753/753/753 754/754/754 752/752/752 
f 752/752/752 754/754/754 755/755/755 
f 754/754/754 756/756/756 755/755/755 
f 755/755/755 756/756/756 756/756/756 
f 756/756/756 754/754/754 756/756/756 
f 756/756/756 754/754/754 757/757/757 
f 754/754/754 758/758/758 757/757/757 
f 757/757/757 758/758/758 759/759/759 
f 758/758/758 760/760/760 759/759/759 
f 759/759/759 760/760/760 760/760/760 
f 760/760/760 758/758/758 760/760/760 
f 760/760/760 758/758/758 758/758/758 
f 758/758/758 761/761/761 758/758/758 
f 758/758/758 761/761/761 760/760/760 
f 761/761/761 762/762/762 760/760/760 
f 760/760/760 762/762/762 762/762/762 
f 762/762/762 761/761/761 762/762/762 
f 762/762/762 761/761/761 761/761/761 
f 761/761/761 763/763/763 761/761/761 
f 761/761/761 763/763/763 762/762/762 
f 763/763/763 764/764/764 762/762/762 
f 762/762/762 764/764/764 764/764/764 
f 764/764/764 763/763/763 764/764/764 
f 764/764/764 763/763/763 763/763/763 
f 763/763/763 765/765/765 763/763/763 
f 763/763/763 765/765/765 764/764/764 
f 765/765/765 766/766/766 764/764/764 
f 764/764/764 766/766/766 767/767/767 
f 766/766/766 768/768/768 767/767/767 
f 767/767/767 768/768/768 768/768/768 
f 768/768/768 766/766/766 768/768/768 
f 768/768/768 766/766/766 766/766/766 
f 766/766/766 769/769/769 766/766/766 
f 766/766/766 769/769/769 768/768/768 
f 769/769/769 770/770/770 768/768/768 
f 768/768/768 770/770/770 770/770/770 
f 770/770/770 769/769/769 770/770/770 
f 770/770/770 769/769/769 769/769/769 
f 769/769/769 771/771/771 769/769/769 
f 769/769/769 771/771/771 770/770/770 
f 771/771/771 772/772/772 770/770/770 
f 770/770/770 772/772/772 773/773/773 
f 772/772/772 774/774/774 773/773/773 
f 773/773/773 774/774/774 775/775/775 
f 774/774/774 776/776/776 775/775/775 
f 775/775/775 776/776/776 776/776/776 
f 776/776/776 774/774/774 776/776/776 
f 776/776/776 774/774/774 774/774/774 
f 774/774/774 777/777/777 774/774/774 
f 774/774/774 777/777/777 776/776/776 
f 777/777/777 778/778/778 776/776/776 
f 776/776/776 778/778/778 779/779/779 
f 778/778/778 780/780/780 779/779/779 
f 779/779/779 780/780/780 781/781/781 
f 780/780/780 782/782/782 781/781/781 
f 781/781/781 782/782/782 783/783/783 
f 782/782/782 784/784/784 783/783/783 
f 783/783/783 784/784/784 784/784/784 
f 784/784/784 782/782/782 784/784/784 
f 784/784/784 782/782/782 782/782/782 
f 782/782/782 785/785/785 782/782/782 
f 782/782/782 785/785/785 784/784/784 
f 785/785/785 786/786/786 784/784/784 
f 784/784/784 786/786/786 786/786/786 
f 786/786/786 785/785/785 786/786/786 
f 786/786/786 785/785/785 787/787/787 
f 785/785/785 788/788/788 787/787/787 
f 787/787/787 788/788/788 788/788/788 
f 788/788/788 785/785/785 788/788/788 
f 788/788/788 785/785/785 785/785/785 
f 785/785/785 789/789/789 785/785/785 
f 785/785/785 789/789/789 788/788/788 
f 789/789/789 790/790/790 788/788/788 
f 788/788/788 790/790/790 791/791/791 
f 790/790/790 735/735/735 791/791/791 
f 791/791/791 735/735/735 733/733/733 
f 735/735/735 733/733/733 733/733/733 
f 733/733/733 733/733/733 792/792/792 
f 733/733/733 792/792/792 792/792/792 
f 792/792/792 792/792/792 792/792/792 
f 792/792/792 793/793/793 792/792/792 
f 792/792/792 793/793/793 794/794/794 
f 793/793/793 795/795/795 794/794/794 
f 794/794/794 795/795/795 796/796/796 
f 795/795/795 797/797/797 796/796/796 
f 796/796/796 797/797/797 797/797/797 
f 797/797/797 795/795/795 797/797/797 
f 797/797/797 795/795/795 795/795/795 
f 795/795/795 798/798/798 795/795/795 
f 795/795/795 798/798/798 797/797/797 
f 798/798/798 799/799/799 797/797/797 
f 797/797/797 799/799/799 800/800/800 
f 799/799/799 801/801/801 800/800/800 
f 800/800/800 801/801/801 801/801/801 
f 801/801/801 799/799/799 801/801/801 
f 801/801/801 799/799/799 799/799/799 
f 799/799/799 802/802/802 799/799/799 
f 799/799/799 802/802/802 801/801/801 
f 802/802/802 803/803/803 801/801/801 
f 801/801/801 803/803/803 804/804/804 
f 803/803/803 805/805/805 804/804/804 
f 804/804/804 805/805/805 805/805/805 
f 805/805/805 803/803/803 805/805/805 
f 805/805/805 803/803/803 803/803/803 
f 803/803/803 806/806/806 803/803/803 
f 803/803/803 806/806/806 805/805/805 
f 806/806/806 792/792/792 805/805/805 
f 805/805/805 792/792/792 807/807/807 
f 792/792/792 794/794/794 807/807/807 
f 807/807/807 794/794/794 794/794/794 
f 794/794/794 808/808/808 794/794/794 
f 794/794/794 808/808/808 808/808/808 
f 808/808/808 809/809/809 808/808/808 
f 808/808/808 809/809/809 810/810/810 
f 809/809/809 811/811/811 810/810/810 
f 810/810/810 811/811/811 812/812/812 
f 811/811/811 813/813/813 812/812/812 
f 812/812/812 813/813/813 814/814/814 
f 813/813/813 815/815/815 814/814/814 
f 814/814/814 815/815/815 808/808/808 
f 815/815/815 809/809/809 808/808/808 
f 808/808/808 809/809/809 809/809/809 
f 809/809/809 831/831/831 809/809/809 
f 809/809/809 831/831/831 831/831/831 
f 831/831/831 832/832/832 831/831/831 
f 831/831/831 832/832/832 833/833/833 
f 832/832/832 834/834/834 833/833/833 
f 833/833/833 834/834/834 834/834/834 
f 834/834/834 835/835/835 834/834/834 
f 834/834/834 835/835/835 835/835/835 
f 835/835/835 836/836/836 835/835/835 
f 835/835/835 836/836/836 837/837/837 
f 836/836/836 838/838/838 837/837/837 
f 837/837/837 838/838/838 838/838/838 
f 838/838/838 839/839/839 838/838/838 
f 838/838/838 839/839/839 839/839/839 
f 839/839/839 840/840/840 839/839/839 
f 839/839/839 840/840/840 841/841/841 
f 840/840/840 842/842/842 841/841/841 
f 841/841/841 842/842/842 842/842/842 
f 842/842/842 843/843/843 842/842/842 
f 842/842/842 843/843/843 843/843/843 
f 843/843/843 844/844/844 843/843/843 
f 843/843/843 844/844/844 845/845/845 
f 844/844/844 846/846/846 845/845/845 
f 845/845/845 846/846/846 846/846/846 
f 846/846/846 847/847/847 846/846/846 
f 846/846/846 847/847/847 847/847/847 
f 847/847/847 848/848/848 847/847/847 
f 847/847/847 848/848/848 849/849/849 
f 848/848/848 850/850/850 849/849/849 
f 849/849/849 850/850/850 850/850/850 
f 850/850/850 851/851/851 850/850/850 
f 850/850/850 851/851/851 851/851/851 
f 851/851/851 852/852/852 851/851/851 
f 851/851/851 852/852/852 853/853/853 
f 852/852/852 854/854/854 853/853/853 
f 853/853/853 854/854/854 854/854/854 
f 854/854/854 855/855/855 854/854/854 
f 854/854/854 855/855/855 855/855/855 
f 855/855/855 856/856/856 855/855/855 
f 855/855/855 856/856/856 857/857/857 
f 856/856/856 858/858/858 857/857/857 
f 857/857/857 858/858/858 858/858/858 
f 858/858/858 859/859/859 858/858/858 
f 858/858/858 859/859/859 859/859/859 
f 859/859/859 860/860/860 859/859/859 
f 859/859/859 860/860/860 861/861/861 
f 860/860/860 862/862/862 861/861/861 
f 861/861/861 862/862/862 862/862/862 
f 862/862/862 863/863/863 862/862/862 
f 862/862/862 863/863/863 863/863/863 
f 863/863/863 864/864/864 863/863/863 
f 863/863/863 864/864/864 865/865/865 
f 864/864/864 866/866/866 865/865/865 
f 865/865/865 866/866/866 867/867/867 
f 866/866/866 868/868/868 867/867/867 
f 867/867/867 868/868/868 869/869/869 
f 868/868/868 870/870/870 869/869/869 
f 869/869/869 870/870/870 871/871/871 
f 870/870/870 872/872/872 871/871/871 
f 871/871/871 872/872/872 873/873/873 
f 872/872/872 874/874/874 873/873/873 
f 873/873/873 874/874/874 875/875/875 
f 874/874/874 876/876/876 875/875/875 
f 875/875/875 876/876/876 877/877/877 
f 876/876/876 878/878/878 877/877/877 
f 877/877/877 878/878/878 863/863/863 
f 878/878/878 864/864/864 863/863/863 
f 863/863/863 864/864/864 864/864/864 
f 864/864/864 874/874/874 864/864/864 
f 864/864/864 874/874/874 874/874/874 
f 874/874/874 872/872/872 874/874/874 
f 874/874/874 872/872/872 876/876/876 
f 872/872/872 870/870/870 876/876/876 
f 876/876/876 870/870/870 878/878/878 
f 870/870/870 868/868/868 878/878/878 
f 878/878/878 868/868/868 864/864/864 
f 868/868/868 866/866/866 864/864/864 
f 864/864/864 866/866/866 866/866/866 
f 866/866/866 879/879/879 866/866/866 
f 866/866/866 879/879/879 879/879/879 
f 879/879/879 880/880/880 879/879/879 
f 879/879/879 880/880/880 881/881/881 
f 880/880/880 882/882/882 881/881/881 
f 881/881/881 882/882/882 882/882/882 
f 882/882/882 883/883/883 882/882/882 
f 882/882/882 883/883/883 883/883/883 
f 883/883/883 884/884/884 883/883/883 
f 883/883/883 884/884/884 885/885/885 
f 884/884/884 886/886/886 885/885/885 
f 885/885/885 886/886/886 886/886/886 
f 886/886/886 887/887/887 886/886/886 
f 886/886/886 887/887/887 887/887/887 
f 887/887/887 888/888/888 887/887/887 
f 887/887/887 888/888/888 889/889/889 
f 888/888/888 890/890/890 889/889/889 
f 889/889/889 890/890/890 890/890/890 
f 890/890/890 891/891/891 890/890/890 
f 890/890/890 891/891/891 891/891/891 
f 891/891/891 892/892/892 891/891/891 
f 891/891/891 892/892/892 893/893/893 
f 892/892/892 894/894/894 893/893/893 
f 893/893/893 894/894/894 894/894/894 
f 894/894/894 895/895/895 894/894/894 
f 894/894/894 895/895/895 895/895/895 
f 895/895/895 896/896/896 895/895/895 
f 895/895/895 896/896/896 897/897/897 
f 896/896/896 898/898/898 897/897/897 
f 897/897/897 898/898/898 898/898/898 
f 898/898/898 899/899/899 898/898/898 
f 898/898/898 899/899/899 899/899/899 
f 899/899/899 900/900/900 899/899/899 
f 899/899/899 900/900/900 901/901/901 
f 900/900/900 902/902/902 901/901/901 
f 901/901/901 902/902/902 902/902/902 
f 902/902/902 903/903/903 902/902/902 
f 902/902/902 903/903/903 903/903/903 
f 903/903/903 904/904/904 903/903/903 
f 903/903/903 904/904/904 905/905/905 
f 904/904/904 906/906/906 905/905/905 
f 905/905/905 906/906/906 906/906/906 
f 906/906/906 907/907/907 906/906/906 
f 906/906/906 907/907/907 907/907/907 
f 907/907/907 908/908/908 907/907/907 
f 907/907/907 908/908/908 909/909/909 
f 908/908/908 910/910/910 909/909/909 
f 909/909/909 910/910/910 910/910/910 
f 910/910/910 911/911/911 910/910/910 
f 910/910/910 911/911/911 911/911/911 
f 911/911/911 912/912/912 911/911/911 
f 911/911/911 912/912/912 913/913/913 
f 912/912/912 914/914/914 913/913/913 
f 913/913/913 914/914/914 915/915/915 
f 914/914/914 916/916/916 915/915/915 
f 915/915/915 916/916/916 917/917/917 
f 916/916/916 918/918/918 917/917/917 
f 917/917/917 918/918/918 919/919/919 
f 918/918/918 920/920/920 919/919/919 
f 919/919/919 920/920/920 921/921/921 
f 920/920/920 922/922/922 921/921/921 
f 921/921/921 922/922/922 923/923/923 
f 922/922/922 924/924/924 923/923/923 
f 923/923/923 924/924/924 925/925/925 
f 924/924/924 926/926/926 925/925/925 
f 925/925/925 926/926/926 911/911/911 
f 926/926/926 912/912/912 911/911/911 
f 911/911/911 912/912/912 912/912/912 
f 912/912/912 922/922/922 912/912/912 
f 912/912/912 922/922/922 922/922/922 
f 922/922/922 920/920/920 922/922/922 
f 922/922/922 920/920/920 924/924/924 
f 920/920/920 918/918/918 924/924/924 
f 924/924/924 918/918/918 926/926/926 
f 918/918/918 916/916/916 926/926/926 
f 926/926/926 916/916/916 912/912/912 
f 916/916/916 914/914/914 912/912/912 
f 912/912/912 914/914/914 914/914/914 
f 914/914/914 927/927/927 914/914/914 
f 914/914/914 927/927/927 927/927/927 
f 927/927/927 928/928/928 927/927/927 
f 927/927/927 928/928/928 929/929/929 
f 928/928/928 930/930/930 929/929/929 
f 929/929/929 930/930/930 930/930/930 
f 930/930/930 931/931/931 930/930/930 
f 930/930/930 931/931/931 931/931/931 
f 931/931/931 932/932/932 931/931/931 
f 931/931/931 932/932/932 933/933/933 
f 932/932/932 934/934/934 933/933/933 
f 933/933/933 934/934/934 934/934/934 
f 934/934/934 935/935/935 934/934/934 
f 934/934/934 935/935/935 935/935/935 
f 935/935/935 936/936/936 935/935/935 
f 935/935/935 936/936/936 937/937/937 
f 936/936/936 938/938/938 937/937/937 
f 937/937/937 938/938/938 938/938/938 
f 938/938/938 939/939/939 938/938/938 
f 938/938/938 939/939/939 939/939/939 
f 939/939/939 940/940/940 939/939/939 
f 939/939/939 940/940/940 941/941/941 
f 940/940/940 942/942/942 941/941/941 
f 941/941/941 942/942/942 942/942/942 
f 942/942/942 943/943/943 942/942/942 
f 942/942/942 943/943/943 943/943/943 
f 943/943/943 944/944/944 943/943/943 
f 943/943/943 944/944/944 945/945/945 
f 944/944/944 946/946/946 945/945/945 
f 945/945/945 946/946/946 946/946/946 
f 946/946/946 947/947/947 946/946/946 
f 946/946/946 947/947/947 947/947/947 
f 947/947/947 948/948/948 947/947/947 
f 947/947/947 948/948/948 949/949/949 
f 948/948/948 950/950/950 949/949/949 
f 949/949/949 950/950/950 950/950/950 
f 950/950/950 951/951/951 950/950/950 
f 950/950/950 951/951/951 951/951/951 
f 951/951/951 952/952/952 951/951/951 
f 951/951/951 952/952/952 953/953/953 
f 952/952/952 954/954/954 953/953/953 
f 953/953/953 954/954/954 954/954/954 
f 954/954/954 955/955/955 954/954/954 
f 954/954/954 955/955/955 955/955/955 
f 955/955/955 956/956/956 955/955/955 
f 955/955/955 956/956/956 957/957/957 
f 956/956/956 958/958/958 957/957/957 
f 957/957/957 958/958/958 958/958/958 
f 958/958/958 959/959/959 958/958/958 
f 958/958/958 959/959/959 959/959/959 
f 959/959/959 960/960/960 959/959/959 
f 959/959/959 960/960/960 961/961/961 
f 960/960/960 962/962/962 961/961/961 
f 961/961/961 962/962/962 963/963/963 
f 962/962/962 964/964/964 963/963/963 
f 963/963/963 964/964/964 965/965/965 
f 964/964/964 966/966/966 965/965/965 
f 965/965/965 966/966/966 967/967/967 
f 966/966/966 968/968/968 967/967/967 
f 967/967/967 968/968/968 969/969/969 
f 968/968/968 970/970/970 969/969/969 
f 969/969/969 970/970/970 971/971/971 
f 970/970/970 972/972/972 971/971/971 
f 971/971/971 972/972/972 973/973/973 
f 972/972/972 974/974/974 973/973/973 
f 973/973/973 974/974/974 959/959/959 
f 974/974/974 960/960/960 959/959/959 
f 959/959/959 960/960/960 960/960/960 
f 960/960/960 970/970/970 960/960/960 
f 960/960/960 970/970/970 970/970/970 
f 970/970/970 968/968/968 970/970/970 
f 970/970/970 968/968/968 972/972/972 
f 968/968/968 966/966/966 972/972/972 
f 972/972/972 966/966/966 974/974/974 
f 966/966/966 964/964/964 974/974/974 
f 974/974/974 964/964/964 960/960/960 
f 964/964/964 962/962/962 960/960/960 
f 816/816/816 78/78/78 76/76/76 
f 50/50/50 817/817/817 52/52/52 
f 328/328/328 818/818/818 326/326/326 
f 312/312/312 819/819/819 310/310/310 
f 88/88/88 820/820/820 89/89/89 
f 584/584/584 586/586/586 585/585/585 
f 148/148/148 821/821/821 150/150/150 
f 112/112/112 822/822/822 113/113/113 
f 84/84/84 823/823/823 86/86/86 
f 824/824/824 327/327/327 325/325/325 
f 201/201/201 825/825/825 199/199/199 
f 293/293/293 826/826/826 291/291/291 
f 341/341/341 827/827/827 94/94/94 
f 651/651/651 628/628/628 626/626/626 
f 492/492/492 490/490/490 489/489/489 
f 134/134/134 828/828/828 132/132/132 
f 598/598/598 551/551/551 553/553/553 
f 237/237/237 829/829/829 239/239/239 
f 282/282/282 830/830/830 284/284/284 

